bait	tag	MD	CV	turboID
CSR1	2L52.1	21.448	4.77500720172714	0
CSR1	2O16	26.77	7.55486234289595	0
CSR1	3A339	23.47	15.9536814885804	0
CSR1	3E324	20.474	2.00450445301005	0
CSR1	4D656	28.978	3.21085221813498	0
CSR1	5H1	16.576	8.43015968163518	0
CSR1	5N224	17.218	4.2663974914705	0
CSR1	5N226	25.21	12.9071094668009	0
CSR1	AC3.12	22.15	4.62627301944625	0
CSR1	AC3.5	22.73	6.63503983900461	0
CSR1	AC7.3	23.994	25.2432023374683	0
CSR1	AC8.10	29.218	0.834989427447568	0
CSR1	AC8.11	12.378	27.5557112306339	0
CSR1	AC8.3	28.502	0.893607105118369	0
CSR1	AH10.2	23.77	6.78290491706666	0
CSR1	AH10.4	18.348	3.1738614934077	0
CSR1	AH6.17	22.382	2.58044496545355	0
CSR1	AH6.3	17.348	3.2895725091042	0
CSR1	AH9.1	10.6	3.06640055908396	0
CSR1	AH9.3	23.622	13.882405194087	0
CSR1	AH9.4	23.018	10.1003188605131	0
CSR1	AH9.6	25.216	11.5279724417117	0
CSR1	B0001.2	26.704	9.87298011043404	0
CSR1	B0001.3	28.532	1.82039071048274	0
CSR1	B0001.4	26.364	9.70463825073882	0
CSR1	B0001.5	28.128	0.670977727152366	0
CSR1	B0001.7	23.358	11.3454886723957	0
CSR1	B0001.8	5.358	6.97757114431104	0
CSR1	B0019.2	25.718	7.41414386565982	0
CSR1	B0024.11	28.044	2.39874304952393	0
CSR1	B0024.13	8.702	21.2919739011667	0
CSR1	B0024.15	27.43	3.57263758462954	0
CSR1	B0024.3	16.712	27.1765974481866	0
CSR1	B0024.4	28.068	3.66571401091844	0
CSR1	B0025.4	17.512	5.97483195980076	0
CSR1	B0025.5	22.582	14.7726115434014	0
CSR1	B0034.1	19.488	16.8669857373263	0
CSR1	B0034.2	22.486	11.5699575235682	0
CSR1	B0034.4	9.004	6.05036853607684	0
CSR1	B0034.5	9.22	3.31202418321095	0
CSR1	B0034.7	17.554	4.91167183299519	0
CSR1	B0035.13	20.012	1.6642341759638	0
CSR1	B0035.15	22.656	9.17620621071988	0
CSR1	B0035.18	24.486	7.16375893160782	0
CSR1	B0035.21	20.998	3.98353552988441	0
CSR1	B0035.22	18.678	5.33396548684043	0
CSR1	B0035.3	28.094	1.9527886438585	0
CSR1	B0041.1	22.842	6.92659380509955	0
CSR1	B0041.11	23.804	7.20596350444495	0
CSR1	B0041.12	20.596	11.0584241004944	0
CSR1	B0041.5	22.52	8.56987225610064	0
CSR1	B0041.8	20.992	2.76857771758129	0
CSR1	B0198.2	6.506	78.5928440504404	0
CSR1	B0198.3	18.25	8.6363534905544	0
CSR1	B0205.1	19.516	17.8046531387019	0
CSR1	B0205.10	20.674	6.20122540866353	0
CSR1	B0205.12	23.234	3.87681236906396	0
CSR1	B0205.13	21.436	8.40748822175812	0
CSR1	B0205.14	26.126	2.45423791759854	0
CSR1	B0205.4	23.77	11.7457746328061	0
CSR1	B0205.5	17.74	5.3201551787098	0
CSR1	B0205.8	21.804	18.8376856886979	0
CSR1	B0205.9	21.718	6.5478653620959	0
CSR1	B0207.1	26.016	8.97940571315698	0
CSR1	B0207.10	17.852	4.33273108289721	0
CSR1	B0207.11	16.756	2.66450157745074	0
CSR1	B0207.2	15.452	10.0821226905404	0
CSR1	B0207.6	23.622	12.6952055313587	0
CSR1	B0207.7	27.042	3.21970325472595	0
CSR1	B0207.9	26.362	11.9290527006125	0
CSR1	B0212.3	17.452	13.0182322981068	0
CSR1	B0218.5	28.922	3.24638542241692	0
CSR1	B0218.7	20.934	6.78344212243299	0
CSR1	B0222.1	24.474	5.70856780389034	0
CSR1	B0222.11	7.394	4.4902493375928	0
CSR1	B0222.15	27.976	0.874326984140331	0
CSR1	B0222.5	25.616	7.25502919059027	0
CSR1	B0228.1	28.53	2.23062076084084	0
CSR1	B0228.6	21.26	2.6911810277266	0
CSR1	B0228.7	28.984	2.95132549457925	0
CSR1	B0228.8	19.926	28.492978511855	0
CSR1	B0228.9	24.948	33.9213632205667	0
CSR1	B0238.15	23.8	8.35690942717878	0
CSR1	B0238.9	13.01	11.9692005180439	0
CSR1	B0244.10	22.408	12.5922821243984	0
CSR1	B0244.15	22.248	17.3601299399584	0
CSR1	B0244.16	23.906	1.32134076778081	0
CSR1	B0244.17	25.842	4.67232751096574	0
CSR1	B0244.4	8.514	2.65845021767255	0
CSR1	B0244.5	18.2	3.03020857200561	0
CSR1	B0244.6	13.22	50.7880973784472	0
CSR1	B0244.7	14.938	0.802483162591565	0
CSR1	B0244.9	22.806	8.64978855744912	0
CSR1	B0250.18	8.604	4.47473841761662	0
CSR1	B0250.5	27.95	6.54774821437157	0
CSR1	B0250.7	19.152	20.0893628983803	0
CSR1	B0250.8	25.236	3.19371239418775	0
CSR1	B0252.1	21.012	4.99764304530299	0
CSR1	B0252.11	19.4	23.8896255684163	0
CSR1	B0252.3	23.734	5.24497073967375	0
CSR1	B0252.5	22.534	4.00868071801276	0
CSR1	B0252.8	9.176	63.3590052605325	0
CSR1	B0261.5	21.554	6.83762110092961	0
CSR1	B0261.6	28.786	3.10459592833742	0
CSR1	B0261.7	26.534	3.22526581296157	0
CSR1	B0261.8	15.572	3.63934385479652	0
CSR1	B0261.9	23.692	4.89010537754639	0
CSR1	B0272.3	28.084	2.20027041568146	0
CSR1	B0272.4	18.004	37.0075301745677	0
CSR1	B0273.1	26.462	7.76561845388765	0
CSR1	B0273.115	27.322	2.70972574474883	0
CSR1	B0280.11	22.078	4.59498216526743	0
CSR1	B0280.17	23.044	5.20296125511088	0
CSR1	B0280.2	24.47	5.93400193956571	0
CSR1	B0280.7	24.636	4.29369571418109	0
CSR1	B0280.9	27.388	16.5617460053593	0
CSR1	B0281.1	8.112	3.49911922050907	0
CSR1	B0281.3	29.1	1.20323995876369	0
CSR1	B0281.4	15.632	11.4244289684596	0
CSR1	B0281.5	25.19	9.51240188069193	0
CSR1	B0281.6	22.614	6.3825824606315	0
CSR1	B0284.3	25.19	7.51064006062627	0
CSR1	B0285.3	16.18	4.36522336387725	0
CSR1	B0285.6	27.426	3.68449563313153	0
CSR1	B0286.1	21.318	7.51692226163634	0
CSR1	B0294.1	27.664	3.80908653800102	0
CSR1	B0294.3	26.768	1.908078093557	0
CSR1	B0302.2	16.162	18.4658750406263	0
CSR1	B0302.4	19.09	3.67767612749463	0
CSR1	B0302.5	23.622	13.882405194087	0
CSR1	B0303.11	30.072	0.371339299684586	0
CSR1	B0303.14	23.138	31.4538845400903	0
CSR1	B0303.16	24.538	2.98074999613286	0
CSR1	B0303.4	19.23	8.69850406660694	0
CSR1	B0303.7	21.114	10.0732177071526	0
CSR1	B0304.2	11.122	19.2359331260582	0
CSR1	B0304.4	2.896	1.73684756076786	1
CSR1	B0310.1	22.072	18.8810695155565	0
CSR1	B0310.2	18.17	12.9931056990865	0
CSR1	B0310.3	21.394	6.30165722306464	0
CSR1	B0310.6	12.638	5.81388244749515	0
CSR1	B0334.10	24.066	0.822485600685875	0
CSR1	B0334.13	22.628	4.75608228710363	0
CSR1	B0334.20	15.362	4.06167899096243	0
CSR1	B0334.5	23.994	19.6902641584812	0
CSR1	B0336.12	13.582	5.54879873406269	0
CSR1	B0336.13	20.874	8.10997533125241	0
CSR1	B0336.7	22.624	2.3888095018382	0
CSR1	B0348.1	26.606	4.2241996695013	0
CSR1	B0348.10	21.314	5.6995227513241	0
CSR1	B0348.2	16.594	2.62284903217704	0
CSR1	B0353.1	19.44	4.0100367947936	0
CSR1	B0361.11	16.728	2.59867765266876	0
CSR1	B0361.14	12.762	1.38673071967585	0
CSR1	B0361.3	27.99	3.45648778062103	0
CSR1	B0361.4	25.832	7.49750316686672	0
CSR1	B0361.9	23.222	16.124128281665	0
CSR1	B0365.9	26.49	3.095622828381	0
CSR1	B0379.1	24.176	16.5099203228051	0
CSR1	B0379.2	25.878	7.69116264741514	0
CSR1	B0379.6	18.07	16.6791699559275	0
CSR1	B0379.7	14.02	4.56741416543139	0
CSR1	B0391.14	27.536	3.94832957160993	0
CSR1	B0393.3	16.486	2.9444216074754	0
CSR1	B0393.4	21.826	8.74794789059217	0
CSR1	B0393.5	18.302	4.4827827938327	0
CSR1	B0393.7	14.732	5.83514555319567	0
CSR1	B0393.8	22.014	6.63778787081145	0
CSR1	B0393.9	13.148	8.561317607362	0
CSR1	B0395.3	29.268	2.82280288005313	0
CSR1	B0403.1	23.532	3.72257596182123	0
CSR1	B0403.3	26.922	1.21314811468262	0
CSR1	B0403.5	16.266	4.64201114731305	0
CSR1	B0403.6	28.73	1.98536233990583	0
CSR1	B0410.1	27.264	5.5194356146718	0
CSR1	B0410.3	20.444	18.5211313258749	0
CSR1	B0416.10	23.198	3.67365618443468	0
CSR1	B0416.11	19.972	31.1579747655422	0
CSR1	B0416.2	19.88	36.3875282294387	0
CSR1	B0416.3	22.872	2.72873108582284	0
CSR1	B0416.4	25.262	14.5630955270129	0
CSR1	B0416.5	21.728	9.59132621006276	0
CSR1	B0416.7	25.038	4.34314783336325	0
CSR1	B0432.1	27.422	3.93518383617954	0
CSR1	B0432.10	27.812	3.50272031989858	0
CSR1	B0432.11	18.36	13.2820011100013	0
CSR1	B0432.14	21.77	6.49128389598144	0
CSR1	B0432.7	24.068	13.0273136458461	0
CSR1	B0432.8	27.042	7.63263784586474	0
CSR1	B0432.9	25.932	2.58905627048436	0
CSR1	B0454.26	10.582	4.95805892862037	0
CSR1	B0454.5	19.266	31.4177724596184	0
CSR1	B0454.6	18.698	6.03992375054112	0
CSR1	B0454.8	24.356	6.73223945485334	0
CSR1	B0457.2	17.678	2.77336481950803	0
CSR1	B0457.4	21.018	4.81639186073575	0
CSR1	B0457.6	16.45	8.76065671974717	0
CSR1	B0462.5	23.588	5.03632717827114	0
CSR1	B0464.6	24.572	9.18905623148878	0
CSR1	B0464.9	17.14	22.0723436636774	0
CSR1	B0478.3	22.432	5.80029686263218	0
CSR1	B0491.6	18.952	6.81866394539569	0
CSR1	B0495.5	28.016	4.86659705965487	0
CSR1	B0495.7	28.944	1.94378796726972	0
CSR1	B0495.8	5.38	3.26471525469337	0
CSR1	B0495.9	20.956	11.97750513499	0
CSR1	B0496.1	21.016	9.87068334264334	0
CSR1	B0496.11	17.576	3.20455021770801	0
CSR1	B0496.2	15.32	7.48236547305854	0
CSR1	B0496.6	26.448	2.19288466936788	0
CSR1	B0507.1	26.238	5.27095483976618	0
CSR1	B0507.2	25.822	7.46045899369252	0
CSR1	B0507.3	20.862	8.3483297297824	0
CSR1	B0507.4	26.48	11.0724920967814	0
CSR1	B0507.5	23.782	6.46738487211661	0
CSR1	B0507.6	24.478	8.05262483935581	0
CSR1	B0507.7	25.506	4.74556924227735	0
CSR1	B0507.8	23.166	21.5050509124684	0
CSR1	B0507.9	26.866	0.464601616217672	0
CSR1	B0511.11	16.078	22.1449574673538	0
CSR1	B0511.17	27.678	2.08731956733922	0
CSR1	B0511.19	25.534	4.94737076619577	0
CSR1	B0511.6	22.244	3.14251368284522	0
CSR1	B0513.4	15.214	5.38327592631431	0
CSR1	B0513.90	22.274	6.97300768070624	0
CSR1	B0524.2	24.098	9.35085313913095	0
CSR1	B0524.3	25.634	7.21874853065239	0
CSR1	B0524.5	19.178	9.57300666334856	0
CSR1	B0524.6	23.896	9.86471262168933	0
CSR1	B0545.4	23.578	3.97302729200605	0
CSR1	B0546.3	17.952	6.78875076872868	0
CSR1	B0546.4	25.396	9.34013323358549	0
CSR1	B0546.5	15.57	4.05108232259425	0
CSR1	B0547.2	25.126	3.62454439680199	0
CSR1	B0554.1	24.678	3.77478617727489	0
CSR1	B0554.2	24.832	6.90023858364641	0
CSR1	B0554.4	23.678	11.617665274093	0
CSR1	B0554.5	18.194	1.85967314673475	0
CSR1	B0554.7	20.76	20.6022157543397	0
CSR1	B0563.1	23.06	7.86948756541787	0
CSR1	B0563.10	4.956	9.23837143705045	1
CSR1	B0563.18	27.882	2.3383327087691	0
CSR1	B0563.5	15.51	29.506768240999	0
CSR1	B0563.6	15.644	3.08705522585853	0
CSR1	B0563.7	15.684	6.91994922319927	0
CSR1	B0563.8	21.886	2.75147435980109	0
CSR1	B0563.9	16.286	1.6330045642213	0
CSR1	B0564.2	16.946	40.7490039253153	0
CSR1	B0564.6	27.664	2.84637014600127	0
CSR1	BE0003N10.1	25.17	8.65878052895739	0
CSR1	BE0003N10.6	19.836	17.1069204939418	0
CSR1	BE10.1	26.19	2.96658710113028	0
CSR1	BE10.3	26.532	5.06247302215975	0
CSR1	BE10.4	24.588	8.60035789976186	0
CSR1	BE10.5	19.642	15.6792130404481	0
CSR1	C01A2.1	21.064	4.71822096723876	0
CSR1	C01A2.2	22.362	9.28424585750236	0
CSR1	C01A2.4	11.442	4.00523851394045	0
CSR1	C01A2.6	24.758	2.10351346910883	0
CSR1	C01A2.9	16.554	10.8363237424539	0
CSR1	C01B10.11	18.73	8.77088769671471	0
CSR1	C01B10.3	26.986	0.801477975883278	0
CSR1	C01B10.44	24.784	10.636532397866	0
CSR1	C01B10.6	24.668	9.33062124623149	0
CSR1	C01B10.7	28.02	2.79855673377807	0
CSR1	C01B10.9	20.664	4.60355249529315	0
CSR1	C01B4.6	29.268	1.64382018679502	0
CSR1	C01B4.7	20.678	2.31914050754033	0
CSR1	C01B4.8	25.99	1.2856509770376	0
CSR1	C01B7.7	25.862	6.7263177220189	0
CSR1	C01B9.1	13.974	13.1981549244442	0
CSR1	C01B9.4	19.072	21.0605156727019	0
CSR1	C01C10.2	27.256	2.17251315711993	0
CSR1	C01C4.2	26.7	10.1067400116168	0
CSR1	C01C4.3	11.576	6.28172604306134	0
CSR1	C01F1.5	26.356	8.61745991443601	0
CSR1	C01F1.6	3.626	2.0508541028768	1
CSR1	C01F6.14	20.422	4.77663546669024	0
CSR1	C01G10.1	14.98	1.63176322584517	0
CSR1	C01G10.14	25.12	6.54787109346443	0
CSR1	C01G10.15	18.176	9.3563581352892	0
CSR1	C01G10.17	16.86	11.8934202849873	0
CSR1	C01G10.18	19.87	17.2972729777193	0
CSR1	C01G10.4	15.048	2.79399418831119	0
CSR1	C01G10.5	18.236	6.85705153711305	0
CSR1	C01G10.6	17.462	13.0369652975036	0
CSR1	C01G10.7	8.098	4.40972370870154	0
CSR1	C01G10.9	29.716	2.07083661163733	0
CSR1	C01G12.13	5.936	5.33074877535411	0
CSR1	C01G12.16	8.824	4.50652345774148	0
CSR1	C01G12.3	16.764	3.98118243862755	0
CSR1	C01G12.7	16.604	32.8600729316917	0
CSR1	C01G12.9	21.494	7.37254367025316	0
CSR1	C01G5.25	14.73	2.59268926733582	0
CSR1	C01G5.3	21.43	7.72468620492345	0
CSR1	C01G5.4	22.84	3.12932449268895	0
CSR1	C01G5.5	28.754	1.80352163938846	0
CSR1	C01G5.9	20.338	3.80216933647095	0
CSR1	C01G6.2	27.676	2.71457423356683	0
CSR1	C01G6.3	25.988	2.49869641599665	0
CSR1	C01G6.4	6.326	8.85489553004506	0
CSR1	C01G6.5	4.008	6.40105009642036	1
CSR1	C01G6.9	23.402	9.2540545953476	0
CSR1	C01G8.1	2.316	1.84708546081239	1
CSR1	C01H6.3	25.48	7.86649410513965	0
CSR1	C01H6.4	27.608	2.18538358363832	0
CSR1	C01H6.8	25.888	5.50352522444625	0
CSR1	C02B10.3	24.772	8.80439604551194	0
CSR1	C02B10.4	3.9	5.99144689515278	1
CSR1	C02B10.6	6.284	4.97991237235947	0
CSR1	C02B4.3	26.158	2.38211312731565	0
CSR1	C02B8.1	18.408	9.58028604640571	0
CSR1	C02B8.12	15.35	1.04336269563824	0
CSR1	C02B8.3	27.02	0.405420101780288	0
CSR1	C02B8.6	18.786	8.68961302549913	0
CSR1	C02B8.7	16.88	14.0881336148079	0
CSR1	C02C2.6	21.126	8.27731328805796	0
CSR1	C02D5.2	20.65	18.3508274565664	0
CSR1	C02D5.4	27.76	4.35983149003091	0
CSR1	C02E7.10	23.088	8.23276775060353	0
CSR1	C02E7.6	23.614	13.4891940653319	0
CSR1	C02E7.7	16.594	7.4710737302236	0
CSR1	C02E7.8	25.574	1.25633165579012	0
CSR1	C02F12.5	24.082	3.08660780126259	0
CSR1	C02F12.8	19.436	12.7788269970386	0
CSR1	C02F4.4	21.088	7.74080849563829	0
CSR1	C02F4.5	23.13	8.83490760968429	0
CSR1	C02F5.10	12.978	9.12252619892967	0
CSR1	C02F5.12	13.848	14.6411278948052	0
CSR1	C02F5.13	28.538	2.0610839774206	0
CSR1	C02F5.14	21.884	12.4365449279384	0
CSR1	C02F5.2	18.052	4.86715174697643	0
CSR1	C02F5.3	15.454	2.98100345323256	0
CSR1	C02F5.5	20.056	4.01036890817454	0
CSR1	C02G6.2	28.492	6.23742202626172	0
CSR1	C02G6.3	22.546	3.42983973008126	0
CSR1	C02H6.1	26.264	2.23859875004791	0
CSR1	C02H6.3	24.74	4.82638535868697	0
CSR1	C03A3.1	27.462	7.48394901390672	0
CSR1	C03A3.2	24.924	11.0418404473825	0
CSR1	C03A3.3	27.19	3.70119458700379	0
CSR1	C03A3.9	5.518	2.51570180393389	0
CSR1	C03A7.13	27.814	2.90460246850578	0
CSR1	C03A7.2	20.104	20.7140782625505	0
CSR1	C03B1.1	26.984	4.75313974578409	0
CSR1	C03B1.10	15.044	10.011173937234	0
CSR1	C03B1.13	16.776	3.96581092984302	0
CSR1	C03B1.14	27.81	3.41575350359923	0
CSR1	C03B1.17	25.642	1.47845022739962	0
CSR1	C03B1.2	12.152	6.0497584576572	0
CSR1	C03B1.3	6.058	10.0959495295298	0
CSR1	C03B1.4	25.038	2.92994931237642	0
CSR1	C03B1.5	24.586	8.39155649555901	0
CSR1	C03B1.6	27.676	2.38331385665913	0
CSR1	C03B1.7	24.136	11.8758052772882	0
CSR1	C03B1.9	26.058	12.4318292668328	0
CSR1	C03B8.2	23.234	4.5842138236337	0
CSR1	C03B8.3	26.084	5.72828292758737	0
CSR1	C03C10.2	28.4	1.34519024611923	0
CSR1	C03C10.5	24.174	5.49972560100509	0
CSR1	C03C10.7	22.472	7.4597551059361	0
CSR1	C03C11.1	20.876	9.88025830961188	0
CSR1	C03D6.1	26.354	1.62557492191126	0
CSR1	C03D6.9	22.77	15.1424425301038	0
CSR1	C03E10.1	23.582	6.23597624250149	0
CSR1	C03E10.3	25.418	5.71447294519977	0
CSR1	C03F11.2	8.604	5.68707402272904	0
CSR1	C03F11.3	7.462	4.57451433927863	0
CSR1	C03F11.4	16.43	3.13111043624881	0
CSR1	C03G5.14	24.534	4.77973168187803	0
CSR1	C03G6.17	29.138	2.51884623020003	0
CSR1	C03G6.21	29.91	0.975609258536603	0
CSR1	C03G6.6	27.362	9.85650592668397	0
CSR1	C03H12.1	28.072	3.34809650759535	0
CSR1	C03H5.3	19.944	3.75912528937932	0
CSR1	C03H5.4	23.77	3.91566000768696	0
CSR1	C03H5.5	26.75	5.20291378149071	0
CSR1	C03H5.6	26.698	10.8071531420988	0
CSR1	C03H5.7	5.334	7.34587634710921	0
CSR1	C03H5.9	24.4	6.57745389631349	0
CSR1	C04A11.1	9.944	2.57822431872705	0
CSR1	C04A11.2	24.484	2.86463493148403	0
CSR1	C04A11.5	26.72	4.00081677092598	0
CSR1	C04A2.15	12.656	4.77874120391328	0
CSR1	C04B4.1	24.448	8.81063539347798	0
CSR1	C04B4.2	26.466	12.2784994747229	0
CSR1	C04B4.4	2.184	2.21016820259106	1
CSR1	C04B4.5	22.454	5.70685483305609	0
CSR1	C04B4.6	25.222	7.49835479425335	0
CSR1	C04C11.1	21.154	3.12777467153375	0
CSR1	C04C11.25	21.974	4.16961596348824	0
CSR1	C04C3.14	17.824	4.01107250531291	0
CSR1	C04C3.4	25.18	5.06015398465053	0
CSR1	C04C3.6	13.954	3.10587348111471	0
CSR1	C04C3.7	22.118	0.942646732284693	0
CSR1	C04C3.9	21.344	10.9432079503992	0
CSR1	C04E12.2	19.456	4.15984393843345	0
CSR1	C04E12.4	25.33	10.8830387693054	0
CSR1	C04E12.5	25.514	3.67492092866425	0
CSR1	C04E6.12	22.624	6.44769037786284	0
CSR1	C04E6.13	24.1	8.84552516077561	0
CSR1	C04E6.4	22.046	10.1798228608483	0
CSR1	C04E6.5	25.736	5.36457362957091	0
CSR1	C04E6.7	26.11	12.1332375361377	0
CSR1	C04E6.8	19.038	5.27641959900582	0
CSR1	C04E7.1	26.06	5.2233090119794	0
CSR1	C04E7.3	20.956	7.83483412279957	0
CSR1	C04E7.5	21.436	6.55938136009584	0
CSR1	C04F1.1	25.956	2.19223569006347	0
CSR1	C04F12.12	19.842	13.7098425963741	0
CSR1	C04F12.16	24.182	5.18065047447621	0
CSR1	C04F12.5	25.196	10.7261833150164	0
CSR1	C04F12.7	22.074	4.69622008909249	0
CSR1	C04F12.8	22.882	10.8551349417763	0
CSR1	C04F5.2	20.868	10.2778291054475	0
CSR1	C04F5.8	26.06	6.57646250525987	0
CSR1	C04F5.9	25.416	4.31370509708525	0
CSR1	C04F6.7	24.59	15.7983333170884	0
CSR1	C04F6.9	21.906	9.99791760656124	0
CSR1	C04G2.10	12.572	1.9118191674411	0
CSR1	C04G2.5	27.624	2.58416132156884	0
CSR1	C04G6.11	26.656	4.64297269345777	0
CSR1	C04G6.13	14.128	4.58535829050732	0
CSR1	C04G6.2	17.2	13.6371605221375	0
CSR1	C04G6.4	18.86	7.33539670132872	0
CSR1	C04G6.5	30.26	0.572866352391269	0
CSR1	C04G6.6	19.906	8.56982977078502	0
CSR1	C04H4.1	24.114	2.62057571757282	0
CSR1	C04H5.1	27.272	2.74620829404493	0
CSR1	C04H5.7	17.836	6.74972652712001	0
CSR1	C05A2.4	21.47	1.8425747969122	0
CSR1	C05A9.2	15.28	15.5850566035839	0
CSR1	C05B5.1	19.988	1.53242198338709	0
CSR1	C05B5.11	5.516	5.16853652826845	0
CSR1	C05B5.12	21.28	4.44172176632222	0
CSR1	C05B5.16	17.556	2.42119332967302	0
CSR1	C05B5.17	22.326	3.46551927197541	0
CSR1	C05B5.2	20.698	4.66965263416391	0
CSR1	C05B5.4	22.096	6.83625832128992	0
CSR1	C05B5.5	22.214	6.08662815025833	0
CSR1	C05C10.2	23.948	10.7209130386955	0
CSR1	C05C10.3	27.34	16.7115130362994	0
CSR1	C05C10.5	26.206	3.57360451315677	0
CSR1	C05C10.7	23.516	7.89650039543064	0
CSR1	C05C10.8	24.87	4.79289958786615	0
CSR1	C05C12.1	28.874	1.29460678075234	0
CSR1	C05C12.4	20.236	8.52076576913246	0
CSR1	C05C12.5	25.432	8.01321370224112	0
CSR1	C05C12.6	4.526	4.86231045638733	1
CSR1	C05C8.1	26.188	10.0153034058693	0
CSR1	C05C8.5	12.6	2.57905981099554	0
CSR1	C05C8.7	18.24	10.8437660628999	0
CSR1	C05C8.8	26.696	6.46989414584195	0
CSR1	C05C9.1	23.376	13.7267211106685	0
CSR1	C05C9.2	16.646	1.61677413329771	0
CSR1	C05C9.3	22.69	4.6990226303259	0
CSR1	C05D10.4	15.98	4.15427029557015	0
CSR1	C05D11.1	28.238	3.55108790167915	0
CSR1	C05D11.13	22.428	8.1375714201015	0
CSR1	C05D11.5	28.76	2.58882768444211	0
CSR1	C05D11.8	25.91	12.9254531873329	0
CSR1	C05D12.1	27.754	7.909020231255	0
CSR1	C05D12.2	28.044	2.61141615624065	0
CSR1	C05D12.3	27.094	4.28747947523395	0
CSR1	C05D12.4	27.996	5.54494468976696	0
CSR1	C05D12.5	21.66	2.12899303788898	0
CSR1	C05D12.7	17.084	18.1445759165012	0
CSR1	C05D2.8	29.294	3.09597322573029	0
CSR1	C05D9.3	21.972	12.9512530074189	0
CSR1	C05D9.4	19.836	5.72237499887857	0
CSR1	C05D9.7	20.302	3.36160694860973	0
CSR1	C05D9.9	24.036	6.28861846847443	0
CSR1	C05E11.2	18.096	3.5270958696152	0
CSR1	C05E11.3	25.77	4.87081546728567	0
CSR1	C05E11.6	24.082	6.80312439334343	0
CSR1	C05E11.7	21.522	10.320017026769	0
CSR1	C05E4.12	16.244	2.30118666507284	0
CSR1	C05E4.15	22.81	16.2736563475299	0
CSR1	C05E4.7	24.986	2.23097578706077	0
CSR1	C05E7.3	19.214	5.03451327498203	0
CSR1	C05G5.1	25.752	7.64971386374288	0
CSR1	C05G5.3	8.536	1.00981077504733	0
CSR1	C05G5.5	23.87	14.5835432876419	0
CSR1	C05G5.7	20.808	7.13440436684408	0
CSR1	C06A1.3	27.356	2.77825609221317	0
CSR1	C06A1.6	18.24	4.20615521465277	0
CSR1	C06A1.7	11.666	7.12697153063115	0
CSR1	C06A12.19	25.056	12.5388410216871	0
CSR1	C06A12.3	26.97	3.34804349472571	0
CSR1	C06A12.8	18.732	1.50966087173421	0
CSR1	C06A5.12	21.898	14.191171165462	0
CSR1	C06A5.2	18.44	4.34330660127436	0
CSR1	C06A5.3	20.638	2.59364100170967	0
CSR1	C06A5.8	5.35	4.17747600722001	0
CSR1	C06A6.2	25.13	2.83230555499789	0
CSR1	C06A6.4	26.06	4.7115244711669	0
CSR1	C06A6.7	6.28	5.22089054482643	0
CSR1	C06A8.6	21.734	2.1614332343127	0
CSR1	C06B3.1	25.258	17.9120293563506	0
CSR1	C06B3.16	24.424	4.96602309172636	0
CSR1	C06B3.6	12.004	6.05861161804506	0
CSR1	C06B3.7	24.794	8.23148346748188	0
CSR1	C06B8.2	22.832	9.35418759849739	0
CSR1	C06B8.3	26.776	1.9333277830003	0
CSR1	C06C3.10	22.998	16.8844021765719	0
CSR1	C06C3.12	26.95	9.18968712984502	0
CSR1	C06C3.3	20.8	18.4473540761607	0
CSR1	C06C3.4	26.778	2.56744342343444	0
CSR1	C06C3.7	4.356	1.66020980089665	1
CSR1	C06C6.7	25.166	6.21452328556744	0
CSR1	C06C6.8	2.902	3.70654495093725	1
CSR1	C06C6.9	23.736	1.77662177597797	0
CSR1	C06E1.1	26.416	12.9859508814329	0
CSR1	C06E1.11	22.672	3.8873745686068	0
CSR1	C06E1.7	27.796	2.32494959115177	0
CSR1	C06E1.9	21.708	5.50814904504002	0
CSR1	C06E2.1	21.632	15.0119574777807	0
CSR1	C06E2.2	22.158	4.39835315486455	0
CSR1	C06E2.5	23.228	14.5363467731204	0
CSR1	C06E2.9	17.724	21.5748623793737	0
CSR1	C06E4.1	21.276	14.3610596398807	0
CSR1	C06E4.2	20.412	7.93593333237088	0
CSR1	C06E4.3	25.44	9.94053957111556	0
CSR1	C06E4.5	25.892	7.54975018419819	0
CSR1	C06E4.6	27.732	5.00475734174131	0
CSR1	C06E4.8	15.052	5.56271080033505	0
CSR1	C06E7.2	21.186	13.1876958333944	0
CSR1	C06E7.4	19.074	4.01379508633437	0
CSR1	C06E7.88	26.642	7.95653723079918	0
CSR1	C06E8.5	28.388	3.46547284183058	0
CSR1	C06G1.1	22.738	2.87709631797446	0
CSR1	C06G3.3	12.22	6.58031440031902	0
CSR1	C06G4.1	24.184	7.53305107828311	0
CSR1	C06G4.4	22.144	2.55549440766214	0
CSR1	C06G4.5	4.394	2.08955465291544	1
CSR1	C06G4.6	24.88	11.3640478607853	0
CSR1	C06H2.2	2.86	4.08507742851326	1
CSR1	C06H2.7	26.742	2.49905146007554	0
CSR1	C06H5.11	20.756	8.98245339262669	0
CSR1	C06H5.12	20.916	8.0095148569133	0
CSR1	C06H5.13	18.736	11.1697083441474	0
CSR1	C06H5.6	10.222	5.28924139748878	0
CSR1	C06H5.8	20.952	5.02387141583165	0
CSR1	C07A12.18	21.232	11.8395631316959	0
CSR1	C07A12.2	3.454	12.2774659659556	0
CSR1	C07A4.2	25.436	8.99373825687752	0
CSR1	C07A4.3	29.066	0.68403470725046	0
CSR1	C07A9.10	25.548	6.95172406359323	0
CSR1	C07A9.12	26.708	3.02231114369057	0
CSR1	C07A9.13	13.606	51.6477449996294	0
CSR1	C07A9.5	24.118	9.39306030215199	0
CSR1	C07A9.9	22.828	14.7747341180605	0
CSR1	C07B5.2	25.056	13.1041944875362	0
CSR1	C07B5.3	24.648	10.8265713446114	0
CSR1	C07B5.4	21.882	13.2078901156733	0
CSR1	C07B5.6	21.62	8.08834189076702	0
CSR1	C07B5.8	19.78	1.62842501601683	0
CSR1	C07C7.1	23.268	8.08076056705185	0
CSR1	C07C7.3	18.572	8.92945685088795	0
CSR1	C07D10.1	27.948	4.52533662595377	0
CSR1	C07D10.5	28.436	4.87598554713387	0
CSR1	C07D10.6	25.096	8.77537063190847	0
CSR1	C07D8.5	24.502	8.50749790217788	0
CSR1	C07D8.6	27.144	5.40537686322515	0
CSR1	C07E3.10	21.544	4.33425510935804	0
CSR1	C07E3.3	23.338	6.92368507034057	0
CSR1	C07E3.4	5.544	16.7314873924809	0
CSR1	C07E3.8	24.208	4.88538415191481	0
CSR1	C07E3.9	17.036	10.8214214640733	0
CSR1	C07F11.2	21.51	3.79242765019339	0
CSR1	C07G1.15	17.506	2.58781662410019	0
CSR1	C07G1.6	19.022	14.8303168128477	0
CSR1	C07G1.7	3.064	1.48847966723125	1
CSR1	C07G2.5	16.946	9.98808491419719	0
CSR1	C07G3.10	22.392	5.80816926457111	0
CSR1	C07G3.15	25.662	2.85578130578209	0
CSR1	C07G3.8	25.238	1.86908731311533	0
CSR1	C07H4.1	6.884	3.203400751529	0
CSR1	C07H6.2	10.6	5.24625008052803	0
CSR1	C07H6.9	24.272	10.2992501420914	0
CSR1	C08A9.10	25.812	2.9029638102606	0
CSR1	C08A9.3	26.42	4.28584642684059	0
CSR1	C08B11.3	22.654	19.7177993687273	0
CSR1	C08B11.9	27.248	6.52802107569373	0
CSR1	C08B6.10	21.098	9.02567722134971	0
CSR1	C08B6.11	25.506	9.01729857059431	0
CSR1	C08B6.14	27.798	4.31891034472537	0
CSR1	C08B6.18	20.664	10.1270856825597	0
CSR1	C08B6.2	14.684	42.8067840199749	0
CSR1	C08B6.3	26.318	1.69467468759932	0
CSR1	C08B6.6	25.172	8.05694885356748	0
CSR1	C08B6.8	24.886	10.2188583130302	0
CSR1	C08D8.1	24.248	7.16958964262143	0
CSR1	C08D8.7	19.796	3.05807191488287	0
CSR1	C08E3.1	15.788	16.246818836078	0
CSR1	C08E3.14	27.188	8.75901444843453	0
CSR1	C08E3.15	22.65	10.1045897633468	0
CSR1	C08E8.1	22.996	3.61620641896649	0
CSR1	C08E8.10	14.424	36.8927323106779	0
CSR1	C08E8.11	25.908	6.8855945702041	0
CSR1	C08E8.2	27.164	11.5290293022909	0
CSR1	C08E8.3	16.194	4.97195485682949	0
CSR1	C08E8.4	5.79	14.5503733428201	0
CSR1	C08E8.5	23.922	9.70653367341983	0
CSR1	C08E8.6	19.63	15.9652729936776	0
CSR1	C08F1.10	14.564	3.3372354996234	0
CSR1	C08F1.11	16.72	2.20157444010837	0
CSR1	C08F1.12	25.714	7.23945366340934	0
CSR1	C08F1.6	25.744	4.6225668620675	0
CSR1	C08F1.8	26.294	4.45996047837726	0
CSR1	C08F11.1	28.412	2.38978085283112	0
CSR1	C08F11.10	20.372	22.3051700517786	0
CSR1	C08F11.12	26.676	13.0448577784221	0
CSR1	C08F11.13	16.184	2.90889739993741	0
CSR1	C08F11.17	25.908	1.17372550107757	0
CSR1	C08F11.3	10.88	5.88594214947992	0
CSR1	C08F11.7	26.284	3.79207725836933	0
CSR1	C08F8.15	27.132	6.62769756922154	0
CSR1	C08F8.2	27.592	4.58601573883139	0
CSR1	C08F8.3	17.404	51.1320137664033	0
CSR1	C08F8.6	17.392	0.916723250569081	0
CSR1	C08F8.9	23.178	10.59053021971	0
CSR1	C08G5.6	27.44	2.29157579041727	0
CSR1	C08G5.7	14.674	41.2200519523823	0
CSR1	C08G9.1	19.094	20.6462691166489	0
CSR1	C08H9.15	20.124	0.973504977837151	0
CSR1	C08H9.16	21.384	4.93039161737069	0
CSR1	C08H9.18	13.436	13.197782605763	0
CSR1	C09B7.2	22.054	8.59894986127771	0
CSR1	C09B8.3	20.36	18.8819548504383	0
CSR1	C09B8.4	28.594	1.17368655393028	0
CSR1	C09B8.8	23.424	4.66826502179543	0
CSR1	C09B9.1	24.806	9.83536335612907	0
CSR1	C09B9.2	18.45	5.74052573980991	0
CSR1	C09B9.4	23.016	7.94734536784051	0
CSR1	C09B9.7	24.108	11.5337692652048	0
CSR1	C09B9.85	25.934	12.3200997832322	0
CSR1	C09D4.1	19.806	2.3551182155502	0
CSR1	C09D4.2	10.83	31.5113102857124	0
CSR1	C09D4.3	21.812	6.38140635229478	0
CSR1	C09D4.4	27.584	2.85738635147193	0
CSR1	C09D4.6	24.144	3.99611177503245	0
CSR1	C09D4.9	20.434	2.87833092884037	0
CSR1	C09E10.3	12.44	1.33788721680814	0
CSR1	C09E7.10	22.59	5.897703671746	0
CSR1	C09E7.11	23.342	13.8703536608658	0
CSR1	C09E7.4	26.026	12.4740453127979	0
CSR1	C09E7.7	28.456	1.78889559783393	0
CSR1	C09E7.8	23.828	16.8586475593087	0
CSR1	C09E8.1	17.32	2.52528033817887	0
CSR1	C09E8.6	18.336	15.0247457780233	0
CSR1	C09E9.1	13.416	11.2266249380916	0
CSR1	C09F12.2	12.138	2.34647989703976	0
CSR1	C09F12.3	21.828	9.62336454514604	0
CSR1	C09F5.1	18.822	6.28740065457137	0
CSR1	C09F5.3	24.812	7.67651469558766	0
CSR1	C09F9.1	20.172	12.2093912221046	0
CSR1	C09F9.2	12.926	4.19035773338661	0
CSR1	C09G1.2	18.496	0.542815761159648	0
CSR1	C09G1.4	13.39	3.24504271581784	0
CSR1	C09G1.5	3.064	3.36494423466893	1
CSR1	C09G12.17	24.296	3.20692042597999	0
CSR1	C09G12.5	23.8	4.46140539805996	0
CSR1	C09G4.4	27.368	5.77642558164425	0
CSR1	C09G5.13	14.434	6.6791568488943	0
CSR1	C09G5.14	4.214	3.29502704465303	1
CSR1	C09G5.7	17.748	2.49650737093495	0
CSR1	C09G9.1	19.322	3.20405775268324	0
CSR1	C09G9.3	14.358	3.13932183929515	0
CSR1	C09G9.5	14.316	4.47831946154026	0
CSR1	C09G9.8	27.1	2.9652609378551	0
CSR1	C09H10.4	11.334	17.2761663395408	0
CSR1	C09H10.5	20.688	4.80346291936749	0
CSR1	C09H10.9	18.824	21.9214688908297	0
CSR1	C09H5.7	25.922	4.42323354005112	0
CSR1	C10A4.1	28.546	7.88417884463702	0
CSR1	C10A4.10	19.32	21.1307265445834	0
CSR1	C10A4.13	18.222	28.3298964101341	0
CSR1	C10A4.2	10.478	6.09699087272996	0
CSR1	C10A4.3	16.776	27.7229307111984	0
CSR1	C10A4.4	17.848	2.19422243646113	0
CSR1	C10A4.6	16.562	4.24083700768481	0
CSR1	C10A4.7	26.638	3.04081517225366	0
CSR1	C10A4.9	26.608	4.73074760866114	0
CSR1	C10B5.1	25.206	0.985698751705748	0
CSR1	C10B5.3	21.276	6.28101854287429	0
CSR1	C10C5.3	25.022	8.7999526758397	0
CSR1	C10C5.4	28.002	2.76338225959783	0
CSR1	C10C5.5	28.102	1.26398180429232	0
CSR1	C10C5.7	23.372	6.54744117060158	0
CSR1	C10C6.13	13.382	3.58939783046554	0
CSR1	C10C6.3	16.852	17.0036883954661	0
CSR1	C10C6.7	25.994	6.78289188839701	0
CSR1	C10E2.1	16.954	36.7737139630019	0
CSR1	C10E2.2	27.062	14.2405346073437	0
CSR1	C10E2.5	22.444	6.75726904205979	0
CSR1	C10F3.7	25.642	1.38249608997159	0
CSR1	C10G11.1	20.44	3.06310681849286	0
CSR1	C10G11.10	19.238	6.57808503578598	0
CSR1	C10G11.6	19.364	4.70604895949155	0
CSR1	C10G11.8	27.108	5.19718955412235	0
CSR1	C10G8.2	12.288	2.94681768522309	0
CSR1	C10G8.3	18.986	8.48047235442134	0
CSR1	C10G8.4	20.384	2.9175334250778	0
CSR1	C10G8.8	25.28	6.28439253380207	0
CSR1	C10H11.7	24.912	6.97185118706749	0
CSR1	C11D2.3	9.528	36.3954820090904	0
CSR1	C11D2.4	27.274	3.99627833371871	0
CSR1	C11D2.7	28.59	1.91162832066313	0
CSR1	C11E4.6	19.736	26.9940199124066	0
CSR1	C11E4.7	26.368	5.00911250829509	0
CSR1	C11E4.8	25.12	7.3696509959056	0
CSR1	C11G10.1	27.776	5.00170359762618	0
CSR1	C11G6.2	27.714	4.37842702825592	0
CSR1	C11H1.5	25.79	8.32406612445542	0
CSR1	C11H1.7	24.924	5.47342213832734	0
CSR1	C11H1.9	21.268	9.58561539982242	0
CSR1	C12D12.1	26.58	5.58294747337195	0
CSR1	C12D12.3	26.268	2.92084791408986	0
CSR1	C12D5.10	26.236	2.3348079018262	0
CSR1	C12D5.3	26.8	5.3844589407113	0
CSR1	C12D5.4	25.292	2.08793860949806	0
CSR1	C12D5.5	18.616	31.0748873889052	0
CSR1	C12D5.9	21.616	1.53070698039043	0
CSR1	C12D8.13	19.43	4.35343453830314	0
CSR1	C12D8.20	25.322	13.8887046075163	0
CSR1	C12D8.21	25.33	1.40940150239825	0
CSR1	C12D8.9	18.734	18.1419347145074	0
CSR1	C13A10.1	16.35	5.18526757119669	0
CSR1	C13A10.2	25.604	2.67423690879703	0
CSR1	C13A2.1	21.956	16.12928488516	0
CSR1	C13A2.10	23.67	6.34972696434305	0
CSR1	C13A2.12	19.882	11.1530365652982	0
CSR1	C13A2.3	26.43	2.75448728311786	0
CSR1	C13A2.4	28.18	1.6029770729759	0
CSR1	C13A2.5	26.332	2.49570168317807	0
CSR1	C13A2.6	27.72	2.72300814871657	0
CSR1	C13A2.7	23.5	22.6579861594976	0
CSR1	C13A2.9	7.068	6.41246225236244	0
CSR1	C13B4.1	19.942	19.025327640358	0
CSR1	C13B7.6	24.956	3.7724435316295	0
CSR1	C13B9.1	25.84	5.72820785325189	0
CSR1	C13B9.2	29.38	1.02534855897836	0
CSR1	C13C4.6	16.166	2.63373679885887	0
CSR1	C13C4.7	25.12	4.77814810022866	0
CSR1	C13C4.8	29.59	1.85812149968115	0
CSR1	C13E3.1	24.566	7.18813364838318	0
CSR1	C13F10.1	25.906	10.8778615286121	0
CSR1	C13F10.5	13.518	1.22384088208757	0
CSR1	C13F10.6	24.998	8.42328153473452	0
CSR1	C13F10.7	8.782	3.84078897461041	0
CSR1	C13F10.8	19.542	12.2563969376264	0
CSR1	C13G3.1	19.962	17.3129191412583	0
CSR1	C13G3.12	19.172	3.71201260685699	0
CSR1	C13G5.2	25.648	5.60053852394027	0
CSR1	C14A11.2	23.474	3.26394662307268	0
CSR1	C14A11.5	28.032	1.80907290007478	0
CSR1	C14A11.6	23.096	13.0912819031328	0
CSR1	C14A11.9	13.286	2.99777072407721	0
CSR1	C14A4.12	20.318	2.48179900170487	0
CSR1	C14A4.13	17.398	1.61522021944232	0
CSR1	C14A4.6	22.628	4.22423929881934	0
CSR1	C14A4.7	12.104	9.61996970943905	0
CSR1	C14A4.8	21.66	18.630482166454	0
CSR1	C14A4.9	26.726	4.02926431018435	0
CSR1	C14A6.12	16.188	11.2770743695233	0
CSR1	C14A6.13	18.866	4.19021065363708	0
CSR1	C14A6.3	17.234	18.0350669888929	0
CSR1	C14A6.5	25.184	7.65292089856024	0
CSR1	C14A6.6	16.266	2.16337680231477	0
CSR1	C14A6.7	23.394	1.12796003416764	0
CSR1	C14A6.8	18.336	8.93214060457877	0
CSR1	C14B1.12	8.138	6.03641337632437	0
CSR1	C14B1.2	19.22	7.76795179446485	0
CSR1	C14B1.3	26.812	8.04950422797413	0
CSR1	C14B1.8	24.8	11.019505457156	0
CSR1	C14B4.2	25.846	16.0091558804053	0
CSR1	C14B9.10	18.292	8.61967946756082	0
CSR1	C14B9.2	28.43	1.8612390510479	0
CSR1	C14B9.3	23.944	6.91360763810954	0
CSR1	C14B9.8	27.426	5.76704588167779	0
CSR1	C14C10.1	27.368	9.99842830328068	0
CSR1	C14C10.10	12.296	7.42010425320944	0
CSR1	C14C10.2	28.186	2.50678386142647	0
CSR1	C14C10.5	28.77	2.45274843039018	0
CSR1	C14C11.1	15.666	2.92712225695603	0
CSR1	C14C11.2	1.668	2.21903543445105	1
CSR1	C14C11.4	28.342	0.866922139700294	0
CSR1	C14C11.7	20.434	7.7950332361835	0
CSR1	C14C6.13	6.776	5.18380893158723	0
CSR1	C14C6.2	22.328	14.3520743772715	0
CSR1	C14C6.3	28.236	1.49284974935322	0
CSR1	C14C6.5	15.786	2.65666093686212	0
CSR1	C14C6.6	25.348	3.30733629861734	0
CSR1	C14C6.8	7.914	2.41175695543795	0
CSR1	C14E2.1	24.536	4.68190208750627	0
CSR1	C14E2.11	17.466	5.81905551791786	0
CSR1	C14E2.3	20.642	18.1282217095546	0
CSR1	C14E2.4	26.416	3.55185882067318	0
CSR1	C14E2.5	22.574	12.4739571666494	0
CSR1	C14E2.6	23.114	3.94064320930081	0
CSR1	C14E2.7	16.246	17.6723521510156	0
CSR1	C14F11.4	23.752	7.19960300976714	0
CSR1	C14F11.7	19.782	7.1869060488999	0
CSR1	C14H10.2	23.016	10.4352016723731	0
CSR1	C14H10.3	25.154	4.76867456840389	0
CSR1	C15A11.2	16.284	8.53229643031368	0
CSR1	C15A11.4	22.38	19.0107390047875	0
CSR1	C15A11.7	13.854	2.98205832763747	0
CSR1	C15B12.1	24.89	1.314523756447	0
CSR1	C15B12.2	10.626	2.66312910307909	0
CSR1	C15B12.3	19.72	13.0480329301264	0
CSR1	C15B12.4	26.292	3.75409187406104	0
CSR1	C15B12.8	28.91	1.80863596850936	0
CSR1	C15B12.9	26.25	12.4233121512444	0
CSR1	C15C6.1	22.3	24.0418973780375	0
CSR1	C15C6.2	23.03	5.81841660075424	0
CSR1	C15C6.3	17.612	9.68105756875956	0
CSR1	C15C7.4	24.818	5.28959576357116	0
CSR1	C15C7.6	26.906	5.34645282484971	0
CSR1	C15C8.5	28.174	2.94122798129913	0
CSR1	C15C8.6	18.974	5.4097209405943	0
CSR1	C15C8.8	18.988	23.3182586123684	0
CSR1	C15F1.1	27.64	5.25754759271756	0
CSR1	C15F1.2	24.48	9.83739519737304	0
CSR1	C15F1.5	26.082	3.54867223563601	0
CSR1	C15F1.8	26.648	5.28730339917202	0
CSR1	C15H11.1	28.396	3.27289320631741	0
CSR1	C15H11.10	24.908	1.76499454015787	0
CSR1	C15H11.11	18	12.6035831667814	0
CSR1	C15H11.13	18.146	2.83329843310021	0
CSR1	C15H7.3	19.888	3.07158296249455	0
CSR1	C15H7.4	19.842	10.1699036764904	0
CSR1	C15H9.11	27.108	2.28616575854563	0
CSR1	C15H9.2	25.47	7.22178439473744	0
CSR1	C15H9.3	15.988	15.8103570042313	0
CSR1	C15H9.4	7.714	91.590307971799	0
CSR1	C15H9.5	24.94	8.19759572606422	0
CSR1	C15H9.9	24.872	2.23918092580271	0
CSR1	C16A11.10	27.826	3.42828622712536	0
CSR1	C16A11.2	27.024	5.82721876414809	0
CSR1	C16A11.3	27.294	2.02896960009158	0
CSR1	C16A11.4	23.596	10.3949840664226	0
CSR1	C16A11.5	15.378	4.10434119141365	0
CSR1	C16A11.7	15.238	44.5180116796555	0
CSR1	C16A3.2	26.062	2.7518836950338	0
CSR1	C16A3.5	28.93	5.13450536000133	0
CSR1	C16A3.6	21.268	18.9753660877039	0
CSR1	C16B8.2	17.832	9.68035571537918	0
CSR1	C16B8.3	21.736	4.66038254538043	0
CSR1	C16B8.4	26.356	1.80585702769595	0
CSR1	C16C10.1	27.682	3.93479186900894	0
CSR1	C16C10.13	19.918	11.2470839843929	0
CSR1	C16C10.2	25.542	12.7157173229781	0
CSR1	C16C10.4	28.124	3.5122687512821	0
CSR1	C16C10.8	25.978	1.83168876063697	0
CSR1	C16C10.9	25.77	5.97247529638258	0
CSR1	C16C2.4	12.91	19.2485275709599	0
CSR1	C16C4.1	23.666	4.06992063238963	0
CSR1	C16C4.17	22.83	4.89838933296339	0
CSR1	C16C4.18	15.646	1.08991812590015	0
CSR1	C16C8.10	26.364	5.11124019577372	0
CSR1	C16C8.11	6.62	1.45282356961264	0
CSR1	C16C8.12	24.048	11.9864897625086	0
CSR1	C16C8.14	5.81	4.35425495376025	0
CSR1	C16C8.16	27.288	4.4754380995122	0
CSR1	C16C8.17	27.05	2.98542716247402	0
CSR1	C16C8.18	14.122	2.37582870865861	0
CSR1	C16C8.19	27.14	5.07826688793861	0
CSR1	C16C8.20	9.43	3.99817444782797	0
CSR1	C16C8.21	16.954	1.26957678150728	0
CSR1	C16C8.22	26.344	4.06710554839906	0
CSR1	C16C8.25	20.122	20.1202406219981	0
CSR1	C16C8.26	27.648	3.07515053241141	0
CSR1	C16C8.27	20.702	8.54105180177048	0
CSR1	C16C8.4	20.444	1.76755306058373	0
CSR1	C16C8.5	23.024	13.4683297518697	0
CSR1	C16C8.7	27.228	6.09563631511421	0
CSR1	C16C8.8	4.322	2.21564361311876	1
CSR1	C16C8.9	22.156	3.71374944691066	0
CSR1	C16D2.1	26.122	14.0748733262664	0
CSR1	C16D2.3	17.67	1.74661000135948	0
CSR1	C16D9.3	27.538	4.52997832225558	0
CSR1	C16D9.4	22.454	11.5268064679977	0
CSR1	C16D9.5	24.836	16.155719210582	0
CSR1	C16D9.6	22.268	10.8500809438737	0
CSR1	C16D9.8	22.424	10.5359868035923	0
CSR1	C16D9.9	20.67	16.24564867254	0
CSR1	C16E9.1	8.322	36.9106553522568	0
CSR1	C16E9.2	14.84	27.8086839243851	0
CSR1	C16H3.3	23.64	7.61009947155607	0
CSR1	C17A2.2	26.404	2.469688754007	0
CSR1	C17A2.3	23.576	9.76432909446363	0
CSR1	C17A2.4	27.27	2.65068432247909	0
CSR1	C17A2.7	29.3	2.0442233021691	0
CSR1	C17B7.10	27.166	7.83349058430859	0
CSR1	C17B7.12	28.668	1.72382516996783	0
CSR1	C17B7.14	23.21	3.78448595083505	0
CSR1	C17B7.15	20.32	5.97107227555556	0
CSR1	C17B7.3	20.918	10.538173797327	0
CSR1	C17B7.4	20.124	2.03573146185864	0
CSR1	C17B7.5	12.566	17.4020339178548	0
CSR1	C17B7.8	27.542	2.54952230459083	0
CSR1	C17B7.9	27.548	1.70541771313235	0
CSR1	C17C3.1	18.966	22.368928680501	0
CSR1	C17C3.11	25.932	12.6290338904477	0
CSR1	C17C3.13	23.438	5.93992532775482	0
CSR1	C17C3.15	20.764	15.0057563263028	0
CSR1	C17C3.24	17.95	4.62848387175482	0
CSR1	C17C3.3	28.058	1.12038094496512	0
CSR1	C17C3.5	20.214	3.26030066534631	0
CSR1	C17C3.6	26.992	1.47202348618074	0
CSR1	C17C3.9	12.332	8.47348167010903	0
CSR1	C17D12.3	18.966	25.1149995959425	0
CSR1	C17D12.5	20.702	9.72273949476425	0
CSR1	C17D12.9	15.718	4.53754325428544	0
CSR1	C17E4.1	21.852	10.0251207633655	0
CSR1	C17E4.10	16.396	8.0346255360311	0
CSR1	C17E4.11	18.524	32.5942043235033	0
CSR1	C17E4.19	23.56	11.5985086747403	0
CSR1	C17E4.2	27.518	6.1560071058558	0
CSR1	C17E4.20	20.138	12.7353181848638	0
CSR1	C17E7.12	21.89	7.01170195191773	0
CSR1	C17E7.13	22.408	4.1939095357112	0
CSR1	C17E7.4	7.634	3.72651277665576	0
CSR1	C17E7.9	4.03	2.2944468993681	1
CSR1	C17F3.1	9.656	13.11888614033	0
CSR1	C17F3.3	6.988	4.37505205849108	0
CSR1	C17F4.11	26.418	10.2207038893645	0
CSR1	C17F4.12	18.456	3.66278152673064	0
CSR1	C17F4.2	27.338	2.12684860949401	0
CSR1	C17F4.3	27.502	1.1062947568995	0
CSR1	C17F4.7	18.3	1.141671170261	0
CSR1	C17F4.8	27.608	0.852319285698359	0
CSR1	C17G1.14	22.694	4.47939102454494	0
CSR1	C17G1.2	19.572	18.0631026626229	0
CSR1	C17G1.5	9.922	6.07415198334148	0
CSR1	C17G10.1	27.03	2.94483888155862	0
CSR1	C17G10.13	21.194	6.56910993750104	0
CSR1	C17G10.6	4.764	3.63449488044197	1
CSR1	C17G10.7	18.464	2.84906481961716	0
CSR1	C17H1.2	21.806	4.81372513938426	0
CSR1	C17H11.1	9.512	2.42530070771544	0
CSR1	C17H11.2	9.224	3.93629675104845	0
CSR1	C17H11.4	20.794	23.3152736764601	0
CSR1	C17H11.5	20.756	27.568604066425	0
CSR1	C17H11.6	22.136	5.06724896384493	0
CSR1	C17H12.10	6.34	2.48140894677481	0
CSR1	C17H12.11	26.458	2.22616657004669	0
CSR1	C17H12.12	7.474	18.8679145134909	0
CSR1	C17H12.2	26.686	15.7098921819165	0
CSR1	C17H12.3	17.558	50.1346391669075	0
CSR1	C17H12.37	23.378	12.3305721193287	0
CSR1	C17H12.5	22.242	9.97151262080277	0
CSR1	C17H12.6	13.364	5.365374070509	0
CSR1	C17H12.8	28.28	1.86391367842199	0
CSR1	C18A11.1	25.784	11.8335418669798	0
CSR1	C18A11.2	18.43	17.3745637667358	0
CSR1	C18A11.3	20.722	19.7312639286387	0
CSR1	C18A11.4	25.63	5.42620840645191	0
CSR1	C18A3.10	12.79	0.672582116266039	0
CSR1	C18A3.11	12.114	5.10591478147531	0
CSR1	C18A3.3	19.264	7.09972739659171	0
CSR1	C18A3.7	19.722	9.59449448394068	0
CSR1	C18B10.6	28.13	3.21509378718028	0
CSR1	C18B12.4	21.598	12.5229769147301	0
CSR1	C18B2.2	26.91	4.63745187572219	0
CSR1	C18B2.3	3.346	4.6232290748003	1
CSR1	C18B2.4	2.226	2.25961838992979	1
CSR1	C18B2.5	20.34	1.56709709444535	0
CSR1	C18C4.7	17.04	33.4593257565887	0
CSR1	C18D1.2	23.722	6.47352541791822	0
CSR1	C18D11.1	12.026	2.76201230826906	0
CSR1	C18D11.10	22.574	4.9399165540576	0
CSR1	C18D11.3	22.192	5.1317858104182	0
CSR1	C18D11.6	21.086	23.7250890917614	0
CSR1	C18D11.7	28.142	2.53607283890695	0
CSR1	C18D11.9	18.586	3.23352269915093	0
CSR1	C18D4.12	20.566	4.53893498900212	0
CSR1	C18D4.3	7.242	7.05199384877106	0
CSR1	C18D4.4	24.056	11.3038399372817	0
CSR1	C18D4.6	23.82	1.01322572511731	0
CSR1	C18E3.1	16.67	9.1772821482206	0
CSR1	C18E3.3	20.586	5.42991068439663	0
CSR1	C18E9.2	22.528	6.5991834642215	0
CSR1	C18E9.5	22.228	11.2405235548214	0
CSR1	C18E9.7	27.176	4.79583089539921	0
CSR1	C18E9.8	25.956	13.9434219348758	0
CSR1	C18E9.9	21.326	6.2741823930073	0
CSR1	C18F10.2	17.532	4.26654514665016	0
CSR1	C18F10.7	21.158	6.32998546058306	0
CSR1	C18G1.1	9.102	2.57001828472221	0
CSR1	C18G1.6	16.918	1.9431375981788	0
CSR1	C18G1.7	27.198	2.02978079039548	0
CSR1	C18G1.8	27.278	1.98747669308071	0
CSR1	C18G1.9	22.136	22.623810035474	0
CSR1	C18H2.5	28.584	1.35508348208056	0
CSR1	C18H7.1	23.3	2.86832097085449	0
CSR1	C18H7.11	27.946	2.01447564250809	0
CSR1	C18H7.12	18.768	20.3044059091085	0
CSR1	C18H7.4	29.358	0.764847681479088	0
CSR1	C18H7.6	18.044	4.80377377255047	0
CSR1	C18H7.7	24.39	3.54920067553936	0
CSR1	C18H9.1	21.986	2.51306055123544	0
CSR1	C18H9.5	11.382	4.27237578016831	0
CSR1	C18H9.6	26.578	3.856839225175	0
CSR1	C23F12.3	24.76	10.6035655080473	0
CSR1	C23F12.4	23.682	7.02697153521325	0
CSR1	C23F12.9	22.02	12.1524816407609	0
CSR1	C23G10.1	18.274	21.9582262176678	0
CSR1	C23G10.10	25.92	4.6873809236514	0
CSR1	C23G10.11	4.956	7.43098839681545	1
CSR1	C23G10.2	26.5	7.88521244442398	0
CSR1	C23G10.5	26.092	3.25639565778979	0
CSR1	C23G10.7	26.56	4.58433772046133	0
CSR1	C23H3.2	21.18	10.4310066825808	0
CSR1	C23H3.5	25.316	20.0710377514594	0
CSR1	C23H3.9	21.652	16.2492646323881	0
CSR1	C23H4.6	23.688	14.8368121713891	0
CSR1	C23H4.8	27.034	2.81523863625371	0
CSR1	C23H5.11	24.94	3.12287609921744	0
CSR1	C23H5.12	27.512	3.08660892446502	0
CSR1	C23H5.15	17.418	6.08720193956904	0
CSR1	C23H5.8	21.612	3.92856114690894	0
CSR1	C24A11.1	25.974	8.74173874357476	0
CSR1	C24A3.1	19.848	21.3893819572433	0
CSR1	C24A3.2	23.65	6.88016956767746	0
CSR1	C24A3.4	29.846	1.80503246005293	0
CSR1	C24A3.9	26.332	4.87370230140007	0
CSR1	C24A8.5	20.32	1.85708290001115	0
CSR1	C24A8.6	22.474	5.10953171912276	0
CSR1	C24B5.4	28.348	2.86239182660824	0
CSR1	C24B9.3	27.334	4.35467433661502	0
CSR1	C24D10.2	19.29	19.0067470480235	0
CSR1	C24D10.4	22.716	1.27191872264702	0
CSR1	C24D10.49	18.632	2.71036415564988	0
CSR1	C24D10.5	27.968	1.63370122484417	0
CSR1	C24D10.6	23.578	2.54958258783409	0
CSR1	C24F3.2	27.622	6.47474708632687	0
CSR1	C24G6.8	12.424	17.7352270386951	0
CSR1	C24H10.2	20.872	6.72202826256236	0
CSR1	C24H10.3	27.124	0.948081180000681	0
CSR1	C24H10.4	10.988	6.53374201809877	0
CSR1	C24H11.1	24.058	6.97727022865766	0
CSR1	C24H11.2	23.72	3.14243594495518	0
CSR1	C24H11.5	26.724	6.47177545910899	0
CSR1	C24H12.1	27.566	4.66859898901915	0
CSR1	C24H12.18	18.038	19.2468053966782	0
CSR1	C24H12.4	27.744	9.89718529484026	0
CSR1	C24H12.6	12.95	3.32808678602471	0
CSR1	C24H12.8	23.566	0.951979490133757	0
CSR1	C25A1.1	2.318	2.20819394168589	1
CSR1	C25A1.15	20.106	3.58733568968821	0
CSR1	C25A1.16	22.074	14.217974742633	0
CSR1	C25A1.20	27.918	3.94168930712192	0
CSR1	C25A11.2	27.458	11.9450837475626	0
CSR1	C25A6.1	27.068	7.74474221387211	0
CSR1	C25A8.1	18.964	3.10166972178026	0
CSR1	C25A8.2	18.742	4.96704872421973	0
CSR1	C25A8.5	28.672	2.3874223313536	0
CSR1	C25B8.8	27.142	5.60825472582053	0
CSR1	C25D7.10	19.558	5.26246407570271	0
CSR1	C25D7.15	16.254	3.99205269771095	0
CSR1	C25D7.16	24.43	11.4126429715073	0
CSR1	C25D7.5	15.16	7.05172577096936	0
CSR1	C25D7.9	26.616	6.34353655027064	0
CSR1	C25E10.10	6.226	7.4825696635167	0
CSR1	C25E10.11	27.526	3.64205422261336	0
CSR1	C25E10.12	25.352	3.12577146468861	0
CSR1	C25E10.13	15.74	5.32252149609035	0
CSR1	C25E10.16	25.548	3.48983428098234	0
CSR1	C25E10.17	23.98	14.0474059424016	0
CSR1	C25E10.4	11.864	86.3194447218319	0
CSR1	C25E10.5	28.862	2.0363260523174	0
CSR1	C25E10.8	21.702	17.8963831302501	0
CSR1	C25F6.1	22.972	4.81845970079414	0
CSR1	C25F6.6	16.026	30.8115995781216	0
CSR1	C25F6.8	24.252	4.96360396857599	0
CSR1	C25F9.10	27.586	4.97095525259501	0
CSR1	C25F9.11	21.394	4.38922789508689	0
CSR1	C25F9.12	26.724	2.11637235812942	0
CSR1	C25F9.13	25.624	7.63989442022565	0
CSR1	C25F9.14	25.066	10.1189294263163	0
CSR1	C25F9.15	28.756	2.7907733946702	0
CSR1	C25F9.16	24.382	10.4936354184643	0
CSR1	C25F9.2	24.38	10.1776875025118	0
CSR1	C25F9.4	25.538	5.41684790629706	0
CSR1	C25F9.5	22.59	25.9735215246988	0
CSR1	C25F9.6	23.88	3.9834004941595	0
CSR1	C25F9.8	25.752	2.60715312232838	0
CSR1	C25F9.9	22.878	12.5151225515353	0
CSR1	C25G4.17	21.638	17.1199382294102	0
CSR1	C25G4.2	26.332	5.74912390452961	0
CSR1	C25G4.3	20.486	8.5382760067184	0
CSR1	C25G4.7	22.412	5.8354871484339	0
CSR1	C25G4.8	26.924	4.47017129261252	0
CSR1	C25G6.1	26.896	6.42318274531046	0
CSR1	C25G6.3	24.496	2.62707924196141	0
CSR1	C25G6.4	23.072	10.0205476039583	0
CSR1	C25H3.1	27.158	4.6404957838236	0
CSR1	C25H3.10	27.02	7.74947383372382	0
CSR1	C25H3.14	28.82	2.25350907441076	0
CSR1	C25H3.15	15.582	4.94772143836779	0
CSR1	C25H3.16	22.14	7.48282982915044	0
CSR1	C25H3.17	25.152	7.36340973231729	0
CSR1	C25H3.3	26.472	10.4883166353459	0
CSR1	C25H3.7	28.054	5.69484787767452	0
CSR1	C26B2.2	9.914	50.4023303504374	0
CSR1	C26B2.7	6.972	4.251703148961	0
CSR1	C26B2.8	27.452	3.20418749639363	0
CSR1	C26B9.1	23.352	6.10473225477233	0
CSR1	C26B9.2	12.046	77.9334062400183	0
CSR1	C26B9.3	27.396	3.95117820129766	0
CSR1	C26B9.5	28.146	3.81110718493746	0
CSR1	C26B9.6	27.718	1.74247900592556	0
CSR1	C26B9.7	24.848	3.24804799395982	0
CSR1	C26C6.10	24.682	7.59365201096973	0
CSR1	C26C6.4	17.312	3.9122499563367	0
CSR1	C26C6.6	27.13	3.78416889574953	0
CSR1	C26C6.8	22.096	7.21524439689027	0
CSR1	C26C6.9	6.604	5.29397445401719	0
CSR1	C26D10.3	27.288	6.29094880539514	0
CSR1	C26D10.4	28.432	0.763880682869099	0
CSR1	C26D10.6	26.958	2.26663735026335	0
CSR1	C26D10.7	25.048	4.80611440809709	0
CSR1	C26E1.1	23.784	9.56853844837113	0
CSR1	C26E1.2	21.29	4.00985363464783	0
CSR1	C26E6.1	27.048	2.9227685638437	0
CSR1	C26E6.12	24.774	16.2654164542677	0
CSR1	C26F1.1	22.36	4.19691207145359	0
CSR1	C26F1.3	7.582	7.69922297060079	0
CSR1	C26G2.2	22.828	6.42412490304525	0
CSR1	C26H9A.3	25.1	3.73993042317174	0
CSR1	C26H9A.4	16.452	32.9479225539023	0
CSR1	C27A12.4	5.574	4.8944854873583	0
CSR1	C27A2.12	28.124	2.69113688039869	0
CSR1	C27A2.7	14.784	1.96833253369771	0
CSR1	C27A2.8	25.378	5.05906148811203	0
CSR1	C27A7.1	28.828	3.82128083132068	0
CSR1	C27A7.3	26.394	7.81259841327619	0
CSR1	C27A7.5	23.26	25.6769818996437	0
CSR1	C27A7.6	18.694	4.57273707056991	0
CSR1	C27A7.8	10.55	2.53188822543945	0
CSR1	C27A7.9	16.436	5.23976912435787	0
CSR1	C27B7.2	28.916	1.12874995871198	0
CSR1	C27B7.5	1.944	3.30581666935383	1
CSR1	C27B7.6	24.41	6.37234853096293	0
CSR1	C27B7.7	28.66	1.38582533902551	0
CSR1	C27B7.9	19.794	6.89122521648064	0
CSR1	C27C12.1	20.256	8.24732298763173	0
CSR1	C27C12.3	22.232	6.25187686094241	0
CSR1	C27C12.4	25.108	10.5967181255475	0
CSR1	C27C7.1	11.262	4.79134882759677	0
CSR1	C27C7.5	24.652	1.16279855774051	0
CSR1	C27C7.7	26.984	2.50163333646356	0
CSR1	C27D6.1	28.56	1.59169371606172	0
CSR1	C27D6.11	23.126	10.4822922132515	0
CSR1	C27D6.15	25.414	7.85474107736391	0
CSR1	C27D6.3	9.982	8.66817458624799	0
CSR1	C27D8.1	27.466	6.70377092521363	0
CSR1	C27D8.2	28.508	2.80857468330579	0
CSR1	C27D8.3	17.804	10.1271262349672	0
CSR1	C27D8.4	29.55	1.48457270856472	0
CSR1	C27D9.1	24.382	5.06827470185686	0
CSR1	C27D9.2	27.284	3.88770507475898	0
CSR1	C27F2.10	26.242	0.992754795135158	0
CSR1	C27F2.4	24	20.1291187986735	0
CSR1	C27F2.6	26.34	8.69354559420998	0
CSR1	C27F2.7	27.87	1.9327439333064	0
CSR1	C27F2.9	26.856	7.23855226636305	0
CSR1	C27H5.12	15.468	5.41522887393009	0
CSR1	C27H5.2	24.53	5.39435251962681	0
CSR1	C27H5.6	13.916	3.65058743739155	0
CSR1	C27H6.8	28.122	4.01501106830469	0
CSR1	C27H6.9	18.762	5.93771033551546	0
CSR1	C28A5.1	23.814	8.44744029874026	0
CSR1	C28A5.2	25.488	9.91795530016414	0
CSR1	C28A5.6	25.722	6.28462108231485	0
CSR1	C28C12.1	14.722	1.47681463589394	0
CSR1	C28C12.11	21.232	6.13454259786473	0
CSR1	C28C12.12	11.664	4.92526042274328	0
CSR1	C28D4.10	26.452	2.3866777769655	0
CSR1	C28D4.18	11.92	3.99305946553767	0
CSR1	C28D4.4	24.056	16.5556295798684	0
CSR1	C28D4.5	25.512	1.11674307162154	0
CSR1	C28D4.7	27.622	2.18922069509052	0
CSR1	C28D4.8	24.168	17.6741526053953	0
CSR1	C28F5.1	24.124	15.2257842801691	0
CSR1	C28F5.4	29.958	0.728037516086479	0
CSR1	C28G1.10	27.95	5.27640149127149	0
CSR1	C28G1.2	25.196	11.2560585616282	0
CSR1	C28G1.6	29.096	1.60481449877036	0
CSR1	C28H8.2	5.842	7.86135355682638	0
CSR1	C28H8.3	24.072	10.4454650278487	0
CSR1	C28H8.5	24.192	9.59526405982766	0
CSR1	C28H8.7	26.398	5.30758390622795	0
CSR1	C28H8.8	16.084	6.49150029683765	0
CSR1	C29A12.1	21.998	17.6812754047029	0
CSR1	C29A12.22	19.648	10.7399351413185	0
CSR1	C29A12.6	24.082	8.4164511769376	0
CSR1	C29E4.10	27.878	7.85960320064116	0
CSR1	C29E4.11	21.916	11.4604342396916	0
CSR1	C29E4.12	24.746	1.2006768955664	0
CSR1	C29E4.13	23.02	13.2835936351097	0
CSR1	C29E4.14	16.798	3.48685425024157	0
CSR1	C29E4.15	26.36	2.15620211036437	0
CSR1	C29E4.17	3.912	3.73683063734246	1
CSR1	C29E4.9	26.432	1.10896313320589	0
CSR1	C29F3.3	15.508	5.04151134279441	0
CSR1	C29F3.7	26.462	1.64427927481071	0
CSR1	C29F4.3	24.186	6.51013480119724	0
CSR1	C29F5.1	29.366	0.864033720046208	0
CSR1	C29F5.8	24.784	6.57908833548237	0
CSR1	C29F7.1	29.482	1.57703295724105	0
CSR1	C29F7.10	18.886	1.21298918252898	0
CSR1	C29F7.2	28.714	3.02232579451389	0
CSR1	C29F7.3	13.662	63.9769665094113	0
CSR1	C29F9.12	11.322	8.57089583153084	0
CSR1	C29F9.5	9.846	2.190819989305	0
CSR1	C29F9.6	17.372	15.5884156779234	0
CSR1	C29F9.8	17.346	8.18049738713603	0
CSR1	C29F9.9	22.798	9.08680798588918	0
CSR1	C29G2.3	27.604	3.36728461360834	0
CSR1	C29G2.6	22.882	1.63502162111372	0
CSR1	C29H12.2	25.31	5.49467112585476	0
CSR1	C29H12.6	14.802	5.60173123871722	0
CSR1	C30A5.10	4.476	7.87291839530872	1
CSR1	C30A5.16	20.932	22.0439307344197	0
CSR1	C30A5.4	26.078	5.57809110429428	0
CSR1	C30B5.17	23.188	2.22179267553422	0
CSR1	C30B5.2	22.394	7.79834747121851	0
CSR1	C30B5.6	2.964	2.91791475174624	1
CSR1	C30E1.4	14.716	2.64302322099109	0
CSR1	C30F12.2	7.846	4.54081529083427	0
CSR1	C30F12.3	26.248	7.19996401484912	0
CSR1	C30F12.4	3.294	13.6115267656689	0
CSR1	C30F12.5	19.886	16.9419169491355	0
CSR1	C30F2.2	17.616	4.97697534237259	0
CSR1	C30F2.4	19.522	13.068331716934	0
CSR1	C30F2.5	22.054	16.9963588560279	0
CSR1	C30F8.3	21.528	11.6109901997222	0
CSR1	C30G12.1	26.35	1.36332181758528	0
CSR1	C30G12.2	24.166	9.51681123315376	0
CSR1	C30G12.4	11.124	4.74560864765274	0
CSR1	C30G12.6	25.142	9.54210844726713	0
CSR1	C30G4.2	18.778	27.3734776369637	0
CSR1	C30G4.4	21.848	3.282980781618	0
CSR1	C30G7.2	10.308	5.25586787921345	0
CSR1	C30G7.3	16.824	3.47415140130945	0
CSR1	C30G7.4	14.93	20.056674844406	0
CSR1	C30G7.5	5.008	10.1271687503215	0
CSR1	C30H6.12	20.646	6.44252666068418	0
CSR1	C30H6.5	9.266	1.23663082327919	0
CSR1	C30H6.8	26.056	6.29481432198424	0
CSR1	C30H6.9	23.904	18.4977168901532	0
CSR1	C31A11.13	17.822	4.79512748204175	0
CSR1	C31B8.1	27.358	2.93938864202426	0
CSR1	C31B8.12	8.776	1.78464631485317	0
CSR1	C31B8.16	19.886	2.3663054007672	0
CSR1	C31B8.7	27.264	5.97185916146637	0
CSR1	C31B8.9	23.5	5.59028129052536	0
CSR1	C31C9.6	24.9	7.360307481605	0
CSR1	C31C9.7	17.466	6.42696009560759	0
CSR1	C31C9.9	23.034	2.52224242965328	0
CSR1	C31E10.11	14.216	5.00392414530807	0
CSR1	C31E10.5	28.08	2.17484445826052	0
CSR1	C31E10.6	28.874	1.05577413075337	0
CSR1	C31G12.1	29.548	1.09046673520893	0
CSR1	C31G12.3	8.822	7.58635521569524	0
CSR1	C31G12.4	28.592	7.68011489011749	0
CSR1	C31H1.1	19.786	5.85363990449532	0
CSR1	C31H1.2	23.868	11.3268096980443	0
CSR1	C31H1.5	22.828	13.8475489440421	0
CSR1	C31H2.14	19.41	21.6929403387681	0
CSR1	C31H2.3	21.204	9.51310551356782	0
CSR1	C31H2.4	3.434	2.68951657286402	1
CSR1	C31H5.1	14.896	1.62966581998795	0
CSR1	C31H5.4	22.746	1.70259612182822	0
CSR1	C31H5.5	18.532	5.71810488203288	0
CSR1	C31H5.6	25.604	13.4464545816061	0
CSR1	C31H5.7	19.736	3.00884968590199	0
CSR1	C32A9.1	26.862	2.79110499540996	0
CSR1	C32B5.13	23.572	7.19842065217702	0
CSR1	C32B5.15	24.802	3.60609010774243	0
CSR1	C32B5.18	13.38	7.71201225353217	0
CSR1	C32B5.6	22.408	2.50734190647561	0
CSR1	C32B5.7	26.224	4.99051673414644	0
CSR1	C32C4.16	23.07	2.84191360436168	0
CSR1	C32D5.1	27.366	5.58739111989268	0
CSR1	C32D5.10	11.994	3.79635685743244	0
CSR1	C32D5.11	16.986	17.056208538279	0
CSR1	C32D5.12	28.304	3.7992080871301	0
CSR1	C32D5.14	22.576	4.85484229576277	0
CSR1	C32D5.4	5.85	1.78056979965809	0
CSR1	C32D5.6	10.278	51.1556440633853	0
CSR1	C32D5.7	14.252	19.1847019590737	0
CSR1	C32D5.8	23.012	14.3273806424562	0
CSR1	C32E12.1	20.56	11.644897306864	0
CSR1	C32E12.4	22.844	2.70798173744325	0
CSR1	C32E8.1	25.726	5.51214726729888	0
CSR1	C32E8.12	19.23	8.62019770688515	0
CSR1	C32E8.13	22.232	5.43203765619421	0
CSR1	C32E8.4	9.512	1.52602070514396	0
CSR1	C32E8.9	30.164	1.20004197873933	0
CSR1	C32F10.4	23.674	3.08349371141899	0
CSR1	C32F10.8	27.102	20.7990396970498	0
CSR1	C32H11.3	26.326	11.2710215241022	0
CSR1	C32H11.4	28.24	5.57581821206898	0
CSR1	C32H11.9	20.44	22.0082342351308	0
CSR1	C33A11.2	25.8	7.54097633859001	0
CSR1	C33A12.1	18.682	3.71609352479457	0
CSR1	C33A12.19	16.598	12.9870490803833	0
CSR1	C33A12.3	26.142	14.6385236137459	0
CSR1	C33A12.4	21.884	3.21457264904882	0
CSR1	C33B4.2	24.65	2.54545711027197	0
CSR1	C33B4.4	26.094	3.72863158229139	0
CSR1	C33B4.5	27.388	1.29616239841035	0
CSR1	C33C12.1	22.064	14.2081633101218	0
CSR1	C33C12.11	24.288	4.02559775815531	0
CSR1	C33C12.12	24.062	12.0208592857476	0
CSR1	C33C12.4	26.84	4.02358626424277	0
CSR1	C33C12.7	24.196	5.77992197598407	0
CSR1	C33D3.3	21.992	2.60862955464638	0
CSR1	C33D3.4	26.476	5.2427368230273	0
CSR1	C33D3.5	22.53	2.57262289900352	0
CSR1	C33D9.10	25.828	10.9143115435959	0
CSR1	C33D9.13	26.884	7.13460323992908	0
CSR1	C33D9.3	2.808	3.39161494325046	1
CSR1	C33D9.6	22.198	5.62720828738641	0
CSR1	C33D9.8	20.16	14.200766020138	0
CSR1	C33E10.1	23.44	10.3556080505633	0
CSR1	C33E10.10	27.448	4.62731818261564	0
CSR1	C33E10.8	26.904	2.6432759474498	0
CSR1	C33F10.1	20.85	7.25196667867503	0
CSR1	C33F10.11	21.508	5.91496663284508	0
CSR1	C33F10.12	28.48	6.15458668949592	0
CSR1	C33F10.14	17.85	7.79094277476413	0
CSR1	C33F10.4	6.604	3.72236736987338	0
CSR1	C33F10.8	22.892	32.3328659933834	0
CSR1	C33G3.4	29.176	1.65348566624964	0
CSR1	C33G3.5	16.948	11.5362576981221	0
CSR1	C33G3.6	21.048	3.52016864989017	0
CSR1	C33G8.13	29.1	0.866292966732338	0
CSR1	C33G8.2	21.892	4.22613953814994	0
CSR1	C33H5.1	25.234	4.54885819268944	0
CSR1	C33H5.13	21.314	7.28737972230733	0
CSR1	C33H5.16	22.096	12.5402323895687	0
CSR1	C33H5.2	25.636	3.12409600294042	0
CSR1	C34B2.11	4.412	3.73945711217414	1
CSR1	C34B2.3	23.064	11.5579801626945	0
CSR1	C34B2.4	26.2	3.02792300052427	0
CSR1	C34B2.9	20.26	4.21616746282176	0
CSR1	C34B4.2	14.268	23.6814628066766	0
CSR1	C34B4.3	23.7	4.08062908926748	0
CSR1	C34B4.4	18.006	22.7891639947977	0
CSR1	C34B4.5	28.886	3.11806090880194	0
CSR1	C34B7.1	21.072	0.984876280776993	0
CSR1	C34C12.1	27.076	5.59268505051548	0
CSR1	C34C12.12	11.762	1.68587581131718	0
CSR1	C34C12.2	21.114	7.09209271347708	0
CSR1	C34C12.4	16.308	1.68511788445599	0
CSR1	C34C12.6	16.814	7.70571451508117	0
CSR1	C34C12.7	26.792	1.29333824679278	0
CSR1	C34C12.8	24.922	11.9367687595113	0
CSR1	C34C12.9	22.5	5.82425748989878	0
CSR1	C34C6.10	7.472	5.91323707232693	0
CSR1	C34C6.3	26.964	3.12502884903748	0
CSR1	C34C6.9	25.204	6.28806475514919	0
CSR1	C34D1.4	21.68	4.13858757252901	0
CSR1	C34D10.1	18.3	3.46768568048199	0
CSR1	C34D10.5	2.444	0.985400538362708	1
CSR1	C34D4.10	23.398	15.6584513953949	0
CSR1	C34D4.2	28.626	1.56783880542364	0
CSR1	C34D4.3	26.618	3.25064688255795	0
CSR1	C34D4.4	21.308	5.20649868189425	0
CSR1	C34E10.10	11.878	74.0768211023901	0
CSR1	C34E10.12	23.092	1.05339010817326	0
CSR1	C34E10.9	18.928	7.16639337718337	0
CSR1	C34E11.2	17.296	25.9444186792414	0
CSR1	C34E11.4	22.1	3.09185887888806	0
CSR1	C34E7.3	27.684	4.16269989754929	0
CSR1	C34F11.1	16.832	13.1711138611165	0
CSR1	C34F11.2	14.844	44.7788685795426	0
CSR1	C34F11.5	30.352	0.624860260251502	0
CSR1	C34F11.8	22.116	2.44284317712368	0
CSR1	C34F6.1	6.646	1.62962871701021	0
CSR1	C34F6.10	5.1	5.79510459063986	0
CSR1	C34F6.11	27.95	2.10164424868714	0
CSR1	C34F6.12	14.914	2.466168001796	0
CSR1	C34F6.5	16.132	2.40696211190467	0
CSR1	C34F6.7	7	4.31655569421089	0
CSR1	C34F6.9	27.096	6.23465850157123	0
CSR1	C34G6.3	17.586	2.44499456133934	0
CSR1	C34H4.1	27.518	1.60583491665258	0
CSR1	C34H4.2	25.772	10.4374102401925	0
CSR1	C34H4.5	17.798	8.49965717690895	0
CSR1	C35A11.2	25.806	1.75976723748545	0
CSR1	C35A11.3	22.802	7.55653414840538	0
CSR1	C35A11.4	27.698	3.37017840099128	0
CSR1	C35A5.10	20.34	7.20436011930685	0
CSR1	C35A5.11	25.756	8.77708502675517	0
CSR1	C35A5.3	22.806	6.36489718146132	0
CSR1	C35A5.4	17.472	30.3236210561234	0
CSR1	C35A5.5	25.598	3.28805726083127	0
CSR1	C35A5.6	22.136	3.70376690767995	0
CSR1	C35B1.2	22.398	3.76696083795363	0
CSR1	C35B1.3	20.214	8.88846179217545	0
CSR1	C35B1.4	7.722	2.72166019919112	0
CSR1	C35B1.5	23.078	17.4757762049859	0
CSR1	C35B1.7	14.836	1.04159847786907	0
CSR1	C35B1.8	24.45	12.9889856198746	0
CSR1	C35B1.9	22.626	8.11508082700038	0
CSR1	C35B8.3	27.004	5.37943664546364	0
CSR1	C35C5.10	8.466	11.4501645409472	0
CSR1	C35C5.8	27.318	2.57133981044447	0
CSR1	C35C5.9	11.4	4.83531496932413	0
CSR1	C35D10.1	21.976	14.6084243412522	0
CSR1	C35D10.10	26.984	5.68318794012794	0
CSR1	C35D10.12	24.448	3.19468983627991	0
CSR1	C35D10.17	24.57	8.51107822645479	0
CSR1	C35D10.3	22.346	4.24172323554706	0
CSR1	C35D10.5	27.65	2.32043241805018	0
CSR1	C35D10.6	26.186	7.54766335850091	0
CSR1	C35D10.7	14.564	26.905197176867	0
CSR1	C35D10.8	23.088	4.59351933124502	0
CSR1	C35D6.13	23.244	3.56816948268501	0
CSR1	C35D6.3	23.256	7.0701163648185	0
CSR1	C35D6.4	21.014	5.10822812683769	0
CSR1	C35E7.10	24.37	4.28732276879927	0
CSR1	C35E7.11	19.434	3.72242209491081	0
CSR1	C35E7.12	24.336	4.89924116406751	0
CSR1	C35E7.2	14.858	1.12661028448921	0
CSR1	C35E7.3	26.6	6.02290369118676	0
CSR1	C35E7.4	23.498	7.09228159351166	0
CSR1	C35E7.5	23.068	3.36967181637514	0
CSR1	C35E7.6	16.978	2.97119917397643	0
CSR1	C35E7.7	28.326	2.75326914505231	0
CSR1	C35E7.9	28.074	3.68789813953326	0
CSR1	C36A4.10	22.22	11.4280419898924	0
CSR1	C36A4.11	16.044	7.28706328497486	0
CSR1	C36A4.4	27.842	6.44883990600117	0
CSR1	C36B1.11	26.872	3.04552980897131	0
CSR1	C36B1.13	24.474	4.00483307482245	0
CSR1	C36B1.14	20.044	5.98730707197646	0
CSR1	C36B1.6	29.378	0.920126051788706	0
CSR1	C36B1.9	18.954	9.25016847060884	0
CSR1	C36B7.1	28.512	4.35804536204041	0
CSR1	C36B7.2	24.8	3.38577643236348	0
CSR1	C36B7.3	14.18	5.01400022506444	0
CSR1	C36B7.4	21.478	3.96812287132294	0
CSR1	C36B7.5	19.452	1.52866032636196	0
CSR1	C36B7.6	27.976	3.24744161160429	0
CSR1	C36C5.12	22.194	13.0900188716734	0
CSR1	C36C5.14	25.166	4.90573333300822	0
CSR1	C36C5.15	23.928	1.6065222197409	0
CSR1	C36C5.4	21.952	3.20911231553418	0
CSR1	C36C9.11	22.21	7.39277277925832	0
CSR1	C36C9.12	24.442	10.1291074791639	0
CSR1	C36C9.4	22.57	8.60666429386019	0
CSR1	C36C9.5	15.34	48.1254588938208	0
CSR1	C36C9.6	23.284	2.40558348824075	0
CSR1	C36E6.2	5.236	18.2900887152386	0
CSR1	C36E6.8	23.898	6.14946265230648	0
CSR1	C36E8.4	21.778	23.7665694713092	0
CSR1	C36E8.6	21.86	3.72412895287665	0
CSR1	C36F7.5	13.836	17.7549791991689	0
CSR1	C36H8.1	25.398	11.5265410194092	0
CSR1	C37A2.6	26.922	2.70152008764715	0
CSR1	C37A2.7	14.396	4.68033050603665	0
CSR1	C37A2.8	21.686	18.8085159957104	0
CSR1	C37A5.11	21.582	14.3538188480787	0
CSR1	C37A5.3	8.184	3.63152045325438	0
CSR1	C37A5.5	20.134	4.92352326368659	0
CSR1	C37A5.6	20.248	3.38483414968659	0
CSR1	C37A5.7	25.926	9.89794442538835	0
CSR1	C37C3.1	25.828	10.8165628202825	0
CSR1	C37C3.10	24.864	3.68178806717095	0
CSR1	C37C3.11	26.478	7.9235285785526	0
CSR1	C37C3.12	22.126	1.92243818214539	0
CSR1	C37C3.17	1.77	2.61966624166546	1
CSR1	C37C3.2	16.098	2.52918761034339	0
CSR1	C37C3.9	22.446	11.5310438452454	0
CSR1	C37E2.10	19.464	23.0707056963623	0
CSR1	C37E2.2	14.216	54.7938128160463	0
CSR1	C37E2.3	22.086	6.03293427182048	0
CSR1	C37H5.13	11.686	4.92343031088437	0
CSR1	C37H5.14	28.116	1.02485868144103	0
CSR1	C37H5.5	22.894	20.8536562616615	0
CSR1	C38C10.2	18.392	1.59420624149275	0
CSR1	C38C10.3	27.816	1.64757801628623	0
CSR1	C38C3.3	21.47	28.5220471913964	0
CSR1	C38C3.4	25.044	12.0143555547131	0
CSR1	C38C3.6	21.26	8.79862720039646	0
CSR1	C38C5.1	24.732	7.77602563256017	0
CSR1	C38C6.3	5.096	6.23265542577875	0
CSR1	C38D4.10	20.1	7.78253221821352	0
CSR1	C38D4.7	7.076	7.4336320275244	0
CSR1	C38D9.2	15.62	28.0258774607809	0
CSR1	C38D9.8	25.306	1.61983176028414	0
CSR1	C38H2.2	22.756	2.04296817647986	0
CSR1	C38H2.3	23.14	14.2939171648724	0
CSR1	C39B10.1	23.032	9.31782944358207	0
CSR1	C39B10.3	16.434	6.37201629479651	0
CSR1	C39B10.4	22.888	11.6892211533224	0
CSR1	C39B10.5	24.858	5.98806291936953	0
CSR1	C39B10.7	16.64	10.0184091715218	0
CSR1	C39B5.10	24.51	4.59870422068634	0
CSR1	C39B5.14	24.926	3.16386659051888	0
CSR1	C39B5.2	6.11	2.28547300225351	0
CSR1	C39B5.5	7.24	8.89946613807874	0
CSR1	C39B5.6	23.674	10.6175929680056	0
CSR1	C39D10.1	21.462	2.14620794212161	0
CSR1	C39D10.11	24.23	7.61824541509262	0
CSR1	C39D10.2	21.044	2.28207338705242	0
CSR1	C39D10.5	22.51	9.12038119984256	0
CSR1	C39D10.7	14.782	2.73559777158168	0
CSR1	C39D10.8	27.288	3.24244874045869	0
CSR1	C39E6.2	20.114	2.80636972129574	0
CSR1	C39E9.12	7.206	5.90447132667125	0
CSR1	C39E9.7	16.968	1.71031838048425	0
CSR1	C39E9.8	23.724	2.14280942751836	0
CSR1	C39F7.1	14.154	9.21352305096221	0
CSR1	C39F7.5	19.672	12.4486671140843	0
CSR1	C39H7.4	23.21	6.70720980474862	0
CSR1	C40A11.2	20.794	22.24069569301	0
CSR1	C40A11.3	14.494	16.1616005218289	0
CSR1	C40A11.4	25.42	3.4780083465676	0
CSR1	C40A11.6	22.712	7.34115975531383	0
CSR1	C40A11.7	24.806	3.34992077547542	0
CSR1	C40A11.8	18.656	2.31409466243779	0
CSR1	C40C9.3	6.71	4.17154545522456	0
CSR1	C40C9.4	19.502	3.3393752517321	0
CSR1	C40H1.2	26.056	2.17232576380242	0
CSR1	C40H1.3	26.358	7.39742321696763	0
CSR1	C40H1.7	27.814	1.37155369460087	0
CSR1	C40H1.8	28.246	2.15169015964593	0
CSR1	C40H1.9	28.55	1.32105234085086	0
CSR1	C40H5.2	20.852	4.55710404864557	0
CSR1	C41A3.2	23.39	5.99278853114501	0
CSR1	C41C4.9	25.876	3.51853427786636	0
CSR1	C41D11.10	19.856	6.79471694853773	0
CSR1	C41D11.3	21.508	23.0792335211367	0
CSR1	C41D11.9	22.944	9.27603182976802	0
CSR1	C41G11.1	24.696	2.84379394744019	0
CSR1	C41G6.12	16.324	6.98970572033706	0
CSR1	C41G6.13	9.754	6.11043412805741	0
CSR1	C41G7.15	27.548	1.69514903784121	0
CSR1	C41G7.7	22.236	12.7209737072999	0
CSR1	C41G7.8	7.704	3.03666196583546	0
CSR1	C41H7.2	19.95	5.54366476428046	0
CSR1	C41H7.9	26.522	2.4733723126638	0
CSR1	C42C1.12	23.4	19.328361108403	0
CSR1	C42C1.19	25.764	10.2277474343046	0
CSR1	C42C1.3	25.252	2.22812267039464	0
CSR1	C42C1.8	5.442	3.62050563770095	0
CSR1	C42C1.9	16.218	7.18587685796736	0
CSR1	C42D4.13	9.684	5.613183816363	0
CSR1	C42D4.18	17.914	14.297126407874	0
CSR1	C42D4.19	20.208	7.45690240884947	0
CSR1	C42D4.3	22.602	10.1727910225552	0
CSR1	C42D8.1	23.026	16.1837204503884	0
CSR1	C42D8.9	9.654	5.15146916071735	0
CSR1	C43C3.4	13.05	11.0741888849208	0
CSR1	C43D7.4	22.06	8.37408153486368	0
CSR1	C43D7.7	24.82	2.13214144102762	0
CSR1	C43D7.8	22.884	3.105772513427	0
CSR1	C43E11.12	11.49	3.73782789756177	0
CSR1	C43E11.5	28.148	2.06472869999526	0
CSR1	C43E11.9	27.54	3.45935610200445	0
CSR1	C43F9.11	19.798	7.64519172710106	0
CSR1	C43F9.4	29.104	1.59847573490097	0
CSR1	C43F9.5	26.528	4.68670834705961	0
CSR1	C43F9.7	23.572	2.27457275099317	0
CSR1	C43G2.3	27.11	9.91859466751161	0
CSR1	C43H6.12	19.402	0.851910257144394	0
CSR1	C43H6.4	26.05	12.7317650301551	0
CSR1	C43H6.6	23.84	4.85563628472744	0
CSR1	C44B11.1	24.386	6.34886606399409	0
CSR1	C44B11.4	21.13	3.36431489192791	0
CSR1	C44B11.6	19.322	19.8764952948257	0
CSR1	C44B12.3	25.068	4.77319700939584	0
CSR1	C44B12.6	23.958	2.31408963968842	0
CSR1	C44B12.9	25.964	5.77470031402456	0
CSR1	C44B7.11	27.484	1.32707312943661	0
CSR1	C44B7.5	25.436	6.06210311889829	0
CSR1	C44B7.7	27.152	10.2386034600529	0
CSR1	C44B9.2	26.756	6.28439136527812	0
CSR1	C44B9.3	22.434	6.17383393785536	0
CSR1	C44C1.1	26.85	5.56301667387711	0
CSR1	C44C1.6	21.012	1.93184233330491	0
CSR1	C44C10.10	24.176	7.93042049703535	0
CSR1	C44C10.11	23.666	15.3270658586713	0
CSR1	C44C10.12	15.26	5.78919274070442	0
CSR1	C44C10.15	26.082	6.10696364179348	0
CSR1	C44C10.3	23.692	15.1678476851878	0
CSR1	C44C10.5	27.21	7.69680923543213	0
CSR1	C44C10.7	27.116	4.22663137791029	0
CSR1	C44C10.9	9.34	0.963597430406851	0
CSR1	C44C11.6	23.42	8.06499737169156	0
CSR1	C44E12.1	28.172	5.02101774946619	0
CSR1	C44E4.5	22.806	21.6485939838339	0
CSR1	C44F1.1	25.234	9.46092115623793	0
CSR1	C44H4.4	22.036	4.87564669441649	0
CSR1	C44H4.6	19.594	6.00737666366766	0
CSR1	C44H4.8	16.778	4.66846570000001	0
CSR1	C44H9.4	29.132	1.62179609588905	0
CSR1	C44H9.5	17.498	2.09879135452943	0
CSR1	C44H9.6	21.076	15.9739958859049	0
CSR1	C44H9.7	22.46	12.3629772451902	0
CSR1	C45B11.2	6.172	6.3925854992159	0
CSR1	C45B11.5	5.876	5.73294633495374	0
CSR1	C45B11.6	28.688	2.48988028812027	0
CSR1	C45B11.8	19.818	6.17330466635955	0
CSR1	C45B11.9	22.568	15.9821447475132	0
CSR1	C45B2.2	28.37	3.84451130192062	0
CSR1	C45B2.3	3.084	3.57121527944445	1
CSR1	C45B2.6	28.474	7.99615278178784	0
CSR1	C45B2.8	24.48	3.80801345961484	0
CSR1	C45E1.4	23.13	1.72367202587545	0
CSR1	C45E1.5	21.25	3.94326546919601	0
CSR1	C45E5.1	24.24	13.5201860162602	0
CSR1	C45G7.13	23.874	3.01650207133303	0
CSR1	C45G7.4	23.192	11.3223724251878	0
CSR1	C45G9.10	17.536	29.8061904702381	0
CSR1	C45G9.11	20.512	3.37893572586304	0
CSR1	C45G9.12	20.596	25.3396713361891	0
CSR1	C45G9.14	14.614	63.5947267862825	0
CSR1	C45G9.15	24.258	3.63485280247344	0
CSR1	C45G9.2	23.19	9.55233386123388	0
CSR1	C45G9.4	19.484	1.77220783018293	0
CSR1	C45G9.5	26.966	15.065734621546	0
CSR1	C45G9.6	25.862	10.8386825054746	0
CSR1	C45G9.8	21.326	3.95898247823148	0
CSR1	C45G9.9	21.302	7.29909722498414	0
CSR1	C45H4.13	27.88	2.00844818996867	0
CSR1	C45H4.14	25.292	9.14005549412388	0
CSR1	C45H4.18	23.42	14.2561686280946	0
CSR1	C45H4.21	3.578	1.49727168652643	1
CSR1	C46A5.1	27.564	5.20012762292796	0
CSR1	C46A5.4	28.002	3.38352433538639	0
CSR1	C46A5.6	17.72	10.666287451518	0
CSR1	C46C11.3	24.398	2.57067036463312	0
CSR1	C46C11.4	26.062	8.83050453509313	0
CSR1	C46C2.2	26.66	11.4302403805401	0
CSR1	C46C2.3	26.874	2.49514234881644	0
CSR1	C46C2.5	23.11	1.10065749389675	0
CSR1	C46C2.6	14.144	10.6150501046933	0
CSR1	C46C2.7	21.378	4.2085578977196	0
CSR1	C46E10.1	12.622	3.90966135656248	0
CSR1	C46E10.3	8.516	22.3570325678327	0
CSR1	C46E10.8	22.834	10.3955812703498	0
CSR1	C46F11.4	21.632	8.13855015646353	0
CSR1	C46F11.5	25.27	3.18786833907064	0
CSR1	C46F11.6	25.33	7.03100987011534	0
CSR1	C46F2.1	24.904	8.05542534062583	0
CSR1	C46F4.3	17.834	1.82456022877799	0
CSR1	C46F9.5	20.746	7.1120996544794	0
CSR1	C46F9.6	12.918	22.1724714681621	0
CSR1	C46G7.1	27.694	6.75384215415416	0
CSR1	C46G7.2	26.524	3.63206563168626	0
CSR1	C46G7.5	22.822	3.48139959398543	0
CSR1	C46H11.1	13.838	2.69587336130284	0
CSR1	C46H11.10	24.732	1.79426124086372	0
CSR1	C46H11.2	27.316	1.37382205956605	0
CSR1	C46H11.3	25.488	6.50088663623128	0
CSR1	C46H11.6	21.294	15.6925002933272	0
CSR1	C46H11.7	17.47	4.91606423665343	0
CSR1	C46H3.1	21.864	4.14024757250048	0
CSR1	C46H3.2	22.628	6.23195446710958	0
CSR1	C47A10.12	28.068	2.37244509787032	0
CSR1	C47A10.16	21.394	13.4029839829904	0
CSR1	C47A4.1	17.528	18.3010833942552	0
CSR1	C47A4.3	27.338	4.70176183951166	0
CSR1	C47A4.5	19.646	5.90139351252905	0
CSR1	C47B2.2	26.97	4.5585876790314	0
CSR1	C47B2.9	24.088	10.2037494482188	0
CSR1	C47D12.2	28.604	2.58594030297108	0
CSR1	C47D12.4	26.302	5.45306958781997	0
CSR1	C47D12.5	25.398	4.80936572000667	0
CSR1	C47D2.1	21.95	3.75999143728683	0
CSR1	C47E12.10	18.018	5.37210722333826	0
CSR1	C47E12.11	18.446	2.61812273410663	0
CSR1	C47E12.12	19.846	6.99183031916775	0
CSR1	C47E12.13	23.014	11.672761349723	0
CSR1	C47E12.14	26.964	2.56883820466847	0
CSR1	C47E12.2	25.442	7.02062998130337	0
CSR1	C47E12.3	27.972	2.01907011010865	0
CSR1	C47E12.9	27.742	2.85398033146302	0
CSR1	C47E8.1	21.412	20.3460824999765	0
CSR1	C47E8.11	21.122	7.55929679684778	0
CSR1	C47E8.3	21.57	4.52212788674571	0
CSR1	C47E8.4	20.51	19.127361260285	0
CSR1	C47E8.9	24.538	5.57613755665353	0
CSR1	C47F8.1	27.624	1.34102837217314	0
CSR1	C47F8.3	16.874	44.880557766397	0
CSR1	C47F8.5	26.094	14.3683756098445	0
CSR1	C47F8.6	28.14	7.6260588941108	0
CSR1	C47F8.7	27.516	3.85552559172495	0
CSR1	C47G2.3	18.944	14.8708846816279	0
CSR1	C47G2.4	20.342	9.65205232900559	0
CSR1	C48A7.16	3.908	13.0205174560012	0
CSR1	C48B4.10	20.632	6.38849531303899	0
CSR1	C48B4.11	28.388	1.11628557314256	0
CSR1	C48B4.12	18.288	12.7604334898421	0
CSR1	C48B4.13	22.876	5.95509929925259	0
CSR1	C48B4.3	23.384	13.2644990684723	0
CSR1	C48B4.6	25.104	9.37353392089312	0
CSR1	C48B4.7	13.786	8.46539234157151	0
CSR1	C48B4.8	27.672	3.55844480164325	0
CSR1	C48B4.9	22.698	6.26500237368202	0
CSR1	C48B6.10	24.254	11.5131393582008	0
CSR1	C48B6.2	26.058	4.39009576131117	0
CSR1	C48B6.4	25.012	10.2306508256923	0
CSR1	C48B6.9	9.152	6.3361879393059	0
CSR1	C48D1.1	22.354	3.52306890938879	0
CSR1	C48D1.5	9.544	2.61797947168936	0
CSR1	C48D1.9	12.854	30.2151473754395	0
CSR1	C48D5.3	26.728	2.6664361855927	0
CSR1	C48E7.1	22.268	5.45504950048847	0
CSR1	C48E7.6	27.438	3.97137213412712	0
CSR1	C48E7.7	18.952	7.6404748304976	0
CSR1	C49A1.1	7.224	7.24836657067627	0
CSR1	C49A1.10	19.776	7.57437571771029	0
CSR1	C49A1.5	26.874	3.34530076984288	0
CSR1	C49A9.1	20.08	20.2945732269748	0
CSR1	C49A9.10	20.356	1.18798577325147	0
CSR1	C49A9.2	26.282	8.52419184601982	0
CSR1	C49A9.3	11.766	3.79166908367073	0
CSR1	C49A9.4	21.626	5.72325718150012	0
CSR1	C49A9.5	26.772	2.38696526224361	0
CSR1	C49A9.6	17.07	2.09467594361817	0
CSR1	C49A9.9	23.718	18.961835396091	0
CSR1	C49C3.10	28.394	1.91814289680494	0
CSR1	C49C3.11	20.448	20.6584602104289	0
CSR1	C49C3.15	22.78	18.4449323330405	0
CSR1	C49C3.20	20.072	9.69529477851264	0
CSR1	C49C3.21	16.38	6.50949407169895	0
CSR1	C49C3.4	28.392	1.3952215108724	0
CSR1	C49C3.6	25.41	3.45816867753306	0
CSR1	C49C3.7	20.576	16.3434254406402	0
CSR1	C49C3.8	26.468	5.1273925889904	0
CSR1	C49C3.9	25.14	10.4765673379643	0
CSR1	C49C8.1	25.054	3.36953686785137	0
CSR1	C49C8.2	25.67	4.51847384641101	0
CSR1	C49C8.3	22.108	5.54576952308133	0
CSR1	C49C8.5	24.186	9.69648952209577	0
CSR1	C49C8.6	17.97	2.20250611320682	0
CSR1	C49C8.8	28.296	2.94120707739284	0
CSR1	C49F5.13	10.258	3.10225655049915	0
CSR1	C49F5.3	18.734	3.33235608735287	0
CSR1	C49F5.5	24.548	12.5978096267625	0
CSR1	C49F5.6	23.552	8.18315231533104	0
CSR1	C49F5.8	26.644	3.47839950704407	0
CSR1	C49F8.1	18.75	17.5349099417895	0
CSR1	C49F8.14	12.47	49.6403322595683	0
CSR1	C49F8.15	23.43	6.19181045614607	0
CSR1	C49F8.3	26.848	4.65847660759791	0
CSR1	C49G7.10	22.422	4.59883080733738	0
CSR1	C49G7.12	21.684	17.2546625884557	0
CSR1	C49G7.13	24.518	10.6574378978189	0
CSR1	C49G7.7	17.808	4.87080326063612	0
CSR1	C49G9.2	22.332	4.17109106582891	0
CSR1	C49H3.12	24.338	2.78026509785448	0
CSR1	C49H3.16	21.7	16.3138196713173	0
CSR1	C49H3.3	22.308	16.7227843405331	0
CSR1	C49H3.4	22.85	17.6738889554189	0
CSR1	C49H3.6	17.682	0.751773284909276	0
CSR1	C50A2.3	14.018	30.1929973654815	0
CSR1	C50A2.7	3.158	5.15186939835763	1
CSR1	C50B6.1	27.294	4.21079884349491	0
CSR1	C50B6.3	23.192	2.90935230163507	0
CSR1	C50B6.7	28.44	1.74609128241	0
CSR1	C50B6.9	26.162	7.98175145434881	0
CSR1	C50B8.4	10.252	89.8800814990825	0
CSR1	C50B8.5	16.284	6.86976984398544	0
CSR1	C50B8.6	17.432	2.6233157571414	0
CSR1	C50C3.1	18.772	16.2615869369893	0
CSR1	C50C3.12	10.224	57.1291086724793	0
CSR1	C50C3.19	28.084	2.7919067000591	0
CSR1	C50C3.5	28.194	3.18867889936715	0
CSR1	C50D2.1	23.408	8.05829078988741	0
CSR1	C50D2.10	23.186	10.924390297685	0
CSR1	C50D2.2	23.248	12.6830431987189	0
CSR1	C50D2.5	21.59	20.7343419464048	0
CSR1	C50D2.6	25.362	1.54010763870639	0
CSR1	C50D2.7	28.28	2.42781384636094	0
CSR1	C50E10.1	25.136	6.3199314945069	0
CSR1	C50E10.2	27.812	0.898676804250938	0
CSR1	C50E3.11	25.442	1.08833221179349	0
CSR1	C50E3.12	18.248	5.78572628783851	0
CSR1	C50E3.13	18.782	3.99165838849536	0
CSR1	C50E3.15	11.796	22.9001486787713	0
CSR1	C50E3.5	22.678	5.92149884224521	0
CSR1	C50E3.6	15.618	22.5065335626363	0
CSR1	C50E3.7	14.544	4.88164133218685	0
CSR1	C50E3.9	25.61	1.86079696328682	0
CSR1	C50F2.2	22.568	5.40909781239145	0
CSR1	C50F2.4	22.212	4.74198668962843	0
CSR1	C50F2.5	25.802	3.57480793090184	0
CSR1	C50F2.7	3.41	4.9463717869305	1
CSR1	C50F4.1	26.962	5.75626865451604	0
CSR1	C50F4.10	27.134	2.08911244571111	0
CSR1	C50F4.12	28.406	2.38512119780523	0
CSR1	C50F4.16	28.346	1.77176691299038	0
CSR1	C50F4.4	27.178	4.43021263004696	0
CSR1	C50F4.6	24.932	9.65115217236112	0
CSR1	C50F4.8	25.534	5.08285393674044	0
CSR1	C50F4.9	8.88	6.44209109683044	0
CSR1	C50F7.3	26.068	4.8624553897523	0
CSR1	C50F7.5	17.528	8.98724384619334	0
CSR1	C50F7.9	27.55	4.02658482232839	0
CSR1	C50H11.13	19.242	4.44582052775033	0
CSR1	C50H11.8	9.558	7.60576921061796	0
CSR1	C50H2.13	14.108	6.14945817608729	0
CSR1	C50H2.4	25.698	9.39100569828715	0
CSR1	C50H2.5	16.008	6.18983199702089	0
CSR1	C50H2.7	27.394	3.1232661073246	0
CSR1	C51E3.10	10.736	4.83840940701541	0
CSR1	C51E3.6	27.402	2.93523601111237	0
CSR1	C51E3.9	29.244	1.46333234591059	0
CSR1	C52A10.3	26.796	2.36388709519522	0
CSR1	C52A11.3	20.83	5.35312555162145	0
CSR1	C52B11.5	24.206	18.2282838234707	0
CSR1	C52B9.10	11.156	4.66702613479741	0
CSR1	C52B9.19	13.786	7.28695425812886	0
CSR1	C52B9.4	19.014	4.06746948273412	0
CSR1	C52B9.8	26.668	5.44139013059373	0
CSR1	C52D10.3	22.672	1.47657276279567	0
CSR1	C52E2.2	15.946	2.60785482325621	0
CSR1	C52E2.3	22.08	16.6569720642622	0
CSR1	C52E2.4	26.924	1.73904335813705	0
CSR1	C52E2.5	26.736	4.30526644548003	0
CSR1	C52E4.12	18.938	8.3091407684521	0
CSR1	C52E4.7	22.718	10.7633316845373	0
CSR1	C52G5.2	26.224	5.54265598664707	0
CSR1	C52G5.3	25.936	10.4423428873853	0
CSR1	C53A3.1	15.054	3.85640261331917	0
CSR1	C53A3.3	14.596	6.61638602969366	0
CSR1	C53A3.4	23.48	15.0520677865871	0
CSR1	C53A5.11	9.706	28.2318972775416	0
CSR1	C53A5.13	27.972	6.75824144961981	0
CSR1	C53A5.16	25.246	9.81769067141986	0
CSR1	C53A5.17	28.62	1.21113417277687	0
CSR1	C53A5.2	20.154	1.89414502751804	0
CSR1	C53A5.9	18.532	19.0405417877027	0
CSR1	C53B4.2	24.032	8.5167026618345	0
CSR1	C53B4.3	29.61	1.51317573908949	0
CSR1	C53B7.2	21.488	3.39459831216279	0
CSR1	C53B7.3	16.56	13.7246777474517	0
CSR1	C53B7.6	23.798	6.94781857600367	0
CSR1	C53C11.1	27.188	0.821376782842167	0
CSR1	C53C11.2	21.898	12.0237392096485	0
CSR1	C53C11.4	23.006	6.84363181035063	0
CSR1	C53C11.5	24.962	6.93165741570933	0
CSR1	C53C7.3	17.728	2.05266013888155	0
CSR1	C53D5.1	19.714	6.87320378782694	0
CSR1	C53D5.5	22.148	7.14869981307575	0
CSR1	C53D6.10	22.008	5.61903202230275	0
CSR1	C53D6.11	14.776	4.04951327338944	0
CSR1	C53D6.6	27.604	3.05106981460839	0
CSR1	C53D6.7	21.308	13.0810687035993	0
CSR1	C53D6.8	25.674	4.35957214327287	0
CSR1	C53H9.2	22.544	15.4744049058865	0
CSR1	C53H9.3	5.022	17.7132952971441	0
CSR1	C53H9.4	14.344	16.3774153056327	0
CSR1	C54C6.11	24.622	8.29121399927375	0
CSR1	C54C6.4	25.768	2.71923515440952	0
CSR1	C54C6.5	23.374	2.32656211518702	0
CSR1	C54C6.6	25.838	8.89157464929933	0
CSR1	C54C6.7	19.892	12.1728283001176	0
CSR1	C54C8.12	19.62	20.535237140199	0
CSR1	C54C8.3	26.994	3.20506883979878	0
CSR1	C54C8.4	26.2	4.08878221094415	0
CSR1	C54D1.7	19.294	27.4916642420807	0
CSR1	C54D10.10	18.878	5.34324176043053	0
CSR1	C54D10.13	25.134	5.57742876416446	0
CSR1	C54D10.3	19.118	9.51942188145943	0
CSR1	C54D10.4	24.22	8.73008520326283	0
CSR1	C54D10.5	15.8	2.27892049207454	0
CSR1	C54D10.9	23.416	7.14749603301365	0
CSR1	C54D2.6	26.188	5.67843128229439	0
CSR1	C54E10.10	23.502	4.20610626501294	0
CSR1	C54E10.11	15.086	1.34432802183393	0
CSR1	C54E10.3	7.416	2.19219337242401	0
CSR1	C54E10.6	17.842	3.27156292949525	0
CSR1	C54E10.7	14.606	16.6536556102861	0
CSR1	C54E4.1	22.996	5.63905676933652	0
CSR1	C54E4.12	21.382	7.80354160301525	0
CSR1	C54E4.4	17.988	14.0106851893887	0
CSR1	C54E4.5	16.368	12.0546131793479	0
CSR1	C54F6.12	24.078	10.556379826832	0
CSR1	C54F6.15	21.956	19.388392922298	0
CSR1	C54F6.17	24.81	13.4061719306795	0
CSR1	C54F6.18	22.584	14.2810887188311	0
CSR1	C54F6.19	16.614	4.39833484781439	0
CSR1	C54F6.20	20.628	11.3343432781077	0
CSR1	C54F6.3	27.55	7.66241388765206	0
CSR1	C54F6.5	21.764	9.3151897009346	0
CSR1	C54F6.6	26.054	1.38456805121402	0
CSR1	C54G10.1	26.122	2.29058925422788	0
CSR1	C54G4.2	21.11	8.0836490791858	0
CSR1	C54G4.3	27.722	2.59939367071232	0
CSR1	C54G4.4	22.472	10.730059661983	0
CSR1	C54G4.5	16.608	2.15058663043741	0
CSR1	C54G4.7	12.02	3.9607131842488	0
CSR1	C54G4.9	18.502	1.71572212870396	0
CSR1	C54G6.2	28.102	5.51931663893124	0
CSR1	C54G6.3	18.772	3.13696890415054	0
CSR1	C54G6.8	19.592	18.9211403039537	0
CSR1	C54G7.1	26.796	3.83965207503476	0
CSR1	C54H2.4	20.45	9.44657976275418	0
CSR1	C55A1.1	25.962	11.6936172177424	0
CSR1	C55A1.11	23.944	4.50303560273768	0
CSR1	C55A1.4	29.214	2.47342245178139	0
CSR1	C55A1.6	23.454	5.33278662033931	0
CSR1	C55A6.1	26.468	7.44272942232339	0
CSR1	C55A6.10	26.368	5.04558929764887	0
CSR1	C55A6.11	24.458	1.9440190952388	0
CSR1	C55A6.12	29.16	2.0952771427147	0
CSR1	C55A6.3	28.144	3.25996906875841	0
CSR1	C55A6.4	28.448	2.11633441640953	0
CSR1	C55A6.6	17.4	21.5162543368267	0
CSR1	C55A6.7	27.114	5.77817353172997	0
CSR1	C55B6.1	24.234	1.68669722237905	0
CSR1	C55B6.4	9.32	7.18082956298375	0
CSR1	C55B6.5	27.336	5.54564838565326	0
CSR1	C55B6.7	18.686	2.33657259905876	0
CSR1	C55B7.10	26.006	7.20162054117903	0
CSR1	C55B7.11	22.9	12.9874310877565	0
CSR1	C55B7.3	28.042	1.61331105518226	0
CSR1	C55C2.3	26.006	7.72949256507123	0
CSR1	C55C2.4	22.514	9.11895552078157	0
CSR1	C55C3.1	27.868	3.7935952697589	0
CSR1	C55C3.3	25.778	5.84725557845356	0
CSR1	C55C3.4	24.252	6.46116620854117	0
CSR1	C55C3.6	22.852	6.83378335439111	0
CSR1	C55C3.7	27.226	3.19986256581446	0
CSR1	C55C3.73	16.052	6.7110087923772	0
CSR1	C55C3.8	25.856	3.16298063758626	0
CSR1	C56A3.4	27.89	1.15768263111961	0
CSR1	C56A3.5	20.472	3.81108392555398	0
CSR1	C56A3.8	24.73	4.45015205471082	0
CSR1	C56C10.4	16.142	5.66080367183592	0
CSR1	C56C10.6	26.03	7.3955875038274	0
CSR1	C56C10.7	17.73	25.0031769598571	0
CSR1	C56C10.9	27.104	1.98472740982069	0
CSR1	C56E10.3	7.372	7.19026090100688	0
CSR1	C56E6.2	24.616	11.5180136381909	0
CSR1	C56E6.4	20.396	15.981631074809	0
CSR1	C56E6.7	17.454	9.36398415485337	0
CSR1	C56G2.15	10.186	8.21634558446212	0
CSR1	C56G2.22	15.3	4.48677458096274	0
CSR1	C56G2.3	21.662	2.14584665983771	0
CSR1	C56G2.4	7.06	8.09227017398623	0
CSR1	C56G2.5	27.002	4.86880551347283	0
CSR1	C56G2.9	8.286	4.97130488504192	0
CSR1	C56G3.2	16.414	6.15880062542295	0
CSR1	C56G7.3	11.598	4.76619989420381	0
CSR1	CC8.2	18.564	1.82499446008174	0
CSR1	CC8.3	17.716	18.3169975783438	0
CSR1	CD4.1	16.302	9.79281149005369	0
CSR1	CD4.11	20.462	11.8886067186905	0
CSR1	CD4.8	19.764	4.91698117207445	0
CSR1	CTEL54X.2	26.032	3.28407095851198	0
CSR1	CTEL55X.1	26.852	9.30542849208431	0
CSR1	D1005.10	23.388	7.73578629715937	0
CSR1	D1005.2	28.312	6.01471385261647	0
CSR1	D1005.4	20.542	3.30696053105884	0
CSR1	D1005.5	20.126	0.893398839401496	0
CSR1	D1005.6	24.822	9.76548404164597	0
CSR1	D1007.10	22.452	5.32366757531681	0
CSR1	D1007.15	25.436	8.24578702815048	0
CSR1	D1007.18	10.458	13.1950160744652	0
CSR1	D1007.19	23.612	3.20982977824985	0
CSR1	D1007.3	21.264	7.3307338051112	0
CSR1	D1007.4	25.572	6.60615246797325	0
CSR1	D1007.8	18	7.85310742931078	0
CSR1	D1014.13	14.662	35.3698677082537	0
CSR1	D1014.2	14.908	1.06946946430758	0
CSR1	D1014.4	25.024	5.56426152639997	0
CSR1	D1014.5	22.67	5.33471551146708	0
CSR1	D1014.6	25.566	7.9938393527453	0
CSR1	D1014.7	15.6	4.61916689751382	0
CSR1	D1022.2	24.78	8.27713030660751	0
CSR1	D1022.3	28.788	1.45114599691937	0
CSR1	D1022.4	24.806	3.79974863976905	0
CSR1	D1022.5	27.296	10.3262006992039	0
CSR1	D1022.9	15.884	9.47265278674616	0
CSR1	D1025.1	27.154	3.8796666928127	0
CSR1	D1025.10	21.312	23.4092993511671	0
CSR1	D1037.1	14.73	15.5393129876376	0
CSR1	D1044.1	29.696	1.09237519695962	0
CSR1	D1044.4	20.022	10.6373833460096	0
CSR1	D1044.5	9.206	7.59659513793327	0
CSR1	D1044.6	22.092	13.7681695557835	0
CSR1	D1044.7	20.908	22.9814073715931	0
CSR1	D1046.16	24.714	4.12171745514471	0
CSR1	D1046.18	17.432	7.34364687408814	0
CSR1	D1046.2	23.05	4.51932899182519	0
CSR1	D1046.4	22.68	9.00739802479145	0
CSR1	D1053.2	27.788	3.40245223256405	0
CSR1	D1053.3	12.722	4.10377589199985	0
CSR1	D1053.4	26.336	3.86917067472395	0
CSR1	D1054.1	26.936	4.23881116614195	0
CSR1	D1054.10	27.19	4.51713894722399	0
CSR1	D1054.18	13.76	5.46437208874261	0
CSR1	D1054.19	25.158	5.47909319756702	0
CSR1	D1054.3	19.59	5.95441057110305	0
CSR1	D1054.5	3.954	4.22667449186612	1
CSR1	D1054.8	27.554	6.1854062807136	0
CSR1	D1054.9	8.774	9.06412254430902	0
CSR1	D1069.3	21.2	32.2509593191039	0
CSR1	D1079.1	24.006	7.83965804495492	0
CSR1	D1081.10	25.84	6.1623713001124	0
CSR1	D1081.11	2.846	4.36463637016315	1
CSR1	D1081.12	27.486	2.95643933654383	0
CSR1	D1081.19	15.556	4.49012646459254	0
CSR1	D1081.20	26.02	6.7980613459683	0
CSR1	D1081.3	22.204	17.0299932880545	0
CSR1	D1081.4	6.84	6.40694585852645	0
CSR1	D1081.5	19.522	3.40831921094297	0
CSR1	D1081.6	16.948	13.2842524813969	0
CSR1	D1086.1	13.062	5.10917525883197	0
CSR1	D1086.10	20.86	4.81526860856066	0
CSR1	D1086.11	21.444	4.24368813359073	0
CSR1	D1086.12	28.074	3.35100210442516	0
CSR1	D1086.17	28.352	2.00787057083027	0
CSR1	D1086.18	23.632	10.4696203134103	0
CSR1	D1086.19	17.916	2.01464171036678	0
CSR1	D1086.2	18.546	4.86724547105109	0
CSR1	D1086.21	27.926	2.98662308718926	0
CSR1	D1086.3	21.526	4.27284080092235	0
CSR1	D1086.5	22.732	1.4657603318604	0
CSR1	D1086.6	26.63	2.80458165224751	0
CSR1	D1086.7	25.686	1.38237738977947	0
CSR1	D1086.8	26.9	1.55424126099382	0
CSR1	D1086.9	15.102	12.1090398200283	0
CSR1	D2005.1	29.064	1.91671038468996	0
CSR1	D2005.3	17.694	11.0716203591098	0
CSR1	D2005.4	12.054	5.06654127685034	0
CSR1	D2005.6	19.646	4.22180320071673	0
CSR1	D2005.7	21.894	14.0869943501361	0
CSR1	D2007.1	20.262	26.3705383491818	0
CSR1	D2007.2	17.278	9.08996176125232	0
CSR1	D2021.4	26.5	3.83951833338453	0
CSR1	D2023.1	23.476	6.89649560960147	0
CSR1	D2023.3	17.716	2.8586506273229	0
CSR1	D2023.4	28.548	3.94119063847536	0
CSR1	D2023.6	8.13	11.7067838222991	0
CSR1	D2024.1	28.38	2.32798261580816	0
CSR1	D2024.18	24.148	4.97663179971057	0
CSR1	D2024.4	9.316	4.63663665813699	0
CSR1	D2024.5	3.678	4.43183978944534	1
CSR1	D2030.11	22.776	3.67363819069438	0
CSR1	D2030.12	22.268	14.739730265036	0
CSR1	D2030.2	25.108	13.9208034422172	0
CSR1	D2030.3	25.998	8.63788780413234	0
CSR1	D2030.4	9.908	4.67736014363364	0
CSR1	D2030.7	22.378	15.453262123948	0
CSR1	D2030.8	18.776	5.80083520263628	0
CSR1	D2045.5	26.296	4.73533158932398	0
CSR1	D2045.7	25.598	18.4128176413541	0
CSR1	D2045.8	12.672	45.3931743097107	0
CSR1	D2045.9	28.236	3.6013339592275	0
CSR1	D2062.1	7.238	5.68086799188065	0
CSR1	D2062.13	14.436	1.94367322605275	0
CSR1	D2062.4	27.352	3.59134036065951	0
CSR1	D2062.5	27.116	2.80963109275684	0
CSR1	D2063.1	29.394	1.61742574896338	0
CSR1	D2085.7	27.554	6.28170522389893	0
CSR1	D2089.3	16.698	6.71692788157097	0
CSR1	D2089.8	27.884	2.66794132846849	0
CSR1	D2092.10	23.836	4.09465534979937	0
CSR1	D2092.4	26.982	2.54479553309259	0
CSR1	D2092.8	25.486	4.63087402850468	0
CSR1	D2096.10	15.966	4.63074222783755	0
CSR1	D2096.11	23.502	7.84514155999116	0
CSR1	D2096.12	14.204	3.89531229905807	0
CSR1	D2096.13	24.178	1.63604471035375	0
CSR1	D2096.5	15.206	4.07139362959697	0
CSR1	D2096.6	26.194	4.65118281037953	0
CSR1	D2096.7	27.842	3.26413838247832	0
CSR1	D2096.9	20.76	18.6654080404273	0
CSR1	DC2.5	18.444	28.0845064509335	0
CSR1	DH11.2	26.97	6.76497454142141	0
CSR1	DH11.5	19.45	12.0698399193659	0
CSR1	DY3.8	28.712	0.830208488197427	0
CSR1	E01A2.1	22.058	12.8680178687613	0
CSR1	E01A2.2	20.83	2.77947476257899	0
CSR1	E01A2.8	19.756	8.68946945525237	0
CSR1	E01B7.2	23.914	14.3639739391234	0
CSR1	E01G4.3	23.348	7.00764459102458	0
CSR1	E01G4.5	24.994	3.50952865074514	0
CSR1	E01G4.6	27.036	11.1404163847562	0
CSR1	E01G6.1	23.47	7.20200520810119	0
CSR1	E01G6.2	17.63	10.1479974387271	0
CSR1	E02A10.3	21.654	8.73346797690564	0
CSR1	E02A10.4	16.884	7.73557374127116	0
CSR1	E02C12.10	12.076	5.64456553243877	0
CSR1	E02C12.11	27.008	3.50609673987156	0
CSR1	E02C12.12	27.86	5.09596515050908	0
CSR1	E02C12.19	26.738	7.32229613123324	0
CSR1	E02C12.6	28.098	5.17585178073274	0
CSR1	E02C12.8	19.224	4.25670636965884	0
CSR1	E02C12.9	29.022	2.88432981271546	0
CSR1	E02D9.1	22.994	12.4911581882845	0
CSR1	E02H1.1	27.578	2.89432870560191	0
CSR1	E02H1.5	24.772	9.26681810267914	0
CSR1	E02H1.6	17.394	7.82371132597286	0
CSR1	E02H4.2	14.206	5.27349609247348	0
CSR1	E02H4.4	27.692	4.27150500362654	0
CSR1	E02H4.5	20.024	3.86779328275757	0
CSR1	E02H4.6	25.542	5.97876157661731	0
CSR1	E02H4.7	27.904	3.2920090273647	0
CSR1	E02H4.8	26.882	6.04710576724859	0
CSR1	E02H9.1	21.134	4.60249900824307	0
CSR1	E02H9.13	12.054	1.69976949149852	0
CSR1	E02H9.3	9.198	10.4854665467033	0
CSR1	E02H9.6	23.744	9.40673565637461	0
CSR1	E02H9.7	19.378	14.6058040229736	0
CSR1	E02H9.9	19.04	1.52401450930115	0
CSR1	E03H12.4	26.136	4.10536105976066	0
CSR1	E03H12.5	28.996	5.61270938424429	0
CSR1	E03H12.7	23.776	6.7711816406657	0
CSR1	E03H4.11	28.956	1.48834105409056	0
CSR1	E03H4.2	27.294	3.90918279486947	0
CSR1	E03H4.3	26.686	11.3722359513786	0
CSR1	E03H4.4	28.222	2.92420683474382	0
CSR1	E03H4.5	28.596	1.07801567608515	0
CSR1	E03H4.8	18.92	3.4430313029506	0
CSR1	E04D5.4	21.972	11.6785123246853	0
CSR1	E04D5.5	21.642	9.43745682402669	0
CSR1	E04F6.10	21.294	8.30334749354949	0
CSR1	E04F6.15	22.356	16.7928742375344	0
CSR1	E04F6.4	24.472	8.62720025263714	0
CSR1	E04F6.6	22.704	6.70459921585918	0
CSR1	E04F6.8	24.528	5.09380242884853	0
CSR1	E04F6.9	26.928	3.6494948631559	0
CSR1	EEED8.10	24.156	26.7318393230761	0
CSR1	EEED8.12	18.906	5.86955546999928	0
CSR1	EEED8.13	26.624	3.93822578540702	0
CSR1	EEED8.14	26.43	5.76651491623911	0
CSR1	EEED8.15	14.63	56.4449295542542	0
CSR1	EEED8.18	23.44	12.9092560120629	0
CSR1	EEED8.2	26.018	5.71727814750205	0
CSR1	EEED8.3	12.088	2.73273631000167	0
CSR1	EEED8.4	20.326	18.6095436482155	0
CSR1	EGAP1.1	27.574	3.27747571884244	0
CSR1	EGAP1.5	26.598	6.67364060729213	0
CSR1	EGAP2.1	28.364	3.25966073333635	0
CSR1	EGAP2.2	17.702	7.15678363618677	0
CSR1	EGAP4.1	26.446	9.87548921696499	0
CSR1	EGAP5.1	10.954	3.99474418109274	0
CSR1	EGAP9.3	27.164	3.31745992736113	0
CSR1	EGAP9.4	24.114	3.83976595733065	0
CSR1	E_BE45912.2	20.58	6.23280841004323	0
CSR1	F01D4.5	26.562	2.24397748773379	0
CSR1	F01D5.1	23.814	8.68427808517145	0
CSR1	F01D5.10	27.784	2.53374039502543	0
CSR1	F01D5.2	27.114	2.41967855141031	0
CSR1	F01D5.3	24.922	5.61454516358217	0
CSR1	F01D5.5	22.442	10.6641792420445	0
CSR1	F01D5.6	18.174	7.43823425099811	0
CSR1	F01D5.7	23.29	1.48520657418875	0
CSR1	F01D5.8	28.14	3.03302353815594	0
CSR1	F01E11.18	23.08	7.60321459396829	0
CSR1	F01E11.20	21.968	6.67538278301794	0
CSR1	F01E11.3	24.07	5.76330473913081	0
CSR1	F01F1.11	11.406	5.51804832725543	0
CSR1	F01F1.14	5.564	7.70900248987794	0
CSR1	F01F1.15	12.276	0.734494237787546	0
CSR1	F01F1.2	21.894	14.1746144232661	0
CSR1	F01F1.3	7.678	6.02882360258649	0
CSR1	F01G10.10	18.418	13.5719078007494	0
CSR1	F01G10.4	27.046	2.89374753452338	0
CSR1	F01G10.5	25.618	6.69296943851716	0
CSR1	F01G10.6	24.566	3.89771392171478	0
CSR1	F01G10.9	19.184	4.46035848630789	0
CSR1	F01G12.18	24.676	2.28484551029343	0
CSR1	F01G4.4	13.846	6.02372066537971	0
CSR1	F01G4.6	29.464	1.17069907834413	0
CSR1	F02A9.1	11.46	2.97708937333892	0
CSR1	F02A9.7	24.768	13.2541338807146	0
CSR1	F02C12.1	25.494	4.60166943919238	0
CSR1	F02C12.2	27.76	4.44260812784017	0
CSR1	F02C12.3	22.252	10.6375128397118	0
CSR1	F02C9.1	25.7	10.5765740772471	0
CSR1	F02C9.2	26.692	4.0806463844011	0
CSR1	F02D10.2	16.746	3.48828946379356	0
CSR1	F02D10.3	19.676	6.96266747467238	0
CSR1	F02D10.6	10.794	7.3661059690626	0
CSR1	F02D8.1	22.396	6.40055288063836	0
CSR1	F02D8.4	23.842	10.6436968011783	0
CSR1	F02D8.9	20.656	8.56939009432756	0
CSR1	F02E11.2	24.358	9.43879628297595	0
CSR1	F02E11.3	25.2	4.59529977752828	0
CSR1	F02E11.4	27.536	6.05235811642603	0
CSR1	F02E11.7	18.054	4.80510517698464	0
CSR1	F02E8.4	21.27	6.46480317297192	0
CSR1	F02E9.1	21.222	6.9578299298876	0
CSR1	F02E9.10	14.934	2.2125617388162	0
CSR1	F02E9.3	20.32	8.81269719721288	0
CSR1	F02E9.5	6.286	6.26474674985495	0
CSR1	F02E9.7	6.96	3.06980756023297	0
CSR1	F02H6.2	21.324	2.47606552292076	0
CSR1	F02H6.3	22.022	4.03699736003981	0
CSR1	F02H6.6	26.514	6.05059108614931	0
CSR1	F02H6.7	24.08	7.98973535336911	0
CSR1	F07A11.1	25.658	8.91548753632283	0
CSR1	F07A11.4	16.524	15.751473739343	0
CSR1	F07A11.5	29.734	1.29810746638517	0
CSR1	F07A5.4	8.982	7.7288419149113	0
CSR1	F07B10.4	13.444	8.14949826508442	0
CSR1	F07B10.7	17.33	4.66024212423407	0
CSR1	F07B7.1	9.864	2.32685767282154	0
CSR1	F07B7.12	29.212	2.37359920574254	0
CSR1	F07B7.14	26.42	9.80496945418193	0
CSR1	F07B7.2	11.71	44.3646340872233	0
CSR1	F07B7.7	26.274	8.75508429839151	0
CSR1	F07B7.8	24.202	12.4308923036364	0
CSR1	F07C3.16	12.16	5.9877796222275	0
CSR1	F07C3.2	22.97	14.3539277673114	0
CSR1	F07C3.3	22.942	13.0598578324927	0
CSR1	F07C3.9	23.876	12.8472701477614	0
CSR1	F07C4.10	24.906	3.51345056589978	0
CSR1	F07C4.11	27.508	1.63697797028723	0
CSR1	F07C4.6	27.018	1.55724867800086	0
CSR1	F07C6.2	24.476	9.22257309803323	0
CSR1	F07C6.3	24.888	10.4725546753257	0
CSR1	F07C6.4	11.204	9.29582042653204	0
CSR1	F07C6.6	29.126	3.30518494515957	0
CSR1	F07D3.3	19.778	2.99154179467109	0
CSR1	F07E5.12	7.112	6.18864373611053	0
CSR1	F07E5.13	27.486	4.66987357777396	0
CSR1	F07E5.5	17.504	15.3515859461251	0
CSR1	F07E5.7	23.42	3.84666289651758	0
CSR1	F07E5.8	24.06	11.5730084682596	0
CSR1	F07E5.9	22.756	1.71737940616791	0
CSR1	F07F6.1	23.884	1.84855458386243	0
CSR1	F07F6.2	21.96	1.95200685331082	0
CSR1	F07F6.4	18.58	13.4592566924172	0
CSR1	F07F6.7	24.942	7.93043500954286	0
CSR1	F07F6.8	16.188	14.70480497633	0
CSR1	F07G11.1	27.926	2.27880967338634	0
CSR1	F07G11.2	26.706	6.87316048911808	0
CSR1	F07G11.3	17.936	36.7015100701545	0
CSR1	F07G11.4	27.674	7.95834314363216	0
CSR1	F07G6.10	24.236	5.07531294105166	0
CSR1	F07G6.12	14.21	3.65905644513882	0
CSR1	F07G6.2	2.852	2.15288659649492	1
CSR1	F07G6.5	19.442	12.6707477230176	0
CSR1	F07G6.8	22.874	9.39838259974191	0
CSR1	F07H5.10	26.792	7.43871372250547	0
CSR1	F07H5.13	18.3	21.3559505097396	0
CSR1	F07H5.7	26.262	1.44229053062202	0
CSR1	F08A7.1	4.028	7.31720881460894	1
CSR1	F08A8.5	25.324	1.78498167804045	0
CSR1	F08A8.8	6.63	6.5119255339134	0
CSR1	F08B12.11	16.438	19.4789380987471	0
CSR1	F08B12.4	22.256	11.7653132341694	0
CSR1	F08B4.8	10.424	3.86394718348161	0
CSR1	F08B6.1	12.51	3.30020709086219	0
CSR1	F08C6.18	15.246	19.4096428378656	0
CSR1	F08C6.2	11.812	31.356974241242	0
CSR1	F08C6.5	25.926	2.73034808520531	0
CSR1	F08D12.12	21.746	4.61319290037913	0
CSR1	F08D12.15	27.748	2.05663485252773	0
CSR1	F08D12.2	21.628	4.23175114247862	0
CSR1	F08D12.3	22.152	7.09338869754336	0
CSR1	F08D12.4	14.244	3.39192600873767	0
CSR1	F08D12.7	25.39	5.89699674885593	0
CSR1	F08F1.3	24.534	5.98721917987886	0
CSR1	F08F1.4	26.574	7.04889658052802	0
CSR1	F08F1.9	26.294	1.95050013129751	0
CSR1	F08F3.1	26.39	4.88321900994491	0
CSR1	F08F3.10	5.362	3.49253746288747	0
CSR1	F08F3.4	5.608	4.74034052629057	0
CSR1	F08F3.6	29.4	0.413093802771805	0
CSR1	F08F3.8	27.786	1.48836728850642	0
CSR1	F08F8.10	5.698	2.77045802185625	0
CSR1	F08F8.11	27.712	5.59251140613808	0
CSR1	F08F8.6	4.842	67.3006841584541	0
CSR1	F08F8.7	29.156	2.60425204525605	0
CSR1	F08F8.9	19.246	20.0249496845803	0
CSR1	F08G12.1	17.514	11.8733718414538	0
CSR1	F08G12.11	21.692	13.2035263529214	0
CSR1	F08G12.3	24.708	8.25293273584298	0
CSR1	F08G12.5	4.552	2.0689955497313	1
CSR1	F08G2.4	24.064	7.07601093170568	0
CSR1	F08G2.5	16.252	5.91695561775529	0
CSR1	F08G2.7	17.022	19.0191990898929	0
CSR1	F08G2.8	22.738	6.80538090136484	0
CSR1	F08G5.3	5.142	5.34616845218917	0
CSR1	F08H9.2	18.13	23.5104604556118	0
CSR1	F08H9.3	14.814	3.36118332164288	0
CSR1	F08H9.4	17.872	5.30044847926528	0
CSR1	F09A5.2	24.236	4.74470244504494	0
CSR1	F09A5.3	27.032	6.65581467203006	0
CSR1	F09B12.3	25.68	3.9369717372807	0
CSR1	F09B12.5	21.928	0.617253714545372	0
CSR1	F09B12.7	24.23	5.83494394350107	0
CSR1	F09B9.4	21.046	7.8952520062682	0
CSR1	F09B9.5	27.924	1.77774374473945	0
CSR1	F09C12.2	23.276	30.5703535608765	0
CSR1	F09C12.8	16.028	1.22689600487378	0
CSR1	F09C6.10	9.428	67.8338033750814	0
CSR1	F09C6.11	25.358	4.57563197871871	0
CSR1	F09C6.12	23.692	3.43426521492759	0
CSR1	F09C6.13	23.546	3.74226048669795	0
CSR1	F09C6.14	7.134	3.38397126481781	0
CSR1	F09C6.15	18.11	3.92534365910749	0
CSR1	F09C6.16	25.894	8.39790232329758	0
CSR1	F09C6.3	3.6	2.16060405362557	1
CSR1	F09C8.1	27.978	0.780379603954024	0
CSR1	F09C8.2	13.994	4.60859191356666	0
CSR1	F09D12.2	25.68	6.62434570119821	0
CSR1	F09E10.1	20.888	2.95997640704081	0
CSR1	F09E10.5	14.896	27.0363126998185	0
CSR1	F09E10.6	26.692	3.32182781616554	0
CSR1	F09E10.7	29.08	1.7284835435849	0
CSR1	F09E5.11	18.592	7.20493204686	0
CSR1	F09E5.12	20.32	18.8715396601607	0
CSR1	F09E5.14	22.008	4.48105069491104	0
CSR1	F09E5.16	19.408	2.00564561017359	0
CSR1	F09E5.3	23.588	23.1201206437239	0
CSR1	F09E5.7	21.602	10.7503862162523	0
CSR1	F09E5.8	28.548	4.60253967777979	0
CSR1	F09F7.5	4.354	4.58945620970221	1
CSR1	F09F7.6	27.45	3.14955157398679	0
CSR1	F09F9.1	28.572	2.24151322162715	0
CSR1	F09F9.3	15.272	3.23788394373589	0
CSR1	F09F9.4	20.224	7.78998204414054	0
CSR1	F09F9.5	16.254	19.1309127044115	0
CSR1	F09G2.1	24.724	13.2037818514971	0
CSR1	F09G2.2	20.54	13.7656021701819	0
CSR1	F09G2.8	17.698	21.2766253038652	0
CSR1	F09G8.10	13.988	5.60121936040874	0
CSR1	F09G8.5	16.814	2.52978870097234	0
CSR1	F09G8.7	28.212	1.78120544947466	0
CSR1	F10A3.11	24.248	14.962164441882	0
CSR1	F10A3.12	13.24	2.83811091058247	0
CSR1	F10A3.17	26.338	4.45839833703958	0
CSR1	F10A3.4	24.254	10.7893748767541	0
CSR1	F10B5.2	27.78	4.49942404089248	0
CSR1	F10C1.1	16.306	14.4741485094412	0
CSR1	F10C1.23	10.132	7.49104573222065	0
CSR1	F10C1.3	10.93	5.0989477742334	0
CSR1	F10C1.8	24.44	11.0362812416283	0
CSR1	F10C1.9	24.56	2.82738689401584	0
CSR1	F10C2.3	25.146	4.84829135517967	0
CSR1	F10C2.4	20.852	18.7515484814223	0
CSR1	F10C2.5	20.47	33.846366266255	0
CSR1	F10C2.7	27.62	7.08715735193227	0
CSR1	F10C5.3	24.372	1.44349912851007	0
CSR1	F10D11.2	21.272	3.69492036661234	0
CSR1	F10D11.3	25.93	2.21037098047159	0
CSR1	F10D11.4	11.506	26.4465441373168	0
CSR1	F10D11.5	24.288	6.47820404242569	0
CSR1	F10D11.6	24.35	12.4448532447376	0
CSR1	F10D2.10	22	3.24705842721563	0
CSR1	F10D2.16	25.616	6.49375081350426	0
CSR1	F10D2.8	27.74	0.453845649315577	0
CSR1	F10D7.10	26.752	1.95281645333051	0
CSR1	F10D7.11	18.162	17.9978633446368	0
CSR1	F10D7.3	12.688	9.8974981808573	0
CSR1	F10D7.4	26.932	2.78422193297708	0
CSR1	F10D7.5	18.638	8.24057087289267	0
CSR1	F10E7.1	23.01	3.10818027743394	0
CSR1	F10E7.11	18.128	8.54206603785479	0
CSR1	F10E7.2	20.688	3.3648038640399	0
CSR1	F10E7.5	24.202	12.5705714379987	0
CSR1	F10E7.6	11.6	57.2949090171768	0
CSR1	F10E7.9	21.874	3.32892446028452	0
CSR1	F10E9.1	23.528	1.30911994264592	0
CSR1	F10E9.10	27.104	5.52602942917201	0
CSR1	F10E9.11	12.126	4.6228122858142	0
CSR1	F10E9.12	23.86	5.25538059537041	0
CSR1	F10E9.2	7.36	1.93584332184443	0
CSR1	F10E9.3	14.174	7.57546056136888	0
CSR1	F10E9.4	22.392	4.41968786203388	0
CSR1	F10E9.5	21.266	13.0171912929203	0
CSR1	F10E9.7	26.858	3.21750893688008	0
CSR1	F10G2.1	25.114	8.62598029620374	0
CSR1	F10G2.10	26.96	2.49662422101256	0
CSR1	F10G2.2	17.156	11.8606007165377	0
CSR1	F10G2.4	11.85	46.7665513776766	0
CSR1	F10G2.7	19.046	22.71052001355	0
CSR1	F10G7.10	29.118	2.09145878403169	0
CSR1	F10G7.12	25.544	2.07791434899456	0
CSR1	F10G7.5	20.174	2.78592261106944	0
CSR1	F10G7.9	16.248	14.1042112406379	0
CSR1	F10G8.1	25.53	8.71525898147449	0
CSR1	F10G8.2	26.51	2.51210093033156	0
CSR1	F10G8.8	4.818	3.95826489652344	1
CSR1	F10G8.9	29.73	0.593654981322665	0
CSR1	F11A10.5	8.222	2.39635024086215	0
CSR1	F11A10.6	17.982	12.4852580744291	0
CSR1	F11A5.13	5.27	2.7399485916876	0
CSR1	F11A5.15	20.258	12.6641132066239	0
CSR1	F11A5.16	5.838	7.24443738090656	0
CSR1	F11A5.17	27.29	5.12275034585601	0
CSR1	F11A5.18	22.308	9.7915068949294	0
CSR1	F11A5.5	24.78	6.83283892762945	0
CSR1	F11A5.9	16.332	17.9657376698892	0
CSR1	F11A6.15	13.216	3.71595644912364	0
CSR1	F11A6.16	12.81	16.8844897862072	0
CSR1	F11C1.1	22.944	7.98674684000424	0
CSR1	F11C1.10	25.504	3.58253732562912	0
CSR1	F11C1.4	27.08	4.00643424957225	0
CSR1	F11C1.7	14.878	3.08684147593626	0
CSR1	F11C1.9	20.902	6.09819657751022	0
CSR1	F11C3.1	27.256	5.95809969933674	0
CSR1	F11C7.2	26.938	3.4833084466792	0
CSR1	F11C7.6	25.792	6.21481641805007	0
CSR1	F11C7.7	26.706	5.70197896136325	0
CSR1	F11D11.12	19.154	14.5553187440716	0
CSR1	F11D11.21	23.678	6.23491348283605	0
CSR1	F11D11.22	22.318	14.438262631451	0
CSR1	F11D11.3	25.502	6.53930688126811	0
CSR1	F11D11.4	19.282	12.3209477878511	0
CSR1	F11D11.6	26.232	5.0429411274379	0
CSR1	F11D5.1	5.548	2.8367858428637	0
CSR1	F11D5.5	25.248	6.16888650726834	0
CSR1	F11D5.6	21.55	12.6746709360516	0
CSR1	F11D5.7	17.164	7.92737272427067	0
CSR1	F11E6.10	20.294	11.7689704271072	0
CSR1	F11E6.11	28.492	3.16281505761299	0
CSR1	F11E6.4	22.444	6.3482835461467	0
CSR1	F11E6.6	14.47	1.34539891734152	0
CSR1	F11E6.8	20.08	3.35315092606908	0
CSR1	F11E6.9	28.272	2.52614548307736	0
CSR1	F11F1.1	18.368	32.1853640906364	0
CSR1	F11G11.13	24.976	17.8602980740354	0
CSR1	F11G11.14	11.576	42.8599214023481	0
CSR1	F11G11.15	28.116	2.26759795317013	0
CSR1	F11G11.4	19.188	14.7111580230615	0
CSR1	F11G11.5	22.026	8.16222900095992	0
CSR1	F12A10.1	24.334	9.23007988717059	0
CSR1	F12A10.6	23.244	11.6938989494289	0
CSR1	F12A10.8	13.85	6.7477163855342	0
CSR1	F12A10.9	11.978	5.27961498846117	0
CSR1	F12D9.2	18.756	23.9507174631166	0
CSR1	F12E12.1	24.532	10.4552108124495	0
CSR1	F12E12.2	20.674	20.1427119261853	0
CSR1	F12E12.6	26.392	4.99479418294016	0
CSR1	F12F6.1	23.962	8.49378727709761	0
CSR1	F12F6.7	23.612	10.7254064514438	0
CSR1	F13A2.1	22.04	13.1395767102641	0
CSR1	F13A2.10	13.226	18.0022908685879	0
CSR1	F13A2.2	25.322	10.4525856283342	0
CSR1	F13A2.3	24.908	1.93780977714351	0
CSR1	F13A2.4	21.958	3.40518187798638	0
CSR1	F13A2.5	24.908	6.74155814770293	0
CSR1	F13A2.9	12.936	3.07936443076922	0
CSR1	F13A7.1	12.008	3.68799448593898	0
CSR1	F13A7.11	23.094	3.64742373541931	0
CSR1	F13A7.12	27.232	5.56748140932378	0
CSR1	F13A7.14	3.732	2.72206325813511	1
CSR1	F13A7.7	24.296	8.74281342288063	0
CSR1	F13B12.1	7.906	2.76192138911331	0
CSR1	F13B12.2	10.906	2.32472957495627	0
CSR1	F13B12.3	27.204	0.804348589713739	0
CSR1	F13B12.4	28.678	4.67461361635034	0
CSR1	F13B12.6	16.07	3.0932889910732	0
CSR1	F13B12.7	25.35	6.08211877623922	0
CSR1	F13B6.1	27.116	8.49755989879482	0
CSR1	F13B6.2	27.978	0.79215927812968	0
CSR1	F13B6.3	14.282	5.52421005423888	0
CSR1	F13B9.2	21.924	2.15408010090637	0
CSR1	F13C5.1	22.056	8.38078950105332	0
CSR1	F13C5.2	18.464	10.2995972955863	0
CSR1	F13C5.3	28.064	5.84365526733916	0
CSR1	F13C5.5	24.416	2.11921003955487	0
CSR1	F13D11.3	25.728	11.8451121710782	0
CSR1	F13D11.4	28.568	5.93532322013979	0
CSR1	F13D12.10	18.176	1.35247106682679	0
CSR1	F13D12.3	10.7	55.1129744351313	0
CSR1	F13D12.5	24.126	6.39556430054873	0
CSR1	F13D12.8	16.09	3.53219943775832	0
CSR1	F13D2.1	28.132	2.01057411435784	0
CSR1	F13E6.1	19.12	6.65501361729555	0
CSR1	F13E6.2	7.142	35.4656506617029	0
CSR1	F13E9.11	18.584	8.10971705141444	0
CSR1	F13E9.12	19.348	4.14050799146	0
CSR1	F13E9.13	28.766	2.21308507903306	0
CSR1	F13E9.15	19.228	14.8540071692835	0
CSR1	F13E9.16	16.556	18.6540838385249	0
CSR1	F13E9.19	21.858	12.9919637773249	0
CSR1	F13E9.5	24.888	6.4447527906373	0
CSR1	F13E9.9	17.2	5.31603312825078	0
CSR1	F13G3.10	11.1	4.11416891307403	0
CSR1	F13G3.12	21.55	7.78663418168968	0
CSR1	F13G3.15	11.108	6.05160932604549	0
CSR1	F13G3.3	26.858	5.28125431214522	0
CSR1	F13G3.6	28.052	2.84564597559712	0
CSR1	F13G3.7	22.188	1.303667165127	0
CSR1	F13H10.1	26.378	2.13839411260125	0
CSR1	F13H10.3	16.19	1.84835738201915	0
CSR1	F13H10.5	28.712	0.603953175023495	0
CSR1	F13H10.6	14.286	6.72835486218776	0
CSR1	F13H10.8	8.79	2.82473470260185	0
CSR1	F13H10.9	20.736	7.2566351139024	0
CSR1	F13H6.3	29.252	1.51701316180232	0
CSR1	F13H6.5	9.946	5.52419137879156	0
CSR1	F13H8.1	18.324	6.46440670474667	0
CSR1	F13H8.11	22.194	6.53536337831841	0
CSR1	F13H8.12	26.978	2.79487972612955	0
CSR1	F13H8.2	28.724	2.45465277869568	0
CSR1	F13H8.3	27.156	4.68425905377268	0
CSR1	F13H8.5	16.816	2.87251689581071	0
CSR1	F13H8.6	5.45	7.37377295317803	0
CSR1	F13H8.8	21.408	3.57326257213632	0
CSR1	F14B4.1	4.92	13.2986486202891	0
CSR1	F14B6.2	20.318	4.38151355343291	0
CSR1	F14B6.3	20.62	3.81292511440389	0
CSR1	F14B6.4	28.568	4.71722351675411	0
CSR1	F14B6.6	21.728	8.27691287273277	0
CSR1	F14B8.4	9.894	83.6406420662484	0
CSR1	F14B8.5	22.926	7.12644348906533	0
CSR1	F14B8.6	18.728	17.9822979027285	0
CSR1	F14D12.1	26.3	5.123988569341	0
CSR1	F14D2.11	24.792	12.7866180989201	0
CSR1	F14D2.14	20.844	9.77884866586397	0
CSR1	F14D2.15	27.874	1.19810962034936	0
CSR1	F14D2.19	23.478	8.20938667196183	0
CSR1	F14D2.5	18.054	5.41579631168373	0
CSR1	F14D2.7	18.928	2.57779043975576	0
CSR1	F14D2.8	25.188	6.77170966616362	0
CSR1	F14D7.1	12.588	4.0640750709804	0
CSR1	F14D7.12	26.498	6.28399738950606	0
CSR1	F14D7.14	26.662	10.1102071292083	0
CSR1	F14D7.18	22.348	4.7926446321661	0
CSR1	F14D7.2	18.044	15.2971781040393	0
CSR1	F14D7.3	23.768	3.23956798735312	0
CSR1	F14D7.6	25.982	5.15730178169978	0
CSR1	F14D7.8	10.704	1.82545806901382	0
CSR1	F14D7.9	28.77	1.39748769502778	0
CSR1	F14E5.2	28.694	1.24894164569746	0
CSR1	F14E5.8	19.488	3.75842120234875	0
CSR1	F14F3.4	25.576	5.11157721272372	0
CSR1	F14F3.5	19.376	14.8883957190731	0
CSR1	F14F7.4	23.138	5.77255336742102	0
CSR1	F14F7.5	25.76	10.3581802329056	0
CSR1	F14F7.7	23.558	12.2528392095204	0
CSR1	F14F8.14	16.834	14.4463492656483	0
CSR1	F14F8.15	17.192	7.24744963235368	0
CSR1	F14F8.8	22.242	4.97396447805078	0
CSR1	F14F8.9	27.84	2.7092478409674	0
CSR1	F14F9.2	16.82	4.2630352978149	0
CSR1	F14F9.3	25.384	7.55461172304568	0
CSR1	F14F9.4	13.1	2.70265663619855	0
CSR1	F14F9.5	11.702	36.4176917767995	0
CSR1	F14F9.6	19.582	16.8567524978038	0
CSR1	F14F9.8	20.686	11.8734471748104	0
CSR1	F14H12.17	27.488	2.95664950279103	0
CSR1	F14H12.2	26.524	6.60283755242025	0
CSR1	F14H12.3	16.734	35.494496112868	0
CSR1	F14H12.6	21.664	10.0083499735571	0
CSR1	F14H12.7	19.038	5.56352373101182	0
CSR1	F14H12.8	19.862	4.35823540716999	0
CSR1	F14H3.12	20.782	9.77958174667206	0
CSR1	F14H3.14	18.242	7.44013153311929	0
CSR1	F14H3.15	22.772	2.27364644390459	0
CSR1	F14H3.3	24.208	7.05316762438312	0
CSR1	F14H3.4	24.224	11.6550120295278	0
CSR1	F14H3.5	24.628	5.06181354367294	0
CSR1	F14H3.6	10.122	3.99502136529543	0
CSR1	F14H8.2	25.62	6.73842116770072	0
CSR1	F14H8.4	23.594	4.73015662299486	0
CSR1	F14H8.5	6.528	9.97911877115017	0
CSR1	F14H8.8	22.902	6.19305531910463	0
CSR1	F15A4.10	20.358	10.014091183978	0
CSR1	F15A4.2	24.366	9.08192075495624	0
CSR1	F15A4.5	24.424	5.25692324615925	0
CSR1	F15A8.1	25.204	7.31424819979941	0
CSR1	F15B10.3	20.012	6.02127312715932	0
CSR1	F15B9.10	14.132	48.4611555286691	0
CSR1	F15B9.11	19.9	5.78969931569921	0
CSR1	F15B9.6	26.652	3.8536269107356	0
CSR1	F15B9.8	10.266	63.1303237285233	0
CSR1	F15D3.4	28.15	1.59877638410879	0
CSR1	F15D3.5	22.324	7.25141155210467	0
CSR1	F15D3.9	16.084	16.3036292539746	0
CSR1	F15D4.2	10.756	2.20755606555504	0
CSR1	F15D4.4	16.006	7.4690995738146	0
CSR1	F15D4.5	20.194	5.26105306321673	0
CSR1	F15D4.6	23.082	8.0195505675374	0
CSR1	F15E6.10	22.3	6.93669939291699	0
CSR1	F15E6.3	20.678	9.49835455248138	0
CSR1	F15E6.4	7.498	1.32834351538957	0
CSR1	F15E6.5	25.406	7.46935508889034	0
CSR1	F15E6.6	28.918	7.35795519809399	0
CSR1	F15E6.9	28.104	3.58697102870402	0
CSR1	F15G9.1	14.046	4.65892672911633	0
CSR1	F15G9.2	22.06	10.433646612287	0
CSR1	F15G9.5	27.48	0.646372622573929	0
CSR1	F15G9.6	15.316	9.11140959367445	0
CSR1	F15H10.10	25.144	2.29202676480063	0
CSR1	F15H10.12	18.45	4.18784688825623	0
CSR1	F15H10.5	26.372	4.30112517509696	0
CSR1	F15H10.7	25.902	8.96999066148494	0
CSR1	F15H10.8	25.08	4.36844041378	0
CSR1	F15H10.9	24	4.07354268420008	0
CSR1	F15H9.1	15.93	1.94246684830706	0
CSR1	F16A11.1	25.362	5.49928777079415	0
CSR1	F16B12.1	23.962	6.14417393993818	0
CSR1	F16B12.4	21.15	15.5526091757906	0
CSR1	F16B12.6	21.996	10.6964537120557	0
CSR1	F16B12.7	28.178	3.53654970543042	0
CSR1	F16B3.2	21.12	5.90860905790835	0
CSR1	F16B3.3	26.034	3.1882080052716	0
CSR1	F16B4.2	26.99	3.14069390929651	0
CSR1	F16B4.4	23.614	2.43501460070149	0
CSR1	F16B4.5	17.222	10.0127148248052	0
CSR1	F16B4.6	20.178	8.98038636613049	0
CSR1	F16B4.7	23.444	4.50777076844327	0
CSR1	F16C3.1	24.314	8.0232654781891	0
CSR1	F16C3.2	15.692	9.28743718968564	0
CSR1	F16C3.3	21.558	13.6233976841957	0
CSR1	F16C3.4	5.05	3.97768503497043	0
CSR1	F16D3.6	22.512	6.64275199888835	0
CSR1	F16F9.1	19.612	21.437222463156	0
CSR1	F16F9.3	16.674	5.17245889389887	0
CSR1	F16F9.4	22.714	1.31584594224151	0
CSR1	F16G10.1	22.818	3.20288867879871	0
CSR1	F16G10.10	21.238	15.542730061293	0
CSR1	F16G10.11	12.166	4.99257012696773	0
CSR1	F16G10.13	19.458	5.87918158845957	0
CSR1	F16G10.14	21.066	9.83414587110497	0
CSR1	F16G10.2	19.462	5.31593296717192	0
CSR1	F16G10.3	22.704	10.9855495813832	0
CSR1	F16G10.5	26.438	8.95604264929575	0
CSR1	F16G10.6	11.458	3.1908629852507	0
CSR1	F16G10.7	24.848	3.10463703940918	0
CSR1	F16G10.8	20.668	10.2867676737368	0
CSR1	F16G10.9	4.282	3.74167680214765	1
CSR1	F16H6.10	25.662	6.87306467725256	0
CSR1	F16H6.3	24.746	4.8883096644608	0
CSR1	F16H6.4	25.392	4.8618946916508	0
CSR1	F16H6.7	25.98	3.31392905267948	0
CSR1	F16H6.8	26.758	3.57087464048513	0
CSR1	F16H6.9	18.01	2.84398185657366	0
CSR1	F17A2.13	20.422	4.74642145994111	0
CSR1	F17A2.16	20.412	3.06092478295281	0
CSR1	F17A9.2	5.086	10.5704896569896	0
CSR1	F17A9.4	28.726	1.00881789873916	0
CSR1	F17A9.5	28.474	5.54395170770397	0
CSR1	F17B5.1	23.834	13.1256817048094	0
CSR1	F17B5.10	16.318	14.450373050864	0
CSR1	F17B5.4	27.684	2.14075497158889	0
CSR1	F17B5.6	25.958	0.562499799628446	0
CSR1	F17B5.8	21.834	4.15566448372935	0
CSR1	F17C11.11	20.658	15.8468768150659	0
CSR1	F17C11.12	18.066	27.0192005106315	0
CSR1	F17C11.13	29.61	0.995855636459757	0
CSR1	F17C11.2	26.424	5.64158100261013	0
CSR1	F17C11.22	15.404	35.3319847414994	0
CSR1	F17C11.26	23.76	2.09001835318773	0
CSR1	F17C11.4	21.206	12.8599147553897	0
CSR1	F17C11.6	11.994	2.44901262350381	0
CSR1	F17C8.3	8.51	3.08558543019997	0
CSR1	F17C8.6	17.06	9.60606851834265	0
CSR1	F17C8.7	22.442	14.5321220079408	0
CSR1	F17C8.9	28.022	4.98391364368405	0
CSR1	F17E5.2	25.91	6.01421965632758	0
CSR1	F17E9.15	26.6	3.25844658333829	0
CSR1	F17E9.16	27.034	5.25274901507246	0
CSR1	F17E9.18	15.982	1.61013934284837	0
CSR1	F17E9.2	25.158	9.15989229437012	0
CSR1	F17E9.3	19.352	1.57856151179186	0
CSR1	F17E9.4	20.558	1.37857687198509	0
CSR1	F17E9.5	23.112	11.1708863485603	0
CSR1	F17H10.1	24.056	12.1916339481418	0
CSR1	F17H10.2	24.538	4.89100235049666	0
CSR1	F17H10.4	19.422	16.365873090196	0
CSR1	F18A1.1	13.124	8.80134670206991	0
CSR1	F18A1.7	19.578	21.8583010764819	0
CSR1	F18A11.2	27.146	5.8202388007813	0
CSR1	F18A11.3	25.66	22.4272346356979	0
CSR1	F18A11.5	25.716	4.33774850535942	0
CSR1	F18A12.2	17.638	14.3551966723828	0
CSR1	F18A12.7	22.618	10.9875318534378	0
CSR1	F18C12.3	20.492	6.64708018586869	0
CSR1	F18C12.4	24.51	8.9807486777712	0
CSR1	F18C5.10	3.402	1.73153162551713	1
CSR1	F18C5.5	22.412	3.68348316099392	0
CSR1	F18C5.9	27.82	5.49840698870706	0
CSR1	F18E2.15	13.518	4.85889702517091	0
CSR1	F18E3.10	25.41	6.30576634681854	0
CSR1	F18E3.11	21.274	13.8483792763657	0
CSR1	F18E3.12	16.43	1.54516156722898	0
CSR1	F18E3.13	13.736	54.0266476610981	0
CSR1	F18E9.1	19.488	4.72132792829228	0
CSR1	F18E9.3	21.252	14.6415327963809	0
CSR1	F18E9.4	11.376	5.33782895667956	0
CSR1	F18E9.7	12.266	2.68578931149678	0
CSR1	F18E9.8	26.836	5.95034419573564	0
CSR1	F18F11.4	25.046	8.78926244257123	0
CSR1	F18G5.1	22.992	9.79231220721385	0
CSR1	F18G5.6	21.326	5.07330701732895	0
CSR1	F18H3.1	26.966	7.16410349691763	0
CSR1	F18H3.4	24.72	3.31678208529064	0
CSR1	F19B10.1	19.956	7.65454252770038	0
CSR1	F19B10.10	24.128	8.07942006197816	0
CSR1	F19B10.13	17.788	11.2990114396212	0
CSR1	F19B10.2	17.136	28.9689205245517	0
CSR1	F19B10.3	26.068	2.70689913410464	0
CSR1	F19B10.4	23.898	11.6052853294031	0
CSR1	F19B10.5	24.654	6.01010827672349	0
CSR1	F19B10.6	22.108	6.75006146379702	0
CSR1	F19B2.5	25.51	6.30875432423476	0
CSR1	F19B2.6	19.518	3.04154999679907	0
CSR1	F19B2.7	28.524	1.30296748474978	0
CSR1	F19B6.1	7.488	4.89081163440953	0
CSR1	F19B6.10	22.4	5.43736438371814	0
CSR1	F19B6.3	27.022	1.91551288473772	0
CSR1	F19C6.2	22.958	2.34209774564425	0
CSR1	F19C6.3	16.66	17.6018297331857	0
CSR1	F19C6.4	28.254	1.48664158266928	0
CSR1	F19C6.5	22.324	11.6077250929429	0
CSR1	F19C7.2	27.142	1.15877791029746	0
CSR1	F19C7.3	27.32	4.13235614249346	0
CSR1	F19C7.4	27.624	2.14051255628435	0
CSR1	F19C7.8	8.998	5.52133610545939	0
CSR1	F19D8.2	17.98	4.77240962413356	0
CSR1	F19F10.1	25.508	5.25861966431578	0
CSR1	F19F10.11	23.41	15.1198120194001	0
CSR1	F19F10.14	24.56	3.15284375938207	0
CSR1	F19F10.3	12.294	8.10728474532125	0
CSR1	F19G12.1	11.922	2.92398245884654	0
CSR1	F19G12.11	10.108	4.80067779566149	0
CSR1	F19G12.3	26.066	7.69914156806623	0
CSR1	F19G12.4	4.224	4.33826858913429	1
CSR1	F19G12.8	19.902	15.1814403916506	0
CSR1	F19G12.9	22.086	5.69729427999066	0
CSR1	F19H6.5	12.784	35.3669740950103	0
CSR1	F19H6.6	18.706	29.4524081968687	0
CSR1	F20A1.2	15.094	24.275526187745	0
CSR1	F20A1.4	26.696	4.05028150362994	0
CSR1	F20A1.6	21.24	9.95097456895483	0
CSR1	F20A1.8	21.074	19.1694436638846	0
CSR1	F20B10.3	16.864	6.02254894267508	0
CSR1	F20B6.10	21.944	14.5821323529602	0
CSR1	F20B6.4	18.958	10.1124878802481	0
CSR1	F20B6.5	17.138	5.53300121798438	0
CSR1	F20B6.6	7.454	2.10543974752931	0
CSR1	F20B6.9	23.256	15.3911921391461	0
CSR1	F20C5.11	19.828	8.22343581999848	0
CSR1	F20C5.5	27.132	7.56398249355423	0
CSR1	F20C5.6	23.958	18.2030943274618	0
CSR1	F20C5.7	26.174	4.55680683416976	0
CSR1	F20D1.22	22.348	14.3228834998574	0
CSR1	F20D1.3	26.902	10.393381678709	0
CSR1	F20D12.12	20.194	22.8727655846139	0
CSR1	F20D12.7	20.194	15.7390195889796	0
CSR1	F20D6.1	24.786	12.7027852300703	0
CSR1	F20D6.10	21.678	6.77081479404841	0
CSR1	F20D6.11	26.738	5.45695976930134	0
CSR1	F20D6.12	25.136	4.29115262410287	0
CSR1	F20D6.15	23.592	12.7817906972015	0
CSR1	F20D6.2	25.17	2.82305584799214	0
CSR1	F20D6.5	17.922	10.354083878048	0
CSR1	F20D6.6	17.344	1.77598000997956	0
CSR1	F20D6.8	15.372	4.74140259390384	0
CSR1	F20D6.9	24.002	2.047100627354	0
CSR1	F20E11.17	17.25	6.26127212876484	0
CSR1	F20E11.18	19.692	8.26635899928208	0
CSR1	F20E11.7	25.568	3.84321892502874	0
CSR1	F20G2.1	26.096	3.21187395394136	0
CSR1	F20G2.2	26.782	2.98619395390794	0
CSR1	F20G2.3	12.356	7.41350841973942	0
CSR1	F20G2.5	27.222	7.43887705194559	0
CSR1	F20G2.6	23.406	6.69069309962025	0
CSR1	F20G4.2	18.42	3.20579943353846	0
CSR1	F20H11.1	23.04	16.2260517030509	0
CSR1	F20H11.4	26.284	3.50256401459179	0
CSR1	F21A3.11	28.342	3.16434582245929	0
CSR1	F21A3.2	19.322	5.71393800043754	0
CSR1	F21A3.3	27.124	3.75142397928351	0
CSR1	F21A3.4	25.968	2.95032221946188	0
CSR1	F21A9.1	18.802	1.98839624461326	0
CSR1	F21A9.2	24.56	6.59502293597388	0
CSR1	F21C10.1	26.118	4.6897752656323	0
CSR1	F21C10.10	14.044	2.53882755176989	0
CSR1	F21C10.11	19.548	5.48271042756705	0
CSR1	F21C10.13	17.286	2.76945204146759	0
CSR1	F21C10.18	10.476	34.4682175629242	0
CSR1	F21C10.19	24.184	1.64974232278634	0
CSR1	F21C10.3	26.166	3.89186998131994	0
CSR1	F21C10.4	14.05	4.0694070772734	0
CSR1	F21C10.5	6.862	2.82468409016108	0
CSR1	F21C10.6	27.094	2.66785185029299	0
CSR1	F21C10.9	13.03	2.82295842789709	0
CSR1	F21C3.6	19.06	9.37232436667445	0
CSR1	F21C3.7	21.922	11.8429112156087	0
CSR1	F21D12.2	13.972	5.24416069656262	0
CSR1	F21D12.3	21.034	5.59125926769905	0
CSR1	F21D5.3	27.704	8.3843722644945	0
CSR1	F21D5.4	2.686	2.25848859093122	1
CSR1	F21D5.5	3.4	3.78944080197798	1
CSR1	F21D5.6	22.926	20.49841196503	0
CSR1	F21D5.7	28.448	5.2262547259376	0
CSR1	F21D5.9	22.35	11.767465400249	0
CSR1	F21D9.1	28.096	0.635996850567392	0
CSR1	F21D9.11	26.272	3.97378325645794	0
CSR1	F21D9.2	26.326	5.36013633883804	0
CSR1	F21D9.3	13.94	2.18941785681949	0
CSR1	F21D9.4	29.284	4.64596924503694	0
CSR1	F21D9.8	21.684	4.0834471751442	0
CSR1	F21E9.2	24.484	3.02494736075727	0
CSR1	F21F3.2	18.334	13.5264839310499	0
CSR1	F21F3.4	22.908	4.92188797601051	0
CSR1	F21F3.6	23.35	6.42019874270148	0
CSR1	F21F3.7	19.886	3.32607215636347	0
CSR1	F21F8.5	24.39	12.4658441122071	0
CSR1	F21G4.1	20.65	3.6992951297146	0
CSR1	F21G4.3	26.246	6.86239890363933	0
CSR1	F21G4.5	26.664	3.67331956755689	0
CSR1	F21H12.3	16.604	5.0114053524374	0
CSR1	F21H7.12	23.496	5.97520326490098	0
CSR1	F21H7.2	15.602	6.46200082537564	0
CSR1	F21H7.3	26.474	2.21650066923627	0
CSR1	F21H7.5	15.704	2.39051481407134	0
CSR1	F22B3.10	28.552	2.24704463468981	0
CSR1	F22B3.5	26.81	2.50337829032418	0
CSR1	F22B3.7	28.174	2.03735175803926	0
CSR1	F22B3.8	27.202	1.47080174410624	0
CSR1	F22B5.10	26.82	10.0543667740998	0
CSR1	F22B5.4	25.498	10.388657038212	0
CSR1	F22B5.5	27.298	4.92307508983538	0
CSR1	F22B5.6	27.486	1.43895920096534	0
CSR1	F22B7.1	20.938	16.5753672204945	0
CSR1	F22B7.3	25.498	8.7094089999464	0
CSR1	F22B7.9	3.936	4.02354327130674	1
CSR1	F22B8.3	28.29	6.09143600449018	0
CSR1	F22B8.7	26.268	1.98423832549611	0
CSR1	F22D3.4	25.572	5.26451947493331	0
CSR1	F22D6.15	27.5	1.47036848139315	0
CSR1	F22D6.8	11.916	5.49812411766067	0
CSR1	F22D6.9	28.614	6.16474904738173	0
CSR1	F22E12.1	20.862	4.64062437818534	0
CSR1	F22E12.3	15.812	39.0168041959271	0
CSR1	F22E5.1	27.454	6.33555020026678	0
CSR1	F22E5.11	10.636	4.18448470724366	0
CSR1	F22E5.12	23.482	5.36491638269228	0
CSR1	F22E5.13	25.39	11.303148227667	0
CSR1	F22E5.17	21.952	19.8178312931626	0
CSR1	F22E5.2	22.088	6.16038436825651	0
CSR1	F22E5.20	25.308	3.56784699888586	0
CSR1	F22E5.21	27.024	5.81351479690323	0
CSR1	F22E5.22	21.784	6.04038806436954	0
CSR1	F22E5.23	6.992	6.10934029574694	0
CSR1	F22E5.6	7.062	9.43090499047827	0
CSR1	F22E5.7	17.12	1.93243156421416	0
CSR1	F22E5.8	27.664	3.47910782531557	0
CSR1	F22E5.9	23.268	2.78499374918948	0
CSR1	F22F1.2	27.88	4.00872103313934	0
CSR1	F22F1.3	12.698	68.2003621495913	0
CSR1	F22F4.4	18.25	9.96138161416257	0
CSR1	F22F4.5	23.622	12.456582170288	0
CSR1	F22F4.9	26.37	4.90791774954296	0
CSR1	F22F7.11	20.208	5.92228242588618	0
CSR1	F22F7.12	23.176	8.83654435230699	0
CSR1	F22F7.2	28.546	1.85939340470528	0
CSR1	F22F7.3	24.612	10.4209890841866	0
CSR1	F22F7.4	26.146	1.5326411082266	0
CSR1	F22F7.7	14.912	9.57321187207913	0
CSR1	F22F7.8	19.602	4.84784024486901	0
CSR1	F22G12.3	2.942	3.92291993100028	1
CSR1	F22G12.4	29.428	0.659533808223953	0
CSR1	F22H10.1	26.872	5.71868036544779	0
CSR1	F22H10.11	22.694	9.5130165283522	0
CSR1	F22H10.2	15.696	2.04499786943369	0
CSR1	F22H10.3	18.468	1.88251911706538	0
CSR1	F22H10.6	25.924	6.66814443024832	0
CSR1	F23A7.1	24.262	8.18255137211456	0
CSR1	F23A7.3	27.986	4.44650701619307	0
CSR1	F23A7.4	22.376	8.76711132183922	0
CSR1	F23A7.5	25.088	1.84443169396458	0
CSR1	F23A7.8	21.182	6.53694264817049	0
CSR1	F23B12.1	29.04	1.18238875436566	0
CSR1	F23B12.4	16.568	1.56545514380471	0
CSR1	F23B12.7	24.542	12.7303362270899	0
CSR1	F23B2.10	26.212	2.17898947447537	0
CSR1	F23B2.7	5.848	5.53491694004082	0
CSR1	F23C8.13	19.426	2.68018859053845	0
CSR1	F23C8.14	25.242	6.36713891752061	0
CSR1	F23C8.3	26.942	5.23599096860229	0
CSR1	F23C8.7	28.662	3.27824862847993	0
CSR1	F23C8.8	27.02	2.09962343758407	0
CSR1	F23D12.1	22.644	5.68518757817934	0
CSR1	F23D12.10	22.964	2.75473706028111	0
CSR1	F23D12.11	23.384	1.29942918110426	0
CSR1	F23D12.2	25.966	2.96173789628917	0
CSR1	F23D12.3	18.94	38.7970054335423	0
CSR1	F23D12.4	27.38	3.33241190483833	0
CSR1	F23D12.7	23.752	3.7457990795183	0
CSR1	F23F1.10	8.394	5.22258034126842	0
CSR1	F23F1.2	20.42	1.25667261707702	0
CSR1	F23F1.4	26.152	3.88510054900129	0
CSR1	F23F1.5	21.884	7.02653342188617	0
CSR1	F23F1.6	24.842	7.49761444998954	0
CSR1	F23F12.12	19.176	14.3279704811863	0
CSR1	F23F12.13	19.89	2.75857332702442	0
CSR1	F23F12.3	26.046	12.4203955644144	0
CSR1	F23F12.8	25.192	6.56744086837341	0
CSR1	F23G4.1	22.76	3.90604705760796	0
CSR1	F23H11.2	23.38	19.8986794420868	0
CSR1	F23H11.4	25	19.8063828095894	0
CSR1	F23H11.5	24.068	12.7303078038894	0
CSR1	F23H11.7	28.446	1.24676496416001	0
CSR1	F23H12.10	21.824	19.1681995114253	0
CSR1	F23H12.3	17.74	5.58430861377926	0
CSR1	F23H12.5	8.608	75.5440037918973	0
CSR1	F23H12.7	24.24	5.88301764685673	0
CSR1	F25A2.1	27.372	4.69783971224484	0
CSR1	F25B3.2	21.698	7.87952255453638	0
CSR1	F25B3.4	27.068	11.6372815317415	0
CSR1	F25B3.5	12.78	59.6937889900936	0
CSR1	F25B4.4	29.288	1.41920277198309	0
CSR1	F25B4.7	28.902	1.78622846368175	0
CSR1	F25B4.8	19.666	2.2415781803197	0
CSR1	F25B5.3	24.452	16.424938002059	0
CSR1	F25B5.5	21.376	0.824070650683832	0
CSR1	F25B5.6	19.344	4.54165921835871	0
CSR1	F25D1.3	25.482	5.01313347491078	0
CSR1	F25D1.5	27.522	5.25272712970265	0
CSR1	F25D1.8	22.978	14.3879937306624	0
CSR1	F25E2.2	25.232	13.9034356309158	0
CSR1	F25E2.3	22.936	17.2732110620797	0
CSR1	F25E5.1	29.564	1.17138787199942	0
CSR1	F25E5.16	17.09	20.517686287406	0
CSR1	F25E5.2	20.194	23.2543603029059	0
CSR1	F25E5.5	27.85	1.72538797511439	0
CSR1	F25E5.8	18.668	3.19601572219989	0
CSR1	F25E5.9	27.314	3.43235215120853	0
CSR1	F25F2.1	24.194	3.44360025338829	0
CSR1	F25F8.1	25.38	3.621473693641	0
CSR1	F25G6.1	29.046	1.44487519224239	0
CSR1	F25G6.8	24.164	9.51917328924152	0
CSR1	F25G6.9	29.598	2.13339682526345	0
CSR1	F25H2.12	22.788	4.16844505192954	0
CSR1	F25H2.3	26.898	2.98919466647424	0
CSR1	F25H2.4	29.09	3.05096131847738	0
CSR1	F25H2.6	3.304	5.83991437420006	1
CSR1	F25H2.7	26.922	1.71536902874235	0
CSR1	F25H5.10	23.172	4.78971977691777	0
CSR1	F25H5.2	22.438	4.52060028831928	0
CSR1	F25H5.7	26.566	4.9735028289753	0
CSR1	F25H5.8	30.472	1.35136775009452	0
CSR1	F25H8.2	13.246	7.6317796667441	0
CSR1	F25H9.2	27.442	2.35941989329098	0
CSR1	F25H9.6	26.034	7.73463937456888	0
CSR1	F25H9.7	17.71	2.38193790146747	0
CSR1	F26A1.1	20.08	30.73247884871	0
CSR1	F26A1.19	23.634	8.02759895143955	0
CSR1	F26A1.3	27.408	4.32123762647138	0
CSR1	F26A1.4	13.834	4.77676503764928	0
CSR1	F26A1.7	24.76	6.89844284644925	0
CSR1	F26A1.8	25.39	6.83308683524798	0
CSR1	F26A1.9	19.816	12.2332721546832	0
CSR1	F26A10.2	20.896	4.09562233450177	0
CSR1	F26A3.1	28.508	3.11792766569325	0
CSR1	F26A3.4	6.008	4.71570585071022	0
CSR1	F26A3.5	22.228	6.37433612461177	0
CSR1	F26A3.7	12.952	3.97055642289866	0
CSR1	F26B1.1	22.55	3.58941626526151	0
CSR1	F26B1.5	27.994	2.99325561958348	0
CSR1	F26B1.8	16.736	2.49479231683176	0
CSR1	F26C11.1	28.776	1.7210783596643	0
CSR1	F26C11.3	16.516	11.7180315907458	0
CSR1	F26C11.4	24.09	1.4714463989013	0
CSR1	F26D10.13	20.566	5.19896596999342	0
CSR1	F26D11.1	2.384	4.32474376469195	1
CSR1	F26D11.12	2.116	1.81808923078179	1
CSR1	F26D11.13	25.972	3.7914609341255	0
CSR1	F26D11.2	23.724	4.33715251528546	0
CSR1	F26D2.10	27.074	4.54652611486702	0
CSR1	F26D2.13	26.418	1.47052855596307	0
CSR1	F26D2.14	26.356	3.66121860656636	0
CSR1	F26D2.15	28.41	2.67523017960221	0
CSR1	F26D2.16	18.98	27.8995408362913	0
CSR1	F26D2.3	20.192	2.80293282976608	0
CSR1	F26E4.2	22.898	8.75801459726343	0
CSR1	F26E4.3	16.952	6.39973148958824	0
CSR1	F26E4.4	20.226	4.58267901856209	0
CSR1	F26E4.5	24.704	11.4228539546536	0
CSR1	F26E4.7	8.95	6.7099600266462	0
CSR1	F26F12.2	24.968	11.7624096288923	0
CSR1	F26F12.3	23.434	4.8743184431887	0
CSR1	F26F12.4	19.15	0.567247023039173	0
CSR1	F26F12.5	13.36	5.25153669271289	0
CSR1	F26F12.8	16.51	6.50775337059396	0
CSR1	F26F2.1	20.162	6.60815541059316	0
CSR1	F26F2.10	25.03	1.90349648415047	0
CSR1	F26F2.11	22.904	8.39948968877262	0
CSR1	F26F2.13	22.698	3.28841623030704	0
CSR1	F26F2.2	9.718	12.8983659445503	0
CSR1	F26F2.3	20.638	12.2359071742375	0
CSR1	F26F2.4	23.736	3.23684200220241	0
CSR1	F26F2.5	24.922	3.16371288551352	0
CSR1	F26F2.7	24.718	6.92993734842862	0
CSR1	F26F2.8	28.036	2.3328895984926	0
CSR1	F26F4.12	23.408	14.7768998944787	0
CSR1	F26F4.2	5.794	5.5787653022677	0
CSR1	F26F4.5	22.904	15.6152848831081	0
CSR1	F26F4.6	27.016	2.76098919756952	0
CSR1	F26F4.8	26.814	4.11862682884873	0
CSR1	F26F4.9	24.434	12.2856310189679	0
CSR1	F26G1.1	28.384	9.84479941754717	0
CSR1	F26G1.10	25.326	6.67348659143533	0
CSR1	F26G1.11	20.32	2.63919048775432	0
CSR1	F26G1.15	24.73	3.68584608429336	0
CSR1	F26G1.2	20.222	10.046449268347	0
CSR1	F26G1.3	22.994	2.91438773112618	0
CSR1	F26G1.5	24.122	6.49003180038259	0
CSR1	F26G1.9	20.89	2.8717887069355	0
CSR1	F26G5.1	19.824	6.05112451933473	0
CSR1	F26H11.4	12.232	6.18447755047995	0
CSR1	F26H11.8	22.794	10.3435865411742	0
CSR1	F26H9.5	29.678	0.630105376971751	0
CSR1	F27B10.1	22.29	13.2242889814756	0
CSR1	F27B3.6	7.506	2.69368546892622	0
CSR1	F27B3.8	19.428	4.29744276544051	0
CSR1	F27C1.1	21.316	2.80942599499289	0
CSR1	F27C1.11	25.492	16.1953518945458	0
CSR1	F27C1.13	21.81	7.85537428655748	0
CSR1	F27C1.2	24.13	11.4315479731054	0
CSR1	F27C1.3	17.386	4.1884462689839	0
CSR1	F27C1.4	19.412	3.73051972327436	0
CSR1	F27C1.6	27.06	4.93821934897954	0
CSR1	F27C8.2	22.73	7.24665301284844	0
CSR1	F27C8.3	26.002	3.68594944903879	0
CSR1	F27D4.1	16.338	16.2379996309714	0
CSR1	F27D4.12	10.596	8.10380538254778	0
CSR1	F27D4.4	17.502	5.08503682954995	0
CSR1	F27D4.6	25.056	6.86030597258454	0
CSR1	F27D4.7	27.114	6.20201849556549	0
CSR1	F27D4.8	29.426	0.971537389042612	0
CSR1	F27D9.12	19.598	20.6907893037443	0
CSR1	F27D9.13	22.866	3.4304113453716	0
CSR1	F27D9.7	25.478	12.5791711118626	0
CSR1	F27E5.3	21.118	10.4871272526166	0
CSR1	F27E5.5	22.988	1.36782670535777	0
CSR1	F27E5.7	24.144	10.1844293757805	0
CSR1	F27E5.8	14.242	1.72734257791714	0
CSR1	F27E5.9	21.874	12.5889733936995	0
CSR1	F28A10.1	28.01	4.44272577483277	0
CSR1	F28A10.13	21.186	8.18672420795149	0
CSR1	F28A10.4	24.196	5.1260304178773	0
CSR1	F28A10.5	28.34	3.20207836180399	0
CSR1	F28A10.7	19.878	9.25464609847646	0
CSR1	F28A10.8	22.588	1.40152038893137	0
CSR1	F28A12.10	18.78	8.44793052124119	0
CSR1	F28A12.3	18.212	4.15268494710522	0
CSR1	F28B1.2	23.286	9.85463596626104	0
CSR1	F28B1.9	27.33	1.89809181841829	0
CSR1	F28B12.1	25.984	0.742076511177983	0
CSR1	F28B12.6	25.38	2.79053289355804	0
CSR1	F28B3.10	27.264	5.222301473041	0
CSR1	F28B3.6	5.514	4.67780377422673	0
CSR1	F28B4.1	24.564	5.40037515127966	0
CSR1	F28B4.4	20.35	11.1111399538544	0
CSR1	F28C1.1	21.696	6.01158621069798	0
CSR1	F28C1.3	20.81	8.09710436511915	0
CSR1	F28C10.1	19.198	3.59136791105807	0
CSR1	F28C10.3	25.168	0.578111653253873	0
CSR1	F28C6.10	22.11	16.4297428184811	0
CSR1	F28C6.5	22.094	6.54900944405811	0
CSR1	F28C6.8	27.38	7.19155585580946	0
CSR1	F28D1.6	18.954	7.44239244725688	0
CSR1	F28D9.4	23.242	8.33910334204353	0
CSR1	F28E10.1	17.934	13.3333246587222	0
CSR1	F28E10.4	22.97	9.64775314381309	0
CSR1	F28F5.4	17.6	21.0047143345693	0
CSR1	F28F5.6	17.308	15.8737561123586	0
CSR1	F28F8.7	5.746	6.23202518111363	0
CSR1	F28F8.9	26.942	5.04128536824242	0
CSR1	F28F9.2	26.678	6.52133397520193	0
CSR1	F28F9.3	19.616	23.823590415401	0
CSR1	F28G4.2	28.612	2.95804871632021	0
CSR1	F28G4.3	26.696	13.3885353901482	0
CSR1	F28G4.4	28.332	1.58465861045707	0
CSR1	F28H1.1	15.578	7.19469700876794	0
CSR1	F28H1.4	19.072	3.27430673319444	0
CSR1	F28H1.5	18.85	10.9271586449303	0
CSR1	F28H6.4	22.16	11.6418121638053	0
CSR1	F28H6.6	24.218	8.60221102514596	0
CSR1	F28H6.7	14.294	4.90529816051069	0
CSR1	F28H6.8	19.144	9.759731829505	0
CSR1	F28H7.2	26.494	8.77926837632289	0
CSR1	F28H7.3	13.666	1.95363051028424	0
CSR1	F28H7.7	26.35	6.25294057472802	0
CSR1	F28H7.8	25.628	15.5203126490389	0
CSR1	F29A7.3	28.558	1.41207963312596	0
CSR1	F29A7.4	28.526	0.70312758818398	0
CSR1	F29A7.6	23.024	15.5783425498891	0
CSR1	F29A7.8	25.214	2.00953956799661	0
CSR1	F29B9.1	17.656	32.7716271172983	0
CSR1	F29B9.11	25.368	5.8194807638506	0
CSR1	F29B9.12	18.372	10.9620285868125	0
CSR1	F29B9.5	4.988	7.44943298532953	1
CSR1	F29B9.7	9.252	1.32464450495923	0
CSR1	F29B9.8	8.852	3.14126458046806	0
CSR1	F29C12.6	28.292	2.3502087089806	0
CSR1	F29C4.4	12.548	8.08675935730082	0
CSR1	F29C6.1	24.908	4.27431138951192	0
CSR1	F29D10.1	14.932	3.87022083892911	0
CSR1	F29D10.2	20.062	10.9990010298451	0
CSR1	F29D10.3	27.102	3.75662614559038	0
CSR1	F29F11.20	25.02	9.76979123622791	0
CSR1	F29G6.1	26.562	6.2521029824051	0
CSR1	F29G9.1	24.446	8.40300311050661	0
CSR1	F30A10.11	27.824	0.600104412442261	0
CSR1	F30A10.12	22.886	9.26987758173864	0
CSR1	F30A10.13	4.56	2.62700626112082	1
CSR1	F30A10.14	23.082	2.02174132769659	0
CSR1	F30A10.15	21.69	8.64616551428194	0
CSR1	F30A10.2	8.692	55.7693929096606	0
CSR1	F30A10.3	19.608	1.1748738718066	0
CSR1	F30A10.4	24.536	12.6060201094543	0
CSR1	F30A10.9	21.192	23.3334397170831	0
CSR1	F30B5.11	16.712	1.73445450064765	0
CSR1	F30B5.4	18.996	25.5128954182114	0
CSR1	F30F8.1	25.92	8.39610240860418	0
CSR1	F30F8.10	10.516	7.51675437703945	0
CSR1	F30F8.5	22.052	18.342556199953	0
CSR1	F30F8.9	24.294	14.3001849444449	0
CSR1	F30H5.3	26.174	8.47518296722315	0
CSR1	F30H5.5	27.17	5.51594683457918	0
CSR1	F31A3.3	18.396	21.2204828261481	0
CSR1	F31A3.5	19.264	2.30624319873082	0
CSR1	F31B12.3	17.75	7.26989809896749	0
CSR1	F31B12.4	22.102	8.17287705510147	0
CSR1	F31B9.2	20.166	25.0241642115706	0
CSR1	F31B9.3	14.296	5.31538996687287	0
CSR1	F31B9.4	24.492	17.7207633167343	0
CSR1	F31B9.7	28.01	6.03097105467828	0
CSR1	F31C3.6	17.02	19.4301719776897	0
CSR1	F31D4.2	27.014	1.39631380798481	0
CSR1	F31D4.5	21.408	3.26953874631122	0
CSR1	F31D4.8	24.15	5.62583447166423	0
CSR1	F31D5.1	22.968	4.35925739432199	0
CSR1	F31D5.2	21.79	5.73538307918483	0
CSR1	F31D5.6	24.078	11.9555153612222	0
CSR1	F31D5.7	21.676	2.39599266315338	0
CSR1	F31E3.12	19.778	10.2787012994317	0
CSR1	F31E3.2	24.492	8.31068620967695	0
CSR1	F31E3.4	25.074	9.4384069110037	0
CSR1	F31E3.6	17.25	11.3978297495343	0
CSR1	F31E8.4	25.954	11.9255696786031	0
CSR1	F31E8.5	27.422	0.910728118515094	0
CSR1	F31E9.3	15.998	2.84921831550478	0
CSR1	F31E9.6	15.854	8.62160138927778	0
CSR1	F31F4.1	2.702	5.04336740373299	1
CSR1	F31F4.11	28.388	2.38452688811296	0
CSR1	F31F4.17	26.75	4.71776589598819	0
CSR1	F31F6.1	9.472	13.6479878131639	0
CSR1	F31F6.2	26.406	2.87633934742531	0
CSR1	F31F6.3	24.982	4.77354386862616	0
CSR1	F31F7.1	25.042	8.39908868472046	0
CSR1	F31F7.2	27.314	5.28855978761395	0
CSR1	F32A11.1	25.598	10.9875085679979	0
CSR1	F32A5.4	23.686	12.0782815092541	0
CSR1	F32A5.8	24.35	11.2228132243188	0
CSR1	F32A7.8	10.616	14.5952235027946	0
CSR1	F32B4.1	28.344	2.77056786424156	0
CSR1	F32B4.2	21.644	4.78773650877566	0
CSR1	F32B4.5	27.688	5.2439202460848	0
CSR1	F32B4.8	23.012	1.28888132358722	0
CSR1	F32B5.1	26.69	6.78761821403678	0
CSR1	F32B5.2	25.074	5.60114967551171	0
CSR1	F32B5.3	8.002	9.16345719573414	0
CSR1	F32B5.6	26.086	5.08557668342091	0
CSR1	F32B5.7	22.942	22.9253600436602	0
CSR1	F32B6.4	26.852	2.37912521839954	0
CSR1	F32D1.11	11.764	3.45428347214893	0
CSR1	F32D1.3	27.264	8.23038371899196	0
CSR1	F32D1.5	23.962	10.521510781738	0
CSR1	F32D1.7	7.776	2.60650741978565	0
CSR1	F32D1.8	14.436	8.01986570826472	0
CSR1	F32D8.1	27.024	3.64209896458288	0
CSR1	F32D8.11	17.93	3.15274700197036	0
CSR1	F32D8.12	27.674	2.37291699397223	0
CSR1	F32D8.13	27.436	0.71079173382198	0
CSR1	F32D8.14	14.686	21.3917794347019	0
CSR1	F32D8.15	15.768	18.8904362429176	0
CSR1	F32D8.2	21.962	7.37169609319877	0
CSR1	F32D8.3	23.438	4.85972143482153	0
CSR1	F32D8.4	27.084	7.26947701728824	0
CSR1	F32D8.5	5.17	4.12132993281674	0
CSR1	F32D8.7	17.384	11.8973953973301	0
CSR1	F32D8.8	27.962	2.35429668245427	0
CSR1	F32E10.5	24.168	17.0141461534178	0
CSR1	F32E10.8	23.466	8.18923872442646	0
CSR1	F32E10.9	26.82	2.55997671793764	0
CSR1	F32F2.4	12.432	3.44541491185065	0
CSR1	F32G8.2	23.016	17.604219933799	0
CSR1	F32G8.3	21.102	4.31296024591747	0
CSR1	F32H2.10	28.028	2.59896061872939	0
CSR1	F32H2.11	22.648	0.71564918336371	0
CSR1	F32H2.12	11.69	4.35556873159999	0
CSR1	F32H2.6	18.292	9.76310264787671	0
CSR1	F32H2.7	21.272	5.32766307690945	0
CSR1	F32H2.8	19.914	23.9641701718076	0
CSR1	F32H5.1	18.656	2.01011292135189	0
CSR1	F32H5.3	20.05	12.5785199965536	0
CSR1	F32H5.4	25.672	10.2104057609942	0
CSR1	F33A8.4	25.304	4.91771800259874	0
CSR1	F33A8.7	17.22	16.6296476460746	0
CSR1	F33C8.2	28.082	5.48806586083069	0
CSR1	F33C8.4	25.924	4.90778122666545	0
CSR1	F33D11.1	21.334	3.16849149468031	0
CSR1	F33D11.10	24.058	11.4024620945434	0
CSR1	F33D11.16	22.424	12.4962773557036	0
CSR1	F33D11.17	12.13	3.43440500312336	0
CSR1	F33D11.2	12.474	4.07851032842041	0
CSR1	F33D11.6	22.48	2.25446490007359	0
CSR1	F33D11.7	27.564	1.65430786897827	0
CSR1	F33D4.4	21.776	6.93192783262408	0
CSR1	F33D4.6	18.714	4.0074453985326	0
CSR1	F33E11.2	24.1	5.55668126387267	0
CSR1	F33E11.3	12.012	3.27195068805474	0
CSR1	F33E2.10	25.052	4.74704951247429	0
CSR1	F33E2.4	14.198	9.40759848211588	0
CSR1	F33E2.5	18.762	28.7035832150491	0
CSR1	F33E2.6	23.92	3.84672182079347	0
CSR1	F33E2.7	5.366	9.18049978564024	0
CSR1	F33G12.3	23.716	11.6347945869233	0
CSR1	F33G12.6	21.948	9.48216839228533	0
CSR1	F33G12.7	19.248	17.7165224723707	0
CSR1	F33H1.3	12.974	2.43227215167127	0
CSR1	F33H12.1	25.86	6.13930398648238	0
CSR1	F33H12.7	21.706	9.15943692455048	0
CSR1	F33H2.2	4.744	4.29572315928511	1
CSR1	F33H2.3	11.718	2.92240208399918	0
CSR1	F33H2.6	28.614	4.77455716577525	0
CSR1	F33H2.8	17.47	2.49409157745099	0
CSR1	F34D10.3	22.828	3.18766974285765	0
CSR1	F34D10.4	7.608	90.9380526835999	0
CSR1	F34D10.8	24.536	15.6971721773009	0
CSR1	F34D10.9	27.776	2.05348886903349	0
CSR1	F34D6.1	27.794	5.03079669188766	0
CSR1	F34H10.1	19.144	22.4150632508813	0
CSR1	F34H10.3	27.532	3.76722841845789	0
CSR1	F34H10.4	21.506	6.92022732943362	0
CSR1	F34H10.5	19.144	1.86064662439558	0
CSR1	F35A5.2	28.192	1.83790049473592	0
CSR1	F35A5.5	23.526	1.17435537128258	0
CSR1	F35A5.8	14.438	53.2296869799106	0
CSR1	F35B12.10	22.104	7.80952954344467	0
CSR1	F35B12.9	17.006	2.03639368739215	0
CSR1	F35B3.3	25.944	5.091209350997	0
CSR1	F35B3.4	25.83	6.48097962302488	0
CSR1	F35B3.7	21.124	11.1633772897743	0
CSR1	F35C11.2	27.7	4.73185917048692	0
CSR1	F35C11.3	28.642	4.27585991887396	0
CSR1	F35C11.4	28.326	1.45078768137948	0
CSR1	F35C11.5	13.668	21.2340488833743	0
CSR1	F35C11.6	15.65	18.4839675065348	0
CSR1	F35C11.7	21.924	13.0227419836701	0
CSR1	F35C12.3	23.432	4.95623100433767	0
CSR1	F35C12.7	14.746	3.89703254502124	0
CSR1	F35C5.1	11.65	3.83730351025874	0
CSR1	F35C5.3	22.578	3.22919865354655	0
CSR1	F35C8.5	26.876	5.5024711387171	0
CSR1	F35C8.8	23.448	7.19009286987906	0
CSR1	F35D11.1	27.326	0.80033926931229	0
CSR1	F35D11.3	23.638	14.8624768615512	0
CSR1	F35D11.4	27.252	4.58148816856514	0
CSR1	F35D2.1	28.088	1.84367462979435	0
CSR1	F35D2.2	22.462	6.49081899966159	0
CSR1	F35D2.3	24.998	3.21253345404224	0
CSR1	F35D2.6	26.128	6.27518070388393	0
CSR1	F35E12.10	28.82	1.85025948756348	0
CSR1	F35E12.2	29.016	1.1810056841545	0
CSR1	F35E12.6	26.158	6.1062372704055	0
CSR1	F35E12.9	21.896	12.9335918199007	0
CSR1	F35E2.1	22.63	3.46046311514613	0
CSR1	F35E2.2	26.774	4.15611352539897	0
CSR1	F35E2.5	6.83	15.8819178722906	0
CSR1	F35E2.8	22.928	1.65805068888193	0
CSR1	F35E8.1	24.534	9.26083857780617	0
CSR1	F35E8.10	25.324	2.83637132428165	0
CSR1	F35E8.2	23.602	8.09904258779983	0
CSR1	F35E8.6	25.144	3.51062571975223	0
CSR1	F35E8.7	8.29	119.988022769138	0
CSR1	F35E8.9	24.52	4.8086812035259	0
CSR1	F35F10.1	6.582	3.33795725909441	0
CSR1	F35F10.13	26.664	6.95957854595738	0
CSR1	F35F10.14	26.244	3.17609603090792	0
CSR1	F35F10.5	25.656	1.23244520447045	0
CSR1	F35F10.6	24.728	5.64767259521522	0
CSR1	F35F10.7	5.744	12.0280419467459	0
CSR1	F35F11.2	22.778	21.0271245709106	0
CSR1	F35G12.12	18.712	1.640841171705	0
CSR1	F35G12.5	27.13	3.99352592751006	0
CSR1	F35G12.7	27.848	1.75815890316706	0
CSR1	F35G2.1	26.738	10.1115328189361	0
CSR1	F35G2.3	21.262	2.21236690967634	0
CSR1	F35G2.5	14.232	32.5724899736986	0
CSR1	F35H10.10	25.014	9.45377983373879	0
CSR1	F35H10.2	25.052	12.6029394600942	0
CSR1	F35H10.5	26.45	8.4238782454203	0
CSR1	F35H10.6	2.246	3.2198904241789	1
CSR1	F35H12.1	21.176	7.89819629621866	0
CSR1	F35H12.5	26.566	3.78865434968378	0
CSR1	F35H12.6	24.886	9.63629680292139	0
CSR1	F35H8.1	22.6	7.13796499619779	0
CSR1	F35H8.12	20.252	17.7114186404828	0
CSR1	F35H8.2	25.498	9.10785144218733	0
CSR1	F35H8.4	23.794	9.43173930050288	0
CSR1	F36A2.10	19.734	8.38915083411277	0
CSR1	F36A2.11	7.724	5.14749814180805	0
CSR1	F36A2.12	26.294	2.88169797762027	0
CSR1	F36A2.14	23.118	13.3517955988889	0
CSR1	F36A2.2	27.848	2.68400712965304	0
CSR1	F36A2.3	29.554	1.29235434809147	0
CSR1	F36A2.7	25.114	8.40756465404211	0
CSR1	F36A2.9	20.074	17.982239908941	0
CSR1	F36A4.1	26.41	4.35004637762967	0
CSR1	F36A4.2	22.082	4.30088312501611	0
CSR1	F36A4.3	20.904	2.70052379011629	0
CSR1	F36A4.4	19.662	1.74537859582318	0
CSR1	F36A4.5	24.926	3.95659173786274	0
CSR1	F36D1.10	21.464	2.91596801955774	0
CSR1	F36D1.12	23.888	3.16956612888049	0
CSR1	F36D1.13	21.676	0.872041926666732	0
CSR1	F36D1.15	20.92	3.82214936327998	0
CSR1	F36D1.4	17.062	20.6895581264974	0
CSR1	F36D1.5	20.186	6.23522305294246	0
CSR1	F36D1.6	26.346	7.05625170757365	0
CSR1	F36D1.8	27.726	4.44649113902797	0
CSR1	F36D1.9	26.658	2.5323368846223	0
CSR1	F36D3.1	27.828	5.49279591263394	0
CSR1	F36D3.14	23.168	2.59398398263638	0
CSR1	F36D3.16	26.246	9.012189663675	0
CSR1	F36D3.4	26.55	5.61337968867091	0
CSR1	F36D3.5	28.396	2.7673995301667	0
CSR1	F36D3.8	17.7	36.2589741307957	0
CSR1	F36D4.1	20.424	0.750253870324243	0
CSR1	F36D4.4	22.82	6.20600232353488	0
CSR1	F36D4.5	16.216	2.70340030738821	0
CSR1	F36D4.6	14.742	1.49879584574423	0
CSR1	F36F12.1	27.112	6.41678359402655	0
CSR1	F36F12.2	26.882	1.1867201334394	0
CSR1	F36F12.3	18.744	10.1332491111405	0
CSR1	F36F12.7	18.22	11.7630179677382	0
CSR1	F36F2.1	20.382	16.1568751328143	0
CSR1	F36F2.2	15.794	7.99899074186958	0
CSR1	F36F2.7	14.484	2.69067831160723	0
CSR1	F36F2.8	19.954	11.7327852505979	0
CSR1	F36G3.1	3.542	3.62874511870348	1
CSR1	F36G3.2	26.982	6.4509477649862	0
CSR1	F36G3.3	23.732	8.58841496537265	0
CSR1	F36G9.13	21.356	7.86542916029182	0
CSR1	F36G9.15	23.854	6.30991768565389	0
CSR1	F36G9.3	24.462	5.91665451823482	0
CSR1	F36G9.7	5.334	2.6466751393447	0
CSR1	F36H1.11	24.022	7.71989414267872	0
CSR1	F36H1.12	28.208	2.78175793399842	0
CSR1	F36H1.3	23.562	16.5240131770488	0
CSR1	F36H12.10	5.514	3.77291363770645	0
CSR1	F36H12.17	7.022	32.2291766510741	0
CSR1	F36H12.3	27.114	4.69651374747106	0
CSR1	F36H12.4	14.458	3.44977509591079	0
CSR1	F36H12.5	17.376	4.79946152858049	0
CSR1	F36H12.9	25.332	9.41633048634983	0
CSR1	F36H2.6	27.514	6.25984124616391	0
CSR1	F36H5.10	14.914	9.76642383685474	0
CSR1	F36H5.12	21.494	9.25311248423424	0
CSR1	F36H5.13	22.772	14.6646828125911	0
CSR1	F36H5.14	25.388	1.2706744212562	0
CSR1	F36H5.17	25.734	5.18354718019886	0
CSR1	F36H5.18	27.878	0.741836181610167	0
CSR1	F36H5.4	15.21	2.3179622043135	0
CSR1	F36H5.8	26.694	9.01551411548224	0
CSR1	F36H5.9	21.386	7.91622956570506	0
CSR1	F36H9.1	19.102	4.78290295306968	0
CSR1	F36H9.10	25.46	6.24885636445909	0
CSR1	F36H9.2	22.198	2.72004830739103	0
CSR1	F36H9.4	13.36	1.45717981541406	0
CSR1	F36H9.5	22.582	4.0774573364458	0
CSR1	F36H9.7	24.718	7.77011525339368	0
CSR1	F37A4.1	26.462	7.26755596886941	0
CSR1	F37A4.2	22.572	6.80081429419569	0
CSR1	F37A4.3	23.614	7.77474192633066	0
CSR1	F37A4.4	21.702	15.0454337236485	0
CSR1	F37A4.5	25.984	3.67685962971187	0
CSR1	F37A4.6	18.992	3.5231614549725	0
CSR1	F37A8.1	23.858	5.24137775496509	0
CSR1	F37A8.2	26.088	10.78133921535	0
CSR1	F37A8.5	25.18	6.47296518864501	0
CSR1	F37B12.1	18.806	0.523168090024408	0
CSR1	F37B12.3	28.086	1.49807495389258	0
CSR1	F37B4.10	20.334	11.1232318155707	0
CSR1	F37B4.15	14.128	2.8779418333068	0
CSR1	F37C12.10	26.968	3.30898708559683	0
CSR1	F37C12.14	21.65	5.35468163947279	0
CSR1	F37C12.18	25.514	13.2251019433098	0
CSR1	F37C12.21	26.666	2.25296069948485	0
CSR1	F37C4.4	5.386	5.08061830716289	0
CSR1	F37C4.5	27.654	4.51178804263791	0
CSR1	F37C4.6	13.584	39.9422568352366	0
CSR1	F37C4.8	25.286	9.1847318326376	0
CSR1	F37D6.3	6.934	5.00684032023611	0
CSR1	F37D6.4	26.798	5.5439643455477	0
CSR1	F37F2.2	5.374	2.76191040693413	0
CSR1	F37H8.5	20.628	7.34797722999435	0
CSR1	F37H8.6	8.78	7.32435687137563	0
CSR1	F38A1.11	26.66	2.38988018144643	0
CSR1	F38A1.13	25.514	3.04765845387289	0
CSR1	F38A1.15	26.404	2.8629370206372	0
CSR1	F38A1.6	25.01	5.0205011325398	0
CSR1	F38A1.8	22.366	17.2907581221519	0
CSR1	F38A1.9	20.772	13.9226763256289	0
CSR1	F38A5.2	21.902	10.8314912660681	0
CSR1	F38A5.22	20.21	19.3150998943823	0
CSR1	F38A5.6	28.086	2.30135666650752	0
CSR1	F38A5.8	18.646	13.5505954051682	0
CSR1	F38A6.4	20.842	5.53004049047769	0
CSR1	F38A6.5	22.14	2.97743480361989	0
CSR1	F38B2.2	23.86	4.53919214302173	0
CSR1	F38B2.3	21.928	14.3466666467873	0
CSR1	F38B2.4	26.502	4.29140527353536	0
CSR1	F38B2.6	20.252	3.04853676800438	0
CSR1	F38B6.2	25.826	0.758075154201737	0
CSR1	F38B6.3	23.81	6.06280823377664	0
CSR1	F38B6.4	28.654	2.49395818904919	0
CSR1	F38B6.6	27.102	1.19857730563369	0
CSR1	F38B6.7	27.04	3.58079081565035	0
CSR1	F38B6.8	22.346	17.5288019612719	0
CSR1	F38B7.10	24.912	5.01191064069273	0
CSR1	F38B7.11	22.562	4.18598366271938	0
CSR1	F38B7.17	18.54	21.2069474116886	0
CSR1	F38B7.2	14.996	2.73023758380477	0
CSR1	F38B7.3	16.876	7.05225555454642	0
CSR1	F38C2.1	21.352	2.85407149486857	0
CSR1	F38C2.4	10.048	106.36299038462	0
CSR1	F38C2.7	24.398	9.41070025400411	0
CSR1	F38E1.10	26.058	4.26848353367497	0
CSR1	F38E1.3	28.342	7.87072844633718	0
CSR1	F38E1.6	28.188	2.98362135079785	0
CSR1	F38E11.6	26.4	4.7737042049699	0
CSR1	F38E11.9	24.416	13.3057631818513	0
CSR1	F38E9.1	18.494	3.34252538227963	0
CSR1	F38E9.4	21.692	8.8336684645175	0
CSR1	F38E9.6	18.55	10.4944214665436	0
CSR1	F38G1.3	21.46	3.07195707807073	0
CSR1	F38H12.5	20.37	2.74123978562861	0
CSR1	F38H4.3	19.176	3.47298957131012	0
CSR1	F38H4.4	19.644	39.4175299301318	0
CSR1	F38H4.5	27.586	4.14186919762585	0
CSR1	F38H4.6	28.42	2.89428919390272	0
CSR1	F39B2.3	29.338	1.42087834797447	0
CSR1	F39B2.5	28.01	0.445912031302991	0
CSR1	F39B3.3	18.836	8.23393965435861	0
CSR1	F39B3.7	24.13	4.2664325117353	0
CSR1	F39D8.3	22.186	9.02987093459407	0
CSR1	F39E9.14	19.572	6.36563056530529	0
CSR1	F39E9.6	23.746	10.7859271826907	0
CSR1	F39F10.2	25.436	4.6955235946755	0
CSR1	F39F10.3	27.196	2.06774272506975	0
CSR1	F39F10.4	22.616	4.40243881735624	0
CSR1	F39F10.5	21.098	12.3872376207134	0
CSR1	F39G3.2	28.552	1.75318603064535	0
CSR1	F39G3.3	23.072	7.88688478041293	0
CSR1	F39G3.4	28.014	5.61646889968441	0
CSR1	F39G3.5	29.566	0.704453289225856	0
CSR1	F39H11.1	12.632	9.43404731683021	0
CSR1	F39H12.1	19.83	8.26206803080978	0
CSR1	F39H12.3	24.884	6.63816668037637	0
CSR1	F39H2.3	21.216	23.6749653450064	0
CSR1	F40A3.1	26.302	2.56280788278735	0
CSR1	F40A3.2	25.28	4.17424361484194	0
CSR1	F40A3.3	25.734	14.4608478747209	0
CSR1	F40A3.4	18.108	2.23620550625363	0
CSR1	F40A3.6	24.834	6.77549296917644	0
CSR1	F40A3.7	19.91	3.1048860916866	0
CSR1	F40B5.2	23.31	1.83093241809295	0
CSR1	F40C5.1	28.248	1.81537102168322	0
CSR1	F40C5.2	22.346	19.605129432891	0
CSR1	F40D4.12	29.258	0.654501761009839	0
CSR1	F40D4.13	17.516	9.46901562585722	0
CSR1	F40D4.17	15.06	6.39073574775654	0
CSR1	F40E10.5	21.704	10.8856985205216	0
CSR1	F40E12.1	20.57	3.14551134624609	0
CSR1	F40E3.3	23.564	1.65223545474732	0
CSR1	F40E3.5	13.476	1.59032988590106	0
CSR1	F40E3.6	24.226	3.51234014708678	0
CSR1	F40F11.3	8.438	9.60104042530104	0
CSR1	F40F12.3	21.992	12.2687429668552	0
CSR1	F40F12.9	21.858	13.7231752288847	0
CSR1	F40F4.7	27.798	2.79398657855329	0
CSR1	F40F8.1	12.414	76.4939684772168	0
CSR1	F40F8.11	8.592	87.8645540753874	0
CSR1	F40F8.12	24.604	9.49063573359321	0
CSR1	F40F8.3	28.842	4.48608935659594	0
CSR1	F40F8.4	27.324	3.03735802845511	0
CSR1	F40F8.5	18.216	5.20371224970147	0
CSR1	F40F9.10	22.916	9.1466706624047	0
CSR1	F40F9.3	4.044	9.43009038027123	1
CSR1	F40G12.10	20.954	19.0989942176887	0
CSR1	F40G12.11	22.278	1.54695321227447	0
CSR1	F40G12.2	24.764	3.40432903139931	0
CSR1	F40G12.4	5.256	5.53159121127238	0
CSR1	F40G12.5	26.82	4.94895342407806	0
CSR1	F40G12.6	25.57	1.71207854046519	0
CSR1	F40G12.7	26.408	4.30950984146738	0
CSR1	F40G12.9	17.42	8.65925893100264	0
CSR1	F40G9.12	24.402	11.2564989676714	0
CSR1	F40G9.14	22.604	4.69783773635012	0
CSR1	F40G9.15	16.546	2.10171588381833	0
CSR1	F40G9.17	27.978	3.92404984750704	0
CSR1	F40G9.18	24.598	5.47908881584352	0
CSR1	F40G9.19	26.206	1.20838806158574	0
CSR1	F40G9.5	27.91	3.05066269000037	0
CSR1	F40G9.6	26.888	1.90574176863096	0
CSR1	F40G9.7	27.128	3.12399960667751	0
CSR1	F40G9.8	8.216	4.59346388886824	0
CSR1	F40G9.9	25.458	9.55363204419061	0
CSR1	F40H3.1	19.97	15.6209071179911	0
CSR1	F40H3.3	24.34	2.2741746102051	0
CSR1	F40H6.5	21.514	18.0612418050092	0
CSR1	F41B4.1	12.514	2.5121654998021	0
CSR1	F41B4.2	27.978	1.64131044463452	0
CSR1	F41B4.3	27.502	5.36656707361298	0
CSR1	F41B5.1	22.992	2.78347495681468	0
CSR1	F41B5.12	24.43	4.82622277817752	0
CSR1	F41C3.1	26.204	0.873820719253343	0
CSR1	F41C3.11	25.88	4.49544697696619	0
CSR1	F41C3.2	23.53	4.08288511558162	0
CSR1	F41C3.7	22.922	10.8915523755778	0
CSR1	F41C3.8	8.394	4.74037436640437	0
CSR1	F41C6.4	27.928	4.59825315155069	0
CSR1	F41C6.6	22.274	11.9962978748652	0
CSR1	F41C6.7	29.204	1.72141688644436	0
CSR1	F41D3.11	18.178	7.2175701864846	0
CSR1	F41D3.6	28.354	0.925282929051525	0
CSR1	F41D3.7	20.29	8.18559986145522	0
CSR1	F41D3.8	24.406	8.33580283451152	0
CSR1	F41D3.9	27.192	5.28419594486099	0
CSR1	F41D9.2	14.63	6.51039283652257	0
CSR1	F41E6.1	21.79	4.66357906901887	0
CSR1	F41E6.12	20.954	8.87482907303261	0
CSR1	F41E6.15	20.984	5.42513902745957	0
CSR1	F41E6.17	25.632	1.61056325366485	0
CSR1	F41E6.5	14.986	2.5543331904432	0
CSR1	F41E6.7	22.248	2.26003277659928	0
CSR1	F41E6.8	21.172	29.3805390755791	0
CSR1	F41E7.2	24.024	4.8058089011841	0
CSR1	F41E7.6	28.436	3.44306860399927	0
CSR1	F41E7.7	15.394	23.5508727739514	0
CSR1	F41E7.9	19.188	6.72420412600782	0
CSR1	F41F3.1	10.404	3.70679821696466	0
CSR1	F41F3.3	19.882	10.4057401487847	0
CSR1	F41F3.8	18.224	8.98912898876696	0
CSR1	F41F3.9	21.132	13.6663348248587	0
CSR1	F41G3.10	24.866	8.13143215046079	0
CSR1	F41G3.18	15.548	5.28562503368992	0
CSR1	F41G3.19	18.136	2.61999961338102	0
CSR1	F41G3.20	24.392	2.28930982559072	0
CSR1	F41G3.21	19.966	3.29737557905528	0
CSR1	F41G3.3	14.13	19.2102988143968	0
CSR1	F41G3.5	27.456	1.77060693668038	0
CSR1	F41G3.6	26.662	2.59370836970219	0
CSR1	F41G4.13	19.794	27.8815773226414	0
CSR1	F41G4.7	23.342	3.0175557518175	0
CSR1	F41G4.8	23.742	6.40973076553621	0
CSR1	F41H10.1	17.908	5.55910758951254	0
CSR1	F41H10.12	22.67	4.67328544795731	0
CSR1	F41H10.2	8.548	8.89304645326696	0
CSR1	F41H10.3	18.048	2.46841599853888	0
CSR1	F41H10.4	26.53	3.87369614767297	0
CSR1	F41H10.5	23.312	8.83526578229409	0
CSR1	F41H8.1	11.822	4.01387930066005	0
CSR1	F41H8.2	24.326	5.54296024867836	0
CSR1	F42A10.5	10.834	61.8427132372352	0
CSR1	F42A10.6	10.116	10.8578101426383	0
CSR1	F42A10.7	9.252	5.99621944125443	0
CSR1	F42A10.9	12.616	39.8556873223273	0
CSR1	F42A6.1	8.27	8.05496529291066	0
CSR1	F42A6.2	23.954	13.4928218409643	0
CSR1	F42A6.5	23.614	14.2772757511469	0
CSR1	F42A6.6	27.166	4.11017684840439	0
CSR1	F42A8.1	27.204	7.5658373316101	0
CSR1	F42A9.11	23.55	3.08155648520067	0
CSR1	F42A9.17	18.91	11.7786433877129	0
CSR1	F42A9.3	20.548	20.7592702175893	0
CSR1	F42A9.6	23.754	7.91208253615582	0
CSR1	F42A9.7	27.024	1.50961490232952	0
CSR1	F42A9.8	19.65	1.0705182680897	0
CSR1	F42A9.9	19.74	6.71039526025872	0
CSR1	F42C5.3	25.588	9.26200572538774	0
CSR1	F42C5.4	18.746	0.990546837805196	0
CSR1	F42C5.5	28.434	1.71800554626961	0
CSR1	F42C5.6	20.088	12.7250212125046	0
CSR1	F42C5.9	28.198	4.7629088858912	0
CSR1	F42D1.4	26.566	7.59137645119661	0
CSR1	F42E11.3	27.514	7.93163735547503	0
CSR1	F42E8.1	26.08	5.33519991504902	0
CSR1	F42F12.11	19.166	6.94942698104138	0
CSR1	F42F12.14	20.284	13.8380376209071	0
CSR1	F42F12.4	27.184	3.98165242174243	0
CSR1	F42G10.1	22.058	8.04229814018476	0
CSR1	F42G2.2	12.198	3.3156081448568	0
CSR1	F42G2.5	19.326	2.64440508475968	0
CSR1	F42G2.7	27.162	2.35053107678227	0
CSR1	F42G4.2	21.016	6.88016598409272	0
CSR1	F42G4.5	25.534	18.2753420032845	0
CSR1	F42G4.6	23.322	13.9152190268225	0
CSR1	F42G4.7	22.666	6.71946156304319	0
CSR1	F42G8.8	24.774	11.6229392288743	0
CSR1	F42H10.2	25.95	4.74982118651076	0
CSR1	F42H10.3	4.806	3.56042440885684	1
CSR1	F42H10.6	26.86	5.76164837697028	0
CSR1	F42H11.1	22.218	4.93027545037611	0
CSR1	F43B10.1	13.176	9.91586556554277	0
CSR1	F43C1.5	16.198	7.88257975838173	0
CSR1	F43C1.7	29.284	2.2946312669969	0
CSR1	F43C11.1	28.05	4.96741265653366	0
CSR1	F43C11.10	20.358	20.1534375845731	0
CSR1	F43C11.11	20.884	9.19629672188566	0
CSR1	F43C11.12	25.152	6.68881342086922	0
CSR1	F43C11.16	22.442	4.12533533295721	0
CSR1	F43C11.2	26.322	16.3261225647563	0
CSR1	F43C11.3	20.792	9.87042963712549	0
CSR1	F43C11.4	15.08	31.1500672977194	0
CSR1	F43C11.6	27.408	7.36213212463302	0
CSR1	F43C11.7	28.06	6.83704902932597	0
CSR1	F43C11.8	24.506	8.82264630878784	0
CSR1	F43C9.1	23.532	9.76414605154071	0
CSR1	F43C9.2	20.124	7.84704336073494	0
CSR1	F43D2.3	20.524	19.5256313570536	0
CSR1	F43D2.6	25.47	4.62340898660483	0
CSR1	F43D2.7	24.274	2.92720228827505	0
CSR1	F43E12.1	15.164	24.7815598108515	0
CSR1	F43E2.1	15.73	11.18456617733	0
CSR1	F43E2.11	23.902	8.03494666685834	0
CSR1	F43E2.6	17.506	9.38540748277836	0
CSR1	F43G6.10	19.458	5.88838398262971	0
CSR1	F43G6.16	20.32	11.7207115585044	0
CSR1	F43G6.17	28.624	2.59226796252386	0
CSR1	F43G6.4	18.61	14.5478793016736	0
CSR1	F43G6.7	16.764	9.66288355072673	0
CSR1	F43G6.8	19.124	3.50980608490623	0
CSR1	F43G9.13	24.984	18.247195197872	0
CSR1	F43G9.21	26.766	1.87635451377214	0
CSR1	F43G9.4	24.952	4.89975721460085	0
CSR1	F43G9.8	20.792	6.38532608012967	0
CSR1	F43H9.3	12.77	73.7535672002266	0
CSR1	F43H9.4	20.982	3.09649998356748	0
CSR1	F44A2.3	27.472	2.32144012432985	0
CSR1	F44A2.5	2.588	4.89828066933407	1
CSR1	F44A2.7	9.176	106.227602369011	0
CSR1	F44A6.3	23.074	7.0943813111631	0
CSR1	F44A6.4	20.454	12.3096825652639	0
CSR1	F44A6.5	26.694	12.5139302090804	0
CSR1	F44B9.10	20.91	0.656601158189667	0
CSR1	F44B9.2	21.712	21.5000735611307	0
CSR1	F44B9.5	23.056	10.3056666107812	0
CSR1	F44B9.8	26.132	10.9779154148512	0
CSR1	F44B9.9	22.554	12.4926529411234	0
CSR1	F44D12.10	23.63	1.36179372913281	0
CSR1	F44D12.16	20.668	13.4000640123429	0
CSR1	F44D12.19	25.092	4.7855879703131	0
CSR1	F44D12.2	25.502	10.9979804547577	0
CSR1	F44D12.6	20.028	5.12755607870434	0
CSR1	F44D12.8	21.606	12.4516044814769	0
CSR1	F44E2.10	17.73	3.65371676648884	0
CSR1	F44E2.3	5.168	3.82960763913833	0
CSR1	F44E2.4	21.664	7.42835737544924	0
CSR1	F44E2.6	28.644	1.15856166575835	0
CSR1	F44E2.7	20.85	13.6194142229889	0
CSR1	F44E2.8	25.376	13.7063997282512	0
CSR1	F44E2.9	26.386	3.21377188258368	0
CSR1	F44E5.1	26.386	8.21495394777892	0
CSR1	F44E5.15	25.876	16.8060264339784	0
CSR1	F44E5.17	19.016	17.4845282483174	0
CSR1	F44E5.2	27.618	3.05637264719069	0
CSR1	F44E5.4	19.964	30.906088817089	0
CSR1	F44E7.3	18.942	1.93987264788422	0
CSR1	F44E7.4	28.124	4.27293273089944	0
CSR1	F44E7.5	27.15	4.31489786979226	0
CSR1	F44E7.7	27.096	7.60468503237956	0
CSR1	F44E7.9	19.032	5.02637161850486	0
CSR1	F44F1.4	24.994	10.2869270397588	0
CSR1	F44F1.6	26.96	2.86582119567345	0
CSR1	F44F4.10	17.854	28.6782395328731	0
CSR1	F44F4.15	23.568	10.8339895457135	0
CSR1	F44F4.3	23.94	15.2138847246151	0
CSR1	F44F4.9	21.17	14.2881318558535	0
CSR1	F44G3.7	24.582	12.5226694133134	0
CSR1	F44G4.1	3.67	4.59190723333861	1
CSR1	F44G4.2	26.666	10.1704519916785	0
CSR1	F44G4.3	24.448	15.117249907085	0
CSR1	F44G4.5	13.86	15.307212122681	0
CSR1	F44G4.6	11.388	10.3665087191918	0
CSR1	F44G4.7	20.2	6.14759005178129	0
CSR1	F45B8.5	23.334	9.41156364220488	0
CSR1	F45C12.17	23.926	10.9351293375717	0
CSR1	F45D11.11	26.642	6.81399390753252	0
CSR1	F45D11.14	26.156	3.0741355421201	0
CSR1	F45D11.15	20.894	10.4041898194015	0
CSR1	F45D11.5	17.744	7.26903638747021	0
CSR1	F45D11.7	26.708	3.47912221202486	0
CSR1	F45D3.1	16.42	4.45579774027779	0
CSR1	F45D3.2	4.584	4.50679284768472	1
CSR1	F45D3.3	10.746	10.2350133615898	0
CSR1	F45D3.4	21.48	5.11076927842972	0
CSR1	F45E1.1	21.302	26.7542703969233	0
CSR1	F45E1.2	11.342	3.04555873435578	0
CSR1	F45E1.4	25.664	10.5953015300527	0
CSR1	F45E1.5	22.988	21.7308812009348	0
CSR1	F45E10.2	18.862	2.81323135942863	0
CSR1	F45E12.5	25.87	4.43647128507084	0
CSR1	F45E12.6	19.816	21.6355403881727	0
CSR1	F45E4.5	23.502	1.21225211655215	0
CSR1	F45E4.6	19.094	10.434786471181	0
CSR1	F45E6.1	21.22	7.87148590409522	0
CSR1	F45F2.10	25.838	15.747342473903	0
CSR1	F45F2.11	3.854	3.15979469192961	1
CSR1	F45F2.9	19.196	11.4222131491288	0
CSR1	F45G2.10	26.464	0.908308296131053	0
CSR1	F45G2.7	25.93	7.52810411562957	0
CSR1	F45G2.8	25.468	5.82224024943856	0
CSR1	F45G2.9	9.54	109.929488883681	0
CSR1	F45H10.2	20.068	15.9983080174685	0
CSR1	F45H10.5	16.094	12.8963045687395	0
CSR1	F45H11.11	23.08	16.0319277082461	0
CSR1	F45H11.8	17.384	34.9703038234888	0
CSR1	F46A8.11	18.198	32.861314462133	0
CSR1	F46A8.3	23.762	13.1301876622506	0
CSR1	F46A8.4	27.44	3.87147354122797	0
CSR1	F46A8.5	25.04	8.41093565616894	0
CSR1	F46A8.6	20.044	18.0287346098969	0
CSR1	F46A8.7	16.27	4.47097094210014	0
CSR1	F46A8.8	21.98	15.4789413110819	0
CSR1	F46A9.1	6.268	2.9749067531076	0
CSR1	F46A9.2	21.646	9.35108959198391	0
CSR1	F46B3.1	27.004	6.16759340409995	0
CSR1	F46B3.14	24.34	14.7552763101397	0
CSR1	F46B3.15	23.346	8.88003467369207	0
CSR1	F46B3.16	27.572	3.68831239267738	0
CSR1	F46B3.23	5.908	13.9121640827557	0
CSR1	F46B3.7	24.86	1.33381774992673	0
CSR1	F46B3.8	18.98	2.56386197272844	0
CSR1	F46B3.9	24.654	13.9483525384835	0
CSR1	F46B6.10	18.514	1.85604248416675	0
CSR1	F46B6.12	19.984	5.88684344126551	0
CSR1	F46B6.13	20.872	4.77736146074616	0
CSR1	F46B6.2	28.454	2.42796985766945	0
CSR1	F46B6.4	24.73	9.14670126094649	0
CSR1	F46B6.5	22.646	12.398649075609	0
CSR1	F46B6.6	24.39	8.61989133012131	0
CSR1	F46B6.9	19.91	20.8895252180652	0
CSR1	F46C3.2	21.436	16.8193827678117	0
CSR1	F46C3.6	23.62	4.54457698880589	0
CSR1	F46C3.7	24.12	12.6786725238669	0
CSR1	F46C5.1	22.808	6.107853923794	0
CSR1	F46C5.10	8.574	4.21377837319344	0
CSR1	F46C5.2	17.868	1.99814982400519	0
CSR1	F46C5.4	24.212	11.7342791128026	0
CSR1	F46C5.6	25.346	10.5973578833207	0
CSR1	F46C5.7	28.058	2.16461147791619	0
CSR1	F46C5.9	28.478	3.19616291172072	0
CSR1	F46C8.1	25.094	2.85931517626432	0
CSR1	F46C8.3	21.59	16.8649689549342	0
CSR1	F46C8.8	19.546	8.8559861128374	0
CSR1	F46E10.18	24.178	1.12564332170155	0
CSR1	F46E10.3	25.838	11.4973818473637	0
CSR1	F46F11.1	24.69	9.65347463720107	0
CSR1	F46F11.7	27.336	2.04540992763988	0
CSR1	F46F11.8	22.348	13.9614971473146	0
CSR1	F46F2.3	23.716	4.34066403337986	0
CSR1	F46F2.5	19.262	4.94255354186733	0
CSR1	F46F3.3	21.808	12.5169308985266	0
CSR1	F46F5.1	23.3	3.58940460977444	0
CSR1	F46F5.10	27.468	11.7298922041722	0
CSR1	F46F5.11	27.554	6.68541535114741	0
CSR1	F46F5.13	22.856	4.40786733504663	0
CSR1	F46F5.14	6.228	4.9663724157156	0
CSR1	F46F5.15	27.532	2.30295827101982	0
CSR1	F46F5.16	16.55	6.14564188030027	0
CSR1	F46F5.5	14.464	5.23039926727166	0
CSR1	F46F5.7	22.168	25.4950398768491	0
CSR1	F46F5.8	22.548	2.8514217060142	0
CSR1	F46G10.1	5.588	2.46477493009322	0
CSR1	F46G10.2	14.684	1.29625304976138	0
CSR1	F46G10.4	26.826	2.53027267617745	0
CSR1	F46G11.2	19.286	12.6738304657174	0
CSR1	F46G11.4	16.972	3.89486839508491	0
CSR1	F46G11.6	26.092	3.50712567661457	0
CSR1	F46H5.11	21.43	3.81344330550186	0
CSR1	F46H5.2	15.986	3.91969189924068	0
CSR1	F46H5.3	28.992	0.926937742895724	0
CSR1	F46H5.4	25.774	16.6973375198921	0
CSR1	F46H5.5	26.584	3.07544268947463	0
CSR1	F46H5.7	22.336	5.83109034694361	0
CSR1	F46H6.5	25.37	4.55428459136434	0
CSR1	F47B10.3	24.272	5.79317226291529	0
CSR1	F47B10.4	21.202	9.3806557080186	0
CSR1	F47B10.5	15.734	4.46134035508152	0
CSR1	F47B10.6	22.894	5.67259521811288	0
CSR1	F47B10.8	13.442	4.2850378786127	0
CSR1	F47B10.9	24.482	6.91006052278939	0
CSR1	F47B3.1	26.49	7.04355459989819	0
CSR1	F47B3.2	27.658	2.96945428306358	0
CSR1	F47B3.3	26.568	5.02286088159086	0
CSR1	F47B3.4	21.696	9.85045469424789	0
CSR1	F47B3.5	20.852	2.08196487885638	0
CSR1	F47B3.7	22.56	8.86691030518768	0
CSR1	F47B7.2	19.894	1.05595363641219	0
CSR1	F47B7.3	19.372	6.77861188753415	0
CSR1	F47B7.4	22.404	8.19567503350537	0
CSR1	F47B7.5	13.886	7.17057309402703	0
CSR1	F47B8.1	3.238	1.56563210075807	1
CSR1	F47B8.10	26.206	11.4304990833906	0
CSR1	F47B8.13	13.698	1.64005907068431	0
CSR1	F47B8.14	14.032	4.29915779762186	0
CSR1	F47B8.18	18.606	4.69373063230603	0
CSR1	F47B8.2	24.84	6.39444314626832	0
CSR1	F47B8.3	22.8	10.1359924312789	0
CSR1	F47B8.4	25.44	6.90152399359733	0
CSR1	F47B8.5	27.86	6.48471115834966	0
CSR1	F47B8.8	27.324	3.8471822263556	0
CSR1	F47C12.13	22.816	0.942372140570457	0
CSR1	F47C12.6	23.352	1.74221262622421	0
CSR1	F47C12.7	22.38	1.05312991504849	0
CSR1	F47C12.8	21.14	4.73840377223884	0
CSR1	F47D12.3	26.414	13.0285022066738	0
CSR1	F47D12.6	15.678	19.5637761760851	0
CSR1	F47D12.7	29.034	4.14917021187685	0
CSR1	F47D12.9	24.986	5.37334239472948	0
CSR1	F47D2.11	26.838	3.42163103609641	0
CSR1	F47E1.1	26.98	1.79906020748875	0
CSR1	F47E1.2	25.476	2.66565531752529	0
CSR1	F47E1.20	26.308	6.65725587595775	0
CSR1	F47E1.4	28.846	2.10593633320925	0
CSR1	F47F2.1	25.354	4.67449267869443	0
CSR1	F47F2.3	19.116	24.5394290562123	0
CSR1	F47G3.1	27.918	2.36059026299884	0
CSR1	F47G3.3	25.338	13.7436765108361	0
CSR1	F47G3.4	23.35	3.65421182122876	0
CSR1	F47G4.14	9.992	3.7861493246279	0
CSR1	F47G4.4	29.312	0.797680701097499	0
CSR1	F47G4.5	26.646	3.93273655124453	0
CSR1	F47G6.3	20.604	11.6573000617885	0
CSR1	F47G9.4	24.376	26.2645074172716	0
CSR1	F47G9.6	23.55	10.1305260265704	0
CSR1	F47H4.2	28.33	9.22774700030896	0
CSR1	F48A11.4	27.076	4.02982017108481	0
CSR1	F48A9.2	22.002	3.74730322400117	0
CSR1	F48B9.3	18.478	6.85302360540792	0
CSR1	F48B9.8	27.354	5.00277468497641	0
CSR1	F48C1.11	22.664	3.49888819310825	0
CSR1	F48C1.3	21.1	2.37841985831746	0
CSR1	F48C1.5	14.724	14.9515137095801	0
CSR1	F48C1.6	2.452	1.87779191406547	1
CSR1	F48C1.8	19.34	3.67315004319278	0
CSR1	F48C1.9	16.896	11.8906813832709	0
CSR1	F48C5.2	9.868	11.5381278070427	0
CSR1	F48D6.4	23.148	2.25251229354716	0
CSR1	F48E3.2	21.51	15.693492811745	0
CSR1	F48E3.6	20.162	2.36708934473862	0
CSR1	F48E3.9	24.112	8.09796094914389	0
CSR1	F48E8.2	13.158	19.8559520303981	0
CSR1	F48E8.3	3.74	4.71529200228567	1
CSR1	F48E8.4	4.966	4.25409053439395	1
CSR1	F48E8.8	2.44	2.16864861562671	1
CSR1	F48F5.6	21.418	8.67821999912285	0
CSR1	F48F5.8	9.376	3.07326436512328	0
CSR1	F48F7.3	25.704	4.37624058997799	0
CSR1	F48F7.5	17.216	4.37237626571647	0
CSR1	F48F7.6	27.886	2.08076213549335	0
CSR1	F48G7.10	15.44	2.596738367452	0
CSR1	F48G7.12	18.32	3.68722606414772	0
CSR1	F48G7.13	23.53	14.1459869769682	0
CSR1	F48G7.4	23.298	19.9365228060298	0
CSR1	F48G7.5	24.176	6.14956097617405	0
CSR1	F48G7.7	23.588	6.26092793460246	0
CSR1	F48G7.8	17.058	9.15000283341503	0
CSR1	F48G7.9	19.308	2.16642922556403	0
CSR1	F49A5.10	23.878	9.20523656699356	0
CSR1	F49B2.3	25.65	1.509431632172	0
CSR1	F49B2.6	25.064	13.4520478444488	0
CSR1	F49B2.7	27.47	2.26755172950818	0
CSR1	F49B2.9	21.508	16.7278617805253	0
CSR1	F49C12.1	7.97	9.15031953964961	0
CSR1	F49C12.11	6.484	63.3465967609062	0
CSR1	F49C12.12	28.612	1.08610771669889	0
CSR1	F49C12.15	5.332	3.55696898333714	0
CSR1	F49C12.2	20.046	12.1174273609368	0
CSR1	F49C12.3	27.166	7.01819315121391	0
CSR1	F49C12.4	10.056	9.23338860758127	0
CSR1	F49C12.5	24.488	3.43066475164153	0
CSR1	F49C12.6	26.26	4.81145178129081	0
CSR1	F49C12.7	27.886	2.71907547287946	0
CSR1	F49C12.9	23.622	18.2307772242211	0
CSR1	F49C5.10	23.36	1.59543194808084	0
CSR1	F49C5.11	4.768	5.50799917153719	1
CSR1	F49C5.12	14.788	5.36957597351605	0
CSR1	F49C5.16	21.674	1.39127995011939	0
CSR1	F49C5.3	17.964	2.8172616168541	0
CSR1	F49C5.5	25.836	11.0148985892059	0
CSR1	F49C5.7	22.188	11.6600661689666	0
CSR1	F49C5.9	23.41	12.8151786977708	0
CSR1	F49D11.10	14.93	3.00996968099415	0
CSR1	F49D11.11	24.744	7.15853308573046	0
CSR1	F49D11.14	2.064	1.62865661957089	1
CSR1	F49D11.2	23.446	1.00053202886039	0
CSR1	F49D11.3	26.888	3.62270871454293	0
CSR1	F49D11.4	23.668	7.0389944044416	0
CSR1	F49D11.6	28.13	1.75240064612389	0
CSR1	F49D11.7	18.564	7.93005012241083	0
CSR1	F49E10.2	25.49	6.76408970294673	0
CSR1	F49E10.4	16.812	40.4121728199241	0
CSR1	F49E11.2	20.412	2.2491521636996	0
CSR1	F49E11.7	27.274	16.5514276216594	0
CSR1	F49E12.10	26.508	12.0752279897896	0
CSR1	F49E12.12	28.67	2.95459794509072	0
CSR1	F49E12.7	24.396	13.1774687010452	0
CSR1	F49E12.8	4.256	4.55790731828252	1
CSR1	F49E2.2	21.802	18.3948782046161	0
CSR1	F49E2.5	21.846	5.16066860267889	0
CSR1	F49E8.6	15.854	3.72322186683767	0
CSR1	F49E8.7	24.776	4.35948690762344	0
CSR1	F49E8.8	28.71	1.72615976222415	0
CSR1	F49F1.10	26.154	11.8187066664584	0
CSR1	F49F1.11	27.8	6.42929639863991	0
CSR1	F49F1.12	15.756	14.5758389205442	0
CSR1	F49F1.14	24.638	6.21100718561978	0
CSR1	F49F1.15	23.594	3.51511049928924	0
CSR1	F49F1.17	26.682	3.42209238688764	0
CSR1	F49F1.18	28.528	0.839231477938609	0
CSR1	F49F1.2	23.086	3.60900394853471	0
CSR1	F49F1.4	22.962	9.17770505635121	0
CSR1	F49F1.5	12.156	4.74485182963301	0
CSR1	F49F1.7	24	5.95148207498677	0
CSR1	F49F1.9	22.114	10.835580599247	0
CSR1	F49H12.2	17.538	4.20965082376401	0
CSR1	F49H12.3	22.602	3.82388400152934	0
CSR1	F49H12.4	18.276	1.96050311325209	0
CSR1	F49H12.7	25.154	5.02698592149925	0
CSR1	F49H6.12	24.162	8.90420662705193	0
CSR1	F49H6.15	22.054	9.20504796935254	0
CSR1	F49H6.17	27.582	2.27073677552324	0
CSR1	F49H6.5	24.86	3.97386088891333	0
CSR1	F49H6.8	24.328	4.58042135701916	0
CSR1	F52A8.1	22.05	12.7117681630079	0
CSR1	F52A8.3	17.832	4.9617045583982	0
CSR1	F52B10.3	27.8	3.46539377097161	0
CSR1	F52B11.2	28.954	1.78171545392292	0
CSR1	F52B11.5	25.514	4.30838224893108	0
CSR1	F52B5.2	27.83	2.94174622619419	0
CSR1	F52B5.7	27.288	4.60819989152195	0
CSR1	F52C12.1	28.728	2.93002054006483	0
CSR1	F52C12.2	4.226	2.58458446207537	1
CSR1	F52C12.6	25.06	13.0601490635497	0
CSR1	F52C6.2	22.94	6.18821884004023	0
CSR1	F52C6.3	21.814	1.54052714508722	0
CSR1	F52C6.4	25.958	5.88376642814337	0
CSR1	F52C9.3	27.766	3.01815702455639	0
CSR1	F52C9.5	17.044	4.37086246213055	0
CSR1	F52C9.6	23.634	13.9035589960582	0
CSR1	F52D1.2	18.274	10.4433809406733	0
CSR1	F52D10.2	16.054	14.6754623561418	0
CSR1	F52D10.4	22.232	2.99235043146725	0
CSR1	F52D2.12	18.76	2.13286236926893	0
CSR1	F52D2.5	20.614	10.561397820028	0
CSR1	F52D2.6	27.192	1.82611854109299	0
CSR1	F52D2.7	23.236	11.2208402433707	0
CSR1	F52E1.14	26.652	5.79176933492631	0
CSR1	F52E1.2	26.578	5.08241201222485	0
CSR1	F52E1.3	7.466	9.53078877024653	0
CSR1	F52E1.5	19.468	10.3366010678181	0
CSR1	F52E1.9	19.75	20.0266446454189	0
CSR1	F52E10.2	19.228	0.721012141694334	0
CSR1	F52E10.4	13.276	35.5985530384732	0
CSR1	F52E4.5	20.082	3.65540111825601	0
CSR1	F52F10.2	28.228	11.7672496242814	0
CSR1	F52F12.8	28.172	1.9773666429252	0
CSR1	F52F12.9	18.936	32.9573491452704	0
CSR1	F52G2.3	26.598	5.57311073878069	0
CSR1	F52G3.1	20.11	3.71187620219225	0
CSR1	F52G3.5	20.538	6.89705353405313	0
CSR1	F52G3.8	14.766	8.76793785768663	0
CSR1	F52H2.1	24.68	12.2138998608338	0
CSR1	F52H2.15	18.254	11.2674060166192	0
CSR1	F52H2.3	12.75	10.8368772483927	0
CSR1	F52H2.4	24.554	8.71413292570087	0
CSR1	F52H2.5	25.28	13.7915732438057	0
CSR1	F52H2.6	19.432	1.05928233578597	0
CSR1	F52H3.11	16.916	11.3959541793103	0
CSR1	F52H3.6	24.582	26.5201560694168	0
CSR1	F53A10.2	20.052	11.1317809124809	0
CSR1	F53A2.1	11.878	4.69176693308993	0
CSR1	F53A2.11	26.994	4.06753008440342	0
CSR1	F53A2.3	24.42	2.38408732883028	0
CSR1	F53A2.9	27.574	4.50660184707556	0
CSR1	F53A3.1	13.542	5.14435919794796	0
CSR1	F53A3.7	21.944	12.1334341844145	0
CSR1	F53A9.1	24.09	3.75875174913737	0
CSR1	F53A9.3	27.116	4.8790395999738	0
CSR1	F53A9.6	5.608	4.06898214255147	0
CSR1	F53A9.7	24.27	4.76720408797708	0
CSR1	F53A9.8	18.402	5.69533388789381	0
CSR1	F53A9.9	18.378	6.54159659974906	0
CSR1	F53B1.2	27.882	4.79494145895069	0
CSR1	F53B1.3	24.224	2.91912150789215	0
CSR1	F53B1.8	25.848	2.37061308001158	0
CSR1	F53B1.9	18.224	7.99161986477668	0
CSR1	F53B2.5	23.53	4.69579605457788	0
CSR1	F53B2.8	17.738	11.1546005330533	0
CSR1	F53B3.3	20.634	5.93424112865357	0
CSR1	F53B3.5	22.952	11.5905668521379	0
CSR1	F53B3.6	18.83	15.4169254469026	0
CSR1	F53B6.13	16.956	9.33423484832268	0
CSR1	F53B6.4	25.95	7.97348042256592	0
CSR1	F53B6.5	26.18	4.74628710985762	0
CSR1	F53B6.7	24.98	9.62301952310106	0
CSR1	F53B7.4	22.042	5.82208660138173	0
CSR1	F53B7.7	9.72	6.50064122198524	0
CSR1	F53C11.1	29.016	0.875134835848024	0
CSR1	F53C11.3	27.588	7.13122994881417	0
CSR1	F53C11.4	10.258	4.46593591254097	0
CSR1	F53C11.5	8.916	5.78597905483224	0
CSR1	F53C3.1	27.408	4.67055408787646	0
CSR1	F53C3.11	16.558	2.57202300206393	0
CSR1	F53C3.3	25.106	4.28027923553199	0
CSR1	F53C3.4	27.088	1.75546650605266	0
CSR1	F53C3.6	21.612	6.67439433498209	0
CSR1	F53C3.7	21.884	5.73005716167075	0
CSR1	F53C3.8	23.242	18.6878178020902	0
CSR1	F53E10.1	29.144	2.24445982104861	0
CSR1	F53E10.5	8.15	4.08517099744454	0
CSR1	F53E10.6	7.736	4.40794381749209	0
CSR1	F53E4.1	25.748	8.7867158191163	0
CSR1	F53E4.2	21.792	8.72346800778428	0
CSR1	F53F1.2	28.97	3.15801532937043	0
CSR1	F53F1.3	27.966	1.66850988122194	0
CSR1	F53F1.4	22.038	13.4944101790948	0
CSR1	F53F1.6	21.096	13.0755585775297	0
CSR1	F53F10.1	17.3	6.95949916452828	0
CSR1	F53F10.8	29.634	1.28554807117863	0
CSR1	F53F4.1	8.546	3.65899762828589	0
CSR1	F53F4.10	24.016	9.49068446839373	0
CSR1	F53F4.11	24.162	1.47996502658528	0
CSR1	F53F4.12	16.802	13.6580443520691	0
CSR1	F53F4.15	25.63	1.71762471346509	0
CSR1	F53F4.16	21.924	17.4557568447849	0
CSR1	F53F4.17	21.528	11.9852655966562	0
CSR1	F53F4.18	18.466	3.16800754623992	0
CSR1	F53F4.2	12.998	7.44569395150205	0
CSR1	F53F4.4	21.626	14.8904398183515	0
CSR1	F53F4.7	26.356	7.09133292903581	0
CSR1	F53F8.3	27.62	2.70187302053666	0
CSR1	F53F8.4	19.896	23.7501967293328	0
CSR1	F53F8.5	20.614	1.48120636766198	0
CSR1	F53F8.6	21.706	5.46175904174934	0
CSR1	F53F8.7	15.898	5.29385765701694	0
CSR1	F53G12.18	26.066	2.20712273779309	0
CSR1	F53G12.4	14.618	2.50576161622581	0
CSR1	F53G12.8	19.376	5.83362387849373	0
CSR1	F53G12.9	15.36	2.80212750216892	0
CSR1	F53G2.1	26.678	11.8266070059399	0
CSR1	F53G2.12	23.194	3.44318054102772	0
CSR1	F53G2.13	26.464	4.23541896910439	0
CSR1	F53G2.2	27.534	2.27646329612491	0
CSR1	F53G2.3	27.884	1.34464207143606	0
CSR1	F53H1.3	26.714	4.67204664815239	0
CSR1	F53H1.4	23.152	14.5021565199839	0
CSR1	F53H2.1	19.946	8.76628012233787	0
CSR1	F53H2.3	15.16	1.37734914365575	0
CSR1	F53H4.2	24.95	5.99081093872536	0
CSR1	F53H4.3	18.816	2.22314045499482	0
CSR1	F53H4.4	10.698	78.6690289200666	0
CSR1	F53H4.6	24.998	5.08523916641872	0
CSR1	F53H8.3	23.14	11.6753474767233	0
CSR1	F54A3.2	25.234	10.3239094601899	0
CSR1	F54A3.5	18.176	28.5468378126092	0
CSR1	F54A3.6	16.224	17.6703739369995	0
CSR1	F54B11.10	16.184	1.30169063156021	0
CSR1	F54B11.11	28.508	1.01222610212361	0
CSR1	F54B11.5	10.178	4.86189241083897	0
CSR1	F54B11.7	20.112	10.1939140326415	0
CSR1	F54B11.8	28.102	3.4787891570863	0
CSR1	F54B11.9	15.234	8.54799777642754	0
CSR1	F54B3.2	23.746	14.8469378303608	0
CSR1	F54B3.4	16.376	32.8937518086596	0
CSR1	F54B8.1	25.886	0.877355740632452	0
CSR1	F54B8.4	20.158	5.21125906337719	0
CSR1	F54C1.1	27.244	5.99425117054172	0
CSR1	F54C1.6	13.298	38.9258296507634	0
CSR1	F54C1.8	19.804	7.14190697747659	0
CSR1	F54C4.4	20	16.7913296078661	0
CSR1	F54C8.1	28.868	3.7251271437901	0
CSR1	F54C8.4	17.978	11.6675197940664	0
CSR1	F54C8.6	25.268	4.60597782478063	0
CSR1	F54C8.7	19.358	12.6057934569887	0
CSR1	F54C9.14	11.014	9.57658776788152	0
CSR1	F54C9.3	4.082	2.65775675749447	1
CSR1	F54C9.7	14.938	39.3792152194346	0
CSR1	F54C9.9	14.936	13.8095246657105	0
CSR1	F54D1.1	22.772	17.5632738443284	0
CSR1	F54D1.6	27.6	5.53192174203959	0
CSR1	F54D10.10	27.412	4.27967804169326	0
CSR1	F54D10.4	22.86	6.03175075815297	0
CSR1	F54D10.5	25.404	7.10867419855573	0
CSR1	F54D10.7	24.646	3.94247959915398	0
CSR1	F54D10.8	27.954	1.37983868418185	0
CSR1	F54D10.9	22.324	12.4626135186355	0
CSR1	F54D11.4	13.53	8.29783920229012	0
CSR1	F54D12.1	28.336	3.96331510422489	0
CSR1	F54D12.10	27.86	1.47054920499796	0
CSR1	F54D12.2	26.798	8.96204729159679	0
CSR1	F54D12.7	26.012	6.40648285332146	0
CSR1	F54D12.8	8.506	3.31959807191258	0
CSR1	F54D12.9	19.832	3.71895532005153	0
CSR1	F54D5.15	17.168	20.7344290772025	0
CSR1	F54D5.17	11	13.3807867685519	0
CSR1	F54D5.2	27.886	2.14227333472897	0
CSR1	F54D5.23	12.346	4.75223693952911	0
CSR1	F54D5.24	18.606	5.03776192545309	0
CSR1	F54D5.3	26.87	2.40944528645012	0
CSR1	F54D5.4	28.642	1.65009550674524	0
CSR1	F54D5.5	18.086	7.381099700206	0
CSR1	F54D5.7	26.064	6.74135104290241	0
CSR1	F54D5.9	26.686	11.3569144432774	0
CSR1	F54D8.10	24.442	6.38005626066526	0
CSR1	F54D8.6	21.54	7.04203945972541	0
CSR1	F54E12.2	20.142	5.11988292213737	0
CSR1	F54E2.1	28.474	1.83978601004	0
CSR1	F54E2.2	23.718	8.12653548155999	0
CSR1	F54E2.5	21.158	19.5920639579569	0
CSR1	F54E2.9	4.976	2.45555424342539	1
CSR1	F54E4.2	7.906	1.31630768942552	0
CSR1	F54E4.3	23.726	11.8499426110807	0
CSR1	F54E4.4	15.87	15.3019874970303	0
CSR1	F54E7.6	23.924	15.9048083910463	0
CSR1	F54E7.9	28.494	3.09400746886851	0
CSR1	F54F11.1	27.516	2.42837472485671	0
CSR1	F54F12.1	25.608	9.78416076417435	0
CSR1	F54F12.2	18.224	13.6255985204878	0
CSR1	F54F2.14	18.268	1.81198595843539	0
CSR1	F54F2.6	19.654	12.6281199759849	0
CSR1	F54F2.7	22.736	12.3937818632298	0
CSR1	F54F2.9	25.714	3.32550312918048	0
CSR1	F54F7.10	26.914	7.05598249789562	0
CSR1	F54F7.14	26.11	6.06439690934952	0
CSR1	F54F7.2	13.552	10.489117022285	0
CSR1	F54F7.3	24.158	11.4718731266699	0
CSR1	F54F7.6	12.354	2.36174888880679	0
CSR1	F54F7.8	21.35	3.30152634940499	0
CSR1	F54F7.9	23.808	0.852768362685917	0
CSR1	F54G2.1	22.998	4.14511822003964	0
CSR1	F54H12.10	15.342	53.2490269248068	0
CSR1	F54H12.2	28.684	2.20361126480423	0
CSR1	F54H12.3	25.096	5.80615869118647	0
CSR1	F54H12.4	17.068	4.93861895987785	0
CSR1	F54H12.5	27.818	2.9221281348873	0
CSR1	F54H12.7	8.964	16.3903133453489	0
CSR1	F54H12.8	24.436	8.67488460218523	0
CSR1	F54H5.14	16.214	3.78601705910329	0
CSR1	F54H5.2	25.274	9.7090702390851	0
CSR1	F54H5.3	26.846	5.03361869710234	0
CSR1	F54H5.5	17.394	12.9813172791117	0
CSR1	F55A11.1	18.738	1.22361770939997	0
CSR1	F55A11.11	21.502	4.26378373341409	0
CSR1	F55A11.4	2.632	6.26266143894819	1
CSR1	F55A11.6	25.444	7.27376863213367	0
CSR1	F55A11.7	16.672	1.94517301179098	0
CSR1	F55A11.8	23.874	1.82593744389659	0
CSR1	F55A12.18	22.694	8.61957466309445	0
CSR1	F55A12.2	20.768	1.96341576268063	0
CSR1	F55A12.5	20.782	3.97690544600073	0
CSR1	F55A12.6	16.958	8.54783174170773	0
CSR1	F55A3.2	25.246	8.775459675617	0
CSR1	F55A3.6	24.632	6.62925314296483	0
CSR1	F55A4.13	16.566	10.5046202543054	0
CSR1	F55A4.3	22.508	2.26311524115783	0
CSR1	F55A4.7	20.256	12.6841693996479	0
CSR1	F55B11.2	6.3	6.45057961149718	0
CSR1	F55B11.3	21.6	23.7846518202076	0
CSR1	F55B11.4	25.02	2.35319705884151	0
CSR1	F55B11.5	22.146	4.76599022779357	0
CSR1	F55B11.6	16.87	5.79823082899229	0
CSR1	F55B11.7	28.654	3.72903491590998	0
CSR1	F55B12.10	25.23	11.6996826829214	0
CSR1	F55B12.2	27.792	1.97167881845163	0
CSR1	F55C10.4	25.32	1.428368192735	0
CSR1	F55C10.5	20.514	33.641139629166	0
CSR1	F55C12.19	22.926	2.47506244179696	0
CSR1	F55C12.2	22.55	9.27598106724873	0
CSR1	F55C12.4	15.874	23.5360439399967	0
CSR1	F55C12.6	27.886	4.4533656034328	0
CSR1	F55C5.10	23.828	8.66489796359554	0
CSR1	F55C5.17	13.328	3.75202577356457	0
CSR1	F55C7.2	18.228	10.4901833535347	0
CSR1	F55C9.11	27.246	2.45874785941281	0
CSR1	F55C9.14	18.696	1.76613666532201	0
CSR1	F55C9.15	26.204	7.6575015386175	0
CSR1	F55C9.3	27.834	5.28415715846863	0
CSR1	F55C9.5	22.3	11.3136533994362	0
CSR1	F55C9.6	26.36	5.0383875970203	0
CSR1	F55D1.1	26.87	4.32789669942711	0
CSR1	F55D10.4	20.796	2.764139304545	0
CSR1	F55D12.1	18.316	6.02952936169195	0
CSR1	F55D12.2	24.574	15.3706847838374	0
CSR1	F55D12.5	13.934	19.8148530920323	0
CSR1	F55D12.6	25.866	5.31009859233058	0
CSR1	F55E10.1	18.548	2.59612257568014	0
CSR1	F55E10.2	8.038	4.47734351501391	0
CSR1	F55E10.4	17.49	4.16460052904939	0
CSR1	F55F1.2	25.968	7.16801165323788	0
CSR1	F55F10.3	22.918	3.29448381506401	0
CSR1	F55F3.4	25.298	14.3780167769017	0
CSR1	F55F8.2	24.632	14.472300121177	0
CSR1	F55F8.3	29.418	1.3650974309788	0
CSR1	F55F8.7	27.604	5.21698746174628	0
CSR1	F55F8.8	23.174	5.31167032164969	0
CSR1	F55G1.1	18.09	20.6830136123047	0
CSR1	F55G1.15	8.834	4.16350798944821	0
CSR1	F55G1.6	17.19	5.22087645378445	0
CSR1	F55G1.7	25.954	2.24459929599099	0
CSR1	F55G11.1	14.004	1.69705235961302	0
CSR1	F55G11.10	19.688	37.9649946509456	0
CSR1	F55G11.2	26.844	4.64142983223783	0
CSR1	F55G11.4	23.548	2.54770396479199	0
CSR1	F55G11.6	26.968	6.68309017425418	0
CSR1	F55G11.7	28.354	4.57495083639919	0
CSR1	F55G11.8	28.52	4.44327268502563	0
CSR1	F55G7.1	21.942	6.81653354348159	0
CSR1	F55G7.3	14.04	8.61514271996445	0
CSR1	F55G7.4	9.674	4.21452485472677	0
CSR1	F55G7.5	17.676	4.58625476659773	0
CSR1	F55H12.2	19.06	4.07802133556198	0
CSR1	F55H12.4	25.478	7.06962713033379	0
CSR1	F55H12.7	26.82	1.63971912209516	0
CSR1	F55H2.5	26.876	3.55336589446889	0
CSR1	F55H2.7	4.58	4.42106042168484	1
CSR1	F55H2.8	4.332	5.58900449753769	1
CSR1	F56A11.4	21.044	4.82862019375019	0
CSR1	F56A11.5	26.804	6.99468236469838	0
CSR1	F56A11.6	2.366	1.38898366231234	1
CSR1	F56A4.10	24.962	2.84056871115738	0
CSR1	F56A4.12	26.336	9.44873624281326	0
CSR1	F56A4.3	24.13	7.86506787597251	0
CSR1	F56A4.4	25.904	9.12002824242144	0
CSR1	F56A6.5	25.032	3.89438949023589	0
CSR1	F56A6.8	23.452	2.65046341204994	0
CSR1	F56A8.3	27.442	1.83860252107944	0
CSR1	F56A8.4	28.258	2.85959937503409	0
CSR1	F56A8.5	23.364	15.9578629390916	0
CSR1	F56A8.8	24.18	2.70829776091105	0
CSR1	F56A8.9	28.246	5.13588684398406	0
CSR1	F56B3.11	23.374	3.77368053673354	0
CSR1	F56B3.2	27.248	6.34990652172894	0
CSR1	F56B3.4	16.02	28.5491653009045	0
CSR1	F56B3.6	27.73	2.06799294833227	0
CSR1	F56B3.9	25.788	2.91432090569966	0
CSR1	F56B6.6	26.356	6.49820727749122	0
CSR1	F56C11.3	28.12	3.19354769597054	0
CSR1	F56C11.5	23.316	21.4032155322496	0
CSR1	F56C3.1	22.646	3.6726268304137	0
CSR1	F56C3.10	15.432	23.3325319165299	0
CSR1	F56C3.3	20.58	3.62564052467548	0
CSR1	F56C3.4	24.336	6.76191208696946	0
CSR1	F56C3.7	14.84	10.3272453665728	0
CSR1	F56C3.8	23.514	8.78396362837324	0
CSR1	F56C3.9	21.876	23.6036684741184	0
CSR1	F56C4.1	18.47	24.3548380194254	0
CSR1	F56C4.2	25.08	1.74530052856773	0
CSR1	F56C4.4	27.906	4.56068866566075	0
CSR1	F56C9.10	9.424	3.31300798648822	0
CSR1	F56C9.3	28.84	1.98975960269121	0
CSR1	F56C9.6	8.426	7.504404473658	0
CSR1	F56C9.8	27.272	3.65090807420993	0
CSR1	F56D1.1	24.07	3.22198618785465	0
CSR1	F56D2.2	17.368	25.2430152222745	0
CSR1	F56D2.3	3.782	5.65677534933511	1
CSR1	F56D2.5	22.972	4.48861918229683	0
CSR1	F56D2.8	27.69	3.74621993154639	0
CSR1	F56D3.1	19.794	2.08930855200765	0
CSR1	F56D5.2	15.866	3.05558381061107	0
CSR1	F56D5.3	28.582	2.1109114119756	0
CSR1	F56D5.5	26.474	2.93106580138509	0
CSR1	F56D5.6	18.772	4.06317114475976	0
CSR1	F56D5.9	28.47	2.32553584679454	0
CSR1	F56D6.11	22.704	2.6177394172735	0
CSR1	F56D6.12	26.84	4.11036718458947	0
CSR1	F56D6.13	25.352	4.83396993495206	0
CSR1	F56D6.14	20.676	3.87233261365556	0
CSR1	F56D6.18	25.682	3.82952595641078	0
CSR1	F56D6.19	24.688	5.03747521286369	0
CSR1	F56D6.20	11.026	75.1268673643896	0
CSR1	F56D6.21	24.068	1.50192395010421	0
CSR1	F56D6.22	23.112	3.746131805492	0
CSR1	F56D6.23	25.132	13.7958105422559	0
CSR1	F56D6.6	21.044	3.20300350768287	0
CSR1	F56D6.8	17.04	17.6963624641359	0
CSR1	F56D6.9	11.206	53.645107102592	0
CSR1	F56F10.1	24.912	5.45437372574544	0
CSR1	F56F10.2	23.134	7.23113538540226	0
CSR1	F56F11.1	21.452	9.92413113536897	0
CSR1	F56F11.2	25.956	7.70836163886307	0
CSR1	F56F11.4	27.678	7.6980764593121	0
CSR1	F56F4.3	19.656	6.26988304635861	0
CSR1	F56F4.4	18.834	22.6722798587103	0
CSR1	F56F4.8	22.836	2.71935165201468	0
CSR1	F56G4.6	28.518	3.70770968703435	0
CSR1	F56G4.7	26.058	2.34178091696767	0
CSR1	F56H1.10	22.01	1.85195372305214	0
CSR1	F56H11.2	23.874	1.95964701579471	0
CSR1	F56H6.1	23.898	2.76259316163809	0
CSR1	F56H6.13	25.466	9.33368439957411	0
CSR1	F56H6.2	28.364	1.9187146329792	0
CSR1	F56H6.3	20.494	11.7614424218608	0
CSR1	F56H6.4	28.596	1.07204355922634	0
CSR1	F56H6.7	20.964	28.3594235266961	0
CSR1	F56H6.9	25.688	6.26748163813008	0
CSR1	F56H9.2	21.634	3.00321402549617	0
CSR1	F56H9.6	3.324	4.05077281683813	1
CSR1	F56H9.8	17.228	2.89219292256536	0
CSR1	F57A10.2	24.522	14.2950007705243	0
CSR1	F57A10.4	20.278	5.14237276180424	0
CSR1	F57A8.1	19.006	5.97760174833923	0
CSR1	F57A8.6	23.444	7.16922371405928	0
CSR1	F57B1.1	27.284	1.70982372989334	0
CSR1	F57B1.5	7.916	3.49355957906894	0
CSR1	F57B1.6	26.59	7.13241802376098	0
CSR1	F57B1.9	21.972	15.8660218839664	0
CSR1	F57B10.8	18.786	6.89549650149629	0
CSR1	F57B7.2	24.27	10.3774239885981	0
CSR1	F57B9.1	27.94	1.78954903364352	0
CSR1	F57B9.3	12.202	21.570695217197	0
CSR1	F57B9.8	27.568	5.99538125276341	0
CSR1	F57C12.2	25.94	8.78913382287482	0
CSR1	F57C12.6	22.162	3.52147535872868	0
CSR1	F57C2.4	23.31	5.09879237225261	0
CSR1	F57C2.5	28.062	5.16918162555636	0
CSR1	F57C7.4	26.928	7.34371701860971	0
CSR1	F57C9.4	28.078	2.71544782578981	0
CSR1	F57C9.6	16.586	1.40144423931105	0
CSR1	F57E7.2	26.036	9.49178462251073	0
CSR1	F57E7.4	17.68	31.4687604174302	0
CSR1	F57F4.1	23.858	12.056656098172	0
CSR1	F57F4.2	18.542	4.55321470097568	0
CSR1	F57F5.3	24.506	10.5620081354005	0
CSR1	F57G12.1	21.69	28.2801045581919	0
CSR1	F57G12.2	21.01	4.16882910550784	0
CSR1	F57G4.1	26.588	3.06724176372559	0
CSR1	F57G4.10	24.074	3.73831149900674	0
CSR1	F57G4.11	26.402	4.89189152209107	0
CSR1	F57G8.7	21.4	19.2527901225922	0
CSR1	F57G9.3	27.246	3.94639528028298	0
CSR1	F57G9.7	22.242	9.45343971905975	0
CSR1	F57H12.5	22.204	4.14860782434818	0
CSR1	F57H12.6	25.236	3.91080037283167	0
CSR1	F58A3.3	23.868	15.3308584910228	0
CSR1	F58A3.4	9.4	7.54382097798856	0
CSR1	F58A4.1	22.358	4.48332660636262	0
CSR1	F58A4.2	20.88	12.8249247234383	0
CSR1	F58A4.6	19.4	15.3986595560413	0
CSR1	F58A6.1	28.114	5.58325078474473	0
CSR1	F58A6.2	3.082	4.1955171642426	1
CSR1	F58A6.5	16.85	7.54514861814362	0
CSR1	F58B3.4	17.436	12.6521065922659	0
CSR1	F58B3.6	23.266	13.3636412817576	0
CSR1	F58B4.2	22.766	13.8262255540373	0
CSR1	F58B4.3	23.438	1.79890689455184	0
CSR1	F58B4.5	27.418	3.13952929868712	0
CSR1	F58B4.6	9.436	11.7810133715759	0
CSR1	F58B4.7	14.662	1.52461946286542	0
CSR1	F58B6.1	26.222	8.51786843715327	0
CSR1	F58B6.11	17.824	7.60656962382305	0
CSR1	F58D12.1	20.85	4.67410637289426	0
CSR1	F58D12.3	26.744	7.01745133845969	0
CSR1	F58D12.5	23.748	10.2527557225395	0
CSR1	F58D2.2	23.586	10.3910477046435	0
CSR1	F58D2.3	27.82	3.45421660173685	0
CSR1	F58D2.4	21.666	19.4699085594076	0
CSR1	F58D2.5	23.858	2.6946922672994	0
CSR1	F58D5.2	19.704	2.27039644898346	0
CSR1	F58D5.3	27.196	2.18381661901903	0
CSR1	F58D5.5	23.082	9.61390213508119	0
CSR1	F58D5.7	27.856	2.98226821299158	0
CSR1	F58D5.8	24.732	9.55570751818854	0
CSR1	F58D5.9	28.17	2.15711552750008	0
CSR1	F58E1.13	4.568	11.3269846750433	0
CSR1	F58E2.2	27.478	3.81789267710507	0
CSR1	F58E2.3	27.116	11.7194061369997	0
CSR1	F58E2.4	21.146	18.3182683747254	0
CSR1	F58E2.5	26.542	6.90149273760331	0
CSR1	F58E6.11	22.924	3.76628372649214	0
CSR1	F58E6.13	21.568	20.9881695066132	0
CSR1	F58E6.4	27.044	1.22654822753294	0
CSR1	F58E6.5	21.608	9.70999114233474	0
CSR1	F58E6.6	25.23	7.07549366930734	0
CSR1	F58E6.8	25.86	5.12195535647284	0
CSR1	F58F12.1	28.73	1.26291698966424	0
CSR1	F58F12.12	16.782	5.52278225687057	0
CSR1	F58F12.2	24.278	2.01605933310934	0
CSR1	F58F12.3	24.702	2.76697576737917	0
CSR1	F58F6.5	28.968	3.42491378026567	0
CSR1	F58F6.6	5.052	3.56404487301688	0
CSR1	F58F9.1	20.338	14.1086626117656	0
CSR1	F58F9.3	25.63	6.81828647611574	0
CSR1	F58F9.4	24.75	25.717100303804	0
CSR1	F58F9.6	25.7	13.5828322049939	0
CSR1	F58F9.8	25.238	8.47160846870061	0
CSR1	F58F9.9	25.604	12.2495706882061	0
CSR1	F58G1.2	26.29	1.10798871537691	0
CSR1	F58G1.3	16.034	2.0173731363476	0
CSR1	F58G1.7	26.648	4.84091771207855	0
CSR1	F58G1.8	21.674	2.58118554347282	0
CSR1	F58G11.4	7.376	3.59158189714521	0
CSR1	F58G6.3	29.99	1.24272391821168	0
CSR1	F58G6.7	21.27	12.750791196432	0
CSR1	F58H1.2	23.17	7.4537549913329	0
CSR1	F58H1.3	26.386	2.71441757464479	0
CSR1	F58H1.5	16.636	11.6655308768651	0
CSR1	F58H1.6	24.882	6.60686077391716	0
CSR1	F58H1.7	16.962	17.8139891698158	0
CSR1	F58H1.8	24.84	4.20523854997979	0
CSR1	F58H10.1	16.314	3.83182535062915	0
CSR1	F58H7.1	28.73	1.21400487480649	0
CSR1	F58H7.5	18.014	4.88486858206893	0
CSR1	F59A1.11	24.772	17.0912171880528	0
CSR1	F59A1.12	20.214	0.620457587617023	0
CSR1	F59A1.13	16.256	8.28873059560863	0
CSR1	F59A1.15	26.444	3.0242681021005	0
CSR1	F59A1.16	17.338	2.79848303888431	0
CSR1	F59A1.18	20.84	13.7306952562244	0
CSR1	F59A1.6	24.548	5.29280072459099	0
CSR1	F59A2.5	23.732	4.03576706214992	0
CSR1	F59A3.10	12.014	2.88974785920736	0
CSR1	F59A3.12	23.378	14.4520059139567	0
CSR1	F59A3.13	20.048	4.9492708105044	0
CSR1	F59A3.2	24.894	7.7440525856191	0
CSR1	F59A3.7	24.992	6.82856925089604	0
CSR1	F59A3.8	15.472	27.7443538929939	0
CSR1	F59A6.10	24.61	2.66299266603998	0
CSR1	F59A6.11	25.796	4.88898341778477	0
CSR1	F59A6.12	28.178	3.04442400835268	0
CSR1	F59A6.13	13.126	3.24684376690341	0
CSR1	F59A6.2	27.346	3.54973699835451	0
CSR1	F59A6.3	14.26	5.14819172997217	0
CSR1	F59A6.4	27.152	2.79194872429191	0
CSR1	F59A7.11	20.06	8.9880925718003	0
CSR1	F59A7.12	22.266	5.38943905476914	0
CSR1	F59A7.14	20.268	6.77106415237737	0
CSR1	F59A7.2	20.372	5.81772898507667	0
CSR1	F59A7.5	20.526	4.87096844433564	0
CSR1	F59A7.7	17.884	5.90602703878646	0
CSR1	F59B1.10	27.468	7.26308362233047	0
CSR1	F59B1.2	19.276	5.27762551236757	0
CSR1	F59B1.4	28.18	3.7897989895079	0
CSR1	F59B1.6	13.988	4.70542250592616	0
CSR1	F59B1.8	25.532	1.10585658728377	0
CSR1	F59B10.2	23.31	7.22773424596066	0
CSR1	F59B10.3	24.708	8.74432791589306	0
CSR1	F59B10.4	24.9	6.55523310886767	0
CSR1	F59B10.5	12.594	3.15899786094432	0
CSR1	F59B10.6	23.544	7.08391489332199	0
CSR1	F59B2.12	21.836	6.14114757375536	0
CSR1	F59B2.13	15.858	4.88527176187328	0
CSR1	F59B2.14	26.932	5.19306298934052	0
CSR1	F59B2.15	20.934	20.8483765969912	0
CSR1	F59B2.3	29.76	0.888394090484022	0
CSR1	F59B2.8	28.002	2.26810286038853	0
CSR1	F59B2.9	20.802	2.66647480039731	0
CSR1	F59B8.1	13.468	63.3319054002422	0
CSR1	F59C12.3	24.216	7.55182912062018	0
CSR1	F59C12.4	24.712	10.1837923411339	0
CSR1	F59C6.12	24.312	13.7665943494573	0
CSR1	F59C6.16	18.342	16.3180330642509	0
CSR1	F59C6.18	19.892	6.12088903379666	0
CSR1	F59C6.3	14.586	5.31466302769224	0
CSR1	F59C6.8	27.8	1.47196600472015	0
CSR1	F59D12.2	24.428	10.2596456802449	0
CSR1	F59D12.3	26.668	7.26198414531361	0
CSR1	F59D12.5	6.622	8.10583066075299	0
CSR1	F59D6.1	15.02	6.93337747977754	0
CSR1	F59E11.2	27.506	0.920668281578091	0
CSR1	F59E11.5	15.406	2.04882644749775	0
CSR1	F59E11.6	23.15	2.59215260279525	0
CSR1	F59E11.7	27.296	6.75039512778117	0
CSR1	F59E12.1	12.202	62.3582199087405	0
CSR1	F59E12.15	28.216	0.485035406212733	0
CSR1	F59E12.17	23.062	4.70170076232676	0
CSR1	F59E12.3	24.612	9.90517539421995	0
CSR1	F59E12.6	11.942	66.6187087540135	0
CSR1	F59E12.8	20.258	2.68483252000685	0
CSR1	F59E12.9	26.746	2.90005277833653	0
CSR1	F59F3.6	18.99	13.9724370040611	0
CSR1	F59F4.3	23.244	16.7427054156596	0
CSR1	F59F5.3	25.778	5.15895699458075	0
CSR1	F59F5.4	23.9	5.04084262411486	0
CSR1	F59F5.5	17.368	34.3717618408352	0
CSR1	F59F5.7	17.574	15.9984678238987	0
CSR1	F59G1.4	9.72	69.7747062164895	0
CSR1	F59G1.8	21.672	2.79293584723181	0
CSR1	F59H6.14	17.766	3.05940970112226	0
CSR1	F59H6.15	20.21	3.33194933973644	0
CSR1	H01G02.1	23.492	13.8390606625728	0
CSR1	H01G02.3	19.428	6.254379343537	0
CSR1	H01G02.4	22.732	3.4262631469262	0
CSR1	H01M10.1	3.352	3.84023007279977	1
CSR1	H01M10.2	24.574	2.02009100382943	0
CSR1	H02F09.2	27.044	3.19090531781126	0
CSR1	H02F09.3	16.014	34.96796884609	0
CSR1	H03A11.2	16.464	3.34823322342696	0
CSR1	H03E18.1	21.72	2.67807829381729	0
CSR1	H03E18.2	21.43	8.49661217590832	0
CSR1	H03G16.1	27.906	3.41892764999141	0
CSR1	H03G16.5	22.602	5.44931138981088	0
CSR1	H03G16.6	19.434	7.62833769005455	0
CSR1	H03G16.7	25.01	9.12156917794858	0
CSR1	H04D03.2	20.92	2.27670998166537	0
CSR1	H04D03.4	27.582	1.64581733152118	0
CSR1	H04D03.6	19.564	3.20527774019794	0
CSR1	H04D03.7	27.814	1.82523604445758	0
CSR1	H04J21.1	28.28	1.99858231955779	0
CSR1	H04J21.4	25.516	10.1011808745952	0
CSR1	H04M03.11	20.934	3.30257464710562	0
CSR1	H04M03.12	13.284	16.1843238490467	0
CSR1	H04M03.3	25.838	11.2693090413841	0
CSR1	H05C05.1	17.026	3.85088891638347	0
CSR1	H05C05.2	20.598	21.2129133428677	0
CSR1	H05C05.4	19.844	3.67603513449771	0
CSR1	H05L14.1	27.54	4.78924445169758	0
CSR1	H05L14.2	26.306	11.3310074079459	0
CSR1	H05L14.3	19.398	24.8990579131016	0
CSR1	H06A10.1	22.41	11.9235541595102	0
CSR1	H06H21.11	21.9	2.96961672020121	0
CSR1	H06H21.37	20.492	7.92458415696108	0
CSR1	H06H21.8	26.626	2.88331286366838	0
CSR1	H06I04.3	8.284	8.88651557493316	0
CSR1	H06I04.6	16.326	1.61686693146112	0
CSR1	H08J19.1	10.528	13.7663096557654	0
CSR1	H08M01.1	4.422	4.17414305062035	1
CSR1	H09F14.1	3.952	1.89692963704365	1
CSR1	H10D18.1	19.826	4.17357977509226	0
CSR1	H10D18.5	24.264	4.18904561121278	0
CSR1	H10E21.1	7.264	2.44059858417703	0
CSR1	H10E21.4	27.626	3.23950961340994	0
CSR1	H10E21.5	23.976	4.25697260826718	0
CSR1	H11E01.2	5.886	3.52423950635719	0
CSR1	H11E01.3	15.686	5.28204058483098	0
CSR1	H11L12.1	21.776	10.8673792666721	0
CSR1	H12C20.7	25.71	8.3108314587682	0
CSR1	H12D21.10	27.704	5.82328316611687	0
CSR1	H12D21.11	18.684	6.36375393217189	0
CSR1	H12D21.2	23.928	8.35299473617545	0
CSR1	H12D21.3	18.294	1.68951174076758	0
CSR1	H12D21.5	16.56	2.59977619464121	0
CSR1	H12D21.6	15.238	27.0694833704083	0
CSR1	H12D21.9	18.728	10.3389435933666	0
CSR1	H12I13.1	27.184	6.55228726566611	0
CSR1	H12I13.6	23.904	4.74650961499205	0
CSR1	H12I19.115	15.862	12.0412246720263	0
CSR1	H13N06.2	19.946	15.3956230211891	0
CSR1	H13N06.7	19.204	4.23128593146022	0
CSR1	H14A12.3	6.606	1.81842166157375	0
CSR1	H14A12.5	26.452	6.21426520783195	0
CSR1	H14E04.2	26.846	8.26303505118449	0
CSR1	H14E04.3	22.872	14.187952808245	0
CSR1	H14N18.2	25.088	5.59538394518689	0
CSR1	H14N18.4	27.64	4.16888693137508	0
CSR1	H16D19.3	25.72	3.40474230258078	0
CSR1	H17B01.2	14.98	9.48224347565783	0
CSR1	H17B01.5	19.554	9.70433316815122	0
CSR1	H18N23.2	19.548	2.68689012433249	0
CSR1	H19J13.2	17.132	6.3695078409523	0
CSR1	H20E11.1	27.066	3.19376584702319	0
CSR1	H20E11.2	26.266	6.84257272596915	0
CSR1	H20E11.3	26.052	7.72160933695222	0
CSR1	H20J04.1	28.498	0.564941028773896	0
CSR1	H20J04.4	25.826	12.8249496365858	0
CSR1	H20J04.6	24.844	1.32694613647654	0
CSR1	H20J04.7	11.886	7.84073337919444	0
CSR1	H20J04.9	28.104	1.41449570556262	0
CSR1	H21P03.10	23.136	6.61784308752586	0
CSR1	H23L24.1	27.368	3.15744526420142	0
CSR1	H23L24.4	5.496	12.2830744777524	0
CSR1	H23N18.5	5.974	2.88381057480522	0
CSR1	H23N18.6	21.332	6.22906975182623	0
CSR1	H24K24.2	29.04	1.59539723259096	0
CSR1	H25K10.1	28.76	0.806870750060661	0
CSR1	H25K10.2	5.134	3.31297647852673	0
CSR1	H25K10.4	29.044	3.13247720900387	0
CSR1	H25P06.5	21.618	10.1959989175427	0
CSR1	H25P19.1	23.932	9.37436384112917	0
CSR1	H27A22.1	25.118	2.49110434885089	0
CSR1	H27M09.5	23.638	2.4519251171149	0
CSR1	H28G03.2	21.826	4.1131496443879	0
CSR1	H28G03.3	5.074	5.10251331653719	0
CSR1	H29C22.1	18.33	1.5348395959231	0
CSR1	H31B20.2	19.072	3.86484078866966	0
CSR1	H31G24.1	22.502	8.29023095616578	0
CSR1	H31G24.3	26.36	3.51161580169557	0
CSR1	H32C10.1	27.288	0.824090239532301	0
CSR1	H32K16.2	4.912	3.62297780562257	1
CSR1	H34I24.1	23.626	11.0406870956961	0
CSR1	H34I24.2	23.59	14.457794785686	0
CSR1	H35B03.1	24.264	20.3033564052797	0
CSR1	H35B03.2	23.628	2.63361282311371	0
CSR1	H35N09.1	23.82	19.7367661343018	0
CSR1	H35N09.2	20.238	26.7841604033194	0
CSR1	H37A05.2	27.078	4.02772826393179	0
CSR1	H37A05.4	16.386	7.01043410977114	0
CSR1	H38K22.6	21.03	5.37716732187287	0
CSR1	H38K22.7	19.598	13.3078775194499	0
CSR1	H38K22.9	21.272	7.9986641123458	0
CSR1	H39E20.1	13.008	33.0214940800715	0
CSR1	H39E23.2	21.952	10.2340544025524	0
CSR1	H39E23.3	22.682	3.75645327358261	0
CSR1	H40L08.1	8.81	3.69727524969406	0
CSR1	H40L08.2	16.594	5.93558982445001	0
CSR1	H40L08.3	27.382	2.65048126332141	0
CSR1	H40L08.7	22.092	4.03869070003337	0
CSR1	H40L08.8	11.714	22.4784976598266	0
CSR1	H40L08.9	14.372	1.55304719327518	0
CSR1	H41C03.1	21.502	10.5468265687393	0
CSR1	H41C03.2	27.004	4.61623199004393	0
CSR1	H41C03.3	24.268	13.9265077326302	0
CSR1	H42K12.3	23.114	10.590211475378	0
CSR1	H43E16.1	26.964	5.26723416033746	0
CSR1	H43I07.1	21.498	21.291465916181	0
CSR1	H43I07.4	25.422	5.6044080328245	0
CSR1	JC8.16	27.784	1.23730629512153	0
CSR1	JC8.4	26.728	3.7485340445437	0
CSR1	JC8.7	28.374	3.20121104016211	0
CSR1	K01A11.1	27.018	4.21505646157542	0
CSR1	K01A11.3	27.242	2.95555450970044	0
CSR1	K01A12.2	3.996	2.81795560765951	1
CSR1	K01A12.3	24.516	9.87466882519756	0
CSR1	K01A12.4	22.334	0.777200469058513	0
CSR1	K01A2.10	21.752	23.4221386851251	0
CSR1	K01A2.12	25.974	4.28040096762518	0
CSR1	K01A2.4	26.934	11.9414956340879	0
CSR1	K01A2.5	26.406	1.72124034668653	0
CSR1	K01A2.6	12.902	8.10561761860712	0
CSR1	K01A6.4	21.414	2.95800497818489	0
CSR1	K01A6.5	17.204	16.9936160626988	0
CSR1	K01A6.6	26.238	1.58234111609104	0
CSR1	K01A6.7	18.876	2.77223820610287	0
CSR1	K01A6.8	19.304	4.74166256417988	0
CSR1	K01B6.3	21.696	7.24916020188874	0
CSR1	K01B6.4	25.84	5.25895901075792	0
CSR1	K01C8.2	23.328	2.34682310517939	0
CSR1	K01D12.1	16.24	3.92860038286348	0
CSR1	K01D12.10	28.552	3.15509963805194	0
CSR1	K01D12.15	17.718	4.08894414286424	0
CSR1	K01D12.20	22.476	4.66885228828477	0
CSR1	K01D12.5	21.822	5.97158525579717	0
CSR1	K01D12.8	22.932	7.7081422608173	0
CSR1	K01D12.9	26.772	8.19886023101577	0
CSR1	K01F9.2	20.712	10.716977743522	0
CSR1	K01G12.22	21.55	10.8487969300709	0
CSR1	K01G12.3	2.506	2.31994283379866	1
CSR1	K01G5.10	21.562	25.0541355674277	0
CSR1	K01G5.8	15.516	2.7782936257533	0
CSR1	K01H12.4	4.314	4.3074292060054	1
CSR1	K02A11.2	24.93	3.06669072178859	0
CSR1	K02A2.1	27.142	4.29586825770028	0
CSR1	K02A2.5	11.942	44.9847023665451	0
CSR1	K02A2.6	23.79	13.5525475033714	0
CSR1	K02A6.3	7.706	3.78182612258643	0
CSR1	K02B12.2	11.464	2.66700097507299	0
CSR1	K02B12.6	18.286	4.93675343988071	0
CSR1	K02B12.7	4.042	9.41982338757083	1
CSR1	K02B12.9	13.208	25.2393409676366	0
CSR1	K02B2.6	26.42	7.84255814156042	0
CSR1	K02B7.3	18.948	8.43949430257853	0
CSR1	K02C4.2	21.536	7.23464558189404	0
CSR1	K02C4.3	24.178	3.14925259829419	0
CSR1	K02C4.5	20.344	7.10870530671217	0
CSR1	K02D10.1	28.27	1.69606962783684	0
CSR1	K02D10.2	20.3	8.82000411100467	0
CSR1	K02D10.3	10.316	3.75346989592621	0
CSR1	K02D10.4	15.356	2.41896712913279	0
CSR1	K02D10.8	23.022	2.82128053090579	0
CSR1	K02D3.1	8.13	5.5200013954039	0
CSR1	K02D3.2	8.752	5.73942690162728	0
CSR1	K02E10.4	12.422	4.49712009570153	0
CSR1	K02E10.5	24.944	7.84627158061435	0
CSR1	K02E10.6	23.934	9.58341074586439	0
CSR1	K02E10.7	22.572	5.64884308646627	0
CSR1	K02E11.10	20.544	17.9298473471742	0
CSR1	K02E11.3	1.356	1.92306855610697	1
CSR1	K02E11.4	28.434	3.67165058181342	0
CSR1	K02E11.5	28.17	1.77936968900989	0
CSR1	K02E11.6	28.274	1.70238199974437	0
CSR1	K02E11.7	27.174	4.41020143220127	0
CSR1	K02E2.1	19.572	21.6289105133258	0
CSR1	K02E2.11	15.282	3.54488099983605	0
CSR1	K02E2.6	17.778	1.41598597469385	0
CSR1	K02E2.7	13.81	3.39330181429688	0
CSR1	K02E2.8	6	3.86939558874797	0
CSR1	K02E7.1	19.878	4.13334558706462	0
CSR1	K02E7.10	22.71	14.9757485785864	0
CSR1	K02E7.11	17.658	2.30922066821563	0
CSR1	K02E7.12	24.138	5.1240314533159	0
CSR1	K02E7.4	24.238	4.62161681783923	0
CSR1	K02E7.7	20.634	8.96464500300532	0
CSR1	K02F2.5	20.736	5.11149598904032	0
CSR1	K02F3.12	15.802	0.778150925145649	0
CSR1	K02F3.2	23.35	4.35948220319162	0
CSR1	K02F3.9	25.012	4.26835164081897	0
CSR1	K02F6.1	22.5	12.4019910786958	0
CSR1	K02F6.3	26.394	3.96177931618508	0
CSR1	K02F6.4	27.55	2.45485857261865	0
CSR1	K02F6.5	23.98	3.03304362735082	0
CSR1	K02F6.6	14.436	3.50440042999259	0
CSR1	K02F6.7	21.478	17.1811087307004	0
CSR1	K02F6.8	23.528	1.60483010729768	0
CSR1	K02G10.15	12.578	2.47000064248226	0
CSR1	K02G10.5	17.45	2.6949334225851	0
CSR1	K02H11.4	26.98	2.26563814484244	0
CSR1	K02H11.9	19.84	10.4335894881474	0
CSR1	K03A1.4	20.712	3.24821548734317	0
CSR1	K03A11.1	21.012	4.82786443424928	0
CSR1	K03A11.4	13.202	10.4845297675152	0
CSR1	K03A11.5	18.014	2.18855399147323	0
CSR1	K03A11.6	12.2	31.1549279420001	0
CSR1	K03B4.1	28.774	0.444112352838813	0
CSR1	K03B4.2	15.558	4.03848341483253	0
CSR1	K03B4.4	15.996	7.90737452496265	0
CSR1	K03B4.6	17.386	26.2761263271302	0
CSR1	K03B4.8	4.604	4.52125528638027	1
CSR1	K03B4.9	12.372	14.6196911243207	0
CSR1	K03B8.11	18.076	15.2559107490554	0
CSR1	K03B8.14	4.116	2.56313933817356	1
CSR1	K03B8.4	13.262	1.91827219015628	0
CSR1	K03B8.6	27.974	5.92840455757713	0
CSR1	K03B8.8	20.9	15.4683526691234	0
CSR1	K03D3.2	28.78	1.50375851343867	0
CSR1	K03D3.5	4.198	5.85043599161839	1
CSR1	K03H1.11	22.212	28.3030166039686	0
CSR1	K03H1.12	13.318	10.9360116560376	0
CSR1	K03H1.13	5.882	6.828402088421	0
CSR1	K03H1.5	26.624	6.0240703747958	0
CSR1	K03H1.7	3.176	31.4763838770497	0
CSR1	K03H1.9	21.822	9.03708419888072	0
CSR1	K03H6.1	13.602	3.26781701251057	0
CSR1	K03H6.4	15.58	2.71252202941148	0
CSR1	K03H6.5	20.414	12.8892091057669	0
CSR1	K03H9.3	25.974	4.61178396470188	0
CSR1	K04A8.1	29.13	1.21686041021394	0
CSR1	K04A8.19	24.512	8.75152436620621	0
CSR1	K04A8.20	27.6	2.02979409354048	0
CSR1	K04B12.2	20.508	2.01385415765544	0
CSR1	K04C1.2	27.08	1.98122799907477	0
CSR1	K04C1.3	22.656	15.0853529120425	0
CSR1	K04C1.5	27.568	4.90258111580836	0
CSR1	K04C2.2	23.652	12.7467719341853	0
CSR1	K04C2.3	24.72	3.57248976928161	0
CSR1	K04C2.5	21.596	6.17867328159091	0
CSR1	K04C2.7	26.546	7.2160612954904	0
CSR1	K04C2.8	23.312	12.0707878978269	0
CSR1	K04D7.6	24.016	8.23238161588962	0
CSR1	K04E7.1	25.504	4.98898780270182	0
CSR1	K04F1.8	24.53	8.75956196305095	0
CSR1	K04F1.9	21.682	3.91356850131463	0
CSR1	K04F10.1	16.802	3.58817243146483	0
CSR1	K04F10.2	24.958	11.1984161944068	0
CSR1	K04F10.3	26.214	3.2742070902068	0
CSR1	K04F10.7	26.744	0.983120868452814	0
CSR1	K04G11.1	27.42	4.60284982579134	0
CSR1	K04G11.3	17.764	1.62697348859946	0
CSR1	K04G2.10	24.454	10.1854867117441	0
CSR1	K04G2.12	27.186	4.32286792455625	0
CSR1	K04G2.4	24.838	4.47361725825627	0
CSR1	K04G2.7	20.946	15.9211106084365	0
CSR1	K04G2.9	26.44	1.76326818471105	0
CSR1	K04G7.1	21.812	5.10887283430263	0
CSR1	K04H4.2	24.11	8.31080055696529	0
CSR1	K04H4.5	20.832	5.85602067625624	0
CSR1	K04H8.2	28.558	1.58976260685262	0
CSR1	K04H8.3	13.884	43.0723233150403	0
CSR1	K05B2.2	24.024	6.66914489202928	0
CSR1	K05B2.4	28.432	5.31803999741932	0
CSR1	K05C4.10	25.004	6.09830947450594	0
CSR1	K05C4.2	24.806	9.79716171099374	0
CSR1	K05C4.3	26.844	5.09856924654762	0
CSR1	K05C4.4	28.444	3.39973702486983	0
CSR1	K05C4.5	29.558	1.73111677354022	0
CSR1	K05C4.7	24.972	6.61385285289387	0
CSR1	K05C4.8	24.48	7.59452445235922	0
CSR1	K05C4.9	27.666	3.39897937021916	0
CSR1	K05D4.9	21.416	1.03604008706204	0
CSR1	K05F1.1	26.812	1.61120159012966	0
CSR1	K05F1.10	19.692	6.25345349875869	0
CSR1	K05F1.13	22.926	12.4474979077465	0
CSR1	K05F1.14	27.186	1.5276506851959	0
CSR1	K05F1.6	22.98	3.61995375858753	0
CSR1	K05F1.8	7.504	5.11421595030001	0
CSR1	K05F1.9	22.29	1.24166464810212	0
CSR1	K05F6.10	22.202	3.51815956193523	0
CSR1	K05F6.12	17.778	4.42360578414139	0
CSR1	K05F6.14	26.906	9.06147016265282	0
CSR1	K05F6.4	22.044	6.37854639949259	0
CSR1	K05F6.8	26.164	6.81319689507256	0
CSR1	K05G3.1	23.462	7.88136911159202	0
CSR1	K05G3.2	15.028	4.05919878375264	0
CSR1	K06A1.2	26.696	3.32008356994511	0
CSR1	K06A4.10	23.776	7.11003608569367	0
CSR1	K06A4.2	14.678	1.52371927127869	0
CSR1	K06A4.6	14.754	9.5265912420162	0
CSR1	K06A4.7	20.064	19.9749672992946	0
CSR1	K06A5.2	22.06	7.48715242867183	0
CSR1	K06A5.3	27.58	2.4911492002753	0
CSR1	K06A9.2	22.302	1.24681526617807	0
CSR1	K06A9.3	25.224	8.00056861774877	0
CSR1	K06B4.15	22.22	13.3465852181779	0
CSR1	K06B4.4	24.176	5.40615788974954	0
CSR1	K06B9.6	15.92	6.72536027447184	0
CSR1	K06G5.1	25.746	4.85718902679467	0
CSR1	K06G5.3	17.458	4.22214706847908	0
CSR1	K06H6.1	28.302	1.62655534832539	0
CSR1	K06H6.2	27.314	3.02852817455115	0
CSR1	K06H6.4	25.252	9.80911683544102	0
CSR1	K06H6.5	26.262	2.34579219351805	0
CSR1	K06H7.1	19.708	8.27272947031421	0
CSR1	K06H7.2	28.564	2.29924795183658	0
CSR1	K06H7.7	24.164	1.9270405695125	0
CSR1	K06H7.8	28.4	2.33405822805304	0
CSR1	K07A1.1	27.904	3.82842485017388	0
CSR1	K07A1.10	22.034	11.2023019645927	0
CSR1	K07A1.13	19.928	2.23920434035239	0
CSR1	K07A1.15	5.668	2.73151868362796	0
CSR1	K07A1.17	27.662	6.01680192258326	0
CSR1	K07A1.20	18.16	18.9717228328787	0
CSR1	K07A1.21	15.712	10.6609170253492	0
CSR1	K07A1.3	24.9	8.37852458364856	0
CSR1	K07A1.4	13.282	11.1872481968612	0
CSR1	K07A1.5	18.704	6.06564113876957	0
CSR1	K07A1.6	27.198	7.08216087822063	0
CSR1	K07A12.1	18.932	16.4094296738708	0
CSR1	K07A12.5	9.518	7.78729755300188	0
CSR1	K07A12.8	13.552	2.96741626863424	0
CSR1	K07A3.3	22.514	2.81435770843043	0
CSR1	K07B1.4	23.702	13.0061306673244	0
CSR1	K07B1.7	23.656	2.63052956074673	0
CSR1	K07C11.10	17.908	6.97122506656904	0
CSR1	K07C11.7	27.326	4.98981742652386	0
CSR1	K07C11.8	9.296	4.13464506509149	0
CSR1	K07C5.13	25.5	2.06953330226804	0
CSR1	K07C5.2	22.072	11.602359994819	0
CSR1	K07C5.3	22.756	14.5828265953408	0
CSR1	K07C5.6	30.292	2.5918532747833	0
CSR1	K07C5.9	18.672	19.3848914576574	0
CSR1	K07D4.2	28.682	2.19420167734277	0
CSR1	K07D4.4	14.768	20.9365109979293	0
CSR1	K07D4.5	20.956	4.33490030654264	0
CSR1	K07D4.6	23.838	5.58432417100574	0
CSR1	K07D4.9	24.85	16.6847277471015	0
CSR1	K07E1.1	24.57	8.11289746626597	0
CSR1	K07E12.2	24.02	12.846853943221	0
CSR1	K07E3.1	13.118	23.6828304450694	0
CSR1	K07E3.2	22.86	10.2014368143364	0
CSR1	K07E3.4	20.028	25.6531737072289	0
CSR1	K07E3.9	10.014	3.30867436148618	0
CSR1	K07E8.6	27.286	1.23756975579464	0
CSR1	K07E8.7	27.92	2.26467549563571	0
CSR1	K07F5.12	16.69	5.79562629655578	0
CSR1	K07F5.14	21.336	5.11170249255406	0
CSR1	K07F5.15	19.79	18.8798808069214	0
CSR1	K07F5.16	20.002	2.90689867444992	0
CSR1	K07F5.17	7.394	3.16975250167522	0
CSR1	K07F5.22	28.928	2.88367058960028	0
CSR1	K07F5.6	24.162	17.0531858214074	0
CSR1	K07F5.7	25.636	6.23900432547053	0
CSR1	K07F5.8	28.538	3.16160304814054	0
CSR1	K07G5.4	8.55	2.52885945151341	0
CSR1	K07G5.5	28.144	2.53006108121556	0
CSR1	K07G6.1	25.274	2.52986529444172	0
CSR1	K07H8.11	24.594	3.93446150494544	0
CSR1	K07H8.12	4.202	4.90439095070721	1
CSR1	K07H8.2	24.796	11.9384174441178	0
CSR1	K07H8.5	11.418	4.39365230667558	0
CSR1	K07H8.7	20.552	13.8508384421218	0
CSR1	K07H8.8	25.566	4.63474035305623	0
CSR1	K07H8.9	24.042	2.33100193720406	0
CSR1	K08A2.2	21.414	23.2654610842357	0
CSR1	K08B12.1	25.03	14.1699478141446	0
CSR1	K08B12.3	27.764	7.60435995030082	0
CSR1	K08B4.7	23.832	7.73275446564128	0
CSR1	K08B5.1	6.658	3.59277595836983	0
CSR1	K08B5.2	27.864	4.35722212098987	0
CSR1	K08C7.1	27.304	2.91926423251756	0
CSR1	K08C7.4	11.398	1.88721377176456	0
CSR1	K08C7.6	25.54	5.02267004010315	0
CSR1	K08C7.7	24.416	7.82143103525008	0
CSR1	K08C9.1	24.84	1.69225841843669	0
CSR1	K08C9.10	24.97	5.41930280865562	0
CSR1	K08C9.2	25.818	6.25915586547274	0
CSR1	K08C9.5	26.98	1.57098365103949	0
CSR1	K08C9.6	25.284	4.28724888195592	0
CSR1	K08C9.7	20.224	19.4933022936606	0
CSR1	K08C9.9	8.892	5.98339216516169	0
CSR1	K08D10.10	17.792	15.6348226849511	0
CSR1	K08D10.11	16.904	13.9296731641857	0
CSR1	K08D10.13	27.752	2.63332707727928	0
CSR1	K08D10.14	26.118	4.87695131404083	0
CSR1	K08D12.3	21.184	3.16955605042572	0
CSR1	K08D12.8	26.912	3.21169780059382	0
CSR1	K08D8.1	22.216	7.48540784809412	0
CSR1	K08D8.10	21.564	15.8731032449019	0
CSR1	K08D8.11	22.438	12.6487168885703	0
CSR1	K08D8.12	22.016	3.98579911273248	0
CSR1	K08D8.2	18.714	5.75405978037147	0
CSR1	K08D8.3	28.802	0.762018784246577	0
CSR1	K08D8.4	27.202	5.88217318036546	0
CSR1	K08D8.5	26.214	3.96382281629436	0
CSR1	K08D8.6	27.49	1.46346254564507	0
CSR1	K08D8.7	19.718	2.69253629020645	0
CSR1	K08D8.9	22.264	7.80779186896808	0
CSR1	K08D9.10	19.502	3.27698420722923	0
CSR1	K08D9.2	25.098	5.07312033861931	0
CSR1	K08D9.4	25.624	6.33186271519316	0
CSR1	K08D9.6	23.06	11.1711734264739	0
CSR1	K08D9.9	17.028	20.0661158445692	0
CSR1	K08E3.2	24.02	5.59543634185227	0
CSR1	K08E4.2	12.212	1.27832407732824	0
CSR1	K08E4.3	23.844	16.0192812336326	0
CSR1	K08E4.7	8.578	2.57580419188173	0
CSR1	K08E4.8	22.58	16.9148725493717	0
CSR1	K08E5.1	20.268	4.80584297130871	0
CSR1	K08E5.5	12.546	11.9918957458606	0
CSR1	K08E5.6	26.434	1.27605701410219	0
CSR1	K08E7.4	19.31	11.4408043455521	0
CSR1	K08E7.5	5.03	9.52719906918905	0
CSR1	K08E7.6	23.868	5.09910264656005	0
CSR1	K08E7.8	26.006	9.34038102273853	0
CSR1	K08F11.1	24.938	6.3586015067197	0
CSR1	K08F4.12	15.004	15.4210187380449	0
CSR1	K08F4.3	26.448	2.92122648134187	0
CSR1	K08F4.5	18.094	2.63565941817411	0
CSR1	K08F8.7	23.886	13.4992991186763	0
CSR1	K08F9.1	17.09	0.760678759508487	0
CSR1	K08F9.3	19.016	2.14018015254154	0
CSR1	K08F9.4	11.222	53.6225812666188	0
CSR1	K08H10.10	20.438	4.65314604869502	0
CSR1	K08H10.6	24.34	14.7936064414986	0
CSR1	K08H2.10	19.594	9.56912660250854	0
CSR1	K08H2.2	26.662	4.51844360274162	0
CSR1	K08H2.3	24.124	7.87922421138542	0
CSR1	K08H2.4	26.352	4.56300601798253	0
CSR1	K08H2.5	27.84	5.02385847236202	0
CSR1	K08H2.7	23.18	13.1482375910547	0
CSR1	K09A11.1	25.53	12.7173095310889	0
CSR1	K09A9.6	19.71	10.357410280362	0
CSR1	K09A9.8	20.828	2.68813096091727	0
CSR1	K09B11.4	26.092	2.75552463441931	0
CSR1	K09B11.5	9.652	2.55193544600837	0
CSR1	K09B3.1	18.35	29.3339152517561	0
CSR1	K09C4.1	20.912	2.00710645163536	0
CSR1	K09C4.10	20.716	16.1750592367332	0
CSR1	K09C4.2	23.48	15.1639632052603	0
CSR1	K09C4.4	18.64	1.86267763189455	0
CSR1	K09C4.5	21.948	11.3073964292287	0
CSR1	K09C4.7	23.324	5.72958417394875	0
CSR1	K09C4.9	6.236	6.48077396538171	0
CSR1	K09C6.10	4.968	4.50858709223947	1
CSR1	K09C6.2	24.122	5.16000642656784	0
CSR1	K09C6.3	19.666	15.8207812193617	0
CSR1	K09C6.7	28.992	3.52550860017009	0
CSR1	K09C6.8	26.276	6.00481219203387	0
CSR1	K09C6.9	9.592	2.37208317111527	0
CSR1	K09C8.2	20.52	5.4002390538796	0
CSR1	K09C8.7	23.006	6.5323856540961	0
CSR1	K09C8.8	10.344	21.2369917260717	0
CSR1	K09C8.9	20.08	5.28827249101923	0
CSR1	K09D9.1	11.376	2.50226520010258	0
CSR1	K09D9.14	29.348	0.568839798556639	0
CSR1	K09D9.3	28.382	2.240923358624	0
CSR1	K09D9.9	22.514	0.902983970439693	0
CSR1	K09E2.1	24.784	8.52142243590035	0
CSR1	K09E2.2	24.286	11.3416710727877	0
CSR1	K09E2.3	25.972	3.96107774360668	0
CSR1	K09E3.2	24.396	5.5510194975294	0
CSR1	K09E3.7	25.946	5.71622531996546	0
CSR1	K09E4.1	23.066	4.96336311048962	0
CSR1	K09E4.3	25.37	11.1369953309242	0
CSR1	K09E4.4	25.464	9.67061391287841	0
CSR1	K09E9.1	22.658	5.23272413223691	0
CSR1	K09E9.3	24.966	4.27595346778278	0
CSR1	K09E9.4	20.564	6.98211880600091	0
CSR1	K09E9.7	27.806	0.54160542608118	0
CSR1	K09F5.1	8.36	87.6439251354587	0
CSR1	K09F5.4	23.428	8.26435915324871	0
CSR1	K09F5.6	7.53	3.28668490591357	0
CSR1	K09F6.10	25.096	7.6391777988804	0
CSR1	K09F6.11	25.732	7.97409547173786	0
CSR1	K09F6.13	23.48	6.61159014321472	0
CSR1	K09F6.15	22.682	7.355231107027	0
CSR1	K09F6.3	19.316	1.57224024055265	0
CSR1	K09F6.6	27.506	3.14257159420208	0
CSR1	K09F6.7	26.988	5.39064195246308	0
CSR1	K09F6.9	4.812	2.04356105884281	1
CSR1	K09G1.1	11.478	6.75623363136993	0
CSR1	K09G1.2	22.78	5.61870678186494	0
CSR1	K09H11.11	15.452	6.43976741945288	0
CSR1	K09H11.15	7.452	6.48121753706989	0
CSR1	K09H11.4	19.03	16.307433999816	0
CSR1	K09H11.6	19.398	6.80222763144291	0
CSR1	K09H11.9	22.65	7.30847703869276	0
CSR1	K09H9.1	25.212	1.21295573051229	0
CSR1	K09H9.5	26.814	7.48590023628723	0
CSR1	K09H9.7	27.9	1.40974626804997	0
CSR1	K09H9.8	16.49	5.34121717071487	0
CSR1	K09H9.9	19.198	5.09823637283227	0
CSR1	K10B2.4	21.902	4.60199328325093	0
CSR1	K10B3.1	13.872	47.3186268350981	0
CSR1	K10B3.5	21.304	2.40048835480815	0
CSR1	K10B4.1	25.78	5.5484273222463	0
CSR1	K10B4.3	10.768	4.8883208717901	0
CSR1	K10C2.12	24.604	14.3856826029225	0
CSR1	K10C2.14	23.922	5.57334426214324	0
CSR1	K10C2.2	27.798	2.44640430477166	0
CSR1	K10C2.6	27.738	1.56739600534466	0
CSR1	K10C2.7	24.084	5.91898344281153	0
CSR1	K10C2.8	18.716	0.616881914826741	0
CSR1	K10C3.4	19.628	4.48735513104732	0
CSR1	K10C3.5	12.18	1.65532390424105	0
CSR1	K10C8.4	15.308	4.36053239839304	0
CSR1	K10C9.1	14.288	17.3873511457913	0
CSR1	K10C9.4	23.852	2.48358632374072	0
CSR1	K10C9.7	5.624	3.00071452485476	0
CSR1	K10D11.2	28.682	0.681609931708963	0
CSR1	K10D11.3	20.198	14.8450072800904	0
CSR1	K10D11.4	28.312	0.382378315985431	0
CSR1	K10D11.5	25.978	3.5999094379107	0
CSR1	K10D11.6	22.846	13.7862206714521	0
CSR1	K10D11.7	20.78	3.46971242206194	0
CSR1	K10D2.5	27.142	1.6045655953356	0
CSR1	K10D2.8	27.678	3.37532192037148	0
CSR1	K10D3.4	28.032	3.67881998493475	0
CSR1	K10D3.6	22.372	10.4230692460147	0
CSR1	K10D3.8	22.238	3.70221353029203	0
CSR1	K10D6.3	18.988	7.93680295687107	0
CSR1	K10D6.4	15.022	5.51346730786597	0
CSR1	K10F12.7	24.06	4.73879259533591	0
CSR1	K10G4.10	28.81	2.73583526040168	0
CSR1	K10G4.15	23.45	6.86295619664088	0
CSR1	K10G4.3	23.762	8.09755646388295	0
CSR1	K10G4.5	28.778	1.61971749790662	0
CSR1	K10G6.5	20.524	2.27742370923675	0
CSR1	K10G6.9	25.006	3.21377065308331	0
CSR1	K10G9.2	12.634	5.96363320714066	0
CSR1	K10H10.10	26.772	3.19722638476759	0
CSR1	K10H10.12	23.264	14.2249915801949	0
CSR1	K10H10.13	3.744	4.25929126873412	1
CSR1	K10H10.4	15.156	9.07196669118676	0
CSR1	K10H10.5	8.378	5.98791143920049	0
CSR1	K10H10.6	26.666	0.303039133740896	0
CSR1	K10H10.7	18.624	17.0616767562289	0
CSR1	K10H10.9	20.55	1.39728019614221	0
CSR1	K11C4.1	28.27	4.52251419635431	0
CSR1	K11C4.2	29.994	2.26535434416482	0
CSR1	K11D12.11	25.374	2.99345425485233	0
CSR1	K11D12.12	26.62	3.37057019430613	0
CSR1	K11D12.13	27.684	1.23386989949364	0
CSR1	K11D12.14	9.646	2.64673170920397	0
CSR1	K11D12.6	27.19	4.56901943664261	0
CSR1	K11D12.7	20.992	18.2780199287029	0
CSR1	K11D12.8	19.388	1.67942606369488	0
CSR1	K11D2.1	27.902	2.62529347575586	0
CSR1	K11D2.4	18.15	6.60847034767068	0
CSR1	K11D9.3	26.528	16.252524076611	0
CSR1	K11E4.1	27.112	1.89305319073555	0
CSR1	K11E4.6	22.89	11.7857101866227	0
CSR1	K11G12.6	26.426	9.50479997652628	0
CSR1	K11G9.5	23.282	21.9767494997001	0
CSR1	K11H12.1	27.086	5.6861094442218	0
CSR1	K11H12.10	20.552	11.7417573484608	0
CSR1	K11H12.11	28.144	1.76956404112255	0
CSR1	K11H12.3	27.848	1.18972838103313	0
CSR1	K11H12.4	27.912	2.62606419980244	0
CSR1	K11H12.5	26.348	5.49228578915991	0
CSR1	K11H12.6	12.574	7.27194292087143	0
CSR1	K11H12.7	26.314	1.88095516974754	0
CSR1	K11H12.8	8.658	2.90178955831688	0
CSR1	K11H12.9	25.102	18.1333857226263	0
CSR1	K11H3.2	20.698	2.22595267802659	0
CSR1	K11H3.3	19.664	3.00570308028341	0
CSR1	K11H3.4	21.098	6.94369716820874	0
CSR1	K11H3.5	23.604	13.7445720759611	0
CSR1	K11H3.8	25.962	9.44042167548497	0
CSR1	K12B6.11	25.226	10.1639494092172	0
CSR1	K12B6.4	16.292	3.35865968702687	0
CSR1	K12B6.9	25.934	1.64378043426858	0
CSR1	K12C11.1	29.426	2.68820421683182	0
CSR1	K12C11.3	21.104	1.562463626046	0
CSR1	K12C11.5	14.912	19.6521180522862	0
CSR1	K12C11.6	30.17	1.2514350101858	0
CSR1	K12C11.7	14.37	2.8335801073768	0
CSR1	K12D12.4	21.916	10.3528338164201	0
CSR1	K12D12.5	26.456	7.4836282223846	0
CSR1	K12D9.1	29.806	1.65021741356362	0
CSR1	K12G11.6	24.724	14.495259790378	0
CSR1	K12H4.2	19.944	5.37504078583401	0
CSR1	K12H4.3	21.524	7.87904757021087	0
CSR1	K12H4.5	26.842	6.1163780786744	0
CSR1	K12H4.6	20.15	12.7584452371241	0
CSR1	K12H4.7	27.682	3.15603370165767	0
CSR1	K12H6.10	18.91	13.6570961002574	0
CSR1	K12H6.12	17.552	4.12289464512812	0
CSR1	K12H6.2	22.332	6.80633231034799	0
CSR1	K12H6.4	26.046	1.97449201561854	0
CSR1	K12H6.5	27.562	1.89941569162295	0
CSR1	K12H6.6	19.308	30.1009001195438	0
CSR1	K12H6.7	19.692	4.61759309015739	0
CSR1	K12H6.8	28.544	3.3449872874172	0
CSR1	K12H6.9	21.26	15.6192971988956	0
CSR1	M01A12.4	21.208	19.9579348396559	0
CSR1	M01A8.1	17.048	1.13241668512045	0
CSR1	M01B12.4	19.61	10.1298659486618	0
CSR1	M01B2.10	28.774	1.06626165187093	0
CSR1	M01B2.12	25.828	9.05337208308439	0
CSR1	M01B2.13	18.12	2.06566967684469	0
CSR1	M01B2.8	24.288	1.34408188744076	0
CSR1	M01D1.12	24.89	2.42312938565987	0
CSR1	M01D7.9	22.73	14.1330600618155	0
CSR1	M01E10.3	23.98	9.62047281118822	0
CSR1	M01E11.1	16.98	7.55735036339195	0
CSR1	M01E5.2	16.932	2.05880692619705	0
CSR1	M01E5.3	20.338	5.43717139791747	0
CSR1	M01E5.4	9.898	3.66324429553874	0
CSR1	M01F1.4	28.116	3.63014565570543	0
CSR1	M01F1.8	24.394	9.34941896287588	0
CSR1	M01F1.9	24.192	17.9943639496181	0
CSR1	M01G12.10	27.52	3.07956508966695	0
CSR1	M01G12.14	26.792	5.11390259534066	0
CSR1	M01G12.15	15.05	30.3053776007519	0
CSR1	M01G12.16	9.96	4.0826557452505	0
CSR1	M01G12.2	24.256	2.51139248303159	0
CSR1	M01G12.5	27.542	2.96611418682888	0
CSR1	M01G12.6	22.514	6.1763802558409	0
CSR1	M01G12.7	18.942	4.84377306069799	0
CSR1	M01G12.9	21.316	0.460370441934591	0
CSR1	M01G5.1	26.284	10.5555290431693	0
CSR1	M01H9.10	18.002	12.0814736949169	0
CSR1	M01H9.2	21.43	5.92232039681131	0
CSR1	M01H9.3	3.9	4.32110244778275	1
CSR1	M01H9.4	16.126	24.3053901237637	0
CSR1	M01H9.5	19.792	4.87621782023391	0
CSR1	M02A10.1	17.394	20.4847292558969	0
CSR1	M02B1.3	24.612	2.40311974231999	0
CSR1	M02B1.4	29.572	3.18527696752234	0
CSR1	M02B7.2	22.484	11.4397177588028	0
CSR1	M02B7.7	19.462	11.2274121156214	0
CSR1	M02D8.2	20.058	9.3122530021733	0
CSR1	M02D8.3	24.82	16.6167921728791	0
CSR1	M02D8.5	27.05	2.54707859650262	0
CSR1	M02D8.7	2.158	2.43886883539218	1
CSR1	M02E1.1	22.126	4.97271809083621	0
CSR1	M02E1.3	11.28	2.61261738090273	0
CSR1	M02E1.4	23.786	2.11268658574429	0
CSR1	M02F4.1	20.766	3.01051708797478	0
CSR1	M02F4.2	26.29	5.23216530644382	0
CSR1	M02G9.4	21.018	10.7934209631795	0
CSR1	M02H5.8	27.518	7.32774856677003	0
CSR1	M03A1.3	27.766	3.20835220287655	0
CSR1	M03A1.8	13.298	1.34352302205609	0
CSR1	M03A8.3	23.57	8.35565910570852	0
CSR1	M03B6.1	25.746	5.78558603712764	0
CSR1	M03B6.3	24.59	5.57900884295878	0
CSR1	M03B6.4	4.78	4.31287199332391	1
CSR1	M03B6.5	21.16	5.30196463647878	0
CSR1	M03C11.1	18.004	0.127870078129542	0
CSR1	M03C11.3	23.89	5.12472045170282	0
CSR1	M03C11.6	25.46	5.14337675879681	0
CSR1	M03C11.8	18.568	10.3991366962604	0
CSR1	M03C11.9	22.982	8.34900284480612	0
CSR1	M03D4.3	22.896	8.42611536951792	0
CSR1	M03D4.4	13.378	6.83037022505422	0
CSR1	M03E7.1	25.636	7.99278935297368	0
CSR1	M03E7.2	21.686	11.6105880175382	0
CSR1	M03E7.3	24.84	4.58239221195618	0
CSR1	M03F4.4	21.056	11.3489251444861	0
CSR1	M03F4.6	25.536	8.02643027398254	0
CSR1	M03F8.1	27.442	3.18926142647547	0
CSR1	M03F8.5	8.834	9.31181363277412	0
CSR1	M03F8.6	27.148	2.65422579724829	0
CSR1	M03F8.7	28.386	3.05440584946667	0
CSR1	M04B2.2	27.032	6.42593170099486	0
CSR1	M04B2.4	27.5	3.04620072269954	0
CSR1	M04B2.7	17.872	5.74366968357018	0
CSR1	M04C3.1	23.952	16.7640672022289	0
CSR1	M04C3.2	17.672	2.8629174875808	0
CSR1	M04C3.5	21.882	3.12907556779602	0
CSR1	M04C7.3	8.182	5.8002137952572	0
CSR1	M04C7.4	19.982	20.1107102212016	0
CSR1	M04C9.1	17.392	29.463950121928	0
CSR1	M04C9.2	23.91	6.93343649667281	0
CSR1	M04C9.3	18.48	6.26923774155679	0
CSR1	M04C9.4	21.874	4.94842547390802	0
CSR1	M04D5.1	11.73	80.8889992518108	0
CSR1	M04D5.3	17.442	3.35443865925372	0
CSR1	M04D8.4	22.592	11.1059560552648	0
CSR1	M04D8.5	21.272	3.95436161016702	0
CSR1	M04D8.7	12.698	3.24580945231805	0
CSR1	M04D8.8	22.402	8.2257583309222	0
CSR1	M04F3.4	27.71	0.897860361214343	0
CSR1	M04F3.5	5.64	80.372850865073	0
CSR1	M04G7.1	20.724	11.1001106155957	0
CSR1	M04G7.2	16.002	7.29814053913295	0
CSR1	M04G7.5	14.382	10.1041289976654	0
CSR1	M05B5.1	25.416	2.52310423790497	0
CSR1	M05B5.3	17.38	6.26127467575337	0
CSR1	M05B5.7	19.448	4.57304063125781	0
CSR1	M05D6.1	15.828	32.5685864790266	0
CSR1	M05D6.2	27.752	7.17334279076611	0
CSR1	M05D6.3	20.428	19.4354170429844	0
CSR1	M05D6.5	20.726	7.25572613120461	0
CSR1	M05D6.8	20.61	6.91765106392652	0
CSR1	M05D6.9	22.936	5.82283795587611	0
CSR1	M106.2	22.89	5.69879383455494	0
CSR1	M106.3	28.476	1.58701409671018	0
CSR1	M106.7	20.7	1.72565904342916	0
CSR1	M106.8	3.99	3.48632274266756	1
CSR1	M110.10	15.828	41.9321148746925	0
CSR1	M110.3	27.396	3.13846522616442	0
CSR1	M110.7	28.124	9.70110340680353	0
CSR1	M110.8	20.182	5.70873622343823	0
CSR1	M110.9	24.026	7.89420985104809	0
CSR1	M116.5	9.968	2.91915227771401	0
CSR1	M117.1	20.082	6.11084400678949	0
CSR1	M117.3	26.68	7.99827592916476	0
CSR1	M117.4	10.004	5.3221551273696	0
CSR1	M117.6	15.268	8.36297765549854	0
CSR1	M142.5	26.47	4.762878402881	0
CSR1	M142.8	25.432	13.6339518085781	0
CSR1	M151.1	22.826	2.95424827454039	0
CSR1	M151.10	28.61	2.27435141349143	0
CSR1	M151.2	26.3	3.60836301570139	0
CSR1	M151.3	9.534	3.78512627657534	0
CSR1	M151.7	20.872	8.84439001256852	0
CSR1	M153.3	26.884	2.77217587603598	0
CSR1	M153.5	24.434	8.8818500278837	0
CSR1	M162.15	22.46	16.002037379928	0
CSR1	M162.5	28.262	9.63997087275929	0
CSR1	M162.7	11.23	4.16337301070738	0
CSR1	M163.1	13.244	4.26310825546109	0
CSR1	M163.10	18.842	6.15101201524128	0
CSR1	M163.11	20.704	8.77440840790175	0
CSR1	M163.21	17.848	2.18274704923828	0
CSR1	M163.22	26.378	5.01638993539377	0
CSR1	M163.5	20.498	16.806549571658	0
CSR1	M163.7	23.372	6.47709343664261	0
CSR1	M163.8	21.46	5.66931361964807	0
CSR1	M163.9	17.948	5.74182942891616	0
CSR1	M176.10	17.062	6.75786222265012	0
CSR1	M176.11	27.772	2.35765207467323	0
CSR1	M176.16	21.068	5.97303862490608	0
CSR1	M176.4	28.66	0.910870724508486	0
CSR1	M176.5	22.7	1.24755967035298	0
CSR1	M176.9	20.848	27.6462064245893	0
CSR1	M18.3	26.492	6.24944364081182	0
CSR1	M18.6	3.242	3.14106097917359	1
CSR1	M195.2	18.756	5.79329814145096	0
CSR1	M199.134	20.998	18.8485154005973	0
CSR1	M199.135	18.854	2.12043833417143	0
CSR1	M199.136	26.172	6.60748892680905	0
CSR1	M199.2	21.272	7.63299286101252	0
CSR1	M199.7	10.814	4.36761101571305	0
CSR1	M199.8	20.432	12.2221636068593	0
CSR1	M199.9	21.488	9.8116232657554	0
CSR1	M28.10	21.376	26.6401616381867	0
CSR1	M28.4	26.014	5.66611976673415	0
CSR1	M28.8	23.164	9.01247364812514	0
CSR1	M28.9	26.884	10.2871506643724	0
CSR1	M57.1	22.738	1.59129513917884	0
CSR1	M57.2	28.142	3.0424101742266	0
CSR1	M6.11	2.16	1.46401743526314	1
CSR1	M6.4	16.472	3.36083855380731	0
CSR1	M60.4	27.6	3.18356434135765	0
CSR1	M60.6	26.404	2.21202602911722	0
CSR1	M60.7	28.136	2.9084064277197	0
CSR1	M7.12	23.188	1.67342376965724	0
CSR1	M7.7	26.956	5.7324088829799	0
CSR1	M7.8	27.854	7.46727613678894	0
CSR1	M70.1	24.096	2.95655460657279	0
CSR1	M70.2	26.754	4.16333318281865	0
CSR1	M70.3	17.072	27.0361501412436	0
CSR1	M70.5	22.488	14.1126138054877	0
CSR1	M79.2	24.778	9.79135447392333	0
CSR1	M88.3	25.664	8.16114428046028	0
CSR1	M88.4	14.778	42.6358354848369	0
CSR1	PDB1.1	28.98	1.26479591498352	0
CSR1	R01B10.2	17.578	7.70796393669153	0
CSR1	R01B10.3	26.066	5.61137864207948	0
CSR1	R01E6.2	27.214	4.18100274635697	0
CSR1	R01E6.5	17.022	2.41808605513206	0
CSR1	R01E6.7	27.678	3.50229703027171	0
CSR1	R01H10.4	26.564	1.98852922443207	0
CSR1	R01H2.1	21.536	18.3721728397934	0
CSR1	R01H2.2	18.516	2.27812430374242	0
CSR1	R01H2.4	27.15	6.16329647646066	0
CSR1	R01H2.7	17.17	5.75718682707688	0
CSR1	R01H2.8	22.604	12.7681376681988	0
CSR1	R02C2.1	28.022	0.657731504787808	0
CSR1	R02C2.7	29.818	0.937351776686736	0
CSR1	R02D1.2	12.386	3.58281896805373	0
CSR1	R02D3.8	23.526	5.43602148627911	0
CSR1	R02D5.1	20.386	6.5584426257286	0
CSR1	R02D5.10	20.18	20.7155041521538	0
CSR1	R02D5.24	23.87	9.55412695501698	0
CSR1	R02D5.3	27.908	2.29722092292033	0
CSR1	R02D5.4	17.516	1.21416681101122	0
CSR1	R02D5.6	19.944	2.07116848815406	0
CSR1	R02D5.7	21.81	11.4709735809347	0
CSR1	R02D5.8	27.06	0.525228026738799	0
CSR1	R02D5.9	23.204	12.7679035572885	0
CSR1	R02E12.12	28.224	1.18643062264562	0
CSR1	R02E12.4	28.608	2.1768454874241	0
CSR1	R02E12.5	13.07	2.67679505501697	0
CSR1	R02E4.1	20.044	13.3401878539223	0
CSR1	R02E4.2	19.27	39.5869442560703	0
CSR1	R02E4.3	20.3	10.1102299068059	0
CSR1	R02F11.1	21.466	2.91755652556537	0
CSR1	R02F11.10	24.602	3.83565230399728	0
CSR1	R02F11.11	7.654	7.82683485248658	0
CSR1	R02F11.12	27.01	8.59933965134866	0
CSR1	R02F11.2	21.942	6.44276967547058	0
CSR1	R02F11.3	20.66	2.12779328560825	0
CSR1	R02F11.9	23.41	10.2576785658333	0
CSR1	R02F2.1	23.098	22.5047650561822	0
CSR1	R02F2.10	20.17	5.79889288909654	0
CSR1	R02F2.4	20.03	4.41195084653435	0
CSR1	R02F2.5	15.66	19.7158817689152	0
CSR1	R02F2.6	22.598	4.67409863991127	0
CSR1	R02F2.7	28.286	1.66921669973214	0
CSR1	R02F2.8	28.436	1.92159496137718	0
CSR1	R03A10.5	19.928	19.1514765943726	0
CSR1	R03C1.1	22.822	15.0926318816333	0
CSR1	R03D7.15	22.658	14.5424556013569	0
CSR1	R03D7.2	29.47	2.37372093726231	0
CSR1	R03D7.5	26.218	4.1925904153111	0
CSR1	R03E9.2	25.716	10.5483191721378	0
CSR1	R03G5.6	6.608	44.4633863264954	0
CSR1	R03G8.1	10.724	29.8204170591116	0
CSR1	R03G8.3	26.754	6.68748672618457	0
CSR1	R03G8.6	29.64	2.19829627148387	0
CSR1	R03H10.1	26.712	12.5208361096784	0
CSR1	R03H10.11	23.944	6.31906398949175	0
CSR1	R03H10.2	25.226	10.2809734372063	0
CSR1	R03H10.4	23.022	13.5866121329515	0
CSR1	R03H10.5	19.31	27.2335688502103	0
CSR1	R03H10.6	26.678	2.28843236076828	0
CSR1	R03H10.7	24.66	17.0493139956504	0
CSR1	R04A9.1	24.002	3.48671408472398	0
CSR1	R04A9.3	15.85	6.23537307620934	0
CSR1	R04A9.6	17.652	33.2017069362544	0
CSR1	R04A9.7	24.92	11.393571738597	0
CSR1	R04A9.9	24.8	6.50981808729373	0
CSR1	R04B3.1	21.26	12.2459908156005	0
CSR1	R04B3.2	27.308	4.17535565298299	0
CSR1	R04B3.3	19.322	24.3934502203321	0
CSR1	R04B5.1	22.744	12.0090668348421	0
CSR1	R04B5.11	22.93	11.4379330822424	0
CSR1	R04B5.5	29.052	1.09131520077325	0
CSR1	R04B5.6	12.766	3.82735422946324	0
CSR1	R04B5.7	15.416	37.3063720791298	0
CSR1	R04D3.2	18.454	15.4074283646526	0
CSR1	R04D3.3	22.366	10.7268746047734	0
CSR1	R04D3.4	24.546	5.182100658649	0
CSR1	R04E5.7	5.588	1.63721732447855	0
CSR1	R04E5.8	16.486	2.06796804403768	0
CSR1	R04E5.9	16.298	3.02068276717108	0
CSR1	R04F11.2	20.14	10.6655691328282	0
CSR1	R04F11.3	14.79	6.60052189958934	0
CSR1	R04F11.5	25.85	6.86721875283433	0
CSR1	R05A10.1	22.63	8.7299536893944	0
CSR1	R05A10.2	19.546	2.77608740055539	0
CSR1	R05A10.3	18.376	1.87591029309524	0
CSR1	R05A10.4	24.822	4.03757780731636	0
CSR1	R05A10.6	15.318	13.8887565585139	0
CSR1	R05A10.7	26.232	5.32686760061398	0
CSR1	R05A10.8	25.896	6.1808286692086	0
CSR1	R05C11.2	25.588	6.29021536284281	0
CSR1	R05C11.4	15.508	6.03826006099495	0
CSR1	R05D11.9	24.706	19.5712980383899	0
CSR1	R05D3.12	15.894	39.481612975262	0
CSR1	R05D3.2	19.464	5.28665564627506	0
CSR1	R05D3.3	26.392	8.25144470337744	0
CSR1	R05D3.5	27.558	3.54597605728483	0
CSR1	R05D3.8	21.2	11.9737479102177	0
CSR1	R05D3.9	21.626	23.0906264538881	0
CSR1	R05D7.1	27.562	6.13299360672281	0
CSR1	R05D7.2	23.862	10.5131967325824	0
CSR1	R05D7.3	21.122	5.39746534591447	0
CSR1	R05D7.7	23.962	6.06988372246595	0
CSR1	R05D8.11	23.796	6.93028271014258	0
CSR1	R05F9.7	20.742	3.87575546645794	0
CSR1	R05F9.9	28.58	2.1912481892024	0
CSR1	R05G6.1	22.114	16.3274312257492	0
CSR1	R05G6.10	26.852	10.049370499368	0
CSR1	R05G6.3	18.126	10.6629419560414	0
CSR1	R05G6.4	25.604	7.96834742568979	0
CSR1	R05G6.5	28.172	1.75883766764696	0
CSR1	R05G6.9	23.686	2.04372388856168	0
CSR1	R05G9.1	26.108	7.63018751120578	0
CSR1	R05G9.3	21.596	5.14292677619289	0
CSR1	R05G9.5	22.924	5.5016655374315	0
CSR1	R05G9R.1	21.656	4.80642517483289	0
CSR1	R05H10.1	21.326	9.7744421896998	0
CSR1	R05H10.3	25.942	1.3928945754683	0
CSR1	R05H10.7	22.824	1.92694871957146	0
CSR1	R05H11.1	27.76	1.46989955065585	0
CSR1	R05H11.2	18.588	11.1340985729654	0
CSR1	R05H5.3	26.744	11.7152491560372	0
CSR1	R05H5.4	27.142	7.18908382084486	0
CSR1	R05H5.7	26.094	2.41778258593508	0
CSR1	R06A10.1	17.602	9.04666755767478	0
CSR1	R06A10.4	21.812	7.28699868425572	0
CSR1	R06A10.5	24.402	12.6460887326419	0
CSR1	R06B10.7	20.128	9.72172190359611	0
CSR1	R06B9.5	15.992	25.0124046396135	0
CSR1	R06C1.4	24.692	6.88538081027977	0
CSR1	R06C1.6	21.726	3.78053314260702	0
CSR1	R06C7.2	25.954	7.99626482544067	0
CSR1	R06C7.6	2.996	3.15416145658944	1
CSR1	R06F6.12	13.118	3.93695240654476	0
CSR1	R06F6.14	17.772	15.0813915838405	0
CSR1	R06F6.8	24.818	8.54624400188133	0
CSR1	R07A4.2	23.136	9.82603799472578	0
CSR1	R07A4.3	13.62	24.5068731673731	0
CSR1	R07A4.4	17.894	13.4199756458037	0
CSR1	R07B1.11	10.204	36.8647505521244	0
CSR1	R07B1.13	25.788	9.89544204092819	0
CSR1	R07B1.3	25.914	3.10931581228065	0
CSR1	R07B1.5	19.764	2.15278386864972	0
CSR1	R07B1.6	12.016	4.24499355311762	0
CSR1	R07B1.7	21.972	10.7226259870507	0
CSR1	R07B1.9	23.778	8.75113963246042	0
CSR1	R07B7.10	26.152	1.17652532791784	0
CSR1	R07B7.12	26.108	8.51578672810603	0
CSR1	R07B7.2	11.99	2.99089592611194	0
CSR1	R07B7.6	24.422	9.91051108315448	0
CSR1	R07B7.8	23.674	2.19703043414536	0
CSR1	R07B7.9	19.594	13.754073176462	0
CSR1	R07C12.1	11.874	3.49812453538585	0
CSR1	R07C12.3	27.238	3.73886073730142	0
CSR1	R07C3.13	27.448	2.15543894328763	0
CSR1	R07C3.3	27.522	5.18002769217405	0
CSR1	R07D5.2	25.808	8.61691147355563	0
CSR1	R07E3.1	15.134	44.1436883906191	0
CSR1	R07E3.4	26.094	4.78021456764395	0
CSR1	R07E3.6	18.47	9.82379989871342	0
CSR1	R07E3.7	21.616	5.14628415847765	0
CSR1	R07E4.1	11.302	1.84899736819651	0
CSR1	R07E4.3	21.484	15.160284220297	0
CSR1	R07E4.5	26.058	6.04426389457939	0
CSR1	R07E5.11	19.756	5.85465688026025	0
CSR1	R07E5.15	24.142	3.76724740055293	0
CSR1	R07E5.17	11.01	21.1338111814999	0
CSR1	R07E5.19	23.08	28.3592343974765	0
CSR1	R07E5.4	22.47	8.64107157941593	0
CSR1	R07E5.5	12.186	5.42307160793831	0
CSR1	R07E5.6	23.53	7.01200272284321	0
CSR1	R07E5.7	21.924	6.0306046551175	0
CSR1	R07G3.7	22.85	8.11317652604392	0
CSR1	R07G3.8	28.602	1.1289722949955	0
CSR1	R07H5.11	23.132	15.3126746132474	0
CSR1	R07H5.16	23.282	10.2551203438002	0
CSR1	R07H5.9	25.672	7.47315063960359	0
CSR1	R08A2.1	15.966	7.00799685632582	0
CSR1	R08A2.2	23.604	10.0904035781251	0
CSR1	R08A2.5	25.436	3.85025879251781	0
CSR1	R08A2.7	8.696	11.130699367259	0
CSR1	R08A2.9	20.936	7.08854902645672	0
CSR1	R08B4.3	26.692	5.82769687163605	0
CSR1	R08C7.1	22.136	2.86188162622802	0
CSR1	R08C7.11	18.258	10.2517025969352	0
CSR1	R08C7.12	15.98	2.3902915212496	0
CSR1	R08C7.4	25.246	3.25631309113947	0
CSR1	R08C7.5	10.548	4.28009370782754	0
CSR1	R08C7.8	28.222	4.04510139017097	0
CSR1	R08D7.4	28.832	3.37675552989656	0
CSR1	R08D7.5	22.776	3.2050680595422	0
CSR1	R08D7.7	29.96	0.921675652302006	0
CSR1	R08E3.1	28.378	3.0200909950297	0
CSR1	R08E3.3	28.194	6.08260115606524	0
CSR1	R08E5.1	28.128	1.17115948264417	0
CSR1	R08E5.4	18.964	16.6490278936572	0
CSR1	R08F11.1	28.356	3.11954787666488	0
CSR1	R08F11.4	29.324	1.67352452810454	0
CSR1	R08F11.7	28.53	3.33600254031867	0
CSR1	R09A1.3	27.37	7.74807630881686	0
CSR1	R09A8.1	24.31	6.09740292581799	0
CSR1	R09A8.2	25.75	7.28561698910033	0
CSR1	R09A8.5	16.174	14.5166338345526	0
CSR1	R09A8.9	22.478	4.67095868588456	0
CSR1	R09B5.11	27.838	1.3255700658109	0
CSR1	R09D1.12	27.798	3.69528268429546	0
CSR1	R09D1.13	27.776	2.89964980395756	0
CSR1	R09D1.14	26.646	5.10461780057234	0
CSR1	R09E10.1	19.814	4.35158912305187	0
CSR1	R09E10.13	21.36	12.7890848515787	0
CSR1	R09E10.2	20.84	4.99973750512883	0
CSR1	R09E10.5	25.16	9.1404575343362	0
CSR1	R09E10.6	20.426	20.8991850157882	0
CSR1	R09E10.8	21.06	5.16314903269585	0
CSR1	R09E12.9	29.48	1.86212194690479	0
CSR1	R09F10.1	27.588	5.41737985369056	0
CSR1	R09F10.3	22.632	20.449344824603	0
CSR1	R09F10.5	23.246	7.36299401684422	0
CSR1	R09F10.8	5.786	2.77230790802458	0
CSR1	R09H10.1	19.608	1.61854418687529	0
CSR1	R09H10.2	27.978	1.54053342164847	0
CSR1	R09H10.3	27.192	0.750256706700494	0
CSR1	R09H10.5	28.292	0.759068553402864	0
CSR1	R09H10.6	16.422	29.7838955404948	0
CSR1	R09H10.7	22.448	3.954745318782	0
CSR1	R09H3.2	23.528	5.23449577513275	0
CSR1	R09H3.3	8.17	2.36550160221391	0
CSR1	R102.1	25.15	7.74975696964403	0
CSR1	R102.10	20.644	26.2119272293909	0
CSR1	R102.11	19.56	15.2313132452374	0
CSR1	R102.2	24.204	12.4150317116492	0
CSR1	R102.3	22.886	13.5974016781034	0
CSR1	R102.4	28.148	9.43536026510941	0
CSR1	R102.6	22.126	9.31116926552284	0
CSR1	R102.8	17.918	2.96302213250869	0
CSR1	R105.1	22.946	3.72793594242505	0
CSR1	R105.5	27.346	5.92451283443791	0
CSR1	R107.2	28.294	7.25399336801945	0
CSR1	R107.5	18.026	9.49267023721324	0
CSR1	R107.9	5.588	14.356823724048	0
CSR1	R10A10.1	20.986	14.144693108632	0
CSR1	R10D12.1	26.056	3.70754644426663	0
CSR1	R10D12.10	27.868	3.50634747356385	0
CSR1	R10D12.13	23.316	8.65925683186459	0
CSR1	R10D12.15	5.14	7.53121861900619	0
CSR1	R10D12.6	26.636	6.69872714063879	0
CSR1	R10D12.7	26.304	5.31019143419054	0
CSR1	R10D12.8	19.356	42.03582234444	0
CSR1	R10E11.5	17.506	20.6582820525103	0
CSR1	R10E11.6	6.21	5.12143120572923	0
CSR1	R10E11.9	14.476	3.65359957626673	0
CSR1	R10E12.2	12.228	4.41965170075909	0
CSR1	R10E4.1	25.534	7.61795399535885	0
CSR1	R10E4.11	25.546	9.44453849929943	0
CSR1	R10E4.3	25.392	5.89182210815544	0
CSR1	R10E4.6	25.538	6.91536702954688	0
CSR1	R10E4.7	21.748	14.2098175130487	0
CSR1	R10E4.9	28.178	3.00025247562259	0
CSR1	R10E8.1	28.632	2.36974612707269	0
CSR1	R10E8.2	14.764	3.8212076468793	0
CSR1	R10E8.3	26.906	4.63244940038666	0
CSR1	R10E8.5	22.756	12.7714635577899	0
CSR1	R10E8.6	14.656	2.27764276715418	0
CSR1	R10E8.8	24.402	10.7537588620669	0
CSR1	R10E9.2	17.15	1.74781280318622	0
CSR1	R10E9.3	23.662	4.02702475807284	0
CSR1	R10E9.4	15.006	38.1961102014819	0
CSR1	R10F2.4	20.406	13.8606148806642	0
CSR1	R10F2.5	15.612	6.2632198835645	0
CSR1	R10F2.6	23.022	13.4637484613262	0
CSR1	R10H1.1	18.58	2.57331175196597	0
CSR1	R10H10.3	27.566	3.77133314402629	0
CSR1	R10H10.4	9.59	1.89855489635382	0
CSR1	R10H10.7	28.964	0.984918520296466	0
CSR1	R11.3	22.308	31.8055692864622	0
CSR1	R11.4	21.302	4.51387489786172	0
CSR1	R119.3	26.624	3.88457475046839	0
CSR1	R119.5	24.792	9.78083633709583	0
CSR1	R11A5.3	22.662	10.6847940679887	0
CSR1	R11A5.6	23.232	10.6846203278288	0
CSR1	R11A8.1	20.606	2.13601719150632	0
CSR1	R11D1.1	18.622	3.87317571429419	0
CSR1	R11D1.12	20.148	15.0648748900336	0
CSR1	R11D1.13	23.548	3.10606605253559	0
CSR1	R11D1.2	15.08	2.84451068826621	0
CSR1	R11D1.3	28.054	1.11034572047509	0
CSR1	R11D1.4	28.664	3.82474770282623	0
CSR1	R11D1.7	21.506	5.93460160116944	0
CSR1	R11E3.1	27.644	4.07643439556566	0
CSR1	R11E3.19	19.956	3.6024699112037	0
CSR1	R11E3.2	26.492	0.452494846851608	0
CSR1	R11F4.1	26.198	12.8081100492124	0
CSR1	R11F4.2	12.714	2.07621279872851	0
CSR1	R11G1.1	26.222	4.23217617108451	0
CSR1	R11G1.11	25.418	5.64210197411988	0
CSR1	R11G1.2	15.798	9.15426984583484	0
CSR1	R11G1.7	5.428	1.48759242727976	0
CSR1	R11G10.3	22.1	11.6870041065443	0
CSR1	R11G10.4	16.81	1.53809440497893	0
CSR1	R11G11.16	26.76	8.40612001928303	0
CSR1	R11H6.2	18.976	2.79464180740855	0
CSR1	R11H6.4	8.7	40.1649722606285	0
CSR1	R11H6.5	27.916	3.20685710127332	0
CSR1	R12A1.3	22.59	9.39297995385429	0
CSR1	R12B2.13	18.986	10.5372769817969	0
CSR1	R12B2.2	26.498	2.12301556273165	0
CSR1	R12B2.3	26.482	5.44560871056563	0
CSR1	R12B2.6	26.508	3.50922656950757	0
CSR1	R12B2.7	22.936	8.01400157580674	0
CSR1	R12B2.8	18.872	0.795181495646628	0
CSR1	R12C12.10	26.602	4.80162861795438	0
CSR1	R12C12.5	20.914	3.57823238825421	0
CSR1	R12C12.6	24.014	6.40051571468127	0
CSR1	R12C12.7	21.472	7.04900346421612	0
CSR1	R12C12.9	22.34	3.41446252509162	0
CSR1	R12E2.11	21.434	6.11931282143767	0
CSR1	R12E2.13	28.352	1.48104102392897	0
CSR1	R12E2.14	20.868	12.5315558973445	0
CSR1	R12E2.15	22.362	11.4720468396526	0
CSR1	R12E2.6	22.95	6.2658042972957	0
CSR1	R12E2.7	23.504	6.60467458878131	0
CSR1	R12E2.8	26.318	5.66320726194353	0
CSR1	R12G8.1	14.098	1.71371003728772	0
CSR1	R12H7.4	19.67	14.3578553604762	0
CSR1	R13A1.1	17.02	34.1989006130558	0
CSR1	R13A1.10	26.852	1.76834803394181	0
CSR1	R13A1.3	12.838	18.2840880804392	0
CSR1	R13A1.5	23.646	4.54091930968631	0
CSR1	R13A5.10	8.092	28.5827205483256	0
CSR1	R13A5.11	22.248	24.2895967351185	0
CSR1	R13A5.15	19.404	6.89353237766477	0
CSR1	R13A5.7	27.528	3.3737269275863	0
CSR1	R13D11.1	22.79	6.79648520345815	0
CSR1	R13D11.10	22.302	11.2729988979831	0
CSR1	R13D11.3	25.626	2.78277099152476	0
CSR1	R13D11.4	27.718	2.7352942009879	0
CSR1	R13D7.2	3.364	3.07924236922201	1
CSR1	R13H4.2	23.006	2.43251705797538	0
CSR1	R13H4.5	27.574	3.6877952300264	0
CSR1	R13H4.6	21.978	5.76356459687236	0
CSR1	R13H4.7	21.656	4.54617744599957	0
CSR1	R13H7.2	12.088	2.8147742236578	0
CSR1	R13H9.6	28.182	3.92109497405879	0
CSR1	R144.10	27.148	3.76019706501039	0
CSR1	R144.11	26.864	2.97104523320628	0
CSR1	R144.12	18.382	17.1533489557853	0
CSR1	R144.13	11.524	2.91480190346974	0
CSR1	R144.3	19.732	5.90181999936872	0
CSR1	R144.6	14.438	5.31138123490327	0
CSR1	R148.3	15.316	3.90892032580933	0
CSR1	R148.4	15.938	4.63267839479752	0
CSR1	R148.5	14.05	3.64625438413195	0
CSR1	R148.7	3.264	5.60586422131504	1
CSR1	R148.8	21.292	10.1425568031604	0
CSR1	R151.1	18.05	6.41117167843325	0
CSR1	R151.6	12.768	12.0118936741809	0
CSR1	R151.8	18.696	19.2576322285329	0
CSR1	R151.8A	28.878	0.923807259793244	0
CSR1	R155.3	26.082	6.41678095472562	0
CSR1	R155.5	17.958	3.30506391471271	0
CSR1	R160.10	16.916	14.5002458863713	0
CSR1	R160.12	21.356	3.19727649836023	0
CSR1	R160.13	14.634	28.9963626047806	0
CSR1	R160.14	24.564	5.57047345824126	0
CSR1	R160.2	20.772	27.9728179599907	0
CSR1	R160.3	17.768	0.489676648675283	0
CSR1	R160.4	21.224	10.4852730261802	0
CSR1	R160.5	13.272	49.1315377360567	0
CSR1	R160.6	23.41	7.58388415930701	0
CSR1	R166.2	21.314	43.6713473732792	0
CSR1	R166.3	28.77	1.92995374513754	0
CSR1	R186.3	27.022	4.64686225008447	0
CSR1	R186.8	27.786	5.23781643830928	0
CSR1	R193.1	24.468	7.25914346026329	0
CSR1	R193.2	15.71	72.9849554917932	0
CSR1	R193.6	23.708	4.56697010257213	0
CSR1	R31.2	21.804	9.43045955309759	0
CSR1	R52.4	18.898	8.6858589484515	0
CSR1	R52.5	20.98	3.58038970766465	0
CSR1	R52.6	23.134	4.96423017392352	0
CSR1	R53.4	6.546	9.29773309224461	0
CSR1	R53.5	19.992	34.920618759978	0
CSR1	R53.8	25.68	4.40797240660334	0
CSR1	R57.2	23.18	3.9154734384537	0
CSR1	R74.2	17.064	8.54865570344454	0
CSR1	R74.7	3.368	3.87922238968636	1
CSR1	R74.8	10.904	0.876293410534944	0
CSR1	T01A4.9	6.508	10.2423682667346	0
CSR1	T01B10.5	19.044	14.5243773101709	0
CSR1	T01B11.1	8.116	1.8225591017349	0
CSR1	T01B4.3	20.578	13.8480969160889	0
CSR1	T01B6.1	23.426	4.30389790957231	0
CSR1	T01B7.13	24.446	3.70972455326212	0
CSR1	T01B7.5	18.958	8.7664714242284	0
CSR1	T01B7.9	17.584	7.03080578883951	0
CSR1	T01C1.4	20.742	5.9264095673956	0
CSR1	T01C3.11	25.126	2.31771349516422	0
CSR1	T01C3.2	27.514	3.51408763315892	0
CSR1	T01C3.3	25.908	2.89349460937858	0
CSR1	T01C4.8	23.738	2.27315572063337	0
CSR1	T01C8.2	14.776	22.9023772306179	0
CSR1	T01C8.3	23.228	9.47046663900579	0
CSR1	T01D1.3	20.588	14.7339892071756	0
CSR1	T01D1.4	19.482	27.9562490999025	0
CSR1	T01D1.5	24.764	9.40698198980622	0
CSR1	T01D1.7	25.482	6.2950723857297	0
CSR1	T01D1.8	24.656	5.57305494707187	0
CSR1	T01D3.3	26.502	7.6533559174192	0
CSR1	T01D3.6	24.134	1.89735761896399	0
CSR1	T01E8.1	28.746	1.44913839129668	0
CSR1	T01G1.2	13.21	27.6768975020149	0
CSR1	T01G1.4	16.364	3.92641458215865	0
CSR1	T01G5.6	23.766	10.4324706350656	0
CSR1	T01G5.7	24.51	4.90063356507233	0
CSR1	T01G5.8	23.81	11.0877384724319	0
CSR1	T01G6.1	16.726	7.52363835220058	0
CSR1	T01G6.10	24.87	13.1536886312539	0
CSR1	T01G9.2	19.328	33.6090939108628	0
CSR1	T01H10.11	23.766	10.4051544169062	0
CSR1	T01H3.2	28.704	1.60192022109351	0
CSR1	T01H3.3	3.418	2.69258639317578	1
CSR1	T01H3.5	5.522	2.20086723685902	0
CSR1	T02B11.4	8.662	2.51663386625514	0
CSR1	T02B11.6	23.226	12.9709309416141	0
CSR1	T02B11.8	25.276	2.29681456484043	0
CSR1	T02B11.9	22.698	10.0585707612599	0
CSR1	T02C1.1	27.522	1.90269673412094	0
CSR1	T02C1.2	23.146	3.89011260788704	0
CSR1	T02C12.5	1.962	2.80094427401307	1
CSR1	T02C5.1	5.098	3.18533588137882	0
CSR1	T02D1.4	20.772	3.74321680966572	0
CSR1	T02D1.7	22.134	9.70471206267264	0
CSR1	T02D1.8	12.238	13.9421834769592	0
CSR1	T02D1.9	20.488	15.1686038384113	0
CSR1	T02E1.2	23.46	5.71495061595498	0
CSR1	T02E1.6	14.002	2.10011296560578	0
CSR1	T02E1.7	26.89	3.44039276172218	0
CSR1	T02E1.8	27.016	3.74004592664773	0
CSR1	T02E9.5	23.596	14.9711619053464	0
CSR1	T02E9.6	20.486	4.3494459473293	0
CSR1	T02G5.14	28.256	3.11102287745341	0
CSR1	T02G5.15	24.638	6.94301392453279	0
CSR1	T02G5.3	26.356	5.217725087656	0
CSR1	T02G5.7	28.24	8.74882410016158	0
CSR1	T02G6.11	26.392	6.41607698069055	0
CSR1	T02G6.3	17.902	12.9610348861516	0
CSR1	T02G6.4	26.682	2.46353465877155	0
CSR1	T02G6.5	26.038	10.7057579148674	0
CSR1	T02G6.6	28.334	2.62983543160414	0
CSR1	T02H6.1	21.932	21.8921069024833	0
CSR1	T02H6.10	22.796	11.1572606136835	0
CSR1	T02H6.11	24.39	1.57358270294346	0
CSR1	T02H6.3	20.738	5.14747333851989	0
CSR1	T02H6.4	27.178	2.20558196146779	0
CSR1	T02H6.5	28.076	1.79800147375788	0
CSR1	T02H6.6	10.852	12.6088202689699	0
CSR1	T02H6.7	23.232	2.73582275940781	0
CSR1	T02H6.8	23.128	11.6570297196577	0
CSR1	T02H6.9	19.092	1.23416521894181	0
CSR1	T03D3.5	21.932	3.48356605254801	0
CSR1	T03D8.6	27.984	2.87776444936778	0
CSR1	T03E6.8	21.776	4.29581698895492	0
CSR1	T03E6.9	23.672	7.19280263641464	0
CSR1	T03F1.11	26.466	2.2570561938044	0
CSR1	T03F1.12	18.744	4.13450153221364	0
CSR1	T03F1.6	28.368	1.58460930737964	0
CSR1	T03F6.10	25.496	7.77169624763067	0
CSR1	T03F6.3	28.964	2.74403738865235	0
CSR1	T03F6.4	28.592	1.2734388436023	0
CSR1	T03F6.6	25.354	14.0178249835476	0
CSR1	T03F6.9	12.404	2.11891925198316	0
CSR1	T03F7.5	16.492	2.26771755107691	0
CSR1	T03F7.6	23.164	14.3416713629742	0
CSR1	T03F7.7	26.322	2.37776531782592	0
CSR1	T03G11.10	24.32	14.3860422180475	0
CSR1	T03G11.3	25.38	5.9859211072309	0
CSR1	T03G11.9	25.004	4.98218187955271	0
CSR1	T03G6.1	17.08	1.88947770059777	0
CSR1	T03G6.3	26.284	2.64064723801135	0
CSR1	T03G6.7	19.364	2.18080648939801	0
CSR1	T04A11.1	28.436	4.94211498296819	0
CSR1	T04A11.2	10.538	9.19998779422635	0
CSR1	T04A6.1	24.864	16.3317409643028	0
CSR1	T04A6.2	14.226	27.1957001075275	0
CSR1	T04A6.3	13.264	3.43948032045912	0
CSR1	T04A8.13	20.682	28.0248503556708	0
CSR1	T04A8.18	7.782	4.42295955199062	0
CSR1	T04A8.7	29.634	1.18866812203748	0
CSR1	T04A8.8	22.554	5.75955999993208	0
CSR1	T04B2.3	22.98	9.89893261148851	0
CSR1	T04B2.7	17.428	3.72132335222323	0
CSR1	T04B2.8	18.382	9.39630614003743	0
CSR1	T04B8.1	23.1	4.44108163478701	0
CSR1	T04B8.5	23.94	23.4120928916799	0
CSR1	T04C10.11	23.302	6.16311997655639	0
CSR1	T04C10.3	29.026	3.56902092582944	0
CSR1	T04C12.1	21.142	2.82202353145528	0
CSR1	T04C12.11	18.754	2.26684180156025	0
CSR1	T04C12.33	25.77	5.63839390249142	0
CSR1	T04C12.7	18.032	5.33561144879645	0
CSR1	T04C12.8	2.524	6.0255745747876	1
CSR1	T04C12.9	22.404	5.48297389090605	0
CSR1	T04C4.3	16.836	11.7744990526162	0
CSR1	T04C9.1	19.468	12.6977978299911	0
CSR1	T04C9.2	16.056	5.25694871304677	0
CSR1	T04C9.3	20.774	3.57360789276927	0
CSR1	T04D1.2	26.258	1.97161429106044	0
CSR1	T04D3.1	21.002	9.83100757942304	0
CSR1	T04D3.5	26.734	9.48035553996646	0
CSR1	T04D3.8	16.948	4.9901838892016	0
CSR1	T04F3.3	27.426	4.08701919218796	0
CSR1	T04F3.4	18.846	1.2654955055302	0
CSR1	T04F3.5	24.402	6.7275913280526	0
CSR1	T04F8.2	15.158	2.79014549609002	0
CSR1	T04F8.3	14.598	5.44959082769683	0
CSR1	T04F8.7	8.122	42.6991018164544	0
CSR1	T04F8.8	19.504	7.21058983100908	0
CSR1	T04F8.9	11.714	5.26194826860601	0
CSR1	T04G9.4	19.154	2.59381793296725	0
CSR1	T04G9.6	22.85	7.54438051565443	0
CSR1	T04G9.7	25.428	9.58388369763641	0
CSR1	T04H1.12	27.152	2.25330349916624	0
CSR1	T04H1.13	19.556	8.92808024189918	0
CSR1	T04H1.5	19.612	5.53630851024219	0
CSR1	T05A1.5	27.672	8.1669164298619	0
CSR1	T05A10.6	21.062	9.3403986551342	0
CSR1	T05A12.3	18.674	1.68177217232918	0
CSR1	T05A12.4	17.21	3.24066570029656	0
CSR1	T05A7.1	26.696	1.29018227634559	0
CSR1	T05A7.11	26.038	10.6297814959142	0
CSR1	T05A7.13	5.55	1.8197306195247	0
CSR1	T05A7.3	19.668	16.530966570123	0
CSR1	T05A7.6	27.42	8.12726933447402	0
CSR1	T05A7.7	22.004	2.15249445769991	0
CSR1	T05A8.1	24.788	6.95614111248862	0
CSR1	T05A8.11	18.246	32.8558559776993	0
CSR1	T05A8.2	22.308	8.09393080983946	0
CSR1	T05A8.6	21.458	4.04818663161893	0
CSR1	T05A8.7	28.992	1.33663680163266	0
CSR1	T05A8.8	15.69	7.52057879776368	0
CSR1	T05B11.4	21.446	23.975350144166	0
CSR1	T05B11.7	22.448	3.69641416946249	0
CSR1	T05B4.10	16.678	2.94515185664777	0
CSR1	T05B4.12	26.342	2.10054781404695	0
CSR1	T05B4.13	24.872	1.32417111786836	0
CSR1	T05B4.8	22.278	4.3793798933145	0
CSR1	T05B4.9	24.882	2.76833786623317	0
CSR1	T05B9.1	24.586	6.01161458345305	0
CSR1	T05B9.2	5.516	6.40395443424724	0
CSR1	T05C1.1	21.544	11.5105114675588	0
CSR1	T05C1.2	17.418	2.90551726458678	0
CSR1	T05C1.3	24.802	7.21881528683078	0
CSR1	T05C1.5	24.856	5.65628717663108	0
CSR1	T05C12.1	29.278	3.45639537562237	0
CSR1	T05C12.11	19.268	21.972243788093	0
CSR1	T05C12.15	25.422	4.45109137835245	0
CSR1	T05C12.4	20.478	3.58138592355558	0
CSR1	T05C12.8	10.802	18.2100167433153	0
CSR1	T05C12.9	22.438	12.7414569962444	0
CSR1	T05C3.2	28.028	5.83704629280321	0
CSR1	T05C3.6	28.932	0.675278035069895	0
CSR1	T05C7.4	24.772	3.74221747974966	0
CSR1	T05C7.5	16.078	13.5106261772558	0
CSR1	T05C7.7	18.902	9.52892794872769	0
CSR1	T05C7.8	12.696	18.5464818404206	0
CSR1	T05C7.9	20.432	3.35506612940723	0
CSR1	T05D4.2	26.098	2.904452286663	0
CSR1	T05D4.5	5.854	13.196920620996	0
CSR1	T05E12.3	27.296	2.42439477353044	0
CSR1	T05E12.6	28.442	2.75225465787156	0
CSR1	T05E12.8	19.238	25.5816306862885	0
CSR1	T05E12.9	27.716	1.59215695850589	0
CSR1	T05E7.1	29.656	1.32896975751031	0
CSR1	T05E7.4	22.958	13.4393076349755	0
CSR1	T05F1.11	27.156	5.67521689257391	0
CSR1	T05F1.13	22.572	4.36087781565421	0
CSR1	T05F1.15	26.694	6.26049386558099	0
CSR1	T05F1.2	27.03	2.67293997309485	0
CSR1	T05F1.4	23.328	19.4612465827005	0
CSR1	T05F1.5	21.918	2.29383323896233	0
CSR1	T05F1.7	27.318	3.11617070637575	0
CSR1	T05F1.8	23.568	22.5491085573583	0
CSR1	T05F1.9	24.216	5.47549118792024	0
CSR1	T05G5.1	11.984	23.2061197855415	0
CSR1	T05G5.4	25.92	3.78922057775435	0
CSR1	T05G5.5	26.276	4.71733953427448	0
CSR1	T05H10.1	20.72	4.69649401381758	0
CSR1	T05H10.4	9.08	1.46728112273945	0
CSR1	T05H10.8	27.268	7.55933229181765	0
CSR1	T05H4.11	19.796	10.2568735546908	0
CSR1	T05H4.15	27.47	1.74906633178525	0
CSR1	T05H4.3	26.182	11.9080238729958	0
CSR1	T05H4.4	26.582	8.82552423638087	0
CSR1	T05H4.7	3.882	4.41840786357491	1
CSR1	T06A1.1	23.09	6.89623665600779	0
CSR1	T06A1.5	13.716	3.48914252633532	0
CSR1	T06A10.106	27.582	3.98327668260185	0
CSR1	T06A10.107	20.86	11.4846811567072	0
CSR1	T06A10.2	22.45	12.7680072375998	0
CSR1	T06A4.1	26.496	7.55550494877519	0
CSR1	T06A4.3	24.5	10.1182924316612	0
CSR1	T06C10.3	22.624	11.1409639760503	0
CSR1	T06C12.11	17.036	4.19845156530907	0
CSR1	T06C12.12	24.116	3.45896604914065	0
CSR1	T06C12.14	24.6	6.69745517910586	0
CSR1	T06C12.9	7.618	10.091175265102	0
CSR1	T06D10.3	18.05	21.1730047542703	0
CSR1	T06D10.8	24.564	4.47778344145258	0
CSR1	T06D4.1	24.45	10.3056934572191	0
CSR1	T06D4.2	25.216	7.16079505903855	0
CSR1	T06D4.6	19.19	3.72325600373033	0
CSR1	T06D8.10	27.832	1.5467379098645	0
CSR1	T06D8.2	16.942	3.00082309793565	0
CSR1	T06D8.9	18.416	11.7905240141475	0
CSR1	T06E4.21	15.678	5.68433611038489	0
CSR1	T06E4.5	21.318	8.82254305163412	0
CSR1	T06E4.7	19.578	0.969401148839097	0
CSR1	T06E6.1	21.278	6.26932280608321	0
CSR1	T06E6.10	21.058	3.60507848646059	0
CSR1	T06E6.15	22.454	3.3784803643325	0
CSR1	T06E8.2	21.552	10.2223799308362	0
CSR1	T06F4.1	19.252	6.03780585214755	0
CSR1	T06G6.12	25.372	2.30853609079133	0
CSR1	T06G6.3	21.032	8.38704966409633	0
CSR1	T06G6.4	18.504	2.80099050277435	0
CSR1	T06G6.5	24.05	13.2731542750573	0
CSR1	T06G6.6	21.966	14.2764162296227	0
CSR1	T07A5.1	27.562	2.54586319970634	0
CSR1	T07A5.7	21.822	7.62536528055556	0
CSR1	T07A9.12	28.046	3.04471358124103	0
CSR1	T07A9.14	25.93	9.09922058140388	0
CSR1	T07A9.15	25.122	4.71739260814723	0
CSR1	T07A9.8	14.272	3.97362323792435	0
CSR1	T07C12.10	15.628	28.9567703720976	0
CSR1	T07C4.12	22.364	16.862181215001	0
CSR1	T07C4.3	19.772	2.73847740358346	0
CSR1	T07D1.3	23.204	3.96232672969275	0
CSR1	T07D10.1	21.928	11.9770706082777	0
CSR1	T07D10.3	28.426	1.2724417755484	0
CSR1	T07D3.2	25.846	2.26804776252165	0
CSR1	T07D3.4	28.168	1.86599661586244	0
CSR1	T07D3.9	25.472	4.01807571103829	0
CSR1	T07D4.2	23.356	9.09110360497608	0
CSR1	T07D4.5	27.378	5.33446235196172	0
CSR1	T07E3.2	25.286	4.59523430201807	0
CSR1	T07E3.3	25.21	3.25920147586616	0
CSR1	T07E3.4	15.718	1.43282231940545	0
CSR1	T07F10.3	24.472	13.5396481761962	0
CSR1	T07F10.5	22.462	5.84822617050065	0
CSR1	T07F12.1	28.036	2.77579659462787	0
CSR1	T07F12.2	26.368	1.67092882598135	0
CSR1	T07F12.4	25.854	8.88595415999424	0
CSR1	T07F8.1	22.936	2.74583919528324	0
CSR1	T07F8.4	16.248	3.60961076193539	0
CSR1	T07G12.2	3.452	2.57805277651066	1
CSR1	T07G12.3	28.492	3.19786835869198	0
CSR1	T07G12.4	27.468	1.25861601493123	0
CSR1	T07H3.7	8.742	3.97364306924002	0
CSR1	T07H3.8	25.214	11.3450054383764	0
CSR1	T07H8.11	22.348	6.57985462931667	0
CSR1	T08A9.13	17.198	4.92777423711754	0
CSR1	T08B1.1	19.466	4.23724027917508	0
CSR1	T08B1.4	25.114	2.99825094945319	0
CSR1	T08B2.11	13.406	5.76873281737585	0
CSR1	T08B2.12	18.618	8.91022809210796	0
CSR1	T08B2.15	27.58	3.49820768642838	0
CSR1	T08B2.4	14.72	34.0002219058108	0
CSR1	T08B6.1	21.666	14.5203103411491	0
CSR1	T08B6.4	20.926	12.5365596150498	0
CSR1	T08B6.9	22.996	4.50404824887873	0
CSR1	T08D10.3	13.238	15.6942104278162	0
CSR1	T08D10.4	19.174	25.6733548779976	0
CSR1	T08D10.5	24.336	6.91762245849626	0
CSR1	T08D2.4	27.04	2.90881312642951	0
CSR1	T08D2.5	25.542	7.13698599116474	0
CSR1	T08D2.6	19.88	6.56453086174958	0
CSR1	T08D2.8	13.246	7.22455042400899	0
CSR1	T08E11.1	27.674	1.07455308638558	0
CSR1	T08G11.2	17.112	21.5766548494231	0
CSR1	T08G11.3	23.894	5.82522818935821	0
CSR1	T08G2.2	27.852	5.0383138674219	0
CSR1	T08G3.11	19.864	20.1238567604129	0
CSR1	T08G3.13	18.376	27.9788251926619	0
CSR1	T08G3.6	18.246	2.89402366989646	0
CSR1	T08G5.1	17.954	5.83295519971559	0
CSR1	T08G5.15	21.936	3.33762170341413	0
CSR1	T08G5.2	9.67	3.12042322018916	0
CSR1	T08G5.3	26.666	3.63184527916081	0
CSR1	T08H10.3	24.188	4.29402402813514	0
CSR1	T09A12.1	21.946	4.9871368088569	0
CSR1	T09A12.8	15.062	20.686613395878	0
CSR1	T09A5.14	13.456	53.0362878879494	0
CSR1	T09A5.15	9.732	2.93469607286624	0
CSR1	T09A5.4	25.116	7.14884024175459	0
CSR1	T09A5.5	28.816	1.32135755518115	0
CSR1	T09B4.2	18.45	2.18152973414614	0
CSR1	T09B4.3	16.036	3.52721096109938	0
CSR1	T09B4.4	13.388	5.54381663293834	0
CSR1	T09B4.5	18.496	1.88789340854889	0
CSR1	T09B4.6	24.948	6.0055140789529	0
CSR1	T09B4.8	20.706	3.94849649652244	0
CSR1	T09B9.1	27.896	3.88581878159497	0
CSR1	T09B9.3	22.898	5.90762020967285	0
CSR1	T09B9.4	24.36	2.24470001880005	0
CSR1	T09B9.5	25.404	4.93075608829359	0
CSR1	T09D3.3	5.45	4.24603173042427	0
CSR1	T09D3.8	19.118	11.7007820919791	0
CSR1	T09D3.9	22.278	6.78351416676121	0
CSR1	T09E11.10	26.58	5.67803481452599	0
CSR1	T09E11.3	26.53	1.03398919897061	0
CSR1	T09E11.6	27.562	4.20473466975527	0
CSR1	T09E11.8	11.312	3.06640500547084	0
CSR1	T09E11.9	26.83	3.41814305649633	0
CSR1	T09E8.4	23.464	11.5530121687224	0
CSR1	T09F3.2	28.65	1.24803205436517	0
CSR1	T09F3.4	26.344	7.46388490295408	0
CSR1	T09F3.5	4.068	8.04740152722658	1
CSR1	T09F3.7	23.36	10.8122748892684	0
CSR1	T09F5.1	28.872	0.46300470810338	0
CSR1	T09F5.10	23.178	29.3574060189751	0
CSR1	T09F5.2	22.146	12.3714733497313	0
CSR1	T09F5.20	23.572	2.73249630436494	0
CSR1	T10B10.4	26.312	3.00668691093753	0
CSR1	T10B10.8	25.456	3.93987936384188	0
CSR1	T10B10.9	15.858	16.420436149253	0
CSR1	T10B11.4	24.092	12.6441576351779	0
CSR1	T10B11.5	26.774	6.78143875982669	0
CSR1	T10B11.6	23.19	8.0318191349332	0
CSR1	T10B11.8	24.78	4.08863342590024	0
CSR1	T10B5.10	5.026	2.70109701735697	0
CSR1	T10B5.3	19.852	6.09920298175241	0
CSR1	T10B5.4	22.418	23.2895684220414	0
CSR1	T10B5.7	28.568	3.55300394583318	0
CSR1	T10B5.8	29.38	1.19177272974892	0
CSR1	T10B9.14	9.94	11.3345506960066	0
CSR1	T10B9.9	14.486	6.86108223711112	0
CSR1	T10C6.10	28.054	2.52864853271855	0
CSR1	T10C6.15	26.902	4.36730162943569	0
CSR1	T10C6.16	27.98	2.3324165259485	0
CSR1	T10C6.6	6.258	6.54322905047593	0
CSR1	T10C6.7	27.668	5.3641010601261	0
CSR1	T10D4.1	23.286	11.4556817629155	0
CSR1	T10D4.11	26.996	2.33963941435717	0
CSR1	T10D4.14	24.844	5.06770028875548	0
CSR1	T10D4.15	23.196	7.43913201222533	0
CSR1	T10D4.19	15.288	1.97774335692984	0
CSR1	T10D4.6	25.798	4.08329619572925	0
CSR1	T10D4.7	12.17	3.8153448697597	0
CSR1	T10E9.1	14.796	5.33427376512887	0
CSR1	T10E9.14	17.726	5.95199008157284	0
CSR1	T10E9.2	14.876	11.4895796354815	0
CSR1	T10E9.4	12.14	3.03382979583244	0
CSR1	T10E9.5	21.116	3.77474856055406	0
CSR1	T10E9.6	29.746	2.20762808079027	0
CSR1	T10E9.8	27.24	3.32986665326977	0
CSR1	T10F2.2	19.408	3.97852862022065	0
CSR1	T10F2.5	26.9	12.4477043460283	0
CSR1	T10G3.1	9.354	10.2856815619374	0
CSR1	T10G3.2	24.03	3.74474032622856	0
CSR1	T10G3.3	16.718	3.60024341445779	0
CSR1	T10G3.4	22.812	5.3922019277129	0
CSR1	T10G3.8	8.526	38.1035896374731	0
CSR1	T10H10.2	23.18	6.55844128778183	0
CSR1	T10H4.13	23.038	2.43935518396212	0
CSR1	T10H4.4	24.188	11.9856163752008	0
CSR1	T10H9.1	22.236	15.0401176416539	0
CSR1	T10H9.8	26.522	2.93967341221316	0
CSR1	T11B7.1	25.924	6.75185694064271	0
CSR1	T11B7.2	17.79	13.799458257822	0
CSR1	T11B7.5	26.022	3.36318713086542	0
CSR1	T11F8.1	26.39	2.46654953547933	0
CSR1	T11F8.12	24.186	12.4701089760982	0
CSR1	T11F8.4	19.412	8.86696556685406	0
CSR1	T11F8.5	19.1	20.1934125324677	0
CSR1	T11F9.1	11.522	5.80763916904159	0
CSR1	T11F9.10	19.608	2.48394715718943	0
CSR1	T11F9.14	22.194	9.58923136744041	0
CSR1	T11F9.21	24.728	5.17073904165838	0
CSR1	T11F9.22	21.004	14.9954656224315	0
CSR1	T11F9.7	25.108	3.44579617423501	0
CSR1	T11G6.2	21.22	4.80828735956702	0
CSR1	T11G6.3	28.726	3.87885417761802	0
CSR1	T11G6.4	21.318	17.6662047001156	0
CSR1	T11G6.5	8.03	8.08314155299166	0
CSR1	T12A2.21	25.35	8.34181961138708	0
CSR1	T12A2.3	24.146	9.32901085830466	0
CSR1	T12A7.10	22.634	1.62410677052947	0
CSR1	T12A7.2	21.362	9.80109365450994	0
CSR1	T12A7.6	27.94	2.0747966977117	0
CSR1	T12A7.9	26.766	3.85184549780603	0
CSR1	T12B3.2	20.174	3.67621728179656	0
CSR1	T12B3.3	29.498	1.96658566361122	0
CSR1	T12B5.14	9.522	1.74060871068916	0
CSR1	T12B5.15	26.306	5.80588076646552	0
CSR1	T12C9.7	26.896	2.85993227342329	0
CSR1	T12D8.10	21.55	20.5164241516811	0
CSR1	T12D8.5	23.392	6.51728315740966	0
CSR1	T12D8.9	20.358	2.13898116856542	0
CSR1	T12E12.6	29.356	2.7312916594341	0
CSR1	T12F5.2	26.032	5.85936464580934	0
CSR1	T12G3.11	18.298	16.8630829025436	0
CSR1	T12G3.2	21.36	4.64593117230535	0
CSR1	T12G3.4	28.254	2.02153845525267	0
CSR1	T12G3.6	22.314	11.0251338599509	0
CSR1	T13A10.1	25.622	5.6769630679114	0
CSR1	T13A10.2	23.606	12.2864948694478	0
CSR1	T13A10.64	9.228	8.61811687220728	0
CSR1	T13B5.9	27.468	6.86252611671613	0
CSR1	T13C2.2	21.52	3.27874007334215	0
CSR1	T13C2.3	22.23	3.00116127829436	0
CSR1	T13C2.7	22.172	8.87095466707317	0
CSR1	T13C5.10	12.202	2.69040660662917	0
CSR1	T13C5.2	22.698	15.9986172090729	0
CSR1	T13C5.3	15.586	2.30646569874466	0
CSR1	T13C5.6	28.954	1.05709707460393	0
CSR1	T13C5.7	22.234	3.47200245171575	0
CSR1	T13C5.9	19.318	23.6455730028577	0
CSR1	T13F2.2	13.624	27.8869135041902	0
CSR1	T13F2.4	27.87	2.3883028766358	0
CSR1	T13F2.6	21.772	3.57895985463331	0
CSR1	T13F3.4	25.804	2.03089259101072	0
CSR1	T13F3.6	16.836	19.5391387461727	0
CSR1	T13F3.8	18.718	22.5552503262813	0
CSR1	T13G4.1	14.97	5.99697515328457	0
CSR1	T13G4.4	29.222	0.890529966837266	0
CSR1	T13G4.7	19.4	7.8571480331746	0
CSR1	T13H10.2	27.446	5.59855942369538	0
CSR1	T13H5.1	7.24	10.1469995902109	0
CSR1	T13H5.8	25.972	5.47862695275919	0
CSR1	T14A8.2	17.534	6.30953404089803	0
CSR1	T14B1.1	21.16	6.47344520035207	0
CSR1	T14B4.1	29.006	3.79440246645759	0
CSR1	T14B4.19	20.88	8.49451350360647	0
CSR1	T14B4.20	15.734	1.38926126458606	0
CSR1	T14B4.3	24.158	14.2103909946911	0
CSR1	T14B4.5	27.064	2.29363563005795	0
CSR1	T14B4.8	22.462	4.27358333754243	0
CSR1	T14B4.9	15.704	2.28381461701255	0
CSR1	T14E8.2	22.73	9.67608847864655	0
CSR1	T14F9.2	26.144	5.8766892602394	0
CSR1	T14G10.8	24.328	4.3802666405377	0
CSR1	T14G11.1	20.874	22.2860079444702	0
CSR1	T14G12.11	15.654	3.05216917865542	0
CSR1	T14G12.12	21.062	4.80832298191983	0
CSR1	T14G12.6	20.902	3.99553484691021	0
CSR1	T14G8.2	27.794	3.7346813733022	0
CSR1	T14G8.3	21.13	8.19595559073053	0
CSR1	T14G8.4	25.67	4.81654102905763	0
CSR1	T14G8.6	24.492	4.749017636404	0
CSR1	T15B12.1	6.168	3.41122523635114	0
CSR1	T15B12.2	24.244	12.9134941204925	0
CSR1	T15B7.1	26.55	1.37179464041238	0
CSR1	T15B7.14	27.662	2.39897258859623	0
CSR1	T15B7.15	21.188	14.5138872586424	0
CSR1	T15B7.8	26.536	3.92161300357808	0
CSR1	T15D6.1	26.794	4.567201920797	0
CSR1	T15D6.10	26.434	9.93486282365765	0
CSR1	T15D6.11	16.652	22.1929761005008	0
CSR1	T15D6.12	19.59	3.2818938871791	0
CSR1	T15D6.5	23.222	3.39231183623781	0
CSR1	T15D6.8	3.702	7.97530147016067	1
CSR1	T15D6.9	28.582	2.91983689642332	0
CSR1	T15H9.4	21.568	3.64583300575818	0
CSR1	T15H9.5	22.212	13.4214354119701	0
CSR1	T16A1.10	15.31	3.76691596480633	0
CSR1	T16A1.2	28.622	3.19482676101694	0
CSR1	T16A1.4	4.744	5.74308243265117	1
CSR1	T16A1.5	22.18	14.3588811394249	0
CSR1	T16A9.3	27.066	1.1347516939778	0
CSR1	T16A9.5	29.248	3.02670738761169	0
CSR1	T16D1.1	27.02	1.72025088774124	0
CSR1	T16G1.13	22.276	4.70927300338316	0
CSR1	T16G1.18	19.414	17.7473595931522	0
CSR1	T16G1.2	11.148	45.2601724728174	0
CSR1	T16G1.3	18.794	3.87319659425391	0
CSR1	T16G1.4	24.458	9.90968176525857	0
CSR1	T16G1.5	22.192	4.35481810206582	0
CSR1	T16G1.6	23.354	0.475466871370773	0
CSR1	T16G1.7	24.636	1.24700958338576	0
CSR1	T16G1.9	29.44	1.09620513336311	0
CSR1	T16G12.1	28.412	5.16244868924084	0
CSR1	T16G12.10	23.674	10.8460320308691	0
CSR1	T16G12.12	21.016	12.3768143365221	0
CSR1	T16G12.13	26.39	1.16147268844214	0
CSR1	T16G12.3	18.262	12.5018258751151	0
CSR1	T16G12.4	16.922	38.4433286912472	0
CSR1	T16G12.6	27.122	5.67154340645674	0
CSR1	T16G12.7	29.16	2.41313085136191	0
CSR1	T16G12.8	26.24	9.43560928108011	0
CSR1	T16G12.9	18.844	1.50546578021627	0
CSR1	T16H12.1	20.33	2.71049907927124	0
CSR1	T16H12.13	27.02	4.07105847520355	0
CSR1	T16H12.2	20.346	26.0369771196726	0
CSR1	T16H12.3	4.73	5.86656952452922	1
CSR1	T16H12.9	22.782	3.62910596933087	0
CSR1	T17A3.12	21.726	13.1087386753341	0
CSR1	T17H7.7	21.532	9.53397987356629	0
CSR1	T18D3.1	15.23	1.75755204390337	0
CSR1	T18D3.5	23.568	3.52611803564197	0
CSR1	T18D3.6	18.808	5.98089462440158	0
CSR1	T18D3.9	22.386	0.86539181404251	0
CSR1	T19A5.3	12.736	4.06725652852871	0
CSR1	T19A6.1	11.598	5.63827040339553	0
CSR1	T19A6.4	9.132	3.73233907733238	0
CSR1	T19B10.12	21.512	8.27134313443976	0
CSR1	T19B10.2	22.142	3.0620073861332	0
CSR1	T19B10.5	4.478	2.99357366296341	1
CSR1	T19B4.3	25.688	9.47992955288135	0
CSR1	T19B4.5	3.974	6.92935266790308	1
CSR1	T19C3.2	26.466	3.61207099995618	0
CSR1	T19C3.3	22.546	4.47298435567967	0
CSR1	T19C3.4	21.87	5.5974997273048	0
CSR1	T19C3.5	25.184	15.8313363923372	0
CSR1	T19C3.6	28.19	3.09536138465746	0
CSR1	T19C3.7	24.11	16.9513612925923	0
CSR1	T19C4.1	20.646	3.28998152639857	0
CSR1	T19C4.24	10.198	1.82320155315099	0
CSR1	T19C4.5	26.196	5.79289901263742	0
CSR1	T19C9.10	21.302	27.6000359544197	0
CSR1	T19C9.8	21.998	2.64274876258324	0
CSR1	T19D12.1	25.78	12.3878787928702	0
CSR1	T19D12.10	27.656	4.49483987880068	0
CSR1	T19D12.2	26.306	6.98434718438567	0
CSR1	T19D12.4	26.756	4.17282508261788	0
CSR1	T19D12.5	28.934	1.31596873263634	0
CSR1	T19D12.6	19.878	11.3590198673831	0
CSR1	T19D12.9	23.1	3.96984095250787	0
CSR1	T19D2.13	14.62	13.5624231580893	0
CSR1	T19D2.3	14.924	1.63966699750016	0
CSR1	T19D7.5	19.882	11.3943733987314	0
CSR1	T19D7.6	23.456	7.7529166391018	0
CSR1	T19D7.7	23.164	22.0723102247182	0
CSR1	T19E7.6	28.346	2.45730838333218	0
CSR1	T19H12.12	19.088	1.14022685658018	0
CSR1	T19H12.15	23.47	3.55064621499787	0
CSR1	T19H12.2	15.514	8.67726519637962	0
CSR1	T19H12.3	2.634	1.6678726375466	1
CSR1	T19H12.6	17.658	1.05978204753214	0
CSR1	T19H5.4	19.354	1.47894063174517	0
CSR1	T19H5.6	26.692	6.85175796711684	0
CSR1	T19H5.7	24.566	6.64420860004798	0
CSR1	T20B12.3	26.528	3.71954857246658	0
CSR1	T20B12.4	27.276	3.03728684782635	0
CSR1	T20B12.5	27.95	2.38321323554646	0
CSR1	T20B12.7	20.67	12.5687971052139	0
CSR1	T20B3.1	28.14	4.84582983300305	0
CSR1	T20B3.14	23.512	4.82506396223993	0
CSR1	T20B5.2	16.27	20.0074916204644	0
CSR1	T20D3.14	23.218	5.56832385779009	0
CSR1	T20D3.5	22.762	3.02601499364506	0
CSR1	T20D3.6	25.198	3.34378722404165	0
CSR1	T20D4.10	10.498	5.41345490423963	0
CSR1	T20D4.11	27.028	7.14943137593388	0
CSR1	T20D4.12	21.41	21.0867635129092	0
CSR1	T20D4.15	18.502	21.2820415737621	0
CSR1	T20D4.19	21.208	2.26044630624094	0
CSR1	T20D4.3	27.652	2.55734224261876	0
CSR1	T20D4.7	7.324	10.6177481890073	0
CSR1	T20F10.2	19.948	10.4303877251763	0
CSR1	T20F5.4	10.76	54.7491250593698	0
CSR1	T20F5.5	18.984	7.59379868569615	0
CSR1	T20F5.6	20.892	15.8467974064816	0
CSR1	T20F5.7	19.25	15.2767465335952	0
CSR1	T20F5.8	17.508	4.37388992143113	0
CSR1	T20F7.1	22.218	5.50756462030422	0
CSR1	T20F7.3	28.002	1.35948716396659	0
CSR1	T20G5.12	25.492	13.6502819495277	0
CSR1	T20G5.13	5.854	4.63683978881409	0
CSR1	T20G5.8	17.442	2.3335959047598	0
CSR1	T20G5.9	22.43	11.0247552553529	0
CSR1	T20H4.5	27.51	1.69877447408912	0
CSR1	T21B10.3	13.756	9.72282273206856	0
CSR1	T21B10.4	20.23	13.4149032376293	0
CSR1	T21B4.15	9.854	2.18079280855845	0
CSR1	T21B6.3	25.658	7.63264688727749	0
CSR1	T21C12.4	18.246	19.3978198348273	0
CSR1	T21C12.8	18.184	4.61708820493933	0
CSR1	T21C9.11	22.724	14.2880247441803	0
CSR1	T21C9.13	21.028	9.17179285612729	0
CSR1	T21C9.6	27.384	3.67039871777376	0
CSR1	T21C9.9	16.488	5.30704581457959	0
CSR1	T21D12.11	24.456	2.9441479924433	0
CSR1	T21D12.12	20.518	20.5155704900276	0
CSR1	T21D12.14	23.884	2.3290249776345	0
CSR1	T21D12.7	27.098	2.3691957815344	0
CSR1	T21D9.2	12.578	0.571654571863492	0
CSR1	T21E12.5	20.872	20.7242242206896	0
CSR1	T21E3.2	20.77	21.20356838448	0
CSR1	T21E8.4	22.736	10.7593153057757	0
CSR1	T21E8.5	9.62	5.66456536711507	0
CSR1	T21E8.6	22.32	1.98426634299091	0
CSR1	T21E8.7	17.572	38.8364666771583	0
CSR1	T21G5.1	5.978	3.21639082496734	0
CSR1	T21G5.12	8.694	2.35387664914405	0
CSR1	T21G5.2	28.182	6.97072512822478	0
CSR1	T21H3.1	28.574	3.23163272888351	0
CSR1	T21H3.5	5.712	5.04280699145804	0
CSR1	T22A3.12	12.81	2.02741122766909	0
CSR1	T22A3.6	6.422	7.39882602093271	0
CSR1	T22B2.1	25.702	18.7162440412752	0
CSR1	T22B2.2	23.586	8.35045373058742	0
CSR1	T22B2.3	24.568	14.7925586968286	0
CSR1	T22B2.5	20.506	1.80289955703952	0
CSR1	T22B3.3	25.232	12.6409799921166	0
CSR1	T22B7.22	6.518	4.6349992599214	0
CSR1	T22B7.3	25.764	11.5131519655233	0
CSR1	T22B7.4	20.494	1.35470308910971	0
CSR1	T22B7.7	25.19	12.1299886518175	0
CSR1	T22B7.8	19.088	5.46936471676776	0
CSR1	T22C1.1	25.038	9.20348974357247	0
CSR1	T22C1.11	20.324	4.96335221334358	0
CSR1	T22C1.12	26.808	3.93104987539293	0
CSR1	T22C1.5	20.99	3.44011590253181	0
CSR1	T22C1.6	24.842	2.24675858401824	0
CSR1	T22C1.8	22.168	3.8302937704089	0
CSR1	T22C1.9	10.852	19.2220953118118	0
CSR1	T22C8.1	23.874	7.5902928248764	0
CSR1	T22C8.3	20.68	10.1456969047025	0
CSR1	T22C8.4	23.998	10.6399459877514	0
CSR1	T22C8.6	21.302	2.39193124801932	0
CSR1	T22D1.1	27.944	2.14798628679	0
CSR1	T22D1.17	21.988	0.469782117832152	0
CSR1	T22D1.18	18.262	7.29341485720133	0
CSR1	T22D1.3	13.404	13.473887396819	0
CSR1	T22D1.5	23.792	6.95465291109732	0
CSR1	T22D1.8	27.298	3.85439936989088	0
CSR1	T22E5.1	24.916	2.23183707637288	0
CSR1	T22E5.6	19.636	1.90775341295852	0
CSR1	T22F3.10	26.442	6.57328555685931	0
CSR1	T22F3.11	21.552	14.6643192339415	0
CSR1	T22F3.12	26.896	5.63955883249993	0
CSR1	T22F3.2	25.544	19.0482860753069	0
CSR1	T22F3.7	17.314	5.12191801915966	0
CSR1	T22F3.8	13.968	2.38757607867695	0
CSR1	T22F7.1	26.372	20.755371879348	0
CSR1	T22F7.3	25.074	12.4396397031669	0
CSR1	T22F7.4	18.056	4.376433502201	0
CSR1	T22G5.1	27.614	2.55742806041432	0
CSR1	T22G5.3	28.85	1.67331897605564	0
CSR1	T22H2.4	25.468	2.39892517556797	0
CSR1	T22H9.1	19.582	6.6175427086923	0
CSR1	T23B12.11	27.27	3.28644759844636	0
CSR1	T23B12.5	16.998	19.5468720606556	0
CSR1	T23B12.6	27.004	2.91558503791114	0
CSR1	T23B3.1	23.702	7.23204061880232	0
CSR1	T23B3.2	27.538	9.04399770088478	0
CSR1	T23B3.5	16.842	16.966994091881	0
CSR1	T23B3.6	25.422	2.30919455439875	0
CSR1	T23B3.8	23.532	3.57534466039956	0
CSR1	T23B5.3	23.59	6.2663216926475	0
CSR1	T23B5.4	21.984	11.5268106993407	0
CSR1	T23B7.2	15.346	21.7873758039868	0
CSR1	T23B7.3	20.876	10.1326723007306	0
CSR1	T23C6.4	19.672	6.9312415767624	0
CSR1	T23D5.3	21.216	5.00162899392368	0
CSR1	T23D5.8	29.34	1.78489720146914	0
CSR1	T23D8.3	17.596	4.97874152488911	0
CSR1	T23E1.1	18.884	1.37662325575264	0
CSR1	T23E1.3	23.184	5.83961978897487	0
CSR1	T23E7.2	22.722	11.1722413367611	0
CSR1	T23E7.6	10.182	3.8147699460568	0
CSR1	T23F11.11	30.27	0.800058211979674	0
CSR1	T23F11.2	21.756	14.8799753849967	0
CSR1	T23F11.4	23.338	14.9877669504024	0
CSR1	T23F11.6	27.172	2.3912340065479	0
CSR1	T23F2.2	24.744	7.68631458090166	0
CSR1	T23F2.3	29.01	2.82229936504988	0
CSR1	T23F2.4	29.35	2.19464162387569	0
CSR1	T23F2.5	28.786	3.25043730392732	0
CSR1	T23F4.2	4.024	7.42746638471018	1
CSR1	T23F6.2	27.06	2.29105571362917	0
CSR1	T23F6.3	21.684	9.05629398910659	0
CSR1	T23F6.5	23.988	15.8507788869813	0
CSR1	T23G11.1	25.338	13.3352802507945	0
CSR1	T23G11.10	20.526	2.66233310560508	0
CSR1	T23G11.11	27.484	0.75956277605358	0
CSR1	T23G11.4	17.23	8.95004488634433	0
CSR1	T23G11.7	28.534	2.38062097941245	0
CSR1	T23G4.127	6.068	37.2553886643549	0
CSR1	T23G4.2	26.256	2.98543515423384	0
CSR1	T23G5.2	18.612	5.87113206835315	0
CSR1	T23G5.3	24.364	6.03869709598448	0
CSR1	T23G7.2	28.99	0.897192604597443	0
CSR1	T23G7.3	28.57	5.42408559085289	0
CSR1	T23H2.3	27.314	6.36391773336257	0
CSR1	T24A6.1	22.092	6.54849167165607	0
CSR1	T24A6.16	26.81	5.08957316559965	0
CSR1	T24A6.20	29.554	1.6111583448197	0
CSR1	T24A6.7	23.342	13.109710507589	0
CSR1	T24B1.1	24.25	16.358586689765	0
CSR1	T24B8.3	13.46	3.32876178561959	0
CSR1	T24B8.4	19.856	7.49883885105436	0
CSR1	T24C12.1	20.124	22.0109529348726	0
CSR1	T24C12.3	28.564	1.22296571266911	0
CSR1	T24C12.4	15.808	21.7929421923744	0
CSR1	T24C2.3	18.122	22.1705352172429	0
CSR1	T24C2.5	19.978	3.17788537904138	0
CSR1	T24C4.10	5.898	4.88671866713141	0
CSR1	T24C4.2	5.988	5.26701150851581	0
CSR1	T24C4.3	13.464	60.8700482849635	0
CSR1	T24C4.5	22.348	17.3997602686691	0
CSR1	T24D1.2	18.354	4.42908635529208	0
CSR1	T24D1.3	22.658	1.7936760609721	0
CSR1	T24D1.7	12.716	8.911564952436	0
CSR1	T24D3.2	14.186	12.1664227794506	0
CSR1	T24D5.1	21.442	3.79735890924979	0
CSR1	T24D5.2	24.624	8.65774911953187	0
CSR1	T24D5.3	20.978	2.40017015953996	0
CSR1	T24D5.4	14.128	4.76643411451992	0
CSR1	T24D5.6	16.25	6.11727595329469	0
CSR1	T24D8.6	22.356	4.85061308640438	0
CSR1	T24E12.1	19.808	11.5771446880804	0
CSR1	T24E12.10	22.32	4.67358550771517	0
CSR1	T24E12.11	20.224	6.64381080977171	0
CSR1	T24E12.12	22.172	5.55362102606737	0
CSR1	T24E12.13	26.05	2.49977434225326	0
CSR1	T24E12.2	25.304	11.9503229563493	0
CSR1	T24E12.3	24.528	13.1415969763737	0
CSR1	T24E12.6	17.33	3.88652884139285	0
CSR1	T24F1.4	22.994	8.7415514397161	0
CSR1	T24F1.7	19.602	6.18509628305982	0
CSR1	T24G10.2	25.9	11.1796898585317	0
CSR1	T24H10.1	16.992	5.11369390583613	0
CSR1	T24H10.4	15.868	3.01028129060809	0
CSR1	T24H10.5	26.19	2.97370446614241	0
CSR1	T24H7.2	27.612	2.53142773110682	0
CSR1	T24H7.8	25.136	5.20158673207769	0
CSR1	T24H7.9	17.618	3.72361172733738	0
CSR1	T25B2.1	25.884	11.4042550174878	0
CSR1	T25B2.2	22.536	10.703966282989	0
CSR1	T25B2.3	8.216	6.75352183535115	0
CSR1	T25B2.4	6.318	1.98763312136126	0
CSR1	T25B6.1	17.654	3.60851862972344	0
CSR1	T25B6.3	15.48	24.7663415892201	0
CSR1	T25B6.4	21.986	0.486269344524852	0
CSR1	T25B6.5	26.416	1.45402915687838	0
CSR1	T25B6.6	23.926	18.7672336485603	0
CSR1	T25B9.1	28.508	4.17658019197419	0
CSR1	T25B9.11	21.76	8.07621516588738	0
CSR1	T25B9.12	25.548	7.42251565866215	0
CSR1	T25B9.2	29.174	4.08872742111888	0
CSR1	T25B9.3	28.112	3.4701755486692	0
CSR1	T25B9.4	26.382	5.27510743030137	0
CSR1	T25B9.5	18.624	36.840152322331	0
CSR1	T25B9.6	17.65	2.29723908585986	0
CSR1	T25B9.8	23.79	11.2903439340173	0
CSR1	T25B9.9	24.89	4.33341518150286	0
CSR1	T25C12.3	29.446	2.06190679752227	0
CSR1	T25D1.1	24.45	9.12464263036571	0
CSR1	T25D1.2	20.648	7.98348293136411	0
CSR1	T25D1.3	26.218	8.25851794112678	0
CSR1	T25D10.1	28.58	1.5661467331935	0
CSR1	T25D10.4	20.994	9.03606693433218	0
CSR1	T25D3.3	29.51	0.902942229378125	0
CSR1	T25D3.4	26.408	3.2804328836415	0
CSR1	T25E12.14	25.88	3.29913048008293	0
CSR1	T25E12.16	20.688	12.9901403263063	0
CSR1	T25E12.6	23.278	5.85555198638618	0
CSR1	T25E4.1	24.91	10.5400200574585	0
CSR1	T25E4.2	28.61	1.87674152515327	0
CSR1	T25F10.1	20.798	9.95052218360776	0
CSR1	T25F10.3	21.662	13.5918221695342	0
CSR1	T25F10.4	28.726	2.43714005077206	0
CSR1	T25G12.11	22.384	8.57206236432517	0
CSR1	T25G12.13	20.428	12.1030040454105	0
CSR1	T25G12.3	23.534	2.97815084886161	0
CSR1	T25G12.6	26.074	4.61693228219863	0
CSR1	T25G3.1	18.68	6.38325777736276	0
CSR1	T25G3.3	26.35	2.47422613905838	0
CSR1	T26A5.2	25.344	5.30646993803869	0
CSR1	T26A5.6	12.516	2.4772162297943	0
CSR1	T26A5.8	11.21	4.95756241071776	0
CSR1	T26A8.3	23.79	1.02360619267641	0
CSR1	T26A8.4	17.82	3.19052070307516	0
CSR1	T26C11.2	12.004	15.9575935480543	0
CSR1	T26C11.4	18.432	21.9314049826104	0
CSR1	T26C11.8	15.364	52.4477906475522	0
CSR1	T26C11.9	24.258	3.86869006014344	0
CSR1	T26C12.1	29.862	1.4864019494578	0
CSR1	T26C12.2	23.22	8.45334969823204	0
CSR1	T26C12.3	27.902	2.85779951361898	0
CSR1	T26C5.2	23.232	2.81706960568031	0
CSR1	T26C5.3	21.992	2.84519639116209	0
CSR1	T26C5.4	19.484	5.30908717011165	0
CSR1	T26C5.5	28.066	2.70187175073522	0
CSR1	T26E3.10	24.032	5.11270926394695	0
CSR1	T26E3.4	17.962	3.04206431772461	0
CSR1	T26E3.5	26.55	4.51113424075726	0
CSR1	T26E3.6	14.59	41.5280306800136	0
CSR1	T26E3.7	26.432	5.6586099807458	0
CSR1	T26E3.8	25.908	7.43629551776862	0
CSR1	T26E4.10	18.078	18.997408270618	0
CSR1	T26E4.18	19.76	5.02556100551482	0
CSR1	T26E4.2	29.384	0.739601966896954	0
CSR1	T26E4.3	26.914	2.97040969415269	0
CSR1	T26E4.4	26.424	3.2170620161546	0
CSR1	T26E4.7	2.328	3.64993913853059	1
CSR1	T26E4.9	21.176	5.16729199883089	0
CSR1	T26G10.1	20.194	3.10409670064179	0
CSR1	T26G10.3	17.316	30.4481011477571	0
CSR1	T26G10.4	17.012	4.82001943988379	0
CSR1	T26G10.5	16.14	17.3659517105152	0
CSR1	T26G10.8	22.37	5.16688883739266	0
CSR1	T26H10.2	21.312	6.08135985462855	0
CSR1	T26H5.10	18.444	26.7059484678551	0
CSR1	T26H5.11	15.788	28.3056417401597	0
CSR1	T26H5.14	20.976	6.50482585364088	0
CSR1	T26H5.4	24.994	10.0044248571784	0
CSR1	T26H5.8	20.718	30.453498173474	0
CSR1	T26H5.9	22.752	4.28262067216896	0
CSR1	T26H8.4	28.836	2.79478159244017	0
CSR1	T26H8.5	27.892	2.7500817485717	0
CSR1	T27A1.1	24.75	6.20586857867898	0
CSR1	T27A1.2	28.512	1.45212185919133	0
CSR1	T27A1.3	27.052	4.73634743101703	0
CSR1	T27A10.2	20.262	24.4355601797511	0
CSR1	T27A10.5	24.538	4.52372455409442	0
CSR1	T27A10.6	19.636	1.25191047619901	0
CSR1	T27A3.5	26.394	18.9746583426087	0
CSR1	T27A3.8	23.984	7.88089323267798	0
CSR1	T27A8.2	19.498	1.09423615575707	0
CSR1	T27A8.3	23.998	6.06435830501051	0
CSR1	T27A8.7	23.246	2.81721286941039	0
CSR1	T27C10.8	17.698	6.89683755416991	0
CSR1	T27C10.9	18.832	2.08566375641893	0
CSR1	T27C5.10	28.578	2.66254035260802	0
CSR1	T27C5.12	6.908	3.59925131063203	0
CSR1	T27D12.6	21.542	4.35187385789302	0
CSR1	T27E4.1	27.214	3.4253110481178	0
CSR1	T27E4.5	23.042	4.53798864090133	0
CSR1	T27E4.7	21.512	2.05942590831892	0
CSR1	T27E7.1	19.476	31.3168243467994	0
CSR1	T27E7.3	25.37	7.16326154742369	0
CSR1	T27E7.4	17.846	3.06726824528601	0
CSR1	T27E7.5	23.636	13.3023109707799	0
CSR1	T27E7.9	22.494	14.4781752615119	0
CSR1	T27E9.2	17.512	5.83204651033557	0
CSR1	T27E9.6	18.204	4.80869152767083	0
CSR1	T27F2.1	21.078	5.59246147326604	0
CSR1	T27F6.1	21.058	2.06132456290575	0
CSR1	T27F6.10	23.97	6.01301143306986	0
CSR1	T27F6.6	11.918	5.96133306185781	0
CSR1	T27F6.7	9.91	5.87308109325066	0
CSR1	T27F6.8	24.892	1.37397064043601	0
CSR1	T27F7.12	17.004	3.88958427795316	0
CSR1	T28A11.13	15.186	8.94563709779906	0
CSR1	T28A11.16	26.888	4.93436355369876	0
CSR1	T28A11.17	27.866	3.78946919010834	0
CSR1	T28A11.18	27.606	2.10701084379787	0
CSR1	T28A11.19	26.33	6.38981658247003	0
CSR1	T28A11.2	22.796	5.98026318988569	0
CSR1	T28A11.20	27.494	1.02636168136782	0
CSR1	T28A11.22	23.6	5.32441852546365	0
CSR1	T28A11.25	22.272	6.22973660594219	0
CSR1	T28A11.3	22.378	5.44155405911236	0
CSR1	T28A11.4	20.722	1.38836868097963	0
CSR1	T28A8.2	26.94	4.80299973212324	0
CSR1	T28A8.3	19.366	12.3295225070552	0
CSR1	T28A8.4	22.302	10.5010667527208	0
CSR1	T28A8.5	23.256	9.17987771553242	0
CSR1	T28A8.6	20.938	2.76274468427482	0
CSR1	T28A8.8	22.108	2.90658818212201	0
CSR1	T28B11.1	10.05	8.51400638623979	0
CSR1	T28B8.1	20.532	5.76540282445495	0
CSR1	T28B8.3	20.194	2.07823337792773	0
CSR1	T28B8.4	28.808	1.76598011082917	0
CSR1	T28C12.1	27.976	5.26874605418295	0
CSR1	T28C12.15	23.136	7.93919630188345	0
CSR1	T28C12.2	26.418	5.21927933037939	0
CSR1	T28C12.6	21.152	3.06505724372565	0
CSR1	T28C6.10	27.838	1.97659817443435	0
CSR1	T28C6.11	21.868	10.993568804465	0
CSR1	T28C6.3	15.65	20.1058250190292	0
CSR1	T28C6.5	26.97	9.89770132437045	0
CSR1	T28C6.8	18.776	18.7210141125358	0
CSR1	T28D6.4	26.938	5.84469061758745	0
CSR1	T28D6.5	21.198	4.44107529724145	0
CSR1	T28D6.6	25.76	11.9263288924082	0
CSR1	T28D6.7	16.988	8.55747259044828	0
CSR1	T28D9.1	19.644	9.24647864268662	0
CSR1	T28D9.11	21.292	7.49599964721419	0
CSR1	T28D9.16	3.992	3.7591846657924	1
CSR1	T28D9.4	20.898	5.54224547579533	0
CSR1	T28F12.1	16.102	3.17077703206991	0
CSR1	T28F2.1	23.014	4.57397144885447	0
CSR1	T28F2.2	16.386	3.01997750322557	0
CSR1	T28F3.11	19.654	15.0633662471238	0
CSR1	T28F3.5	29.81	1.91945246573901	0
CSR1	T28F3.8	26.73	3.99213943423364	0
CSR1	T28F3.9	20.39	4.49505843953677	0
CSR1	T28F4.1	10.634	23.7324951444821	0
CSR1	T28F4.3	20.554	7.45688032838281	0
CSR1	T28F4.4	27.23	1.37016218187129	0
CSR1	T28F4.5	2.892	1.57321067303974	1
CSR1	T28F4.8	17.72	3.70660538909098	0
CSR1	T28H10.1	24.238	2.65196390625786	0
CSR1	T28H10.2	19.488	1.88901073314344	0
CSR1	T28H11.7	25.472	9.25373162397415	0
CSR1	T28H11.8	24.946	4.82811281460955	0
CSR1	VB0395L.1	29.128	0.188665636693686	0
CSR1	VC5.2	23.01	13.0366144606461	0
CSR1	VF13D12L.3	28.276	4.48814042338919	0
CSR1	VM106R.1	25.608	10.1454294365285	0
CSR1	VW02B12L.2	26.214	4.02041565961806	0
CSR1	VY10G11R.1	27.14	2.9993852942424	0
CSR1	VZK822L.2	17.72	25.7945745897837	0
CSR1	W01A11.1	29.074	2.7653873096943	0
CSR1	W01A11.7	15.896	43.8601564572558	0
CSR1	W01A8.2	24.546	12.7649873465199	0
CSR1	W01A8.6	27.562	4.70737789028614	0
CSR1	W01A8.8	23.532	9.23877110421469	0
CSR1	W01B11.1	18.768	25.8099078724159	0
CSR1	W01B11.6	26.978	1.36631877883681	0
CSR1	W01B6.3	20.114	20.2476249029961	0
CSR1	W01B6.4	25.808	7.79827165530452	0
CSR1	W01B6.5	26.802	5.02451297288507	0
CSR1	W01B6.6	16.896	1.9089537145099	0
CSR1	W01B6.8	9.236	73.522996122488	0
CSR1	W01C8.1	25.448	8.12746408654526	0
CSR1	W01C9.1	21.07	11.6700127786609	0
CSR1	W01C9.2	22.05	2.62706021731715	0
CSR1	W01D2.3	24.81	11.1732529365566	0
CSR1	W01D2.6	27.036	10.1427855213164	0
CSR1	W01F3.2	23.342	4.94360697469742	0
CSR1	W01G7.4	12.328	21.0549485736143	0
CSR1	W01H2.2	20.436	13.8529344982623	0
CSR1	W02A11.1	23.894	13.4248335430208	0
CSR1	W02A2.12	12.754	28.8872626372936	0
CSR1	W02A2.8	25.11	11.8062479870904	0
CSR1	W02A2.9	28.818	2.36032514553194	0
CSR1	W02B12.1	27.814	1.86429999930975	0
CSR1	W02B12.11	25.642	4.88886517397264	0
CSR1	W02B12.12	25.132	10.5219071639544	0
CSR1	W02B12.13	13.328	3.83219045680775	0
CSR1	W02B12.16	25.864	6.90343926173489	0
CSR1	W02B3.3	19.058	12.275583542927	0
CSR1	W02B3.4	18.186	3.8354614807095	0
CSR1	W02B3.7	21.824	7.66738002776169	0
CSR1	W02B8.1	22.728	6.88963723696053	0
CSR1	W02C12.2	20.33	3.5764053809375	0
CSR1	W02D3.12	21.606	4.70814295853594	0
CSR1	W02D3.13	11.626	8.22696936981056	0
CSR1	W02D3.4	16.636	1.74920823384148	0
CSR1	W02D7.11	24.836	4.36755424302111	0
CSR1	W02D7.12	26.614	6.4377351981894	0
CSR1	W02D7.4	25.25	10.8097774764009	0
CSR1	W02D7.5	25.868	12.4152764862698	0
CSR1	W02D7.6	17.912	8.3900216684481	0
CSR1	W02D7.8	16.946	2.39870725876347	0
CSR1	W02D9.2	13.856	30.2872216458797	0
CSR1	W02D9.4	24.416	12.3064503499986	0
CSR1	W02D9.6	17.494	3.3678826605787	0
CSR1	W02D9.7	18.218	8.63866286050472	0
CSR1	W02D9.8	27.21	8.28293165784187	0
CSR1	W02D9.9	22.16	14.2316243355454	0
CSR1	W02F12.2	27.654	3.41962749705152	0
CSR1	W02F12.4	26.94	6.37002844171324	0
CSR1	W02F12.8	13.128	13.6376806326755	0
CSR1	W02G9.3	11.59	63.9519187917932	0
CSR1	W02G9.4	25.784	6.69716729011095	0
CSR1	W02H3.1	26.418	2.29680572979147	0
CSR1	W02H3.3	26.122	6.7357340712272	0
CSR1	W02H5.11	24.998	7.00469629671498	0
CSR1	W02H5.19	17.642	20.3308194351489	0
CSR1	W02H5.2	18.56	24.0022500911512	0
CSR1	W02H5.8	26.702	4.48845556537645	0
CSR1	W03A5.1	25.806	8.92198494810216	0
CSR1	W03A5.2	3.164	3.64903979705982	1
CSR1	W03B1.3	21.418	19.4787112859	0
CSR1	W03B1.5	24.528	7.06978197527956	0
CSR1	W03B1.9	22.86	13.3726325792287	0
CSR1	W03C9.1	18.728	2.89458445727428	0
CSR1	W03C9.2	27.692	1.58446847787421	0
CSR1	W03C9.5	26.416	2.1724440044198	0
CSR1	W03C9.6	26.076	12.3871244162511	0
CSR1	W03C9.8	10.402	1.60203164487379	0
CSR1	W03D2.9	26.27	2.96721359267683	0
CSR1	W03D8.1	16.48	2.09893574713931	0
CSR1	W03D8.11	27.654	3.3927546850243	0
CSR1	W03D8.14	16.74	3.86241255595919	0
CSR1	W03D8.2	28.912	3.32810386084328	0
CSR1	W03D8.3	13.904	4.80117405897483	0
CSR1	W03D8.5	23.8	15.2129564584244	0
CSR1	W03D8.7	28.016	0.697448000097225	0
CSR1	W03D8.8	4.726	8.7109497879784	1
CSR1	W03D8.9	27.47	17.1448373720655	0
CSR1	W03F11.4	23.396	26.0787461518107	0
CSR1	W03F11.5	21.88	4.15616047688991	0
CSR1	W03F8.3	8.752	10.9252133253601	0
CSR1	W03F8.4	28.99	1.57640943115072	0
CSR1	W03F8.6	25.41	1.22411105981864	0
CSR1	W03F9.1	21.122	5.66244946045724	0
CSR1	W03F9.11	18.424	38.1008049335042	0
CSR1	W03F9.2	23.95	8.79422541908918	0
CSR1	W03F9.4	29.988	1.59008037950509	0
CSR1	W03F9.9	29.294	1.18612080345124	0
CSR1	W03G1.2	22.56	24.8270679089008	0
CSR1	W03G1.5	10.614	1.97357768573977	0
CSR1	W03G11.2	19.64	3.09817574879354	0
CSR1	W03G11.3	4.874	2.91096083670685	1
CSR1	W03G11.4	18.116	3.24145658413488	0
CSR1	W03G9.10	24.748	2.70146335078103	0
CSR1	W03G9.5	15.2	4.59279326771845	0
CSR1	W03G9.9	20.828	11.9576343713734	0
CSR1	W03H9.1	24.628	2.91748948678421	0
CSR1	W03H9.2	21.908	10.7625197955029	0
CSR1	W04A4.2	15.998	3.56168402234903	0
CSR1	W04A4.3	27.04	4.0750175627376	0
CSR1	W04A4.6	26.478	14.6112322528517	0
CSR1	W04A8.1	23.292	8.18226070252629	0
CSR1	W04A8.2	21.902	7.37841202565462	0
CSR1	W04A8.3	22.342	15.7861834505529	0
CSR1	W04A8.4	23.82	11.8356270075332	0
CSR1	W04A8.5	26.114	8.212069930732	0
CSR1	W04A8.6	20.81	11.533767788567	0
CSR1	W04A8.9	9.656	82.6964517221544	0
CSR1	W04B5.3	18.522	5.52564419856893	0
CSR1	W04B5.5	28.66	2.41006370402361	0
CSR1	W04B5.8	27.326	8.55011058561345	0
CSR1	W04B5.9	21.056	3.06732532820513	0
CSR1	W04C9.2	23.194	8.0733510553039	0
CSR1	W04C9.4	11.714	7.82004773879572	0
CSR1	W04C9.5	20.64	4.96188847056029	0
CSR1	W04C9.6	23.532	14.110092748743	0
CSR1	W04C9.9	19.674	5.16861165359092	0
CSR1	W04D12.1	21.428	9.0173829032407	0
CSR1	W04D2.4	18.354	3.09879602250187	0
CSR1	W04E12.2	23.532	2.42975176015365	0
CSR1	W04E12.3	19.422	2.49262565271646	0
CSR1	W04E12.4	12.398	4.97452360790879	0
CSR1	W04E12.5	16.282	2.45723799552746	0
CSR1	W04E12.7	23.492	11.7687287148153	0
CSR1	W04E12.9	27.58	1.66155753986797	0
CSR1	W04G3.10	24.264	1.33597285730475	0
CSR1	W04G3.11	24.968	1.45386645869855	0
CSR1	W04G3.12	24.484	5.78571038334676	0
CSR1	W04G3.13	27.036	3.94241210322712	0
CSR1	W04G3.5	24.988	6.14867508057524	0
CSR1	W04G3.7	19.758	1.73394601200903	0
CSR1	W04G5.10	28.338	2.26978155278591	0
CSR1	W04G5.16	24.072	4.55121446350297	0
CSR1	W04G5.3	2.204	1.52520293230232	1
CSR1	W04G5.4	26.952	3.85526751664841	0
CSR1	W04G5.5	17.418	16.1899648922137	0
CSR1	W04G5.7	26.34	4.55612502065306	0
CSR1	W04G5.8	25.596	3.36677538416197	0
CSR1	W04G5.9	24.266	10.8294550722427	0
CSR1	W04H10.1	15.038	7.47112581057108	0
CSR1	W04H10.2	22.47	4.39856351967226	0
CSR1	W04H10.5	9.562	5.81406237517006	0
CSR1	W04H10.6	18.81	6.91438605644191	0
CSR1	W05B10.3	25.38	9.79273976571086	0
CSR1	W05B10.4	22.846	16.8745350930741	0
CSR1	W05B10.6	13.496	5.1799960624507	0
CSR1	W05B2.2	9.294	4.44712567081679	0
CSR1	W05B5.1	18.456	3.59543594661791	0
CSR1	W05E10.2	22.958	4.60307252824803	0
CSR1	W05E10.5	18.484	7.17592175045694	0
CSR1	W05F2.3	19.556	18.3375352742953	0
CSR1	W05F2.4	21.21	11.0077212288094	0
CSR1	W05F2.6	23.894	17.3504068488175	0
CSR1	W05F2.7	24.83	11.6508114071518	0
CSR1	W05F2.8	16.878	12.646196119879	0
CSR1	W05H12.1	25.082	11.5846835122094	0
CSR1	W05H12.4	26.658	3.03517444086476	0
CSR1	W05H5.1	22.586	8.6339847407694	0
CSR1	W05H7.1	18.524	8.66831088305772	0
CSR1	W05H9.2	21.034	3.30897621659503	0
CSR1	W05H9.4	25.442	6.74350891145633	0
CSR1	W06A11.1	23.072	4.81818621680056	0
CSR1	W06A7.2	22.75	3.27288096158001	0
CSR1	W06A7.4	26.33	2.66750166162596	0
CSR1	W06B4.1	28.166	0.78615063884036	0
CSR1	W06B4.2	27.394	2.20822619007179	0
CSR1	W06D11.1	21.22	4.72277398594774	0
CSR1	W06D11.2	26.622	5.23712487646036	0
CSR1	W06D11.3	13.224	5.86886887825839	0
CSR1	W06D11.5	15.362	9.65551457400909	0
CSR1	W06D12.6	23.816	22.0830308595511	0
CSR1	W06D4.3	26.876	7.11044186183442	0
CSR1	W06E11.1	3.752	4.0787831420685	1
CSR1	W06F12.2	24.35	2.36219966693419	0
CSR1	W06F12.3	23.792	17.5202310323546	0
CSR1	W06G6.10	19.794	5.60156662534886	0
CSR1	W06G6.11	4.712	5.16232690533467	1
CSR1	W06G6.15	24.256	4.56741356259281	0
CSR1	W06G6.17	17.334	38.0902628809656	0
CSR1	W06G6.2	7.35	8.59622802662929	0
CSR1	W06G6.20	13.51	2.17571257686145	0
CSR1	W06G6.21	3.822	7.46118832972792	1
CSR1	W06G6.9	13.396	5.76410353827455	0
CSR1	W06H8.2	27.376	1.5367106573398	0
CSR1	W06H8.6	18.764	2.41137813656706	0
CSR1	W07A12.4	22.918	3.31450530244085	0
CSR1	W07A12.8	25.638	3.1828090271717	0
CSR1	W07B8.4	28.866	1.41094604350284	0
CSR1	W07E11.1	29.422	1.75284750783934	0
CSR1	W07E6.5	24.092	11.7495489229898	0
CSR1	W07G1.1	17.318	4.67336331423303	0
CSR1	W07G1.7	23.056	11.4824801002822	0
CSR1	W07G4.1	21.05	5.17313274597284	0
CSR1	W07G4.2	28.214	1.32014164398552	0
CSR1	W07G4.5	20.588	2.27651866516117	0
CSR1	W07G4.7	24.232	8.95654589863125	0
CSR1	W07G4.8	27.596	1.57133012506838	0
CSR1	W08A12.2	19.282	9.04297105572484	0
CSR1	W08A12.3	20.704	12.9484850339871	0
CSR1	W08D2.5	26.984	5.25020200487725	0
CSR1	W08E12.2	24.272	2.747654864192	0
CSR1	W08E12.4	22.274	9.43725310962554	0
CSR1	W08E12.6	21.894	16.7834040233788	0
CSR1	W08E12.7	28.56	3.6965073579057	0
CSR1	W08E12.9	19.56	19.272842011066	0
CSR1	W08E3.4	27.138	3.54633076088806	0
CSR1	W08F4.1	3.588	6.17698781591753	1
CSR1	W08F4.10	27.772	2.95057154908928	0
CSR1	W08F4.12	22.446	13.7715116563269	0
CSR1	W08F4.13	10.818	2.94529518521392	0
CSR1	W08F4.3	28.448	2.0350769268328	0
CSR1	W08F4.5	19.78	8.68204722617878	0
CSR1	W08F4.7	27.194	3.45122247255419	0
CSR1	W08G11.1	6.302	4.3980357228484	0
CSR1	W08G11.3	20.354	9.2162120427429	0
CSR1	W08G11.5	19.262	0.830164170481125	0
CSR1	W09B6.4	17.518	4.9450157378628	0
CSR1	W09C2.10	15.868	1.98357620429111	0
CSR1	W09C2.7	11.81	43.2431395733185	0
CSR1	W09C2.8	22.858	10.131188744442	0
CSR1	W09C2.9	11.736	2.15527165349415	0
CSR1	W09C3.1	16.256	18.5781938435893	0
CSR1	W09C3.2	21.47	5.78713313883052	0
CSR1	W09C3.3	28.234	1.9545313055092	0
CSR1	W09C3.4	27.342	4.92670529262438	0
CSR1	W09C3.7	25.396	9.51491767190347	0
CSR1	W09C3.8	16.464	3.02737808144862	0
CSR1	W09C5.1	17.218	6.4368451001615	0
CSR1	W09C5.12	26.756	4.27435966892743	0
CSR1	W09D10.4	25.878	4.72482285373638	0
CSR1	W09D10.5	21.028	13.8572027084309	0
CSR1	W09D6.1	28.36	2.39190257675007	0
CSR1	W09D6.4	19.274	7.95294327192852	0
CSR1	W09D6.5	22.51	3.45385973134172	0
CSR1	W09G10.9	13.276	16.7522098611936	0
CSR1	W09G12.10	17.39	3.05450222132705	0
CSR1	W09G12.6	25.152	6.94162766240581	0
CSR1	W09G12.7	16.536	5.5806175811099	0
CSR1	W09G12.8	19.684	8.38325847513163	0
CSR1	W09G12.9	20.398	18.5940044640697	0
CSR1	W09G3.1	28.734	2.10279983129168	0
CSR1	W09G3.6	9.646	3.271438823946	0
CSR1	W09G3.7	28.526	3.07578898864932	0
CSR1	W09G3.8	19.414	21.7599052943497	0
CSR1	W09H1.1	19.554	13.7717203876181	0
CSR1	W09H1.3	20.168	7.54487514763253	0
CSR1	W09H1.4	24.168	15.0056458539483	0
CSR1	W09H1.5	24.552	19.9355472830459	0
CSR1	W10C4.1	20.248	4.26472668134074	0
CSR1	W10C6.2	26.332	3.32348469087723	0
CSR1	W10C8.4	27.362	7.47238986361221	0
CSR1	W10C8.5	26.786	11.341644920624	0
CSR1	W10C8.6	28.068	8.04798713379206	0
CSR1	W10D9.1	21.758	17.4261367167081	0
CSR1	W10D9.3	27.918	8.5549906787985	0
CSR1	W10G11.1	27.898	1.80178833219623	0
CSR1	W10G11.19	23.464	4.53747723713302	0
CSR1	W10G11.2	23.598	6.55901011141434	0
CSR1	W10G11.3	27.416	2.15520950033907	0
CSR1	W10G11.4	25.262	5.75350750363289	0
CSR1	W10G6.1	24.794	5.28881385334232	0
CSR1	W10G6.6	2.574	3.87138249210664	1
CSR1	XG314	27.462	1.29880972801757	0
CSR1	Y102A11A.1	8.72	92.3447517926957	0
CSR1	Y102A11A.2	7.718	4.18684680187872	0
CSR1	Y102A11A.3	25.442	8.09319306069849	0
CSR1	Y102A11A.5	27.65	4.33227166419656	0
CSR1	Y102A11A.9	23.896	6.38758815651214	0
CSR1	Y102A5C.2	17.966	6.32803570076011	0
CSR1	Y102A5C.27	18.468	27.4664357556166	0
CSR1	Y102A5C.36	22.496	4.16936002151878	0
CSR1	Y102A5C.4	26.146	5.36182314330302	0
CSR1	Y102A5C.40	20.574	7.32200619040266	0
CSR1	Y102E9.3	26.576	4.2498416364398	0
CSR1	Y102E9.5	14.186	1.6959158757869	0
CSR1	Y102E9.6	25.618	2.25887864527681	0
CSR1	Y102F5A.1	19.312	25.3248133915439	0
CSR1	Y104H12D.2	27.484	2.93384295722506	0
CSR1	Y105C5A.1	12.546	2.52218434006871	0
CSR1	Y105C5A.10	18.832	2.5531086146315	0
CSR1	Y105C5A.1268	23.316	3.64740651634987	0
CSR1	Y105C5A.1269	26.444	4.74603627277321	0
CSR1	Y105C5A.1270	29.672	0.749590605312677	0
CSR1	Y105C5A.1272	4.972	6.63168061015322	1
CSR1	Y105C5A.1273	22.536	1.1410966420988	0
CSR1	Y105C5A.1274	25.318	2.86927636770097	0
CSR1	Y105C5A.1285	20.222	5.66526965973063	0
CSR1	Y105C5A.13	16.244	9.26732130032735	0
CSR1	Y105C5A.15	21.296	19.5323109616745	0
CSR1	Y105C5A.24	19.36	1.78183763539879	0
CSR1	Y105C5A.26	18.656	10.6442675348781	0
CSR1	Y105C5A.508	13.938	15.00419209642	0
CSR1	Y105C5A.8	15.77	4.53004343589529	0
CSR1	Y105C5A.9	22.442	4.1374703592606	0
CSR1	Y105C5B.1	22.06	0.879583314230833	0
CSR1	Y105C5B.11	21.386	4.69934764593243	0
CSR1	Y105C5B.1413	23.174	3.77468575699362	0
CSR1	Y105C5B.1418	18.692	28.3114032634846	0
CSR1	Y105C5B.15	28.224	1.3857942813811	0
CSR1	Y105C5B.17	27.794	4.43962346355059	0
CSR1	Y105C5B.18	28.244	0.326040629747097	0
CSR1	Y105C5B.19	23.382	4.35628798622756	0
CSR1	Y105C5B.20	26.23	5.15996390696389	0
CSR1	Y105C5B.25	28.572	0.81119891394754	0
CSR1	Y105C5B.3	28.138	3.36838953271476	0
CSR1	Y105C5B.5	28.012	2.92016833859978	0
CSR1	Y105C5B.8	21.536	2.48900313651373	0
CSR1	Y105C5B.9	5.896	5.1312627824201	0
CSR1	Y105E8A.1	19.726	11.6993231484089	0
CSR1	Y105E8A.11	17.6	49.1222838765036	0
CSR1	Y105E8A.13	27.65	3.22651818151045	0
CSR1	Y105E8A.14	27.944	3.0004259440641	0
CSR1	Y105E8A.2	16.68	8.93396014585735	0
CSR1	Y105E8A.20	28.158	4.32492937935562	0
CSR1	Y105E8A.21	25.848	11.3309237364217	0
CSR1	Y105E8A.27	16.89	7.32477200729255	0
CSR1	Y105E8A.28	20.618	6.71777279718171	0
CSR1	Y105E8A.32	24.33	11.6133799733044	0
CSR1	Y105E8B.11	20.99	2.26160284924591	0
CSR1	Y105E8B.6	27.164	3.86747811254372	0
CSR1	Y105E8B.7	25.658	4.82386607822638	0
CSR1	Y105E8B.9	28.824	4.05330136453507	0
CSR1	Y106G6A.4	19.248	20.5724640123978	0
CSR1	Y106G6D.1	27.778	2.01106004135663	0
CSR1	Y106G6D.2	24.606	11.6909288376237	0
CSR1	Y106G6D.3	15.688	28.6756460264935	0
CSR1	Y106G6D.4	26.852	9.72377675023524	0
CSR1	Y106G6D.5	27.156	8.73044451965969	0
CSR1	Y106G6D.6	25.234	4.92323238084875	0
CSR1	Y106G6D.8	24.44	10.8339601387924	0
CSR1	Y106G6E.1	23.454	7.51558500550522	0
CSR1	Y106G6E.4	16.904	2.64977167001994	0
CSR1	Y106G6E.8	23.298	7.10036496396144	0
CSR1	Y106G6G.1	20.258	4.98426710663544	0
CSR1	Y106G6G.2	17.452	2.05018809396023	0
CSR1	Y106G6G.4	13.408	17.469263163222	0
CSR1	Y106G6H.1	26.636	2.12850266329035	0
CSR1	Y106G6H.13	19.946	5.16352889011301	0
CSR1	Y106G6H.14	21.86	1.51410513846618	0
CSR1	Y106G6H.16	9.028	7.72488173360446	0
CSR1	Y106G6H.6	19.696	10.4930931304703	0
CSR1	Y106G6H.8	29.56	1.49444469628631	0
CSR1	Y106G6H.9	3.25	2.64686931293619	1
CSR1	Y108F1.5	22.118	3.44701442491515	0
CSR1	Y108G3AL.2	3.28	5.61753834533179	1
CSR1	Y10G11A.1	29.03	3.23298688990045	0
CSR1	Y110A2AL.1	16.806	7.17525364545289	0
CSR1	Y110A2AL.10	24.56	2.30633643181994	0
CSR1	Y110A2AL.2	25.628	4.81206329683074	0
CSR1	Y110A2AL.3	5.518	2.38157615092418	0
CSR1	Y110A2AL.4	9.56	5.13032394060832	0
CSR1	Y110A2AL.5	25.584	11.3969603929679	0
CSR1	Y110A2AL.6	23.846	16.6235890672436	0
CSR1	Y110A2AL.7	27.86	3.58991381461482	0
CSR1	Y110A2AL.9	26.644	2.35743969104518	0
CSR1	Y110A2AR.1	21.468	7.97496740916979	0
CSR1	Y110A7A.11	24.96	7.82820167689124	0
CSR1	Y110A7A.15	26.38	4.86029809507015	0
CSR1	Y110A7A.21	25.908	3.64516246396796	0
CSR1	Y110A7A.7	22.396	3.89136534886592	0
CSR1	Y110A7A.9	27.766	4.28177491162267	0
CSR1	Y111B2A.1	28.778	2.11816463606457	0
CSR1	Y111B2A.12	13.946	2.25990694534827	0
CSR1	Y111B2A.2	23.812	7.79544599078578	0
CSR1	Y111B2A.21	27.074	3.27570830309152	0
CSR1	Y113G7A.12	12.11	4.07897243112418	0
CSR1	Y113G7A.13	20.252	9.68777601885131	0
CSR1	Y113G7A.14	7.23	1.20180824322149	0
CSR1	Y113G7A.16	19.966	9.60947166847989	0
CSR1	Y113G7A.22	13.876	7.10463925892839	0
CSR1	Y113G7B.11	20.7	18.2162120405353	0
CSR1	Y113G7B.12	23.362	2.7826911272102	0
CSR1	Y113G7B.15	28.084	1.94616857230638	0
CSR1	Y113G7B.27	23.362	9.60985602704586	0
CSR1	Y113G7B.28	24.634	8.85275048855677	0
CSR1	Y113G7C.1	26.45	2.7357357300757	0
CSR1	Y116A8A.150	23.908	5.933053926421	0
CSR1	Y116A8A.2	26.448	1.25640898978015	0
CSR1	Y116A8A.4	22.504	5.05860830465393	0
CSR1	Y116A8A.6	21.47	2.42846933697787	0
CSR1	Y116A8A.7	25.326	22.8617378601293	0
CSR1	Y116A8B.1	25.274	9.25973544198997	0
CSR1	Y116A8B.4	22.176	5.49817088010419	0
CSR1	Y116A8C.10	23.982	17.3747716228626	0
CSR1	Y116A8C.11	27.982	4.335152029081	0
CSR1	Y116A8C.19	19.012	11.1529235816516	0
CSR1	Y116A8C.20	20.804	12.8665065708083	0
CSR1	Y116A8C.23	15.946	2.5583740825632	0
CSR1	Y116A8C.24	24.636	5.53182580159826	0
CSR1	Y116A8C.25	25.752	2.45416602762937	0
CSR1	Y116A8C.27	11.25	35.2365691075215	0
CSR1	Y116A8C.29	24.548	1.87441101635655	0
CSR1	Y116A8C.3	26.484	1.28784111138769	0
CSR1	Y116A8C.30	15.852	11.7965681213249	0
CSR1	Y116A8C.33	26.632	8.7923735856504	0
CSR1	Y116A8C.37	15.906	7.44923626862923	0
CSR1	Y116A8C.38	24.302	10.5152651250516	0
CSR1	Y116A8C.43	26.386	2.09382340571956	0
CSR1	Y116A8C.44	23.376	3.82406206117392	0
CSR1	Y116A8C.463	10.158	1.35767883505094	0
CSR1	Y116A8C.465	14.294	11.9853989471449	0
CSR1	Y116A8C.467	11.778	6.69461905287805	0
CSR1	Y116A8C.468	21.272	13.1405952851941	0
CSR1	Y116A8C.469	23.474	5.39349373142253	0
CSR1	Y116A8C.470	21.588	5.52955842573628	0
CSR1	Y116A8C.49	20.178	5.71567194415587	0
CSR1	Y116A8C.9	22.204	6.25256317590696	0
CSR1	Y116F11A.1	25.26	1.3322500926733	0
CSR1	Y116F11A.3	27.83	6.77004873106091	0
CSR1	Y116F11A.6	23.596	8.34406321140171	0
CSR1	Y116F11B.13	27.482	1.93323222756717	0
CSR1	Y116F11B.14	25.334	2.32094456113357	0
CSR1	Y116F11B.17	20.192	4.77422963575876	0
CSR1	Y116F11B.2	18.13	1.85290425066087	0
CSR1	Y116F11B.6	13.542	34.9988033685105	0
CSR1	Y116F11B.7	27.454	1.74697467936745	0
CSR1	Y116F11B.8	18.6	11.7017336325902	0
CSR1	Y116F11B.9	28.168	1.33859121249957	0
CSR1	Y119C1A.1	16.164	28.2768536818295	0
CSR1	Y119C1B.1	25.244	7.49130683248619	0
CSR1	Y119C1B.10	19.016	30.1479022000639	0
CSR1	Y119C1B.11	19.096	3.32820944532631	0
CSR1	Y119C1B.12	28.972	3.46026114121188	0
CSR1	Y119C1B.3	22.568	5.56810758777018	0
CSR1	Y119C1B.6	22.174	3.18580569417941	0
CSR1	Y119D3B.12	20.454	1.60691881724996	0
CSR1	Y119D3B.21	20.772	3.23829627941311	0
CSR1	Y11D7A.10	29.874	0.45566359579529	0
CSR1	Y11D7A.19	20.316	17.833031776035	0
CSR1	Y11D7A.3	25.488	13.2579035443969	0
CSR1	Y11D7A.5	28.394	3.75080068822728	0
CSR1	Y11D7A.7	24.858	2.09543754210086	0
CSR1	Y11D7A.8	12.766	6.74497333670318	0
CSR1	Y11D7A.9	26.174	1.1919368965226	0
CSR1	Y12A6A.1	27.774	3.06756648439742	0
CSR1	Y13C8A.1	16.442	3.78439278107421	0
CSR1	Y14H12A.1	26.4	14.4270949878621	0
CSR1	Y14H12A.2	21.386	4.26238482572181	0
CSR1	Y14H12A.5	28.336	1.59933901192392	0
CSR1	Y14H12B.1	24.612	7.79643684377489	0
CSR1	Y14H12B.2	23.394	4.25259360412662	0
CSR1	Y15E3A.3	26.076	2.4908839616073	0
CSR1	Y15E3A.4	24.762	6.32847812214353	0
CSR1	Y15E3A.5	15.596	0.657962222742513	0
CSR1	Y16B4A.2	29.082	0.941498181069085	0
CSR1	Y16E11A.4	27.178	3.90241698219748	0
CSR1	Y17D7B.10	18.578	4.98902083928231	0
CSR1	Y17D7B.2	21.446	3.77341491732017	0
CSR1	Y17D7B.3	23.61	13.6879850956112	0
CSR1	Y17D7B.4	18.824	24.8433861270657	0
CSR1	Y17D7C.1	21.984	15.5486065759006	0
CSR1	Y17D7C.2	25.82	4.57051095061537	0
CSR1	Y17D7C.6	16.9	3.74280818955467	0
CSR1	Y17G7B.12	28.144	5.11293971690347	0
CSR1	Y17G7B.17	20.146	8.74831636272264	0
CSR1	Y17G7B.18	17.052	22.8423809381863	0
CSR1	Y17G7B.20	4.808	3.26015402935436	1
CSR1	Y17G7B.21	16.772	4.65068459579931	0
CSR1	Y17G7B.22	11.782	4.20599388281696	0
CSR1	Y17G7B.23	24.618	2.71512128399979	0
CSR1	Y17G7B.3	26.904	5.14753753237512	0
CSR1	Y17G7B.8	12.594	1.98316567166329	0
CSR1	Y17G9A.2	26.494	5.93059218643438	0
CSR1	Y17G9A.3	19.332	1.28977408696676	0
CSR1	Y17G9A.4	26.562	3.65361836811059	0
CSR1	Y17G9B.11	27.824	5.7205683035204	0
CSR1	Y17G9B.2	20.384	4.91580613929572	0
CSR1	Y17G9B.4	25.756	2.11674188909255	0
CSR1	Y17G9B.5	24.408	14.4427097317328	0
CSR1	Y17G9B.8	17.648	1.49241756612837	0
CSR1	Y18D10A.11	10.19	3.78489907275307	0
CSR1	Y18D10A.2	28.168	1.52519208926964	0
CSR1	Y18D10A.21	20.988	9.04993284368796	0
CSR1	Y18D10A.23	25.368	5.44295136507432	0
CSR1	Y18D10A.3	27.234	4.75757299328876	0
CSR1	Y18D10A.4	26.034	10.3823073358016	0
CSR1	Y18D10A.9	25.88	6.07211856765244	0
CSR1	Y18H1A.11	17.874	7.153433525042	0
CSR1	Y18H1A.14	26.324	5.01001598742749	0
CSR1	Y18H1A.15	25.278	1.85877712546302	0
CSR1	Y18H1A.18	20.284	14.3807428852916	0
CSR1	Y18H1A.2	20.66	6.85706015222471	0
CSR1	Y18H1A.4	27.668	9.25533291363895	0
CSR1	Y18H1A.8	22.502	13.6372012380023	0
CSR1	Y18H1A.9	19.352	8.29105178193344	0
CSR1	Y19D10A.6	24.712	16.9814874521351	0
CSR1	Y19D10B.6	27.708	3.73581041836765	0
CSR1	Y19D10B.8	26.968	0.557696040062913	0
CSR1	Y19D2B.1	11.792	3.77083761289783	0
CSR1	Y19D2B.2	23.724	11.6555540716578	0
CSR1	Y1A5A.1	27.358	3.99872006378503	0
CSR1	Y1B5A.1	23.85	6.47306673003265	0
CSR1	Y20C6A.1	29.352	2.06525292505161	0
CSR1	Y20C6A.4	25.694	2.54374595471363	0
CSR1	Y20F4.4	22.542	2.64005783100649	0
CSR1	Y20F4.8	22.592	7.95858909960474	0
CSR1	Y22D7AL.1	24.038	14.8742316397416	0
CSR1	Y22D7AL.10	6.804	2.53841322494586	0
CSR1	Y22D7AL.11	27.072	1.69965431551125	0
CSR1	Y22D7AL.12	23.42	2.51214832110684	0
CSR1	Y22D7AL.13	19.136	1.88800876733699	0
CSR1	Y22D7AL.15	19.14	7.19278448478689	0
CSR1	Y22D7AL.16	22.062	5.29231954567741	0
CSR1	Y22D7AL.3	19.088	16.4572317421163	0
CSR1	Y22D7AL.4	19.506	4.19892404110972	0
CSR1	Y22D7AL.6	24.886	2.74728170687481	0
CSR1	Y22D7AL.7	17.586	2.76171265955895	0
CSR1	Y22D7AL.9	23.388	24.9465280475986	0
CSR1	Y22D7AR.14	10.594	9.93968256997129	0
CSR1	Y22D7AR.2	24.588	13.1472946236974	0
CSR1	Y22D7AR.3	23.95	3.45371118578876	0
CSR1	Y22D7AR.6	28.52	4.16594944214155	0
CSR1	Y22D7AR.7	26.594	10.943435495521	0
CSR1	Y22F5A.11	21.508	16.7638778600765	0
CSR1	Y23B4A.1	25.844	5.02784403938476	0
CSR1	Y23H5A.2	22.238	4.60427830345271	0
CSR1	Y23H5A.8	5.654	19.5056747648279	0
CSR1	Y23H5B.1	25.164	4.14620240263001	0
CSR1	Y23H5B.12	26.02	4.75377281969754	0
CSR1	Y23H5B.3	23.588	5.82352071635111	0
CSR1	Y23H5B.5	25.536	16.1390175290409	0
CSR1	Y23H5B.8	23.824	10.7325305017453	0
CSR1	Y24D9A.6	4.028	4.05435754900404	1
CSR1	Y24D9A.7	20.404	4.01203040322714	0
CSR1	Y24D9B.1	6.466	6.12754433337647	0
CSR1	Y24F12A.1	3.232	3.7793147239115	1
CSR1	Y25C1A.13	7.724	1.75998399461071	0
CSR1	Y25C1A.14	8.506	10.8988299459944	0
CSR1	Y25C1A.2	26.356	2.39525089282788	0
CSR1	Y25C1A.6	10.866	8.57156326049542	0
CSR1	Y25C1A.7	24.646	11.3387715313637	0
CSR1	Y25C1A.8	17.32	10.8181267264469	0
CSR1	Y26D4A.12	26.61	6.32157540780968	0
CSR1	Y26D4A.17	22.476	7.9822118612215	0
CSR1	Y26D4A.21	24.864	2.92694991762646	0
CSR1	Y26D4A.3	21.752	9.56501309968394	0
CSR1	Y26D4A.5	26.916	2.86793223193749	0
CSR1	Y26E6A.2	27.158	4.62769556206625	0
CSR1	Y26E6A.3	27.564	5.35880819989854	0
CSR1	Y26G10.1	17.82	10.9171907642572	0
CSR1	Y26G10.4	18.196	12.554523807785	0
CSR1	Y26G10.5	26.606	8.64035955180664	0
CSR1	Y26G10.6	23.51	10.3365085754538	0
CSR1	Y27F2A.10	21.17	2.88162958067966	0
CSR1	Y27F2A.11	16.698	4.65880184314581	0
CSR1	Y27F2A.6	26.6	6.82095176690087	0
CSR1	Y27F2A.8	26.72	4.27483028405506	0
CSR1	Y27F2A.9	19.976	8.54478653714967	0
CSR1	Y2H9A.4	27.49	1.78654480288231	0
CSR1	Y2H9A.6	21.256	2.54276683268574	0
CSR1	Y32B12A.5	4.884	6.48382832553558	1
CSR1	Y32B12B.1	20.62	2.33540235263521	0
CSR1	Y32B12B.2	23.848	5.2033497082061	0
CSR1	Y32B12B.4	24.392	1.73800408790046	0
CSR1	Y32B12B.8	11.634	1.81993262303342	0
CSR1	Y32B12C.1	27.104	3.28070354684447	0
CSR1	Y32F6A.4	3.808	5.41183056062807	1
CSR1	Y32F6A.5	28.89	1.34794963507239	0
CSR1	Y32F6B.1	25.114	1.90163740896379	0
CSR1	Y32F6B.9	8.592	1.35079526466053	0
CSR1	Y32G9A.12	24.682	7.30931146276093	0
CSR1	Y32G9A.2	20.96	6.04110129624649	0
CSR1	Y32G9A.3	26.342	2.86424658084941	0
CSR1	Y32G9A.5	20.684	9.87623065962919	0
CSR1	Y32G9B.1	20.746	14.5651847774684	0
CSR1	Y32H12A.1	4.772	2.08715835674581	1
CSR1	Y32H12A.6	23.4	9.98194915505888	0
CSR1	Y32H12A.7	25.282	17.9507608573942	0
CSR1	Y34B4A.10	16.672	4.59125547974003	0
CSR1	Y34B4A.2	25.902	9.39792051175996	0
CSR1	Y34B4A.20	25.354	3.88780050468436	0
CSR1	Y34B4A.4	27.186	8.17274177337947	0
CSR1	Y34B4A.7	28.038	3.49028515452554	0
CSR1	Y34D9A.3	28.454	4.25498933359449	0
CSR1	Y34D9A.7	20.274	20.4721102427616	0
CSR1	Y34D9A.8	16.296	2.33774739453287	0
CSR1	Y34F4.3	24.762	5.97344731167044	0
CSR1	Y36E3A.2	24.478	9.3455403377498	0
CSR1	Y37A1A.2	17.652	3.40386017883589	0
CSR1	Y37A1A.3	28.166	2.06038306379373	0
CSR1	Y37A1A.4	22.284	3.48016146533939	0
CSR1	Y37A1B.4	26.436	3.35006836793338	0
CSR1	Y37A1B.7	12.44	5.87064432586567	0
CSR1	Y37B11A.3	12.074	45.8430950952397	0
CSR1	Y37D8A.16	21.702	8.1934878111233	0
CSR1	Y37D8A.19	25.958	3.10820216899841	0
CSR1	Y37D8A.2	24.664	8.68592076639922	0
CSR1	Y37D8A.25	27.092	4.83547437355974	0
CSR1	Y37D8A.26	21.548	21.547053952533	0
CSR1	Y37D8A.29	15.578	26.5243109730332	0
CSR1	Y37D8A.3	25.3	3.92430606603953	0
CSR1	Y37D8A.4	24.928	8.83227064972144	0
CSR1	Y37D8A.5	29.116	5.28894274547324	0
CSR1	Y37D8A.6	16.036	4.25341549128756	0
CSR1	Y37D8A.8	7.84	2.87343885869103	0
CSR1	Y37E11AL.1	19.196	15.2308737377765	0
CSR1	Y37E11AL.12	17.184	22.0941595355702	0
CSR1	Y37E11AL.2	22.828	6.27475067362659	0
CSR1	Y37E11AL.3	15.9	8.58542399430449	0
CSR1	Y37E11AL.9	2.112	2.58038382451491	1
CSR1	Y37E11AM.2	18.304	6.43527867887446	0
CSR1	Y37E11AM.3	9.882	11.6637767606046	0
CSR1	Y37E11AM.4	28.262	1.19713450693652	0
CSR1	Y37E11AR.7	27.452	1.94713619781059	0
CSR1	Y37E11B.1	21.886	19.4560924834338	0
CSR1	Y37E11B.10	19.174	9.18580610020023	0
CSR1	Y37E11B.2	6.952	68.092722665109	0
CSR1	Y37E11B.5	26.176	6.18295337581229	0
CSR1	Y37E11B.6	27.652	3.22825022784354	0
CSR1	Y37E11B.7	22.828	6.08486785821632	0
CSR1	Y37E3.1	28.996	0.673875816344459	0
CSR1	Y37E3.17	26.968	11.6496982633924	0
CSR1	Y37E3.19	14.046	48.6756030783127	0
CSR1	Y37E3.30	24.78	4.13290468250058	0
CSR1	Y37F4.1	26.852	12.1001267553126	0
CSR1	Y37F4.2	12.884	13.6451972377196	0
CSR1	Y37F4.3	28.516	3.79153382194494	0
CSR1	Y37F4.4	22.022	8.47220588177409	0
CSR1	Y37F4.5	25.11	5.37464757810795	0
CSR1	Y37F4.6	24.498	9.05968393810215	0
CSR1	Y37F4.7	23.018	4.65598045503535	0
CSR1	Y37F4.8	25.536	2.5877885154621	0
CSR1	Y37H2A.1	25.024	14.3514751051741	0
CSR1	Y37H2A.10	3.306	2.17701805389553	1
CSR1	Y37H2A.11	22.55	1.48244032376468	0
CSR1	Y37H2A.12	17.168	2.03008775252611	0
CSR1	Y37H2A.13	23.274	2.74675967152675	0
CSR1	Y37H2A.14	18.832	8.14253105226453	0
CSR1	Y37H2A.18	28.18	1.96091140921164	0
CSR1	Y37H2A.7	26.238	5.51557497311708	0
CSR1	Y37H2C.4	15.926	3.46958896176509	0
CSR1	Y37H9A.1	28.702	1.61764045968568	0
CSR1	Y37H9A.3	11.478	4.2816417800499	0
CSR1	Y37H9A.5	7.212	7.53640499693986	0
CSR1	Y38A10A.11	22.162	10.2967029236016	0
CSR1	Y38A10A.2	27.988	1.73157739899547	0
CSR1	Y38A10A.7	20.404	19.9578617279389	0
CSR1	Y38C1AA.1	20.304	12.2870889013486	0
CSR1	Y38C1AA.12	18.438	4.19029167906116	0
CSR1	Y38C1AA.19	21.28	2.08971289420669	0
CSR1	Y38C1AA.6	25.128	10.2409583483566	0
CSR1	Y38C1AA.7	10.5	18.134543777127	0
CSR1	Y38C1AB.1	27.846	3.97718935904902	0
CSR1	Y38C1AB.3	28.868	1.66695720754783	0
CSR1	Y38C1BA.1	27.21	2.31590852689278	0
CSR1	Y38C1BA.4	20.012	15.7295822328574	0
CSR1	Y38C9B.3	25.56	7.28367060517395	0
CSR1	Y38E10A.1	18.956	18.5577224651126	0
CSR1	Y38E10A.14	25.422	7.83455384571003	0
CSR1	Y38E10A.17	18.836	8.03566766575341	0
CSR1	Y38E10A.2	27.736	4.06651069270288	0
CSR1	Y38E10A.22	25.038	11.4202423786781	0
CSR1	Y38E10A.24	18.112	16.1929128673715	0
CSR1	Y38E10A.28	26.154	8.0727895667827	0
CSR1	Y38E10A.3	15.226	1.82695788969431	0
CSR1	Y38E10A.33	20.902	5.47793424835808	0
CSR1	Y38E10A.34	21.42	5.21508900893862	0
CSR1	Y38E10A.35	20.49	3.81798091080682	0
CSR1	Y38E10A.8	18.826	1.46175949681773	0
CSR1	Y38E10A.9	22.102	2.07865148790163	0
CSR1	Y38F1A.1	20.226	14.5734340501336	0
CSR1	Y38F1A.2	11.824	5.8519900515604	0
CSR1	Y38F1A.4	20.032	4.85451105489181	0
CSR1	Y38F1A.7	21.614	5.14748814262582	0
CSR1	Y38F1A.8	27.386	3.43984163877807	0
CSR1	Y38F2AL.12	21.488	6.32221507081653	0
CSR1	Y38F2AR.10	26.46	2.95268707250561	0
CSR1	Y38F2AR.12	30.056	0.796635744180261	0
CSR1	Y38F2AR.3	21.912	7.34398545955646	0
CSR1	Y38H6A.1	11.856	3.5236831826358	0
CSR1	Y38H6A.3	11.104	49.0628434986169	0
CSR1	Y38H6A.5	23.536	4.7792600960905	0
CSR1	Y38H6C.13	22.758	11.1606250045671	0
CSR1	Y38H6C.15	22.04	3.50761462129005	0
CSR1	Y38H6C.16	26.506	2.84942339204946	0
CSR1	Y38H6C.18	22.968	10.2719087430561	0
CSR1	Y38H6C.20	25.13	8.87729033699607	0
CSR1	Y38H6C.21	19.232	7.64133513468011	0
CSR1	Y38H6C.23	23.564	6.90003544595078	0
CSR1	Y38H6C.24	11.516	4.06443057690212	0
CSR1	Y38H6C.25	28.06	0.778751724284111	0
CSR1	Y38H6C.4	21.638	4.03917445003688	0
CSR1	Y38H6C.8	26.934	2.43032537780668	0
CSR1	Y38H6C.9	24.978	11.7047912270079	0
CSR1	Y38H8A.1	19.76	9.65757577095169	0
CSR1	Y38H8A.12	13.83	14.4811866375282	0
CSR1	Y38H8A.2	7.67	7.86386380704054	0
CSR1	Y38H8A.4	27.242	6.14420398890779	0
CSR1	Y38H8A.7	23.028	1.3571391316035	0
CSR1	Y39A1A.10	23.092	9.08649764462858	0
CSR1	Y39A1A.14	27.936	4.64602559613771	0
CSR1	Y39A1A.16	21.37	2.24492050843444	0
CSR1	Y39A1A.17	23.908	5.14764509109997	0
CSR1	Y39A1A.18	20.624	5.80254238100702	0
CSR1	Y39A1A.2	25.556	6.01661168002922	0
CSR1	Y39A1A.20	19.268	20.8380751659868	0
CSR1	Y39A1A.21	27.156	11.0178327949462	0
CSR1	Y39A1A.22	22.354	16.3593848687289	0
CSR1	Y39A1A.24	24.17	3.78053779450774	0
CSR1	Y39A1A.27	13.984	4.2581965382641	0
CSR1	Y39A1A.3	23.206	10.0753824020858	0
CSR1	Y39A1A.31	25.79	7.2626818462027	0
CSR1	Y39A1C.1	18.712	7.70249619430952	0
CSR1	Y39A3A.2	27.252	1.89099824821063	0
CSR1	Y39A3A.3	22.67	4.03623141199914	0
CSR1	Y39A3A.4	22.254	0.833191541674978	0
CSR1	Y39A3B.1	26.398	8.59819337705354	0
CSR1	Y39A3B.7	21.144	7.734577345229	0
CSR1	Y39A3B.8	22.604	5.59889828413948	0
CSR1	Y39A3CL.3	12.774	5.65858603662426	0
CSR1	Y39A3CL.4	26.28	7.81859307130948	0
CSR1	Y39A3CL.7	24.052	17.8577938406853	0
CSR1	Y39B6A.1	26.606	4.98015768832005	0
CSR1	Y39B6A.10	14.72	12.6176857532482	0
CSR1	Y39B6A.13	24.08	2.37238585487901	0
CSR1	Y39B6A.25	21.894	11.8827580128664	0
CSR1	Y39B6A.27	23.224	12.7153098333789	0
CSR1	Y39B6A.29	24.924	1.47924433879381	0
CSR1	Y39B6A.3	25.628	10.2042019814772	0
CSR1	Y39B6A.30	20.608	4.60058010821047	0
CSR1	Y39B6A.33	3.734	1.53377836778536	1
CSR1	Y39B6A.34	22.428	1.7367242547045	0
CSR1	Y39B6A.37	21.032	2.32332147439198	0
CSR1	Y39B6A.41	23.714	1.21253816893485	0
CSR1	Y39B6A.42	12.59	39.2878640412398	0
CSR1	Y39B6A.43	20.806	4.17341256095037	0
CSR1	Y39B6A.5	11.584	19.2100590392227	0
CSR1	Y39B6A.69	22.14	3.66466525827356	0
CSR1	Y39B6A.7	27.892	5.72235613061531	0
CSR1	Y39B6A.9	17.096	4.02533627898429	0
CSR1	Y39C12A.9	19.154	3.04885527462548	0
CSR1	Y39D8A.1	22.822	2.20689084683152	0
CSR1	Y39E4A.1	13.86	6.52768781385291	0
CSR1	Y39E4B.10	26.75	5.47047594671506	0
CSR1	Y39E4B.11	15.63	2.7943017021014	0
CSR1	Y39E4B.13	21.286	8.8173779498864	0
CSR1	Y39E4B.5	25.754	4.62329998051609	0
CSR1	Y39E4B.6	12.08	66.9071619847545	0
CSR1	Y39F10A.1	27.662	1.71275631042553	0
CSR1	Y39F10A.3	14.276	49.7709402543194	0
CSR1	Y39F10A.6	20.326	20.0581146636816	0
CSR1	Y39F10C.1	9.492	1.34173792456241	0
CSR1	Y39F10C.3	26.978	4.13157582469237	0
CSR1	Y39G10AL.1	21.766	4.98950497869386	0
CSR1	Y39G10AR.11	23.826	12.4938379054305	0
CSR1	Y39G10AR.15	21.608	3.82278153440007	0
CSR1	Y39G10AR.16	15.87	1.99460514068613	0
CSR1	Y39G10AR.32	18.092	2.23579311837496	0
CSR1	Y39G10AR.9	19.204	30.2559196286407	0
CSR1	Y39G8B.1	26.418	14.7004713531835	0
CSR1	Y39G8B.10	23.514	5.85098913214138	0
CSR1	Y39G8B.13	20.902	17.5800934538233	0
CSR1	Y39G8B.2	8.838	3.08874763505155	0
CSR1	Y39G8B.5	22.32	4.96150036272896	0
CSR1	Y39G8B.7	25.652	3.71870995249804	0
CSR1	Y39G8B.9	26.248	4.57799536448364	0
CSR1	Y39G8C.2	26.842	2.10884633886835	0
CSR1	Y39H10A.1	20.254	6.04557773519491	0
CSR1	Y39H10B.2	17.302	20.9630864807375	0
CSR1	Y39H10B.3	4.93	40.31615570195	0
CSR1	Y40A1A.2	24.532	16.3281064099723	0
CSR1	Y40A1A.3	23.8	4.43998576852944	0
CSR1	Y40B10A.11	20.316	11.4852380014201	0
CSR1	Y40B10A.5	22.054	6.8655428088767	0
CSR1	Y40B10A.9	19.344	44.246111515714	0
CSR1	Y40B10B.1	22.328	1.14683983177787	0
CSR1	Y40B1B.7	4.772	4.16852672472054	1
CSR1	Y40C5A.4	22.538	6.29291985138055	0
CSR1	Y40C7B.4	25.786	9.93425097045101	0
CSR1	Y40H4A.2	27.334	6.94708231488859	0
CSR1	Y40H7A.10	27.844	0.628552956224833	0
CSR1	Y40H7A.11	18.002	3.25175101832954	0
CSR1	Y40H7A.3	24.37	9.1500429495031	0
CSR1	Y40H7A.4	26.498	6.12631697295443	0
CSR1	Y41C4A.11	18.704	1.19286954914838	0
CSR1	Y41C4A.12	25.378	3.74302647345615	0
CSR1	Y41C4A.18	18.866	9.20179048340458	0
CSR1	Y41C4A.21	22.604	17.8483036940672	0
CSR1	Y41C4A.22	25.026	4.80637124121304	0
CSR1	Y41C4A.32	27.71	3.80895699803934	0
CSR1	Y41C4A.6	21.802	7.9233377294664	0
CSR1	Y41C4A.7	16.9	2.42639627855771	0
CSR1	Y41C4A.8	28.822	3.43710084828269	0
CSR1	Y41C4A.9	6.408	6.52208804162001	0
CSR1	Y41D4A.3	28.412	4.50757151772282	0
CSR1	Y41D4A.4	3.18	3.27557651823894	1
CSR1	Y41D4A.6	27.362	2.93236163378523	0
CSR1	Y41D4A.7	26.87	3.58485190926565	0
CSR1	Y41D4B.1	25.704	2.19432827979529	0
CSR1	Y41D4B.11	21.41	9.53420883662437	0
CSR1	Y41D4B.14	9.822	7.44114584981597	0
CSR1	Y41D4B.15	24.898	1.40699712721094	0
CSR1	Y41D4B.17	26.424	0.793198786197804	0
CSR1	Y41D4B.24	20.426	11.743333958335	0
CSR1	Y41D4B.4	19.57	14.5211814371945	0
CSR1	Y41D4B.6	14.586	2.26586879051801	0
CSR1	Y41E3.1	12.144	7.54292737436596	0
CSR1	Y41E3.13	22.644	5.47638481947144	0
CSR1	Y41E3.18	23.522	13.06850873986	0
CSR1	Y41E3.19	26.586	4.84127508691521	0
CSR1	Y41E3.22	25.696	3.27588706651228	0
CSR1	Y41E3.6	26.666	4.72560918614224	0
CSR1	Y41E3.7	18.11	11.1745414981427	0
CSR1	Y41E3.8	21.21	16.299939127447	0
CSR1	Y41G9A.10	16.632	24.3892324333398	0
CSR1	Y41G9A.17	3.402	4.10681932900011	1
CSR1	Y41G9A.5	11.026	26.179499146043	0
CSR1	Y41G9A.6	16.428	5.33945635993252	0
CSR1	Y42A5A.1	20.334	20.3385532874118	0
CSR1	Y42A5A.3	20.408	18.9337349843655	0
CSR1	Y42G9A.2	27.564	2.39794291705364	0
CSR1	Y42G9A.3	27.286	2.11034902871755	0
CSR1	Y42H9AR.1	5.698	5.89612683917067	0
CSR1	Y42H9AR.2	18.712	3.72588288718112	0
CSR1	Y42H9AR.4	25.904	11.0136896035016	0
CSR1	Y42H9AR.5	21.008	8.66587679033489	0
CSR1	Y42H9B.3	14.614	13.0436236700813	0
CSR1	Y43B11AL.1	27.812	3.23255564200436	0
CSR1	Y43B11AR.1	21.77	6.88002615084095	0
CSR1	Y43B11AR.3	12.116	51.7294962997005	0
CSR1	Y43C5A.2	27.268	2.63196337969122	0
CSR1	Y43C5A.3	20.53	8.72323269418642	0
CSR1	Y43C5A.4	18.356	15.1809556963047	0
CSR1	Y43C5A.7	4.092	5.55499414761947	1
CSR1	Y43C5B.2	28.314	1.63241242800847	0
CSR1	Y43C5B.3	29.454	3.99281665259663	0
CSR1	Y43D4A.1	21.932	7.63219799600629	0
CSR1	Y43D4A.2	23.924	10.1937628755076	0
CSR1	Y43D4A.4	28.132	3.18776887492904	0
CSR1	Y43D4A.5	21.318	3.36705258287438	0
CSR1	Y43D4A.6	22.402	10.4555729760497	0
CSR1	Y43E12A.2	17.224	20.1546129868658	0
CSR1	Y43E12A.3	28.816	3.25954675843156	0
CSR1	Y43F11A.1	8.468	5.7516811358255	0
CSR1	Y43F4A.1	27.588	5.38307412386335	0
CSR1	Y43F4A.3	18.136	1.6889988390107	0
CSR1	Y43F4A.4	17.206	4.86149464196197	0
CSR1	Y43F4B.10	26.046	4.83885941043714	0
CSR1	Y43F8A.1	18.212	9.83017202513255	0
CSR1	Y43F8A.2	4.842	3.69272131327278	1
CSR1	Y43F8B.1	14.58	22.6069696555644	0
CSR1	Y43F8B.10	21.34	16.3887689434822	0
CSR1	Y43F8B.11	23.104	14.0113036918555	0
CSR1	Y43F8B.12	27.704	1.99617018125836	0
CSR1	Y43F8B.13	28.264	4.71025908526984	0
CSR1	Y43F8B.14	25.892	8.65599217863945	0
CSR1	Y43F8B.15	20.562	14.1578923379252	0
CSR1	Y43F8B.17	23.798	3.00046986657662	0
CSR1	Y43F8B.18	27.626	2.43745786974083	0
CSR1	Y43F8B.19	24.96	8.05208728033819	0
CSR1	Y43F8B.2	28.03	8.10172641078638	0
CSR1	Y43F8B.20	22.934	13.3044491581094	0
CSR1	Y43F8B.22	18.14	8.0139832682262	0
CSR1	Y43F8B.23	14.276	3.73380821063925	0
CSR1	Y43F8B.24	27.072	6.21322177952688	0
CSR1	Y43F8B.25	28.89	1.54546999648362	0
CSR1	Y43F8B.28	22.05	6.24559120213319	0
CSR1	Y43F8B.29	19.94	10.3537911480726	0
CSR1	Y43F8B.3	22.51	24.2102184642498	0
CSR1	Y43F8B.7	27.004	1.04760680088985	0
CSR1	Y43F8B.9	22.368	5.65627520138549	0
CSR1	Y43F8C.11	2.59	3.36594513014724	1
CSR1	Y43F8C.13	27.548	11.7751850790441	0
CSR1	Y43F8C.15	21.966	1.80286659552565	0
CSR1	Y43F8C.16	24.34	7.47824992725615	0
CSR1	Y43F8C.17	23.712	7.90479602121118	0
CSR1	Y43F8C.23	9.816	26.7897564215551	0
CSR1	Y43F8C.3	26.378	7.06870522145231	0
CSR1	Y43F8C.5	26.354	3.48614352747659	0
CSR1	Y43F8C.6	19.926	4.73538591110238	0
CSR1	Y43F8C.7	16.864	2.57061752121386	0
CSR1	Y43F8C.9	17.096	0.738266868318767	0
CSR1	Y43H11AL.1	18.32	11.856480741007	0
CSR1	Y44A6B.3	27.116	2.55816267865061	0
CSR1	Y44A6C.1	29.33	1.63459509381086	0
CSR1	Y44A6C.2	20.562	4.06887509927459	0
CSR1	Y44A6D.1	14.048	5.98297233423064	0
CSR1	Y44A6D.3	21.106	8.18292022713991	0
CSR1	Y44A6D.5	29.77	2.21445075228075	0
CSR1	Y44A6D.6	6.176	2.80121259956718	0
CSR1	Y44A6D.7	21.332	15.8209158858813	0
CSR1	Y44E3A.1	25.366	4.01064286035465	0
CSR1	Y44E3A.7	9.776	7.58667944698647	0
CSR1	Y45F10A.7	20.62	10.9535785745295	0
CSR1	Y45F10B.12	26.314	6.90887607419726	0
CSR1	Y45F10B.13	19.62	22.6612004512506	0
CSR1	Y45F10B.3	21.646	4.64186723909402	0
CSR1	Y45F10B.59	21.62	11.0716448688641	0
CSR1	Y45F10B.8	25.188	7.62373196215823	0
CSR1	Y45F10B.9	26.204	6.12775876956805	0
CSR1	Y45F10C.1	26.036	6.7284054303332	0
CSR1	Y45F10C.2	22.422	19.0224875180939	0
CSR1	Y45F10C.4	28.496	1.09705915823277	0
CSR1	Y45F10C.6	21.464	4.11265398964331	0
CSR1	Y45F10D.14	20.054	14.0687768651501	0
CSR1	Y45F10D.15	28.696	3.27503195874712	0
CSR1	Y45F10D.16	23.898	8.34996602570973	0
CSR1	Y45F10D.2	22.876	31.2649942613139	0
CSR1	Y45F10D.6	26.668	3.37841251246135	0
CSR1	Y45F10D.7	29.794	3.81496605602565	0
CSR1	Y45F3A.1	26.998	3.46489281620509	0
CSR1	Y45F3A.4	26.556	8.96190039026272	0
CSR1	Y45F3A.5	23.254	4.94431988992822	0
CSR1	Y45F3A.8	24.648	5.03724293658028	0
CSR1	Y45F3A.9	27.276	5.36602098431389	0
CSR1	Y45G12B.2	19.038	19.0821863467454	0
CSR1	Y45G12B.3	20.838	17.0268673773534	0
CSR1	Y45G12C.1	22.316	21.9495104396207	0
CSR1	Y45G12C.10	24.8	8.50835116471714	0
CSR1	Y45G12C.4	28.38	0.833465551269548	0
CSR1	Y45G5AL.1	17.874	3.94191500400878	0
CSR1	Y45G5AM.3	23.322	12.0430392967615	0
CSR1	Y45G5AM.4	17.222	26.3188269455367	0
CSR1	Y45G5AM.5	26.082	5.23383843508851	0
CSR1	Y45G5AM.6	20.694	2.11840820453306	0
CSR1	Y45G5AM.7	25.288	11.818147889061	0
CSR1	Y45G5AM.9	16.922	8.65725817603522	0
CSR1	Y46B2A.3	25.67	3.93975750051283	0
CSR1	Y46B2A.4	23.018	15.3631647279094	0
CSR1	Y46C8AL.11	24.25	13.752221822636	0
CSR1	Y46C8AM.1	26.424	3.86361320271406	0
CSR1	Y46D2A.1	4.522	7.84879537279082	1
CSR1	Y46D2A.2	20.098	51.4620073359868	0
CSR1	Y46D2A.3	14.32	9.21112945006003	0
CSR1	Y46E12A.2	23.202	8.43155700294814	0
CSR1	Y46E12A.3	20.604	7.71333014089697	0
CSR1	Y46E12A.5	18.738	17.8247571459635	0
CSR1	Y46E12BL.2	22.512	14.0088647534154	0
CSR1	Y46G5A.14	2.242	3.64273273668072	1
CSR1	Y46G5A.15	9.036	2.44299165483221	0
CSR1	Y46G5A.18	18.51	4.76568400113496	0
CSR1	Y46G5A.20	11.794	7.0753255872342	0
CSR1	Y46G5A.22	23.664	1.22861914327449	0
CSR1	Y46G5A.23	10.368	4.59605155313941	0
CSR1	Y46G5A.28	21.158	5.24553994421342	0
CSR1	Y46G5A.29	26.014	9.88230924552916	0
CSR1	Y46G5A.34	22.258	6.57545216447699	0
CSR1	Y46G5A.36	19.77	2.25556905832103	0
CSR1	Y46G5A.38	24.068	12.7557763835587	0
CSR1	Y46G5A.39	19.842	14.7032389148095	0
CSR1	Y46G5A.47	16.286	20.2397447693705	0
CSR1	Y46G5A.7	24.366	3.75737383727733	0
CSR1	Y46G5A.8	26.702	3.06789237872771	0
CSR1	Y46H3A.4	20.01	10.0518746786556	0
CSR1	Y46H3A.5	27.114	2.94526808929621	0
CSR1	Y46H3C.5	14.51	9.37246624275013	0
CSR1	Y46H3C.7	14.55	15.8534370881355	0
CSR1	Y46H3D.1	23.722	17.7269107192003	0
CSR1	Y46H3D.8	24.52	4.5145916308759	0
CSR1	Y47A7.2	27.244	1.81136245961095	0
CSR1	Y47C4A.1	26.602	1.61803630381399	0
CSR1	Y47D3A.1	24.694	10.8419765430359	0
CSR1	Y47D3A.13	21.658	1.95549430140336	0
CSR1	Y47D3A.14	21.94	1.48288956107542	0
CSR1	Y47D3A.20	22.116	13.0357649104044	0
CSR1	Y47D3A.21	16.264	4.71950697650524	0
CSR1	Y47D3A.31	15.324	46.6623403991659	0
CSR1	Y47D3A.32	12.514	10.0732566133351	0
CSR1	Y47D3A.34	25.254	0.79619912236737	0
CSR1	Y47D3B.12	12.17	10.4317761985358	0
CSR1	Y47D3B.3	27.18	6.28697847337567	0
CSR1	Y47D3B.4	28.348	3.61378732338728	0
CSR1	Y47D7A.11	6.812	1.62610146870793	0
CSR1	Y47D7A.13	20.014	17.3889986385652	0
CSR1	Y47D7A.15	22.166	7.81488358539226	0
CSR1	Y47D7A.17	18.702	34.3965100002081	0
CSR1	Y47D7A.18	5.672	4.78042519889487	0
CSR1	Y47D7A.19	24.318	5.63611774550617	0
CSR1	Y47D7A.2	12.45	4.04567397894394	0
CSR1	Y47D7A.3	27.282	4.59578533996054	0
CSR1	Y47D7A.6	23.522	7.01351142652391	0
CSR1	Y47D7A.7	7.76	1.69985901524136	0
CSR1	Y47D7A.9	19.204	14.0737679715031	0
CSR1	Y47D9A.1	27.776	6.41571767574482	0
CSR1	Y47D9A.3	2.756	3.3413249443313	1
CSR1	Y47D9A.4	8.936	5.81517579434077	0
CSR1	Y47D9A.5	19.248	6.5539024556302	0
CSR1	Y47D9A.7	22.596	1.87123314032333	0
CSR1	Y47G6A.13	7.124	8.26435877755976	0
CSR1	Y47G6A.14	28.23	2.73815530176059	0
CSR1	Y47G6A.15	27.28	5.57076216470492	0
CSR1	Y47G6A.18	20.284	2.50887781593045	0
CSR1	Y47G6A.19	26.288	7.01278563407064	0
CSR1	Y47G6A.21	21.448	0.984315935345141	0
CSR1	Y47G6A.22	27.526	1.50286499753063	0
CSR1	Y47G6A.25	25.326	17.0403910198685	0
CSR1	Y47G6A.26	13.398	41.3384533302675	0
CSR1	Y47G6A.3	26.458	4.04956390897169	0
CSR1	Y47G6A.30	19.542	10.7099240006047	0
CSR1	Y47G6A.31	22.192	13.3684912568671	0
CSR1	Y47G6A.32	21.524	2.46622161073478	0
CSR1	Y47G6A.33	25.27	5.18068870618778	0
CSR1	Y47G6A.5	24.24	10.1909798053999	0
CSR1	Y47G6A.7	20.366	8.50281916595985	0
CSR1	Y47G6A.9	15.586	4.2030036428089	0
CSR1	Y47G7B.2	25.128	10.3334453438796	0
CSR1	Y47H10A.2	24.99	3.90366346302699	0
CSR1	Y47H10A.3	25.932	10.3232544166304	0
CSR1	Y47H10A.4	27.126	3.04516953109407	0
CSR1	Y47H10A.5	28.116	4.48260535653171	0
CSR1	Y47H9B.2	26.438	9.07746424811476	0
CSR1	Y47H9C.1	28.328	3.86526423942679	0
CSR1	Y47H9C.12	23.63	7.47174592127637	0
CSR1	Y47H9C.8	25.08	23.0448205435042	0
CSR1	Y47H9C.9	28.166	3.34778421283967	0
CSR1	Y48A5A.1	15.67	2.08504266148112	0
CSR1	Y48A5A.3	23.442	12.8452810952718	0
CSR1	Y48A6B.14	18.452	3.44794803998832	0
CSR1	Y48A6B.3	13.792	4.35741160888338	0
CSR1	Y48A6B.7	29.432	1.68491171637618	0
CSR1	Y48A6B.8	19.626	3.85268672165574	0
CSR1	Y48A6B.9	27.704	2.77546498602991	0
CSR1	Y48A6C.4	25.332	8.49198787361851	0
CSR1	Y48A6C.8	16.186	3.92365421836006	0
CSR1	Y48B6A.1	29.638	1.43096981770159	0
CSR1	Y48B6A.10	27.23	1.72427848895607	0
CSR1	Y48B6A.13	21.902	1.58538905568412	0
CSR1	Y48B6A.5	4.586	1.51544268241553	1
CSR1	Y48C3A.12	24.574	5.71098420274025	0
CSR1	Y48C3A.18	28.03	2.19327999325647	0
CSR1	Y48C3A.20	21.936	1.16072830039089	0
CSR1	Y48C3A.5	13.216	11.714604896935	0
CSR1	Y48D7A.1	24.026	16.1860205669877	0
CSR1	Y48E1B.17	29.028	4.39804196133376	0
CSR1	Y48E1B.3	24.882	1.19776080873115	0
CSR1	Y48E1B.8	28.48	1.73708618061293	0
CSR1	Y48E1C.1	16.766	9.15923103769407	0
CSR1	Y48E1C.2	28.468	3.50263764257039	0
CSR1	Y48E1C.4	19.864	16.0390530055047	0
CSR1	Y48G10A.1	21.758	2.52328938283268	0
CSR1	Y48G10A.2	22.048	14.5665032784815	0
CSR1	Y48G10A.3	11.408	8.87064724820053	0
CSR1	Y48G10A.6	23.646	7.90823514898415	0
CSR1	Y48G1A.1	24.77	10.9410636823373	0
CSR1	Y48G1A.2	26.878	4.59866781350019	0
CSR1	Y48G1BL.7	21.752	13.7014862780388	0
CSR1	Y48G1BL.8	13.156	5.65543910994889	0
CSR1	Y48G1BM.10	15.422	3.16780337934051	0
CSR1	Y48G1BR.1	18.452	5.33912373367701	0
CSR1	Y48G1C.12	20.462	35.8637036028827	0
CSR1	Y48G1C.13	26.558	2.52578519541182	0
CSR1	Y48G1C.5	19.766	29.3738436219653	0
CSR1	Y48G1C.6	17.69	15.3434111692921	0
CSR1	Y48G1C.8	23.374	3.53838051609823	0
CSR1	Y48G8AL.12	23.374	9.94502189913845	0
CSR1	Y48G8AL.13	20.766	1.47508826660397	0
CSR1	Y48G8AL.15	20.99	10.7748815126009	0
CSR1	Y48G8AL.16	23.706	6.45603327813434	0
CSR1	Y48G8AL.7	20.326	12.0192207574066	0
CSR1	Y48G8AR.2	18.826	3.65543126662676	0
CSR1	Y48G8AR.3	23.36	1.96475269561009	0
CSR1	Y48G8AR.8	17.308	1.87503137281133	0
CSR1	Y48G9A.11	22.178	4.3970462035695	0
CSR1	Y48G9A.6	26.076	1.59890033207912	0
CSR1	Y48G9A.7	21.79	6.19524755989573	0
CSR1	Y48G9A.9	25.958	16.2452820704221	0
CSR1	Y49A10A.2	18.332	3.49784742194677	0
CSR1	Y49A3A.3	28.188	1.84942402209675	0
CSR1	Y49A3A.4	23.038	3.84257043462395	0
CSR1	Y49E10.10	23.05	10.8364383130031	0
CSR1	Y49E10.16	27.998	1.39579278310765	0
CSR1	Y49E10.18	27.36	1.75419559152287	0
CSR1	Y49E10.21	28.912	2.03133267069992	0
CSR1	Y49E10.25	25.188	1.59038855481663	0
CSR1	Y49E10.27	24.392	11.5813359621133	0
CSR1	Y49E10.29	20.888	1.42839044425864	0
CSR1	Y49E10.30	23.91	11.6436216750756	0
CSR1	Y49E10.4	22.674	21.3922435216631	0
CSR1	Y49F6A.11	25.854	2.69457840087947	0
CSR1	Y49F6A.12	9.444	10.8826221365815	0
CSR1	Y49F6A.5	24.918	3.93212177248325	0
CSR1	Y49F6B.12	8.322	32.6928877104498	0
CSR1	Y49F6B.13	25.046	13.1937898510797	0
CSR1	Y49F6B.14	17.378	3.78423588977512	0
CSR1	Y49F6B.19	23.482	8.14922628774883	0
CSR1	Y49F6B.2	11.902	5.22726852393309	0
CSR1	Y49F6B.20	27.306	1.84489056841059	0
CSR1	Y49F6B.6	22.06	14.413128421076	0
CSR1	Y49F6B.8	24.662	2.74703287123612	0
CSR1	Y49F6B.9	18.132	32.4274105967626	0
CSR1	Y49F6C.2	25.59	8.08262895203965	0
CSR1	Y49F6C.6	23.546	2.41792304738799	0
CSR1	Y49F6C.7	15.412	10.0226505813187	0
CSR1	Y49F6C.8	19.826	7.01803179391124	0
CSR1	Y49G5A.1	23.666	9.98993783067886	0
CSR1	Y49G5B.1	18.708	12.4682303686343	0
CSR1	Y4C6A.3	23.106	14.9450921692043	0
CSR1	Y4C6A.4	19.578	7.89761635754723	0
CSR1	Y4C6B.1	17.668	1.04318271604957	0
CSR1	Y4C6B.2	23.562	2.69533485588749	0
CSR1	Y4C6B.3	28.966	3.30897590313239	0
CSR1	Y4C6B.4	19.334	2.96685303968921	0
CSR1	Y4C6B.7	20.646	3.65561544736554	0
CSR1	Y50C1A.2	26.464	7.52869193438341	0
CSR1	Y50D4A.1	25.394	8.59664603752064	0
CSR1	Y50D4A.10	22.544	13.6556029298893	0
CSR1	Y50D4A.4	26.076	5.0615885912093	0
CSR1	Y50D4A.5	20.728	3.1420462585603	0
CSR1	Y50D4A.6	13.96	4.99124857067188	0
CSR1	Y50D4B.1	18.932	3.83166188869187	0
CSR1	Y50D4B.2	26.018	0.883334695807267	0
CSR1	Y50D4B.4	25.12	5.96217449823923	0
CSR1	Y50D4B.6	26.412	5.46778081625573	0
CSR1	Y50D4C.3	8.126	4.24036670600903	0
CSR1	Y50D4C.5	16.56	9.03671015293215	0
CSR1	Y50D4C.6	15.872	4.43773855587979	0
CSR1	Y50D7A.1	19.622	2.93589639916132	0
CSR1	Y50D7A.10	28.048	2.34260564483668	0
CSR1	Y50D7A.13	25.424	10.2798434459382	0
CSR1	Y50D7A.3	20.568	12.5769459392373	0
CSR1	Y50D7A.8	17.3	27.4121330665744	0
CSR1	Y50E8A.1	8.844	3.9965443439703	0
CSR1	Y50E8A.10	4.782	5.0327424362999	1
CSR1	Y50E8A.11	23.002	8.81435844644569	0
CSR1	Y50E8A.12	19.102	31.2676803313245	0
CSR1	Y50E8A.2	25.674	1.68018193840217	0
CSR1	Y50E8A.22	21.036	15.4834420367144	0
CSR1	Y50E8A.5	28.478	0.630797548755961	0
CSR1	Y50E8A.6	26.062	15.3162657928857	0
CSR1	Y51A2A.12	18.55	5.82147845313628	0
CSR1	Y51A2A.16	15.114	2.00062154741373	0
CSR1	Y51A2A.4	12.848	4.79050085413724	0
CSR1	Y51A2A.5	15.364	21.1401536980947	0
CSR1	Y51A2A.6	18.662	30.6171375462978	0
CSR1	Y51A2B.16	15.31	2.7394143664939	0
CSR1	Y51A2B.2	26.078	2.51299795466023	0
CSR1	Y51A2B.4	26.45	8.3264688715598	0
CSR1	Y51A2B.5	25.824	4.04338885517519	0
CSR1	Y51A2B.6	22.384	13.9437743854409	0
CSR1	Y51A2B.8	23.36	5.29551686672921	0
CSR1	Y51A2B.9	25.838	0.642627770415833	0
CSR1	Y51A2D.1	20.944	2.35912496438255	0
CSR1	Y51A2D.13	27.424	2.1876519247037	0
CSR1	Y51A2D.18	5.04	2.88893249574623	0
CSR1	Y51A2D.21	16.616	15.2979345064265	0
CSR1	Y51A2D.8	28.586	3.92623895491464	0
CSR1	Y51B9A.14	26.578	2.40306325309548	0
CSR1	Y51B9A.5	25.194	2.82310239150634	0
CSR1	Y51B9A.6	11.462	3.39997397179557	0
CSR1	Y51B9A.7	22.838	4.01471486601691	0
CSR1	Y51B9A.8	19.642	4.30996661249266	0
CSR1	Y51B9A.9	28.848	2.45804914937735	0
CSR1	Y51F10.11	26.91	4.22965564422309	0
CSR1	Y51F10.15	22.72	2.94236706221096	0
CSR1	Y51F10.3	18.786	15.0408604677078	0
CSR1	Y51F10.4	21.858	3.8396355466973	0
CSR1	Y51F10.7	19.884	26.1623307078954	0
CSR1	Y51H4A.1	16.34	35.1182553594468	0
CSR1	Y51H4A.13	7.694	64.5928860793	0
CSR1	Y51H4A.22	28.042	1.44753837484497	0
CSR1	Y51H4A.23	26.036	4.67499297031984	0
CSR1	Y51H4A.24	26.468	1.30425449964183	0
CSR1	Y51H4A.25	18.602	1.41995545819419	0
CSR1	Y51H4A.5	27.83	1.3844487854336	0
CSR1	Y51H4A.6	6.888	2.69933354225229	0
CSR1	Y51H4A.7	29.94	1.372456968023	0
CSR1	Y51H4A.8	27.436	4.23505405259823	0
CSR1	Y51H4A.935	17.43	6.06670178055498	0
CSR1	Y51H4A.936	19.526	4.39940858887219	0
CSR1	Y51H4A.937	9.952	7.70555890971999	0
CSR1	Y51H4A.938	15.248	4.29637118095554	0
CSR1	Y51H4A.941	18.746	11.6168203466723	0
CSR1	Y51H7BR.4	26.22	2.16048955579993	0
CSR1	Y51H7BR.7	8.818	9.04729756599231	0
CSR1	Y51H7BR.8	8.224	5.60434449113176	0
CSR1	Y51H7C.1	22.038	7.2451689213857	0
CSR1	Y51H7C.10	17.33	2.93465923022537	0
CSR1	Y51H7C.12	27.012	10.604810903257	0
CSR1	Y51H7C.13	18.956	3.26532474734004	0
CSR1	Y51H7C.3	15.642	2.82793772155994	0
CSR1	Y51H7C.41	16.174	1.46676185010103	0
CSR1	Y51H7C.7	21.2	6.99776511645922	0
CSR1	Y51H7C.8	22.222	2.03459769766454	0
CSR1	Y51H7C.9	13.46	1.86180744222016	0
CSR1	Y52B11A.10	9.16	12.4355952220751	0
CSR1	Y52B11A.11	25.692	5.61386467696646	0
CSR1	Y52B11A.12	17.556	26.7119204489897	0
CSR1	Y52B11A.19	24.958	10.0904578136679	0
CSR1	Y52B11A.20	20.726	22.4204236336914	0
CSR1	Y52B11A.3	23.97	2.82904634054713	0
CSR1	Y52B11A.4	21.966	21.0569183669391	0
CSR1	Y52B11A.8	14.412	4.12117986293509	0
CSR1	Y52B11B.1	21.74	7.65492861310134	0
CSR1	Y52D5A.2	25.234	11.3240237605117	0
CSR1	Y52E8A.1	21.404	17.5065854639721	0
CSR1	Y52E8A.2	23.002	12.3476479369008	0
CSR1	Y52E8A.6	28.44	2.92085964208816	0
CSR1	Y53C10A.10	18.566	13.8443205528321	0
CSR1	Y53C10A.15	26.464	1.93797046751575	0
CSR1	Y53C10A.24	25.216	7.28015603613205	0
CSR1	Y53C10A.25	22.65	17.7390066921693	0
CSR1	Y53C10A.6	25.76	10.514311577354	0
CSR1	Y53C12A.10	25.728	6.03010397727072	0
CSR1	Y53C12A.11	22.036	9.11689848938076	0
CSR1	Y53C12A.3	15.88	54.0144262711803	0
CSR1	Y53C12A.6	21.078	2.70245128633008	0
CSR1	Y53C12A.7	23.992	5.45341989021778	0
CSR1	Y53C12A.8	19.328	3.77697484738002	0
CSR1	Y53C12B.1	28.882	3.10247916984579	0
CSR1	Y53C12B.7	23.038	3.77192642306657	0
CSR1	Y53F4A.2	12.564	5.54914340566196	0
CSR1	Y53F4B.1	25.456	8.88664670282711	0
CSR1	Y53F4B.10	27.006	10.5197208956163	0
CSR1	Y53F4B.11	24.956	7.11681161872674	0
CSR1	Y53F4B.12	23.238	5.70534980150697	0
CSR1	Y53F4B.13	22.866	15.4603797531873	0
CSR1	Y53F4B.14	24.784	4.49734107417769	0
CSR1	Y53F4B.17	20.326	4.54231702119212	0
CSR1	Y53F4B.18	29.71	1.08572138110329	0
CSR1	Y53F4B.19	3.472	2.49763633510124	1
CSR1	Y53F4B.20	27.988	3.05789842812847	0
CSR1	Y53F4B.23	18.114	4.65641547626522	0
CSR1	Y53F4B.24	22.808	21.0284198845671	0
CSR1	Y53F4B.25	10.596	56.3441736394666	0
CSR1	Y53F4B.26	20.874	10.0991600527812	0
CSR1	Y53F4B.27	21.092	4.07163780692743	0
CSR1	Y53F4B.36	26.212	14.1010075973665	0
CSR1	Y53F4B.39	16.656	27.7891206190511	0
CSR1	Y53F4B.43	20.616	12.7800508382831	0
CSR1	Y53F4B.5	12.974	35.4744806944179	0
CSR1	Y53F4B.51	6.182	5.02680588647501	0
CSR1	Y53F4B.62	27.388	3.81142324226062	0
CSR1	Y53F4B.9	5.156	4.91345460163459	0
CSR1	Y53G8AL.1	27.728	3.80079088014527	0
CSR1	Y53G8AL.3	16.548	7.25067474147744	0
CSR1	Y53G8AL.4	23.618	17.753419020124	0
CSR1	Y53G8AM.2	18.976	2.47782172411936	0
CSR1	Y53G8AM.4	26.934	3.40186640340753	0
CSR1	Y53G8AM.6	19.392	2.83982856390004	0
CSR1	Y53G8AM.7	26.808	3.31596237237273	0
CSR1	Y53G8AM.8	13.58	19.6850396561482	0
CSR1	Y53G8AR.1	25.758	4.24124747885178	0
CSR1	Y53G8AR.5	27.914	3.66351599311931	0
CSR1	Y53G8AR.6	15.066	4.10466779242938	0
CSR1	Y53G8AR.8	29.384	3.31394983770852	0
CSR1	Y53G8AR.9	17.348	20.0136152948966	0
CSR1	Y53G8B.1	16.492	5.85648772452958	0
CSR1	Y53G8B.2	29.036	2.38191918385413	0
CSR1	Y53H1A.2	22.01	2.28821796399717	0
CSR1	Y53H1A.7	19.68	4.99223258957708	0
CSR1	Y53H1B.2	22.426	5.03678133594569	0
CSR1	Y53H1B.4	25.38	4.55649526457257	0
CSR1	Y53H1C.3	28.19	2.80050316430098	0
CSR1	Y54B9A.1	23.72	5.95861074072253	0
CSR1	Y54C5A.1	8.628	4.43572082090596	0
CSR1	Y54E10A.10	25.458	9.43896251726506	0
CSR1	Y54E10A.11	25.248	13.2903030922808	0
CSR1	Y54E10A.17	24.51	10.8180317246505	0
CSR1	Y54E10A.6	29.26	0.586002330809372	0
CSR1	Y54E10BL.1	15.242	23.5827625248484	0
CSR1	Y54E10BL.3	21.746	20.2627337313162	0
CSR1	Y54E10BR.2	10.988	10.0163800186825	0
CSR1	Y54E2A.10	19.37	21.6473081614209	0
CSR1	Y54E2A.4	27.238	4.92708529522172	0
CSR1	Y54E2A.5	21.364	8.98760520455629	0
CSR1	Y54E2A.7	19.358	12.581478103128	0
CSR1	Y54E2A.8	13.498	2.70049914239319	0
CSR1	Y54E2A.9	21.926	4.36820879159362	0
CSR1	Y54E5A.2	25.272	9.79775901835944	0
CSR1	Y54E5A.5	26.404	2.55616431586542	0
CSR1	Y54E5A.8	6.828	2.85194175621279	0
CSR1	Y54E5B.2	17.01	1.67934824892249	0
CSR1	Y54F10AL.1	24.606	0.364180554616266	0
CSR1	Y54F10AM.11	20.134	9.43975318015826	0
CSR1	Y54F10AM.6	26.436	2.73150666119953	0
CSR1	Y54F10AM.8	27.72	1.46293056248136	0
CSR1	Y54F10AR.1	12.776	66.3347182097345	0
CSR1	Y54F10AR.2	17.21	2.13138046379503	0
CSR1	Y54F10BM.12	26.044	7.0862512687996	0
CSR1	Y54F10BM.13	23.418	12.2922775864716	0
CSR1	Y54F10BM.20	27.16	2.38599224173467	0
CSR1	Y54F10BM.21	24.318	3.87106681760463	0
CSR1	Y54F10BM.22	8.33	5.1529834408967	0
CSR1	Y54F10BM.23	25.234	4.08204448309027	0
CSR1	Y54F10BM.3	25.386	10.9140001876485	0
CSR1	Y54F10BM.6	15.336	4.78978282109337	0
CSR1	Y54F10BM.9	24.52	7.70944987406143	0
CSR1	Y54G11A.1	21.94	10.6961338647687	0
CSR1	Y54G11A.14	11.228	6.01370220127663	0
CSR1	Y54G11A.17	21.334	10.9200549732795	0
CSR1	Y54G11A.19	27.848	2.35025786058061	0
CSR1	Y54G11A.2	16.26	2.49551581368678	0
CSR1	Y54G11A.3	28.09	3.91136981749929	0
CSR1	Y54G11A.4	27.42	7.76012957915706	0
CSR1	Y54G11A.7	29.45	3.71285213795223	0
CSR1	Y54G11A.9	28.438	2.90625392006425	0
CSR1	Y54G2A.10	28.514	5.76552910248161	0
CSR1	Y54G2A.11	16.642	4.62985120639146	0
CSR1	Y54G2A.12	23.474	6.99350197276276	0
CSR1	Y54G2A.13	17.486	5.64700945831081	0
CSR1	Y54G2A.15	24.752	4.55807775115082	0
CSR1	Y54G2A.16	2.886	2.30624550135741	1
CSR1	Y54G2A.19	18.886	8.27048346868787	0
CSR1	Y54G2A.26	19.71	4.30087660122227	0
CSR1	Y54G2A.28	17.16	5.10131485611068	0
CSR1	Y54G2A.32	29.804	0.757574522635707	0
CSR1	Y54G2A.36	13.05	3.95249309557357	0
CSR1	Y54G2A.37	26.29	8.62754694353603	0
CSR1	Y54G2A.38	25.448	13.325495527578	0
CSR1	Y54G2A.40	26.954	2.93263296835152	0
CSR1	Y54G2A.41	23.388	1.67009620031091	0
CSR1	Y54G2A.44	28.512	1.99567869162682	0
CSR1	Y54G2A.45	24.25	2.32103047908788	0
CSR1	Y54G2A.48	27.866	4.39999850904721	0
CSR1	Y54G2A.49	22.48	5.124643972886	0
CSR1	Y54G2A.50	20.732	3.27203507813234	0
CSR1	Y54G2A.52	27.71	1.5509468745539	0
CSR1	Y54G2A.57	8.722	6.06543693531121	0
CSR1	Y54G2A.7	27.888	1.70416603831262	0
CSR1	Y54G2A.72	16.578	4.10080143152204	0
CSR1	Y54G2A.73	14.786	14.8624529000859	0
CSR1	Y54G2A.76	25.018	7.34434607531878	0
CSR1	Y54G2A.77	26.494	5.83584984298573	0
CSR1	Y54G9A.5	22.048	9.63987112713399	0
CSR1	Y54G9A.9	27.87	4.35542693762667	0
CSR1	Y54H5A.2	26.552	4.41218984493838	0
CSR1	Y55B1AR.2	13.04	29.4248776043877	0
CSR1	Y55B1AR.4	21.632	2.33310803189165	0
CSR1	Y55B1BL.1	20.064	9.46494781441201	0
CSR1	Y55B1BL.2	21.2	6.6211866111409	0
CSR1	Y55B1BR.6	18.27	13.9998493069484	0
CSR1	Y55B1BR.8	17.1	24.5321114665329	0
CSR1	Y55D5A.1	22.086	8.65106978764825	0
CSR1	Y55D5A.2	10.328	9.68662766681481	0
CSR1	Y55D5A.3	25.016	6.70263807328373	0
CSR1	Y55D5A.4	19.404	3.25280102152793	0
CSR1	Y55D9A.2	21.12	3.35189151016805	0
CSR1	Y55F3AM.11	28.706	5.66287900845982	0
CSR1	Y55F3AM.13	23.314	28.9068295721252	0
CSR1	Y55F3AM.21	21.544	7.28346384671309	0
CSR1	Y55F3AM.5	27.406	3.0470074869901	0
CSR1	Y55F3AM.9	14.192	25.0910557585337	0
CSR1	Y55F3AR.2	9.426	19.236113656232	0
CSR1	Y55F3BL.4	12.156	3.79512190905513	0
CSR1	Y55F3BL.6	29.494	1.13230174129037	0
CSR1	Y55F3BR.1	7.77	2.13036619784387	0
CSR1	Y55F3BR.10	18.946	16.8162426677919	0
CSR1	Y55F3BR.11	7.358	3.41447322586403	0
CSR1	Y55F3BR.2	28.236	1.61997683480566	0
CSR1	Y55F3BR.6	18.314	7.44652093071171	0
CSR1	Y55F3C.10	20.152	8.82313539503783	0
CSR1	Y55F3C.9	29.466	0.283534902249447	0
CSR1	Y55H10A.2	6.052	2.43798087917026	0
CSR1	Y56A3A.16	23.224	15.7444223673354	0
CSR1	Y56A3A.18	21.568	12.5134533959603	0
CSR1	Y56A3A.2	26.746	9.9346749007733	0
CSR1	Y56A3A.22	24.144	7.65612152748886	0
CSR1	Y56A3A.28	20.374	9.71055595084077	0
CSR1	Y56A3A.30	22.766	6.1993314108532	0
CSR1	Y56A3A.31	22.266	15.4394624904766	0
CSR1	Y56A3A.33	27.62	0.399904453916991	0
CSR1	Y56A3A.41	26.972	3.98327740839578	0
CSR1	Y56A3A.6	11.674	34.0045306209322	0
CSR1	Y56A3A.7	18.68	33.2821274874012	0
CSR1	Y57A10A.13	27.788	2.48795791159956	0
CSR1	Y57A10A.14	20.338	5.28005473719238	0
CSR1	Y57A10A.2	23.746	6.82977505478915	0
CSR1	Y57A10A.24	25.746	8.02052703621027	0
CSR1	Y57A10A.27	23.014	10.434208737339	0
CSR1	Y57A10A.29	26.09	14.6116186174991	0
CSR1	Y57A10A.31	27.844	10.7749604747893	0
CSR1	Y57A10A.4	20.516	3.824434234657	0
CSR1	Y57A10A.5	20.746	1.86611098183084	0
CSR1	Y57A10A.8	20.598	7.24782290048182	0
CSR1	Y57A10B.6	27.69	2.8381195672645	0
CSR1	Y57A10B.7	19.034	10.0909467580423	0
CSR1	Y57A10C.1	22.31	14.293777816067	0
CSR1	Y57A10C.10	24.028	12.3479753617331	0
CSR1	Y57A10C.11	25.28	9.20666515432705	0
CSR1	Y57A10C.8	25.354	3.64611091961115	0
CSR1	Y57A10C.9	28.664	2.79842619795254	0
CSR1	Y57E12AL.1	17.218	4.92924078455985	0
CSR1	Y57E12AL.2	20.472	4.91483973369442	0
CSR1	Y57E12AL.6	22.184	10.9733753352493	0
CSR1	Y57E12AR.1	24.93	1.39126716374044	0
CSR1	Y57E12B.1	13.926	4.34234388061803	0
CSR1	Y57E12B.10	23.62	14.7983419305358	0
CSR1	Y57E12B.11	17.402	5.81890328728835	0
CSR1	Y57E12B.4	15.398	9.2684407819647	0
CSR1	Y57G11A.2	25.83	9.77631731494723	0
CSR1	Y57G11A.4	26.262	4.77094102464691	0
CSR1	Y57G11A.5	27.326	2.46503269307401	0
CSR1	Y57G11B.2	15.34	3.69541989434161	0
CSR1	Y57G11B.3	26.178	3.03328327207408	0
CSR1	Y57G11B.5	27.462	5.48567482480027	0
CSR1	Y57G11B.6	22.078	3.03949118932934	0
CSR1	Y57G11B.8	24.272	15.2986831708538	0
CSR1	Y57G11C.1130	23.992	8.3714344178041	0
CSR1	Y57G11C.1131	24.742	12.7237962258425	0
CSR1	Y57G11C.1142	14.646	5.42833941309882	0
CSR1	Y57G11C.1144	17.724	12.4417881523778	0
CSR1	Y57G11C.1147	20.6	16.5505862714566	0
CSR1	Y57G11C.14	22.252	9.47118005922425	0
CSR1	Y57G11C.20	26.454	4.34951830026412	0
CSR1	Y57G11C.22	3.082	0.90035281800854	1
CSR1	Y57G11C.23	13.884	5.83574282589173	0
CSR1	Y57G11C.28	21.636	6.73712960590431	0
CSR1	Y57G11C.3	27.454	11.335170041737	0
CSR1	Y57G11C.30	15.736	3.4695413826367	0
CSR1	Y57G11C.31	27.69	1.01087287845998	0
CSR1	Y57G11C.33	12.694	6.35675332257691	0
CSR1	Y57G11C.36	24.088	5.04083521069689	0
CSR1	Y57G11C.38	25.988	10.8015988920943	0
CSR1	Y57G11C.40	27.53	1.15924252795009	0
CSR1	Y57G11C.41	15.612	2.0474021456288	0
CSR1	Y57G11C.42	19.518	6.96711703338171	0
CSR1	Y57G11C.43	23.804	18.077048137846	0
CSR1	Y57G11C.46	17.442	4.69139187435185	0
CSR1	Y57G11C.48	8.478	4.84423842517733	0
CSR1	Y57G11C.499	27.622	3.47269877976641	0
CSR1	Y57G11C.5	25.04	1.53844730704938	0
CSR1	Y57G11C.51	14.652	3.92523937438762	0
CSR1	Y57G11C.52	19.6	2.4997396782416	0
CSR1	Y57G11C.8	23.124	12.5917042279725	0
CSR1	Y57G7A.1	27.754	2.92323178432395	0
CSR1	Y57G7A.11	26.978	3.785797549896	0
CSR1	Y57G7A.2	10.132	6.55812982017891	0
CSR1	Y57G7A.3	19.976	3.43606879494191	0
CSR1	Y57G7A.5	28.002	3.02512333401418	0
CSR1	Y57G7A.6	24.01	12.9842024857664	0
CSR1	Y58A7A.1	28.128	7.21811996510525	0
CSR1	Y58A7A.2	22.69	3.11217074398214	0
CSR1	Y58A7A.3	22.176	9.52614292726003	0
CSR1	Y58A7A.4	19.872	38.9064618258196	0
CSR1	Y58A7A.5	16.448	8.45343384979495	0
CSR1	Y59A8A.8	12.022	1.35842224316988	0
CSR1	Y59A8B.12	20.398	2.34021623944829	0
CSR1	Y59A8B.19	14.758	4.16527520231882	0
CSR1	Y59A8B.21	21.584	13.4892761925882	0
CSR1	Y59A8B.24	24.134	5.47052933882362	0
CSR1	Y59A8B.25	20.09	1.69859487613256	0
CSR1	Y59A8B.26	20.968	9.91353609318557	0
CSR1	Y59A8B.8	29.318	0.875738128706253	0
CSR1	Y59C2A.1	27.802	2.75921870046396	0
CSR1	Y59C2A.2	27.876	0.624749258445976	0
CSR1	Y59C2A.3	21.6	5.77108913652124	0
CSR1	Y59E1A.4	21.094	2.97807826557251	0
CSR1	Y59E9AL.36	25.224	13.2944746129709	0
CSR1	Y59E9AL.4	27.726	5.38028291956387	0
CSR1	Y59E9AL.8	29.412	1.64106371307938	0
CSR1	Y59E9AR.1	27.202	2.44631724888656	0
CSR1	Y59E9AR.2	25.806	10.4930869078446	0
CSR1	Y59H11AM.1	26.6	3.47464833803124	0
CSR1	Y59H11AM.4	21.808	5.41021717353978	0
CSR1	Y59H11AR.10	14.088	6.08079306569864	0
CSR1	Y59H11AR.3	17.99	0.877139179436328	0
CSR1	Y59H11AR.4	26.99	5.58256717473776	0
CSR1	Y5F2A.4	17.678	4.17037045529222	0
CSR1	Y5H2A.1	21.938	29.5580826613162	0
CSR1	Y5H2A.4	21.07	8.52440902706635	0
CSR1	Y5H2B.3	22.99	12.7291114872217	0
CSR1	Y60A3A.16	21.838	10.3558400321228	0
CSR1	Y60A3A.19	22.58	15.2112398090084	0
CSR1	Y60A3A.21	27.636	1.96975688196616	0
CSR1	Y60A3A.23	4.82	2.29625971174052	1
CSR1	Y60A3A.24	22.986	4.47798855301356	0
CSR1	Y60A3A.25	19.772	10.1990139206039	0
CSR1	Y60A3A.8	25.104	5.45152297602674	0
CSR1	Y60A9.1	14.474	4.04146426141429	0
CSR1	Y60A9.3	20.588	3.45977799923298	0
CSR1	Y60A9A.1	17.696	10.12124522318	0
CSR1	Y60C6A.1	21.784	3.4214967366643	0
CSR1	Y60C6A.2	25.244	0.712820614278279	0
CSR1	Y60C6A.3	19.586	1.3395012851183	0
CSR1	Y61A9LA.1	28.13	1.4038572765004	0
CSR1	Y61A9LA.10	29.958	1.79111347160657	0
CSR1	Y61A9LA.12	27.522	5.13362582114374	0
CSR1	Y61A9LA.3	24.408	16.1942456902965	0
CSR1	Y61A9LA.4	24.17	10.520657415107	0
CSR1	Y61A9LA.7	23.26	5.01426911356607	0
CSR1	Y61B8A.6	25.37	9.20139927697136	0
CSR1	Y61B8B.3	22.254	10.3423785685668	0
CSR1	Y62E10A.11	24.806	7.46182706231711	0
CSR1	Y62E10A.13	24.014	27.600863510979	0
CSR1	Y62E10A.19	17.884	18.9590204074689	0
CSR1	Y62E10A.20	26.578	3.97380589999076	0
CSR1	Y62E10A.23	22.97	10.3404669320355	0
CSR1	Y62E10A.24	8.314	1.40937073220419	0
CSR1	Y62E10A.3	26.016	5.10816200323283	0
CSR1	Y62E10A.6	27.494	5.06699208285891	0
CSR1	Y62F5A.10	15.476	9.83542314826144	0
CSR1	Y62F5A.12	20.512	2.33078173603579	0
CSR1	Y62F5A.9	23.958	3.44566308690345	0
CSR1	Y62H9A.1	23.9	9.85109102220817	0
CSR1	Y62H9A.10	16.994	12.7075484298766	0
CSR1	Y62H9A.11	18.982	9.14144500844738	0
CSR1	Y62H9A.12	24.196	10.1062056865161	0
CSR1	Y62H9A.13	19.398	2.81828044205961	0
CSR1	Y62H9A.14	23.42	4.60541007120437	0
CSR1	Y62H9A.15	16.204	4.60282526711518	0
CSR1	Y62H9A.16	21.252	2.19305789793473	0
CSR1	Y62H9A.2	18.484	6.35340650008562	0
CSR1	Y62H9A.3	4.516	16.5881196440808	0
CSR1	Y62H9A.4	24.558	12.9685588246488	0
CSR1	Y62H9A.5	24.836	1.7088792379163	0
CSR1	Y62H9A.7	16.668	9.54314140990623	0
CSR1	Y62H9A.8	22.828	7.25740165758504	0
CSR1	Y62H9A.9	27.4	6.09057279643315	0
CSR1	Y63D3A.4	25.566	17.2310268591321	0
CSR1	Y64G10A.1	25.402	8.071834015495	0
CSR1	Y64G10A.10	25.468	7.46614721303059	0
CSR1	Y64G10A.2	19.364	9.89650137345017	0
CSR1	Y64G10A.7	12.378	3.29672500953487	0
CSR1	Y64H9A.2	6.508	3.66915503140109	0
CSR1	Y65A5A.1	19.044	10.1940787008895	0
CSR1	Y65A5A.2	20.23	3.68140523787468	0
CSR1	Y65A5A.24	14.154	1.79474040949695	0
CSR1	Y65B4A.2	26.522	3.01487879139154	0
CSR1	Y65B4A.4	20.144	5.65583397247765	0
CSR1	Y65B4A.7	27.354	4.71272886884789	0
CSR1	Y65B4A.8	26.974	6.77760199480759	0
CSR1	Y65B4A.9	27.12	8.313159202058	0
CSR1	Y65B4BL.1	21.38	8.00516924930744	0
CSR1	Y65B4BL.3	22.35	5.58397507539645	0
CSR1	Y65B4BL.4	12.376	49.1756475963692	0
CSR1	Y65B4BL.6	22.028	9.45672533363992	0
CSR1	Y65B4BL.7	27.996	4.27713390100175	0
CSR1	Y65B4BM.3	9.738	3.9648371639296	0
CSR1	Y65B4BR.1	15.58	1.87074347134656	0
CSR1	Y66A7A.4	7.36	4.26097874471922	0
CSR1	Y66A7A.7	25.706	1.80328136383016	0
CSR1	Y66A7A.9	21.866	14.1984009891519	0
CSR1	Y66C5A.1	20.182	0.678840796682321	0
CSR1	Y66C5A.2	25.332	1.33209494719285	0
CSR1	Y66D12A.1	14.41	2.36711421246503	0
CSR1	Y66D12A.10	28.316	4.71789503895616	0
CSR1	Y66D12A.11	14.146	7.5005500042007	0
CSR1	Y66D12A.13	16.214	2.26508033672392	0
CSR1	Y66D12A.16	2.484	4.30399267661968	1
CSR1	Y66D12A.19	20.052	29.4064070086603	0
CSR1	Y66D12A.21	13.442	5.92105554362243	0
CSR1	Y66D12A.24	22.746	25.9307379730545	0
CSR1	Y66D12A.3	24.276	4.89022925641748	0
CSR1	Y66D12A.30	26.884	6.46987781573145	0
CSR1	Y66D12A.6	11.92	2.13967294376793	0
CSR1	Y66D12A.7	26.57	2.38553827102683	0
CSR1	Y66D12A.8	10.608	1.94385164687511	0
CSR1	Y66H1A.5	3.118	10.4551249973099	0
CSR1	Y66H1A.8	12.568	3.94054275076392	0
CSR1	Y67A10A.11	27.154	4.9895199075721	0
CSR1	Y67A10A.2	24.534	6.7830171449315	0
CSR1	Y67A10A.3	24.014	11.4601526640301	0
CSR1	Y67A10A.7	28.152	8.10498105934157	0
CSR1	Y67A6A.1	4.168	3.76839886617986	1
CSR1	Y67D2.2	26.4	5.32644990973866	0
CSR1	Y67D2.5	26.676	6.54253989301039	0
CSR1	Y67D8A.2	25.534	10.6945888051025	0
CSR1	Y67D8B.1	18.946	30.8035998841738	0
CSR1	Y67D8B.2	25.216	11.7083479078597	0
CSR1	Y67D8B.3	25.782	3.78875283931027	0
CSR1	Y67D8B.5	26.658	5.79155922312483	0
CSR1	Y67D8C.2	23.372	6.39825266191964	0
CSR1	Y67D8C.22	25.996	6.39952126424609	0
CSR1	Y67D8C.6	22.024	3.82826461834347	0
CSR1	Y67D8C.9	21.724	7.03783049235725	0
CSR1	Y67H2A.10	22.874	3.54634293599235	0
CSR1	Y67H2A.2	20.306	5.85242723382581	0
CSR1	Y67H2A.7	28.666	3.33221244104463	0
CSR1	Y68A4A.10	23.132	3.71256201900888	0
CSR1	Y68A4A.13	19.788	4.95473912003438	0
CSR1	Y68A4B.3	19.756	28.7198106585561	0
CSR1	Y69A2AL.2	7.816	4.31092798784583	0
CSR1	Y69A2AR.1	21.48	4.53020422994193	0
CSR1	Y69A2AR.12	18.978	6.54644748399718	0
CSR1	Y69A2AR.16	24.922	6.16378306168365	0
CSR1	Y69A2AR.18	11.124	29.1453240363118	0
CSR1	Y69A2AR.19	21.666	6.26621274883482	0
CSR1	Y69A2AR.22	27.504	2.63649420276371	0
CSR1	Y69A2AR.23	16.912	8.42958934022418	0
CSR1	Y69A2AR.24	12.748	7.25283810655725	0
CSR1	Y69A2AR.25	4.1	4.92960559302628	1
CSR1	Y69A2AR.28	20.908	10.6635966930823	0
CSR1	Y69A2AR.31	22.722	12.6219718111343	0
CSR1	Y69A2AR.32	23.732	10.4111885918377	0
CSR1	Y69A2AR.46	16.964	8.83690791766545	0
CSR1	Y69A2AR.47	15.962	11.3575363867335	0
CSR1	Y69A2AR.50	3.82	2.73306453112842	1
CSR1	Y69A2AR.51	22.92	16.3182098056292	0
CSR1	Y69E1A.1	29.096	1.63976442904406	0
CSR1	Y69E1A.3	10.826	3.00210319801091	0
CSR1	Y69E1A.4	27.236	3.54976632594312	0
CSR1	Y69E1A.5	28.224	1.55565190276154	0
CSR1	Y69E1A.8	18.398	7.24215321173626	0
CSR1	Y69F12A.1	29.082	2.48736001235544	0
CSR1	Y69H2.1	22.73	6.93367125817201	0
CSR1	Y69H2.10	23.864	4.67100359218191	0
CSR1	Y69H2.15	20.908	9.51154067504899	0
CSR1	Y69H2.17	26.102	8.25940056090903	0
CSR1	Y69H2.3	11.126	3.27820221907565	0
CSR1	Y69H2.7	23.39	5.47350953857217	0
CSR1	Y69H2.9	23.34	0.549518223581002	0
CSR1	Y6B3B.1	20.004	12.1099993105118	0
CSR1	Y6B3B.7	25.516	11.7154044295803	0
CSR1	Y6B3B.9	28.186	2.83702430512796	0
CSR1	Y6D1A.1	19.35	5.93528295975891	0
CSR1	Y6D1A.2	26.732	1.06150105627033	0
CSR1	Y6E2A.1	21.322	1.07481673468764	0
CSR1	Y6E2A.10	28.248	1.32962639720319	0
CSR1	Y6E2A.4	24.37	7.36461325752856	0
CSR1	Y6E2A.5	21.174	13.9632286335481	0
CSR1	Y6E2A.7	22.284	13.4696250906159	0
CSR1	Y6G8.14	26.24	8.39176483130564	0
CSR1	Y6G8.15	20.8	2.07818026409144	0
CSR1	Y6G8.16	22.824	8.400186029457	0
CSR1	Y6G8.2	26.018	5.72173350721923	0
CSR1	Y6G8.5	27.624	3.89744062521385	0
CSR1	Y6G8.6	4.128	8.30278507095656	1
CSR1	Y6G8.8	27.776	2.30619980781849	0
CSR1	Y70C5A.2	8.75	3.74972107806238	0
CSR1	Y70C5A.3	21.99	24.096908891897	0
CSR1	Y70C5A.4	23.45	4.01759171456337	0
CSR1	Y70C5B.2	26.728	5.27054840557421	0
CSR1	Y70C5C.1	28.86	4.01738723986552	0
CSR1	Y70G10A.3	9.67	6.48744194254563	0
CSR1	Y70G10A.4	17.478	1.95470356229171	0
CSR1	Y71A12B.10	21.4	22.314270653973	0
CSR1	Y71A12B.11	18.184	3.18691383833834	0
CSR1	Y71A12B.12	28.876	4.11025854789225	0
CSR1	Y71A12B.23	22.318	18.6609072877659	0
CSR1	Y71A12B.24	22.552	6.49132144454074	0
CSR1	Y71A12B.8	27.604	3.96475640921546	0
CSR1	Y71A12C.2	25.014	6.50030324936844	0
CSR1	Y71F9AL.1	21.134	6.51264758635282	0
CSR1	Y71F9AL.10	17.48	25.66068484201	0
CSR1	Y71F9AL.11	25.146	7.1276755957002	0
CSR1	Y71F9AL.12	15.374	12.1453441788361	0
CSR1	Y71F9AL.2	26.498	3.1898018548378	0
CSR1	Y71F9AL.25	21.82	3.52559753747331	0
CSR1	Y71F9AL.6	26.376	5.75511464169096	0
CSR1	Y71F9AL.7	19.982	3.28003152084373	0
CSR1	Y71F9AL.8	28.042	4.68178835861013	0
CSR1	Y71F9AL.9	16.202	25.5504404083691	0
CSR1	Y71F9AM.11	25.49	7.39711180817116	0
CSR1	Y71F9AM.8	20.674	8.50861360853088	0
CSR1	Y71F9AR.10	24.076	11.8510094086817	0
CSR1	Y71F9AR.2	20.508	0.968746740866524	0
CSR1	Y71F9AR.4	15.396	17.3659054426592	0
CSR1	Y71F9B.1	28.068	5.34406916451579	0
CSR1	Y71F9B.13	24.98	2.71908527777351	0
CSR1	Y71F9B.15	10.666	3.89092465828486	0
CSR1	Y71F9B.2	24.102	2.89532967426698	0
CSR1	Y71F9B.6	26.444	8.6365189183604	0
CSR1	Y71F9B.9	29.316	1.75159574685564	0
CSR1	Y71G10AR.4	21.144	17.832080479149	0
CSR1	Y71G12A.4	25.514	5.34993931325542	0
CSR1	Y71G12A.5	14.086	8.77333149435845	0
CSR1	Y71G12B.10	28.782	3.61574063089128	0
CSR1	Y71G12B.13	17.738	13.1790249541915	0
CSR1	Y71G12B.17	14.632	50.966102533655	0
CSR1	Y71G12B.18	28.308	3.66225500170957	0
CSR1	Y71G12B.2	28.106	2.95027552124338	0
CSR1	Y71G12B.22	23.24	13.175177142349	0
CSR1	Y71G12B.23	9.468	10.6490384539792	0
CSR1	Y71G12B.25	26.646	6.65888022161945	0
CSR1	Y71G12B.27	27.994	4.63688124348835	0
CSR1	Y71G12B.3	6.278	7.13364800028479	0
CSR1	Y71G12B.30	27.198	3.05771358194167	0
CSR1	Y71G12B.31	23.504	3.3735745614541	0
CSR1	Y71G12B.32	4.378	7.37747984949706	1
CSR1	Y71G12B.33	19.264	5.21622312662329	0
CSR1	Y71G12B.35	10.788	16.7616846101121	0
CSR1	Y71G12B.5	8.594	3.5328321384864	0
CSR1	Y71H2AL.2	13.656	1.1410399051425	0
CSR1	Y71H2AL.4	10.67	5.12773073707498	0
CSR1	Y71H2AM.1	28.94	3.57749148446525	0
CSR1	Y71H2AM.10	3.338	3.25703485318799	1
CSR1	Y71H2AM.11	28.458	6.35677412117519	0
CSR1	Y71H2AM.12	25.944	4.35916622404474	0
CSR1	Y71H2AM.14	26.362	7.34720881679233	0
CSR1	Y71H2AM.20	17.824	5.69140374654706	0
CSR1	Y71H2AM.25	25.788	5.87091443093645	0
CSR1	Y71H2AM.29	21.152	9.19613182063948	0
CSR1	Y71H2AM.3	26.932	4.62565305068042	0
CSR1	Y71H2AM.6	22.54	1.09843996478615	0
CSR1	Y71H2AR.2	29.156	2.21888786566985	0
CSR1	Y71H2B.11	28.608	1.33068930248156	0
CSR1	Y71H2B.2	13.914	28.3589362505141	0
CSR1	Y71H2B.4	27.594	3.09978157569745	0
CSR1	Y71H2B.5	29.722	5.03769680472513	0
CSR1	Y71H2B.8	27.372	2.93151799117264	0
CSR1	Y72A10A.1	23.584	3.51481109721089	0
CSR1	Y73B3A.1	18.782	7.32808617009659	0
CSR1	Y73B3A.11	14.258	23.6052089963197	0
CSR1	Y73B3A.20	20.55	1.58543402020875	0
CSR1	Y73B3A.4	23.012	8.41005422687322	0
CSR1	Y73B3A.8	24.554	6.29173317176843	0
CSR1	Y73B3B.1	24.15	3.2248993775681	0
CSR1	Y73B3B.3	25.672	2.76502808386388	0
CSR1	Y73B6A.1	28.034	1.31489992346179	0
CSR1	Y73B6A.3	21.388	13.5593839225296	0
CSR1	Y73B6BL.12	13.618	31.1166127500223	0
CSR1	Y73B6BL.14	28.718	2.67495189136426	0
CSR1	Y73B6BL.22	24	3.22035086942746	0
CSR1	Y73B6BL.23	17.514	13.9333848075428	0
CSR1	Y73B6BL.27	21.308	3.15701177056669	0
CSR1	Y73B6BL.270	17.13	25.6235976132427	0
CSR1	Y73B6BL.288	22.832	5.4382453528117	0
CSR1	Y73B6BL.289	17.138	15.0580757272331	0
CSR1	Y73B6BL.29	26.666	3.42313931381917	0
CSR1	Y73B6BL.31	27.614	9.45753918509771	0
CSR1	Y73B6BL.37	20.498	4.53183175884574	0
CSR1	Y73B6BL.44	24.656	3.23609251295942	0
CSR1	Y73B6BL.47	26.276	4.51929116805064	0
CSR1	Y73C8B.1	17.568	11.8895060854041	0
CSR1	Y73C8B.2	21.782	2.44904521476556	0
CSR1	Y73C8B.3	7.952	0.904209155545653	0
CSR1	Y73C8B.5	24.448	10.0250837516772	0
CSR1	Y73C8B.9	12.108	27.3189145696136	0
CSR1	Y73C8C.10	22.966	6.54412530304737	0
CSR1	Y73C8C.12	24.556	4.3155688954544	0
CSR1	Y73C8C.3	25.874	10.2206481376367	0
CSR1	Y73C8C.4	26.236	4.33861641755642	0
CSR1	Y73C8C.8	21.34	7.51484382056463	0
CSR1	Y73E7A.1	22.786	2.85526078878368	0
CSR1	Y73E7A.3	18.526	7.5127290102457	0
CSR1	Y73E7A.8	16.446	23.0107826420725	0
CSR1	Y73F4A.1	28.502	1.9659331266493	0
CSR1	Y73F4A.2	16.012	37.6049556974988	0
CSR1	Y73F4A.3	23.536	16.0818060440015	0
CSR1	Y73F8A.10	25.996	5.00066578182906	0
CSR1	Y73F8A.1159	20.382	6.89882627639485	0
CSR1	Y73F8A.12	26.768	1.74013892121856	0
CSR1	Y73F8A.13	23.79	8.4974629581968	0
CSR1	Y73F8A.14	23.344	25.1030404130383	0
CSR1	Y73F8A.15	22.092	19.8470823336471	0
CSR1	Y73F8A.20	24.402	7.15539061661625	0
CSR1	Y73F8A.22	27.09	2.5340587334341	0
CSR1	Y73F8A.23	25.398	8.62867507023195	0
CSR1	Y73F8A.26	28.46	4.43826785107549	0
CSR1	Y73F8A.32	20.204	9.9398781039043	0
CSR1	Y73F8A.35	26.41	9.27010245148859	0
CSR1	Y73F8A.36	20.184	20.9642670187239	0
CSR1	Y73F8A.5	17.984	8.43049285609142	0
CSR1	Y74C10AL.2	17.994	12.1921223534157	0
CSR1	Y74C10AR.2	24.834	2.45541857277718	0
CSR1	Y75B12A.2	14.09	13.3075467213417	0
CSR1	Y75B12B.1	6.272	4.46770095312331	0
CSR1	Y75B12B.10	28.38	1.32896562125765	0
CSR1	Y75B12B.11	24.686	11.133529872399	0
CSR1	Y75B12B.13	20.376	19.8994446431664	0
CSR1	Y75B12B.3	22.848	15.4948843489766	0
CSR1	Y75B7AR.1	16.366	13.292843929475	0
CSR1	Y75B7B.1	26.346	6.09159842012348	0
CSR1	Y75B7B.2	26.63	2.71269943829989	0
CSR1	Y75B8A.10	18.924	2.37693442956624	0
CSR1	Y75B8A.13	3.494	18.638072422963	0
CSR1	Y75B8A.18	2.318	0.562485108300491	1
CSR1	Y75B8A.19	25.28	8.8795027377197	0
CSR1	Y75B8A.23	20.274	2.38027236272478	0
CSR1	Y75B8A.24	4.468	3.9100210925555	1
CSR1	Y75B8A.25	25.522	4.10507591653989	0
CSR1	Y75B8A.28	23.13	12.1845206099065	0
CSR1	Y75B8A.31	24.288	10.2654188395932	0
CSR1	Y75B8A.32	19.512	10.4291581871301	0
CSR1	Y75B8A.33	26.748	3.09213864023724	0
CSR1	Y75B8A.34	15.536	18.9443366670573	0
CSR1	Y75B8A.37	30.024	0.319986973740352	0
CSR1	Y75B8A.39	24.524	5.87962347254891	0
CSR1	Y75B8A.44	20.29	10.867953213997	0
CSR1	Y75B8A.6	19.876	5.38685533018228	0
CSR1	Y75B8A.63	12.836	7.83692205300552	0
CSR1	Y75B8A.7	15.294	53.7121256516693	0
CSR1	Y75B8A.8	21.314	3.43342006556016	0
CSR1	Y75D11A.2	21.6	7.29074803149241	0
CSR1	Y75D11A.3	22.4	8.38543317169965	0
CSR1	Y75D11A.6	21.316	15.235954712296	0
CSR1	Y76A2B.4	19.952	5.41593726445234	0
CSR1	Y76B12C.3	21.776	6.45288254872408	0
CSR1	Y76B12C.4	12.552	6.04573764011713	0
CSR1	Y76B12C.6	20.172	30.6255623599019	0
CSR1	Y76B12C.8	18.25	17.9070387810436	0
CSR1	Y76B12C.9	13.804	11.9704526440295	0
CSR1	Y77E11A.12	22.662	1.9970454351198	0
CSR1	Y77E11A.14	22.506	2.89777521485282	0
CSR1	Y77E11A.16	19.546	2.44896784642307	0
CSR1	Y77E11A.23	24.694	5.96721206985914	0
CSR1	Y77E11A.7	22.528	3.2412327241138	0
CSR1	Y77E11A.8	26.264	7.32547234936772	0
CSR1	Y79H2A.12	20.348	4.45451634925838	0
CSR1	Y79H2A.2	4.424	1.33344314681307	1
CSR1	Y79H2A.3	24.768	4.09324361558288	0
CSR1	Y79H2A.4	20.926	1.54132093856252	0
CSR1	Y7A5A.1	29.372	1.2047677407104	0
CSR1	Y7A5A.10	20.892	16.6506759739202	0
CSR1	Y7A5A.13	22.514	20.3130448220699	0
CSR1	Y7A5A.2	18.318	17.2698016078426	0
CSR1	Y7A5A.20	25.008	3.90734530523342	0
CSR1	Y7A5A.24	24.438	8.69960859336407	0
CSR1	Y7A5A.25	19.672	2.93834455586425	0
CSR1	Y7A5A.3	26.2	4.48428615609007	0
CSR1	Y7A5A.5	23.65	11.663025959143	0
CSR1	Y7A5A.6	19.114	14.0470077671598	0
CSR1	Y7A5A.7	14.512	41.0134449721449	0
CSR1	Y7A5A.8	11.336	2.26421132352231	0
CSR1	Y7A5A.9	19.872	5.56387707740851	0
CSR1	Y7A9A.1	26.062	9.57401332311831	0
CSR1	Y80D3A.8	26.954	8.93902664786972	0
CSR1	Y80D4G.2	21.406	8.09214144928247	0
CSR1	Y81B9A.1	27.784	7.38464753871962	0
CSR1	Y81B9A.2	25.502	1.69169583677335	0
CSR1	Y81B9A.3	25.394	3.65588298126653	0
CSR1	Y81B9A.4	25.974	4.80469066070664	0
CSR1	Y81G3A.1	15.826	6.22298902074229	0
CSR1	Y81G3A.2	19.624	11.0982990729963	0
CSR1	Y81G3A.4	23.416	14.3447328214981	0
CSR1	Y81G3A.6	18.862	7.42823583197245	0
CSR1	Y82E9BL.1	19.934	16.3144727414983	0
CSR1	Y82E9BL.12	26.568	5.33385708247369	0
CSR1	Y82E9BL.18	27.214	1.56452521093381	0
CSR1	Y82E9BL.19	16.046	36.0592261536757	0
CSR1	Y82E9BL.3	22.786	4.16490511330777	0
CSR1	Y82E9BL.5	26.292	5.36698703991877	0
CSR1	Y82E9BL.6	20.298	0.783157971433022	0
CSR1	Y82E9BR.10	16.776	9.23309967879887	0
CSR1	Y82E9BR.14	11.992	1.91558720367995	0
CSR1	Y82E9BR.16	16.37	1.08591257389317	0
CSR1	Y82E9BR.17	25.958	7.78139133042681	0
CSR1	Y82E9BR.18	23.724	1.99242887655907	0
CSR1	Y82E9BR.19	24.71	19.7134807119454	0
CSR1	Y82E9BR.20	25.56	3.34054870145587	0
CSR1	Y82E9BR.22	20.124	23.0760103284812	0
CSR1	Y82E9BR.3	27.54	1.92875067642982	0
CSR1	Y82E9BR.5	18.32	5.9180224840932	0
CSR1	Y82E9BR.6	24.84	5.41558905774131	0
CSR1	Y82E9BR.8	21.652	8.48898150779502	0
CSR1	Y82E9BR.9	24.536	3.65192253657467	0
CSR1	Y87G2A.1	25.844	8.73246617076654	0
CSR1	Y87G2A.13	26.72	4.31242645146733	0
CSR1	Y87G2A.16	26.06	6.19560340478228	0
CSR1	Y87G2A.18	24.238	4.95540544005763	0
CSR1	Y87G2A.19	24.158	7.3053002642503	0
CSR1	Y87G2A.2	19.75	27.5865043439644	0
CSR1	Y87G2A.20	17.32	3.12178982960236	0
CSR1	Y87G2A.25	17.532	2.92719523751011	0
CSR1	Y8A9A.2	25.944	3.32876386575255	0
CSR1	Y8A9A.3	16.72	3.0068330072367	0
CSR1	Y8A9A.4	13.284	2.25998636316156	0
CSR1	Y92H12A.2	17.166	36.5151574292857	0
CSR1	Y92H12A.5	27.666	3.00155258265554	0
CSR1	Y92H12BL.1	20.794	4.55843920927872	0
CSR1	Y92H12BL.4	17.152	13.0103767905486	0
CSR1	Y92H12BL.5	25.936	4.98703455060969	0
CSR1	Y92H12BL.6	6.366	13.6005617001558	0
CSR1	Y92H12BL.7	27.142	6.04978364672045	0
CSR1	Y92H12BM.1	17.932	3.71910990763261	0
CSR1	Y92H12BR.2	19.432	18.1255726035014	0
CSR1	Y92H12BR.3	26.512	7.14740315086424	0
CSR1	Y92H12BR.7	24.426	9.13611266408946	0
CSR1	Y94A7B.11	23.274	7.28109993293754	0
CSR1	Y94H6A.10	24.014	1.97496400769	0
CSR1	Y94H6A.12	27.712	5.38371458277513	0
CSR1	Y94H6A.2	27.98	2.60422859003362	0
CSR1	Y94H6A.3	7.074	6.68049244959036	0
CSR1	Y94H6A.5	25.95	10.2171070682501	0
CSR1	Y94H6A.7	28.35	5.02759973351141	0
CSR1	Y95B8A.4	28.414	1.23745540946574	0
CSR1	Y95B8A.6	23.972	4.61547706384442	0
CSR1	Y95D11A.1	13.734	2.84414518617609	0
CSR1	Y95D11A.3	18.444	3.66255703950592	0
CSR1	Y95D11A.5	20.258	5.00329724205036	0
CSR1	Y97E10AL.1	24.432	5.37332172314637	0
CSR1	Y97E10AR.1	25.44	5.08528402092102	0
CSR1	Y97E10AR.2	24.382	14.7921202372651	0
CSR1	Y97E10AR.3	13.52	7.14437316038063	0
CSR1	Y97E10AR.4	16.01	1.93578603589154	0
CSR1	Y97E10AR.6	20.762	5.4179001843592	0
CSR1	Y97E10AR.8	25.452	7.28843532886327	0
CSR1	Y97E10B.1	22.734	2.9960590786039	0
CSR1	Y97E10C.1	24.314	4.61067572590497	0
CSR1	Y97E10C.2	26.366	12.3407569378384	0
CSR1	Y9C12A.1	17.03	5.62593700720012	0
CSR1	Y9C2UA.1	17.426	20.4328138221607	0
CSR1	Y9C9A.13	28.384	1.04619213091115	0
CSR1	Y9C9A.16	25.308	7.43559218637659	0
CSR1	Y9C9A.5	27.326	3.31510761301358	0
CSR1	Y9C9A.8	26.154	4.41648979574694	0
CSR1	ZC116.1	14.492	27.0775302742441	0
CSR1	ZC116.5	21.682	6.15553119716528	0
CSR1	ZC123.1	10.962	8.31627812047596	0
CSR1	ZC13.1	25.522	3.30749398248482	0
CSR1	ZC13.10	21.806	22.1433290092282	0
CSR1	ZC13.2	23.47	11.4559346744916	0
CSR1	ZC132.11	20.764	2.05532130276554	0
CSR1	ZC132.3	15.914	0.842588427390306	0
CSR1	ZC132.9	24.704	6.26374103163369	0
CSR1	ZC15.1	26.174	8.23571453068852	0
CSR1	ZC15.10	23.722	10.2237471702744	0
CSR1	ZC15.3	19.436	30.7637025541944	0
CSR1	ZC15.5	26.908	4.74455039592673	0
CSR1	ZC155.2	23.682	2.09974878020141	0
CSR1	ZC155.4	24.7	7.81061798128167	0
CSR1	ZC168.2	23.362	15.5984694499203	0
CSR1	ZC190.10	21.598	3.26499554337279	0
CSR1	ZC190.2	20.21	13.9739586162057	0
CSR1	ZC190.4	19.926	7.25756873653315	0
CSR1	ZC190.5	25.076	6.29539128826835	0
CSR1	ZC190.6	21.558	13.0912839091057	0
CSR1	ZC190.7	16.168	10.9937015913274	0
CSR1	ZC190.8	25.154	4.62874791049645	0
CSR1	ZC196.2	25.256	7.93392226128266	0
CSR1	ZC196.3	20.734	8.11221626450314	0
CSR1	ZC196.4	22.542	15.6938778774164	0
CSR1	ZC196.5	11.294	64.2015773662246	0
CSR1	ZC196.8	24.944	14.2774467240296	0
CSR1	ZC196.9	6.57	9.71326364665874	0
CSR1	ZC204.12	21.622	24.8940838715155	0
CSR1	ZC204.13	25.05	10.2001281058643	0
CSR1	ZC204.14	16.934	5.6136816449795	0
CSR1	ZC204.17	21.808	11.5423930303569	0
CSR1	ZC204.6	24.892	3.59742866225709	0
CSR1	ZC21.10	17.726	15.1768954831761	0
CSR1	ZC21.3	10.012	4.83073080309767	0
CSR1	ZC21.6	9.844	2.75554994241692	0
CSR1	ZC21.8	23.912	6.36361178159514	0
CSR1	ZC239.13	25.888	6.85824829964696	0
CSR1	ZC239.14	24.88	5.36744888200683	0
CSR1	ZC239.15	27.18	5.18574584920852	0
CSR1	ZC239.16	21.356	22.1471197482085	0
CSR1	ZC239.17	23.08	9.49985697016624	0
CSR1	ZC239.20	27.19	7.22750653418132	0
CSR1	ZC239.21	27.108	3.5669856409014	0
CSR1	ZC239.22	12.56	4.52597802225031	0
CSR1	ZC239.3	23.19	6.28731993168236	0
CSR1	ZC239.4	25.468	4.3321014475596	0
CSR1	ZC239.5	25.706	10.6923590370746	0
CSR1	ZC239.6	13.316	2.52924080357736	0
CSR1	ZC247.2	24.594	2.23235915679546	0
CSR1	ZC250.2	27.438	2.70944596160714	0
CSR1	ZC250.4	22.582	1.70515648358653	0
CSR1	ZC250.5	23.834	4.40353274144196	0
CSR1	ZC262.1	26.56	8.02240602899005	0
CSR1	ZC262.13	27.212	4.48274383490208	0
CSR1	ZC262.2	22.398	9.93617482454103	0
CSR1	ZC262.4	23.862	3.22381143162314	0
CSR1	ZC262.5	20.03	18.5538470331364	0
CSR1	ZC262.7	17.44	4.36627766280787	0
CSR1	ZC266.1	6.338	5.95224409281271	0
CSR1	ZC302.3	24.654	4.65551940583089	0
CSR1	ZC308.4	19.15	2.35884563532433	0
CSR1	ZC317.2	23.04	3.27841841189748	0
CSR1	ZC317.6	18.218	2.30456257312185	0
CSR1	ZC317.7	1.914	2.29528554195285	1
CSR1	ZC328.3	13.928	7.08190028454952	0
CSR1	ZC328.5	11.276	2.89726478318552	0
CSR1	ZC328.8	18.812	1.18112698952282	0
CSR1	ZC334.12	13.096	6.53632021472151	0
CSR1	ZC334.13	26.214	4.10095972034401	0
CSR1	ZC334.7	22.916	1.07449641428353	0
CSR1	ZC373.2	7.144	6.57492550579784	0
CSR1	ZC373.3	26.558	4.03018448572428	0
CSR1	ZC373.5	21.704	2.53233528010581	0
CSR1	ZC374.2	3.98	2.09463969855943	1
CSR1	ZC376.8	22.656	4.19461299921424	0
CSR1	ZC395.11	20.53	17.2713462414782	0
CSR1	ZC395.4	24.482	6.036516376262	0
CSR1	ZC395.5	24.526	3.66352214903085	0
CSR1	ZC404.1	26.814	4.44859154858367	0
CSR1	ZC404.15	15.734	5.41698633244459	0
CSR1	ZC404.16	20.364	4.94568608167482	0
CSR1	ZC404.2	22.796	15.0511859393746	0
CSR1	ZC412.10	28.63	2.24847739286498	0
CSR1	ZC412.3	22.144	14.7418101640661	0
CSR1	ZC412.5	11.758	5.89214723638505	0
CSR1	ZC416.2	15.406	4.50541177881543	0
CSR1	ZC434.10	23.176	4.53861651623051	0
CSR1	ZC434.3	24.92	9.99096702781482	0
CSR1	ZC434.4	19.092	11.294794134114	0
CSR1	ZC434.8	27.806	5.66704730038904	0
CSR1	ZC434.9	23.494	7.88955574533765	0
CSR1	ZC443.1	28.228	4.87741606755879	0
CSR1	ZC443.2	3.382	9.21469009144054	1
CSR1	ZC443.3	12.666	9.17428936073198	0
CSR1	ZC443.4	22.23	5.15742086208404	0
CSR1	ZC443.7	24.872	4.52975645444373	0
CSR1	ZC449.1	23.782	1.5505050104598	0
CSR1	ZC449.2	15.704	7.81770859881088	0
CSR1	ZC449.4	17.548	5.32014551116834	0
CSR1	ZC449.5	16.618	11.9161891298839	0
CSR1	ZC449.7	23.664	5.62944723497611	0
CSR1	ZC449.8	20.236	19.1213510268119	0
CSR1	ZC455.1	12.766	0.969876055101442	0
CSR1	ZC477.2	28.602	3.94228590332743	0
CSR1	ZC477.3	24.762	7.33922426950145	0
CSR1	ZC477.4	14.696	2.93922884507378	0
CSR1	ZC477.7	26.9	8.81479977797723	0
CSR1	ZC487.1	16.198	3.48149537034576	0
CSR1	ZC487.2	21.438	9.71480248926342	0
CSR1	ZC504.1	11.616	5.83770369377284	0
CSR1	ZC506.1	20.468	6.66661077922212	0
CSR1	ZC513.14	26.242	3.38394420973617	0
CSR1	ZC513.2	25.658	4.66148365995251	0
CSR1	ZC513.3	23.686	4.19103381447717	0
CSR1	ZC518.8	22.16	22.0266766865273	0
CSR1	ZC53.1	23.698	3.43106110484177	0
CSR1	ZC53.2	25.87	6.69481935958525	0
CSR1	ZC53.22	20.396	18.6508215149809	0
CSR1	ZC581.10	19.414	14.4487999195474	0
CSR1	ZC581.2	27.718	9.58217611397699	0
CSR1	ZC581.3	16.248	2.60950839776751	0
CSR1	ZC581.7	29.206	1.75985905485863	0
CSR1	ZC581.9	24.708	14.8609969117996	0
CSR1	ZC8.6	17.912	2.35487741428567	0
CSR1	ZC84.1	8.872	3.64225469081379	0
CSR1	ZC84.6	26.388	4.44147096506422	0
CSR1	ZC84.7	17.344	15.1459007323924	0
CSR1	ZK1010.10	22.546	1.76765198503863	0
CSR1	ZK1010.12	23.226	12.0411692181698	0
CSR1	ZK1010.2	28.706	2.35491868798651	0
CSR1	ZK1010.4	25.454	13.9244269302331	0
CSR1	ZK1010.5	24.138	4.72614950011433	0
CSR1	ZK1010.8	11.636	62.8656305507171	0
CSR1	ZK1025.2	27.508	2.29735813958479	0
CSR1	ZK1025.3	22	11.6615051549677	0
CSR1	ZK1025.4	27.914	1.15990045483993	0
CSR1	ZK1037.6	27.596	5.83680040566983	0
CSR1	ZK105.1	19.96	24.6770315825741	0
CSR1	ZK105.11	27.552	2.6218463115827	0
CSR1	ZK105.12	27.022	5.06165696108705	0
CSR1	ZK105.13	3.48	2.40419547854619	1
CSR1	ZK105.14	25.87	7.55526085460614	0
CSR1	ZK105.3	25.44	5.85137553781213	0
CSR1	ZK105.5	27.326	3.81034778484755	0
CSR1	ZK105.6	26.004	5.85893837467866	0
CSR1	ZK105.8	15.586	4.09937630581597	0
CSR1	ZK1053.1	28.566	1.24988943053671	0
CSR1	ZK1053.2	20.582	6.62282778021071	0
CSR1	ZK1053.3	24.364	15.7133654874292	0
CSR1	ZK1053.4	27.592	2.47583535376123	0
CSR1	ZK1053.6	24.166	6.3346295378199	0
CSR1	ZK1055.2	20.764	24.7286165448971	0
CSR1	ZK1055.4	26.49	6.24972165989095	0
CSR1	ZK1055.6	26.386	7.5875708434806	0
CSR1	ZK1055.7	26.948	7.31679606897718	0
CSR1	ZK1058.3	22.282	17.5179682535452	0
CSR1	ZK1058.9	24.154	8.90321961798103	0
CSR1	ZK1067.3	7.53	13.9672863088303	0
CSR1	ZK1067.4	22.984	6.69187463866952	0
CSR1	ZK1073.1	21.928	14.5214038885755	0
CSR1	ZK1073.2	25.154	4.84381371590389	0
CSR1	ZK1086.2	26.828	4.55217514758793	0
CSR1	ZK1086.3	20.136	5.11432445712367	0
CSR1	ZK1098.1	3.67	2.69741006447184	1
CSR1	ZK1098.11	28.056	1.13207912923327	0
CSR1	ZK1098.12	13.018	1.71199626474006	0
CSR1	ZK1098.2	25.148	9.88093742979358	0
CSR1	ZK1098.3	26.96	4.99868729961513	0
CSR1	ZK1098.4	27.974	4.15944624307008	0
CSR1	ZK1098.6	24.88	10.2316064938848	0
CSR1	ZK1098.9	22.866	6.27143270235484	0
CSR1	ZK112.4	9.46	6.05543111250387	0
CSR1	ZK112.5	28.478	3.32029197414287	0
CSR1	ZK112.6	24.576	9.80393419077939	0
CSR1	ZK1127.12	22.732	12.2772858674652	0
CSR1	ZK1127.13	27.79	4.06469797698409	0
CSR1	ZK1127.3	11.83	23.0536111310128	0
CSR1	ZK1127.4	22.964	2.23100513814987	0
CSR1	ZK1127.5	27.234	3.06746024637037	0
CSR1	ZK1128.1	27.286	6.50543073199641	0
CSR1	ZK1128.3	22.332	12.6273972513565	0
CSR1	ZK1128.7	15.464	9.17061014067219	0
CSR1	ZK1193.2	17.936	6.5849216512436	0
CSR1	ZK121.2	9.874	67.4220953380127	0
CSR1	ZK1225.1	26.022	6.83671627258133	0
CSR1	ZK1225.2	26.174	3.75484045754911	0
CSR1	ZK1225.4	26.714	5.87102088485023	0
CSR1	ZK1225.5	27.096	4.40082323521765	0
CSR1	ZK1236.1	18.456	12.0455349380665	0
CSR1	ZK1236.5	21.702	17.1333293601912	0
CSR1	ZK1236.9	20.816	21.5430366563765	0
CSR1	ZK1240.1	28.266	4.98258862329977	0
CSR1	ZK1240.11	24.018	5.75273125551796	0
CSR1	ZK1240.2	27.15	6.16967647452149	0
CSR1	ZK1240.3	13.792	1.94039394105594	0
CSR1	ZK1240.5	25.274	11.1794587978206	0
CSR1	ZK1240.6	23.944	3.12835255231445	0
CSR1	ZK1240.8	24.81	5.68054743629803	0
CSR1	ZK1240.9	25.168	8.69124170575363	0
CSR1	ZK1248.11	23.55	4.36572980590925	0
CSR1	ZK1248.15	20.152	3.43714924045449	0
CSR1	ZK1248.17	22.05	15.6693444328403	0
CSR1	ZK1248.19	11.15	1.82373985718949	0
CSR1	ZK1248.20	18.004	9.85368527132731	0
CSR1	ZK1248.5	23.27	20.0684359816579	0
CSR1	ZK1251.3	21.266	24.8302925889143	0
CSR1	ZK1290.1	26.24	6.27383125739505	0
CSR1	ZK1290.10	6.454	3.39214769606269	0
CSR1	ZK1290.11	22.912	2.12620027117906	0
CSR1	ZK1290.13	22.484	3.35501143835669	0
CSR1	ZK1290.14	22.096	8.59631618090204	0
CSR1	ZK1290.15	24.35	6.86433848886179	0
CSR1	ZK1290.5	28.512	2.51920494205806	0
CSR1	ZK1290.7	28.398	8.38654412084676	0
CSR1	ZK1307.1	16.944	1.76689505565909	0
CSR1	ZK1307.2	15.764	3.79809688826561	0
CSR1	ZK1307.3	24.06	12.9166265030895	0
CSR1	ZK1307.4	25.19	3.98844385315011	0
CSR1	ZK1307.7	17.096	6.03566652028489	0
CSR1	ZK1307.8	18.228	12.7017757336501	0
CSR1	ZK1307.9	21.946	5.68801071492396	0
CSR1	ZK131.11	9.164	4.80238869163481	0
CSR1	ZK1320.11	26.108	11.9399020937725	0
CSR1	ZK1320.13	11.466	2.92954623544265	0
CSR1	ZK1320.2	20.332	22.9589331239673	0
CSR1	ZK1320.3	23.994	10.9587200991586	0
CSR1	ZK1320.5	16.898	3.99431446342584	0
CSR1	ZK1320.7	23.856	16.8067735528442	0
CSR1	ZK1320.9	5.686	6.15119694938566	0
CSR1	ZK1321.1	23.986	6.23364599118662	0
CSR1	ZK1321.4	20.1	3.20210228955842	0
CSR1	ZK154.1	23.294	4.84586510930131	0
CSR1	ZK154.4	18.74	6.07563323966982	0
CSR1	ZK154.5	24.522	7.41054931076585	0
CSR1	ZK154.6	20.936	15.0253163928647	0
CSR1	ZK177.1	23.424	7.29443557376021	0
CSR1	ZK177.11	21.144	18.546944824653	0
CSR1	ZK177.12	18.856	4.05621474606576	0
CSR1	ZK177.2	25.006	2.62959322266045	0
CSR1	ZK177.3	24.152	3.02796408619644	0
CSR1	ZK177.9	24.632	7.89909681538557	0
CSR1	ZK180.5	19.062	10.3832091684477	0
CSR1	ZK180.6	17.488	5.54834040455198	0
CSR1	ZK180.7	27.106	4.94373388395464	0
CSR1	ZK180.8	15.422	24.3416368486992	0
CSR1	ZK185.1	28.01	1.39715758153156	0
CSR1	ZK185.2	11.346	1.99489204594255	0
CSR1	ZK185.3	26.574	5.76663724290696	0
CSR1	ZK185.4	3.606	1.55148094627835	1
CSR1	ZK185.5	26.486	9.26147432176867	0
CSR1	ZK218.1	26.67	4.34986034351712	0
CSR1	ZK218.11	19.432	14.6843225185943	0
CSR1	ZK218.3	26.216	4.39687147093103	0
CSR1	ZK218.4	26.388	6.78520684579063	0
CSR1	ZK218.5	19.374	37.5130778682394	0
CSR1	ZK218.7	24.296	8.84098638513748	0
CSR1	ZK228.1	27.51	5.49703179784338	0
CSR1	ZK228.10	26.948	2.40682343801511	0
CSR1	ZK228.13	24.166	4.24302005520599	0
CSR1	ZK228.3	29.374	2.39646938722906	0
CSR1	ZK228.4	27.728	3.94181597547527	0
CSR1	ZK250.13	27.802	1.90062843495112	0
CSR1	ZK250.14	14.438	3.27418019367136	0
CSR1	ZK250.2	20.756	20.3599524761287	0
CSR1	ZK262.19	14.108	3.54777239779452	0
CSR1	ZK262.2	26.882	2.25700816357924	0
CSR1	ZK262.20	27.334	2.32658268490098	0
CSR1	ZK262.3	22.132	13.6535294278284	0
CSR1	ZK262.4	24.188	5.10641503313918	0
CSR1	ZK262.8	22.776	4.44107344480944	0
CSR1	ZK262.9	24.224	3.78896901961881	0
CSR1	ZK265.7	15.862	12.5866184526238	0
CSR1	ZK285.2	24.18	13.2495128144993	0
CSR1	ZK287.1	28.322	3.67590838973334	0
CSR1	ZK287.4	14.38	1.7210526663094	0
CSR1	ZK287.7	26.596	7.77761053093391	0
CSR1	ZK287.9	22.938	4.64611171535752	0
CSR1	ZK328.6	26.22	2.47344322915194	0
CSR1	ZK353.10	24.484	2.48716764678673	0
CSR1	ZK353.2	16.276	5.56306612282518	0
CSR1	ZK353.3	8.912	1.93278521743215	0
CSR1	ZK353.4	23.552	2.60552393175773	0
CSR1	ZK353.9	19.616	15.9510516573537	0
CSR1	ZK354.2	29.142	2.48816139285018	0
CSR1	ZK354.3	7.66	2.72592859240484	0
CSR1	ZK354.6	27.686	2.67875487405056	0
CSR1	ZK354.7	15.862	2.62424115540935	0
CSR1	ZK354.8	19.78	8.92304728722546	0
CSR1	ZK354.9	19.3	25.7154857824181	0
CSR1	ZK355.2	24.608	4.77200720700922	0
CSR1	ZK355.3	27.632	3.63428658861276	0
CSR1	ZK355.8	23.412	7.05176971893826	0
CSR1	ZK370.4	12.612	15.6823455963442	0
CSR1	ZK370.6	23.102	5.30909547232343	0
CSR1	ZK377.15	18.37	11.3318344749213	0
CSR1	ZK380.2	22.748	5.73591743917765	0
CSR1	ZK380.4	16.95	19.5221854046854	0
CSR1	ZK380.6	15.578	5.53614720038374	0
CSR1	ZK381.2	26.402	1.34456843298472	0
CSR1	ZK381.62	9.08	2.35177935066769	0
CSR1	ZK381.8	28.296	2.03977293785456	0
CSR1	ZK39.10	25.236	9.37886443027105	0
CSR1	ZK402.1	20.674	2.73762712264718	0
CSR1	ZK402.2	27.714	3.65832729958729	0
CSR1	ZK402.5	18.622	8.93159065830779	0
CSR1	ZK418.10	25.432	8.9647125660753	0
CSR1	ZK418.11	27.272	3.60644504881016	0
CSR1	ZK418.13	18.54	5.60352557871917	0
CSR1	ZK418.2	28.158	1.92716421859464	0
CSR1	ZK418.5	20.096	5.0006362366005	0
CSR1	ZK418.6	17.498	1.64367841008093	0
CSR1	ZK418.7	15.846	2.15611336274259	0
CSR1	ZK430.5	20.42	23.0911074011664	0
CSR1	ZK470.1	30.034	1.05856965466787	0
CSR1	ZK470.14	23.858	6.76421351420544	0
CSR1	ZK470.2	20.478	6.80841578577633	0
CSR1	ZK470.4	20.514	19.1427145606967	0
CSR1	ZK470.6	22.958	17.0390468793499	0
CSR1	ZK484.3	20.908	4.04036885899113	0
CSR1	ZK484.6	21.83	8.89983043079735	0
CSR1	ZK484.7	21.372	12.9315175791205	0
CSR1	ZK488.5	21.244	13.4827141533735	0
CSR1	ZK488.6	16.56	1.86563909490041	0
CSR1	ZK507.1	28.538	1.98676587322991	0
CSR1	ZK507.3	25.93	11.4509599225985	0
CSR1	ZK512.1	25.966	2.87521706803175	0
CSR1	ZK512.10	17.188	31.1103064621808	0
CSR1	ZK512.11	23.374	5.97170326165109	0
CSR1	ZK512.2	5.536	9.85881213864317	0
CSR1	ZK512.4	26.6	3.75526088095332	0
CSR1	ZK512.7	17.866	0.836405792567699	0
CSR1	ZK512.8	21.896	9.75973180050699	0
CSR1	ZK524.4	24.368	7.72825281351059	0
CSR1	ZK54.3	23.472	1.44489598783871	0
CSR1	ZK546.19	15.654	12.5756087057768	0
CSR1	ZK546.2	27.712	3.83155440921904	0
CSR1	ZK546.4	18.152	18.5978439061898	0
CSR1	ZK546.5	25.062	10.247750621424	0
CSR1	ZK550.6	26.84	6.36623820786402	0
CSR1	ZK563.2	28.058	1.00724502578447	0
CSR1	ZK563.7	25.416	5.61016161656378	0
CSR1	ZK593.2	21.83	2.92547571717032	0
CSR1	ZK593.3	19.988	8.35968516422077	0
CSR1	ZK596.2	27.98	4.99852957198679	0
CSR1	ZK596.3	27.75	1.19653749303668	0
CSR1	ZK6.6	24.118	17.7528714537054	0
CSR1	ZK6.8	16.756	2.37508861365541	0
CSR1	ZK616.1	25.552	4.78718361551495	0
CSR1	ZK616.2	26.802	1.20652507208008	0
CSR1	ZK616.3	26.434	6.204338643908	0
CSR1	ZK616.5	19.914	2.44917863407736	0
CSR1	ZK616.61	23.458	2.35243118835665	0
CSR1	ZK616.65	19.548	33.1376512456166	0
CSR1	ZK616.8	9.9	3.5375173753207	0
CSR1	ZK617.26	19.042	6.50910405239232	0
CSR1	ZK622.1	26.614	8.61099717059349	0
CSR1	ZK622.4	26.866	5.9334929582392	0
CSR1	ZK622.5	25.118	6.67000398348216	0
CSR1	ZK632.10	21.752	2.94286869585447	0
CSR1	ZK632.11	23.362	14.5745704943915	0
CSR1	ZK632.12	12.092	1.62309896465062	0
CSR1	ZK632.14	26.74	5.73311968247951	0
CSR1	ZK632.2	15.212	27.9429316942292	0
CSR1	ZK632.4	28.382	2.06461072256968	0
CSR1	ZK632.5	28.274	6.52581789924718	0
CSR1	ZK632.9	21.186	5.83362889771737	0
CSR1	ZK637.12	25.704	5.95407165734646	0
CSR1	ZK637.14	21.388	10.0925926471287	0
CSR1	ZK637.15	25.014	2.54927427060193	0
CSR1	ZK637.4	25.276	5.74298019359422	0
CSR1	ZK643.2	26.344	8.99950261519647	0
CSR1	ZK643.5	5.226	4.12315761165433	0
CSR1	ZK643.6	24.624	6.43591919238329	0
CSR1	ZK643.7	26.94	4.62633491467489	0
CSR1	ZK652.6	19.228	2.77653757015385	0
CSR1	ZK652.8	26.676	2.45712126765575	0
CSR1	ZK662.2	25.662	6.2769773942445	0
CSR1	ZK662.5	27.886	2.46454380805543	0
CSR1	ZK662.6	27.54	1.64484410354483	0
CSR1	ZK666.1	17.948	5.47886297970671	0
CSR1	ZK666.11	22.23	8.10834186506412	0
CSR1	ZK666.12	22.244	3.13768651947055	0
CSR1	ZK666.14	21.278	5.31370549574228	0
CSR1	ZK666.15	22.788	10.2366979715788	0
CSR1	ZK666.2	16.57	3.71949138335642	0
CSR1	ZK666.4	22.414	3.75357514871277	0
CSR1	ZK666.8	28.27	1.29414631269379	0
CSR1	ZK669.2	27.678	2.60452852427248	0
CSR1	ZK669.3	27.658	1.84986128882172	0
CSR1	ZK669.5	20.672	14.0332826328826	0
CSR1	ZK673.1	20.864	23.9475974078282	0
CSR1	ZK673.11	13.278	3.7241273978562	0
CSR1	ZK673.2	15.174	6.8027225907933	0
CSR1	ZK673.4	21.856	19.2201931114878	0
CSR1	ZK673.5	19.862	2.98993179398606	0
CSR1	ZK673.6	28.378	2.0068045697613	0
CSR1	ZK675.4	27.452	6.88982101871215	0
CSR1	ZK682.7	22.508	5.08280039407158	0
CSR1	ZK686.1	23.728	12.2850243004993	0
CSR1	ZK686.2	17.574	3.6900127734157	0
CSR1	ZK686.3	27.002	1.50032318707282	0
CSR1	ZK686.5	24.592	4.37841758111621	0
CSR1	ZK686.6	28.108	2.10121621710246	0
CSR1	ZK688.1	12.564	29.4660264218186	0
CSR1	ZK688.10	24.616	1.58266788909649	0
CSR1	ZK688.11	19.74	6.38950872939329	0
CSR1	ZK688.12	13.976	5.73339256913943	0
CSR1	ZK688.4	19.254	2.54137243645791	0
CSR1	ZK688.5	22.728	4.3513473074801	0
CSR1	ZK688.7	13.156	41.3427439030105	0
CSR1	ZK697.1	24.592	10.3061407824205	0
CSR1	ZK697.14	21.882	6.2427644960914	0
CSR1	ZK697.8	28.536	1.31765250599703	0
CSR1	ZK721.3	6.658	59.3116664460923	0
CSR1	ZK721.4	21.464	6.28447424285465	0
CSR1	ZK742.3	28.272	1.449852954917	0
CSR1	ZK742.4	26.922	4.90624607612479	0
CSR1	ZK742.6	24.724	6.89524959928582	0
CSR1	ZK742.7	23.246	4.44344419178857	0
CSR1	ZK757.1	17.04	2.00219743066103	0
CSR1	ZK757.10	4.678	13.4081234392701	0
CSR1	ZK757.2	18.104	11.2628520139938	0
CSR1	ZK783.7	27.318	8.04611524005085	0
CSR1	ZK792.1	26.574	2.53353173085524	0
CSR1	ZK792.12	23.252	7.03394784141704	0
CSR1	ZK792.4	21.596	14.0365868090629	0
CSR1	ZK792.5	21.25	10.069653612485	0
CSR1	ZK792.7	25.654	13.8759544315181	0
CSR1	ZK795.2	16.384	1.03723856378164	0
CSR1	ZK795.3	24.874	9.19114045926251	0
CSR1	ZK809.1	27.506	7.89298163270414	0
CSR1	ZK809.5	20.46	7.8475052613991	0
CSR1	ZK809.8	27.762	2.03561812555291	0
CSR1	ZK809.9	25.938	6.50642841319128	0
CSR1	ZK813.1	15.822	19.2155928737407	0
CSR1	ZK813.2	12.9	9.66337448523654	0
CSR1	ZK813.3	20.394	6.84596537815434	0
CSR1	ZK813.4	25.756	7.53550697593065	0
CSR1	ZK813.5	20.358	5.84138323577947	0
CSR1	ZK813.6	24.172	3.45934865733488	0
CSR1	ZK813.7	10.98	5.96904044471506	0
CSR1	ZK816.1	23.296	13.4742172360759	0
CSR1	ZK816.3	17.552	6.09782178904781	0
CSR1	ZK822.1	22.734	10.0668506377944	0
CSR1	ZK822.10	20.402	7.03489637490181	0
CSR1	ZK822.9	14.704	7.73232359387713	0
CSR1	ZK829.1	28.268	1.7014199043761	0
CSR1	ZK829.3	26.13	4.64190714123423	0
CSR1	ZK829.7	3.08	3.69474242751332	1
CSR1	ZK829.9	23.87	3.75128972023856	0
CSR1	ZK836.3	25.33	2.06085797649241	0
CSR1	ZK84.1	20.96	8.11005554344597	0
CSR1	ZK84.2	27.238	1.09107427100414	0
CSR1	ZK84.4	21.676	7.95249875029334	0
CSR1	ZK84.5	25.482	5.5031348029899	0
CSR1	ZK849.1	5.652	4.15574928472683	0
CSR1	ZK849.6	26.536	8.63536279459963	0
CSR1	ZK856.11	13.682	8.64463883402737	0
CSR1	ZK856.14	27.53	2.29230119520116	0
CSR1	ZK856.16	9.02	3.00257263058778	0
CSR1	ZK856.18	21.582	14.0300848822985	0
CSR1	ZK856.19	18.024	14.5859375267092	0
CSR1	ZK856.4	25.184	9.53898037496423	0
CSR1	ZK856.5	28.228	4.95311979854408	0
CSR1	ZK856.6	26.15	4.71295071107447	0
CSR1	ZK856.7	18.846	3.89788351153213	0
CSR1	ZK858.2	23.1	15.3123498260499	0
CSR1	ZK858.5	28.11	2.83794673428376	0
CSR1	ZK858.6	19.828	1.76820398726061	0
CSR1	ZK858.8	24.412	7.77256163368157	0
CSR1	ZK863.1	16.296	19.4171981085486	0
CSR1	ZK863.8	26.66	4.78218818717917	0
CSR1	ZK867.2	28.26	2.77083847054842	0
CSR1	ZK892.3	24.906	16.2241609524323	0
CSR1	ZK892.4	29.004	3.06549972430074	0
CSR1	ZK892.5	7.992	1.66797001346177	0
CSR1	ZK892.6	15.216	6.05868404505041	0
CSR1	ZK896.1	27.632	1.23560904276709	0
CSR1	ZK896.4	26.982	0.971908486297541	0
CSR1	ZK896.5	3.884	4.36403868525409	1
CSR1	ZK897.10	14.546	6.54557053540616	0
CSR1	ZK899.1	18.814	11.4106884832323	0
CSR1	ZK899.2	25.63	0.901194651771448	0
CSR1	ZK899.3	16.588	2.24934870975553	0
CSR1	ZK899.5	21.662	2.86092610943841	0
CSR1	ZK899.6	20.098	4.21775839901964	0
CSR1	ZK899.7	11.128	3.29775443501493	0
CSR1	ZK909.3	24.694	7.32292227667628	0
CSR1	ZK909.6	22.804	12.4631239242685	0
CSR1	ZK930.2	21.588	11.9023914948232	0
CSR1	ZK930.4	20.372	4.90051841534856	0
CSR1	ZK930.6	24.446	4.95801144575224	0
CSR1	ZK930.7	19.872	7.62818380609372	0
CSR1	ZK938.1	28.99	1.32411850415103	0
CSR1	ZK938.10	20.624	10.1203947929044	0
CSR1	ZK938.11	24.36	4.54498573577486	0
CSR1	ZK938.12	22.596	3.81068904303208	0
CSR1	ZK938.3	11.456	3.34426309826112	0
CSR1	ZK945.4	26.102	7.93618063989084	0
CSR1	ZK945.6	13.062	3.06442279538879	0
CSR1	ZK945.7	18.942	5.05039161536231	0
CSR1	ZK945.8	16.968	4.99196139014426	0
CSR1	ZK970.8	24.78	6.63918465955204	0
CSR1	ZK971.1	24.536	3.89064993461256	0
CSR1	ZK973.1	27.95	4.65604532500389	0
CSR1	ZK973.11	25.844	12.496346142223	0
CSR1	ZK973.4	19.434	10.2272115288211	0
CSR1	ZK973.8	3.354	4.80107179143803	1
CSR1	ZK973.9	21.372	14.5849391596252	0
CSR1	ZK993.2	28.66	0.932663391809046	0
CSR1	ZK993.5	28.45	2.10998803448121	0
CSR1	ZK994.6	12.296	33.6657828639398	0
CSR1	aagr-1	28.018	2.11324691362178	0
CSR1	aagr-2	18.652	9.21992577380081	0
CSR1	aagr-3	22.622	6.17431428863183	0
CSR1	aagr-4	28.192	3.06710815564297	0
CSR1	aaim-1	24.918	3.63068190947252	0
CSR1	aak-1	25.46	12.759228804738	0
CSR1	aak-2	13.894	71.9795700633141	0
CSR1	aakb-1	23.23	6.15304778513381	0
CSR1	aakb-2	16.184	1.80600660133676	0
CSR1	aakg-1	19.09	10.3063017210271	0
CSR1	aakg-2	17.878	23.462089828325	0
CSR1	aakg-3	25.684	8.2151205567257	0
CSR1	aakg-4	26.742	4.85546733549531	0
CSR1	aakg-5	24.544	14.631121727756	0
CSR1	aap-1	25.634	7.68642246444427	0
CSR1	aars-1	24.852	4.02064094520858	0
CSR1	aars-2	23.842	11.8459389522277	0
CSR1	aass-1	28.942	5.97009790451458	0
CSR1	aat-1	28.284	4.46977440090433	0
CSR1	aat-2	24.564	9.05852447037443	0
CSR1	aat-3	22.812	5.24762464389179	0
CSR1	aat-4	24.002	2.3306079812447	0
CSR1	aat-5	22.946	3.3139299255953	0
CSR1	aat-6	26.552	9.34818519725365	0
CSR1	aat-7	22.956	7.49073279892811	0
CSR1	aat-8	27.176	3.15562317632721	0
CSR1	aat-9	20.048	2.59459016288179	0
CSR1	aatf-1	18.936	3.30230204933834	0
CSR1	abce-1	26.906	7.12091752928978	0
CSR1	abcf-1	28.594	3.81532388336253	0
CSR1	abcf-2	25.324	1.40158195411257	0
CSR1	abcf-3	14.696	6.77910995313817	0
CSR1	abch-1	29.508	3.98131478590195	0
CSR1	abcx-1	28.072	0.881760388355496	0
CSR1	abf-1	23.65	9.15977651690554	0
CSR1	abf-2	23.458	15.7784690955972	0
CSR1	abf-3	24.616	9.88059317868077	0
CSR1	abf-4	26.272	4.84940960393431	0
CSR1	abf-5	17.284	2.09750495915672	0
CSR1	abf-6	21.444	4.19290876103705	0
CSR1	abhd-11.1	26.664	1.9824909557865	0
CSR1	abhd-11.2	28.394	6.15101569284717	0
CSR1	abhd-12	27.91	7.59330825768292	0
CSR1	abhd-14	27.52	1.6305247199262	0
CSR1	abhd-3.1	26.212	3.15629109261166	0
CSR1	abhd-3.2	26.952	5.64742487541601	0
CSR1	abhd-5.1	18.35	1.63623921482315	0
CSR1	abhd-5.2	26.432	7.19549105500884	0
CSR1	abi-1	23.258	9.77859870883675	0
CSR1	abl-1	15.924	3.2948463055059	0
CSR1	abt-1	28.242	3.61852639856935	0
CSR1	abts-1	23.898	14.0770353266676	0
CSR1	abts-2	29.306	2.3882968691252	0
CSR1	abts-3	14.572	2.95301838429472	0
CSR1	abts-4	28.792	1.95293817999916	0
CSR1	abu-1	14.958	4.77371185217211	0
CSR1	abu-10	18.658	2.47223703514239	0
CSR1	abu-11	18.916	15.8252606540578	0
CSR1	abu-12	22.454	2.84218814544116	0
CSR1	abu-13	17.704	1.21710470393727	0
CSR1	abu-14	25.808	5.20506910599065	0
CSR1	abu-15	16.824	17.771663580331	0
CSR1	abu-2	18.684	4.52291868921839	0
CSR1	abu-4	11.03	7.16371905716837	0
CSR1	abu-5	3.358	2.94351728246613	1
CSR1	abu-6	8.31	3.00842358604091	0
CSR1	abu-7	14.742	1.36377193139359	0
CSR1	abu-8	13.686	12.2677695768266	0
CSR1	acaa-2	24.958	6.62338257119721	0
CSR1	acbp-1	4.196	5.66886339891337	1
CSR1	acbp-3	12.258	3.98212662170791	0
CSR1	acbp-4	20.93	3.30050951536942	0
CSR1	acbp-5	9.322	6.17887568808323	0
CSR1	acbp-6	25.202	5.44146096412842	0
CSR1	acbp-7	22.082	11.4573581829285	0
CSR1	acbp-8	24.482	10.547904941825	0
CSR1	acc-1	6.128	1.00196354001363	0
CSR1	acc-2	27.704	11.5093651871399	0
CSR1	acc-3	28.508	1.51087528726806	0
CSR1	acc-4	6.96	4.5298513708145	0
CSR1	acd-1	27.532	17.3277954000351	0
CSR1	acd-2	24.126	2.68214168011495	0
CSR1	acd-3	26.89	13.3306024592158	0
CSR1	acd-4	22.17	8.46101259909029	0
CSR1	acd-5	29.296	1.91754872833883	0
CSR1	acdh-1	28.6	2.38429749947305	0
CSR1	acdh-10	29.326	1.9193771419132	0
CSR1	acdh-11	28.044	4.78270075979341	0
CSR1	acdh-12	28.21	13.9763694545312	0
CSR1	acdh-13	19.202	5.57396645308318	0
CSR1	acdh-2	28.498	2.22544798834243	0
CSR1	acdh-3	28.144	3.64874613168405	0
CSR1	acdh-4	20.022	6.38646767119928	0
CSR1	acdh-5	23.256	10.4277756437777	0
CSR1	acdh-6	28.73	2.61723232817368	0
CSR1	acdh-7	29.186	2.62045900513397	0
CSR1	acdh-8	29.248	1.16784021128794	0
CSR1	acdh-9	30.19	0.808309661604004	0
CSR1	acds-10	24.334	10.8937794961906	0
CSR1	ace-1	24.916	4.42936792367881	0
CSR1	ace-2	28.738	0.915171205838309	0
CSR1	ace-3	28.252	3.54879867907013	0
CSR1	ace-4	28.392	3.58256804914168	0
CSR1	acer-1	28.106	2.75697069428446	0
CSR1	acin-1	20.192	2.67281278698079	0
CSR1	acl-1	28.544	1.45497167627998	0
CSR1	acl-11	25.462	4.71097412838215	0
CSR1	acl-12	28.37	5.7818825897568	0
CSR1	acl-13	28.538	2.8040900434046	0
CSR1	acl-14	27.78	3.85261691319994	0
CSR1	acl-2	25.948	8.97694990759729	0
CSR1	acl-3	25.836	4.4180124242653	0
CSR1	acl-4	20.282	5.91240443920152	0
CSR1	acl-5	27.218	4.80312308146518	0
CSR1	acl-6	26.178	11.1885099380652	0
CSR1	acl-7	26.678	4.65975379107628	0
CSR1	acl-8	22.932	6.02327173465908	0
CSR1	acl-9	29.854	1.0103467243289	0
CSR1	acly-1	10.1	12.3881131143792	0
CSR1	acly-2	7.98	10.119387084322	0
CSR1	acn-1	21.356	24.7915833143835	0
CSR1	aco-1	28.25	3.66375956539548	0
CSR1	aco-2	28.742	2.76082905027364	0
CSR1	acox-1.1	29.412	1.29699047218697	0
CSR1	acox-1.2	30.114	0.74312815199306	0
CSR1	acox-1.3	30.424	0.325882055165538	0
CSR1	acox-1.4	30.02	0.955628799985409	0
CSR1	acox-1.5	26.544	3.42853912661366	0
CSR1	acox-1.6	26.622	12.7159881301845	0
CSR1	acox-3	29.622	1.03320353289211	0
CSR1	acp-1	25.814	9.06590798904271	0
CSR1	acp-2	25.234	10.4558660823223	0
CSR1	acp-3	24.298	19.5371339981512	0
CSR1	acp-4	18.842	2.57592367999688	0
CSR1	acp-5	25.162	23.894007138423	0
CSR1	acp-6	29.034	1.02508756550795	0
CSR1	acp-7	24.698	22.4228960307663	0
CSR1	acr-10	28.882	3.65015948366711	0
CSR1	acr-11	27.312	9.9253976193361	0
CSR1	acr-12	27.666	1.73207997325633	0
CSR1	acr-14	29.198	0.709539785606056	0
CSR1	acr-15	22.026	0.838749953793119	0
CSR1	acr-16	29.532	1.31525083268151	0
CSR1	acr-17	29.91	0.723280095378934	0
CSR1	acr-18	29.668	0.562704274236223	0
CSR1	acr-19	27.614	2.93414403544147	0
CSR1	acr-2	28.66	5.2518877103215	0
CSR1	acr-20	24.19	8.6402305461045	0
CSR1	acr-21	28.592	2.07392119318886	0
CSR1	acr-23	29.476	1.60846007582109	0
CSR1	acr-24	29.96	1.11528934890545	0
CSR1	acr-25	26.476	11.6214785594267	0
CSR1	acr-3	26.052	9.23476435346132	0
CSR1	acr-5	12.804	3.8339357849236	0
CSR1	acr-6	28.206	0.680392249550514	0
CSR1	acr-7	30.03	0.971139964796383	0
CSR1	acr-8	27.314	6.82908480311863	0
CSR1	acr-9	28.578	6.25810295185821	0
CSR1	acs-1	25.176	16.7739356464769	0
CSR1	acs-10	28.078	1.98558420009324	0
CSR1	acs-11	28.61	3.97133801598078	0
CSR1	acs-12	29.346	1.46420613308567	0
CSR1	acs-13	27.622	4.61736926393526	0
CSR1	acs-14	29.068	1.15475272463825	0
CSR1	acs-15	16.568	3.46736885656478	0
CSR1	acs-16	29.174	2.83451067024267	0
CSR1	acs-17	30.02	0.929732560756354	0
CSR1	acs-18	22.54	29.650926292598	0
CSR1	acs-19	26.622	12.4421006448717	0
CSR1	acs-2	28.74	2.89633316237394	0
CSR1	acs-20	26.372	6.24970314862366	0
CSR1	acs-21	25.046	15.1787695879639	0
CSR1	acs-22	29.56	2.31528262953568	0
CSR1	acs-24	28.558	4.74795276855214	0
CSR1	acs-3	28.742	1.99190038482945	0
CSR1	acs-4	27.772	7.10541001955411	0
CSR1	acs-5	24.242	7.91091627494596	0
CSR1	acs-6	18.164	15.2817913112403	0
CSR1	acs-7	28.902	2.4178221910647	0
CSR1	acsd-1	26.328	1.23410579458179	0
CSR1	act-1	22.194	19.7535098544423	0
CSR1	act-2	22.924	1.49930400878726	0
CSR1	act-3	22.194	19.7535098544423	0
CSR1	act-4	16.82	1.48929548750005	0
CSR1	act-5	27.328	3.56766610971831	0
CSR1	actl-1	12.94	10.7087543505367	0
CSR1	acy-1	27.598	1.87693361468856	0
CSR1	acy-2	27.77	1.66913628877591	0
CSR1	acy-3	21.042	2.51392524881828	0
CSR1	acy-4	29.462	1.61061981849172	0
CSR1	ada-2	4.91	5.48198323164756	1
CSR1	adah-1	29.5	1.89542760121278	0
CSR1	adal-1	26.5	15.1236272469139	0
CSR1	adbp-1	20.93	14.3632435308786	0
CSR1	add-1	18.092	42.5660150110265	0
CSR1	add-2	26.724	2.96472884785223	0
CSR1	adh-5	22.94	15.6891463069095	0
CSR1	adk-1	28.35	4.93228410007256	0
CSR1	adm-2	24.85	19.7672164815032	0
CSR1	adm-4	17.2	30.5333039939226	0
CSR1	ador-1	11.54	2.08962834519714	0
CSR1	adpr-1	27.736	5.08010307222131	0
CSR1	adr-1	25.524	8.99819701552943	0
CSR1	adr-2	27.842	2.93371435324705	0
CSR1	ads-1	29.168	2.06494757953556	0
CSR1	adsl-1	26.732	12.8839428231049	0
CSR1	adss-1	25.782	10.0084623175169	0
CSR1	adt-1	24.24	7.23560197140766	0
CSR1	adt-2	22.934	6.86470157755283	0
CSR1	adt-3	26.76	11.1378420682485	0
CSR1	aex-1	29.318	0.962144581801727	0
CSR1	aex-2	24.064	4.46494365975812	0
CSR1	aex-3	18.06	28.1149416854816	0
CSR1	aex-4	24.574	1.59344733394335	0
CSR1	aex-5	28.344	4.09748591197746	0
CSR1	aex-6	20.412	1.11253326677105	0
CSR1	aexr-1	23.154	12.1697682459121	0
CSR1	aexr-2	12.482	2.42367189888659	0
CSR1	aexr-3	22.168	11.6065497684101	0
CSR1	afd-1	25.79	9.68541718435862	0
CSR1	aff-1	28.248	2.22875681309094	0
CSR1	affl-1	15.818	33.5646899776928	0
CSR1	affl-2	15.734	11.2217143472618	0
CSR1	afmd-1	28.934	7.61918930119609	0
CSR1	afmd-2	26.53	4.25181715859889	0
CSR1	age-1	29.122	2.85580317515258	0
CSR1	agef-1	27.466	2.1465053423763	0
CSR1	agl-1	27.718	3.42332883012703	0
CSR1	agmo-1	23.4	15.0314400096831	0
CSR1	agr-1	27.518	4.82454454538344	0
CSR1	ags-3	26.614	3.50857413677049	0
CSR1	agt-1	26.376	2.22441299876503	0
CSR1	agt-2	22.584	11.7026664543068	0
CSR1	agxt-1	29.554	1.4919881338547	0
CSR1	aha-1	16.922	13.9187330258582	0
CSR1	ahcy-1	29.794	0.744329872000632	0
CSR1	aho-3	26.96	4.48391358404175	0
CSR1	ahr-1	21.968	5.45123187207869	0
CSR1	ahsa-1	20.364	12.8720534364936	0
CSR1	ain-1	6	7.42462120245875	0
CSR1	ain-2	19.26	11.7900300350034	0
CSR1	aip-1	6.228	3.66039332334996	0
CSR1	aipl-1	28.924	3.80280294758129	0
CSR1	aipr-1	26.166	13.05358469774	0
CSR1	air-1	21.348	26.426694319236	0
CSR1	air-2	25.41	10.9808812475208	0
CSR1	ajm-1	24.128	18.0182768037034	0
CSR1	aka-1	18.3	8.04857004872279	0
CSR1	akap-1	19.998	20.5953047822592	0
CSR1	akir-1	18.148	6.174110517689	0
CSR1	akt-1	21.87	18.7864966613427	0
CSR1	akt-2	2.058	1.73163553753211	1
CSR1	aldo-1	21.844	4.19630381656357	0
CSR1	aldo-2	29.426	1.66876196435736	0
CSR1	alfa-1	25.254	9.97070242900721	0
CSR1	alg-1	27.324	9.25689383832353	0
CSR1	alg-2	17.906	27.5696770825904	0
CSR1	alg-3	25.66	8.64347501250268	0
CSR1	alg-5	28.532	7.40451806655892	0
CSR1	algn-1	28.856	1.644663253351	0
CSR1	algn-10	4.654	4.74806858016233	1
CSR1	algn-11	25.84	2.01331396702315	0
CSR1	algn-12	25.978	7.88135301417091	0
CSR1	algn-13	25.62	10.027617912871	0
CSR1	algn-14	23.22	6.60425946555935	0
CSR1	algn-2	29.78	1.35924745789182	0
CSR1	algn-3	20.338	7.225791981029	0
CSR1	algn-5	27.592	2.64772915317588	0
CSR1	algn-6	28.69	2.90001960562315	0
CSR1	algn-7	8.336	4.02953180609229	0
CSR1	algn-8	28.79	0.91799758849618	0
CSR1	algn-9	29.53	2.58920214745889	0
CSR1	alh-1	25.5	22.245648935876	0
CSR1	alh-10	29.294	1.78958937115824	0
CSR1	alh-11	29.098	4.26225107365759	0
CSR1	alh-12	23.514	0.601133911170698	0
CSR1	alh-13	28.218	2.68706071348911	0
CSR1	alh-2	30.254	1.2496226669677	0
CSR1	alh-3	29.504	2.55539238294944	0
CSR1	alh-4	27.592	6.24234516286511	0
CSR1	alh-5	17.168	31.1803805337368	0
CSR1	alh-6	26.666	1.64098206554001	0
CSR1	alh-7	28.442	4.43630041033305	0
CSR1	alh-8	29.814	1.64122844608441	0
CSR1	alh-9	14.212	3.61579944616786	0
CSR1	alkb-1	23.638	21.3291203331385	0
CSR1	alkb-7	26.342	7.03384160073094	0
CSR1	alkb-8	24.664	11.2668062108469	0
CSR1	allo-1	3.218	2.22356044996872	1
CSR1	alp-1	8.384	50.4768258508232	0
CSR1	alr-1	23.254	14.1954261314414	0
CSR1	alx-1	13.33	3.06339339671349	0
CSR1	aly-1	11.522	21.1433634578675	0
CSR1	aly-2	17.97	3.20352542339995	0
CSR1	aly-3	16.604	3.70884444181797	0
CSR1	ama-1	27.748	3.56667783996768	0
CSR1	aman-1	29.468	1.91761933128347	0
CSR1	aman-2	22.202	3.44723955615518	0
CSR1	aman-3	26.684	13.4844781898918	0
CSR1	amdh-1	29.442	3.15961094304974	0
CSR1	amn-1	20.208	8.86833569709863	0
CSR1	ampd-1	19.834	28.3891958188534	0
CSR1	amph-1	20.276	11.1286342934851	0
CSR1	amt-1	27.452	2.32641340285685	0
CSR1	amt-2	25.458	11.9911822801497	0
CSR1	amt-3	23.08	6.86875017825592	0
CSR1	amt-4	12.426	52.7610433586158	0
CSR1	amx-1	26.866	6.85899313128206	0
CSR1	amx-2	25.882	13.5035628297958	0
CSR1	amx-3	28.894	1.63921534045923	0
CSR1	anat-1	26.088	1.25953652172075	0
CSR1	angl-1	26.552	1.42852512241492	0
CSR1	ani-1	23.93	16.346508862206	0
CSR1	ani-2	19.632	15.904758235225	0
CSR1	ani-3	20.292	9.49749248230422	0
CSR1	anmt-1	22.436	18.0929694066688	0
CSR1	anmt-2	21.394	6.70472696121624	0
CSR1	anmt-3	26.26	4.4628439884623	0
CSR1	anoh-1	26.362	2.69879467812468	0
CSR1	anoh-2	24.778	7.93313791577442	0
CSR1	anp-1	28.73	5.56854765878824	0
CSR1	ant-1.1	26.664	9.62965300470874	0
CSR1	ant-1.2	24.328	3.87547492846073	0
CSR1	ant-1.3	26.95	6.0183996009115	0
CSR1	ant-1.4	27.162	6.66211428935406	0
CSR1	aos-1	18.802	18.7696031356654	0
CSR1	apa-2	28.772	1.60017377400961	0
CSR1	apb-1	20.986	6.81419980822643	0
CSR1	apb-3	22.554	12.5165882826819	0
CSR1	apc-10	21.548	21.0711675294876	0
CSR1	apc-11	20.636	6.38378175464072	0
CSR1	apc-17	21.038	19.0162857581688	0
CSR1	apc-2	14.85	39.5224815842672	0
CSR1	apd-3	18.564	2.05143312424989	0
CSR1	ape-1	25.846	6.34914375651053	0
CSR1	apg-1	23.914	16.2056534968687	0
CSR1	aph-1	23.444	9.86810229202558	0
CSR1	aph-2	25.448	12.5141420773333	0
CSR1	apl-1	20.732	6.47668909872609	0
CSR1	apm-1	16.044	6.56148738048485	0
CSR1	apm-3	26.958	1.55054238179249	0
CSR1	apn-1	19.424	3.67400413910829	0
CSR1	app-1	29.898	1.06201636499087	0
CSR1	appg-1	20.978	2.2602339327063	0
CSR1	appg-2	24.634	9.24104978272141	0
CSR1	apr-1	16.62	5.51009842036278	0
CSR1	aps-1	22.234	1.34950974109034	0
CSR1	aps-2	24.05	20.4032844588762	0
CSR1	aps-3	27.092	5.45921232795317	0
CSR1	apt-9	25.75	15.9307815599946	0
CSR1	aptf-1	5.328	4.6835506009669	0
CSR1	aptf-2	24.48	5.13293658622487	0
CSR1	aptf-3	11.29	41.3912944611694	0
CSR1	aptf-4	26.264	10.0167322448339	0
CSR1	apx-1	26.836	6.5306447913718	0
CSR1	apy-1	5.364	6.2189890095655	0
CSR1	aqp-1	10.78	4.13192160506866	0
CSR1	aqp-10	28.498	8.58729233899201	0
CSR1	aqp-11	23.174	1.06952084900386	0
CSR1	aqp-12	24.008	5.47408530030502	0
CSR1	aqp-2	19.652	1.15050541510788	0
CSR1	aqp-3	14.734	1.62648005718813	0
CSR1	aqp-4	21.654	34.1613036505369	0
CSR1	aqp-5	24.85	7.66290595053119	0
CSR1	aqp-6	11.666	3.27902489706683	0
CSR1	aqp-7	15.932	9.23667824563023	0
CSR1	aqp-8	27.422	2.17497873575455	0
CSR1	aqp-9	27.83	0.593701460361416	0
CSR1	arc-1	27.172	4.40636300473408	0
CSR1	arch-1	20.916	6.45408794974515	0
CSR1	arcp-1	26.772	10.7423032085357	0
CSR1	ard-1	25.432	10.2494479363694	0
CSR1	arf-1	28.532	2.91990970269673	0
CSR1	arf-1.1	14.032	1.6479176908172	0
CSR1	arf-5	20.374	5.94569182056545	0
CSR1	arf-6	24.958	7.30860081066147	0
CSR1	arg-1	10.308	84.8941566652747	0
CSR1	argk-1	27.888	2.55967340487192	0
CSR1	argn-1	29.278	1.69118943570017	0
CSR1	ari-1.1	14.776	12.0282600062688	0
CSR1	ari-1.2	17.142	8.35527039537391	0
CSR1	ari-1.3	18.7	1.75536337563314	0
CSR1	ari-1.4	16.538	3.65746696856989	0
CSR1	ari-2	15.492	6.33183663777464	0
CSR1	arid-1	20.062	17.3856572092101	0
CSR1	ark-1	23.018	10.1562238737152	0
CSR1	arl-1	20.466	23.87688370711	0
CSR1	arl-13	26.958	3.57732563825393	0
CSR1	arl-3	24.4	5.93597706391337	0
CSR1	arl-5	26.19	4.23593633152362	0
CSR1	arl-6	15.834	3.34263664526916	0
CSR1	arl-8	26.196	12.9736230250255	0
CSR1	arle-14	23.096	4.28859900342925	0
CSR1	arp-1	28.822	2.62891911528686	0
CSR1	arp-11	29.352	1.54130787031279	0
CSR1	arp-6	24.264	17.5741251938794	0
CSR1	arr-1	13.736	7.66726957345318	0
CSR1	arrd-1	26.482	6.45641015174081	0
CSR1	arrd-10	24.258	12.5492054677617	0
CSR1	arrd-11	24	15.1258321625989	0
CSR1	arrd-12	24.34	2.76078349180266	0
CSR1	arrd-13	24.37	6.48954636932131	0
CSR1	arrd-14	25.494	10.1203171034747	0
CSR1	arrd-15	27.348	3.17453009422568	0
CSR1	arrd-16	6.602	3.19596531836484	0
CSR1	arrd-17	17.748	2.47767950581142	0
CSR1	arrd-18	27.608	2.88834603095848	0
CSR1	arrd-19	24.114	9.550127372284	0
CSR1	arrd-2	22.926	10.0942711727935	0
CSR1	arrd-22	25.486	7.54771712832342	0
CSR1	arrd-23	12.562	7.04166011369693	0
CSR1	arrd-24	7.916	3.19658285210791	0
CSR1	arrd-25	23.886	9.07843137360586	0
CSR1	arrd-26	28.506	4.41410421144886	0
CSR1	arrd-28	21.488	10.3325739849026	0
CSR1	arrd-3	5.724	13.1402908970518	0
CSR1	arrd-4	28.108	2.01935467274958	0
CSR1	arrd-5	25.404	6.95709107216017	0
CSR1	arrd-6	4.134	4.33932868824212	1
CSR1	arrd-7	6.958	5.89722817163212	0
CSR1	arrd-8	26.648	10.3904877100307	0
CSR1	arrd-9	28.008	2.990992345155	0
CSR1	art-1	9.354	4.54483121086818	0
CSR1	arv-1	23.672	4.98312718139913	0
CSR1	arx-1	27.092	5.77448404103198	0
CSR1	arx-2	28.568	3.33748118301165	0
CSR1	arx-3	21.126	16.0356338263899	0
CSR1	arx-4	25.152	9.51068173062545	0
CSR1	arx-5	23.544	15.0513154148907	0
CSR1	arx-6	26.87	5.01473976390914	0
CSR1	arx-7	18.016	2.42219615577858	0
CSR1	asah-1	29.134	1.38760473923003	0
CSR1	asah-2	28.706	3.24559770073751	0
CSR1	asb-1	26.552	2.06392964125377	0
CSR1	asb-2	16.342	36.3956074556872	0
CSR1	ascc-1	25.232	8.35865829567194	0
CSR1	asd-1	19.884	19.4388806620813	0
CSR1	asd-2	13.916	3.26254252831557	0
CSR1	asfl-1	6.904	1.82525886466088	0
CSR1	asg-1	28.626	2.7654273292704	0
CSR1	asg-2	26.054	8.73178445069206	0
CSR1	ash-2	26.454	8.29596227886949	0
CSR1	asic-1	8.816	127.116579064616	0
CSR1	asic-2	29.604	0.732549698317727	0
CSR1	asm-1	28.302	1.99318040550837	0
CSR1	asm-2	28.864	1.63542380230897	0
CSR1	asm-3	29.044	2.69698896476239	0
CSR1	asna-1	26.498	2.03218592230477	0
CSR1	asns-1	21.11	3.19112644113677	0
CSR1	asns-2	20.954	2.18712561329664	0
CSR1	asp-1	12.478	3.38893363331077	0
CSR1	asp-12	16.902	3.04981871080754	0
CSR1	asp-13	28.066	3.52322236375646	0
CSR1	asp-14	27.204	4.41942497843812	0
CSR1	asp-15	4.672	9.43409045489331	1
CSR1	asp-16	6.418	3.99893291842127	0
CSR1	asp-17	10.48	3.97283602510802	0
CSR1	asp-18	27.47	1.63044744641854	0
CSR1	asp-19	27.04	2.47601608598676	0
CSR1	asp-2	20.934	23.1530416784776	0
CSR1	asp-3	22.174	22.8487241494867	0
CSR1	asp-4	13.45	2.21805708404109	0
CSR1	asp-5	16.344	35.0985325620651	0
CSR1	asp-6	7.514	5.12731090999924	0
CSR1	asp-7	27.666	5.03107780223943	0
CSR1	asp-8	10.552	6.69995726410862	0
CSR1	asp-9	25.302	6.71636002663113	0
CSR1	aspm-1	22.45	23.9301674341825	0
CSR1	asps-1	6.4	2.45566150710964	0
CSR1	ast-1	23.492	8.33628046536654	0
CSR1	atad-3	18.97	5.33787914861384	0
CSR1	atat-2	21.38	4.01687236902703	0
CSR1	ate-1	24.232	9.69126229884117	0
CSR1	atf-2	25.32	5.3594738993745	0
CSR1	atf-4	14.65	4.94350663713308	0
CSR1	atf-6	21.868	4.56137657494255	0
CSR1	atf-7	20.344	19.1342096563583	0
CSR1	atf-8	24.604	4.16014634409025	0
CSR1	atfs-1	20.244	9.15735519351291	0
CSR1	atg-10	27.094	2.27288894633298	0
CSR1	atg-13	20.332	5.0301335209257	0
CSR1	atg-16.1	23.38	15.5280641710128	0
CSR1	atg-16.2	10.388	15.2435434111312	0
CSR1	atg-18	16.392	45.473587441347	0
CSR1	atg-3	17.702	8.96206430341417	0
CSR1	atg-4.1	21.88	11.1546865011187	0
CSR1	atg-4.2	25.012	7.43489345780636	0
CSR1	atg-5	26.262	9.43325527248678	0
CSR1	atg-7	22.248	14.7601341635185	0
CSR1	atg-9	12.652	1.73471901864289	0
CSR1	atgl-1	20.898	10.6881587973596	0
CSR1	atgp-1	22.604	13.3296908157937	0
CSR1	atgp-2	24.502	14.4516446211366	0
CSR1	ath-1	22.352	11.7196420584822	0
CSR1	athp-1	25.234	4.25266289694615	0
CSR1	athp-2	19.832	1.02435554026656	0
CSR1	athp-3	26.406	4.04463461677908	0
CSR1	atic-1	27.976	4.1387467002306	0
CSR1	atln-1	25.59	9.27135925011272	0
CSR1	atln-2	25.798	5.97520370621248	0
CSR1	atn-1	24.666	8.02384431439871	0
CSR1	atp-1	22.722	18.3601556987788	0
CSR1	atp-2	7.144	3.16361771254572	0
CSR1	atp-3	24.876	1.39214146357095	0
CSR1	atp-4	21.162	22.4958134496352	0
CSR1	atp-5	25.094	5.15490783603516	0
CSR1	atp-6	29.25	2.18348886862711	0
CSR1	attf-2	17.626	6.36381612752022	0
CSR1	attf-3	22.642	1.98165786277644	0
CSR1	attf-4	16.014	37.3830441635784	0
CSR1	attf-5	28.05	3.33747728726373	0
CSR1	attf-6	25.41	7.86299286281301	0
CSR1	atx-2	15.456	25.7190669725717	0
CSR1	atx-3	9.174	48.5909986454358	0
CSR1	atz-1	20.818	12.5086404585678	0
CSR1	ave-1	25.184	10.3976169410437	0
CSR1	avr-14	22.84	2.97159376318623	0
CSR1	avr-15	22.214	16.1491756211655	0
CSR1	axl-1	21.636	5.33293004026537	0
CSR1	azin-1	27.826	5.50582517426912	0
CSR1	azyx-1	23.514	19.6154542471011	0
CSR1	baf-1	25.74	4.26316117837671	0
CSR1	bag-1	26.264	5.77997023503499	0
CSR1	bah-1	29.22	1.97236331737424	0
CSR1	bam-2	24.286	3.48230551420577	0
CSR1	bar-1	10.392	6.11838243090581	0
CSR1	bas-1	29.22	1.82813695090853	0
CSR1	basl-1	25.808	10.1530517715076	0
CSR1	bath-1	28.09	1.07125407784486	0
CSR1	bath-10	26.676	3.98901618205277	0
CSR1	bath-13	27.502	3.14447957727514	0
CSR1	bath-15	24.176	9.72388590335203	0
CSR1	bath-19	24.96	8.03262776237652	0
CSR1	bath-2	12.804	2.12786496879859	0
CSR1	bath-20	26.996	3.84409682524117	0
CSR1	bath-21	28.556	3.07355530728423	0
CSR1	bath-23	27.184	2.34346629962984	0
CSR1	bath-24	26.238	7.63483267009223	0
CSR1	bath-25	26.022	7.36867846301769	0
CSR1	bath-26	24.054	2.38558760660904	0
CSR1	bath-27	26.772	2.74348653437533	0
CSR1	bath-28	23.736	9.35537690992067	0
CSR1	bath-29	21.236	10.2332750220428	0
CSR1	bath-3	28.444	4.05818210271965	0
CSR1	bath-30	16.822	32.1729112080288	0
CSR1	bath-31	24.472	4.55484383605773	0
CSR1	bath-33	25.484	4.11767154392757	0
CSR1	bath-34	24.08	10.65877090697	0
CSR1	bath-35	25.786	4.16740442438789	0
CSR1	bath-36	24.922	11.4524000038269	0
CSR1	bath-37	20.068	3.264644399299	0
CSR1	bath-38	21.598	19.9192998541208	0
CSR1	bath-39	24.668	9.27829743899772	0
CSR1	bath-4	27.854	2.52341737972272	0
CSR1	bath-40	28.054	8.28042152017257	0
CSR1	bath-41	25.716	17.493660769161	0
CSR1	bath-42	25.216	9.09510241693847	0
CSR1	bath-44	27.026	1.45406581154642	0
CSR1	bath-45	13.946	5.52725312431015	0
CSR1	bath-46	27.028	5.92125509024125	0
CSR1	bath-47	27.484	4.13560976106928	0
CSR1	bath-5	26.522	4.91631728917451	0
CSR1	bath-7	26.26	6.14475992502092	0
CSR1	bath-9	9.896	8.21240103424433	0
CSR1	baz-2	24.774	14.9025106777268	0
CSR1	bbln-1	26.114	6.83364921573453	0
CSR1	bbs-1	28.724	2.32298974107064	0
CSR1	bbs-2	28.518	3.19206512707178	0
CSR1	bbs-4	23.876	15.5354718134749	0
CSR1	bbs-5	24.464	12.8810124197873	0
CSR1	bbs-8	27.518	14.8996355349332	0
CSR1	bbs-9	28.796	2.67833111724511	0
CSR1	bc10	27.142	2.27078309392598	0
CSR1	bca-1	28.63	0.926425931531599	0
CSR1	bca-2	28.702	2.92863627153115	0
CSR1	bcas-2	28.456	0.830719388085037	0
CSR1	bcat-1	28.224	8.10369979492672	0
CSR1	bcc-1	6.046	3.51564464120113	0
CSR1	bcf-1	29.006	2.34416509502744	0
CSR1	bckd-1A	16.068	1.36024080109158	0
CSR1	bckd-1b	27.588	3.05722608007502	0
CSR1	bcl-11	22.124	9.48644276960553	0
CSR1	bcl-7	12.028	12.3786075991235	0
CSR1	bcmo-1	27.488	9.62516203357128	0
CSR1	bcmo-2	25.856	9.75662587149353	0
CSR1	bcs-1	27.05	3.82396996149459	0
CSR1	bec-1	26.1	2.87445707681351	0
CSR1	bed-1	21.852	21.6357307674622	0
CSR1	bed-2	15.734	14.7416857313308	0
CSR1	bed-3	20.612	6.88913951378046	0
CSR1	ben-1	15.078	10.9172803415704	0
CSR1	best-1	28.042	7.16903490169664	0
CSR1	best-10	23.91	4.58678207543782	0
CSR1	best-11	27.912	3.46043937756742	0
CSR1	best-12	24.064	11.0738195343668	0
CSR1	best-13	30.856	0.356199939435675	0
CSR1	best-14	30.168	2.8470773046508	0
CSR1	best-15	20.404	2.56322758293507	0
CSR1	best-16	22.938	5.61712634433027	0
CSR1	best-17	24.874	27.1764902165025	0
CSR1	best-18	25.502	3.85625674385824	0
CSR1	best-19	26.078	6.09126622410687	0
CSR1	best-2	25.258	15.3347988038308	0
CSR1	best-20	23.012	6.30281328073923	0
CSR1	best-21	25.812	16.9231581483136	0
CSR1	best-22	29.366	3.88357850885976	0
CSR1	best-23	30.06	0.894190289801439	0
CSR1	best-24	11.092	5.52246699067527	0
CSR1	best-25	23.726	5.37096646099046	0
CSR1	best-26	29.916	5.63848977108994	0
CSR1	best-3	12.54	2.17880001472317	0
CSR1	best-4	21.91	12.2376039827422	0
CSR1	best-5	23.808	13.2538748758986	0
CSR1	best-6	29.838	1.88834627707985	0
CSR1	best-7	26.336	12.3299913004411	0
CSR1	best-8	10.046	63.9305099603881	0
CSR1	best-9	4.596	5.72902318852546	1
CSR1	bet-1	18.618	11.6425339748926	0
CSR1	bet-2	10.162	6.36960165111707	0
CSR1	bgal-1	27.704	1.37083543862135	0
CSR1	bgal-2	20.034	2.0675959000362	0
CSR1	bgnt-1.1	6.062	7.87631211441746	0
CSR1	bgnt-1.2	3.26	3.94622096020509	1
CSR1	bgnt-1.3	2.972	4.3508021198505	1
CSR1	bgnt-1.4	19.222	25.9312401636161	0
CSR1	bgnt-1.5	19.144	35.7558259736264	0
CSR1	bgnt-1.6	26.016	5.20990039877631	0
CSR1	bgnt-1.7	25.896	5.73292241494474	0
CSR1	bgnt-1.8	24.524	7.78495788357725	0
CSR1	bicd-1	22.938	7.93080212733497	0
CSR1	bigr-1	29.258	1.97134294754071	0
CSR1	bir-1	17.614	3.75981451011313	0
CSR1	bir-2	25.144	20.0118794102936	0
CSR1	bkip-1	21.048	7.08705631208042	0
CSR1	bli-1	18.638	18.5614089159541	0
CSR1	bli-2	13.844	9.87706376608446	0
CSR1	bli-3	28.928	3.09783507280824	0
CSR1	bli-4	18.536	1.66832653396894	0
CSR1	bli-5	27.956	3.33267018162008	0
CSR1	bli-6	19.616	9.84904472269006	0
CSR1	blmp-1	24.904	3.78405061769673	0
CSR1	blos-1	12.634	2.75704101070964	0
CSR1	blos-2	24.364	15.0852126364256	0
CSR1	blos-4	23.384	3.92530931162392	0
CSR1	blos-7	21.358	22.2102551906053	0
CSR1	blos-8	26.08	2.98698533978257	0
CSR1	blos-9	22.824	13.0385044896388	0
CSR1	bltp-2	29.608	5.09708677911284	0
CSR1	bmk-1	27.234	3.09350231776805	0
CSR1	bmy-1	14.676	4.9649048487317	0
CSR1	bnc-1	20.772	8.63593386061172	0
CSR1	bpl-1	22.264	12.1800941910904	0
CSR1	bpnt-1	28.724	3.66248557771157	0
CSR1	bra-1	22.626	24.5636128312968	0
CSR1	bra-2	23.822	9.4412906814997	0
CSR1	brap-2	23.104	16.6434934691189	0
CSR1	brc-1	24.424	8.40229648280484	0
CSR1	brc-2	22.116	5.5239237963671	0
CSR1	brd-1	23.994	9.95395927726241	0
CSR1	bre-1	8.426	5.13873258088748	0
CSR1	bre-2	27.576	1.44522344265597	0
CSR1	bre-3	24.11	1.28677661198578	0
CSR1	bre-4	23.302	3.29765881822337	0
CSR1	bre-5	16.458	2.19975640916947	0
CSR1	brf-1	24.404	5.00292407947939	0
CSR1	bris-1	23.272	8.72527812137762	0
CSR1	bro-1	7.156	7.8763427196656	0
CSR1	brp-1	9.446	53.948308502758	0
CSR1	btb-10	26.578	3.1091861161042	0
CSR1	btb-11	25.176	4.04120347544088	0
CSR1	btb-12	26.56	7.25323977760108	0
CSR1	btb-14	18.49	1.29348412580869	0
CSR1	btb-16	27.716	2.90312581148905	0
CSR1	btb-17	21.154	5.75817605145595	0
CSR1	btb-18	23.194	2.65664306008909	0
CSR1	btb-19	16.06	39.5404535949104	0
CSR1	btb-2	26.048	2.96409735057252	0
CSR1	btb-20	13.71	1.74674398465763	0
CSR1	btb-22	17.476	2.09566049311843	0
CSR1	btb-4	24.762	6.17257679809154	0
CSR1	btb-5	21.246	5.88210471060319	0
CSR1	btb-6	24.456	6.47083539389784	0
CSR1	btb-7	26.228	7.79649343707517	0
CSR1	btb-8	26.292	3.48895762662024	0
CSR1	btb-9	27.564	2.50741539403308	0
CSR1	btbd-10	20.908	14.7872100769874	0
CSR1	btbz-2	23.262	12.5624988684793	0
CSR1	btf-1	28.546	1.96714957761441	0
CSR1	bub-1	22.984	7.49639432126423	0
CSR1	bub-3	25.574	5.08423510250483	0
CSR1	bud-13	21.76	7.31673357785037	0
CSR1	bud-31	20.888	19.9433820262028	0
CSR1	bus-1	29.098	1.16806080342281	0
CSR1	bus-12	20.932	1.48729109161251	0
CSR1	bus-17	26.372	3.74010968365147	0
CSR1	bus-18	23.712	14.7532696488788	0
CSR1	bus-19	21.816	4.55615983950661	0
CSR1	bus-2	27.418	5.85898046491978	0
CSR1	bus-4	27.86	5.90885772905755	0
CSR1	bus-5	28.044	2.7455232638455	0
CSR1	bus-8a	25.298	9.68223643916438	0
CSR1	bus-8b	28.208	2.72400710033282	0
CSR1	byn-1	23.052	11.0860943666781	0
CSR1	cab-1	15.61	9.39653578752628	0
CSR1	cacn-1	26.626	2.17209666905232	0
CSR1	cah-1	27.73	5.08755833443977	0
CSR1	cah-2	19.938	24.6571562544241	0
CSR1	cah-3	25.602	8.14824471322354	0
CSR1	cah-4	28.648	1.12553683870317	0
CSR1	cah-5	27.53	6.93484242602255	0
CSR1	cah-6	28.316	5.81314386560994	0
CSR1	cal-1	24.932	7.70112413894975	0
CSR1	cal-2	20.132	2.65093036225073	0
CSR1	cal-3	25.054	6.9753038631631	0
CSR1	cal-4	22.808	7.40282860043279	0
CSR1	cal-5	19.096	1.42386215529161	0
CSR1	cal-7	13.498	24.8306739705373	0
CSR1	cal-8	23.51	9.00453921850179	0
CSR1	calf-1	5.85	5.39071693375093	0
CSR1	calm-1	14.416	3.54371543143368	0
CSR1	calu-1	17.09	1.46401357556428	0
CSR1	calu-2	24.718	14.4022722363609	0
CSR1	cam-1	8.6	7.57600750198229	0
CSR1	camt-1	19.468	3.53391492664085	0
CSR1	cand-1	26.114	14.2370618196317	0
CSR1	cank-26	27.886	5.49204735160602	0
CSR1	cap-1	22.26	7.29486992862417	0
CSR1	cap-2	24.268	8.87727659950554	0
CSR1	capa-1	18.126	6.84907230942369	0
CSR1	capg-1	25.762	7.70890566606735	0
CSR1	capg-2	25.194	12.3357379821374	0
CSR1	car-1	5.042	8.27483081977215	0
CSR1	cars-1	28.142	2.20073300920833	0
CSR1	cas-1	21.82	5.92292173518006	0
CSR1	cas-2	24.5	15.4096363669383	0
CSR1	casc-3	24.402	6.72228468588598	0
CSR1	cash-1	20.696	5.07581349868715	0
CSR1	casy-1	21.12	2.83715819300655	0
CSR1	cat-1	20.088	8.10500747275637	0
CSR1	cat-2	26.138	1.04474359649002	0
CSR1	cat-4	9.216	9.97367124381329	0
CSR1	catp-1	29.402	2.21992407315398	0
CSR1	catp-2	28.426	4.47663750812301	0
CSR1	catp-3	29.3	1.44679306445233	0
CSR1	catp-4	25.116	7.91906348679342	0
CSR1	catp-5	28.61	1.68445728906278	0
CSR1	catp-7	29.514	1.23973761649691	0
CSR1	catp-8	27.9	1.1901044957623	0
CSR1	cav-1	21.338	3.12106557514555	0
CSR1	cav-2	18.544	2.82958893660118	0
CSR1	cbd-1	19.936	4.17593431050393	0
CSR1	cbl-1	28.598	5.75373922844417	0
CSR1	cblc-1	27.894	1.70251663250688	0
CSR1	cbn-1	24.876	5.51007380469809	0
CSR1	cbp-1	23.06	11.3418273877262	0
CSR1	cbp-2	24.11	2.04732126556357	0
CSR1	cbp-3	23.394	1.94825197416325	0
CSR1	cbs-1	26.608	9.04273222150597	0
CSR1	cbs-2	26.48	5.64005232366429	0
CSR1	cca-1	29.116	1.72080279324029	0
CSR1	ccar-1	26.266	6.05283053977737	0
CSR1	ccb-1	21.2	5.12981186205898	0
CSR1	ccb-2	27.284	7.53501180610217	0
CSR1	ccch-1	18.022	6.55241811616833	0
CSR1	ccch-2	25.742	7.58375031156905	0
CSR1	ccch-3	21.614	2.85459751365758	0
CSR1	ccch-5	3.3	4.77212598424958	1
CSR1	cccp-1	26.252	5.67162773449463	0
CSR1	ccd-5	28.934	1.18510887591602	0
CSR1	ccdc-12	20.788	3.03810639204405	0
CSR1	ccdc-149	25.798	6.35958684451725	0
CSR1	ccdc-47	16.858	10.713973638873	0
CSR1	ccdc-55	16.79	4.74085735369443	0
CSR1	ccep-135	20.098	13.969063831211	0
CSR1	ccep-290	21.12	17.5745814775976	0
CSR1	ccep-97	18.466	1.89985699656396	0
CSR1	ccf-1	28.95	2.80697486018038	0
CSR1	ccg-1	24.002	1.15813190152257	0
CSR1	cchl-1	17.158	38.0402476216326	0
CSR1	ccm-2	12.286	4.82993184382044	0
CSR1	ccm-3	27.696	4.72024070242394	0
CSR1	ccnk-1	27.524	3.44967786816237	0
CSR1	ccpp-1	26.138	10.6874210680298	0
CSR1	ccpp-6	27.756	2.39589191305617	0
CSR1	ccr-4	4.87	4.5800221813543	1
CSR1	cct-1	19.632	6.87967795890689	0
CSR1	cct-2	19.288	12.5391283933621	0
CSR1	cct-3	25.276	17.1609460329629	0
CSR1	cct-4	27.692	3.9860632587165	0
CSR1	cct-5	23.486	12.682214709963	0
CSR1	cct-6	26.31	7.9519724496788	0
CSR1	cct-7	29.172	1.78884851307286	0
CSR1	cct-8	25.16	19.4249005696406	0
CSR1	ccz-1	29.528	1.42467496663077	0
CSR1	cdap-2	9.72	6.52015050547917	0
CSR1	cdc-14	26.178	5.52075470302577	0
CSR1	cdc-25.1	19.662	11.9038130315944	0
CSR1	cdc-25.2	13.632	12.819865567445	0
CSR1	cdc-25.3	25.138	5.52356430002277	0
CSR1	cdc-25.4	24.508	7.93937742327637	0
CSR1	cdc-26	15.894	11.6436588112154	0
CSR1	cdc-37	25.492	4.83328037665695	0
CSR1	cdc-42	13.562	6.47076251601004	0
CSR1	cdc-48.1	28.96	2.49659710868688	0
CSR1	cdc-48.2	20.27	36.451894204121	0
CSR1	cdc-48.3	28.556	1.11418484036206	0
CSR1	cdc-50.b	28.942	3.49703425443876	0
CSR1	cdc-5l	28.59	3.72585862662396	0
CSR1	cdc-6	27.334	3.49583740534325	0
CSR1	cdc-7	29.264	0.91104540374429	0
CSR1	cdc-73	12.034	2.89450358395427	0
CSR1	cdd-1	26.238	9.46351264417198	0
CSR1	cdd-2	28.994	1.3584378121764	0
CSR1	cdf-1	27.072	3.72963974085255	0
CSR1	cdf-2	6.91	7.19234364097782	0
CSR1	cdgs-1	24.336	6.13938879742619	0
CSR1	cdh-10	16.918	27.4651215110803	0
CSR1	cdh-5	17.976	4.32779981561946	0
CSR1	cdh-7	25.436	11.1817594285132	0
CSR1	cdh-8	26.646	6.58309789128715	0
CSR1	cdh-9	27.704	1.26531344500183	0
CSR1	cdk-1	27.684	6.48137870009211	0
CSR1	cdk-11.1	16.654	2.44666620714584	0
CSR1	cdk-11.2	23.55	7.46821133919167	0
CSR1	cdk-12	24.104	12.2743225636422	0
CSR1	cdk-14	26.308	5.6071685123464	0
CSR1	cdk-2	22.236	15.3997361346317	0
CSR1	cdk-4	23.148	23.9897596197644	0
CSR1	cdk-5	18.608	26.0913686246022	0
CSR1	cdk-7	20.582	20.9936952445755	0
CSR1	cdk-8	23.082	10.2464867795991	0
CSR1	cdk-9	27.5	11.653765397239	0
CSR1	cdka-1	18.498	4.69082943480686	0
CSR1	cdkl-1	21.462	23.5356658465873	0
CSR1	cdkr-3	18.344	10.9279718020976	0
CSR1	cdl-1	20.734	7.73415200673441	0
CSR1	cdo-1	1.736	2.17830304161164	1
CSR1	cdr-1	27.824	6.35209785156105	0
CSR1	cdr-2	28.962	3.58305182621715	0
CSR1	cdr-3	24.354	3.12125852315433	0
CSR1	cdr-4	29.73	1.10462575672203	0
CSR1	cdr-6	29.064	1.1368840148459	0
CSR1	cdr-7	23.37	3.23933968699874	0
CSR1	cdt-1	18.486	16.0410848937485	0
CSR1	cdt-2	26.18	6.54414488883952	0
CSR1	cebp-1	19.29	2.61909135906047	0
CSR1	cebp-2	25.656	7.56512932874684	0
CSR1	cec-1	16.532	2.54965638311639	0
CSR1	cec-10	7.298	7.94820966961756	0
CSR1	cec-2	18.314	7.75388104133517	0
CSR1	cec-3	21.264	7.56743567347509	0
CSR1	cec-4	13.176	5.44669024291444	0
CSR1	cec-5	25.23	14.1825911110886	0
CSR1	cec-6	27.448	6.80422675310637	0
CSR1	cec-7	21.642	9.02200320196103	0
CSR1	cec-8	24.762	4.70521422126529	0
CSR1	ced-1	22.816	10.4114423623957	0
CSR1	ced-10	13.59	4.54612762064562	0
CSR1	ced-11	25.902	6.89908223225436	0
CSR1	ced-12	3.72	0.685352085160321	1
CSR1	ced-13	17.152	2.63246068255607	0
CSR1	ced-2	22.33	15.5525653708506	0
CSR1	ced-3	6.392	4.42411881247267	0
CSR1	ced-4	28.062	0.994092947946675	0
CSR1	ced-5	27.264	7.04877429117675	0
CSR1	ced-6	20.596	10.4700156086659	0
CSR1	ced-8	23.058	3.94673632026065	0
CSR1	ced-9	26.446	10.6425216428968	0
CSR1	cee-1	19.152	15.8835496172635	0
CSR1	ceeh-1	22.024	6.60784127921338	0
CSR1	ceeh-2	29.84	0.485057467363609	0
CSR1	ceh-1	23.2	5.79128152795463	0
CSR1	ceh-10	20.64	5.59818446827048	0
CSR1	ceh-100	4.282	3.38183607271757	1
CSR1	ceh-12	26.966	6.36526946316882	0
CSR1	ceh-13	19.198	18.6189227966358	0
CSR1	ceh-14	24.902	7.88678789793979	0
CSR1	ceh-16	8.4	3.99031565764151	0
CSR1	ceh-17	14.004	28.0416252323076	0
CSR1	ceh-18	21.636	8.25396348338769	0
CSR1	ceh-19	12.434	6.54154481226963	0
CSR1	ceh-2	21.636	2.35822444245357	0
CSR1	ceh-20	13.49	2.14846208245952	0
CSR1	ceh-21	20.298	5.98732163607868	0
CSR1	ceh-22	20.5	3.27901408551294	0
CSR1	ceh-23	15.328	7.54156741215238	0
CSR1	ceh-24	14.374	6.95971840809549	0
CSR1	ceh-27	19.498	3.79446393616284	0
CSR1	ceh-28	17.858	4.32130934791593	0
CSR1	ceh-30	25.256	17.6684138057173	0
CSR1	ceh-31	19.886	4.95452233646569	0
CSR1	ceh-32	18.18	2.89681130197131	0
CSR1	ceh-33	21.564	11.7886361197357	0
CSR1	ceh-34	23.474	6.48236404141538	0
CSR1	ceh-36	21.944	4.79916456480324	0
CSR1	ceh-37	17.968	24.6229923198708	0
CSR1	ceh-38	15.986	6.08336359165765	0
CSR1	ceh-39	2.454	1.98798873963333	1
CSR1	ceh-40	24.078	12.7958856479315	0
CSR1	ceh-41	24.852	10.6875973786844	0
CSR1	ceh-43	19.332	9.51511420356276	0
CSR1	ceh-44	19.99	27.6300013775222	0
CSR1	ceh-45	14.004	46.8969745920258	0
CSR1	ceh-48	20.122	2.87456645680846	0
CSR1	ceh-49	22.284	1.98001061701545	0
CSR1	ceh-5	23.214	5.36877118700436	0
CSR1	ceh-51	24.81	6.15526592178326	0
CSR1	ceh-53	4.524	3.6206599666921	1
CSR1	ceh-54	21.918	3.36160745819467	0
CSR1	ceh-57	24.382	5.40974248081002	0
CSR1	ceh-58	18.876	2.46347412753234	0
CSR1	ceh-6	10.528	1.76349716338515	0
CSR1	ceh-60	20.984	7.34948502758123	0
CSR1	ceh-62	18.954	20.640242597501	0
CSR1	ceh-63	19.096	17.301667637023	0
CSR1	ceh-7	13.45	43.2241147651944	0
CSR1	ceh-74	20.59	11.2779109980245	0
CSR1	ceh-75	26.044	10.2039751307743	0
CSR1	ceh-76	26.656	3.30415425282651	0
CSR1	ceh-79	24.57	12.6531968959083	0
CSR1	ceh-8	19.718	10.492655231181	0
CSR1	ceh-81	24.554	4.69722233771624	0
CSR1	ceh-82	22.04	8.83445212278618	0
CSR1	ceh-83	20.69	19.1503575633132	0
CSR1	ceh-84	17.112	35.2720274199656	0
CSR1	ceh-86	6.688	4.85703381239297	0
CSR1	ceh-87	26.402	8.38707460302373	0
CSR1	ceh-88	24.084	10.26029242998	0
CSR1	ceh-89	12.304	10.7201495644215	0
CSR1	ceh-9	4.776	5.5724259085972	1
CSR1	ceh-90	21.796	7.21881761175841	0
CSR1	ceh-91	13.564	2.39440317358732	0
CSR1	ceh-92	23.996	3.97077584415394	0
CSR1	ceh-93	22.042	14.2652901725194	0
CSR1	ceh-99	24.95	6.94098815421563	0
CSR1	cel-1	28.918	2.413389601149	0
CSR1	cep-1	14.718	22.1834552876103	0
CSR1	ceph-41	22.642	15.3410659262871	0
CSR1	cepr-104.2	23.158	7.33893229305383	0
CSR1	cepr-104.3	26.68	5.64419730320987	0
CSR1	cept-1	28.516	3.53027284514782	0
CSR1	cept-2	24.256	3.52864806090946	0
CSR1	cerk-1	28.062	3.20821339369568	0
CSR1	ces-1	15.904	7.4233260607996	0
CSR1	ces-2	5.858	1.6829986403368	0
CSR1	cest-1.1	27.442	7.06923956250932	0
CSR1	cest-1.2	24.532	6.99514016338848	0
CSR1	cest-10	23.706	17.7330360453094	0
CSR1	cest-12	16.558	2.96649611457733	0
CSR1	cest-13	28.434	1.36744293391357	0
CSR1	cest-16	25.486	19.1685928137976	0
CSR1	cest-17	27.176	0.425640086574069	0
CSR1	cest-19	28.714	3.04272336555111	0
CSR1	cest-2.1	25.75	8.73030957140441	0
CSR1	cest-2.2	27.03	8.89538663599304	0
CSR1	cest-2.3	26.712	13.1977207148151	0
CSR1	cest-24	25.946	8.55382732767915	0
CSR1	cest-25	28.404	1.08301610803191	0
CSR1	cest-26	23.724	7.8633335556619	0
CSR1	cest-27	24.302	17.1689317641768	0
CSR1	cest-28	27.544	2.03822589986812	0
CSR1	cest-3	26.966	6.57505185258747	0
CSR1	cest-30	10.82	5.52213280824017	0
CSR1	cest-31	29.04	2.28832613303528	0
CSR1	cest-32	28.854	1.94645994253909	0
CSR1	cest-34	26.934	3.24954109294673	0
CSR1	cest-35.1	29.01	1.69416533846028	0
CSR1	cest-35.2	29.596	1.79326712711255	0
CSR1	cest-4	24.402	8.26102228284244	0
CSR1	cest-5.1	20.32	3.47498099289562	0
CSR1	cest-5.2	23.966	9.82912680739326	0
CSR1	cest-6	21.75	3.04630230316827	0
CSR1	cest-7	27.252	3.99536133336142	0
CSR1	cest-8	28.4	2.08906999636498	0
CSR1	cest-9.1	26.816	10.5234332308704	0
CSR1	cest-9.2	27.808	8.24980397786201	0
CSR1	cex-1	24.192	12.6525373176803	0
CSR1	cex-2	18.466	10.6069569934797	0
CSR1	cey-1	19.304	12.9699194072017	0
CSR1	cey-2	22.466	3.91938151224316	0
CSR1	cey-3	18.502	10.3203357066266	0
CSR1	cey-4	23.696	25.9372151085607	0
CSR1	cfap-36	25.678	15.1089664273236	0
CSR1	cfh-1	24.062	3.96291455691847	0
CSR1	cfi-1	20.6	3.66191275869785	0
CSR1	cfim-1	18.436	36.0743933266262	0
CSR1	cfim-2	7.23	69.997170014257	0
CSR1	cfp-1	24.64	10.7126330017133	0
CSR1	cft-1	19.762	9.83990308299468	0
CSR1	cfz-2	25.016	4.54871270990897	0
CSR1	cgef-1	23.71	2.81777437672089	0
CSR1	cgh-1	24.798	16.2874785379182	0
CSR1	cgp-1	19.536	5.9149424771023	0
CSR1	cgr-1	16.04	6.38335188585306	0
CSR1	cgt-1	25.758	21.2168851929885	0
CSR1	cgt-2	25.356	13.358926789924	0
CSR1	cgt-3	27.426	3.63838225045056	0
CSR1	cha-1	27.482	4.03256064269945	0
CSR1	chaf-1	16.784	11.7591696760961	0
CSR1	chaf-2	23.306	20.9147219146319	0
CSR1	chat-1	26.044	8.69856242115126	0
CSR1	chc-1	27.568	4.03044129264058	0
CSR1	chca-1	11.99	2.11899016111968	0
CSR1	chch-3	21.9	13.6168410709475	0
CSR1	chd-1	21.18	9.58625790610801	0
CSR1	chd-3	23.884	2.91743354456596	0
CSR1	chdh-1	28.366	1.70070146649156	0
CSR1	chdp-1	11.162	11.8509910426234	0
CSR1	che-1	18.13	7.15291252690468	0
CSR1	che-10	18.756	6.72235527181866	0
CSR1	che-11	27.118	4.91698010767771	0
CSR1	che-12	22.044	9.58146763974092	0
CSR1	che-13	12.452	28.9604103912205	0
CSR1	che-14	27.384	5.65567889923146	0
CSR1	che-2	29.602	2.04292913097838	0
CSR1	che-6	26.848	2.60719074456411	0
CSR1	che-7	21	32.2040334933783	0
CSR1	chhy-1	24.032	16.7513163311047	0
CSR1	chil-1	22.534	16.2592586806093	0
CSR1	chil-10	27.668	2.80874258675504	0
CSR1	chil-11	28.784	3.83328274059178	0
CSR1	chil-12	18.212	20.7894874459415	0
CSR1	chil-13	16.32	23.168247873648	0
CSR1	chil-14	12.748	19.2123283684986	0
CSR1	chil-15	26.726	15.5565185404758	0
CSR1	chil-16	29.038	1.58663711446361	0
CSR1	chil-17	24.106	13.2292075364005	0
CSR1	chil-18	24.426	10.9888433224221	0
CSR1	chil-19	17.352	5.64649946797357	0
CSR1	chil-2	27.752	1.99170739495108	0
CSR1	chil-21	26.866	6.83815633216897	0
CSR1	chil-22	26.432	8.79041427187292	0
CSR1	chil-23	22.262	35.5491747855614	0
CSR1	chil-24	26.318	13.6570223360888	0
CSR1	chil-25	23.264	9.51168815474928	0
CSR1	chil-26	20.814	2.41100539685397	0
CSR1	chil-27	26.036	3.03019791810678	0
CSR1	chil-3	16.856	1.25401306033368	0
CSR1	chil-4	26.53	9.78426604961443	0
CSR1	chil-5	25.088	7.95395172644656	0
CSR1	chil-6	22.108	13.1237156038007	0
CSR1	chil-7	28.28	2.37575346990676	0
CSR1	chil-8	27.296	4.74160365240927	0
CSR1	chil-9	22.674	15.1173167297732	0
CSR1	chin-1	27.622	2.89402384095161	0
CSR1	chk-1	24.046	13.3681405307159	0
CSR1	chk-2	29.222	2.13810131646133	0
CSR1	chkr-1	19.846	20.6981377950945	0
CSR1	chl-1	23.18	0.377326481547362	0
CSR1	chmp-7	19.712	41.0929326570936	0
CSR1	chn-1	23.134	13.3303088661765	0
CSR1	cho-1	20.776	4.93077063591885	0
CSR1	chp-1	24.912	11.2066637613208	0
CSR1	chpf-1	27.788	2.60492918103644	0
CSR1	chpf-2	25.3	6.1210609700155	0
CSR1	chs-1	23.664	2.5788980386151	0
CSR1	chs-2	16.492	16.4395020928725	0
CSR1	chst-1	26.516	9.21460257952076	0
CSR1	cht-1	26.276	14.2439373057003	0
CSR1	cht-2	28.414	2.38444966371701	0
CSR1	cht-3	27.866	7.39341844840285	0
CSR1	cht-4	18.078	4.01781248315877	0
CSR1	cht-5	3.992	3.90251297392032	1
CSR1	chtb-3	23.772	8.86867877185159	0
CSR1	chtl-1	24.456	4.66050011042672	0
CSR1	chts-1	22.84	2.02539991352371	0
CSR1	chup-1	21.046	5.13003238245013	0
CSR1	chw-1	28.508	3.70494412948724	0
CSR1	cic-1	25.51	19.2975463699637	0
CSR1	cid-1	2.814	1.41255201949906	1
CSR1	cids-1	17.162	5.7925515631573	0
CSR1	cids-2	21.188	0.518517801282696	0
CSR1	cif-1	27.782	13.5595121372339	0
CSR1	cil-1	20.924	23.4347716169294	0
CSR1	cil-7	20.368	25.7454419402138	0
CSR1	cima-1	20.292	5.38956166251694	0
CSR1	cin-4	6.342	6.26900316292249	0
CSR1	cir-1	3.412	1.71397321421025	1
CSR1	cisd-1	23.532	3.44046837375316	0
CSR1	cisd-3.1	26.09	8.41180989169529	0
CSR1	cisd-3.2	24.074	3.67077527044539	0
CSR1	cit-1.1	20.668	5.63246415543169	0
CSR1	cit-1.2	16.286	19.8794864619699	0
CSR1	citk-1	21.548	8.10078530547715	0
CSR1	citk-2	25.496	8.37230548943805	0
CSR1	cka-1	29.416	2.33165283544579	0
CSR1	cka-2	21.76	2.11721498157894	0
CSR1	ckb-1	29.184	3.15507417053717	0
CSR1	ckb-2	21.436	7.47497571850746	0
CSR1	ckb-3	29.222	2.20815613728558	0
CSR1	ckb-4	27.656	1.98239719042167	0
CSR1	ckc-1	28.218	0.981585349905114	0
CSR1	cki-1	17.504	7.16183041823508	0
CSR1	cki-2	20.578	6.30614586816246	0
CSR1	ckk-1	26.338	2.21330708605051	0
CSR1	ckr-1	18.576	2.26789272371343	0
CSR1	ckr-2	23.368	4.86139405739117	0
CSR1	cks-1	26.172	9.74538698997868	0
CSR1	cku-70	29.638	1.44856283042027	0
CSR1	cku-80	29.242	0.960697068568137	0
CSR1	cky-1	14.754	13.6899105120519	0
CSR1	clc-1	12.866	3.60585165442961	0
CSR1	clc-10	26.644	9.85470115927981	0
CSR1	clc-11	28.294	3.31544670908426	0
CSR1	clc-12	18.824	14.5059047546219	0
CSR1	clc-13	24.57	6.54163740977725	0
CSR1	clc-14	26.454	4.26659512985633	0
CSR1	clc-15	26.536	3.48339549426421	0
CSR1	clc-17	21.456	3.51977050588749	0
CSR1	clc-18	28.388	3.28882869553152	0
CSR1	clc-19	27.848	1.83688918392624	0
CSR1	clc-2	4.574	6.62695975236837	1
CSR1	clc-20	12.59	3.03806060347979	0
CSR1	clc-21	25.448	4.65878408802185	0
CSR1	clc-23	26.028	3.79012521577303	0
CSR1	clc-24	20.406	12.5493778232163	0
CSR1	clc-25	22.766	4.74916008374691	0
CSR1	clc-26	22.164	11.048278706821	0
CSR1	clc-27	20.81	3.87422284877393	0
CSR1	clc-28	27.36	3.38415556551775	0
CSR1	clc-29	23.554	19.0976182143966	0
CSR1	clc-3	23.68	4.96419409213484	0
CSR1	clc-30	25.51	7.84383484323727	0
CSR1	clc-31	26.478	2.40265909908461	0
CSR1	clc-32	27.72	1.26930823129575	0
CSR1	clc-33	30.328	1.54926695388598	0
CSR1	clc-4	19.982	7.15131196695437	0
CSR1	clc-5	20.722	19.3374610719413	0
CSR1	clc-6	22.972	4.76527091614896	0
CSR1	clc-7	22.658	3.23801245756425	0
CSR1	clc-8	5.478	6.02049966200239	0
CSR1	clc-9	19.278	1.91099675480967	0
CSR1	cld-9	28.466	1.36726029833073	0
CSR1	cle-1	24.698	9.35944079543332	0
CSR1	clec-1	27.998	3.91155626443398	0
CSR1	clec-10	23.236	9.73602230243189	0
CSR1	clec-100	28.518	2.23106341957598	0
CSR1	clec-101	3.182	4.85541140592058	1
CSR1	clec-102	27.29	1.71031162039061	0
CSR1	clec-103	23.158	22.6758081762015	0
CSR1	clec-104	20.236	2.80712242358017	0
CSR1	clec-105	26.434	2.62688893178604	0
CSR1	clec-106	15.49	2.58714847120902	0
CSR1	clec-107	25.258	5.99789707823586	0
CSR1	clec-108	27.148	6.56065546966562	0
CSR1	clec-109	23.066	28.9670034536758	0
CSR1	clec-11	26.07	2.48056712147675	0
CSR1	clec-110	21.864	22.3461066444419	0
CSR1	clec-111	28.728	1.79333502368029	0
CSR1	clec-112	14.12	3.57736364882778	0
CSR1	clec-113	25.008	7.99086021647773	0
CSR1	clec-114	27.332	1.71675238400497	0
CSR1	clec-115	26.056	8.73330704194907	0
CSR1	clec-116	27.436	2.50655730460121	0
CSR1	clec-117	28.084	2.89895927202597	0
CSR1	clec-118	24.492	5.26650370194948	0
CSR1	clec-119	26.998	1.15371633623979	0
CSR1	clec-12	24.584	3.75381554651309	0
CSR1	clec-121	22.536	6.09667584941425	0
CSR1	clec-122	25.842	3.46496441602609	0
CSR1	clec-123	27.958	2.961014966593	0
CSR1	clec-124	18.702	19.3119072293272	0
CSR1	clec-125	12.036	2.91836900302718	0
CSR1	clec-126	23.138	8.69347806641194	0
CSR1	clec-127	20.708	3.95973395360745	0
CSR1	clec-128	14.226	3.42807656803567	0
CSR1	clec-129	25.822	8.56517970365955	0
CSR1	clec-130	27.564	8.86459187766691	0
CSR1	clec-132	24.218	15.2754203605325	0
CSR1	clec-133	28.052	1.52004692967722	0
CSR1	clec-134	24.286	12.2145146615147	0
CSR1	clec-135	25.79	3.90326820342236	0
CSR1	clec-136	25.776	1.12628095494486	0
CSR1	clec-137	16.784	18.4941529639349	0
CSR1	clec-138	24.318	2.5311463396216	0
CSR1	clec-139	4.804	2.7873220218602	1
CSR1	clec-140	25.752	4.80915921969272	0
CSR1	clec-141	24.688	11.0322833942545	0
CSR1	clec-142	21.844	15.8720584224589	0
CSR1	clec-143	27.492	2.20797794973569	0
CSR1	clec-144	8.526	6.03128754490873	0
CSR1	clec-145	21.982	8.72567174124312	0
CSR1	clec-146	21.858	0.824386218015092	0
CSR1	clec-147	21.43	26.3017135820378	0
CSR1	clec-148	27.054	1.85950532856549	0
CSR1	clec-149	27.218	4.51154964429644	0
CSR1	clec-15	25.33	3.23401664301672	0
CSR1	clec-150	27.652	2.73250572384542	0
CSR1	clec-151	23.16	3.4367812678494	0
CSR1	clec-153	18.208	1.71683866080311	0
CSR1	clec-156	21.054	14.0949679338014	0
CSR1	clec-157	26.142	9.07592893870008	0
CSR1	clec-158	28.426	1.25948900890498	0
CSR1	clec-160	27.702	1.47218067732003	0
CSR1	clec-161	18.524	42.6953814702555	0
CSR1	clec-162	24.72	13.7804037836419	0
CSR1	clec-163	28.818	1.34112066183324	0
CSR1	clec-164	21.098	1.83858483009625	0
CSR1	clec-165	17.058	3.93551175999332	0
CSR1	clec-166	25.714	5.31615737775534	0
CSR1	clec-167	26.16	2.49717526920177	0
CSR1	clec-168	25.99	4.99110915410083	0
CSR1	clec-169	27.53	1.99831582541217	0
CSR1	clec-17	26.366	2.66515517274338	0
CSR1	clec-170	25.668	7.29415356155123	0
CSR1	clec-171	28.158	1.41931190688567	0
CSR1	clec-172	23.398	1.92523474203765	0
CSR1	clec-173	25.68	10.1524300284692	0
CSR1	clec-174	24.808	5.4629070722372	0
CSR1	clec-175	27.57	2.832879824413	0
CSR1	clec-176	26.08	4.21683271313057	0
CSR1	clec-177	27.764	2.30860184834391	0
CSR1	clec-178	26.554	6.99114773080605	0
CSR1	clec-179	26.498	3.12735189978499	0
CSR1	clec-18	25.952	3.74564563937386	0
CSR1	clec-180	14.632	4.97368751407482	0
CSR1	clec-181	26.816	2.96934668774762	0
CSR1	clec-182	24.522	25.0514296933961	0
CSR1	clec-183	26.81	5.65256891994073	0
CSR1	clec-184	25.038	7.64623121370361	0
CSR1	clec-185	24.448	7.9338072079755	0
CSR1	clec-186	26.142	7.29479575404508	0
CSR1	clec-187	27.176	3.55169937352303	0
CSR1	clec-189	24.932	8.69088328586647	0
CSR1	clec-19	24.498	5.30854914607619	0
CSR1	clec-190	22.608	9.81561698663558	0
CSR1	clec-191	26.264	3.30162570007428	0
CSR1	clec-193	27.21	5.24583876522774	0
CSR1	clec-194	27.71	2.63813307578449	0
CSR1	clec-195	28.174	2.9024226638778	0
CSR1	clec-196	22.278	2.07319230348073	0
CSR1	clec-197	27.026	4.96064535848375	0
CSR1	clec-198	19.678	6.99275412416307	0
CSR1	clec-199	21.806	16.2749681458884	0
CSR1	clec-2	26.932	1.77556260615433	0
CSR1	clec-20	26.078	5.98858883865098	0
CSR1	clec-202	25.83	1.29216564214314	0
CSR1	clec-203	26.06	6.12797474437848	0
CSR1	clec-204	26.332	3.79256836166994	0
CSR1	clec-205	26.234	2.14932079619946	0
CSR1	clec-206	20.574	3.22200430235081	0
CSR1	clec-207	24.086	16.8052773844057	0
CSR1	clec-208	4.51	11.1594053500325	0
CSR1	clec-209	17.848	6.66369312626065	0
CSR1	clec-21	20.294	17.506091985664	0
CSR1	clec-210	25.89	5.29401428169005	0
CSR1	clec-212	21.22	2.48449404205363	0
CSR1	clec-213	27.66	4.02829424760036	0
CSR1	clec-214	28.436	7.00393876675992	0
CSR1	clec-215	9.314	9.45381415654444	0
CSR1	clec-216	18.23	3.41489379906994	0
CSR1	clec-217	23.784	11.1866206955104	0
CSR1	clec-218	27.09	3.96056325492992	0
CSR1	clec-219	21.51	7.99317185191577	0
CSR1	clec-22	2.078	2.99371145620708	1
CSR1	clec-221	22.78	23.948184420081	0
CSR1	clec-222	27.244	4.93387082366216	0
CSR1	clec-223	23.478	3.66292937201916	0
CSR1	clec-224	21.858	9.27432873179953	0
CSR1	clec-225	28.916	1.17240722809655	0
CSR1	clec-226	27.244	2.78484378351032	0
CSR1	clec-227	26.59	3.75930770954488	0
CSR1	clec-228	27.136	3.28521633132048	0
CSR1	clec-229	19.12	41.5765209060315	0
CSR1	clec-230	23.642	10.742317913202	0
CSR1	clec-231	13.806	61.4937565640904	0
CSR1	clec-232	11.466	3.44391879055493	0
CSR1	clec-233	25.31	12.6612684845558	0
CSR1	clec-234	11.566	4.60339269360241	0
CSR1	clec-238	18.022	9.70665941096726	0
CSR1	clec-239	28.23	5.62918615982883	0
CSR1	clec-24	11.282	7.27750496940987	0
CSR1	clec-240	16.246	35.718830363971	0
CSR1	clec-241	19.974	23.7828017781017	0
CSR1	clec-242	23.502	1.54396906961537	0
CSR1	clec-243	25.764	6.75124475204528	0
CSR1	clec-245	17.7	46.4889538351755	0
CSR1	clec-246	27.188	1.95171288441749	0
CSR1	clec-247	6.324	8.12444402758349	0
CSR1	clec-248	16.17	4.65406487186592	0
CSR1	clec-25	24.55	10.1140209636841	0
CSR1	clec-250	27.834	2.84082369201037	0
CSR1	clec-251	25.59	4.08329919729481	0
CSR1	clec-252	22.95	8.06117882394924	0
CSR1	clec-254	26.076	6.64456480668885	0
CSR1	clec-255	23.066	14.0905895334937	0
CSR1	clec-256	27.006	1.33087533618932	0
CSR1	clec-257	27.854	2.65944970213365	0
CSR1	clec-258	28.694	1.53551913673441	0
CSR1	clec-26	26.092	15.1681446254825	0
CSR1	clec-260	26.14	11.1366358999718	0
CSR1	clec-261	25.322	25.865047439385	0
CSR1	clec-262	27.46	4.39744653769769	0
CSR1	clec-263	24.92	7.609017603217	0
CSR1	clec-264	25.512	3.17030324769616	0
CSR1	clec-265	26.478	2.7845981821244	0
CSR1	clec-266	13.216	38.2689987008314	0
CSR1	clec-27	11.574	3.60902049423895	0
CSR1	clec-28	26.102	9.39638920567068	0
CSR1	clec-29	28.278	1.04348349009537	0
CSR1	clec-3	25.928	5.85625714659004	0
CSR1	clec-31	27.586	0.981639692271597	0
CSR1	clec-32	20.766	19.236071242767	0
CSR1	clec-33	22.354	18.4483307854122	0
CSR1	clec-34	26.654	4.04554508634083	0
CSR1	clec-35	14.992	3.17147939109862	0
CSR1	clec-36	27.01	1.59844747463331	0
CSR1	clec-37	27.112	2.21325734175996	0
CSR1	clec-38	21.992	12.4282286940457	0
CSR1	clec-39	27.762	2.94954562399945	0
CSR1	clec-4	26.978	5.55133123485789	0
CSR1	clec-40	19.944	6.99522279553255	0
CSR1	clec-41	26.376	4.53048320588764	0
CSR1	clec-42	25.69	5.73331381438797	0
CSR1	clec-43	24.474	5.64297289445864	0
CSR1	clec-45	15.354	1.58105393086755	0
CSR1	clec-47	17.188	2.82260566387277	0
CSR1	clec-48	27.208	2.90267368806989	0
CSR1	clec-49	27.444	4.30572832262877	0
CSR1	clec-5	27.558	2.73003486058196	0
CSR1	clec-50	26.066	3.58233684017531	0
CSR1	clec-51	13.674	20.7483202110364	0
CSR1	clec-52	26.248	2.01999202433764	0
CSR1	clec-53	21.084	24.1400521513102	0
CSR1	clec-54	28.436	1.48088932144729	0
CSR1	clec-55	27.056	3.17919417243178	0
CSR1	clec-56	21.648	4.43343480894049	0
CSR1	clec-57	24.838	4.81512508686754	0
CSR1	clec-58	7.048	2.8788864663517	0
CSR1	clec-59	27.226	1.2634660947595	0
CSR1	clec-6	27.882	5.39613286902472	0
CSR1	clec-60	19.008	1.77684398920609	0
CSR1	clec-61	27.842	1.53865506621539	0
CSR1	clec-62	27.322	4.53258956677065	0
CSR1	clec-63	27.304	1.84484394203189	0
CSR1	clec-64	27.198	7.11339630622833	0
CSR1	clec-65	27.422	5.61162926570634	0
CSR1	clec-66	28.07	3.40514517858169	0
CSR1	clec-67	7.442	3.55693880162116	0
CSR1	clec-68	4.536	7.67911290328607	1
CSR1	clec-7	26.982	2.01269503223243	0
CSR1	clec-70	24.524	4.98828669709346	0
CSR1	clec-71	12.834	57.3163939365091	0
CSR1	clec-72	26.904	3.46218623829933	0
CSR1	clec-73	21.504	5.5721743701275	0
CSR1	clec-74	26.474	4.46372874885649	0
CSR1	clec-75	19.374	10.1199819445394	0
CSR1	clec-76	26.878	6.05492514075467	0
CSR1	clec-79	17.654	16.4087261044965	0
CSR1	clec-8	26.11	5.45146023704575	0
CSR1	clec-80	24.766	6.81739355656962	0
CSR1	clec-82	28.138	0.820253558373107	0
CSR1	clec-83	18.276	7.66145287554752	0
CSR1	clec-84	26.67	6.76554066757956	0
CSR1	clec-85	21.552	4.83438616198148	0
CSR1	clec-86	26.644	3.91193343154188	0
CSR1	clec-87	27.388	3.74197169823557	0
CSR1	clec-88	25.446	5.95871750198698	0
CSR1	clec-89	23.526	3.16258424426115	0
CSR1	clec-9	15.176	10.4016416380746	0
CSR1	clec-90	20.888	11.512588410572	0
CSR1	clec-91	25.264	9.62866964925499	0
CSR1	clec-92	22.208	18.5379440097855	0
CSR1	clec-93	23.984	18.1819796020659	0
CSR1	clec-94	17.438	21.0755578564702	0
CSR1	clec-95	14.034	56.6349317712188	0
CSR1	clec-96	25.658	11.6626147426784	0
CSR1	clec-97	28.638	2.19979115170842	0
CSR1	clec-98	27.482	3.76407058621136	0
CSR1	clec-99	22.65	15.5729462130004	0
CSR1	clh-1	24.568	7.36305559967867	0
CSR1	clh-2	28.79	7.59319544393316	0
CSR1	clh-3	26.594	9.9641783180051	0
CSR1	clh-4	20.896	25.9025833156013	0
CSR1	clh-5	25.134	6.07296119153394	0
CSR1	clh-6	19.746	7.45587153885227	0
CSR1	clhm-1	28.032	7.66687682998177	0
CSR1	clic-1	8.056	81.0472645797638	0
CSR1	clik-1	16.75	11.9436562443026	0
CSR1	clik-2	18.692	3.71449074314325	0
CSR1	clik-3	20.032	5.98972889437647	0
CSR1	clip-1	19.288	4.82435379116032	0
CSR1	clk-1	28.842	5.95966391833245	0
CSR1	clk-2	25.928	12.1102877726635	0
CSR1	cln-3.1	26.246	4.46413528301373	0
CSR1	cln-3.2	19.854	2.15777180880676	0
CSR1	cln-3.3	23.122	6.54876767838068	0
CSR1	clp-1	26.386	7.4719746216742	0
CSR1	clp-10	29.584	1.85720685010346	0
CSR1	clp-2	26.894	4.29802519602865	0
CSR1	clp-3	22.498	3.21558874577921	0
CSR1	clp-4	19.832	3.61442309543064	0
CSR1	clp-6	26.994	4.63055493697263	0
CSR1	clp-7	21.09	4.55722683422027	0
CSR1	clp-8	26.978	10.7526754021445	0
CSR1	clp-9	29.452	1.17407630373372	0
CSR1	clpf-1	29.062	2.66781119354282	0
CSR1	clpp-1	19.446	31.1582905393004	0
CSR1	clpr-1	24.444	1.42968020308527	0
CSR1	clpr-2	26.906	6.16725385757509	0
CSR1	clpr-3	28.268	1.50926142589376	0
CSR1	clr-1	13.87	1.29073639437406	0
CSR1	cls-1	23.172	17.8987642742307	0
CSR1	cls-2	20.252	24.9607150683107	0
CSR1	cls-3	17.61	9.74304693141279	0
CSR1	clsp-1	19.6	5.78311318992031	0
CSR1	clu-1	26.756	15.7052559627028	0
CSR1	clx-1	13.628	1.79094263418582	0
CSR1	cmd-1	18.016	7.70353502379268	0
CSR1	cmk-1	24.026	5.71903787402858	0
CSR1	cmt-1	27.87	2.51409487925224	0
CSR1	cmtr-2	28.336	1.81097154180335	0
CSR1	cnb-1	22.04	0.592448496243223	0
CSR1	cnc-1	18.542	14.4941352504493	0
CSR1	cnc-10	15.186	8.82141017331545	0
CSR1	cnc-11	19.28	20.4441409405362	0
CSR1	cnc-2	10.398	1.79587523082479	0
CSR1	cnc-3	23.88	3.16448284367085	0
CSR1	cnc-4	17.088	37.6908642174549	0
CSR1	cnc-5	20.986	11.2630238335914	0
CSR1	cnc-6	15.474	24.6182400544023	0
CSR1	cnc-7	18.236	23.6975471516392	0
CSR1	cnc-8	22.09	4.15973378965468	0
CSR1	cnc-9	2.558	2.30284229476515	1
CSR1	cnd-1	11.728	9.42612008934966	0
CSR1	cnep-1	25.594	10.35788090657	0
CSR1	cng-1	27.948	5.16857649570868	0
CSR1	cng-2	26.674	3.94859173487502	0
CSR1	cng-3	26.99	6.56525449875083	0
CSR1	cni-1	26.334	5.30862585770838	0
CSR1	cnk-1	22.846	6.04445575777055	0
CSR1	cnnm-1	25.418	17.378531663414	0
CSR1	cnnm-2	23.782	15.0170468629112	0
CSR1	cnnm-3	23.606	9.59184286980354	0
CSR1	cnnm-4	28.768	3.14152282020981	0
CSR1	cnnm-5	21.028	18.4812377855214	0
CSR1	cnp-2	13.068	27.4252006614187	0
CSR1	cnp-3	23.086	25.0124621964622	0
CSR1	cnt-1	28.942	1.04783898899303	0
CSR1	cnt-2	6.972	1.64602152070508	0
CSR1	cnx-1	16.146	16.9714244804966	0
CSR1	coa-1	23.98	11.6726730627843	0
CSR1	coa-3	13.674	3.47916868847145	0
CSR1	coa-4	24.49	7.48286183820372	0
CSR1	coa-5	20.21	3.93128366701403	0
CSR1	coa-6	26.648	3.84771453145336	0
CSR1	coa-7	27.218	12.9844777907015	0
CSR1	coel-1	26.414	4.72397231181233	0
CSR1	cof-2	21.252	4.56274799244399	0
CSR1	cog-1	19.22	27.157190710456	0
CSR1	cogc-1	19.54	28.8801067880937	0
CSR1	cogc-2	12.35	5.74499490690421	0
CSR1	cogc-3	26.598	5.03779040401273	0
CSR1	cogc-4	26.976	7.37937683252691	0
CSR1	cogc-5	28.402	1.91320161559069	0
CSR1	cogc-6	20.682	1.26473343861071	0
CSR1	cogc-8	21.192	2.86495300270284	0
CSR1	coh-1	17.106	3.68352137353061	0
CSR1	coh-3	14.726	15.5455808278213	0
CSR1	coh-4	10.908	8.40032827782091	0
CSR1	col-10	21.294	7.57593867625145	0
CSR1	col-101	19.548	5.439823496677	0
CSR1	col-102	21.45	9.97020681232583	0
CSR1	col-103	21.394	7.51018789221762	0
CSR1	col-104	22.388	11.0649013950028	0
CSR1	col-105	21.746	6.00630779548921	0
CSR1	col-106	17.428	3.62927971925534	0
CSR1	col-107	20.978	7.73475395333396	0
CSR1	col-108	23.314	4.03403341663841	0
CSR1	col-109	17.912	2.88082607030566	0
CSR1	col-110	19.474	14.6930067306883	0
CSR1	col-111	23.44	7.00873778422047	0
CSR1	col-113	23.024	4.65194966408048	0
CSR1	col-114	22.17	4.41082706711952	0
CSR1	col-115	21.998	1.54940087527044	0
CSR1	col-116	19.56	8.16316655684709	0
CSR1	col-117	20.558	5.90639354778026	0
CSR1	col-118	22.498	13.1963984871588	0
CSR1	col-119	21.288	3.16276976548244	0
CSR1	col-12	20.164	5.31466109497553	0
CSR1	col-120	14.49	3.83783649783279	0
CSR1	col-121	20.432	10.7047501473323	0
CSR1	col-122	15.292	11.1712601721113	0
CSR1	col-123	18.416	6.22169818904609	0
CSR1	col-124	22.578	2.14580167294035	0
CSR1	col-125	17.206	14.2598777420698	0
CSR1	col-127	22.712	8.95985345238446	0
CSR1	col-128	16.47	15.465483247366	0
CSR1	col-129	21.972	16.9583092540157	0
CSR1	col-13	15.09	9.11265736490325	0
CSR1	col-130	21.26	7.11483364108713	0
CSR1	col-131	21.852	12.1492669395713	0
CSR1	col-132	22.372	5.92206731924363	0
CSR1	col-133	19.79	10.7657394527222	0
CSR1	col-135	10.098	2.50272476872712	0
CSR1	col-137	16.134	19.2600927850011	0
CSR1	col-138	15.716	17.8386421510333	0
CSR1	col-139	21.246	7.28968865536993	0
CSR1	col-14	17.542	6.26916162373733	0
CSR1	col-140	25.892	5.04407931708814	0
CSR1	col-141	20.838	8.36200811450371	0
CSR1	col-142	24.882	8.41527500501341	0
CSR1	col-143	20.364	12.9455610704019	0
CSR1	col-144	21.334	7.08741182565852	0
CSR1	col-145	22.06	6.22685760058828	0
CSR1	col-146	16.62	5.16766264020527	0
CSR1	col-147	21.726	6.45002075702909	0
CSR1	col-148	19.22	6.73229681946445	0
CSR1	col-149	22.226	4.32284956600377	0
CSR1	col-150	23.11	11.733349337574	0
CSR1	col-151	17.874	5.25063668612438	0
CSR1	col-152	22.288	8.95532764949135	0
CSR1	col-153	23.698	9.62210144656541	0
CSR1	col-154	21.716	14.1402138874538	0
CSR1	col-155	23.612	4.02999269004541	0
CSR1	col-156	18.264	8.64028746554418	0
CSR1	col-157	21.534	15.4004262486431	0
CSR1	col-158	12.256	41.7129646791061	0
CSR1	col-159	12.238	8.62241280763235	0
CSR1	col-160	22.842	13.3850464256534	0
CSR1	col-161	21.604	6.42462944386911	0
CSR1	col-162	22.056	3.46534588452539	0
CSR1	col-163	18.542	20.4001420979338	0
CSR1	col-164	14.624	3.25459298563692	0
CSR1	col-165	10.164	5.6121693942632	0
CSR1	col-166	22.8	5.7120352656441	0
CSR1	col-167	21.416	14.5126762646642	0
CSR1	col-168	21.398	3.16985045814613	0
CSR1	col-169	17.704	18.1288384576542	0
CSR1	col-17	19.644	8.39585451952366	0
CSR1	col-170	18.014	12.1504031821201	0
CSR1	col-171	19.038	15.929676823023	0
CSR1	col-172	19.504	15.6143751044418	0
CSR1	col-173	17.826	13.2106886933171	0
CSR1	col-174	19.542	4.82786670215325	0
CSR1	col-175	24.3	7.03264368428617	0
CSR1	col-176	22.006	8.17741597199221	0
CSR1	col-177	22.476	10.4041914274435	0
CSR1	col-178	12.124	1.84211735732677	0
CSR1	col-179	16.438	23.5194346919216	0
CSR1	col-180	20.342	8.11884597888541	0
CSR1	col-181	19.31	23.8502914944727	0
CSR1	col-183	23.276	5.52756609716545	0
CSR1	col-184	19.918	3.0772127938189	0
CSR1	col-185	20.23	8.13122495131305	0
CSR1	col-186	15.166	2.84775939602034	0
CSR1	col-187	21.886	13.2688459656074	0
CSR1	col-19	25.558	9.89771531286545	0
CSR1	col-2	22.968	11.5586140585376	0
CSR1	col-20	22.774	5.82756617765303	0
CSR1	col-33	23.072	11.5375716645225	0
CSR1	col-34	22.22	6.9062481692879	0
CSR1	col-35	7.294	110.043463824498	0
CSR1	col-36	19.948	3.49448376992616	0
CSR1	col-37	19.996	13.748685500081	0
CSR1	col-38	20.624	10.5467516627605	0
CSR1	col-39	22.516	7.06140762116615	0
CSR1	col-40	16.692	14.801594129252	0
CSR1	col-41	19.166	15.7001524832421	0
CSR1	col-42	22.062	8.80603144948472	0
CSR1	col-43	22.66	7.43434077333096	0
CSR1	col-44	19.13	4.03695443310148	0
CSR1	col-45	13.618	23.6596180837275	0
CSR1	col-46	23.658	7.0496404823422	0
CSR1	col-47	17.766	3.18125288085736	0
CSR1	col-48	16.504	5.0564942820942	0
CSR1	col-49	20.73	2.84652551701533	0
CSR1	col-50	16.124	4.47498728150221	0
CSR1	col-51	17.914	23.0130820746794	0
CSR1	col-52	20.582	13.8693824395053	0
CSR1	col-53	20.516	4.04923295677001	0
CSR1	col-54	24.456	6.37241707917927	0
CSR1	col-55	20.666	15.9089293762676	0
CSR1	col-56	15.272	2.72719551408335	0
CSR1	col-58	21.588	4.40051978133731	0
CSR1	col-60	21.468	4.39498186029322	0
CSR1	col-61	21.74	5.58711989108524	0
CSR1	col-62	21.618	18.5986465871365	0
CSR1	col-63	21.166	13.7929025864696	0
CSR1	col-64	18.624	8.05292445252505	0
CSR1	col-65	22.872	3.04570319862975	0
CSR1	col-68	21.916	6.39695097993842	0
CSR1	col-69	23.21	2.04278665939331	0
CSR1	col-7	22.666	7.45770698912145	0
CSR1	col-71	24.13	9.47445827401867	0
CSR1	col-72	14.096	19.5902757786973	0
CSR1	col-73	21.878	10.460367363865	0
CSR1	col-74	18.684	6.94108950251178	0
CSR1	col-75	21.218	8.75234690224255	0
CSR1	col-76	22.934	12.1835999942143	0
CSR1	col-77	18.874	5.17033140232035	0
CSR1	col-78	19.576	5.30606637197984	0
CSR1	col-79	18.314	3.16641117449504	0
CSR1	col-8	15.392	23.8804985087672	0
CSR1	col-80	18.36	6.20688048562236	0
CSR1	col-81	17.224	10.7639155060318	0
CSR1	col-83	20.45	6.85817981337035	0
CSR1	col-84	22.79	7.89887130888417	0
CSR1	col-85	16.77	4.06995856010434	0
CSR1	col-86	17.336	1.57582440618754	0
CSR1	col-87	17.544	14.1635895863599	0
CSR1	col-88	21.416	7.78731785981213	0
CSR1	col-89	20.192	4.55254404736533	0
CSR1	col-9	17.708	3.65136281885716	0
CSR1	col-90	18.654	13.0348897071467	0
CSR1	col-91	23.364	5.17090732589427	0
CSR1	col-92	22.758	7.24749421641603	0
CSR1	col-93	14.718	36.8337215611053	0
CSR1	col-94	21.238	8.48115340112204	0
CSR1	col-95	21.664	12.4138065609872	0
CSR1	col-96	21.93	14.5823327158432	0
CSR1	col-97	21.814	5.48284017398721	0
CSR1	col-98	18.45	15.598695644886	0
CSR1	col-99	16.392	19.4363812426004	0
CSR1	com-1	20.648	11.6561674945245	0
CSR1	comp-1	28.558	1.38556366703013	0
CSR1	comt-1	12.898	16.1130508026295	0
CSR1	comt-2	28.568	3.46306375942575	0
CSR1	comt-3	25.522	9.38004769470518	0
CSR1	comt-4	28.408	8.47232258742298	0
CSR1	comt-5	29.398	1.39639388934448	0
CSR1	copa-1	28.71	3.09095077486918	0
CSR1	copb-1	19.544	2.29155539173455	0
CSR1	copb-2	20.052	4.79318543695445	0
CSR1	copd-1	15.898	63.5368913709168	0
CSR1	cope-1	26.946	5.85050502912876	0
CSR1	copg-1	28.994	1.40852269881317	0
CSR1	copz-1	22.888	6.84412496769105	0
CSR1	coq-1	27.276	1.73645285405591	0
CSR1	coq-2	25.848	11.1267166790522	0
CSR1	coq-3	24.736	15.9283711107294	0
CSR1	coq-4	8.486	5.56766699747421	0
CSR1	coq-5	24.918	13.4582670156417	0
CSR1	coq-6	28.604	3.96767617698659	0
CSR1	coq-8	28.376	0.752790377174424	0
CSR1	cor-1	21.764	3.96249687573218	0
CSR1	cosa-1	27.76	9.51257635949246	0
CSR1	cox-10	21.91	2.38276227550498	0
CSR1	cox-11	11.982	3.03759208781539	0
CSR1	cox-14	16.04	3.68120896340013	0
CSR1	cox-15	22.658	5.35470170922486	0
CSR1	cox-16	22.942	10.2608461777634	0
CSR1	cox-17	13.62	57.7901588031824	0
CSR1	cox-18	28.298	2.52666797472597	0
CSR1	cox-19	18.73	3.59186079905054	0
CSR1	cox-4	27.332	4.22984489478412	0
CSR1	cox-5A	27.3	2.72863041266868	0
CSR1	cox-5b	25.462	2.6520128316593	0
CSR1	cox-6A	22.806	5.69566528491239	0
CSR1	cox-6b	26.656	4.97527341871152	0
CSR1	cox-6c	24.958	11.8573998932601	0
CSR1	cox-7c	11.414	6.3693769735201	0
CSR1	cpar-1	23.75	1.456136123435	0
CSR1	cpb-1	23.494	3.23369215102459	0
CSR1	cpb-2	23.15	14.2175045601038	0
CSR1	cpb-3	20.998	14.3474847561699	0
CSR1	cpd-1	21.858	1.40355856135019	0
CSR1	cpd-2	28.352	4.25759119845493	0
CSR1	cpf-1	28.286	5.18376939087274	0
CSR1	cpf-2	24.172	6.94553459818569	0
CSR1	cpg-1	12.448	4.67404174062019	0
CSR1	cpg-18	15.872	4.05346615231271	0
CSR1	cpg-19	17.284	7.52525581126559	0
CSR1	cpg-2	23.246	6.522153640366	0
CSR1	cpg-20	19.784	4.20665161048866	0
CSR1	cpg-22	20.284	7.27183318847351	0
CSR1	cpg-23	24.552	5.48459246594491	0
CSR1	cpg-24	22.548	17.2676796412682	0
CSR1	cpg-3	20.806	3.54993764817002	0
CSR1	cpg-4	17.726	7.22506286952163	0
CSR1	cpg-7	17.512	7.02844257824089	0
CSR1	cpg-8	3.6	2.37333437369932	1
CSR1	cpg-9	20.724	5.28418067605296	0
CSR1	cpi-1	28.338	1.47017196136797	0
CSR1	cpi-2	27.95	0.934009122161477	0
CSR1	cpin-1	28.804	1.31848441159442	0
CSR1	cpl-1	20.15	22.0775632867902	0
CSR1	cpn-1	20.396	22.5947750463277	0
CSR1	cpn-2	23.988	4.70223291165972	0
CSR1	cpn-3	28.032	3.70896500879864	0
CSR1	cpn-4	25.93	3.44917581007884	0
CSR1	cpna-1	18.502	4.63546522699728	0
CSR1	cpna-3	29.292	2.34000467354954	0
CSR1	cpna-4	27.536	9.42707356935284	0
CSR1	cpna-5	23.018	1.36535297562642	0
CSR1	cpr-1	27.21	3.67374101308754	0
CSR1	cpr-2	28.68	2.31600026574834	0
CSR1	cpr-3	18.124	2.03087662266803	0
CSR1	cpr-4	28.576	2.09054571011521	0
CSR1	cpr-5	5.452	6.75469934081998	0
CSR1	cpr-6	27.828	4.95717186559965	0
CSR1	cpr-8	27.908	6.94759665628183	0
CSR1	cpr-9	27.218	3.9161191126029	0
CSR1	cps-6	22.848	22.4646594752352	0
CSR1	cpsf-1	26.836	16.0374711165758	0
CSR1	cpsf-2	22.744	15.7701572228422	0
CSR1	cpsf-3	29.85	1.78122412570297	0
CSR1	cpsf-4	20.714	8.07688098823506	0
CSR1	cpt-1	28.754	2.45849564086605	0
CSR1	cpt-2	23.514	15.7140743492488	0
CSR1	cpt-3	29.44	1.09040087766811	0
CSR1	cpt-4	19.236	13.90087700112	0
CSR1	cpt-5	19.012	3.96453479268954	0
CSR1	cpt-6	28.654	2.84193461215582	0
CSR1	cpx-1	16.838	2.21515581103293	0
CSR1	cpx-2	22.972	4.04892160912987	0
CSR1	cpz-1	25.388	8.276096609994	0
CSR1	cpz-2	21.78	3.71347750496049	0
CSR1	cra-1	25.976	8.74665895462928	0
CSR1	crb-1	22.18	8.89131107757102	0
CSR1	crb-3	16.602	11.4252402648857	0
CSR1	crh-1	24.53	5.63454592688167	0
CSR1	crh-2	3.958	2.996893148501	1
CSR1	cri-1	24.392	9.78711258711961	0
CSR1	cri-3	19.978	5.24771869402641	0
CSR1	crld-1	26.794	0.869125013585874	0
CSR1	crls-1	26.108	7.7075694243117	0
CSR1	crm-1	4.558	5.01833381500511	1
CSR1	crml-1	25.678	8.05828949993758	0
CSR1	crn-1	21.466	20.9437468198709	0
CSR1	crn-2	26.884	9.40560326128158	0
CSR1	crn-3	24.332	2.04572170309239	0
CSR1	crn-4	25.574	7.81964100059698	0
CSR1	crn-5	27.784	4.81576969783749	0
CSR1	crn-6	26.43	4.59116726309186	0
CSR1	crn-7	26.394	5.06676498736752	0
CSR1	cror-1	28.632	2.40576218174119	0
CSR1	cror-2	29.014	3.36416519698858	0
CSR1	crp-1	24.478	3.94431535725403	0
CSR1	crt-1	19.204	35.4433425461707	0
CSR1	crtc-1	4.804	7.5493474081585	1
CSR1	csa-1	23.54	8.23937517684726	0
CSR1	csb-1	24.434	11.8176724499605	0
CSR1	csc-1	11.922	5.52784423439035	0
CSR1	csk-1	24.144	5.84257399127348	0
CSR1	csn-1	22.858	2.41576523542082	0
CSR1	csn-2	20.582	6.2666143100001	0
CSR1	csn-3	19.252	2.11961677581668	0
CSR1	csn-4	27.636	4.9236177483197	0
CSR1	csn-5	20.502	24.0455292075359	0
CSR1	csn-6	21.002	5.77838946963943	0
CSR1	csnk-1	24.024	8.13408058878847	0
CSR1	csp-1	20.974	10.3324345539938	0
CSR1	csp-2	24.672	5.61291211709691	0
CSR1	csp-3	23.892	0.866105557654104	0
CSR1	csq-1	22.652	2.58083604875859	0
CSR1	csr-1	4.626	4.54624505054047	1
CSR1	cst-1	14.584	2.1805364359732	0
CSR1	cst-2	23.822	3.05754361026576	0
CSR1	ctb-1	28.458	1.34964974451139	0
CSR1	ctbp-1	21.688	8.8610071052522	0
CSR1	ctc-1	26.956	2.27501713165188	0
CSR1	ctc-2	26.77	3.28014392208084	0
CSR1	ctc-3	15.376	1.210271692278	0
CSR1	ctf-18	24.23	12.9155956799885	0
CSR1	ctf-4	17.32	34.4916626774442	0
CSR1	ctf-8	15.328	4.50236937246285	0
CSR1	ctg-1	21.32	2.50685903687858	0
CSR1	ctg-2	26.064	3.97785570180818	0
CSR1	cth-1	25.776	1.24316108525731	0
CSR1	cth-2	28.57	4.52599833350387	0
CSR1	cthd-1	23.8	5.92131454685999	0
CSR1	ctl-1	29.98	1.38676561080637	0
CSR1	ctl-2	28.658	2.50114282506777	0
CSR1	ctl-3	28.85	0.807707466047215	0
CSR1	ctn-1	25.66	12.4616953526202	0
CSR1	ctnb-1	24.472	10.6161483886399	0
CSR1	ctns-1	25.658	12.4281687224187	0
CSR1	ctps-1	26.7	5.21790193297435	0
CSR1	ctr-9	23.238	10.1262606712993	0
CSR1	cts-1	27.534	2.46721577902545	0
CSR1	ctsa-1.1	28.382	8.03756311817812	0
CSR1	ctsa-1.2	26.75	1.92605009455154	0
CSR1	ctsa-3.1	29.508	2.41034765700241	0
CSR1	ctsa-3.2	29.08	1.18874731894385	0
CSR1	ctsa-4.1	26.636	0.741228161583482	0
CSR1	ctsa-4.2	28.292	0.337546624807392	0
CSR1	cua-1	20.202	3.54148553000389	0
CSR1	cuc-1	25.8	4.50622028675475	0
CSR1	cul-1	13.35	2.83904024842655	0
CSR1	cul-2	26.658	11.7160429030524	0
CSR1	cul-3	29.024	1.34869775754355	0
CSR1	cul-4	28.316	7.31984271182932	0
CSR1	cul-5	28.032	2.92472796840258	0
CSR1	cul-6	28.452	1.7422378851972	0
CSR1	cup-14	24.316	12.8795255521602	0
CSR1	cup-15	25.634	6.33792245450369	0
CSR1	cup-16	18.092	7.89712416211711	0
CSR1	cup-2	12.406	1.30919886092553	0
CSR1	cup-4	26.342	7.8916809357478	0
CSR1	cup-5	19.974	43.7805725281454	0
CSR1	cus-2	21.906	15.0139494263314	0
CSR1	cut-1	26.558	1.72249559755314	0
CSR1	cut-2	22.052	2.40947729865294	0
CSR1	cut-3	12.892	57.4072330187461	0
CSR1	cut-4	22.102	1.82931062450807	0
CSR1	cut-5	24.562	6.12971102761936	0
CSR1	cut-6	7.598	4.25399042586586	0
CSR1	cutc-1	28.976	2.01745158054868	0
CSR1	cuti-1	22.646	5.82136240772345	0
CSR1	cutl-1	19.57	22.8204687839754	0
CSR1	cutl-10	16.102	12.071091899364	0
CSR1	cutl-11	26.714	4.47942193512898	0
CSR1	cutl-12	19.586	16.0707797029102	0
CSR1	cutl-13	23.496	3.50479439256953	0
CSR1	cutl-14	9.176	2.5979777250411	0
CSR1	cutl-15	5.378	1.62845920757243	0
CSR1	cutl-16	19.59	23.1432196040078	0
CSR1	cutl-17	22.322	15.9546321382381	0
CSR1	cutl-18	18.164	7.88921415839783	0
CSR1	cutl-19	25.654	5.17356525813558	0
CSR1	cutl-2	21.296	7.48128161771046	0
CSR1	cutl-20	25.596	1.73769669054262	0
CSR1	cutl-21	22.892	5.46299083421028	0
CSR1	cutl-22	20.82	21.0240264305542	0
CSR1	cutl-23	25.818	8.82605221734035	0
CSR1	cutl-24	22.552	8.4231878580654	0
CSR1	cutl-25	26.264	5.30415364036467	0
CSR1	cutl-26	19.31	13.3731913968023	0
CSR1	cutl-27	23.436	18.3568092332541	0
CSR1	cutl-28	26.66	3.24829908398289	0
CSR1	cutl-29	21.058	6.94358381372873	0
CSR1	cutl-3	24.174	8.84444109810394	0
CSR1	cutl-4	11.696	1.14804920915607	0
CSR1	cutl-5	20.96	20.6408150240616	0
CSR1	cutl-6	23.882	6.78337732529832	0
CSR1	cutl-7	23.478	12.5039270142326	0
CSR1	cutl-8	18.514	23.6871532066279	0
CSR1	cutl-9	23.008	11.2023416691611	0
CSR1	cux-7	23.374	8.20799135837752	0
CSR1	cwc-15	13.608	6.24749271527043	0
CSR1	cwf-19L2	25.498	14.0241325590392	0
CSR1	cwn-1	27.61	3.7954600657075	0
CSR1	cwn-2	24.742	12.7642053744315	0
CSR1	cwp-1	16.398	3.39468033049692	0
CSR1	cwp-2	21.68	4.01662465862005	0
CSR1	cwp-3	14.998	3.29366452462039	0
CSR1	cwp-4	11.438	6.52243567189684	0
CSR1	cwp-5	17.962	8.71718603332774	0
CSR1	cya-1	21.534	8.83934829127732	0
CSR1	cya-2	23.23	10.4674293843033	0
CSR1	cyb-1	26.296	7.36173145175586	0
CSR1	cyb-2.1	28.814	2.03753224452933	0
CSR1	cyb-2.2	28.474	0.489539702513249	0
CSR1	cyb-3	22.75	1.63968417174456	0
CSR1	cyc-1	24.192	17.5261235555657	0
CSR1	cyc-2.1	26.454	5.8634083956301	0
CSR1	cyc-2.2	25.236	7.67197325651338	0
CSR1	cyd-1	22.124	13.1995981569829	0
CSR1	cye-1	19.98	5.43786365698357	0
CSR1	cyh-1	25.944	3.92214311206345	0
CSR1	cyk-1	21.068	7.28584623403268	0
CSR1	cyk-3	28.478	1.19116403126827	0
CSR1	cyk-4	15.002	2.41876823584192	0
CSR1	cyk-7	21.96	12.5338583121256	0
CSR1	cyl-1	20.296	6.75689233418874	0
CSR1	cylc-1	24.93	9.37920784188942	0
CSR1	cylc-2	24.558	9.91534017521327	0
CSR1	cyld-1	24.992	7.40828180276304	0
CSR1	cyn-1	29.132	1.06090587791195	0
CSR1	cyn-10	24.786	4.15837142335655	0
CSR1	cyn-11	25.918	6.62207730268425	0
CSR1	cyn-12	27.046	3.501482982993	0
CSR1	cyn-13	25.19	11.9230107161857	0
CSR1	cyn-15	25.052	1.90671976366633	0
CSR1	cyn-16	20.554	2.54638136030964	0
CSR1	cyn-17	19.016	5.21855711756277	0
CSR1	cyn-2	26.27	3.77047933667476	0
CSR1	cyn-3	27.972	5.88820561997848	0
CSR1	cyn-4	24.768	11.419162123767	0
CSR1	cyn-5	28.364	1.25879077255365	0
CSR1	cyn-6	29.232	0.987452242953651	0
CSR1	cyn-7	27.4	3.40033579998603	0
CSR1	cyn-8	15.094	27.2539580976444	0
CSR1	cyn-9	4.346	30.4978319695236	0
CSR1	cyp-13A1	26.28	6.38300390819373	0
CSR1	cyp-13A10	27.96	3.3588051871093	0
CSR1	cyp-13A2	28.132	4.01940386963248	0
CSR1	cyp-13A3	19.082	24.2570364058105	0
CSR1	cyp-13A4	28.046	1.60779176767021	0
CSR1	cyp-13A5	15.912	1.68421654857672	0
CSR1	cyp-13A6	22.5	4.02964324616436	0
CSR1	cyp-13A7	26.5	5.24209214740448	0
CSR1	cyp-13A8	23.408	4.26877438125187	0
CSR1	cyp-13B1	25.782	3.74582427446835	0
CSR1	cyp-13a11	27.452	2.37384195295056	0
CSR1	cyp-13a12	27.136	2.32931845222746	0
CSR1	cyp-13b2	27.882	3.04184545200565	0
CSR1	cyp-14a1	26.598	3.96208681327671	0
CSR1	cyp-14a2	25.996	4.05896381378697	0
CSR1	cyp-14a3	24.988	3.12513897029239	0
CSR1	cyp-14a4	24.912	6.30099467611577	0
CSR1	cyp-14a5	27.338	5.03587026893418	0
CSR1	cyp-23a1	25.712	4.48084725266141	0
CSR1	cyp-25a1	27.564	1.54529823671417	0
CSR1	cyp-25a2	26.06	1.92018357685292	0
CSR1	cyp-25a3	26.97	1.46681797885447	0
CSR1	cyp-25a4	26.676	2.42241828632231	0
CSR1	cyp-25a6	28.008	2.37565008697617	0
CSR1	cyp-29a2	7.872	6.02862668607653	0
CSR1	cyp-29a3	19.346	6.2409019914941	0
CSR1	cyp-29a4	27.22	3.99107311785967	0
CSR1	cyp-31a2	27.864	4.44269870534533	0
CSR1	cyp-31a3	27.466	2.95803202347652	0
CSR1	cyp-31a5	27.066	2.80474056833272	0
CSR1	cyp-32a1	21.286	19.4793550957674	0
CSR1	cyp-32b1	25.064	1.06408426820044	0
CSR1	cyp-33a1	27.536	3.71078707590167	0
CSR1	cyp-33b1	27.73	4.72391902935624	0
CSR1	cyp-33c1	26.446	4.48099638118922	0
CSR1	cyp-33c11	23.996	10.6251612611656	0
CSR1	cyp-33c12	27.47	1.19022808331065	0
CSR1	cyp-33c2	11.934	6.62891049916091	0
CSR1	cyp-33c3	12.624	3.94626644080896	0
CSR1	cyp-33c4	28.416	1.99889246081639	0
CSR1	cyp-33c5	20.76	19.4481565800327	0
CSR1	cyp-33c6	16.868	1.07808624519916	0
CSR1	cyp-33c7	21.792	16.8272016068578	0
CSR1	cyp-33c8	16.836	1.64529463677994	0
CSR1	cyp-33c9	28.078	4.66940627560949	0
CSR1	cyp-33d1	28.788	1.9143670102177	0
CSR1	cyp-33d3	28.558	2.44293441060275	0
CSR1	cyp-33e1	29.178	1.23746610685379	0
CSR1	cyp-33e2	26.992	1.82879896137784	0
CSR1	cyp-33e3	24.398	11.1608569982736	0
CSR1	cyp-34a1	27.612	5.70213861912586	0
CSR1	cyp-34a10	25.524	7.88456437354539	0
CSR1	cyp-34a2	19.878	2.68150256505755	0
CSR1	cyp-34a5	21.25	1.65376784854641	0
CSR1	cyp-34a6	22.588	2.73505606606651	0
CSR1	cyp-34a7	24.464	2.72244121065359	0
CSR1	cyp-34a8	22.678	2.13975002903899	0
CSR1	cyp-34a9	23.096	1.61790343898647	0
CSR1	cyp-35a1	26.422	7.34379997347629	0
CSR1	cyp-35a2	17.082	2.97594118336142	0
CSR1	cyp-35a3	25.55	7.44921133404566	0
CSR1	cyp-35a4	24.808	5.0525768203437	0
CSR1	cyp-35a5	26.396	5.7582363915694	0
CSR1	cyp-35b1	20.602	1.75090524813445	0
CSR1	cyp-35b2	26.302	7.09646715564149	0
CSR1	cyp-35b3	21.81	3.4764860315942	0
CSR1	cyp-35c1	28.208	2.8755058095602	0
CSR1	cyp-35d1	29.352	0.267611568365434	0
CSR1	cyp-36A1	28.6	1.37812812412702	0
CSR1	cyp-37a1	15.488	10.2076149750824	0
CSR1	cyp-37b1	26.734	3.91996967929146	0
CSR1	cyp-42a1	28.074	2.21656362787721	0
CSR1	cyp-43a1	27.308	8.75566756886674	0
CSR1	cyp-44A1	23.604	12.1365939118998	0
CSR1	cysl-1	28.114	2.31072903512946	0
CSR1	cysl-2	27.446	3.60695418579529	0
CSR1	cysl-3	26.004	6.39922814775825	0
CSR1	cysl-4	24.294	14.8588550437159	0
CSR1	cytb-5.1	23.922	9.21939499235143	0
CSR1	cytb-5.2	23.144	1.95215814519715	0
CSR1	cyts-1	28.18	2.0920287936432	0
CSR1	cyy-1	14.592	51.2392787868908	0
CSR1	czw-1	25.784	11.3315116388715	0
CSR1	daam-1	27.494	12.0258410293318	0
CSR1	daao-1	23.812	19.0717837240125	0
CSR1	dab-1	17.286	22.0038631261036	0
CSR1	dac-1	22.27	1.83418394840594	0
CSR1	dach-1	24.646	2.40429373130978	0
CSR1	dad-1	25.136	2.08751978199922	0
CSR1	daf-1	18.154	14.9318839808454	0
CSR1	daf-10	29.902	0.475543597026379	0
CSR1	daf-11	25.514	3.82365172881531	0
CSR1	daf-12	21.044	10.1719779503735	0
CSR1	daf-14	23.684	5.10235240928752	0
CSR1	daf-15	27.428	4.80855215307459	0
CSR1	daf-16	16.536	2.82278772149808	0
CSR1	daf-18	23.006	7.60637596906238	0
CSR1	daf-19	21.046	6.04837724736815	0
CSR1	daf-2	18.612	4.65388606452843	0
CSR1	daf-22	21.108	29.7117511163591	0
CSR1	daf-25	26.922	11.7859825371171	0
CSR1	daf-28	26.072	11.6765789258146	0
CSR1	daf-3	25.674	9.1495652653365	0
CSR1	daf-31	27.922	4.31045604265363	0
CSR1	daf-36	27.336	5.0401034501344	0
CSR1	daf-37	17.414	5.07531636399054	0
CSR1	daf-38	22.022	10.2454423566846	0
CSR1	daf-4	25.378	10.7255258567004	0
CSR1	daf-41	18.948	2.06549182356727	0
CSR1	daf-5	24.35	11.9600999046347	0
CSR1	daf-6	27.83	5.70709751658684	0
CSR1	daf-7	24.504	7.41476888565396	0
CSR1	daf-8	19.402	8.30526544065706	0
CSR1	daf-9	27.266	3.14798567246901	0
CSR1	dagl-2	27.92	2.90346665127834	0
CSR1	damt-1	28.504	1.78157053516953	0
CSR1	dao-2	28.326	4.60248035301966	0
CSR1	dao-3	28.98	1.78101972402539	0
CSR1	dao-4	12.968	3.11683026775574	0
CSR1	dao-5	27.748	5.45937123661816	0
CSR1	dao-6	19.25	7.18725282268007	0
CSR1	dap-3	26.554	5.12922051591065	0
CSR1	dapk-1	25.154	1.54498602215696	0
CSR1	dars-1	24.608	12.3885928057128	0
CSR1	dars-2	27.67	3.06478902135083	0
CSR1	dat-1	23.88	4.35017356617673	0
CSR1	daz-1	22.028	10.6039308979673	0
CSR1	dbl-1	26.77	6.38518015459431	0
CSR1	dbn-1	8.826	3.67016773813005	0
CSR1	dbr-1	21.41	13.5051514337944	0
CSR1	dbt-1	20.87	20.9270550456639	0
CSR1	dcaf-1	19.838	4.74780965530034	0
CSR1	dcaf-13	29.2	1.59898870272997	0
CSR1	dcap-1	26.762	11.1068298213178	0
CSR1	dcap-2	21.128	2.97738922263208	0
CSR1	dcar-1	9.196	1.80100094710477	0
CSR1	dcn-1	21.742	17.1175722903792	0
CSR1	dcp-66	26.738	5.54197426370845	0
CSR1	dcr-1	22.456	5.59474457299824	0
CSR1	dcs-1	27.852	5.45442889271199	0
CSR1	dct-1	13.994	8.66066597879196	0
CSR1	dct-11	16.034	8.71590680610455	0
CSR1	dct-12	21.042	1.98078753374785	0
CSR1	dct-13	22.854	4.81729696588458	0
CSR1	dct-14	19.474	7.44357606456436	0
CSR1	dct-15	26.31	2.22162045002823	0
CSR1	dct-16	25.684	12.7731364824309	0
CSR1	dct-17	22.024	5.56953144127728	0
CSR1	dct-18	18.256	21.0384096067209	0
CSR1	dct-19	26.566	4.58697974482053	0
CSR1	dct-5	24.982	5.08014467844508	0
CSR1	dct-6	28.578	1.93635483458795	0
CSR1	dct-7	19.768	16.0438512630528	0
CSR1	dct-8	22.45	5.49204413646513	0
CSR1	dct-9	26.598	7.0231307338644	0
CSR1	ddb-1	6.75	1.17121394821051	0
CSR1	ddi-1	25.63	8.07157073761398	0
CSR1	ddl-1	24.824	7.64272300644679	0
CSR1	ddl-2	14.604	29.3455147571259	0
CSR1	ddl-3	24.92	7.96657609305721	0
CSR1	ddn-1	25.88	15.1826444348411	0
CSR1	ddn-2	27.382	3.96556094348732	0
CSR1	ddn-3	18.902	11.5587092598153	0
CSR1	ddo-1	29.092	7.33673021955072	0
CSR1	ddo-2	29.066	1.31697643955074	0
CSR1	ddo-3	27.732	3.55248489592557	0
CSR1	ddp-1	14.996	4.70553182224928	0
CSR1	ddr-1	21.376	14.6615815287599	0
CSR1	ddr-2	22.306	10.6794995945057	0
CSR1	ddx-10	21.824	5.19979814802671	0
CSR1	ddx-15	20.8	25.1257239952799	0
CSR1	ddx-17	25.802	9.16394432815272	0
CSR1	ddx-19	24.548	6.94539084588818	0
CSR1	ddx-23	19.982	3.38024520540462	0
CSR1	ddx-27	19.886	26.7104308696002	0
CSR1	ddx-35	15.91	48.6121734184552	0
CSR1	ddx-46	23.636	17.7653886795934	0
CSR1	ddx-52	10.508	2.61783218513645	0
CSR1	deb-1	23.142	14.0727978760066	0
CSR1	decr-1.2	27.838	4.32331342870416	0
CSR1	decr-1.3	29.388	1.05688104286867	0
CSR1	deg-1	28.764	1.04024350334581	0
CSR1	deg-3	28.012	6.85552533222411	0
CSR1	degl-1	10.078	3.54890906455992	0
CSR1	degl-2	14.822	6.20156051982919	0
CSR1	degt-1	27.498	1.269803060167	0
CSR1	del-1	23.178	10.5963727671878	0
CSR1	del-10	23.358	16.0343625139604	0
CSR1	del-2	15.714	21.4137940412537	0
CSR1	del-3	25.896	1.73204717094517	0
CSR1	del-4	28.4	1.73770370427653	0
CSR1	del-5	23.26	9.35785603937536	0
CSR1	del-6	25.626	6.43372181710169	0
CSR1	del-7	28.724	1.59568600591909	0
CSR1	del-8	24.016	13.5457900078178	0
CSR1	del-9	27.468	1.52284168804392	0
CSR1	delm-1	24.416	19.8915047166538	0
CSR1	delm-2	29.1	2.97989864593704	0
CSR1	denn-4	14.206	2.30723046482094	0
CSR1	dep-1	12.664	2.18945379982607	0
CSR1	depd-5	26.16	3.3157872235782	0
CSR1	deps-1	17.948	3.02192115793299	0
CSR1	des-2	29.09	1.54137502381886	0
CSR1	dex-1	19.52	8.95476563249543	0
CSR1	dgat-2	24.856	2.84290658523741	0
CSR1	dgk-1	14.906	3.68631137695819	0
CSR1	dgk-2	26.942	2.85164542243975	0
CSR1	dgk-3	8.062	42.657177663185	0
CSR1	dgk-4	25.048	14.6682963086526	0
CSR1	dgk-5	19.962	11.5505191852481	0
CSR1	dgn-1	17.12	7.03133719169354	0
CSR1	dgn-2	18.276	4.70715158953325	0
CSR1	dgn-3	27.938	2.15214164379997	0
CSR1	dgtr-1	23.19	5.15078226850711	0
CSR1	dhcr-7	26.98	1.94861963352037	0
CSR1	dhfr-1	28.684	6.92690940485878	0
CSR1	dhgd-1	25.766	9.05218966516416	0
CSR1	dhhc-1	24.208	5.18801226782575	0
CSR1	dhhc-10	16.956	6.4062622583778	0
CSR1	dhhc-11	21.594	4.5802311041618	0
CSR1	dhhc-12	23.8	3.24646113816502	0
CSR1	dhhc-13	26.852	5.96518283546265	0
CSR1	dhhc-14	28.618	0.357547759935329	0
CSR1	dhhc-2	24.088	7.09334798449782	0
CSR1	dhhc-3	25.254	7.39070443951671	0
CSR1	dhhc-4	24.264	3.37805953402346	0
CSR1	dhhc-5	27.916	0.544796898795094	0
CSR1	dhhc-6	26.802	1.7204214714172	0
CSR1	dhhc-7	17.984	7.23790213104265	0
CSR1	dhhc-8	20.36	6.92229516700551	0
CSR1	dhhc-9	24.786	5.09827075880068	0
CSR1	dhod-1	28.212	2.1666121929614	0
CSR1	dhp-1	28.852	0.802204141326651	0
CSR1	dhp-2	22.656	36.4873590870958	0
CSR1	dhps-1	29.702	0.740461274032652	0
CSR1	dhrs-4	25.31	5.16646166158647	0
CSR1	dhs-1	26.614	8.32158884666413	0
CSR1	dhs-11	28.554	2.44254863892951	0
CSR1	dhs-12	28.742	2.08251547267713	0
CSR1	dhs-13	28.916	1.46408784913815	0
CSR1	dhs-14	28.97	1.52761281417734	0
CSR1	dhs-15	26.478	12.9029978315907	0
CSR1	dhs-16	27.498	5.79767947938314	0
CSR1	dhs-17	12.49	64.9867135174522	0
CSR1	dhs-18	28.648	4.01002048480096	0
CSR1	dhs-19	29.73	1.4502563832701	0
CSR1	dhs-2	27.874	0.738116372178624	0
CSR1	dhs-20	27.874	7.89341807233991	0
CSR1	dhs-21	28.912	2.66397262098074	0
CSR1	dhs-22	27.598	2.26377256450684	0
CSR1	dhs-23	24.558	17.2559650859125	0
CSR1	dhs-24	26.976	7.58358098829739	0
CSR1	dhs-25	29.75	0.625697830890294	0
CSR1	dhs-26	7.582	10.8277071868899	0
CSR1	dhs-27	28.192	3.57848281514461	0
CSR1	dhs-28	28.15	6.50680606892157	0
CSR1	dhs-29	29.71	1.87222268396814	0
CSR1	dhs-3	28.386	3.49976575140735	0
CSR1	dhs-30	21.496	4.35227019453651	0
CSR1	dhs-31	25.898	2.08302840239357	0
CSR1	dhs-4	27.024	2.65794358407743	0
CSR1	dhs-5	23.472	16.6547513787878	0
CSR1	dhs-6	27.724	2.08903184763383	0
CSR1	dhs-7	14.788	5.21074335931517	0
CSR1	dhs-8	5.204	6.17398650368499	0
CSR1	dhs-9	26.242	3.99271800367301	0
CSR1	dhsl-4	27.21	6.23206421968798	0
CSR1	dib-1	22.986	2.99876769801178	0
CSR1	did-2	8.816	1.8648823616268	0
CSR1	die-1	20.946	12.6953549276287	0
CSR1	dif-1	28.992	4.42600523452804	0
CSR1	dim-1	19.94	2.72225039026521	0
CSR1	dip-2	4.776	5.18950505754092	1
CSR1	dis-3	25.886	16.9105854807538	0
CSR1	disl-2	26.95	10.8219736592552	0
CSR1	div-1	27.948	2.2963038041753	0
CSR1	djr-1.1	27.38	1.16215504577775	0
CSR1	djr-1.2	28.488	1.25816877109544	0
CSR1	dkc-1	20.746	23.7279422880628	0
CSR1	dkf-1	25.992	16.3333281090095	0
CSR1	dkf-2	25.844	7.16129355679135	0
CSR1	dlat-1	21.19	29.994023746703	0
CSR1	dlat-2	20.698	27.7129378886374	0
CSR1	dlc-1	26.804	0.515334924633101	0
CSR1	dlc-2	28.456	3.91794394544514	0
CSR1	dlc-3	27.732	5.5502473481361	0
CSR1	dlc-4	3.996	5.89178594061244	1
CSR1	dlc-5	6.754	3.49215469413717	0
CSR1	dlc-6	27.366	4.4434309331416	0
CSR1	dld-1	29.432	2.93985181842646	0
CSR1	dlg-1	25.408	9.10853616759151	0
CSR1	dlgr-1	19.752	15.1164170797024	0
CSR1	dlhd-1	18.818	33.279376521621	0
CSR1	dli-1	9.496	2.03600547993209	0
CSR1	dlk-1	24.714	9.07892163771629	0
CSR1	dlst-1	23.464	14.2857943858537	0
CSR1	dma-1	20.676	37.4839552064931	0
CSR1	dmd-10	20.006	9.20963364935137	0
CSR1	dmd-3	23.66	3.60819035848065	0
CSR1	dmd-4	15.998	17.5375025464918	0
CSR1	dmd-5	21.746	13.2617100530587	0
CSR1	dmd-6	22.058	5.72805853815066	0
CSR1	dmd-7	23.29	4.99241669148764	0
CSR1	dmd-8	21.55	24.0652130522507	0
CSR1	dmd-9	21.786	6.91603894050971	0
CSR1	dml-1	22.826	13.0240691767922	0
CSR1	dmsr-1	4.626	1.77338039792422	1
CSR1	dmsr-10	25.5	6.21961278836685	0
CSR1	dmsr-11	9.306	6.11876184605871	0
CSR1	dmsr-12	28.96	2.4489811086322	0
CSR1	dmsr-13	22.768	7.84172837325981	0
CSR1	dmsr-14	24.878	12.2486338212146	0
CSR1	dmsr-15	7.748	2.37354346791337	0
CSR1	dmsr-16	20.394	12.3786696687703	0
CSR1	dmsr-2	14.156	1.06853181131331	0
CSR1	dmsr-3	24.242	4.81127384032749	0
CSR1	dmsr-4	22.708	4.62448724483801	0
CSR1	dmsr-5	16.02	3.19908802997971	0
CSR1	dmsr-6	22.296	5.24773137573873	0
CSR1	dmsr-7	8.758	1.63363105425708	0
CSR1	dmsr-8	16.494	11.5798573742256	0
CSR1	dmsr-9	20.83	14.516549599448	0
CSR1	dna-2	28.018	5.32587290060141	0
CSR1	dnbp-1	27.332	4.33309889941729	0
CSR1	dnc-1	24.63	8.10834501113312	0
CSR1	dnc-2	18.266	24.7251508198565	0
CSR1	dnc-3	28.034	3.42586203923276	0
CSR1	dnc-4	23.612	11.1678100380255	0
CSR1	dnc-5	26.612	2.5845514928148	0
CSR1	dnc-6	29.476	1.81616119178566	0
CSR1	dnj-1	18.89	8.90500981581419	0
CSR1	dnj-10	21.824	12.7266691332751	0
CSR1	dnj-11	24.716	8.71393546045772	0
CSR1	dnj-12	23.088	21.8566054460939	0
CSR1	dnj-13	20.876	4.38251310795937	0
CSR1	dnj-14	18.606	12.4144540864258	0
CSR1	dnj-15	24.816	9.29277993467511	0
CSR1	dnj-16	24.364	12.2646045642237	0
CSR1	dnj-17	18.068	2.22538233989645	0
CSR1	dnj-18	22.734	10.3437980879144	0
CSR1	dnj-19	18.454	2.77703690042271	0
CSR1	dnj-2	23.53	20.9176169894304	0
CSR1	dnj-20	15.2	3.48342682790581	0
CSR1	dnj-21	24.564	7.50084043737265	0
CSR1	dnj-22	3.618	3.65323735694297	1
CSR1	dnj-23	14.926	4.28954683500832	0
CSR1	dnj-24	23.982	2.94042922799457	0
CSR1	dnj-25	4.236	3.55129152996068	1
CSR1	dnj-26	21.318	6.92697368228858	0
CSR1	dnj-27	23.384	26.333035876877	0
CSR1	dnj-28	12.742	54.3064139096089	0
CSR1	dnj-29	26.522	10.475535162082	0
CSR1	dnj-3	24.376	9.5496249324327	0
CSR1	dnj-30	20.71	11.6701520790253	0
CSR1	dnj-4	12.774	2.56348771889574	0
CSR1	dnj-5	18.932	10.0446296438524	0
CSR1	dnj-7	24.144	17.0681408773794	0
CSR1	dnj-8	27.034	5.94405674887835	0
CSR1	dnj-9	21.388	14.7321663545353	0
CSR1	dnpp-1	29.346	2.4470409148789	0
CSR1	dnsn-1	13.894	50.6866948959152	0
CSR1	dod-17	21.976	2.39505093890385	0
CSR1	dod-18	26.056	3.1483079024957	0
CSR1	dod-19	27.046	3.59225245977794	0
CSR1	dod-20	28.032	3.72616662410765	0
CSR1	dod-21	28.46	3.47794524434011	0
CSR1	dod-22	28.578	1.42340275331245	0
CSR1	dod-23	26.572	7.49779932297514	0
CSR1	dod-24	28.758	1.74340402053397	0
CSR1	dod-3	19.892	6.57859325542551	0
CSR1	dod-6	23.484	14.8263250821436	0
CSR1	dog-1	13.092	22.5173943831322	0
CSR1	dohh-1	21.242	18.45107570659	0
CSR1	dolk-1	27.302	2.46880316518648	0
CSR1	dom-3	28.31	1.56541997924128	0
CSR1	dop-1	23.738	6.32686900749602	0
CSR1	dop-2	13.71	2.46163924590608	0
CSR1	dop-3	23.108	18.2862947864014	0
CSR1	dop-4	19.074	5.88234359582358	0
CSR1	dop-5	23.554	8.36109788853997	0
CSR1	dop-6	7.552	3.80379959942156	0
CSR1	dos-1	26.7	6.34729257182359	0
CSR1	dos-2	25.47	5.42276024449099	0
CSR1	dos-3	25.05	7.17647454154689	0
CSR1	dot-1.1	7.758	6.07975323014243	0
CSR1	dot-1.2	21.386	32.1715745476079	0
CSR1	dot-1.3	23.766	21.9662582421043	0
CSR1	dot-1.4	6.944	3.82587798026314	0
CSR1	dot-1.5	28.072	1.75247678298902	0
CSR1	doxa-1	27.448	4.79523198144106	0
CSR1	dpf-1	23.778	26.4990411013011	0
CSR1	dpf-2	24.84	18.4040650252988	0
CSR1	dpf-3	19.63	23.2498784467137	0
CSR1	dpf-4	29.398	4.01714903292488	0
CSR1	dpf-5	26.276	4.62470402029475	0
CSR1	dpf-6	27.87	3.99496127318128	0
CSR1	dpf-7	28.128	1.16222189094489	0
CSR1	dpff-1	14.462	19.2622608801788	0
CSR1	dph-1	24.528	13.4262597010167	0
CSR1	dph-2	27.458	3.04295926967223	0
CSR1	dph-3	20.254	1.85809032479353	0
CSR1	dph-5	28.416	5.28467194052014	0
CSR1	dph-6	22.862	11.2364414323154	0
CSR1	dph-7	7.69	5.26216321724273	0
CSR1	dpl-1	20.098	25.9796289748582	0
CSR1	dpm-1	3.94	1.3309756956474	1
CSR1	dpm-3	15.24	3.95228880482299	0
CSR1	dpr-1	26.924	3.87943797476418	0
CSR1	dpsm-1	26.192	5.44600867493535	0
CSR1	dpt-1	28.31	3.65497062852919	0
CSR1	dpy-1	21.2	4.05605525032182	0
CSR1	dpy-10	21.464	18.5113245108952	0
CSR1	dpy-11	23.706	7.77363744834179	0
CSR1	dpy-13	21.986	15.0751044609663	0
CSR1	dpy-14	19.836	11.8725727163437	0
CSR1	dpy-17	5.268	7.73570369810956	0
CSR1	dpy-18	23.844	4.98491957493987	0
CSR1	dpy-19	25.38	1.18334573819395	0
CSR1	dpy-2	20.968	9.14888316567321	0
CSR1	dpy-20	3.902	8.79861625539837	1
CSR1	dpy-21	23.098	6.19535520240122	0
CSR1	dpy-23	26.212	1.84673474434345	0
CSR1	dpy-26	21.81	3.53911425867087	0
CSR1	dpy-27	26.218	8.47529599769603	0
CSR1	dpy-28	26.874	5.50495611437431	0
CSR1	dpy-3	22.528	5.20749886713848	0
CSR1	dpy-30	18.184	30.2713970772578	0
CSR1	dpy-31	23.716	16.7833124822775	0
CSR1	dpy-4	22.98	9.07636756245206	0
CSR1	dpy-5	21.228	9.72109455581062	0
CSR1	dpy-6	22.744	6.40786681533464	0
CSR1	dpy-7	11.41	5.20680062967716	0
CSR1	dpy-8	20.088	2.52399795716947	0
CSR1	dpy-9	19.854	5.25125078071386	0
CSR1	dpyd-1	29.468	1.89800168943289	0
CSR1	drag-1	24.18	13.1217120226628	0
CSR1	drap-1	21.842	9.63798850701113	0
CSR1	drd-1	27.654	2.89578216677334	0
CSR1	drd-10	22.43	5.89695345428057	0
CSR1	drd-5	29.314	1.97410169763054	0
CSR1	drd-50	19.23	2.76345923153124	0
CSR1	dre-1	18.466	31.5589852436015	0
CSR1	drh-1	28.724	4.40900933035011	0
CSR1	drh-3	27.842	2.24867134318784	0
CSR1	drl-1	17.84	16.9838424362431	0
CSR1	drn-1	23.388	3.34877432024129	0
CSR1	dro-1	18.272	10.4226202490422	0
CSR1	droe-4	26.254	2.39942272413609	0
CSR1	droe-8	14.086	1.40880268880927	0
CSR1	drp-1	23.964	1.00782859712756	0
CSR1	drr-1	15.13	4.53502096454949	0
CSR1	drr-2	18.694	34.9083072627151	0
CSR1	drsh-1	28.476	3.69730217757822	0
CSR1	dsb-1	19.912	18.0254956189926	0
CSR1	dsb-2	11.666	5.62999528268743	0
CSR1	dsb-3	15.01	11.6339315903265	0
CSR1	dsbn-1	25.322	13.8223227640309	0
CSR1	dsc-1	20.578	2.24104177709378	0
CSR1	dsc-4	28.142	7.94110704020756	0
CSR1	dscc-1	28.466	2.12405016355304	0
CSR1	dsh-1	15.804	24.0787232617788	0
CSR1	dsh-2	13.61	14.0670348229013	0
CSR1	dsl-1	20.028	8.89795811271426	0
CSR1	dsl-2	24.372	9.18585447048536	0
CSR1	dsl-3	27.658	4.25507530099457	0
CSR1	dsl-4	22.644	3.73886507714404	0
CSR1	dsl-5	18.41	6.8484160836391	0
CSR1	dsl-6	24.558	6.90076049346655	0
CSR1	dsl-7	25.362	3.10882629653687	0
CSR1	dss-1	17.492	6.5094121050024	0
CSR1	dtmk-1	25.256	6.8375790100338	0
CSR1	duo-1	26.518	5.59996348328442	0
CSR1	duo-3	13.15	3.55589548767702	0
CSR1	duox-2	28.462	4.8015853952762	0
CSR1	dur-1	22.344	17.5570014330388	0
CSR1	dus-2	19.428	27.1523608248944	0
CSR1	dut-1	19.872	6.08578705382726	0
CSR1	duxl-1	22.988	7.03212850157343	0
CSR1	dvc-1	8.504	46.9871711367605	0
CSR1	dve-1	12.538	2.83862889854278	0
CSR1	dxbp-1	16.502	17.9213157538384	0
CSR1	dyb-1	6.098	6.03913099477707	0
CSR1	dyc-1	21.202	19.1448206406666	0
CSR1	dyci-1	19.278	9.03710929203933	0
CSR1	dyf-1	26.848	8.88111364862716	0
CSR1	dyf-11	2.936	2.0801677771938	1
CSR1	dyf-13	13.614	61.0917181718907	0
CSR1	dyf-17	19.87	6.31259466898836	0
CSR1	dyf-18	24.012	22.9507407259888	0
CSR1	dyf-19	20.51	22.1518346244757	0
CSR1	dyf-2	29.058	3.68031206273573	0
CSR1	dyf-3	14.642	11.4656479086586	0
CSR1	dyf-4	3.536	3.7921245004212	1
CSR1	dyf-5	26.974	3.7042695621117	0
CSR1	dyf-6	18.106	20.8293191200404	0
CSR1	dyf-7	25.348	3.12290251671346	0
CSR1	dyla-1	18.012	33.679202101732	0
CSR1	dylt-1	27.876	1.26031733168583	0
CSR1	dylt-2	27.524	3.84969315205734	0
CSR1	dylt-3	24.712	6.57910739438578	0
CSR1	dyn-1	6.332	3.75290860118051	0
CSR1	dyrb-1	21.516	5.8754957499448	0
CSR1	dzpr-1	15.508	9.49819430428416	0
CSR1	eaf-1	18.73	10.9188023757943	0
CSR1	eak-3	23.758	3.96499362197151	0
CSR1	eak-4	19.91	6.27503684618815	0
CSR1	eak-6	11.56	3.59543294820422	0
CSR1	eak-7	24.84	11.8756311521259	0
CSR1	ears-1	27.788	4.87015310354809	0
CSR1	ears-2	23.924	3.73646859814419	0
CSR1	eas-1	21.146	4.60620316062024	0
CSR1	eat-16	15.702	3.00858948759404	0
CSR1	eat-17	19.574	23.0915626724741	0
CSR1	eat-2	25.686	9.76129169444112	0
CSR1	eat-20	21.66	10.9975942934689	0
CSR1	eat-3	28.458	2.02371206255006	0
CSR1	eat-4	12.098	5.40271685491152	0
CSR1	eat-5	18.94	1.39890615622933	0
CSR1	eat-6	29.682	3.01575655631078	0
CSR1	ebax-1	18	19.2153568343553	0
CSR1	ebp-1	21.448	4.6683103655288	0
CSR1	ebp-2	13.122	19.3470819157631	0
CSR1	ebp-3	19.604	7.28180897592422	0
CSR1	ech-1.1	28.778	3.3660059426574	0
CSR1	ech-1.2	25.832	0.97987195978552	0
CSR1	ech-2	20.244	26.5861625613826	0
CSR1	ech-3	11.996	79.4111395196961	0
CSR1	ech-4	24.988	14.3992818561995	0
CSR1	ech-5	22.25	5.82789828622129	0
CSR1	ech-6	25.536	1.62470835831951	0
CSR1	ech-7	29.514	1.93048420637276	0
CSR1	ech-8	27.546	7.64081859042109	0
CSR1	ech-9	29.552	1.68164849431068	0
CSR1	eco-1	23.02	16.5943795739391	0
CSR1	ecps-1	26.152	5.57838461036794	0
CSR1	ecps-2	28.472	1.4100162830086	0
CSR1	ect-2	21.562	27.7856265047516	0
CSR1	edc-3	22.592	2.50301918912564	0
CSR1	edc-4	28.914	4.32645651848321	0
CSR1	edg-1	26.83	3.9390926295326	0
CSR1	eea-1	23.534	10.9661803755242	0
CSR1	eef-1B.1	16.918	25.684299810992	0
CSR1	eef-1B.2	12.588	2.35953700302846	0
CSR1	eef-1G	28.438	4.47279992446204	0
CSR1	eef-2	19.514	2.8719299352249	0
CSR1	eelo-1	17.288	14.6905298533041	0
CSR1	eelo-2	24.522	17.838836117175	0
CSR1	efa-6	19.406	7.18130085228599	0
CSR1	eff-1	24.9	9.00619758689951	0
CSR1	efhc-1	19.482	21.4511402808486	0
CSR1	efhd-1	3.934	2.81111668550061	1
CSR1	efk-1	24.8	11.5015876273692	0
CSR1	efl-1	19.014	15.9181987316603	0
CSR1	efl-2	21.672	2.91746804596944	0
CSR1	efl-3	18.766	2.77265912256013	0
CSR1	efn-2	22.726	14.3422925192121	0
CSR1	efn-3	24.79	7.97526638564414	0
CSR1	efn-4	21.24	10.5513401051904	0
CSR1	efr-3	19.884	19.11248391561	0
CSR1	efsc-1	21.884	2.06050666770603	0
CSR1	eft-3	22.402	16.0891832079275	0
CSR1	eftu-2	19.448	27.6460507339093	0
CSR1	egal-1	25.098	7.58668455447191	0
CSR1	egas-1	23.37	24.5796793284723	0
CSR1	egas-2	27.896	1.83988501191508	0
CSR1	egas-3	28.252	2.47344955989494	0
CSR1	egas-4	27.566	5.29045027734983	0
CSR1	egg-1	25.804	1.7624618811122	0
CSR1	egg-2	24.988	3.63089148841321	0
CSR1	egg-3	27.858	2.53716225095301	0
CSR1	egg-4	24.974	6.61672859718525	0
CSR1	egg-5	25.082	6.10477185510566	0
CSR1	egg-6	26.774	1.18393144131823	0
CSR1	egl-1	18.6	3.98230709513679	0
CSR1	egl-10	5.992	8.42616870662551	0
CSR1	egl-13	21.33	19.3928839453029	0
CSR1	egl-15	24.898	7.60346692862449	0
CSR1	egl-17	27.72	5.19392829700029	0
CSR1	egl-18	19.824	9.12648630354779	0
CSR1	egl-19	25.814	3.37244532502241	0
CSR1	egl-2	27.716	9.22457569081986	0
CSR1	egl-20	27.48	3.37693479204392	0
CSR1	egl-21	24.768	8.93012651557036	0
CSR1	egl-23	20.502	7.83836743098568	0
CSR1	egl-26	28.198	1.22320831493253	0
CSR1	egl-27	24.624	14.3497108349164	0
CSR1	egl-3	26.794	4.46339567916218	0
CSR1	egl-30	24.402	14.6350958181661	0
CSR1	egl-36	26.854	3.56989842800355	0
CSR1	egl-38	6.064	6.72552360245512	0
CSR1	egl-4	22.462	26.2678361197754	0
CSR1	egl-43	21.69	9.57458827102449	0
CSR1	egl-44	23.286	1.01288382737278	0
CSR1	egl-45	27.53	3.05586192703186	0
CSR1	egl-46	16.948	4.164153561482	0
CSR1	egl-47	23.53	0.772616190509897	0
CSR1	egl-5	21.628	5.0752066997894	0
CSR1	egl-6	25.508	6.29152685987429	0
CSR1	egl-8	26.758	8.23200080202407	0
CSR1	egl-9	22.064	12.9581943934903	0
CSR1	ego-1	29.246	1.72437739085312	0
CSR1	ego-2	25.464	11.8351022176158	0
CSR1	egrh-1	21.592	5.76257316162124	0
CSR1	egrh-2	22.458	4.42006433284111	0
CSR1	egrh-3	17.136	7.95007713671375	0
CSR1	ehbp-1	24.056	7.53647927702333	0
CSR1	ehn-3	26.386	3.0165465704023	0
CSR1	ehs-1	22.56	3.42246234693258	0
CSR1	eif-1	24.724	3.4684638482334	0
CSR1	eif-1.a	13.416	5.51947733279913	0
CSR1	eif-2A	27.308	6.33738321480151	0
CSR1	eif-2Bgamma	25.582	8.58847984242555	0
CSR1	eif-2alpha	17.284	5.93881512957273	0
CSR1	eif-2bbeta	26.482	16.2503132385948	0
CSR1	eif-2bdelta	22.062	14.2116850439835	0
CSR1	eif-2bepsilon	28.446	0.993257513433546	0
CSR1	eif-2beta	15.196	7.00905659241284	0
CSR1	eif-2d	27.418	4.48798654848908	0
CSR1	eif-2gamma	22.354	18.535636963071	0
CSR1	eif-3.B	26.742	5.65925077236383	0
CSR1	eif-3.C	18.59	0.730665826100385	0
CSR1	eif-3.D	15.23	20.2984633464421	0
CSR1	eif-3.E	25.424	21.4373689903554	0
CSR1	eif-3.F	28.402	4.63028361592191	0
CSR1	eif-3.G	22.982	9.5391953755966	0
CSR1	eif-3.H	27.384	1.44777727711838	0
CSR1	eif-3.I	25.302	8.48591951791028	0
CSR1	eif-3.K	27.598	7.9274284081439	0
CSR1	eif-3.L	18.562	25.9672920748849	0
CSR1	eif-3.j	17.514	3.61421086533825	0
CSR1	eif-4a3	28.526	3.50404860599566	0
CSR1	eif-6	18.456	43.6180023197073	0
CSR1	eipr-1	27.57	3.08679285154972	0
CSR1	ekl-1	28.316	1.89303473470687	0
CSR1	ekl-4	20.39	22.1154230626177	0
CSR1	ekl-5	23.016	7.33896365030068	0
CSR1	ekl-6	29.17	1.93896821972976	0
CSR1	ekl-7	21.898	3.26080837906615	0
CSR1	elb-1	22.072	3.3446032718748	0
CSR1	elc-1	23.106	1.36056604624442	0
CSR1	elc-2	22.124	5.58629822035076	0
CSR1	elf-1	3.772	5.69650198710604	1
CSR1	elk-2	16.946	25.0368835551441	0
CSR1	elks-1	21.346	7.07110105258667	0
CSR1	ell-1	14.858	24.7166493496748	0
CSR1	elli-1	20.762	9.6272861488132	0
CSR1	elo-1	20.24	10.698950676563	0
CSR1	elo-2	17.488	31.1111019702333	0
CSR1	elo-3	27.542	5.17461046852428	0
CSR1	elo-4	29.358	0.782468892517542	0
CSR1	elo-5	29.61	0.551845141451137	0
CSR1	elo-6	27.512	3.41247350039478	0
CSR1	elo-7	20.192	2.0798548147568	0
CSR1	elo-8	25.83	1.24309673697269	0
CSR1	elo-9	27.156	3.30984478777196	0
CSR1	elof-1	20.172	3.28898021027926	0
CSR1	elp-1	26.062	11.5565313893995	0
CSR1	elpc-1	28.342	4.64605165838748	0
CSR1	elpc-2	26.644	9.06244285733906	0
CSR1	elpc-3	22.376	16.8342549481045	0
CSR1	elpc-4	29.428	0.911622433655806	0
CSR1	elt-1	19.722	5.49093384637368	0
CSR1	elt-2	19.696	8.66395440960436	0
CSR1	elt-3	21.11	8.18468783840512	0
CSR1	elt-4	6.104	6.98391248072104	0
CSR1	elt-6	20.312	12.5608335069991	0
CSR1	elt-7	21.262	2.74835078804788	0
CSR1	emb-1	21.162	6.9470884141479	0
CSR1	emb-27	29.35	1.6407494552415	0
CSR1	emb-30	24.112	12.603784483013	0
CSR1	emb-4	8.628	4.79096251919166	0
CSR1	emb-5	19.464	4.35305175976818	0
CSR1	emb-8	26.926	9.47606415424029	0
CSR1	emb-9	18.82	2.26338726075971	0
CSR1	emc-1	27.898	5.04409957477833	0
CSR1	emc-2	28.212	1.84138003208307	0
CSR1	emc-3	26.382	3.29415022933178	0
CSR1	emc-5	26.208	6.80779185343881	0
CSR1	emc-6	28.288	1.62524721446646	0
CSR1	eme-1	11.076	8.42551025276795	0
CSR1	emr-1	17.302	1.04786068046788	0
CSR1	emre-1	16.146	4.36928270816734	0
CSR1	end-1	17.906	6.39537033028739	0
CSR1	end-3	17.296	13.7752540608699	0
CSR1	endu-1	22.078	2.26976514359097	0
CSR1	endu-2	27.076	3.75789297036244	0
CSR1	enee-1	23.51	8.25032765056911	0
CSR1	eng-1	28.33	1.85156168011344	0
CSR1	enol-1	23.73	2.77729603863994	0
CSR1	enpl-1	25.35	17.5454402513582	0
CSR1	enri-1	12.696	4.99260541541432	0
CSR1	enri-2	13.064	5.43925494980557	0
CSR1	ensa-1	15.128	27.5795743558387	0
CSR1	ensh-1	21.524	5.42432440139017	0
CSR1	ent-1	26.332	6.39488164429016	0
CSR1	ent-2	23.814	4.68871522061617	0
CSR1	ent-3	28.27	4.76114426136909	0
CSR1	ent-4	21.774	7.19613045704545	0
CSR1	ent-5	2.828	1.75739372557131	1
CSR1	ent-6	25.886	11.1560318768384	0
CSR1	ent-7	25.742	1.88506142329836	0
CSR1	enu-3.1	21.678	2.88345786225557	0
CSR1	enu-3.2	21.046	19.6397988666499	0
CSR1	enu-3.3	23.914	8.68126239954602	0
CSR1	enu-3.5	21.006	11.886194277075	0
CSR1	enu-3.6	22.782	16.2758037640147	0
CSR1	eol-1	28.388	2.98980602371359	0
CSR1	eor-1	24.682	5.9318271462781	0
CSR1	eor-2	14.328	34.5543085192432	0
CSR1	epac-1	13.948	2.51106089005385	0
CSR1	epc-1	19.84	6.11802568458038	0
CSR1	epg-2	25.218	9.5016911474968	0
CSR1	epg-3	8.164	4.72385211284913	0
CSR1	epg-4	24.898	7.4836076525947	0
CSR1	epg-6	23.912	13.8029908108603	0
CSR1	epg-7	23.94	26.1708157444627	0
CSR1	epg-8	19.736	47.0107155121204	0
CSR1	epg-9	27.206	5.35925817826429	0
CSR1	ephx-1	10.63	1.39850129325668	0
CSR1	epic-1	15.956	10.7661172541488	0
CSR1	epic-2	19.756	16.8192552242073	0
CSR1	epic-3	18.96	6.20986911356362	0
CSR1	epn-1	12.336	39.2922746943081	0
CSR1	eppl-1	19.27	36.5344484053529	0
CSR1	eps-8	24.08	11.8999240086099	0
CSR1	ept-1	27.534	3.80919281619626	0
CSR1	era-1	15.572	7.8919241540958	0
CSR1	eral-1	19.56	21.2817763798013	0
CSR1	ercc-1	9.216	101.094255311646	0
CSR1	erd-2.1	27.908	4.64784250579697	0
CSR1	erd-2.2	24.912	5.70948399382989	0
CSR1	erfa-1	22.796	9.24178879241147	0
CSR1	erfa-3	12.04	45.1666521028549	0
CSR1	erg-28	20.818	2.19269684475626	0
CSR1	ergi-1	27.782	3.54654806768865	0
CSR1	ergi-2	19.638	3.88065318607086	0
CSR1	ergi-3	19.01	1.59685525898585	0
CSR1	ergo-1	27.356	6.47440434352203	0
CSR1	erh-1	27.754	5.16854867585835	0
CSR1	erh-2	25.504	4.02061240727559	0
CSR1	eri-1	21.852	5.24557704106376	0
CSR1	eri-12	21.866	17.1418194871683	0
CSR1	eri-3	21.384	3.80294606674982	0
CSR1	eri-5	22.444	4.68865284141601	0
CSR1	eri-6	23.538	6.27444330389623	0
CSR1	eri-7	29.554	1.30272211359455	0
CSR1	eri-9	26.564	2.85885941833485	0
CSR1	erl-1	14.144	1.72502619208318	0
CSR1	erm-1	24.624	10.9263620333521	0
CSR1	ero-1	17.65	13.7571509690893	0
CSR1	erp-44.1	12.386	6.56962464773272	0
CSR1	erp-44.2	8.668	8.07213647588709	0
CSR1	erp-44.3	28.182	1.45599721872884	0
CSR1	ess-2	20.476	16.6404475960877	0
CSR1	esyt-2	28.004	2.34672109546143	0
CSR1	etc-1	29.534	4.42939704214901	0
CSR1	etfb-1	7.98	8.42353242518988	0
CSR1	etfr-1	2.682	2.68093631800858	1
CSR1	ethe-1	27.116	2.82158615017883	0
CSR1	etr-1	20.604	5.44877921144069	0
CSR1	ets-10	28.194	2.93507253432908	0
CSR1	ets-4	20.88	16.6737183413077	0
CSR1	ets-5	25.58	9.67143989272148	0
CSR1	ets-6	27.322	8.46867253360049	0
CSR1	ets-7	24.674	7.08736600011572	0
CSR1	ets-8	25.788	12.0745582568628	0
CSR1	ets-9	26.522	7.39443753205983	0
CSR1	eva-1	20.41	3.53499025326589	0
CSR1	evl-14	18.894	17.2262319184601	0
CSR1	evl-18	29.222	1.18652918607456	0
CSR1	evl-20	21.74	29.8319612312569	0
CSR1	exc-1	23.148	12.9779052043927	0
CSR1	exc-12	13.158	4.65814899128172	0
CSR1	exc-13	20.262	4.10975441619899	0
CSR1	exc-14	17.244	6.67939139677597	0
CSR1	exc-15	28.552	4.12236416725067	0
CSR1	exc-4	26.934	2.28533559803031	0
CSR1	exc-5	26.478	7.07827311834198	0
CSR1	exc-6	25.658	7.11961655073797	0
CSR1	exc-7	4.518	5.76623978174786	1
CSR1	exc-9	25.854	8.57057393548717	0
CSR1	exh-1	6.392	2.30299337881228	0
CSR1	exl-1	27.022	5.56030114610387	0
CSR1	exo-1	6.498	2.74301953416675	0
CSR1	exo-3	23.994	8.38204844223559	0
CSR1	exoc-7	19.986	15.833361950331	0
CSR1	exoc-8	22.38	13.3874626900283	0
CSR1	exos-1	27.036	5.74999061976264	0
CSR1	exos-2	27.048	4.56100716384531	0
CSR1	exos-3	26.844	6.83965315158722	0
CSR1	exos-4.1	27.796	7.45513120333584	0
CSR1	exos-4.2	28.262	5.93053466327815	0
CSR1	exos-7	9.042	6.60725304034482	0
CSR1	exos-8	26.678	11.554472712841	0
CSR1	exos-9	26.522	8.77128847758401	0
CSR1	exp-1	20.424	3.57080412866498	0
CSR1	exp-2	29.722	2.46292786518638	0
CSR1	eya-1	17.222	9.56539554820136	0
CSR1	eyg-1	22.482	10.5576324885197	0
CSR1	faah-1	29.446	0.94285421137725	0
CSR1	faah-2	27.018	0.817797333553984	0
CSR1	faah-3	29.642	1.54475868164594	0
CSR1	faah-4	28.87	1.20388965687446	0
CSR1	faah-5	27.482	5.61183726331732	0
CSR1	faah-6	26.924	4.86190282440846	0
CSR1	fah-1	28.278	2.70723561908548	0
CSR1	fahd-1	29.598	0.953641281650636	0
CSR1	famh-136	27.706	2.43604138439727	0
CSR1	famh-161	27.18	11.882541965565	0
CSR1	famk-1	20.73	7.72039286156246	0
CSR1	famp-1	18.22	11.9612855776339	0
CSR1	fan-1	25.172	15.6132020229618	0
CSR1	far-1	22.404	16.9746890498316	0
CSR1	far-2	26.314	10.2597335425083	0
CSR1	far-3	27.07	3.22004090614568	0
CSR1	far-4	28.566	2.48048742158991	0
CSR1	far-5	26.462	3.09098491364048	0
CSR1	far-6	20.944	12.6228258463927	0
CSR1	far-7	4.09	5.707881432728	1
CSR1	far-8	3.08	3.22231059111676	1
CSR1	fard-1	25.786	11.9096510935446	0
CSR1	farl-11	28.622	8.36589832664507	0
CSR1	fars-1	13.236	7.0164552232538	0
CSR1	fars-2	28.242	5.19406668588123	0
CSR1	fars-3	29.334	1.81329394831459	0
CSR1	fask-1	22.086	36.5520066616698	0
CSR1	fat-1	18.268	21.629970746438	0
CSR1	fat-2	22.912	3.20865331605492	0
CSR1	fat-3	29.096	4.98448645399981	0
CSR1	fat-4	23.014	9.03978371347807	0
CSR1	fat-5	22.162	1.66353802503089	0
CSR1	fat-6	19.436	28.5944129341161	0
CSR1	fat-7	25.034	2.27069284981649	0
CSR1	fath-1	26.422	6.30042453576787	0
CSR1	fau-1	20.058	11.9334963027883	0
CSR1	fax-1	24.648	5.48833105112934	0
CSR1	faxc-1	8.408	2.22251353507099	0
CSR1	faxc-2	23.772	12.6307654067238	0
CSR1	fbf-1	4.588	9.10670769105174	1
CSR1	fbf-2	23.26	24.6958080224882	0
CSR1	fbl-1	26.71	10.3117536994055	0
CSR1	fbp-1	26.706	9.92726432677756	0
CSR1	fbxa-1	21.894	5.63767961277529	0
CSR1	fbxa-10	27.858	6.47216927335536	0
CSR1	fbxa-100	26.196	4.71925655019144	0
CSR1	fbxa-101	24.578	11.7254015180038	0
CSR1	fbxa-102	25.31	11.8858034782749	0
CSR1	fbxa-103	28.496	1.94907972573945	0
CSR1	fbxa-104	17.162	5.39703828105345	0
CSR1	fbxa-105	27.742	1.14227939046828	0
CSR1	fbxa-106	26.246	1.60264603810842	0
CSR1	fbxa-107	27.918	3.32977807877411	0
CSR1	fbxa-108	23.856	10.6128592591855	0
CSR1	fbxa-11	27.608	3.56126403726265	0
CSR1	fbxa-111	26.378	1.7108883449367	0
CSR1	fbxa-112	23.882	11.7078272506674	0
CSR1	fbxa-113	27.678	3.16217098482797	0
CSR1	fbxa-114	26.842	6.12590137401694	0
CSR1	fbxa-115	26.448	3.06907167121725	0
CSR1	fbxa-116	7.178	3.72311515403748	0
CSR1	fbxa-118	26.428	5.83828513327228	0
CSR1	fbxa-12	28.05	5.68222185836629	0
CSR1	fbxa-120	27.518	5.12922536803578	0
CSR1	fbxa-125	24.036	10.5054093723841	0
CSR1	fbxa-126	27.122	0.715134424094589	0
CSR1	fbxa-127	28.1	1.76381107139449	0
CSR1	fbxa-128	23.578	3.94109281850806	0
CSR1	fbxa-13	18.806	20.9818996817018	0
CSR1	fbxa-131	27.098	3.04449394675402	0
CSR1	fbxa-133	24.898	4.19893989610813	0
CSR1	fbxa-134	28.196	2.02740368869662	0
CSR1	fbxa-135	29.478	1.16269410315858	0
CSR1	fbxa-136	28.634	2.07913752481337	0
CSR1	fbxa-137	24.406	11.7347363293114	0
CSR1	fbxa-138	27.416	3.5349386961982	0
CSR1	fbxa-139	20.05	2.18599571080411	0
CSR1	fbxa-14	22.288	7.24403029775315	0
CSR1	fbxa-140	24.25	13.8768554287525	0
CSR1	fbxa-141	26.2	5.90142249658901	0
CSR1	fbxa-142	26.49	3.31782312984475	0
CSR1	fbxa-143	27.982	5.70820364946276	0
CSR1	fbxa-144	23.662	11.7715538505705	0
CSR1	fbxa-145	23.166	5.69740067790614	0
CSR1	fbxa-147	26.87	3.22441607809626	0
CSR1	fbxa-148	26.612	3.99823868230766	0
CSR1	fbxa-15	22.458	0.65924857149601	0
CSR1	fbxa-150	27.296	7.24837749663926	0
CSR1	fbxa-151	24.574	2.70658635608052	0
CSR1	fbxa-152	14.346	22.2246666025473	0
CSR1	fbxa-153	27.74	7.60220042440008	0
CSR1	fbxa-154	20.638	3.64413762818463	0
CSR1	fbxa-155	24.06	3.95086771016331	0
CSR1	fbxa-156	14.852	6.60297090047108	0
CSR1	fbxa-157	3.89	3.86887325020371	1
CSR1	fbxa-158	25.64	4.62386482024094	0
CSR1	fbxa-16	26.888	3.42396477972458	0
CSR1	fbxa-160	16.572	2.26281277621333	0
CSR1	fbxa-163	24.562	13.6352897934695	0
CSR1	fbxa-164	26.934	1.88322476978063	0
CSR1	fbxa-165	19.012	1.41400590051882	0
CSR1	fbxa-166	26.294	4.13727728363424	0
CSR1	fbxa-167	27.344	0.73851881700382	0
CSR1	fbxa-169	25.9	1.19223147927757	0
CSR1	fbxa-170	24.422	6.75802716579909	0
CSR1	fbxa-171	7.548	11.8928825393362	0
CSR1	fbxa-172	11.018	8.08492825917275	0
CSR1	fbxa-174	6.352	4.08622977712601	0
CSR1	fbxa-176	23.114	23.7270732206858	0
CSR1	fbxa-179	2.718	3.7103170671019	1
CSR1	fbxa-18	25.304	5.20154549908659	0
CSR1	fbxa-181	26.588	3.86692904937586	0
CSR1	fbxa-182	24.89	11.7912511645221	0
CSR1	fbxa-183	25.984	4.69603291941772	0
CSR1	fbxa-184	26.142	6.25833210014477	0
CSR1	fbxa-185	27.294	3.7498685805564	0
CSR1	fbxa-188	27.638	0.486376366275607	0
CSR1	fbxa-189	26.174	4.1870372992297	0
CSR1	fbxa-19	25.974	1.71759368747477	0
CSR1	fbxa-190	26.82	1.74467163867254	0
CSR1	fbxa-192	26.734	9.05054341381947	0
CSR1	fbxa-194	24.414	4.03967152275734	0
CSR1	fbxa-196	21.826	6.16357580983786	0
CSR1	fbxa-197	22.266	5.50093759498465	0
CSR1	fbxa-199	8.41	3.62712224558136	0
CSR1	fbxa-2	6.928	3.40261113882711	0
CSR1	fbxa-201	21.716	8.27093043114177	0
CSR1	fbxa-202	26.696	5.72069515438501	0
CSR1	fbxa-206	14.22	2.19585021040732	0
CSR1	fbxa-208	23.298	5.97793076637112	0
CSR1	fbxa-209	26.898	4.25096542683569	0
CSR1	fbxa-21	27.38	5.23573615076599	0
CSR1	fbxa-210	23.728	1.72209890225315	0
CSR1	fbxa-211	17.28	7.04938552426513	0
CSR1	fbxa-213	12.08	2.1355369767408	0
CSR1	fbxa-214	24.57	11.0493677034902	0
CSR1	fbxa-215	28.468	1.57101291141192	0
CSR1	fbxa-216	21.95	14.3661558628415	0
CSR1	fbxa-218	16.06	35.2234720094705	0
CSR1	fbxa-219	25.448	4.80465914056076	0
CSR1	fbxa-22	28.26	3.07804780599112	0
CSR1	fbxa-220	22.348	4.50070733399694	0
CSR1	fbxa-221	21.738	7.49884145990326	0
CSR1	fbxa-222	17.368	4.1330210616332	0
CSR1	fbxa-224	27.602	0.795147635094188	0
CSR1	fbxa-24	24.846	15.3872831712827	0
CSR1	fbxa-25	27.286	9.55820199528669	0
CSR1	fbxa-26	24.87	4.39485507622214	0
CSR1	fbxa-27	27.47	2.27484525663895	0
CSR1	fbxa-28	27.552	2.49558188986649	0
CSR1	fbxa-29	26.18	11.0847949229184	0
CSR1	fbxa-3	26.79	3.58041197689502	0
CSR1	fbxa-30	23.98	9.41995246785925	0
CSR1	fbxa-31	22.21	13.4612372419629	0
CSR1	fbxa-32	23.9	9.4871651408981	0
CSR1	fbxa-35	28.136	3.8560320502765	0
CSR1	fbxa-36	27.458	4.18745460487989	0
CSR1	fbxa-37	28.304	2.09475570322839	0
CSR1	fbxa-38	28.16	4.09221281605159	0
CSR1	fbxa-39	28.14	4.33102117616983	0
CSR1	fbxa-4	24.618	5.50402024796919	0
CSR1	fbxa-41	25.226	7.35571959756268	0
CSR1	fbxa-42	28.054	1.67184806240158	0
CSR1	fbxa-43	20.756	2.51722335603644	0
CSR1	fbxa-44	13.124	4.5852817907477	0
CSR1	fbxa-45	20.546	23.9600531391597	0
CSR1	fbxa-47	26.702	3.37015951780326	0
CSR1	fbxa-48	28.788	1.55277304460615	0
CSR1	fbxa-5	27.858	2.94562154590426	0
CSR1	fbxa-50	24.41	9.93202435077883	0
CSR1	fbxa-51	26.754	4.45512004295831	0
CSR1	fbxa-52	25.584	7.24578268360797	0
CSR1	fbxa-53	27.688	2.8163407716185	0
CSR1	fbxa-54	27.62	4.04823833414762	0
CSR1	fbxa-55	28.888	1.63549445671005	0
CSR1	fbxa-56	26.542	8.04407119387466	0
CSR1	fbxa-59	28.586	1.11493799298901	0
CSR1	fbxa-6	28.398	1.29656425145674	0
CSR1	fbxa-60	26.638	7.35251613827944	0
CSR1	fbxa-61	20.74	1.27704172016866	0
CSR1	fbxa-62	23.462	1.65442987457807	0
CSR1	fbxa-63	27.956	2.12399653986079	0
CSR1	fbxa-64	21.608	19.8430050304434	0
CSR1	fbxa-65	26.128	9.32613850741168	0
CSR1	fbxa-66	18.952	9.77364537458784	0
CSR1	fbxa-67	25.056	20.7319261574231	0
CSR1	fbxa-69	16.252	5.19770321392101	0
CSR1	fbxa-7	24.418	5.33663752003911	0
CSR1	fbxa-71	23.194	1.57636783824857	0
CSR1	fbxa-72	21.014	1.38641726351043	0
CSR1	fbxa-73	26.208	3.26134720967839	0
CSR1	fbxa-74	26.324	3.08425394506146	0
CSR1	fbxa-75	25.236	5.33403893159908	0
CSR1	fbxa-76	13.96	24.9832149463513	0
CSR1	fbxa-77	19.686	11.0972878884165	0
CSR1	fbxa-79	25.076	10.4491734020984	0
CSR1	fbxa-80	28.516	1.95448837787624	0
CSR1	fbxa-81	27.174	9.76995637338869	0
CSR1	fbxa-82	25.158	8.32352331638093	0
CSR1	fbxa-83	27.044	2.98959027071445	0
CSR1	fbxa-84	28.318	2.27768954029014	0
CSR1	fbxa-85	28.456	1.01899604719929	0
CSR1	fbxa-86	28.404	4.43100456284367	0
CSR1	fbxa-88	27.834	1.79287582550196	0
CSR1	fbxa-89	23.902	3.83246144185288	0
CSR1	fbxa-9	28.292	5.07862209548047	0
CSR1	fbxa-90	27.682	3.32654022669798	0
CSR1	fbxa-94	17.212	4.68956477085919	0
CSR1	fbxa-95	25.87	3.77602321427178	0
CSR1	fbxa-96	4.198	3.35358555890959	1
CSR1	fbxa-98	19.916	30.256935584473	0
CSR1	fbxa-99	28.386	0.793465836930126	0
CSR1	fbxb-1	21.7	16.2645393963743	0
CSR1	fbxb-10	24.044	2.55884177969423	0
CSR1	fbxb-100	27.102	5.51822768072179	0
CSR1	fbxb-101	26.336	1.68630712044388	0
CSR1	fbxb-102	27.01	7.44085933703557	0
CSR1	fbxb-103	26.76	3.23195042009561	0
CSR1	fbxb-104	27.648	2.69312011364678	0
CSR1	fbxb-105	22.718	11.587530274772	0
CSR1	fbxb-106	27.16	3.23932663434762	0
CSR1	fbxb-107	29.294	3.8093846663735	0
CSR1	fbxb-108	27.862	3.00666547997635	0
CSR1	fbxb-11	28.788	2.02539066322521	0
CSR1	fbxb-111	28.066	3.39448504961169	0
CSR1	fbxb-112	25.632	5.38809171243562	0
CSR1	fbxb-114	26.86	2.92617549281	0
CSR1	fbxb-115	27.708	2.22820003701547	0
CSR1	fbxb-116	26.972	5.72179377345427	0
CSR1	fbxb-117	25.412	9.90557531472699	0
CSR1	fbxb-118	13.198	9.53718443226654	0
CSR1	fbxb-119	24.37	14.399329905515	0
CSR1	fbxb-13	8.59	3.7006242899307	0
CSR1	fbxb-14	8.078	14.8211833892518	0
CSR1	fbxb-15	14.79	59.2218952820274	0
CSR1	fbxb-16	25.796	2.81092761929091	0
CSR1	fbxb-17	20.324	3.59309303085091	0
CSR1	fbxb-18	27.288	2.25402092833142	0
CSR1	fbxb-19	26.826	1.44196067900155	0
CSR1	fbxb-2	21.318	8.50791433301165	0
CSR1	fbxb-20	23.23	16.7157096894741	0
CSR1	fbxb-21	28.96	2.36249426562118	0
CSR1	fbxb-22	22.434	2.71901402485998	0
CSR1	fbxb-24	27.5	3.64117863035883	0
CSR1	fbxb-25	26.08	13.2750139024288	0
CSR1	fbxb-26	27.16	7.13169838789355	0
CSR1	fbxb-29	22.514	3.19007311144222	0
CSR1	fbxb-3	27.058	2.22812008254387	0
CSR1	fbxb-30	28.122	3.76898901549994	0
CSR1	fbxb-31	25.096	2.04088941829929	0
CSR1	fbxb-33	27.682	1.83763603526484	0
CSR1	fbxb-34	27.68	5.17533497882717	0
CSR1	fbxb-35	18.12	10.0574076200532	0
CSR1	fbxb-37	27.98	3.8106084160863	0
CSR1	fbxb-38	27.87	3.46923722291394	0
CSR1	fbxb-39	26.782	3.76873037640499	0
CSR1	fbxb-40	27.628	2.47499241245306	0
CSR1	fbxb-41	28.616	1.50440211643785	0
CSR1	fbxb-42	28.218	3.15196385314726	0
CSR1	fbxb-43	25.78	4.77492328605999	0
CSR1	fbxb-44	5.204	1.92447900977006	0
CSR1	fbxb-45	27.562	2.83084371031788	0
CSR1	fbxb-46	24.04	12.4249026683213	0
CSR1	fbxb-47	19.994	2.96791750691097	0
CSR1	fbxb-48	19.382	21.8495580655482	0
CSR1	fbxb-49	28.276	1.61342718102171	0
CSR1	fbxb-5	25.536	10.1948220755262	0
CSR1	fbxb-50	27.73	2.33736464812099	0
CSR1	fbxb-51	27.932	3.80061732955611	0
CSR1	fbxb-52	28.334	2.68711509602544	0
CSR1	fbxb-53	27.056	4.51095324787411	0
CSR1	fbxb-54	28.064	1.25895414941026	0
CSR1	fbxb-55	10.27	3.61454940472651	0
CSR1	fbxb-56	25.818	3.19049986248946	0
CSR1	fbxb-57	10.644	5.30195718578471	0
CSR1	fbxb-58	25.27	0.987731220763648	0
CSR1	fbxb-59	4.026	1.60588473673568	1
CSR1	fbxb-6	18.672	4.662675264311	0
CSR1	fbxb-60	22.178	2.56920466180629	0
CSR1	fbxb-61	15.138	3.31987996322249	0
CSR1	fbxb-62	25.982	8.76721635748112	0
CSR1	fbxb-63	26.702	3.60443110539393	0
CSR1	fbxb-64	24.53	8.76662633736731	0
CSR1	fbxb-65	27.784	10.1276094404173	0
CSR1	fbxb-66	27.004	2.49332637331777	0
CSR1	fbxb-67	8.67	3.67734684358244	0
CSR1	fbxb-68	25.312	3.32497428220825	0
CSR1	fbxb-69	26.624	2.02190571321689	0
CSR1	fbxb-7	28.138	4.18075215236736	0
CSR1	fbxb-70	6.546	9.89004739248586	0
CSR1	fbxb-71	22.494	8.27792531125178	0
CSR1	fbxb-72	22.986	2.02229209028907	0
CSR1	fbxb-74	28.114	1.56477359092921	0
CSR1	fbxb-75	22.85	4.81062144912022	0
CSR1	fbxb-76	26.44	6.15758826669733	0
CSR1	fbxb-77	26.732	2.56913943107307	0
CSR1	fbxb-78	24.614	5.84267824889748	0
CSR1	fbxb-79	26.716	4.90882600124014	0
CSR1	fbxb-8	16.38	2.16663217629003	0
CSR1	fbxb-81	27.618	3.2061600131639	0
CSR1	fbxb-82	27.92	3.08428715842707	0
CSR1	fbxb-83	27.994	2.57255020543705	0
CSR1	fbxb-84	24.396	14.1994241330272	0
CSR1	fbxb-85	25.562	11.1688164248178	0
CSR1	fbxb-87	28.614	2.57865030860914	0
CSR1	fbxb-88	21.254	15.8444422908945	0
CSR1	fbxb-9	18.422	14.8899253938456	0
CSR1	fbxb-90	24.68	9.74311085411519	0
CSR1	fbxb-91	9.574	5.83965473126537	0
CSR1	fbxb-92	26.21	4.52523816229579	0
CSR1	fbxb-93	26.678	1.53716679274504	0
CSR1	fbxb-95	15.968	25.0940324307931	0
CSR1	fbxb-96	25.412	2.91472087420956	0
CSR1	fbxb-97	25.908	11.6819544325603	0
CSR1	fbxb-98	28.672	1.33115023182202	0
CSR1	fbxb-99	24.248	0.68538708051937	0
CSR1	fbxc-11	23.458	4.24236231449081	0
CSR1	fbxc-12	21.31	13.8985525971577	0
CSR1	fbxc-14	29.172	3.54086932390138	0
CSR1	fbxc-15	22.326	1.76102585031337	0
CSR1	fbxc-17	17.06	7.97412646331196	0
CSR1	fbxc-18	25.482	7.08331729806559	0
CSR1	fbxc-19	26.616	1.30708469309474	0
CSR1	fbxc-2	24.474	10.1194607848357	0
CSR1	fbxc-20	15.27	1.65931361615192	0
CSR1	fbxc-21	27.358	7.28050549323973	0
CSR1	fbxc-22	26.866	3.69017734754938	0
CSR1	fbxc-23	28.01	0.816855493655665	0
CSR1	fbxc-24	24.464	10.9895396654379	0
CSR1	fbxc-25	26.302	2.95020879281747	0
CSR1	fbxc-26	24.764	4.98978298668035	0
CSR1	fbxc-27	24.54	9.33566181616256	0
CSR1	fbxc-28	25.376	8.69985516967566	0
CSR1	fbxc-29	24.984	13.3244008511471	0
CSR1	fbxc-30	26.14	7.73476644303852	0
CSR1	fbxc-31	27.38	1.18517025124821	0
CSR1	fbxc-32	28.528	1.46939741492504	0
CSR1	fbxc-33	28.52	1.77337568252479	0
CSR1	fbxc-34	10.368	6.05430289526945	0
CSR1	fbxc-36	28.228	1.11335180646765	0
CSR1	fbxc-39	21.414	27.3291236498386	0
CSR1	fbxc-40	21.84	2.49573627745634	0
CSR1	fbxc-42	27.264	5.14031831476064	0
CSR1	fbxc-43	27.334	2.81279648156565	0
CSR1	fbxc-44	27.144	5.01786739487003	0
CSR1	fbxc-45	25.554	1.24507561639583	0
CSR1	fbxc-47	27.274	7.12445469575811	0
CSR1	fbxc-48	27.384	5.58503181824316	0
CSR1	fbxc-49	17.072	4.87434292060916	0
CSR1	fbxc-5	18.258	1.95853406574397	0
CSR1	fbxc-50	20.872	13.2700018530114	0
CSR1	fbxc-51	23.514	12.9120061006808	0
CSR1	fbxc-52	28.692	1.45600135784592	0
CSR1	fbxc-53	26.888	4.05328999308392	0
CSR1	fbxc-54	27.938	4.03836195732089	0
CSR1	fbxc-55	24.53	9.27899338961715	0
CSR1	fbxc-58	11.836	2.99521587948908	0
CSR1	fbxc-7	27.42	3.20819636941569	0
CSR1	fbxl-1	18.046	3.64293464138833	0
CSR1	fbxl-4	29.31	2.06787462336208	0
CSR1	fbxl-5	15.538	2.46896269417024	0
CSR1	fbxo-11.2	22.914	4.57534262853611	0
CSR1	fcd-2	25.862	4.08235764057216	0
CSR1	fce-1	30.02	1.32241394012519	0
CSR1	fce-2	16.076	2.48062737442757	0
CSR1	fcho-1	23.396	15.2493656290397	0
CSR1	fcmt-1	11.45	7.3986223133461	0
CSR1	fcp-1	17.44	1.42831636549096	0
CSR1	fdgt-2	27.31	3.08406762200594	0
CSR1	fdps-1	27.932	3.93320157515832	0
CSR1	fdx-2	8.852	8.07723117360997	0
CSR1	fecl-1	19.188	4.3560293513101	0
CSR1	feh-1	21.41	5.56628875214627	0
CSR1	fem-1	28.774	1.07724939270505	0
CSR1	fem-2	13.214	2.74041747425574	0
CSR1	fem-3	27.368	6.59189709784972	0
CSR1	fer-1	18.01	1.66157168322543	0
CSR1	fezf-1	24.884	3.30698228798583	0
CSR1	fgt-1	28.546	5.70758841216337	0
CSR1	fhod-1	20.028	18.8159438986374	0
CSR1	fib-1	26.602	3.99753295284925	0
CSR1	fic-1	7.506	3.61754179054726	0
CSR1	figl-1	14.61	16.2470165086241	0
CSR1	figo-1	18.6	16.2866403446872	0
CSR1	fil-1	26.87	1.61494409778542	0
CSR1	fil-2	20.288	1.82653358102947	0
CSR1	fip-1	17.876	10.3867704015673	0
CSR1	fip-2	20.858	7.78442249638561	0
CSR1	fip-3	22.496	6.70697389916461	0
CSR1	fip-4	15.994	11.1207928453304	0
CSR1	fip-5	13.412	9.76629103640127	0
CSR1	fip-6	21.368	2.90557049595018	0
CSR1	fip-7	22.624	18.8390426090866	0
CSR1	fipp-1	16.45	8.2827723705245	0
CSR1	fipr-1	21.498	2.24735134307299	0
CSR1	fipr-10	21.304	7.02468710702408	0
CSR1	fipr-11	23.486	7.68537654169716	0
CSR1	fipr-12	20.454	6.21228730409241	0
CSR1	fipr-13	23.398	8.19047823959716	0
CSR1	fipr-14	13.368	2.91184694810362	0
CSR1	fipr-15	21.722	1.26428054411334	0
CSR1	fipr-16	12.908	14.3293073243141	0
CSR1	fipr-17	19.788	4.22409956340681	0
CSR1	fipr-18	21.26	9.60763945246206	0
CSR1	fipr-19	12.788	3.57127499487643	0
CSR1	fipr-2	20.55	3.48280498438478	0
CSR1	fipr-20	21.308	9.44797311198519	0
CSR1	fipr-21	11.072	10.6514660264043	0
CSR1	fipr-22	17.91	22.0666591933838	0
CSR1	fipr-23	13.826	16.3531019533591	0
CSR1	fipr-24	17.86	2.49175861702762	0
CSR1	fipr-25	16.546	3.33602236456834	0
CSR1	fipr-26	17.088	2.76951479577591	0
CSR1	fipr-27	19.384	6.33710853675018	0
CSR1	fipr-28	23.298	17.4409294753073	0
CSR1	fipr-29	24.254	6.97100830798698	0
CSR1	fipr-3	21.248	3.09678350552862	0
CSR1	fipr-4	20.506	2.97305978984375	0
CSR1	fipr-5	4.296	3.6679557445862	1
CSR1	fipr-6	22.658	5.81198201893784	0
CSR1	fipr-7	21.096	3.22555497543136	0
CSR1	fipr-8	20.02	3.29859480141839	0
CSR1	fipr-9	22.606	1.60948697005119	0
CSR1	fis-1	15.38	12.6351320162652	0
CSR1	fis-2	28.582	1.09733370977693	0
CSR1	fitm-2	22.376	9.99802874754011	0
CSR1	fkb-1	11.824	44.2918057194668	0
CSR1	fkb-2	26.032	2.04109532075501	0
CSR1	fkb-3	15.55	48.5478372870208	0
CSR1	fkb-4	28.202	0.960460151812446	0
CSR1	fkb-5	27.844	2.70773943637912	0
CSR1	fkb-6	13.986	10.1723270077387	0
CSR1	fkb-7	26.79	5.76535560322742	0
CSR1	fkb-8	16.376	40.1190274312416	0
CSR1	fkh-10	22.878	10.4419337668356	0
CSR1	fkh-2	19.542	6.4676624608748	0
CSR1	fkh-3	24.772	7.18544133678361	0
CSR1	fkh-4	23.61	10.1510119332659	0
CSR1	fkh-5	24.61	13.7811796789254	0
CSR1	fkh-6	21.616	7.90245629970871	0
CSR1	fkh-7	16.474	6.90434942839692	0
CSR1	fkh-8	15	2.75882422620781	0
CSR1	fkh-9	24.286	2.92633536091629	0
CSR1	flad-1	26.374	6.6234280066072	0
CSR1	flap-1	24.568	0.842765867894231	0
CSR1	flcn-1	27.994	5.90296823867457	0
CSR1	fld-1	22.852	5.83930833627954	0
CSR1	flh-1	28.416	2.3898590536766	0
CSR1	flh-2	15.468	12.5152841228737	0
CSR1	flh-3	25.268	1.05095781405412	0
CSR1	fli-1	22.216	8.08434379403835	0
CSR1	flor-1	26.216	2.37870932810172	0
CSR1	flp-1	24.672	6.70855397060437	0
CSR1	flp-10	13.028	27.3330573821764	0
CSR1	flp-11	19.248	18.5676134382014	0
CSR1	flp-12	15.348	38.9970751124789	0
CSR1	flp-13	12.732	6.41392622654289	0
CSR1	flp-14	15.61	9.88271910011226	0
CSR1	flp-15	13.388	11.536063052722	0
CSR1	flp-16	15.792	19.3620150961606	0
CSR1	flp-17	16.594	5.94735597610465	0
CSR1	flp-18	10.43	23.6857628441005	0
CSR1	flp-19	17.056	1.74054276252174	0
CSR1	flp-2	15.016	7.58833768409212	0
CSR1	flp-20	11.498	15.4717158233491	0
CSR1	flp-21	24.478	7.57046085074694	0
CSR1	flp-22	12.428	20.1193592077192	0
CSR1	flp-23	1.284	0.696594385513954	1
CSR1	flp-24	16.476	6.11924209814059	0
CSR1	flp-25	21.716	6.97346633707666	0
CSR1	flp-26	21.114	17.0703036417231	0
CSR1	flp-27	20.682	5.15585941505213	0
CSR1	flp-28	4.058	4.47792166328235	1
CSR1	flp-3	19.942	8.8684698312051	0
CSR1	flp-32	20.748	5.90791028222548	0
CSR1	flp-33	23.108	9.34036728286493	0
CSR1	flp-34	12.744	9.49848952525635	0
CSR1	flp-4	16.5	4.15118335325281	0
CSR1	flp-5	12.548	6.14300473526084	0
CSR1	flp-6	17.836	9.1083803124403	0
CSR1	flp-7	18.566	7.95303345791844	0
CSR1	flp-8	16.158	10.2707894355439	0
CSR1	flp-9	9.802	12.4820120437223	0
CSR1	flr-1	17.016	2.51696806981499	0
CSR1	flr-2	26.244	9.8100313211704	0
CSR1	flr-4	20.048	19.8411155709423	0
CSR1	flwr-1	8.426	3.35741443760142	0
CSR1	fmil-1	28.444	4.93590695009605	0
CSR1	fmo-1	29.004	1.14547943969888	0
CSR1	fmo-2	29.426	1.65049544046094	0
CSR1	fmo-3	29.408	0.605143735759591	0
CSR1	fmo-4	29.482	0.778808636514005	0
CSR1	fmo-5	27.99	1.40974774254726	0
CSR1	fnci-1	27.888	5.50771491836997	0
CSR1	fncm-1	21.732	1.02862003333944	0
CSR1	fndc-1	28.588	2.60233539890537	0
CSR1	fnip-2	12.628	29.9755286882634	0
CSR1	fnta-1	27.552	3.09609376961877	0
CSR1	fntb-1	26.422	6.92761809640809	0
CSR1	fog-1	17.562	1.84088105247786	0
CSR1	fog-2	25.936	5.40062833265593	0
CSR1	fog-3	22.828	12.8670473406812	0
CSR1	folr-1	25.952	6.00339829510012	0
CSR1	folt-1	18.116	10.1347386798185	0
CSR1	folt-2	27.812	2.54250295980423	0
CSR1	folt-3	28.816	1.52586436274711	0
CSR1	fos-1	11.824	42.7283952892846	0
CSR1	fox-1	20.032	10.0715883685893	0
CSR1	fozi-1	21.764	29.6213217689569	0
CSR1	fpn-1.1	23.876	11.1320578853003	0
CSR1	fpn-1.2	26.312	14.8823918795547	0
CSR1	fre-1	10.278	3.21177314232167	0
CSR1	frg-1	12.826	68.9379251943639	0
CSR1	frh-1	26.844	8.97163576735277	0
CSR1	frk-1	27.948	2.35900629059245	0
CSR1	frl-1	21.902	27.5375316469427	0
CSR1	frm-10	28.036	2.03272480782108	0
CSR1	frm-2	24.828	8.70700311692564	0
CSR1	frm-3	20.162	3.46680798092062	0
CSR1	frm-4	26.674	14.632716482835	0
CSR1	frm-5.1	9.552	4.91006694707479	0
CSR1	frm-5.2	20.422	14.1538365348335	0
CSR1	frm-7	26.77	4.80614141650594	0
CSR1	frm-8	21.502	17.1884405774444	0
CSR1	frpr-1	20.992	6.5636034192642	0
CSR1	frpr-10	16.304	2.20105068637231	0
CSR1	frpr-11	25.862	3.64016372093899	0
CSR1	frpr-12	21.516	2.47107544817228	0
CSR1	frpr-13	16.122	4.71148376898278	0
CSR1	frpr-14	24.494	14.8256232723322	0
CSR1	frpr-15	15.646	1.78479478995361	0
CSR1	frpr-16	25.656	12.5852000762909	0
CSR1	frpr-17	26.776	9.3013821872899	0
CSR1	frpr-18	14.314	9.21467268842314	0
CSR1	frpr-19	10.054	2.17753344244963	0
CSR1	frpr-2	3.634	8.23378209417691	1
CSR1	frpr-21	17.93	4.49063463098731	0
CSR1	frpr-3	22.63	14.885408506354	0
CSR1	frpr-4	23.504	7.41347759078292	0
CSR1	frpr-5	21.618	4.32756006221285	0
CSR1	frpr-6	17.178	2.4544638371467	0
CSR1	frpr-7	23.182	13.2724167951185	0
CSR1	frpr-8	22.836	3.51561682285536	0
CSR1	frpr-9	24.074	6.48232279085693	0
CSR1	fshr-1	18.66	2.97777475494277	0
CSR1	fsn-1	16.5	27.8147815971731	0
CSR1	ftn-1	18.144	2.51711637151614	0
CSR1	ftn-2	26.33	7.81505899092853	0
CSR1	ftr-1	27.934	1.4203998537555	0
CSR1	ftt-2	21.806	13.5960962402443	0
CSR1	fubl-1	5.258	2.01902351115864	0
CSR1	fubl-2	12.828	25.3363675346372	0
CSR1	fubl-3	9.212	3.76151957317325	0
CSR1	fubl-4	20.834	2.17576566338248	0
CSR1	fum-1	29.552	1.81524763789744	0
CSR1	fusm-2	28.776	2.63818464657875	0
CSR1	fust-1	21.618	10.1877058931104	0
CSR1	fut-1	21.166	12.6531132431204	0
CSR1	fut-2	27.804	2.08084647406357	0
CSR1	fut-3	22.66	4.75024738398391	0
CSR1	fut-4	26.454	4.08243589667481	0
CSR1	fut-5	19.312	28.6248232614244	0
CSR1	fut-6	24.542	15.5158330387546	0
CSR1	fut-8	27.662	2.02256490200488	0
CSR1	fzo-1	20.89	16.9768455085459	0
CSR1	fzr-1	18.978	16.8405142981151	0
CSR1	fzy-1	25.276	15.5670746567211	0
CSR1	gab-1	27.074	11.419545218121	0
CSR1	gad-1	26.226	15.0314251123695	0
CSR1	gad-2	26.312	15.5867250636481	0
CSR1	gad-3	28.308	4.60735743522619	0
CSR1	gadr-2	26.224	3.12383590049392	0
CSR1	gadr-3	28.604	0.974065190890479	0
CSR1	gadr-4	25.126	13.5178217461037	0
CSR1	gadr-5	27.99	1.89252199187553	0
CSR1	gadr-6	14.48	2.28736121017668	0
CSR1	gakh-1	20.33	2.85822226775598	0
CSR1	gale-1	27.654	2.35222548225841	0
CSR1	galt-1	16.796	16.456551140941	0
CSR1	gana-1	27.56	8.49881906957308	0
CSR1	gap-1	21.188	15.7605802033962	0
CSR1	gap-2	20.912	9.69428605135389	0
CSR1	gap-3	21.688	19.612828358075	0
CSR1	gar-1	17.548	11.0820455386968	0
CSR1	gar-2	20.952	4.429006856628	0
CSR1	gar-3	10.58	2.42360707088055	0
CSR1	garr-1	24.352	10.4702274450032	0
CSR1	gars-1	25.042	7.86685474968992	0
CSR1	gas-1	29.04	0.421744101718867	0
CSR1	gasr-8	20.93	26.9813800641572	0
CSR1	gba-1	27.304	2.28832394249033	0
CSR1	gba-2	28.894	2.98339060503085	0
CSR1	gba-3	26.84	2.70946623240701	0
CSR1	gba-4	28.238	4.98770522676153	0
CSR1	gbas-1	11.396	59.0483961202921	0
CSR1	gbb-1	22.186	5.2995935915703	0
CSR1	gbb-2	15.422	4.44310267561754	0
CSR1	gbf-1	25.564	11.2547198500283	0
CSR1	gbh-1	29.008	4.79013203383005	0
CSR1	gbh-2	29.066	2.38418183221187	0
CSR1	gcc-1	27.212	5.81923733967104	0
CSR1	gcc-2	23.034	11.5284461881072	0
CSR1	gck-1	22.494	17.3068265302828	0
CSR1	gck-2	23.238	6.79208223148843	0
CSR1	gck-3	23.058	3.9209175686475	0
CSR1	gck-4	5.254	4.07459886778506	0
CSR1	gcl-1	22.212	13.487042941691	0
CSR1	gcn-2	26.58	8.22272612472936	0
CSR1	gcna-1	16.052	21.4666487733463	0
CSR1	gcp-2.1	12.38	10.9618259968218	0
CSR1	gcp-2.2	12.114	11.0518131225468	0
CSR1	gcs-1	27.882	4.62353980759098	0
CSR1	gcsh-1	20.792	4.23613921278361	0
CSR1	gcsh-2	28.374	1.74243541479367	0
CSR1	gcst-1	27.958	2.68954913392226	0
CSR1	gcy-1	6.93	2.68413784094347	0
CSR1	gcy-11	26.664	6.14430021300206	0
CSR1	gcy-12	12.194	3.85766837473303	0
CSR1	gcy-13	26.996	4.84221040587978	0
CSR1	gcy-14	27.896	2.87256289144594	0
CSR1	gcy-15	26.66	6.99205380075306	0
CSR1	gcy-17	27.426	3.8031022736616	0
CSR1	gcy-18	28.374	3.69407035599979	0
CSR1	gcy-19	4.938	4.64099684427095	1
CSR1	gcy-2	22.566	12.8318319240699	0
CSR1	gcy-20	26.736	5.88291918241065	0
CSR1	gcy-21	27.07	2.97451731825105	0
CSR1	gcy-22	27.566	2.27729055765559	0
CSR1	gcy-23	28.904	2.78842118667735	0
CSR1	gcy-25	17.302	3.65045162386414	0
CSR1	gcy-27	23.422	7.50249176564423	0
CSR1	gcy-28	25.478	8.26831591384265	0
CSR1	gcy-29	29.152	1.01972736074985	0
CSR1	gcy-3	24.498	12.8475425872345	0
CSR1	gcy-31	28.764	6.89398249024605	0
CSR1	gcy-32	19.582	17.6531709544967	0
CSR1	gcy-33	29.574	1.66985216751721	0
CSR1	gcy-34	28.102	5.77247395603833	0
CSR1	gcy-35	29.104	3.01392107946413	0
CSR1	gcy-36	29.112	2.9596350646733	0
CSR1	gcy-37	28.766	6.9738084576907	0
CSR1	gcy-4	27.216	4.05479626571911	0
CSR1	gcy-5	26.578	6.48536084164545	0
CSR1	gcy-6	27.112	6.82964486309899	0
CSR1	gcy-7	28.274	6.32342160444084	0
CSR1	gcy-8	26.964	7.00711828906322	0
CSR1	gcy-9	29.252	1.39898463735501	0
CSR1	gdh-1	26.63	4.0336992164658	0
CSR1	gdi-1	6.208	2.03882310983206	0
CSR1	gegf-1	21.078	4.86368857989077	0
CSR1	gei-1	26.716	7.70649121438565	0
CSR1	gei-13	25.508	4.89708212890199	0
CSR1	gei-14	15.786	5.21675439404326	0
CSR1	gei-15	22.642	11.3554583349494	0
CSR1	gei-17	14.906	19.0832141431034	0
CSR1	gei-18	4.358	7.00595467603182	1
CSR1	gei-3	24.766	8.54060671929393	0
CSR1	gei-4	19.878	10.7208771615622	0
CSR1	gei-6	25.536	5.92381807759072	0
CSR1	gei-8	18.308	25.6761777019865	0
CSR1	gem-1	18.426	8.24006759664464	0
CSR1	gem-4	25.872	8.14074774581915	0
CSR1	gen-1	26.362	11.2336130487865	0
CSR1	ger-1	21.212	24.368103800833	0
CSR1	ges-1	25.896	2.35677863735071	0
CSR1	gex-2	28.864	3.67889308114025	0
CSR1	gex-3	30.13	1.29460370825371	0
CSR1	gex-4	18.492	7.47339640362787	0
CSR1	gex-5	11.378	36.7797703053315	0
CSR1	gfat-1	21.088	2.87106527733772	0
CSR1	gfat-2	18.412	4.3476053950469	0
CSR1	gfi-1	29.172	2.67724448725674	0
CSR1	gfi-2	4.124	3.55797881853049	1
CSR1	gfi-3	29.354	1.29937455007494	0
CSR1	gfl-1	28.062	4.6339285275647	0
CSR1	gfm-1	22.23	15.5496263384408	0
CSR1	gfrp-1	23.524	21.8963855874624	0
CSR1	ggr-1	25.876	14.7184786334747	0
CSR1	ggtb-1	27.83	1.59383795301595	0
CSR1	ghi-1	22.142	1.82600593545648	0
CSR1	gid-1	28.42	1.36049366144836	0
CSR1	gid-2	28.74	1.8732678886427	0
CSR1	gid-7	24.48	21.2833265805633	0
CSR1	gid-8	20.81	3.88196356148403	0
CSR1	gip-1	27.846	5.2832227396063	0
CSR1	gip-2	29.052	1.4307314741099	0
CSR1	gipc-1	23.806	35.1315850444114	0
CSR1	gipc-2	8.67	94.3509713309397	0
CSR1	git-1	27.646	6.07540728102744	0
CSR1	gkow-1	10.586	7.25428679052397	0
CSR1	gla-3	13.512	9.00370985451633	0
CSR1	glam-1	21.206	14.1045373537167	0
CSR1	glam-2	21.876	3.61453129655406	0
CSR1	glam-3	22.496	13.7420172994362	0
CSR1	glam-5	20.912	22.5462266269397	0
CSR1	glb-1	26.362	5.58139257870586	0
CSR1	glb-10	9.696	2.03231530821052	0
CSR1	glb-11	22.732	2.25287274367797	0
CSR1	glb-12	17.42	36.3019760895185	0
CSR1	glb-13	3.776	2.08191144142305	1
CSR1	glb-14	25.638	10.4394490734624	0
CSR1	glb-15	24.718	9.11585743881686	0
CSR1	glb-16	15.226	45.9237824190173	0
CSR1	glb-17	25.116	5.12037210938971	0
CSR1	glb-18	25.836	7.06522369998131	0
CSR1	glb-19	15.972	2.84560308647892	0
CSR1	glb-2	19.91	25.729083081901	0
CSR1	glb-20	23.356	24.6049872215001	0
CSR1	glb-21	22.698	19.9375001904786	0
CSR1	glb-22	22.638	14.0134997840365	0
CSR1	glb-23	25.108	1.60091488457173	0
CSR1	glb-24	19.578	5.69286564633047	0
CSR1	glb-25	28.556	3.55916877979945	0
CSR1	glb-26	28.914	1.7259080627731	0
CSR1	glb-27	23.492	10.0272149817487	0
CSR1	glb-28	24.624	8.33266635562044	0
CSR1	glb-29	26.86	5.73808448662011	0
CSR1	glb-3	17.894	47.4983003083837	0
CSR1	glb-30	20.5	20.0604084729678	0
CSR1	glb-31	23.456	14.6386713397372	0
CSR1	glb-32	23.414	1.859359500978	0
CSR1	glb-33	19.968	8.4781530442953	0
CSR1	glb-34	15.918	3.05588653350448	0
CSR1	glb-4	26.328	2.99728843407054	0
CSR1	glb-5	27.302	7.43085864849417	0
CSR1	glb-6	11.83	8.13387131909377	0
CSR1	glb-7	19.79	3.75680437870225	0
CSR1	glb-8	16.192	5.00673828575463	0
CSR1	glb-9	27.072	6.32439056238074	0
CSR1	glc-1	25.952	9.3755392519008	0
CSR1	glc-2	5.8	3.0258497887559	0
CSR1	glc-3	26.866	10.9208183144849	0
CSR1	glc-4	28.918	0.746651395619886	0
CSR1	glct-1	27.9	3.23892196346448	0
CSR1	glct-2	14.434	2.5925303153407	0
CSR1	glct-3	28.3	3.12825639746038	0
CSR1	glct-4	27.474	9.8531744088976	0
CSR1	glct-5	27.284	1.93726760230606	0
CSR1	glct-6	25.286	6.36265065544085	0
CSR1	gld-1	12.334	14.5777617518225	0
CSR1	gld-2	23.966	4.51994383862394	0
CSR1	gld-3	19.756	11.5583562078663	0
CSR1	gld-4	20.838	13.5161704605435	0
CSR1	gldc-1	27.44	4.81573837463732	0
CSR1	gldi-1	12.064	2.52825096660455	0
CSR1	gldi-10	19.814	13.5226633966892	0
CSR1	gldi-11	7.718	4.04926145666824	0
CSR1	gldi-2	17.036	20.7258394244255	0
CSR1	gldi-4	20.796	0.746188295490316	0
CSR1	gldi-5	17.154	11.2675904536603	0
CSR1	gldi-6	28.434	3.73452802609666	0
CSR1	gldi-7	18.588	6.01510465404262	0
CSR1	gldi-8	22.934	10.0845303850442	0
CSR1	gldi-9	16.854	14.4906799572988	0
CSR1	gldr-2	22.262	4.08785581136331	0
CSR1	glf-1	22.476	1.45216825974887	0
CSR1	glh-1	23.138	7.6521583962306	0
CSR1	glh-2	20.174	10.0022445683134	0
CSR1	glh-3	18.362	18.302160960989	0
CSR1	glh-4	25.952	2.75561170867492	0
CSR1	glit-1	28.772	2.29579184393542	0
CSR1	gln-1	25.152	8.64810455480868	0
CSR1	gln-2	28.866	2.675202871022	0
CSR1	gln-3	25.604	8.95501957948292	0
CSR1	gln-5	29.15	3.00754151551337	0
CSR1	gln-6	28.66	6.15754398896625	0
CSR1	glna-1	12.484	1.7101468328591	0
CSR1	glna-2	19.6	24.8345996684339	0
CSR1	glna-3	23.798	3.57597765889584	0
CSR1	glo-1	25.074	2.71645557521661	0
CSR1	glo-2	25.77	2.95439460478228	0
CSR1	glo-3	23.758	9.36341708383001	0
CSR1	glo-4	27.856	6.54801408160365	0
CSR1	glod-4	27.902	3.88752818681259	0
CSR1	glp-1	23.896	9.07308823025221	0
CSR1	glp-4	3.928	2.14061334109755	1
CSR1	glr-1	29.832	1.42087349681167	0
CSR1	glr-10	28.442	4.90590910824695	0
CSR1	glr-2	29.526	1.0970974888822	0
CSR1	glr-3	29.696	1.17151691107926	0
CSR1	glr-4	29.41	3.49717222647113	0
CSR1	glr-5	28.636	2.2461882591286	0
CSR1	glr-6	20.732	2.33362827070634	0
CSR1	glr-7	27.608	3.64276220796718	0
CSR1	glr-8	28.246	2.14220339388611	0
CSR1	glr-9	27.18	4.58850907435283	0
CSR1	glrx-10	27.064	11.5924927180933	0
CSR1	glrx-21	23.328	13.3698614878319	0
CSR1	glrx-22	21.936	25.4569222975308	0
CSR1	glrx-3	26.062	2.68801237087781	0
CSR1	glrx-5	28.594	0.99243926107158	0
CSR1	gls-1	24.526	5.3174538557866	0
CSR1	glt-1	22.574	24.7937223152629	0
CSR1	glt-3	27.872	2.03661113229564	0
CSR1	glt-4	26.874	13.9897980639009	0
CSR1	glt-5	28.078	8.02933886522977	0
CSR1	glt-6	25.972	15.700573917108	0
CSR1	glt-7	25.02	7.17445541908962	0
CSR1	gly-1	25.062	0.598116537564545	0
CSR1	gly-10	7.408	53.4755251083396	0
CSR1	gly-11	20.096	14.8266757600704	0
CSR1	gly-12	25.636	11.8386950952725	0
CSR1	gly-13	11.936	35.0692585153849	0
CSR1	gly-14	22.48	3.89431826125254	0
CSR1	gly-15	19.542	4.82284704244485	0
CSR1	gly-16	22.818	2.16466471147033	0
CSR1	gly-17	19.858	18.8953670886305	0
CSR1	gly-18	21.138	11.7502188507379	0
CSR1	gly-19	24.446	3.85744058625137	0
CSR1	gly-2	24.83	7.72371412285869	0
CSR1	gly-20	27.57	3.76829055522981	0
CSR1	gly-3	27.904	1.84563092870575	0
CSR1	gly-4	19.558	2.45381255461507	0
CSR1	gly-5	24.788	3.11646320649149	0
CSR1	gly-6	26.118	4.4638023920822	0
CSR1	gly-7	28.188	2.42686011159928	0
CSR1	gly-8	6.864	3.87594855706744	0
CSR1	gly-9	26.96	13.1619078857747	0
CSR1	gmap-1	19.78	17.7595228212844	0
CSR1	gmap-2	26.256	6.12077952257843	0
CSR1	gmap-3	27.518	1.65623626846424	0
CSR1	gmd-2	19.028	30.7881861196479	0
CSR1	gmeb-1	10.928	2.74935635985819	0
CSR1	gmeb-2	21.43	6.42772484002294	0
CSR1	gmeb-3	20.674	13.4727240268858	0
CSR1	gmn-1	22.174	5.50051585372366	0
CSR1	gmps-1	6.928	14.1430660823836	0
CSR1	gna-1	20.898	24.1032841750052	0
CSR1	gna-2	25.738	9.49635020582756	0
CSR1	gnrr-1	17.958	0.453075968522283	0
CSR1	gnrr-2	16.11	1.71124131000499	0
CSR1	gnrr-3	15.59	1.72235042746601	0
CSR1	gnrr-4	20.22	3.92513549327685	0
CSR1	gnrr-5	11.628	3.89539862054479	0
CSR1	gnrr-6	12.618	1.77690381399868	0
CSR1	gnrr-7	8.544	4.96053131108106	0
CSR1	goa-1	5.982	2.58813906700156	0
CSR1	gob-1	21.462	7.75460181966341	0
CSR1	golg-2	26.074	9.80357696121254	0
CSR1	golg-4	10.128	55.6763224918456	0
CSR1	gon-1	26.23	12.9774697121964	0
CSR1	gon-14	22.874	2.47895494469775	0
CSR1	gon-2	22.076	4.19522168360696	0
CSR1	gon-4	23.526	7.62530242982328	0
CSR1	gop-1	18.06	19.1463949085381	0
CSR1	gop-2	20.966	27.4999214433082	0
CSR1	gop-3	29.498	0.571001299481119	0
CSR1	gopc-1	27.796	2.14000615873841	0
CSR1	gos-28	12.524	17.0766114926758	0
CSR1	got-1.2	29.128	3.64908813810821	0
CSR1	got-2.1	25.322	3.43942238701432	0
CSR1	got-2.2	28.73	9.0623156017752	0
CSR1	gpa-1	28.15	3.35461867092465	0
CSR1	gpa-10	20.228	14.3559581191965	0
CSR1	gpa-11	27.452	1.55284237497398	0
CSR1	gpa-12	27.82	4.70788208906033	0
CSR1	gpa-13	24.704	11.359598086327	0
CSR1	gpa-14	26.032	5.1454606316576	0
CSR1	gpa-15	26.184	7.42447363582491	0
CSR1	gpa-16	27.688	4.26738681521025	0
CSR1	gpa-17	17.93	26.2405665411471	0
CSR1	gpa-18	21.476	7.25553025146601	0
CSR1	gpa-2	27.85	4.41023622521918	0
CSR1	gpa-3	25.646	7.15357648280272	0
CSR1	gpa-4	26.228	6.05450930334358	0
CSR1	gpa-5	28.32	2.93344869623984	0
CSR1	gpa-6	25.474	6.17779396637887	0
CSR1	gpa-7	6.488	104.794959908552	0
CSR1	gpa-8	28.61	1.02561347438806	0
CSR1	gpa-9	15.866	14.0329796194916	0
CSR1	gpaa-1	26.558	5.01416001741368	0
CSR1	gpap-1	26.848	7.18477591010244	0
CSR1	gpb-1	27.566	1.40043546012684	0
CSR1	gpb-2	28.2	0.844016328752618	0
CSR1	gpc-1	20.384	12.5706304700538	0
CSR1	gpc-2	21.412	5.06659554408591	0
CSR1	gpch-1	26.922	13.6580461079751	0
CSR1	gpcp-1	21.036	9.14678636504431	0
CSR1	gpcp-2	11.646	10.5578307033904	0
CSR1	gpd-1	29.65	2.57430821413307	0
CSR1	gpd-2	28.81	5.92451867713644	0
CSR1	gpd-3	29.31	1.39571594466617	0
CSR1	gpd-4	28.748	4.0302174833962	0
CSR1	gpdh-1	25.366	4.22152271803687	0
CSR1	gpdh-2	27.158	2.39019878949334	0
CSR1	gpdh-3	27.256	5.96915985309092	0
CSR1	gphr-1	25.216	10.4975437578772	0
CSR1	gphr-2	7.892	10.039525849572	0
CSR1	gpi-1	11.316	8.19742499208106	0
CSR1	gplb-1	26.926	2.54889791886055	0
CSR1	gpn-1	17.344	2.66895685949682	0
CSR1	gpr-1	22.3	18.6665353592832	0
CSR1	gpr-158	4.334	3.31406259515824	1
CSR1	gpr-2	28.33	2.1795074188543	0
CSR1	gpx-1	17.494	2.63803339596673	0
CSR1	gpx-2	10.792	2.39256249665233	0
CSR1	gpx-3	28.728	1.24595705308692	0
CSR1	gpx-4	21.412	3.59071215684095	0
CSR1	gpx-5	28.308	2.87914231628653	0
CSR1	gpx-6	24.448	12.6555866119722	0
CSR1	gpx-7	22.966	21.4160157605596	0
CSR1	gpx-8	23.862	11.51321814369	0
CSR1	gras-1	26.002	4.32153641709444	0
CSR1	grd-1	24.076	9.36300055029278	0
CSR1	grd-10	18.548	2.7197012926338	0
CSR1	grd-11	27.312	6.11531764407923	0
CSR1	grd-12	17.444	17.7999134841007	0
CSR1	grd-13	16.438	4.64527439002683	0
CSR1	grd-14	9.282	10.6313063094089	0
CSR1	grd-15	19.808	17.5619628321667	0
CSR1	grd-16	20.6	3.78251604831545	0
CSR1	grd-2	20.342	15.486193987079	0
CSR1	grd-3	18.034	1.11771568592271	0
CSR1	grd-4	23.706	0.72120068013106	0
CSR1	grd-5	27.3	1.83406414170257	0
CSR1	grd-6	16.072	3.36718920068771	0
CSR1	grd-7	15.732	4.11318188939601	0
CSR1	grd-8	22.852	21.6482881485886	0
CSR1	grd-9	19.616	6.1100800091836	0
CSR1	grdn-1	8.414	8.31717514003762	0
CSR1	grh-1	17.594	5.21460978700399	0
CSR1	grif-1	27.7	4.67770301800346	0
CSR1	grk-1	19.78	21.9431021656161	0
CSR1	grk-2	8.39	4.7316884961333	0
CSR1	grl-1	18.818	4.96749600048225	0
CSR1	grl-10	19.894	8.75325737155771	0
CSR1	grl-11	25.752	9.24633964258573	0
CSR1	grl-12	25.21	4.70666251366797	0
CSR1	grl-13	7.262	46.5966252169058	0
CSR1	grl-14	3.054	1.45701345522508	1
CSR1	grl-15	24.912	12.3321487245884	0
CSR1	grl-16	19.392	16.0225862934307	0
CSR1	grl-17	24.776	8.98595519195561	0
CSR1	grl-18	17.934	5.46826328015471	0
CSR1	grl-19	24.848	7.29303255422624	0
CSR1	grl-2	13.96	2.04060451765675	0
CSR1	grl-20	25.878	8.43713612460262	0
CSR1	grl-21	23.354	7.96774628634753	0
CSR1	grl-22	27.618	4.50399442483211	0
CSR1	grl-23	16.358	21.9485085678774	0
CSR1	grl-24	23.742	4.9385302987313	0
CSR1	grl-25	19.79	19.5584317657353	0
CSR1	grl-26	23.8	3.40076672546391	0
CSR1	grl-27	25.956	6.62456021280988	0
CSR1	grl-28	23.306	11.9039868081517	0
CSR1	grl-29	24.8	12.0286049652048	0
CSR1	grl-3	21.85	7.01349666068303	0
CSR1	grl-30	26.134	14.3013566815156	0
CSR1	grl-31	12.48	7.35020703338323	0
CSR1	grl-4	19.124	6.50080306311144	0
CSR1	grl-5	24.374	6.7794223861878	0
CSR1	grl-6	19.012	37.2746389581446	0
CSR1	grl-7	23.19	12.1364591767944	0
CSR1	grl-8	19.222	16.9486550312545	0
CSR1	grl-9	18.484	7.89396016860853	0
CSR1	grld-1	25.486	9.09997526627722	0
CSR1	gro-1	25.096	7.12601850566949	0
CSR1	grp-1	8.228	8.18066050896527	0
CSR1	grsp-1	17.328	4.35345847501406	0
CSR1	grsp-2	13.65	8.54257690795742	0
CSR1	grsp-3	21.148	8.62725416133306	0
CSR1	grsp-4	16.854	7.27424724884469	0
CSR1	grwd-1	20.998	1.80637199020673	0
CSR1	gsa-1	20.85	16.6826174900602	0
CSR1	gsk-3	28.232	1.96088596834493	0
CSR1	gskl-2	25.072	6.18286428230656	0
CSR1	gsnl-1	20.368	10.5749041103325	0
CSR1	gsox-1	25.652	4.09430607164311	0
CSR1	gsp-1	27.278	8.80495630042066	0
CSR1	gsp-2	22.422	18.9327687843639	0
CSR1	gsp-3	25.288	2.02303768560192	0
CSR1	gsp-4	27.704	2.90841791652616	0
CSR1	gspd-1	28.658	3.85272883745953	0
CSR1	gsr-1	28.184	6.58495633107296	0
CSR1	gss-1	27.734	2.31896131499287	0
CSR1	gst-1	7.956	5.10452170748571	0
CSR1	gst-10	29.34	2.96768266683192	0
CSR1	gst-11	16.68	2.82443463454838	0
CSR1	gst-12	28.868	4.00426017008716	0
CSR1	gst-13	26.348	3.11003769019688	0
CSR1	gst-14	28.146	5.39857693763096	0
CSR1	gst-15	24.624	7.06316028830036	0
CSR1	gst-16	17.064	1.78407114903755	0
CSR1	gst-17	25.626	11.2900783002625	0
CSR1	gst-18	25.088	20.3317925975808	0
CSR1	gst-19	27.66	7.73659287052733	0
CSR1	gst-2	24.868	16.0995841628632	0
CSR1	gst-20	29.112	1.60922043624732	0
CSR1	gst-21	29.484	0.483595539889775	0
CSR1	gst-22	25.09	3.33892005438434	0
CSR1	gst-23	26.538	6.7799732313327	0
CSR1	gst-24	27.982	2.6728268974475	0
CSR1	gst-25	27.944	1.81462881249935	0
CSR1	gst-26	28.788	2.5244999755772	0
CSR1	gst-27	29.114	1.44905117557048	0
CSR1	gst-28	27.39	2.78396746252252	0
CSR1	gst-29	15.472	54.5798291644	0
CSR1	gst-3	28.634	1.72520055559188	0
CSR1	gst-30	28.524	1.9113309527229	0
CSR1	gst-31	28.092	4.04224806243759	0
CSR1	gst-32	17.028	40.0740274251618	0
CSR1	gst-33	28.82	2.91102597729523	0
CSR1	gst-34	28.362	3.58089385556407	0
CSR1	gst-35	29.602	1.59210892939576	0
CSR1	gst-36	29.296	1.05888041560827	0
CSR1	gst-37	28.206	2.29307364940881	0
CSR1	gst-38	30.02	1.36920479111024	0
CSR1	gst-39	27.148	3.88269136767658	0
CSR1	gst-4	28.32	3.12315411984309	0
CSR1	gst-40	27.034	10.9418808144062	0
CSR1	gst-41	24.264	0.741037959190347	0
CSR1	gst-42	26.892	5.18327626243369	0
CSR1	gst-43	29.064	2.15840797967004	0
CSR1	gst-44	26.802	3.22466331626618	0
CSR1	gst-5	28.608	0.81055505972119	0
CSR1	gst-6	28.312	6.0398624185618	0
CSR1	gst-7	28.268	5.4855935975852	0
CSR1	gst-8	27.672	5.42337552730099	0
CSR1	gst-9	28.412	1.66363947860507	0
CSR1	gstk-1	28.532	3.77640256036376	0
CSR1	gstk-2	28.914	2.29551200238745	0
CSR1	gsto-1	25.102	1.88932082751926	0
CSR1	gsto-2	12.63	6.57570776201374	0
CSR1	gsto-3	22.852	16.8585452613011	0
CSR1	gsy-1	29.054	1.66434816926449	0
CSR1	gta-1	28.22	15.4243311819524	0
CSR1	gtap-1	26.798	7.53941832991381	0
CSR1	gtbp-1	8.64	109.742975455678	0
CSR1	gtf-2A2	24.614	4.13107778164179	0
CSR1	gtf-2H2C	29.472	0.798413098519283	0
CSR1	gtf-2H5	24.9	1.81746321268832	0
CSR1	gtf-2e1	20.202	7.03304953256566	0
CSR1	gtf-2e2	13.114	45.267900185608	0
CSR1	gtf-2f1	5.152	3.44328140402188	0
CSR1	gtf-2f2	16.108	27.4755530250135	0
CSR1	gtf-2h1	25.336	13.9191129984261	0
CSR1	gtf-2h3	27.092	2.88078178795377	0
CSR1	gtf-2h4	22.694	19.4345123341468	0
CSR1	gtl-1	23.322	3.87937820024799	0
CSR1	gtl-2	28.394	4.37312275021957	0
CSR1	gtr-1	25.094	6.79434183683292	0
CSR1	gtsf-1	20.002	8.76627798473118	0
CSR1	guk-1	27.558	17.6135746710506	0
CSR1	gur-3	27.954	2.01230990453948	0
CSR1	gur-4	23.354	17.4952688097397	0
CSR1	gur-5	26.978	1.952180601411	0
CSR1	gut-2	25.548	3.99252310894964	0
CSR1	gvd-1	24.324	10.639686298336	0
CSR1	gyf-1	22.172	8.90990888836448	0
CSR1	gyg-1	22.742	5.15868421633845	0
CSR1	gyg-2	24.09	13.3599657922165	0
CSR1	haao-1	28.714	0.885367104559567	0
CSR1	hacd-1	28.472	2.08236590703692	0
CSR1	hach-1	28.814	2.12435309580969	0
CSR1	hacl-1	23.412	3.56985771981532	0
CSR1	hadb-1	23.534	11.7593314195753	0
CSR1	hal-2	23.83	12.933533356053	0
CSR1	hal-3	24.654	16.2675769962059	0
CSR1	haly-1	28.16	4.17821036451518	0
CSR1	ham-1	2.844	3.54767883421363	1
CSR1	ham-2	22.944	8.71772572565672	0
CSR1	ham-3	25.17	6.73710739502387	0
CSR1	hap-1	14.366	5.77534935161291	0
CSR1	haps-1	24.286	11.1574614614445	0
CSR1	har-1	18.048	28.8721541466519	0
CSR1	har-2	18.634	8.30822013059863	0
CSR1	hars-1	25.814	10.667513907716	0
CSR1	hasp-1	7.374	4.13848769463774	0
CSR1	hasp-2	26.08	3.5685268419014	0
CSR1	hat-1	28.144	2.8450324706216	0
CSR1	hbl-1	25.222	6.17734542613792	0
CSR1	hbs-1	15.278	3.43908652048907	0
CSR1	hcf-1	12.45	71.5292500024262	0
CSR1	hch-1	24.548	1.97338885919483	0
CSR1	hcp-1	16.854	11.2807492501351	0
CSR1	hcp-2	13.89	3.93308693437406	0
CSR1	hcp-3	21.402	2.00627641654225	0
CSR1	hcp-4	26.536	7.53639393624916	0
CSR1	hcp-6	28.094	1.74860645944072	0
CSR1	hda-1	18.694	3.55590323575398	0
CSR1	hda-10	21.864	18.6244167812093	0
CSR1	hda-11	23.586	14.8368763977067	0
CSR1	hda-2	26.71	7.6883485142423	0
CSR1	hda-3	21.37	10.9243529002555	0
CSR1	hda-4	25.438	5.21614736559016	0
CSR1	hda-5	28.946	2.73026925681468	0
CSR1	hda-6	14.964	4.49324342647851	0
CSR1	hdl-1	27.852	4.75389336330572	0
CSR1	hdl-2	27.362	4.62673062751078	0
CSR1	hecw-1	28.17	3.45625572854646	0
CSR1	heh-1	27.48	2.89810095209316	0
CSR1	hel-1	18.018	20.9202598571124	0
CSR1	helq-1	27.472	5.38984842450943	0
CSR1	hen-1	21.634	20.3896260590208	0
CSR1	henn-1	27.26	4.32464339805918	0
CSR1	her-1	23.166	14.6442896105046	0
CSR1	herc-1	22.188	4.87566834585683	0
CSR1	herd-1	27.816	2.353538313244	0
CSR1	heri-1	5.72	3.28233974746829	0
CSR1	hex-1	26.838	5.25383718040294	0
CSR1	hex-2	27.07	4.10895797901273	0
CSR1	hex-3	28.004	4.27180959779363	0
CSR1	hex-4	9.754	14.577718744775	0
CSR1	hex-5	28.542	1.25138191991817	0
CSR1	hgap-1	26.348	2.09526256023896	0
CSR1	hgap-2	27.564	5.54778913589701	0
CSR1	hgo-1	27.066	8.90563948008335	0
CSR1	hgrs-1	16.064	22.6655440514369	0
CSR1	hhat-1	18.924	5.11480457079287	0
CSR1	hhat-2	19.342	1.62853925856726	0
CSR1	hic-1	19.518	2.81497578757816	0
CSR1	hid-1	16.716	2.01834779927057	0
CSR1	hif-1	19.94	5.74928501472834	0
CSR1	hil-1	19.226	2.80691406773522	0
CSR1	hil-2	28.878	2.94783403825656	0
CSR1	hil-3	28.324	4.38890350178583	0
CSR1	hil-4	28.298	3.67546020057242	0
CSR1	hil-5	27.806	3.54824700498762	0
CSR1	hil-6	27.186	6.37119804835462	0
CSR1	hil-7	19.2	11.1645578699094	0
CSR1	hil-8	20.146	43.2665417429799	0
CSR1	him-1	27.908	1.98995177671209	0
CSR1	him-10	28.222	5.28891858578216	0
CSR1	him-14	29.08	3.18909493587018	0
CSR1	him-17	23.204	4.32429403859743	0
CSR1	him-18	13.174	4.23878401856299	0
CSR1	him-19	24.89	6.27677776571355	0
CSR1	him-3	25.354	4.47210007064775	0
CSR1	him-5	19.96	3.9683660016659	0
CSR1	him-6	21.55	4.12836592803496	0
CSR1	him-8	20.202	8.07498906103479	0
CSR1	hinf-1	17.834	4.29781562838004	0
CSR1	hint-1	27.322	4.05485440515295	0
CSR1	hint-3	17.568	2.47638730113354	0
CSR1	hip-1	13.64	4.33885065364378	0
CSR1	hipr-1	21.824	16.921756768362	0
CSR1	hir-1	19.18	18.7738235203508	0
CSR1	hira-1	26.438	11.8989698417309	0
CSR1	his-1	18.572	10.3406951316427	0
CSR1	his-11	16.968	12.6149631618318	0
CSR1	his-2	11.544	5.36327525512412	0
CSR1	his-24	28.296	2.92854669017252	0
CSR1	his-3	4.402	5.99830646599342	1
CSR1	his-35	18.376	3.96335575894623	0
CSR1	his-39	10.576	7.73163755916489	0
CSR1	his-4	22.04	11.732294688044	0
CSR1	his-40	11.642	8.01307876029352	0
CSR1	his-41	20.834	14.4316064811139	0
CSR1	his-48	19.146	13.5611446861794	0
CSR1	his-69	10.426	3.04185210668375	0
CSR1	his-70	13.09	1.9190002577663	0
CSR1	his-71	12.318	14.5468104545298	0
CSR1	his-72	11.966	10.147249826037	0
CSR1	his-73	9.23	6.12062431657334	0
CSR1	his-74	11.146	6.48043063188298	0
CSR1	hizr-1	27.578	7.44474679690349	0
CSR1	hlb-1	23.094	15.9094562611618	0
CSR1	hlh-1	19.626	4.4952110909402	0
CSR1	hlh-10	23.658	3.63739419006996	0
CSR1	hlh-11	11.22	4.28734883094677	0
CSR1	hlh-12	6.704	10.2450183962776	0
CSR1	hlh-13	26.132	7.50971914891367	0
CSR1	hlh-14	13.85	25.747083869888	0
CSR1	hlh-15	21.464	14.1289406319365	0
CSR1	hlh-16	8.302	4.19809040416384	0
CSR1	hlh-17	24.246	6.80840752550896	0
CSR1	hlh-19	24.13	9.61119307867104	0
CSR1	hlh-2	22.156	9.15533073274125	0
CSR1	hlh-25	20.224	5.49705244552687	0
CSR1	hlh-26	20.64	4.22360034529906	0
CSR1	hlh-27	20.022	3.82942168232547	0
CSR1	hlh-28	19.638	2.79916446754842	0
CSR1	hlh-29	19.262	4.86464133589038	0
CSR1	hlh-3	22.354	9.71689262538152	0
CSR1	hlh-30	14.788	12.3989310665588	0
CSR1	hlh-31	7.91	4.63212919356796	0
CSR1	hlh-32	11.406	2.59829270581361	0
CSR1	hlh-33	9.8	26.284870534056	0
CSR1	hlh-34	13.782	28.6501637086611	0
CSR1	hlh-4	16.924	1.22355746684423	0
CSR1	hlh-6	21.26	6.95538880029119	0
CSR1	hlh-8	14.788	4.90376620119438	0
CSR1	hmbx-1	23.648	6.63778667842507	0
CSR1	hmg-1.1	21.458	8.55488371837986	0
CSR1	hmg-1.2	19.858	11.9836341342211	0
CSR1	hmg-11	12.478	17.9284498920353	0
CSR1	hmg-12	19.4	3.67952427992528	0
CSR1	hmg-20	21.314	15.136757978349	0
CSR1	hmg-3	19.966	6.64894208898708	0
CSR1	hmg-4	20.786	1.8637621495704	0
CSR1	hmg-5	17.262	2.8256890152277	0
CSR1	hmg-6	19.106	7.4809537466546	0
CSR1	hmgr-1	25.416	6.78598546272316	0
CSR1	hmgs-1	29.204	2.49021148801553	0
CSR1	hmit-1.1	24.998	8.65782379044037	0
CSR1	hmit-1.2	21.274	1.90172910534779	0
CSR1	hmit-1.3	20.96	4.96240546451913	0
CSR1	hmp-1	28.716	2.66812519257585	0
CSR1	hmp-2	21.734	23.954796924278	0
CSR1	hnd-1	23.61	12.9762413591665	0
CSR1	hoe-1	21.948	2.23031692655673	0
CSR1	hog-1	19.014	21.6551433452574	0
CSR1	homt-1	25.254	3.28226375768757	0
CSR1	hop-1	23.432	0.789460933735474	0
CSR1	hosl-1	25.152	4.8489117943766	0
CSR1	hot-1	19.19	1.591290410068	0
CSR1	hot-2	18.934	9.23920623398442	0
CSR1	hot-3	25.39	6.05879091512108	0
CSR1	hot-4	26.606	5.83421025282994	0
CSR1	hot-5	24.95	5.40658930443173	0
CSR1	hot-6	25.142	2.10791383882551	0
CSR1	hot-7	27.068	6.60318454893515	0
CSR1	hot-8	7.408	4.23595165922954	0
CSR1	hot-9	19.736	2.44016575230449	0
CSR1	hpa-1	19.732	15.1384418179089	0
CSR1	hpd-1	25.598	9.52548420679154	0
CSR1	hphd-1	28.314	1.71840457918611	0
CSR1	hpk-1	18.49	23.0468748053743	0
CSR1	hpl-1	3.648	2.08225098846852	1
CSR1	hpl-2	20.928	0.897377142424084	0
CSR1	hpo-10	18.662	5.70589068851185	0
CSR1	hpo-11	13.164	5.02017248665575	0
CSR1	hpo-12	27.684	5.67911232954588	0
CSR1	hpo-13	28.138	3.47833490647766	0
CSR1	hpo-15	24.768	13.4434154890564	0
CSR1	hpo-18	19.554	33.3139307279843	0
CSR1	hpo-19	25.734	8.76389377262358	0
CSR1	hpo-2	24.876	6.8498154583913	0
CSR1	hpo-25	22.886	8.40569846750389	0
CSR1	hpo-26	20.142	3.77441853878633	0
CSR1	hpo-27	28.56	3.87225458684878	0
CSR1	hpo-28	24.572	4.99877762376121	0
CSR1	hpo-29	28.61	2.61013515144105	0
CSR1	hpo-30	24.35	10.6506926349402	0
CSR1	hpo-31	27.716	4.80210271312875	0
CSR1	hpo-32	6.1	1.59362476190357	0
CSR1	hpo-33	26.458	7.01202367604424	0
CSR1	hpo-34	21.778	12.2248331922035	0
CSR1	hpo-35	22.942	5.51828754778935	0
CSR1	hpo-36	18.194	4.20308395633657	0
CSR1	hpo-38	26.838	2.51176248774724	0
CSR1	hpo-39	18.02	6.42568033086781	0
CSR1	hpo-40	4.392	10.3808657977119	0
CSR1	hpo-6	26.774	2.94312062710539	0
CSR1	hpo-7	27.036	1.43791397098951	0
CSR1	hpo-8	29.518	1.44515013944938	0
CSR1	hpo-9	23.066	15.9511137506159	0
CSR1	hpr-17	21.514	9.74744173618465	0
CSR1	hpr-9	22.67	7.35909803973496	0
CSR1	hprt-1	29.272	1.57191314667671	0
CSR1	hpx-2	26.092	1.5490976127647	0
CSR1	hrde-1	26.928	9.14208955356526	0
CSR1	hrde-2	18.102	8.31123586850026	0
CSR1	hrde-4	15.978	35.0655210808109	0
CSR1	hrdl-1	20.526	10.8239199252781	0
CSR1	hrg-1	24.708	4.42759363384454	0
CSR1	hrg-10	27.81	3.27368570531671	0
CSR1	hrg-2	22.928	6.80176874687889	0
CSR1	hrg-3	19.282	21.5947869480471	0
CSR1	hrg-4	20.844	10.8179343755098	0
CSR1	hrg-5	24.874	8.36401017358789	0
CSR1	hrg-6	2.082	3.12015019575634	1
CSR1	hrg-7	22.222	16.4995056637016	0
CSR1	hrg-9	29.118	0.901267062632974	0
CSR1	hrp-1	21.138	15.3566341880794	0
CSR1	hrpa-2	18.288	12.9840041954132	0
CSR1	hrpf-1	13.368	16.343196947166	0
CSR1	hrpf-2	21.088	8.32077559248917	0
CSR1	hrpk-1	3.658	5.17752240833498	1
CSR1	hrpl-1	22.732	6.77783229241412	0
CSR1	hrpr-1	20.52	6.06348278485633	0
CSR1	hrpu-1	23.22	2.34068531295456	0
CSR1	hrpu-2	4.376	1.94308516174418	1
CSR1	hsb-1	22.676	3.95946121798935	0
CSR1	hsd-1	4.544	8.51988081625499	1
CSR1	hsd-2	28.294	1.98592835003504	0
CSR1	hsd-3	7.23	3.06636227903117	0
CSR1	hse-5	25.02	11.7524006624078	0
CSR1	hsf-1	21.6	2.86513860125293	0
CSR1	hsp-1	14.13	47.7660609526383	0
CSR1	hsp-110	27.16	11.461815432619	0
CSR1	hsp-12.1	22.244	22.634426734826	0
CSR1	hsp-12.2	21.382	24.1882017886036	0
CSR1	hsp-12.3	11.656	2.79755329073318	0
CSR1	hsp-12.6	3.382	5.29924702950204	1
CSR1	hsp-16.1	10.172	4.6556383828826	0
CSR1	hsp-16.2	12.376	2.91703672558786	0
CSR1	hsp-16.41	14.594	10.7702334952748	0
CSR1	hsp-16.48	16.098	3.8911320935508	0
CSR1	hsp-17	12.752	3.65865100521817	0
CSR1	hsp-25	6.732	3.63615003702775	0
CSR1	hsp-3	22.522	21.2957310934999	0
CSR1	hsp-4	20.732	31.8230286656056	0
CSR1	hsp-43	19.34	13.1372695004169	0
CSR1	hsp-6	15.01	12.5339280859036	0
CSR1	hsp-60	18.454	5.12085534571877	0
CSR1	hsp-70	10.904	7.94110764315174	0
CSR1	hsp-75	29.164	1.78674189297704	0
CSR1	hsp-90	24.074	26.4850221592941	0
CSR1	hsr-9	23.548	11.4660755957956	0
CSR1	hst-1	28.74	3.66461162453903	0
CSR1	hst-2	23.5	10.9557321525602	0
CSR1	hst-3.1	27.854	1.45292388106605	0
CSR1	hst-3.2	21.778	25.3308368366774	0
CSR1	hst-6	3.846	6.10498661827324	1
CSR1	htas-1	23.522	18.754415464829	0
CSR1	htp-1	26.426	6.74750481641714	0
CSR1	htp-2	26.47	3.54646455525474	0
CSR1	htp-3	23.14	9.03544201298883	0
CSR1	htrl-1	20.958	10.1974778320593	0
CSR1	htt-1	24.036	19.0918138081264	0
CSR1	htz-1	19.238	4.70421684980167	0
CSR1	hum-1	8.284	6.93116456845106	0
CSR1	hum-10	24.2	7.10467465019455	0
CSR1	hum-2	20.112	6.21175322368878	0
CSR1	hum-5	27.168	2.25678427706394	0
CSR1	hum-6	9.802	3.93101459341605	0
CSR1	hum-7	27.438	8.41414381111112	0
CSR1	hum-8	28.74	3.65162164145975	0
CSR1	hus-1	28.492	3.65220543716475	0
CSR1	hut-1	25.726	10.4079936905613	0
CSR1	hxk-1	25.636	7.3682437726193	0
CSR1	hxk-2	25.382	10.8829224910112	0
CSR1	hxk-3	27.2	1.8419080955699	0
CSR1	hyl-1	19.122	3.67308558316473	0
CSR1	hyl-2	26.648	7.88656291882484	0
CSR1	hyls-1	20.194	16.5514081385114	0
CSR1	iars-1	28.712	1.36553156194242	0
CSR1	iars-2	28.278	5.01742336901623	0
CSR1	icap-1	21.664	8.61333564075492	0
CSR1	icd-1	17.958	1.40068652297057	0
CSR1	icd-2	8.358	2.83184308763322	0
CSR1	icl-1	10.714	3.92820748903222	0
CSR1	icln-1	18.554	2.16212577144459	0
CSR1	icmt-1	28.144	2.55698833956449	0
CSR1	icp-1	18.478	9.15404564919402	0
CSR1	icpp-55	28.032	2.50965149882939	0
CSR1	ida-1	13.156	14.1784967187984	0
CSR1	idh-1	28.026	4.03217555362842	0
CSR1	idh-2	28.15	3.06444508978578	0
CSR1	idha-1	10.486	10.8424458572121	0
CSR1	idhb-1	28.842	1.91486775435734	0
CSR1	idhg-1	27.938	4.99998768786705	0
CSR1	idhg-2	26.194	3.65695946317181	0
CSR1	idi-1	28.384	5.4041936816753	0
CSR1	idpa-1	16.322	1.11835355560394	0
CSR1	idpa-2	22.634	2.49117618483241	0
CSR1	idpa-3	12.61	10.7424402729136	0
CSR1	idpb-1	19.918	3.71428249131675	0
CSR1	idpb-2	19.048	5.36920804008091	0
CSR1	idpb-3	20.376	3.76580296166317	0
CSR1	idpb-4	19.338	5.42496923060778	0
CSR1	idpb-5	17.81	5.00790604722848	0
CSR1	idpc-1	19.62	3.15489864748909	0
CSR1	idpc-2	21.162	12.9996039616915	0
CSR1	idpc-3	17.898	7.26331691522659	0
CSR1	idpc-4	22.784	5.29581515440429	0
CSR1	idpc-5	6.194	4.2754390386734	0
CSR1	idpc-6	20	11.4359083591991	0
CSR1	idpc-7	15.472	16.1042532037616	0
CSR1	idpp-1	19.1	1.99949282240087	0
CSR1	idpp-10	18.022	12.1297132717041	0
CSR1	idpp-11	23.466	5.34392560353165	0
CSR1	idpp-12	22.064	6.58994205174671	0
CSR1	idpp-13	22.73	17.208207528918	0
CSR1	idpp-14	5.364	3.4991902243469	0
CSR1	idpp-16	4.272	3.61655409495302	1
CSR1	idpp-2	16.654	4.67288539251753	0
CSR1	idpp-3	24.434	5.60302636363842	0
CSR1	idpp-4	23.408	4.59352981242507	0
CSR1	idpp-5	14.232	1.40123785169026	0
CSR1	idpp-6	15.372	2.16217977781632	0
CSR1	idpp-7	21.054	12.8138096793216	0
CSR1	idpp-8	25.46	4.73311809153062	0
CSR1	idpp-9	13.61	2.1833442995009	0
CSR1	ifa-1	9.706	62.7148524677693	0
CSR1	ifa-3	24.224	7.73282888781485	0
CSR1	ifa-4	20.828	8.85585376160525	0
CSR1	ifas-1	27.326	2.56291727006859	0
CSR1	ifas-2	22.208	25.6072560089821	0
CSR1	ifas-3	24.008	2.71405515708977	0
CSR1	ifb-1	24	4.00271175440961	0
CSR1	ifb-2	23.796	7.52072300778824	0
CSR1	ifbp-1	22.112	17.559133610008	0
CSR1	ifc-1	23.77	2.39428746741812	0
CSR1	ifc-2	26.072	4.0854631770329	0
CSR1	ifd-1	27.15	2.35439511079144	0
CSR1	ifd-2	25.002	7.29908181922666	0
CSR1	ife-1	28.424	1.84704743133678	0
CSR1	ife-2	27.602	7.14026209820754	0
CSR1	ife-3	25.992	19.1897781371207	0
CSR1	ife-4	26.024	1.2429511554026	0
CSR1	ife-5	23.836	13.041810737996	0
CSR1	ifet-1	14.374	25.5572495665801	0
CSR1	iff-1	22.528	13.4401612704749	0
CSR1	iff-2	20.548	19.2727289774619	0
CSR1	iffb-1	22.032	16.3900788426313	0
CSR1	ifg-1	12.074	5.16051891765248	0
CSR1	ifo-1	24.984	6.63415385179356	0
CSR1	ifp-1	19.15	1.9232738235721	0
CSR1	ift-139	29.502	3.66432924922244	0
CSR1	ift-20	18.09	10.2057066822386	0
CSR1	ift-43	12.588	24.3603696206938	0
CSR1	ift-74	26.07	7.74547337313159	0
CSR1	ift-81	27.568	6.51843826412523	0
CSR1	ifta-1	27.696	3.08118115158534	0
CSR1	ifta-2	21.042	3.86574947754182	0
CSR1	ify-1	13.652	4.64466670809474	0
CSR1	igcm-1	21.568	14.9325991062097	0
CSR1	igcm-2	24.024	6.02403665495044	0
CSR1	igcm-3	21.104	12.6453993056659	0
CSR1	igcm-4	20.86	6.9438253307215	0
CSR1	igdb-1	21.104	6.50803400390786	0
CSR1	igdb-2	22.63	6.55505186835676	0
CSR1	igdb-3	26.48	8.38946753629116	0
CSR1	igeg-2	24.342	7.88200450834262	0
CSR1	iglr-1	24.338	10.5868982004631	0
CSR1	iglr-2	20.632	43.5419899223312	0
CSR1	iglr-3	16.64	4.04188521027868	0
CSR1	ikb-1	21.816	24.1377570895092	0
CSR1	ikke-1	28.19	1.93842867574519	0
CSR1	ilc-17.1	24.518	8.30623029693397	0
CSR1	ilcr-1	8.486	3.84891638166115	0
CSR1	ilcr-2	24.358	6.13472296896218	0
CSR1	ile-1	24.418	4.32309593602029	0
CSR1	ile-2	27.218	2.38379752182764	0
CSR1	ilkp-1	24.444	4.02859065172432	0
CSR1	ilys-1	4.974	2.14940044405373	1
CSR1	ilys-2	27.672	0.97952262306339	0
CSR1	ilys-3	22.608	2.86373582031876	0
CSR1	ilys-4	14.066	39.8126180646869	0
CSR1	ilys-5	7.72	7.86803814955168	0
CSR1	ilys-6	28.726	1.51552751360785	0
CSR1	ima-1	20.092	21.2927464360448	0
CSR1	ima-2	19.212	7.68180606304288	0
CSR1	ima-3	23.386	7.79062932216755	0
CSR1	imb-1	26.728	4.86959456554825	0
CSR1	imb-2	26.608	5.23947607483424	0
CSR1	imb-3	16.92	1.80961121659514	0
CSR1	immp-1	23.376	10.1353812274579	0
CSR1	immp-2	25.3	8.2707450852591	0
CSR1	immt-1	27.54	7.37431556259165	0
CSR1	immt-2	26.356	13.187803956737	0
CSR1	imp-1	24.696	7.05013049428271	0
CSR1	imp-2	23.95	2.21077610789847	0
CSR1	imp-3	3.946	2.61895807050457	1
CSR1	imph-1	21.95	9.1334590149552	0
CSR1	impt-1	12.188	2.07761136009405	0
CSR1	ina-1	27.238	5.28350561589738	0
CSR1	inf-1	28.954	1.44493288868111	0
CSR1	inft-2	18.356	11.9498180701261	0
CSR1	ing-3	27.374	3.67482762739749	0
CSR1	inos-1	25.18	12.8556132013335	0
CSR1	inpp-1	26.062	3.3907481412623	0
CSR1	inpp-4b	29.026	3.79702756062125	0
CSR1	ins-1	20.076	10.0975554924905	0
CSR1	ins-10	24.366	3.19441361177791	0
CSR1	ins-11	24.038	11.1314362850027	0
CSR1	ins-12	25.482	7.83381962323495	0
CSR1	ins-13	23.738	6.236820870872	0
CSR1	ins-14	24.884	10.7359027410782	0
CSR1	ins-15	22.642	10.7147322599663	0
CSR1	ins-16	17.314	34.7796853855381	0
CSR1	ins-17	26.438	7.0929167100194	0
CSR1	ins-18	27.394	5.21351815607516	0
CSR1	ins-19	12.97	5.14674457001655	0
CSR1	ins-2	19.694	18.5987840105865	0
CSR1	ins-20	25.746	7.52566511720301	0
CSR1	ins-21	23.406	20.5920042598875	0
CSR1	ins-22	26.074	10.4825064700376	0
CSR1	ins-23	26.742	5.28071402730345	0
CSR1	ins-24	26.184	5.19728211136465	0
CSR1	ins-25	25.24	14.9366873765718	0
CSR1	ins-26	20.398	20.1998850670219	0
CSR1	ins-27	25.37	2.7639465286966	0
CSR1	ins-28	12.076	8.36832768390211	0
CSR1	ins-29	26.384	5.49742765370285	0
CSR1	ins-3	23.012	2.9978687332115	0
CSR1	ins-30	23.406	2.87168169491941	0
CSR1	ins-31	19.162	23.1810061270686	0
CSR1	ins-32	27.476	0.641117128731171	0
CSR1	ins-33	8.714	5.93510083254807	0
CSR1	ins-34	10.164	5.05308118178734	0
CSR1	ins-35	27.074	3.75272147061746	0
CSR1	ins-36	21.494	14.4220517538093	0
CSR1	ins-37	27.272	0.880176235884413	0
CSR1	ins-39	26.47	1.6415233080771	0
CSR1	ins-4	27.714	2.43012008951745	0
CSR1	ins-5	23.578	17.6860140524087	0
CSR1	ins-6	21.612	1.91629525901089	0
CSR1	ins-7	21.938	15.5907677007493	0
CSR1	ins-8	18.304	5.38190589716728	0
CSR1	ins-9	27.16	3.55278067373724	0
CSR1	insc-1	15.572	29.8131702151791	0
CSR1	inso-1	25.77	8.39265639556072	0
CSR1	ints-1	24.66	6.87416710475818	0
CSR1	ints-11	16.178	16.145295058543	0
CSR1	ints-13	27.696	6.02610742697848	0
CSR1	ints-2	9.196	8.37835885335238	0
CSR1	ints-3	25.764	9.91071176127397	0
CSR1	ints-4	28.46	2.54167327671915	0
CSR1	ints-5	26.524	8.42498547822868	0
CSR1	ints-6	26.728	10.6813839947784	0
CSR1	ints-7	12.478	1.46177799241505	0
CSR1	ints-8	29.66	1.4472134882896	0
CSR1	ints-9	27.262	11.0383098438334	0
CSR1	inx-1	19.716	2.72136589344929	0
CSR1	inx-10	23.708	4.28155654655932	0
CSR1	inx-11	23.294	5.05107232484333	0
CSR1	inx-12	15.996	38.3531880318398	0
CSR1	inx-13	26.236	1.59530835158996	0
CSR1	inx-14	27.02	7.78610686422339	0
CSR1	inx-15	17.346	2.28377673955759	0
CSR1	inx-16	27.356	1.43046602126028	0
CSR1	inx-17	28.446	1.90444331023093	0
CSR1	inx-18	24.69	8.71151039377782	0
CSR1	inx-19	27.294	1.7347274278922	0
CSR1	inx-2	24.614	1.71011435447197	0
CSR1	inx-20	11.544	1.96067612207763	0
CSR1	inx-21	20.966	6.62605745094563	0
CSR1	inx-22	25.404	3.09057850098701	0
CSR1	inx-3	11.46	6.81382988734051	0
CSR1	inx-5	20.222	6.58752780906128	0
CSR1	inx-6	27.446	5.80958945422108	0
CSR1	inx-7	26.186	4.63855576872607	0
CSR1	inx-8	28.816	1.80331797953322	0
CSR1	inx-9	27.292	2.80408469296615	0
CSR1	ipgm-1	26.63	6.56461198465373	0
CSR1	ipla-1	21.69	7.5572919436427	0
CSR1	ipla-2	23.702	17.7868349632163	0
CSR1	ipla-3	26.49	9.55275070298653	0
CSR1	ipla-4	18.782	23.8197832556038	0
CSR1	ipla-5	28.094	1.64635037717314	0
CSR1	ipla-6	14.306	17.1939199191018	0
CSR1	ipla-7	18.8	28.7943617239414	0
CSR1	ipmk-1	28.314	3.50368462799771	0
CSR1	ipp-5	27.832	1.42420110857574	0
CSR1	ippk-1	27.344	6.38401847654274	0
CSR1	ire-1	26.612	8.2965459497879	0
CSR1	irg-1	20.286	1.79930419624768	0
CSR1	irg-2	17.708	12.1603935334467	0
CSR1	irg-3	22.696	4.39521046322508	0
CSR1	irg-4	28.5	0.67629246552268	0
CSR1	irg-5	26.156	6.569179381691	0
CSR1	irg-6	28.726	1.39107359117089	0
CSR1	irg-8	28.698	1.50511358100991	0
CSR1	irk-1	20.912	18.7188927833527	0
CSR1	irk-2	24.842	11.5375551535778	0
CSR1	irk-3	18.018	2.11825615755362	0
CSR1	irld-1	25.718	7.83955624681783	0
CSR1	irld-11	26.554	4.74015859035449	0
CSR1	irld-12	26.536	2.91326999971034	0
CSR1	irld-14	28.06	3.33000072007507	0
CSR1	irld-15	25.462	4.26838603347954	0
CSR1	irld-17	24.138	4.09988915591274	0
CSR1	irld-18	27.75	2.01882223357539	0
CSR1	irld-19	24.228	17.4110255765664	0
CSR1	irld-2	26.716	8.23963874651969	0
CSR1	irld-20	9.21	3.15809762698133	0
CSR1	irld-21	27.586	4.90073645046491	0
CSR1	irld-22	27.152	1.38672499867148	0
CSR1	irld-23	20.178	15.7484900490682	0
CSR1	irld-24	26.17	6.78577696000706	0
CSR1	irld-25	26.602	2.96057521581365	0
CSR1	irld-26	27.834	0.652948102214311	0
CSR1	irld-27	22.028	8.5636042021511	0
CSR1	irld-28	26.152	2.88530934721721	0
CSR1	irld-29	25.628	4.64576824899694	0
CSR1	irld-3	26.354	4.5334712760395	0
CSR1	irld-30	26.148	8.81744119849982	0
CSR1	irld-32	21.894	12.3932575647746	0
CSR1	irld-33	27.478	1.47096058345791	0
CSR1	irld-34	27.15	3.21350926131672	0
CSR1	irld-36	17.51	4.36099284994004	0
CSR1	irld-38	26.396	1.49406319125178	0
CSR1	irld-39	27.578	0.994828436419801	0
CSR1	irld-4	10.028	3.03485581729993	0
CSR1	irld-40	27.994	1.94620658550229	0
CSR1	irld-42	27.546	2.22451255616411	0
CSR1	irld-44	22.802	10.7800291419178	0
CSR1	irld-45	25.666	10.2117967267148	0
CSR1	irld-47	21.95	15.5890891990629	0
CSR1	irld-48	25.736	3.60279866287716	0
CSR1	irld-49	28.452	1.01786579775818	0
CSR1	irld-50	25.498	1.83730588046247	0
CSR1	irld-51	21.836	1.07381454465479	0
CSR1	irld-52	26.436	2.80618210508887	0
CSR1	irld-53	27.854	1.58711371554851	0
CSR1	irld-55	27.548	2.84319463203277	0
CSR1	irld-56	27.338	1.10266483527873	0
CSR1	irld-57	26.912	3.28817042600161	0
CSR1	irld-59	27.706	1.21987760523465	0
CSR1	irld-6	26.854	5.39549595671001	0
CSR1	irld-60	26.416	5.16316811471515	0
CSR1	irld-61	23.798	3.62197275190092	0
CSR1	irld-62	24.038	8.80087486848594	0
CSR1	irld-63	26.918	2.93852829610547	0
CSR1	irld-64	23.74	6.97329680271353	0
CSR1	irld-65	27.926	3.19910197529947	0
CSR1	irld-66	24.05	9.92274391998481	0
CSR1	irld-67	26.202	4.80344411427552	0
CSR1	irld-7	26.964	7.96956563954936	0
CSR1	irld-8	22.384	15.1015451463566	0
CSR1	irld-9	27.574	4.87374394680742	0
CSR1	irx-1	18.32	4.50633414693074	0
CSR1	iscu-1	9.652	7.53917580708189	0
CSR1	islo-1	20.078	10.2555968898324	0
CSR1	isp-1	16.82	7.39766316526918	0
CSR1	ist-1	22.932	3.7231702418258	0
CSR1	istr-1	15.658	10.2416830265092	0
CSR1	isw-1	11.408	6.02305302699003	0
CSR1	isy-1	19.348	3.30407806809324	0
CSR1	itm-2	13.686	26.3072257887368	0
CSR1	itsn-1	21.894	11.7196378176606	0
CSR1	itx-1	19.948	7.75283154369228	0
CSR1	ivd-1	11.446	15.7230567814392	0
CSR1	ivns-1	25	11.5264218211898	0
CSR1	ivph-3	26.528	4.93396110388077	0
CSR1	jac-1	20.65	13.8935375815446	0
CSR1	jamp-1	27.23	2.75149813103345	0
CSR1	jbts-14	12.214	2.18664457172122	0
CSR1	jhdm-1	12.498	4.63604974046689	0
CSR1	jip-1	21.07	8.52229480551451	0
CSR1	jkk-1	24.064	2.85083436209075	0
CSR1	jmjc-1	20.42	10.3024996314273	0
CSR1	jmjd-1.1	27.882	5.9733660452386	0
CSR1	jmjd-1.2	21.094	19.4679026601256	0
CSR1	jmjd-2	28.708	2.38976568810055	0
CSR1	jmjd-3.1	21.668	1.02700247706857	0
CSR1	jmjd-3.2	21.886	9.17523135058995	0
CSR1	jmjd-3.3	29.16	1.96852162394598	0
CSR1	jmjd-4	22.002	20.0453946825589	0
CSR1	jmjd-5	23.858	18.0304042770812	0
CSR1	jnk-1	22.778	15.4228082305106	0
CSR1	josd-1	20.116	8.2516584393489	0
CSR1	jph-1	4.456	3.14022785452636	1
CSR1	jtr-1	24.128	9.65377914539567	0
CSR1	jud-4	21.322	9.4498616509515	0
CSR1	jun-1	21.712	18.3101045823376	0
CSR1	kal-1	14.116	6.29207402266945	0
CSR1	kap-1	16.694	9.60247838319129	0
CSR1	kars-1	25.918	7.64753176806939	0
CSR1	kat-1	27.558	5.51667812350079	0
CSR1	kbp-1	24.89	8.77694793067536	0
CSR1	kbp-2	28.67	3.51065172643111	0
CSR1	kbp-3	22.946	11.4481631051426	0
CSR1	kbp-4	26.65	5.6805599060368	0
CSR1	kbp-5	24.484	5.96989984257712	0
CSR1	kbrl-1	16.388	55.3808250290438	0
CSR1	kca-1	21.378	4.07690998461515	0
CSR1	kcc-1	28.814	4.61330603011394	0
CSR1	kcc-2	26.786	4.6951713565663	0
CSR1	kcc-3	29.134	2.04647983584292	0
CSR1	kcnl-1	23.962	13.2539211899858	0
CSR1	kcnl-2	25.288	5.60983676946003	0
CSR1	kcnl-3	27.84	2.98337676722136	0
CSR1	kcnl-4	28.434	2.93663569672437	0
CSR1	kdin-1	21.982	0.939710583001767	0
CSR1	kdp-1	18.474	7.4491986632137	0
CSR1	kel-1	26.954	3.2441613256793	0
CSR1	kel-10	28.788	5.56933348078167	0
CSR1	kel-20	25.634	14.159821487068	0
CSR1	kel-3	27.658	6.48892220722347	0
CSR1	kel-8	28.84	4.20886578309078	0
CSR1	kgb-1	4.582	11.1213063507852	0
CSR1	kgb-2	27.922	3.25143481421102	0
CSR1	kin-1	25.64	14.3378614902241	0
CSR1	kin-10	13.934	6.16999211109652	0
CSR1	kin-14	28.196	2.90080853916863	0
CSR1	kin-15	20.848	2.71727750440483	0
CSR1	kin-16	16.232	1.87642730619808	0
CSR1	kin-18	27.088	4.16925236040172	0
CSR1	kin-19	27.258	1.135919033051	0
CSR1	kin-2	17.772	7.99122602995436	0
CSR1	kin-20	22.066	17.6402748605883	0
CSR1	kin-21	27.66	2.16376760772885	0
CSR1	kin-24	27.918	1.56366229512736	0
CSR1	kin-26	24.04	24.2865585453663	0
CSR1	kin-29	24.326	10.6245061377456	0
CSR1	kin-3	27.404	3.16522554750054	0
CSR1	kin-30	20.606	5.26076935020849	0
CSR1	kin-32	29.016	3.1961848003026	0
CSR1	kin-33	21.194	7.71322812961291	0
CSR1	kin-34	22.596	3.09514203994171	0
CSR1	kin-35	8.128	3.95273985256489	0
CSR1	kin-36	18.342	3.52451926303992	0
CSR1	kin-4	27.208	3.46232624052692	0
CSR1	kin-5	22.53	1.72218256494329	0
CSR1	kin-9	20.222	6.47454379447175	0
CSR1	klc-1	24.476	9.07170128065109	0
CSR1	klc-2	16.52	4.82878624775086	0
CSR1	kle-2	24.982	7.46000197698838	0
CSR1	klf-1	22.104	23.2636887097289	0
CSR1	klf-2	18.922	1.80901087147441	0
CSR1	klf-3	9.954	1.72490866235361	0
CSR1	klo-1	28.536	1.87090695765539	0
CSR1	klo-2	28.612	7.03043012935481	0
CSR1	klp-11	27.872	4.84279982811271	0
CSR1	klp-12	10.816	1.79825589243174	0
CSR1	klp-13	28.52	3.40067014536978	0
CSR1	klp-15	27.436	2.2777518420274	0
CSR1	klp-16	28.026	2.97147108373147	0
CSR1	klp-17	27.218	7.12036008429696	0
CSR1	klp-18	27.594	7.68499171618141	0
CSR1	klp-19	22.036	10.9934903869169	0
CSR1	klp-20	20.798	13.041156660229	0
CSR1	klp-3	25.414	10.5942427157319	0
CSR1	klp-4	24.038	19.2037686246648	0
CSR1	klp-6	27.174	11.5874233647085	0
CSR1	klp-7	22.518	11.9021863619857	0
CSR1	klu-1	21.09	15.8613593349172	0
CSR1	klu-2	20.692	5.75917204039769	0
CSR1	kmo-1	14.256	9.3438450987052	0
CSR1	kmo-2	27.756	3.62774205177908	0
CSR1	knl-1	18.688	16.7340239021746	0
CSR1	knl-2	17.934	5.95570668893462	0
CSR1	knl-3	9.658	8.76999889709674	0
CSR1	kpc-1	8.06	4.77627209799507	0
CSR1	kqt-1	20.776	3.83274645719615	0
CSR1	kqt-2	26.096	7.85171165849978	0
CSR1	kqt-3	26.324	11.8125915162695	0
CSR1	kreg-1	22.966	5.41747994336555	0
CSR1	kri-1	28.388	4.11093871299095	0
CSR1	krr-1	22.498	11.1993375256271	0
CSR1	ksr-1	26.906	7.32695447967267	0
CSR1	ksr-2	26.826	6.81371975691574	0
CSR1	kup-1	20.488	11.7402478110563	0
CSR1	kvs-1	28.678	1.32537866693466	0
CSR1	kvs-2	26.77	9.36809007862421	0
CSR1	kvs-3	15.354	1.81231253111912	0
CSR1	kvs-4	27.63	4.29274701503662	0
CSR1	kvs-5	22.518	28.6353919298325	0
CSR1	kxd-1	15.408	29.5522650937664	0
CSR1	kynu-1	29.542	0.844694252317096	0
CSR1	laat-1	17.62	11.7812101237899	0
CSR1	lab-1	21.736	9.09219420538801	0
CSR1	lab-2	24.776	10.1295897410048	0
CSR1	lact-1	29.322	0.979090227219302	0
CSR1	lact-2	15.678	23.7997373500124	0
CSR1	lact-3	23.51	2.88847409762735	0
CSR1	lact-4	28.502	0.834852201565007	0
CSR1	lact-5	27.162	5.94978897394898	0
CSR1	lact-6	25.636	4.57526592174395	0
CSR1	lact-7	29.096	2.93503891413431	0
CSR1	lact-8	29.06	1.50901665170549	0
CSR1	lact-9	28.588	1.87058076514468	0
CSR1	lad-2	16.844	7.5214766030639	0
CSR1	laf-1	23.346	4.04577373562451	0
CSR1	lag-1	22.318	7.63384888980903	0
CSR1	lag-2	24.452	9.33968735897837	0
CSR1	lagr-1	27.374	1.70889416645826	0
CSR1	lam-1	26.878	9.51431764816606	0
CSR1	lam-2	28.376	5.4053726502015	0
CSR1	lap-1	28.828	1.462152050981	0
CSR1	lap-2	10.604	21.2371140145221	0
CSR1	larp-1	18.312	19.1955643755296	0
CSR1	larp-5	19.69	19.1883565063155	0
CSR1	lars-1	28.73	2.42626271045506	0
CSR1	lars-2	28.248	3.03595113188309	0
CSR1	lat-1	5.228	7.89979362379454	0
CSR1	lat-2	22.782	15.6051931400796	0
CSR1	latd-1	16.736	5.21407871698828	0
CSR1	lbp-1	4.07	4.25210523338496	1
CSR1	lbp-2	5.052	4.35561064629269	0
CSR1	lbp-3	5.488	6.88500685604087	0
CSR1	lbp-4	3.122	2.15345756745312	1
CSR1	lbp-5	10.326	11.6695920461651	0
CSR1	lbp-6	8.618	5.3962448895277	0
CSR1	lbp-7	3.678	5.28398732907301	1
CSR1	lbp-8	18.194	5.97806331971646	0
CSR1	lbp-9	18.88	3.77232444503589	0
CSR1	lcmt-1	26.34	5.67225367538345	0
CSR1	ldb-1	20.704	3.38178258520278	0
CSR1	ldh-1	29.12	0.988152099583663	0
CSR1	ldp-1	27.506	4.00025102703153	0
CSR1	lea-1	14.724	43.4579218153021	0
CSR1	lec-1	25.206	2.8021676489599	0
CSR1	lec-10	27.406	5.16220680013907	0
CSR1	lec-11	25.068	10.0978841195033	0
CSR1	lec-12	15.87	9.29666859890261	0
CSR1	lec-2	21.94	8.29572659852501	0
CSR1	lec-3	15.576	2.98815665216406	0
CSR1	lec-4	26.448	2.88800419831454	0
CSR1	lec-5	6.74	5.37001812191509	0
CSR1	lec-6	25.052	5.73530641999558	0
CSR1	lec-7	27.004	6.72969352178253	0
CSR1	lec-8	3.816	7.36228601788878	1
CSR1	lec-9	28.736	3.88982129709734	0
CSR1	lect-2	19.542	6.83535819269999	0
CSR1	lelo-1	26.602	7.68752519365251	0
CSR1	lelo-3	26.204	6.45214006280304	0
CSR1	lelo-4	23.414	13.2091000508538	0
CSR1	lem-2	11.722	2.71279398250835	0
CSR1	lem-3	16.102	3.30420588328268	0
CSR1	lem-4	18.834	11.7090610711323	0
CSR1	leo-1	16.94	9.02193663983019	0
CSR1	lep-2	25.04	8.80837790445895	0
CSR1	let-2	19.772	1.96188866808471	0
CSR1	let-23	27.302	7.18673101253131	0
CSR1	let-268	28.598	2.82343727764559	0
CSR1	let-355	26.636	5.56878050069704	0
CSR1	let-381	20.848	7.09279314547721	0
CSR1	let-383	14.166	3.40109214426986	0
CSR1	let-391	22.166	2.18526666763382	0
CSR1	let-4	28.238	3.56228306412036	0
CSR1	let-413	9.044	17.3383638935007	0
CSR1	let-418	22.308	6.60238999973915	0
CSR1	let-49	29.164	2.94501095708352	0
CSR1	let-502	7.708	1.59526996875344	0
CSR1	let-504	23.208	18.5187822813925	0
CSR1	let-522	19.788	8.43161704559108	0
CSR1	let-526	27.286	2.76165416523812	0
CSR1	let-60	16.612	3.96650479234866	0
CSR1	let-607	14.236	19.5294480339662	0
CSR1	let-611	26.292	1.20797344376057	0
CSR1	let-630	29.542	0.614172008938694	0
CSR1	let-653	24.324	5.88375210506812	0
CSR1	let-70	28.084	4.54888653847459	0
CSR1	let-716	25.796	9.58142724279778	0
CSR1	let-721	16.594	3.99728746735286	0
CSR1	let-754	24.566	9.75817026559354	0
CSR1	let-756	15.048	2.48932158818568	0
CSR1	let-765	8.628	6.14300959189491	0
CSR1	let-767	27.124	5.35576423417227	0
CSR1	let-858	8.956	1.80836070075128	0
CSR1	let-92	24.232	19.7174634646027	0
CSR1	let-99	23.93	2.90016751517775	0
CSR1	letm-1	18.442	1.68068327256441	0
CSR1	lev-1	28.734	1.79822187695112	0
CSR1	lev-10	24.474	3.57243146275783	0
CSR1	lev-11	26.078	5.56535727141236	0
CSR1	lev-8	28.554	1.45108514814917	0
CSR1	lev-9	23.428	20.0140796967468	0
CSR1	lex-1	24.048	8.40019630059842	0
CSR1	lfe-2	25.224	10.3172681285001	0
CSR1	lgc-1	23.23	8.44504908120043	0
CSR1	lgc-10	27.994	2.00148090799825	0
CSR1	lgc-11	17.166	11.2496879637083	0
CSR1	lgc-12	21.9	4.86713868827086	0
CSR1	lgc-13	27.812	0.41184585253204	0
CSR1	lgc-14	28.976	1.26086812560806	0
CSR1	lgc-15	29.658	0.338355214897889	0
CSR1	lgc-16	28.842	2.166964842893	0
CSR1	lgc-17	29.16	2.15804289746945	0
CSR1	lgc-18	29.992	0.66659437827495	0
CSR1	lgc-19	29.044	2.60338898220685	0
CSR1	lgc-20	14.342	3.62819444715077	0
CSR1	lgc-21	27.774	5.11533162522424	0
CSR1	lgc-22	7.682	4.11585951957614	0
CSR1	lgc-23	14.348	1.7174120804306	0
CSR1	lgc-24	15.878	2.32703192873752	0
CSR1	lgc-25	23.28	20.4416586365405	0
CSR1	lgc-26	27.124	1.47438611719361	0
CSR1	lgc-27	27.132	7.55571676654738	0
CSR1	lgc-28	27.918	2.13498567337148	0
CSR1	lgc-29	27.656	5.54804136069103	0
CSR1	lgc-30	23.342	5.60249628382895	0
CSR1	lgc-31	29.222	1.69287462617101	0
CSR1	lgc-32	24.688	11.2437411831383	0
CSR1	lgc-33	27.854	4.18014188646601	0
CSR1	lgc-34	26.582	6.1306071650422	0
CSR1	lgc-35	27.098	8.5570783893552	0
CSR1	lgc-36	25.35	15.2666544300265	0
CSR1	lgc-37	28.494	5.35638039980046	0
CSR1	lgc-38	12.36	2.79565575132217	0
CSR1	lgc-39	29.22	0.95794216305807	0
CSR1	lgc-4	27.986	8.8412565081008	0
CSR1	lgc-40	30.01	1.05689780254273	0
CSR1	lgc-41	25.812	4.75855913606885	0
CSR1	lgc-42	29.7	2.09797004440059	0
CSR1	lgc-43	19.384	13.074748253055	0
CSR1	lgc-44	27.702	4.98083112796803	0
CSR1	lgc-45	24.964	8.37323440819297	0
CSR1	lgc-46	26.846	10.4803431200987	0
CSR1	lgc-47	29.034	1.66905218849479	0
CSR1	lgc-48	29.988	1.03734416486625	0
CSR1	lgc-49	27.972	7.03015158680901	0
CSR1	lgc-5	27.944	1.34223205755928	0
CSR1	lgc-50	27.514	3.51267770057456	0
CSR1	lgc-51	29.59	1.52509621082073	0
CSR1	lgc-52	29.534	0.95965827593114	0
CSR1	lgc-53	28.016	7.7548044571285	0
CSR1	lgc-54	30.004	0.855780489652626	0
CSR1	lgc-55	25.89	4.58165849448028	0
CSR1	lgc-56	29.264	1.50677341812267	0
CSR1	lgc-58	22.98	15.6878109026395	0
CSR1	lgc-6	27.37	3.15198849962352	0
CSR1	lgc-7	28.912	2.08939570621328	0
CSR1	lgc-8	28.978	0.808717528300479	0
CSR1	lgc-9	29.236	0.943136476919353	0
CSR1	lge-1	20.554	0.956856652247895	0
CSR1	lgg-1	20.562	1.20626522695671	0
CSR1	lgg-2	26.388	9.29022138938092	0
CSR1	lgg-3	29.016	0.753724526924027	0
CSR1	lgl-1	24.798	20.7409953215612	0
CSR1	lgmn-1	26.49	4.86383267757472	0
CSR1	lgx-1	18.894	30.2488807567838	0
CSR1	lhfp-4	25.952	4.71339841798852	0
CSR1	lhpp-1	29.254	1.35587768840456	0
CSR1	lias-1	26.284	3.75997267476205	0
CSR1	lid-1	26.094	14.0182947920294	0
CSR1	lido-1	22.656	17.1206602681157	0
CSR1	lido-10	18.096	53.5395411480082	0
CSR1	lido-11	23.964	13.3514593451416	0
CSR1	lido-12	15.43	25.0141453625398	0
CSR1	lido-13	15.802	20.7647943900937	0
CSR1	lido-14	24.782	12.5702838037354	0
CSR1	lido-15	22.294	12.8419113871953	0
CSR1	lido-16	23.404	12.5315657816475	0
CSR1	lido-17	22.04	22.2369342193155	0
CSR1	lido-18	28.394	1.77594504736049	0
CSR1	lido-2	22.822	12.2406391304516	0
CSR1	lido-4	19.334	6.29267861464099	0
CSR1	lido-5	22.738	6.84434854333618	0
CSR1	lido-6	17.972	12.0560159086826	0
CSR1	lido-7	27.866	3.50202385441905	0
CSR1	lido-8	23.036	2.2711934594678	0
CSR1	lido-9	25.082	11.2550063560754	0
CSR1	lig-1	14.894	4.0548462719948	0
CSR1	lig-4	25.472	12.9443751134966	0
CSR1	lim-4	19.356	1.64376225983566	0
CSR1	lim-6	16.44	7.25210328485569	0
CSR1	lim-7	24.686	6.28647616313619	0
CSR1	lim-8	11.772	7.08518809483147	0
CSR1	lim-9	22.842	6.9881630245203	0
CSR1	lin-1	22.76	3.07557117750439	0
CSR1	lin-10	26.51	10.1196623831094	0
CSR1	lin-11	15.44	1.54085197582517	0
CSR1	lin-12	23.962	12.3280671697071	0
CSR1	lin-14	10.746	2.61358491443022	0
CSR1	lin-15A	22.646	10.5823670383125	0
CSR1	lin-15B	23.678	8.03462247500081	0
CSR1	lin-17	23.566	8.12174190244339	0
CSR1	lin-18	19.07	2.913281477351	0
CSR1	lin-2	26.304	14.3306964408796	0
CSR1	lin-22	22.976	6.7069971950528	0
CSR1	lin-23	20.72	9.90958345331346	0
CSR1	lin-24	8.612	3.33561246804826	0
CSR1	lin-25	22.538	13.4665809809271	0
CSR1	lin-26	21.29	18.0034886506482	0
CSR1	lin-28	19.48	6.53626038702135	0
CSR1	lin-29	17.742	11.0335214064592	0
CSR1	lin-3	4.762	9.21041674925731	1
CSR1	lin-31	12.13	45.9639590657378	0
CSR1	lin-32	22.866	15.1901270005068	0
CSR1	lin-33	10.658	43.6150417813071	0
CSR1	lin-35	18.986	16.4426797057451	0
CSR1	lin-36	21.686	11.1769136252315	0
CSR1	lin-37	20.3	21.7401893271069	0
CSR1	lin-38	5.348	11.4049069316493	0
CSR1	lin-39	17.762	4.24857764228208	0
CSR1	lin-40	27.672	9.75760361095473	0
CSR1	lin-41	16.114	1.69305337635194	0
CSR1	lin-42	21.29	3.57592603300597	0
CSR1	lin-44	27.956	3.00925347604042	0
CSR1	lin-45	23.862	16.2005780697893	0
CSR1	lin-46	28.168	1.40586854044606	0
CSR1	lin-48	17.42	30.3793282810617	0
CSR1	lin-49	28.534	5.88779634595603	0
CSR1	lin-5	6.022	4.22942373133239	0
CSR1	lin-52	18.97	10.9872770091922	0
CSR1	lin-53	23.3	9.18560220189875	0
CSR1	lin-54	16.994	1.20566208370739	0
CSR1	lin-56	20.856	7.18294702729521	0
CSR1	lin-59	20.3	9.41737422637104	0
CSR1	lin-61	27.366	8.0943193021826	0
CSR1	lin-65	22.16	6.85111091316132	0
CSR1	lin-66	11.846	46.5335266156301	0
CSR1	lin-7	4.8	10.6830521933887	0
CSR1	lin-8	22.392	15.3400368324806	0
CSR1	lin-9	20.83	32.1398787261771	0
CSR1	lip-1	24.278	13.5460853259786	0
CSR1	lipl-1	28.118	6.85394501096405	0
CSR1	lipl-2	26.506	4.7610157428099	0
CSR1	lipl-3	26.576	7.27132948489077	0
CSR1	lipl-4	27.78	3.99073173086269	0
CSR1	lipl-5	27.19	2.11546752077409	0
CSR1	lipl-6	21.408	6.53822655100812	0
CSR1	lipl-7	8.832	10.8049174843931	0
CSR1	lipl-8	26.47	1.65666882880851	0
CSR1	lips-1	24.81	12.6480974976108	0
CSR1	lips-10	26.678	4.54179480591488	0
CSR1	lips-11	24.278	7.48865292456387	0
CSR1	lips-12	25.844	12.3990098276687	0
CSR1	lips-13	27.736	1.20353087667333	0
CSR1	lips-15	24.94	7.86203150301718	0
CSR1	lips-17	28.14	1.56461975570372	0
CSR1	lips-2	28.384	2.05319134279265	0
CSR1	lips-3	25.786	3.05933045615492	0
CSR1	lips-5	26.808	4.42338253924832	0
CSR1	lips-6	26.292	11.6419823345879	0
CSR1	lips-7	22.574	3.95061912207577	0
CSR1	lips-8	14.646	4.60676870111139	0
CSR1	lips-9	28.17	1.97441396077175	0
CSR1	lipt-1	24.502	10.5154029808782	0
CSR1	lir-1	18.73	2.7097869814094	0
CSR1	lir-2	5.416	6.40217834192751	0
CSR1	lir-3	9.552	6.65601949164651	0
CSR1	lis-1	25.04	2.57068786260126	0
CSR1	lit-1	20.238	3.03620540035485	0
CSR1	lite-1	25.872	8.35037756404709	0
CSR1	lmd-1	6.656	3.93159308504715	0
CSR1	lmd-2	23.098	13.6217088962442	0
CSR1	lmd-3	28.314	1.60738634593753	0
CSR1	lmd-4	27.836	3.36645318489873	0
CSR1	lmd-5	27.42	7.47571647441267	0
CSR1	lmn-1	16.554	27.4864545791546	0
CSR1	lmp-1	25.922	4.87261619450688	0
CSR1	lmp-2	20.032	13.2780220617899	0
CSR1	lmtr-2	26.18	6.44530032595981	0
CSR1	lmtr-3	20.134	4.47040935395177	0
CSR1	lmtr-5	28.306	2.78775084442596	0
CSR1	lnkn-1	28.06	0.530394727945016	0
CSR1	lnp-1	25.084	6.55075751698277	0
CSR1	lntl-1	24.022	2.2165763106877	0
CSR1	lon-1	20.598	4.42102451808077	0
CSR1	lon-2	22.016	8.19481363262012	0
CSR1	lon-3	21.352	10.6641485718266	0
CSR1	lon-8	25.356	5.19484688052924	0
CSR1	lonp-1	12.832	56.7457276506271	0
CSR1	lonp-2	24.03	15.2515557221178	0
CSR1	lotr-1	23.5	10.8229506490361	0
CSR1	lpd-2	26.446	5.1936402552077	0
CSR1	lpd-5	16.346	4.13105904662328	0
CSR1	lpd-6	24.544	15.2371393039938	0
CSR1	lpd-7	26.328	3.38164755063394	0
CSR1	lpd-9	27.514	3.64835265871192	0
CSR1	lpin-1	17.678	1.1414864356266	0
CSR1	lpl-1	27.336	7.55866150041909	0
CSR1	lpr-1	28.662	2.98731515486147	0
CSR1	lpr-2	27.182	2.96824044966745	0
CSR1	lpr-3	24.856	8.61713608992982	0
CSR1	lpr-4	24.28	6.39546958536636	0
CSR1	lpr-5	7.978	18.3364341899734	0
CSR1	lpr-6	20.676	2.55458296309408	0
CSR1	lpr-7	28.044	1.55790243000007	0
CSR1	lrch-1	24.388	19.6967628815092	0
CSR1	lro-1	21.856	6.60362332112539	0
CSR1	lron-1	28.712	1.32678388975304	0
CSR1	lron-10	26.358	4.07836109833929	0
CSR1	lron-11	16.666	3.33879795553833	0
CSR1	lron-12	27.92	0.750441505721956	0
CSR1	lron-13	27.96	5.05159867404691	0
CSR1	lron-14	24.674	5.65329602506914	0
CSR1	lron-15	28.778	2.98408761905956	0
CSR1	lron-2	20.288	19.1618990369128	0
CSR1	lron-3	27.766	1.72640542966652	0
CSR1	lron-4	27.12	7.15856980470156	0
CSR1	lron-5	22.494	13.9254204501969	0
CSR1	lron-6	24.002	10.6450644761948	0
CSR1	lron-7	21.242	2.28948883862079	0
CSR1	lron-8	15.134	3.35548345014353	0
CSR1	lron-9	22.008	4.82664311651991	0
CSR1	lrpc-1	22.042	4.49421998906809	0
CSR1	lrpr-1	27.854	7.11961867432819	0
CSR1	lrr-1	25.228	3.71560960651523	0
CSR1	lrx-1	21.284	4.5147840449044	0
CSR1	lsd-1	4.57	2.79368606888484	1
CSR1	lsl-1	9.448	6.83295153536999	0
CSR1	lsm-1	16.096	2.52231989792617	0
CSR1	lsm-3	25.894	3.31410750619778	0
CSR1	lsm-4	24.498	8.45161152228851	0
CSR1	lsm-5	15.806	4.62382626967291	0
CSR1	lsm-6	25.318	4.46588342814533	0
CSR1	lsm-7	23.404	12.0925011635882	0
CSR1	lsm-8	15.276	1.73851039674442	0
CSR1	lst-1	20.168	9.12837461344237	0
CSR1	lst-2	7.39	8.94072131258782	0
CSR1	lst-4	17.764	4.95633342871925	0
CSR1	lst-5	21.806	3.64479037535205	0
CSR1	lst-6	22.664	7.43908954745341	0
CSR1	lsy-12	25.064	4.98927503664749	0
CSR1	lsy-13	23.332	8.57493946420166	0
CSR1	lsy-2	24.016	4.00487505081593	0
CSR1	lsy-22	22.746	2.54109091612605	0
CSR1	lsy-27	28.26	2.35215139884669	0
CSR1	ltah-1.1	17.24	26.6458570086853	0
CSR1	ltah-1.2	28.79	0.886575131510958	0
CSR1	ltd-1	26.62	9.11280899680631	0
CSR1	luc-7l3	7.518	3.71535786544473	0
CSR1	lurp-1	23.16	5.12936285428183	0
CSR1	lurp-2	26.036	2.01609124294072	0
CSR1	lurp-3	26.49	6.185431008935	0
CSR1	lurp-4	25.284	1.87867925616491	0
CSR1	lury-1	2.838	6.23091102153136	1
CSR1	lys-1	13.42	0.821363922691824	0
CSR1	lys-10	23.698	16.033342712079	0
CSR1	lys-2	25.12	4.24156493625201	0
CSR1	lys-3	25.814	3.29911568949273	0
CSR1	lys-4	22.216	27.8214232563226	0
CSR1	lys-5	18.838	38.7869917541231	0
CSR1	lys-6	23.468	23.4323601969739	0
CSR1	lys-7	23.806	13.4305181351624	0
CSR1	lys-8	23.644	13.054598331224	0
CSR1	lys-9	28.168	3.4705472735108	0
CSR1	maa-1	13.662	4.65739977473412	0
CSR1	mab-10	18.472	14.9476319925788	0
CSR1	mab-20	27.966	5.06918924057672	0
CSR1	mab-21	29.028	0.907990981620237	0
CSR1	mab-23	22.732	4.54293658173069	0
CSR1	mab-3	19.19	35.4736288037768	0
CSR1	mab-31	25.58	7.22386095125934	0
CSR1	mab-5	20.656	3.944114361054	0
CSR1	mab-7	24.436	3.9775188270801	0
CSR1	mab-9	21.332	2.2426570190522	0
CSR1	mac-1	21.944	16.8849962711291	0
CSR1	maco-1	23.946	4.67323632845638	0
CSR1	madd-2	18.678	19.4573439321962	0
CSR1	madd-3	18.094	27.7011330323228	0
CSR1	madd-4	21.284	8.41844219435693	0
CSR1	madf-1	18.966	9.21540068495911	0
CSR1	madf-10	26.698	1.38799585331957	0
CSR1	madf-11	17.588	14.3351351609069	0
CSR1	madf-2	26.724	5.39189588040075	0
CSR1	madf-3	19.818	10.5373577643499	0
CSR1	madf-4	18.894	7.56581942194136	0
CSR1	madf-5	10.15	3.91307923314985	0
CSR1	madf-6	25.418	6.25623840532812	0
CSR1	madf-8	22.596	21.4186596063205	0
CSR1	madf-9	25.032	9.41452460843463	0
CSR1	maea-1	26.59	13.5183025850118	0
CSR1	maf-1	3.156	2.41934209997732	1
CSR1	mafr-1	23.348	8.35707504314627	0
CSR1	mag-1	26.558	6.64721295807859	0
CSR1	mage-1	27.914	3.80418156453601	0
CSR1	magi-1	17.056	21.9859130653268	0
CSR1	magu-1	19.54	19.2856097850155	0
CSR1	magu-2	25.75	9.29843693313916	0
CSR1	magu-3	27.59	8.61313072460756	0
CSR1	magu-4	23.9	15.2562824260598	0
CSR1	mai-1	15.698	32.1032642260182	0
CSR1	mai-2	20.134	3.77562425850324	0
CSR1	mak-1	7.39	3.65609095699764	0
CSR1	mak-2	21.884	5.13882252591262	0
CSR1	malt-1	28.222	1.94470671841455	0
CSR1	mam-1	23.194	10.8128542390023	0
CSR1	mam-2	13.56	3.38470670866163	0
CSR1	mam-3	24.18	2.69880825114234	0
CSR1	mam-4	15.99	4.1495520694268	0
CSR1	mam-5	21.718	9.72555272212151	0
CSR1	mam-6	24.638	10.5607006494951	0
CSR1	mam-7	22.13	12.4273507539475	0
CSR1	mam-8	23.756	8.67765226752971	0
CSR1	manf-1	26.75	11.2054476850166	0
CSR1	mans-1	28.144	3.53959179279571	0
CSR1	mans-2	28.53	6.00904435517162	0
CSR1	mans-3	19.734	1.53559669344254	0
CSR1	mans-4	3.706	4.92250588278095	1
CSR1	maoc-1	29.54	1.24956187036505	0
CSR1	map-1	2.922	7.27352328811422	1
CSR1	map-2	17.75	12.9536429509713	0
CSR1	maph-1.1	12.178	20.3928325474937	0
CSR1	maph-1.2	20.156	14.6977928694867	0
CSR1	maph-1.3	19.892	8.94142713277521	0
CSR1	maph-9	12.874	19.8225579654753	0
CSR1	mapk-15	19.266	2.4010158977404	0
CSR1	marb-1	28.682	1.68066283899495	0
CSR1	marc-1	25.02	5.95188184459993	0
CSR1	marc-2	27.238	1.88554752893229	0
CSR1	marc-3	21.014	3.61469494501325	0
CSR1	marc-4	24.89	14.5107153201303	0
CSR1	marc-5	23.274	9.05060475756568	0
CSR1	marc-6	16.524	11.4612273965687	0
CSR1	marg-1	21.074	8.07124910777409	0
CSR1	mars-1	22.072	27.7094683107879	0
CSR1	mat-1	26.85	7.39139902379829	0
CSR1	mat-2	27.064	7.68169267034403	0
CSR1	mat-3	24.51	16.2564045462724	0
CSR1	math-1	26.218	5.12317474529467	0
CSR1	math-10	18.804	7.71933634084992	0
CSR1	math-13	22.652	1.11043301163277	0
CSR1	math-14	11.222	4.14503553598613	0
CSR1	math-15	10.3	3.85731466511047	0
CSR1	math-16	25.56	5.17024367345283	0
CSR1	math-18	26.538	11.3977181170812	0
CSR1	math-19	13.456	4.58947468573099	0
CSR1	math-20	25.046	11.4801321404924	0
CSR1	math-21	25.65	4.68655877230213	0
CSR1	math-22	20.646	10.3972147325174	0
CSR1	math-23	27.888	1.1145925780473	0
CSR1	math-24	19.464	9.02894037961533	0
CSR1	math-25	3.62	3.13143205766703	1
CSR1	math-26	25.848	12.508115080112	0
CSR1	math-28	26.982	5.53291014413381	0
CSR1	math-3	27.834	1.85445346380005	0
CSR1	math-31	26.396	3.79929120928869	0
CSR1	math-33	24.362	11.3688847714791	0
CSR1	math-34	24.506	11.1214889244952	0
CSR1	math-37	26.928	4.56497278843284	0
CSR1	math-38	16.03	3.06185681642122	0
CSR1	math-39	22.766	16.8929645579236	0
CSR1	math-4	28.014	1.83474132777187	0
CSR1	math-40	17.228	6.18668673002935	0
CSR1	math-41	7.222	4.60739614358026	0
CSR1	math-42	25.392	17.1095336518355	0
CSR1	math-44	18.108	25.1748937602862	0
CSR1	math-45	27.366	6.81434503988017	0
CSR1	math-46	16.402	4.91113689633922	0
CSR1	math-48	24.56	9.17651639458495	0
CSR1	math-49	22.798	16.1399609272175	0
CSR1	math-5	27.532	5.08430445114007	0
CSR1	math-6	24.764	6.08005962530783	0
CSR1	math-7	26.476	5.28184218766666	0
CSR1	math-8	23.322	9.70934667454033	0
CSR1	math-9	26.732	1.32348393391019	0
CSR1	mau-2	29.064	2.01016564114904	0
CSR1	mau-8	19.922	28.2980903786069	0
CSR1	max-1	23.728	10.6664805806975	0
CSR1	max-2	21.824	17.4988850064255	0
CSR1	mbd-2	25.122	8.0649333471177	0
CSR1	mbf-1	16.426	4.78987334518701	0
CSR1	mbk-1	18.484	18.6860508876316	0
CSR1	mbk-2	17.828	25.3665399143627	0
CSR1	mbl-1	5.174	1.25702454901501	0
CSR1	mboa-1	26.396	9.17234416829644	0
CSR1	mboa-2	26.942	4.15222032355457	0
CSR1	mboa-3	25.756	15.0800183500928	0
CSR1	mboa-4	26.04	11.0294305605074	0
CSR1	mboa-6	27.862	6.19673426331622	0
CSR1	mboa-7	29.564	1.80268113257384	0
CSR1	mbr-1	19.148	12.9458150171098	0
CSR1	mbtr-1	25.31	3.94952560118973	0
CSR1	mca-1	22.922	12.7372622423501	0
CSR1	mca-2	26.52	6.7800992149237	0
CSR1	mca-3	26.272	4.72969706577122	0
CSR1	mcat-1	16.68	34.3545843331643	0
CSR1	mccc-1	17.552	7.77385442614719	0
CSR1	mccc-2	19.732	25.4731275495206	0
CSR1	mcd-1	22.162	3.68754235570341	0
CSR1	mce-1	8.788	1.63202609142533	0
CSR1	mcm-10	19.548	17.2070008857619	0
CSR1	mcm-2	18.348	11.0345997436185	0
CSR1	mcm-3	22.972	26.1443044965813	0
CSR1	mcm-3ap	25.702	9.94169433012628	0
CSR1	mcm-4	27.594	10.1401937358294	0
CSR1	mcm-5	25.314	13.9861864838658	0
CSR1	mcm-6	29.476	3.16817830338436	0
CSR1	mcm-7	29.31	2.08413527614635	0
CSR1	mcp-1	21.862	12.8700027041707	0
CSR1	mcrs-1	21.472	8.72869398862828	0
CSR1	mct-2	4.994	3.03877420345918	1
CSR1	mct-3	21.452	1.07993597661911	0
CSR1	mct-4	23.5	2.86089128748453	0
CSR1	mct-5	26.896	9.86516118416779	0
CSR1	mct-6	4.382	1.02565974688472	1
CSR1	mctp-1	23.37	6.66396909372622	0
CSR1	mcu-1	17.242	1.05310538329952	0
CSR1	mdf-1	23.768	14.0205508972877	0
CSR1	mdf-2	27.162	4.30185216069184	0
CSR1	mdh-1	29.014	1.01385476151442	0
CSR1	mdh-2	24.314	8.77073822423622	0
CSR1	mdl-1	20.918	16.7234758989525	0
CSR1	mdmh-35	26.264	4.2598515106689	0
CSR1	mdss-1	24.518	5.0960432256487	0
CSR1	mdt-1.2	27.662	2.53627330734844	0
CSR1	mdt-10	23.23	13.4181051485487	0
CSR1	mdt-11	16.268	18.7598167060934	0
CSR1	mdt-15	21.906	5.40948648636339	0
CSR1	mdt-17	28.686	2.22144623256252	0
CSR1	mdt-18	26.642	12.3845066515348	0
CSR1	mdt-19	21.614	12.4938995420094	0
CSR1	mdt-20	28.696	4.34858581529193	0
CSR1	mdt-21	19.482	3.09478594500224	0
CSR1	mdt-22	16.438	42.8361140582307	0
CSR1	mdt-26	18.774	3.13600148776689	0
CSR1	mdt-27	25.206	6.70766313021778	0
CSR1	mdt-28	19.944	4.67000633717125	0
CSR1	mdt-29	22.64	5.77997802224579	0
CSR1	mdt-30	22.654	2.92117417402167	0
CSR1	mdt-31	21.748	17.0829247597024	0
CSR1	mdt-4	17.276	28.7121759328453	0
CSR1	mdt-6	27.268	1.90071012004235	0
CSR1	mdt-8	20.258	31.545863403283	0
CSR1	mec-1	14.148	3.29385793905236	0
CSR1	mec-10	25.098	11.2604563061859	0
CSR1	mec-12	17.04	5.31370707970172	0
CSR1	mec-14	26.192	5.25627815090905	0
CSR1	mec-15	26.2	8.90651124426062	0
CSR1	mec-17	28.478	1.34938740363902	0
CSR1	mec-18	26.484	11.3429576624837	0
CSR1	mec-19	3.676	2.55625896862536	1
CSR1	mec-2	21.854	11.242635710739	0
CSR1	mec-3	23.26	13.5144517105444	0
CSR1	mec-4	22.738	4.92384881892731	0
CSR1	mec-5	22.658	10.8903844676925	0
CSR1	mec-6	26.734	3.72120377818377	0
CSR1	mec-7	20.752	17.8541528092984	0
CSR1	mec-8	21.45	14.6756544983607	0
CSR1	mec-9	26.63	8.44815782925184	0
CSR1	med-1	10.46	3.02925038580399	0
CSR1	med-2	20.308	3.37034017750668	0
CSR1	mef-2	19.426	9.38708446645912	0
CSR1	meg-1	21.868	3.95276183598997	0
CSR1	meg-2	24.99	8.89967137864394	0
CSR1	meg-3	20.438	3.83650349770512	0
CSR1	meg-4	6.44	4.50979370542162	0
CSR1	mei-1	20.018	1.5543966594035	0
CSR1	mei-2	24.79	17.2833245162944	0
CSR1	meic-1	8.688	4.77732750145492	0
CSR1	mek-1	24.14	1.91789345976305	0
CSR1	mek-2	24.134	9.70987004834361	0
CSR1	mek-5	25.904	5.66156126545016	0
CSR1	mekk-3	23.44	9.27506192722813	0
CSR1	mel-11	19.372	3.25301764911137	0
CSR1	mel-26	26.81	7.99755011382781	0
CSR1	mel-28	22.726	5.30367524991464	0
CSR1	mel-32	28.576	2.64856990566674	0
CSR1	mel-46	21.96	4.72020400810696	0
CSR1	melo-1	24.23	14.437708248886	0
CSR1	melo-2	23.224	9.35372817159859	0
CSR1	melo-3	25.028	5.50109943070909	0
CSR1	memb-1	9.166	2.3330322800914	0
CSR1	memb-2	17.8	4.39407015691269	0
CSR1	memi-1	22.742	3.37012267089647	0
CSR1	memi-2	20.504	5.6161420201802	0
CSR1	memi-3	18.792	12.3284297114136	0
CSR1	memo-1	27.738	3.42541673745899	0
CSR1	men-1	29.032	1.12655926261782	0
CSR1	mep-1	25.666	15.7288646407795	0
CSR1	mes-1	21.854	5.29517638189574	0
CSR1	mes-2	29.946	1.84551264760029	0
CSR1	mes-3	20.642	10.1242577117617	0
CSR1	mes-4	28.76	1.59868761231887	0
CSR1	mes-6	27.99	1.62901223510939	0
CSR1	mesp-1	18.376	13.1570113663681	0
CSR1	met-1	22.436	11.7785143535779	0
CSR1	met-2	22.506	5.4921096859998	0
CSR1	metl-1	23.992	6.13649116158714	0
CSR1	metl-13	27.388	4.5218879883718	0
CSR1	metl-17	29.166	0.202261279623571	0
CSR1	metl-18	26.82	2.39877182795926	0
CSR1	metl-2	21.304	5.76808477051588	0
CSR1	metl-5	23.896	9.91248493567223	0
CSR1	metl-6	15.524	28.6104716244705	0
CSR1	metl-9	25.646	14.1252647170472	0
CSR1	metr-1	28.024	4.30662489847954	0
CSR1	mett-10	23.86	12.9508161116564	0
CSR1	mev-1	19.25	5.04003201900267	0
CSR1	mex-1	2.626	1.69448556445446	1
CSR1	mex-3	15.152	8.90646328870888	0
CSR1	mex-5	19.256	2.80181919232798	0
CSR1	mex-6	3.474	4.19909787652515	1
CSR1	mfap-1	3.428	2.95627212605793	1
CSR1	mfb-1	25.444	8.19842850791005	0
CSR1	mff-1	25.34	5.63627929850086	0
CSR1	mff-2	18.748	9.49609889775211	0
CSR1	mfn-1	24	8.66311024786518	0
CSR1	mfsc-1	17.578	30.9918073634268	0
CSR1	mfsd-10	29.516	1.56721684123413	0
CSR1	mfsd-11	21.982	10.7207405679778	0
CSR1	mfsd-12	21.67	9.10711627945876	0
CSR1	mfsd-13.1	13.29	2.15007254510603	0
CSR1	mfsd-13.2	24.476	5.62421443637576	0
CSR1	mfsd-6	23.352	6.5086135812433	0
CSR1	mfsd-8.1	26.224	8.71218649161009	0
CSR1	mfsd-8.2	28.93	1.22868113288463	0
CSR1	mfsd-8.3	22.296	0.917311792436003	0
CSR1	mfsd-8.4	18.11	5.86794742111171	0
CSR1	mfsd-8.5	15.93	3.23365564926291	0
CSR1	mgl-1	26.564	5.75521960456136	0
CSR1	mgl-2	17.332	1.5818802168691	0
CSR1	mgl-3	22.018	5.12798288178125	0
CSR1	mgrn-1	23.896	2.10982035554271	0
CSR1	mib-1	28.222	4.47593480873607	0
CSR1	mics-1	17.05	7.68966178886212	0
CSR1	micu-1	24.632	9.05678606793067	0
CSR1	micu-3	23.904	7.52236557767704	0
CSR1	mif-1	23.624	2.5898456587277	0
CSR1	mif-2	27.194	7.60737968234001	0
CSR1	mif-3	26.208	1.72705156118775	0
CSR1	mif-4	27.63	1.58670359875374	0
CSR1	mig-1	26	8.52784336312737	0
CSR1	mig-10	19.41	6.01117487443182	0
CSR1	mig-13	25.084	6.08904814335218	0
CSR1	mig-14	23.598	13.8663498165092	0
CSR1	mig-15	21.84	2.02916848041762	0
CSR1	mig-17	25.942	1.56874709700471	0
CSR1	mig-18	17.056	5.9662872005157	0
CSR1	mig-2	22.85	1.59001331506214	0
CSR1	mig-21	22.838	4.58009419408066	0
CSR1	mig-22	28.008	6.03459236875232	0
CSR1	mig-23	20.628	2.5480605330431	0
CSR1	mig-32	25.258	4.98281217620313	0
CSR1	mig-38	22.736	6.552199265852	0
CSR1	mig-39	19.324	18.7545980041609	0
CSR1	mig-5	6.172	1.4999075581378	0
CSR1	mig-6	24.348	10.1442960303812	0
CSR1	miga-1	9.398	5.95272629506593	0
CSR1	mihp-1	20.322	4.14243380362971	0
CSR1	mihp-2	25.456	6.87486530897211	0
CSR1	mina-1	23.118	7.88781411457517	0
CSR1	mip-1	21.568	5.77308302349767	0
CSR1	mip-2	12.154	3.9675304064263	0
CSR1	miro-1	28.188	2.38012569180852	0
CSR1	mis-12	24.996	6.30539463814033	0
CSR1	misc-1	28.226	3.78118369153609	0
CSR1	mix-1	20.23	38.0221716982637	0
CSR1	miz-1	22.35	1.37615718113912	0
CSR1	mjl-1	21.06	2.37012951694745	0
CSR1	mkk-4	19.704	21.570854467802	0
CSR1	mks-1	27.196	2.4815876748264	0
CSR1	mks-2	28.336	4.87789787939272	0
CSR1	mks-3	24.968	3.36006010548524	0
CSR1	mks-5	26.96	10.0085497905366	0
CSR1	mks-6	23.954	6.15275837328084	0
CSR1	mksr-1	22.348	19.6846826073942	0
CSR1	mksr-2	29.59	2.82174751136382	0
CSR1	mlc-1	18.792	3.34242374905014	0
CSR1	mlc-2	19.364	5.7665658467901	0
CSR1	mlc-3	25.26	10.9291982857115	0
CSR1	mlc-4	22.644	6.77236853757481	0
CSR1	mlc-5	11.562	4.89850896298549	0
CSR1	mlc-6	24.776	9.17753055891336	0
CSR1	mlc-7	15.84	1.69634202557379	0
CSR1	mlcd-1	26.608	15.200589698569	0
CSR1	mlck-1	27.094	2.24135451089267	0
CSR1	mlh-1	25.596	9.86351122880309	0
CSR1	mlk-1	19.856	10.3721671612128	0
CSR1	mlp-1	23.014	2.80417405401834	0
CSR1	mls-1	23.356	8.96546792873924	0
CSR1	mls-2	17.918	4.67861247759206	0
CSR1	mlst-8	28.17	3.42613587692128	0
CSR1	mlt-10	23.316	3.55715094593971	0
CSR1	mlt-2	27.702	3.18571868577679	0
CSR1	mlt-3	27.004	11.8080893826085	0
CSR1	mlt-4	28.868	2.72928358796276	0
CSR1	mlt-7	10.638	2.95876924324979	0
CSR1	mlt-8	24.232	8.76210541147872	0
CSR1	mlt-9	14.078	10.8764210082031	0
CSR1	mltn-1	24.13	12.6429921473686	0
CSR1	mltn-10	21.652	8.83545415926262	0
CSR1	mltn-11	27.622	5.42939192665113	0
CSR1	mltn-12	26.73	7.55478291544465	0
CSR1	mltn-13	23.126	11.7480771438909	0
CSR1	mltn-2	25.092	6.04428158422976	0
CSR1	mltn-3	25.78	5.39379939841476	0
CSR1	mltn-5	26.73	6.65461156079087	0
CSR1	mltn-6	19.934	13.9425748205094	0
CSR1	mltn-7	26.388	7.41568919168801	0
CSR1	mltn-8	18.612	14.8376762900239	0
CSR1	mltn-9	16.27	2.32586206864468	0
CSR1	mma-1	29.616	1.59336108065959	0
CSR1	mmaa-1	26.088	5.26566492052521	0
CSR1	mmab-1	12.114	4.46131964417926	0
CSR1	mmad-1	23.152	6.76456538670432	0
CSR1	mmcm-1	25.682	15.2309783858609	0
CSR1	mml-1	24.572	12.556157468101	0
CSR1	mms-19	12.518	2.20329049500878	0
CSR1	mnat-1	11.152	2.0303873453657	0
CSR1	mnk-1	20.83	4.64559593025557	0
CSR1	mnm-2	12.346	4.73910365063271	0
CSR1	mnp-1	20.27	15.8923998607493	0
CSR1	mnr-1	29.192	1.28981766113757	0
CSR1	moa-1	20.3	26.5561791961498	0
CSR1	moa-2	13.088	1.39783068510429	0
CSR1	moag-4	23.06	5.9416564511027	0
CSR1	mob-1	25.054	7.44467549479674	0
CSR1	mob-2	20.798	14.4833796970932	0
CSR1	mob-3	24.824	4.80191622720865	0
CSR1	mob-4	27.7	2.72018726073492	0
CSR1	moc-1	29.4	3.03474946080879	0
CSR1	moc-2	28.798	2.28555628907894	0
CSR1	moc-3	28.946	2.53192680710498	0
CSR1	moc-5	26.232	11.3359801673616	0
CSR1	moc-6	24.46	10.9905156146067	0
CSR1	mocs-1	26.242	7.36529638045362	0
CSR1	mod-1	21.664	38.9073423218009	0
CSR1	mod-5	17.266	4.23580972434148	0
CSR1	moe-3	10.572	5.10581720607966	0
CSR1	mog-1	19.522	8.29163978049088	0
CSR1	mog-2	27.828	1.10945584406613	0
CSR1	mog-3	10.262	3.29696116108361	0
CSR1	mog-4	24.662	10.9821072136962	0
CSR1	mog-5	25.868	4.55894974401414	0
CSR1	mog-7	17.948	14.5068728011623	0
CSR1	mogs-1	28.848	4.04412454064754	0
CSR1	molo-1	27.716	5.55522092915951	0
CSR1	mom-1	15.796	5.2829441540603	0
CSR1	mom-2	25.768	4.6944154617019	0
CSR1	mom-4	24.476	14.4617798594903	0
CSR1	mom-5	25.864	5.76502757594491	0
CSR1	moma-1	24.004	6.11217854851635	0
CSR1	mon-2	23.624	2.08355682038541	0
CSR1	mop-25.1	24.614	1.82067361231891	0
CSR1	mop-25.2	5.486	3.421373744695	0
CSR1	mop-25.3	20.954	31.328154549505	0
CSR1	morc-1	28.496	4.96685527485702	0
CSR1	mpc-1	23.732	4.57109956177514	0
CSR1	mpc-2	25.8	4.88218260502029	0
CSR1	mpdu-1	29.522	0.454075701603896	0
CSR1	mpk-1	7.024	2.04486721062298	0
CSR1	mpk-2	18.252	36.3456338598626	0
CSR1	mppa-1	27.99	4.40856394960931	0
CSR1	mppb-1	27.62	5.18720936855166	0
CSR1	mppe-1	26.446	0.559324270955174	0
CSR1	mps-1	23.014	8.89312217732924	0
CSR1	mps-2	28.862	0.805659926589731	0
CSR1	mps-3	22.996	11.4743507393663	0
CSR1	mps-4	8.804	112.557474223043	0
CSR1	mpst-1	13.77	8.41988349618874	0
CSR1	mpst-2	28.096	2.89465926970659	0
CSR1	mpst-3	28.03	0.657350188108751	0
CSR1	mpst-4	27.722	2.39486730287227	0
CSR1	mpst-6	28.382	1.33757804304326	0
CSR1	mpst-7	18.964	12.3155185220148	0
CSR1	mpz-3	10.046	4.43079794836999	0
CSR1	mpz-4	25.38	9.2423096544719	0
CSR1	mpz-5	26.634	1.52641897691935	0
CSR1	mpz-6	26.422	3.48270783810936	0
CSR1	mrck-1	23.872	18.3577608013239	0
CSR1	mre-11	19.86	11.1333051332925	0
CSR1	mrg-1	22.526	5.36988269098211	0
CSR1	mrpl-1	20.8	25.623308682819	0
CSR1	mrpl-10	7.392	3.11646738073373	0
CSR1	mrpl-11	20.468	10.3066557853221	0
CSR1	mrpl-12	19.952	16.9854323403407	0
CSR1	mrpl-13	26.474	14.947876587596	0
CSR1	mrpl-15	27.178	3.89833852219581	0
CSR1	mrpl-16	27.932	0.988075075972862	0
CSR1	mrpl-17	28.39	2.01237856387259	0
CSR1	mrpl-18	16.614	5.13482742613516	0
CSR1	mrpl-19	27.866	5.34175279805754	0
CSR1	mrpl-2	27.944	1.73230904754051	0
CSR1	mrpl-20	27.814	5.64484548714411	0
CSR1	mrpl-21	27.56	0.907474528330903	0
CSR1	mrpl-22	27.826	1.23491592581985	0
CSR1	mrpl-23	27.27	4.67658190448988	0
CSR1	mrpl-24	28.646	5.93531172340799	0
CSR1	mrpl-28	27.504	8.1940133532524	0
CSR1	mrpl-30	24.986	7.09919083606133	0
CSR1	mrpl-32	10.804	4.00607514148512	0
CSR1	mrpl-34	28.85	4.61519630620562	0
CSR1	mrpl-35	20.448	1.54239362837405	0
CSR1	mrpl-36	26.038	5.58210410134206	0
CSR1	mrpl-37	28.78	1.93319033215212	0
CSR1	mrpl-38	29.088	2.44394184406696	0
CSR1	mrpl-39	4.134	6.84528540138326	1
CSR1	mrpl-4	28.64	3.69460597782182	0
CSR1	mrpl-40	3.538	3.45822361089492	1
CSR1	mrpl-41	27.946	2.3514554243873	0
CSR1	mrpl-42	24.7	3.94035502773482	0
CSR1	mrpl-44	29.67	1.71361291794893	0
CSR1	mrpl-45	28.02	3.30068286725703	0
CSR1	mrpl-46	5.216	1.69103351773006	0
CSR1	mrpl-47	25.914	11.6955966848142	0
CSR1	mrpl-48	28.164	2.62825926498565	0
CSR1	mrpl-49	27.98	4.81327862800416	0
CSR1	mrpl-50	17.54	1.69270613903119	0
CSR1	mrpl-51	28.57	0.34914136057508	0
CSR1	mrpl-53	21.148	14.3861699479311	0
CSR1	mrpl-54	22.088	7.58613390272613	0
CSR1	mrpl-55	17.046	3.73077620022782	0
CSR1	mrpl-58	23.54	7.07628753473878	0
CSR1	mrpl-9	23.292	10.9031469417928	0
CSR1	mrps-10	28.1	2.64317240359233	0
CSR1	mrps-11	28.078	6.12529546070212	0
CSR1	mrps-12	15.146	3.4305823115363	0
CSR1	mrps-14	28.514	2.53596274974576	0
CSR1	mrps-15	27.904	4.12622483715598	0
CSR1	mrps-16	18.228	33.5865373748707	0
CSR1	mrps-17	17.802	3.03008848024848	0
CSR1	mrps-18.c	26.288	4.95497131150362	0
CSR1	mrps-18C	28.91	0.985362817934566	0
CSR1	mrps-18a	21.716	9.63181656573627	0
CSR1	mrps-18b	21.99	1.04592996816735	0
CSR1	mrps-2	29.626	2.42485344727336	0
CSR1	mrps-21	20.162	3.51560318441904	0
CSR1	mrps-22	22.248	34.2113960408973	0
CSR1	mrps-23	20.778	6.34022708976477	0
CSR1	mrps-24	15.838	7.40096391084976	0
CSR1	mrps-25	29.682	2.50528780530572	0
CSR1	mrps-26	25.92	11.7004736375439	0
CSR1	mrps-27	21.59	19.1859181672938	0
CSR1	mrps-28	18.582	3.6452617166023	0
CSR1	mrps-30	29.368	1.07337944261559	0
CSR1	mrps-31	26.14	19.5043834798265	0
CSR1	mrps-33	19.158	10.8039652572652	0
CSR1	mrps-34	29.844	0.656440630411303	0
CSR1	mrps-35	28.52	2.25946334065198	0
CSR1	mrps-5	29.12	1.0989010989011	0
CSR1	mrps-6	20.196	2.522241009119	0
CSR1	mrps-7	26.024	3.71319907543121	0
CSR1	mrps-9	27.554	7.8116157358337	0
CSR1	mrrf-1	22.966	21.1756580176436	0
CSR1	mrt-1	21.894	9.67227221801294	0
CSR1	mrt-2	27.956	4.19740523015158	0
CSR1	msa-1	28.396	4.67253123183683	0
CSR1	msd-2	27.484	0.521332181911863	0
CSR1	msh-2	28.426	2.44014406137657	0
CSR1	msh-5	25.954	2.50036718100077	0
CSR1	msh-6	13.172	7.54414858005453	0
CSR1	msi-1	20.504	8.25459318745937	0
CSR1	msp-10	27.464	5.14377143192698	0
CSR1	msp-152	27.356	8.03274288486404	0
CSR1	msp-19	27.19	3.52563000391	0
CSR1	msp-3	27.212	3.20296376663859	0
CSR1	msp-32	24.534	12.2546513794749	0
CSR1	msp-33	28.096	2.32014005822964	0
CSR1	msp-38	21.924	5.62127445535599	0
CSR1	msp-49	27.886	1.86052354909743	0
CSR1	msp-55	27.81	1.75699571068789	0
CSR1	msp-58	25.544	2.37461766751	0
CSR1	msp-63	27.822	3.12148085795558	0
CSR1	msp-74	22.634	1.79590409149977	0
CSR1	msp-77	28.018	0.711771614863866	0
CSR1	msp-78	27.03	1.9579901771956	0
CSR1	mspn-1	26.588	7.04627916640945	0
CSR1	msra-1	28.238	3.19146097177826	0
CSR1	msrp-1	19.074	4.27493835312318	0
CSR1	msrp-2	20.538	7.19696982543197	0
CSR1	msrp-3	16.852	6.61108790685522	0
CSR1	msrp-4	21.686	11.5715590555672	0
CSR1	msrp-5	25.038	10.7965222832399	0
CSR1	msrp-6	19.692	9.6208454332906	0
CSR1	msrp-7	22.496	10.2070952418266	0
CSR1	mstr-1	15.818	14.0836388037198	0
CSR1	mstr-2	4.014	3.01846163046556	1
CSR1	mtch-1	22.422	2.08149095785146	0
CSR1	mtcl-1	23.104	8.93989487263858	0
CSR1	mtcu-1	18.084	3.29092146564446	0
CSR1	mtcu-2	26.09	4.7042334619754	0
CSR1	mtd-1	19.834	2.54066086173823	0
CSR1	mter-4	17.394	3.4496090576014	0
CSR1	mtg-1	26.608	6.62955739014617	0
CSR1	mth-1	18.73	1.33848917637178	0
CSR1	mth-2	20.226	6.68880852796615	0
CSR1	mthf-1	27.41	3.51185933633239	0
CSR1	mtig-1	28.396	1.25737221695703	0
CSR1	mtk-1	25.096	4.99826418900161	0
CSR1	mtl-1	25.808	2.73197215075683	0
CSR1	mtl-2	24.266	2.26478431211666	0
CSR1	mtm-1	24.072	2.23158490460789	0
CSR1	mtm-10	19.816	1.66746048685311	0
CSR1	mtm-3	12.026	5.73021266385712	0
CSR1	mtm-5	19.964	3.26943366262583	0
CSR1	mtm-6	22.782	4.79738822979983	0
CSR1	mtm-9	27.544	5.17482060687809	0
CSR1	mtp-18	17.764	2.21935440229672	0
CSR1	mtpn-1	26.788	0.45750376884735	0
CSR1	mtq-2	11.22	67.2048834318674	0
CSR1	mtr-4	24.622	15.1747940019613	0
CSR1	mtre-1	27.364	2.96331762751357	0
CSR1	mtrr-1	26.762	2.44805634127241	0
CSR1	mtss-1	22.552	2.07613229373469	0
CSR1	mttu-1	25.728	13.2895403102539	0
CSR1	mtx-1	18.112	30.1326465399137	0
CSR1	mtx-2	15.088	4.57542746353124	0
CSR1	mua-6	18.908	2.55847332828421	0
CSR1	mul-1	19.286	11.3438748128412	0
CSR1	mup-2	9.528	6.4665522932727	0
CSR1	mup-4	22.438	7.02767768101779	0
CSR1	mus-101	22.318	20.1538697011062	0
CSR1	mus-81	28.588	0.608586671912672	0
CSR1	mut-14	26.922	8.09799493795869	0
CSR1	mut-15	28.344	1.31692541544412	0
CSR1	mut-16	18.514	13.4371611589929	0
CSR1	mut-7	28.456	2.89783876248633	0
CSR1	mutd-1	28.518	1.462154490508	0
CSR1	mvb-12	6.77	2.25953597352708	0
CSR1	mvk-1	23.448	14.0800389948708	0
CSR1	mxl-1	22.092	8.92841509283238	0
CSR1	mxl-2	25.86	18.3440840612691	0
CSR1	mxl-3	21.816	5.46977163910438	0
CSR1	mxt-1	18.3	20.5145957032021	0
CSR1	myo-1	19.392	8.85241102986182	0
CSR1	myo-2	22.438	9.21709603080567	0
CSR1	myo-3	21.034	5.15569634369707	0
CSR1	myo-5	21.194	12.5922754058299	0
CSR1	myo-6	24.096	7.63440782765313	0
CSR1	myrf-1	19.154	14.0083362376863	0
CSR1	myrf-2	18.772	6.93804232827381	0
CSR1	mys-1	24.15	14.0607912233186	0
CSR1	mys-2	23.904	6.46383401296938	0
CSR1	mys-4	28.884	4.24520544590865	0
CSR1	mzt-1	20.46	3.0475967288602	0
CSR1	nab-1	25.234	6.45118203222099	0
CSR1	nabp-1	27.214	12.6065009105456	0
CSR1	nac-1	9.384	5.5997520490447	0
CSR1	nac-2	22.664	3.28716623586807	0
CSR1	nac-3	23.124	9.72407506035445	0
CSR1	nadk-1	19.982	15.3234040568002	0
CSR1	nadk-2	25.522	8.66337910598407	0
CSR1	nanp-1	25.39	6.89714577734024	0
CSR1	nap-1	20.742	1.69200577416652	0
CSR1	nape-1	5.38	2.80046824782888	0
CSR1	nape-2	19.594	1.06847073526802	0
CSR1	nars-1	29.512	2.0111255685962	0
CSR1	nars-2	25.626	5.72218160115953	0
CSR1	nas-1	26.522	3.35331024043066	0
CSR1	nas-10	25.464	5.49673755587047	0
CSR1	nas-11	20.148	15.7753750483045	0
CSR1	nas-12	26.162	8.06732429404801	0
CSR1	nas-13	19.042	3.55506997166154	0
CSR1	nas-14	27.728	2.07119003676261	0
CSR1	nas-15	20.502	6.58358524289616	0
CSR1	nas-16	19.286	27.9573667445252	0
CSR1	nas-17	28.586	1.27447452171895	0
CSR1	nas-18	26.374	2.43986684488544	0
CSR1	nas-19	27.764	3.3127234179054	0
CSR1	nas-2	23.282	11.2507628367339	0
CSR1	nas-20	21.124	8.8303494997402	0
CSR1	nas-21	21.378	6.84364541915176	0
CSR1	nas-22	26.072	3.6074808097009	0
CSR1	nas-23	27.506	3.04321350111766	0
CSR1	nas-24	27.526	5.98869343423469	0
CSR1	nas-25	22.114	4.21356879187275	0
CSR1	nas-27	23.53	2.94916293064057	0
CSR1	nas-28	27.72	5.50897811509988	0
CSR1	nas-29	26.866	1.52894950563081	0
CSR1	nas-3	23.156	9.26789237398198	0
CSR1	nas-30	22.984	17.574337921881	0
CSR1	nas-31	25.474	8.69026947542312	0
CSR1	nas-32	23.37	5.2910020432022	0
CSR1	nas-33	15.026	12.2646500940738	0
CSR1	nas-36	26.37	8.17851984307535	0
CSR1	nas-37	26.354	1.92036456269132	0
CSR1	nas-38	20.348	1.71282418593316	0
CSR1	nas-39	26.528	5.10905540585403	0
CSR1	nas-4	27.916	2.73263850591649	0
CSR1	nas-5	9.682	2.47171568341853	0
CSR1	nas-6	22.02	11.638161494162	0
CSR1	nas-7	24.868	4.99486561966041	0
CSR1	nas-8	7.248	4.77381043458247	0
CSR1	nas-9	14.45	4.88441122049215	0
CSR1	nasp-1	17.712	6.15614319054515	0
CSR1	nasp-2	19.178	8.14946473918524	0
CSR1	natb-1	22.83	3.32188543594632	0
CSR1	natc-1	28.354	5.14354168021713	0
CSR1	natc-2	23.11	8.97793680352916	0
CSR1	natc-3	21.112	13.4467854520554	0
CSR1	nath-10	28.994	3.20297680055357	0
CSR1	nbet-1	18.898	19.799344395759	0
CSR1	nbs-1	19.732	10.9502864954573	0
CSR1	nca-2	9.752	5.00332418413629	0
CSR1	ncam-1	21.02	31.3751605916845	0
CSR1	ncap-1	16.24	20.3323687236279	0
CSR1	ncbp-1	25.11	6.18124836746092	0
CSR1	ncbp-2	23.648	3.51278975081106	0
CSR1	nceh-1	28.256	2.46932347202768	0
CSR1	nck-1	24.352	2.44106983001776	0
CSR1	ncl-1	11.308	57.6363657052884	0
CSR1	ncr-1	20.554	20.2096299308076	0
CSR1	ncr-2	23.288	10.3331376688626	0
CSR1	ncs-1	23.666	1.40670751130138	0
CSR1	ncs-2	25.872	9.6514464539776	0
CSR1	ncs-3	26.104	5.9477021213147	0
CSR1	ncs-4	24.132	9.68148879659509	0
CSR1	ncs-5	24.968	4.71495433814135	0
CSR1	ncs-6	17.346	7.93529109409241	0
CSR1	ncs-7	22.558	11.462559933991	0
CSR1	ncx-1	26.328	6.03916197967848	0
CSR1	ncx-10	26.098	4.79679134919285	0
CSR1	ncx-2	25.348	7.60355025553637	0
CSR1	ncx-3	21.848	12.9009634318797	0
CSR1	ncx-4	25.144	5.60724833064012	0
CSR1	ncx-5	21.898	10.7119483670844	0
CSR1	ncx-6	23.772	13.3408336659947	0
CSR1	ncx-7	27.038	4.19786901255799	0
CSR1	ncx-8	24.052	4.21888643004369	0
CSR1	ncx-9	19.686	13.984669185911	0
CSR1	ndab-1	18.942	3.36787036022363	0
CSR1	ndab-2	20.432	2.95413696318543	0
CSR1	ndc-80	25.334	2.81193773210832	0
CSR1	ndfl-4	26.134	4.43442148901281	0
CSR1	ndg-4	29.642	1.28116552203145	0
CSR1	ndk-1	28.474	5.04873858249745	0
CSR1	ndnf-1	27.862	1.47861199036968	0
CSR1	ndua-1	25.998	4.21036048702888	0
CSR1	ndua-12	19.288	3.03848577628851	0
CSR1	ndua-13	28.422	3.90355478553104	0
CSR1	ndua-2	26.416	7.53391234540529	0
CSR1	ndua-7	30.386	1.30245863830439	0
CSR1	ndua-8	21.742	10.0629734119215	0
CSR1	ndub-10	23.368	7.93629687908543	0
CSR1	ndub-11	28.82	5.75267308846527	0
CSR1	ndub-3	20.694	18.0023031950318	0
CSR1	ndub-5	29.078	1.70594412441392	0
CSR1	ndub-6	29.342	2.30094890938856	0
CSR1	ndub-8	29.878	0.818941927157677	0
CSR1	nduc-2	29.226	3.41549785819966	0
CSR1	nduf-11	19.636	33.6135969594028	0
CSR1	nduf-2.2	28.98	0.754818594003702	0
CSR1	nduf-5	18.042	3.52782605581041	0
CSR1	nduf-6	26.33	4.58286733266332	0
CSR1	nduf-7	28.46	1.10695600857508	0
CSR1	nduf-9	25.614	4.64184325733009	0
CSR1	nduo-1	27.982	2.56555196072466	0
CSR1	nduo-2	28.314	0.744452390640642	0
CSR1	nduo-3	26.682	3.25689670321006	0
CSR1	nduo-4	27.724	2.25105802831344	0
CSR1	nduo-5	26.276	6.47630477235506	0
CSR1	nduo-6	28.146	3.79392787311302	0
CSR1	nduv-3	23.33	3.90291163640231	0
CSR1	ndx-1	24.834	5.89126977231471	0
CSR1	ndx-2	28.278	2.5990614049143	0
CSR1	ndx-3	22.746	7.69872087410514	0
CSR1	ndx-4	28.894	4.25578535850801	0
CSR1	ndx-6	28.022	2.23280149459025	0
CSR1	ndx-7	28.214	4.98056031047399	0
CSR1	ndx-8	26.938	6.23551559685672	0
CSR1	ndx-9	23.012	4.07688926600684	0
CSR1	ned-8	8.772	5.44779683379025	0
CSR1	nefr-1	18.928	5.1384715287589	0
CSR1	neg-1	15.894	8.88594064343537	0
CSR1	nekl-1	14.752	2.6771310575538	0
CSR1	nekl-2	12.1	81.1435371128855	0
CSR1	nekl-3	26.8	8.00449236196915	0
CSR1	nekl-4	29.254	1.65226250484805	0
CSR1	nemp-1	17.394	5.39108872465236	0
CSR1	nemt-1	27.702	1.99252473481839	0
CSR1	nep-1	25.52	4.88202685679639	0
CSR1	nep-10	27.586	2.08598188530285	0
CSR1	nep-11	27.062	1.80790235378589	0
CSR1	nep-12	26.326	4.67593788857589	0
CSR1	nep-13	22.76	21.3599402253939	0
CSR1	nep-15	25.588	1.74236475232558	0
CSR1	nep-16	21.54	12.422855300944	0
CSR1	nep-17	25.79	13.922311060666	0
CSR1	nep-18	19.906	3.48817349827536	0
CSR1	nep-2	5.844	5.71459746023582	0
CSR1	nep-20	25.576	8.32176637067654	0
CSR1	nep-21	27.282	3.05468318097525	0
CSR1	nep-22	28.788	0.731287890339909	0
CSR1	nep-23	27.068	6.39704199633248	0
CSR1	nep-24	21.76	3.69609308460617	0
CSR1	nep-25	27.164	7.45672349902095	0
CSR1	nep-26	26.398	2.0163577649413	0
CSR1	nep-3	28.172	1.87482644822741	0
CSR1	nep-4	26.396	5.40300313359586	0
CSR1	nep-5	11.17	11.1179371938117	0
CSR1	nep-6	28.386	0.895943879885117	0
CSR1	nep-8	22.892	3.53962114065002	0
CSR1	nep-9	27.626	4.6543088476963	0
CSR1	nepr-1	28.098	3.10492531951296	0
CSR1	neto-1	24.676	8.36001716835663	0
CSR1	nex-1	26.352	2.97078074061133	0
CSR1	nex-2	24.596	4.1739928480466	0
CSR1	nex-3	29.134	2.21658062686635	0
CSR1	nex-4	28.48	2.55597719594851	0
CSR1	nfi-1	21.744	4.45110434410488	0
CSR1	nfki-1	25.158	9.61729289748554	0
CSR1	nfm-1	25.166	10.6975374300376	0
CSR1	nfs-1	20.5	4.83197755982041	0
CSR1	nft-1	28.48	3.0953690846029	0
CSR1	nfu-1	8.554	80.1601610273206	0
CSR1	nfx-1	26.624	3.28909367754579	0
CSR1	nfya-1	20.364	2.8754643559482	0
CSR1	nfya-2	20.42	11.1708923981099	0
CSR1	nfyb-1	19.106	5.27002645922848	0
CSR1	nfyc-1	10.6	1.87851959922075	0
CSR1	ngn-1	19.956	1.44869742485495	0
CSR1	ngp-1	14.556	72.8291643248678	0
CSR1	nhj-1	16.708	4.94516677260761	0
CSR1	nhl-1	29.324	1.0774753037827	0
CSR1	nhl-2	21.826	1.13742280896886	0
CSR1	nhl-3	29.476	0.634967534731815	0
CSR1	nhr-1	23.192	3.37404616200918	0
CSR1	nhr-10	27.186	5.87362265912345	0
CSR1	nhr-100	22.382	16.8398447663542	0
CSR1	nhr-101	27.464	6.36992809609452	0
CSR1	nhr-102	27.336	4.48262120309888	0
CSR1	nhr-103	18.98	1.33444943539662	0
CSR1	nhr-104	23.392	19.3485396051364	0
CSR1	nhr-105	20.382	8.14713032226623	0
CSR1	nhr-106	26.388	8.60987915656099	0
CSR1	nhr-107	21.958	17.0479863973351	0
CSR1	nhr-108	5.82	8.56697653767554	0
CSR1	nhr-109	17.244	31.6841197674618	0
CSR1	nhr-11	9.306	4.68187027016523	0
CSR1	nhr-110	28.162	6.15745226169244	0
CSR1	nhr-111	26.23	8.04946229601542	0
CSR1	nhr-112	23.288	17.5002554246718	0
CSR1	nhr-113	26.564	9.66909206195824	0
CSR1	nhr-114	28.59	2.30545019975695	0
CSR1	nhr-115	28.654	1.3789798598402	0
CSR1	nhr-116	24.996	17.0994162861415	0
CSR1	nhr-117	13.046	3.04328106302144	0
CSR1	nhr-118	28.298	2.27971020322401	0
CSR1	nhr-119	19.21	12.2623618496938	0
CSR1	nhr-12	26.118	12.29655738802	0
CSR1	nhr-120	23.844	2.43890479051951	0
CSR1	nhr-121	8.89	2.21571604089901	0
CSR1	nhr-122	25.568	7.13455421495669	0
CSR1	nhr-123	20.68	1.41104801367649	0
CSR1	nhr-124	25.486	12.8599559273234	0
CSR1	nhr-125	25.71	10.1126095785003	0
CSR1	nhr-126	24.862	7.23764029226401	0
CSR1	nhr-127	24.264	10.1081748643189	0
CSR1	nhr-128	24.568	11.7325749741805	0
CSR1	nhr-129	28.838	1.82429206610735	0
CSR1	nhr-13	28.772	1.77908693148407	0
CSR1	nhr-130	16.176	4.03576058288964	0
CSR1	nhr-131	27.28	3.5697677217418	0
CSR1	nhr-132	24.182	8.8784189616438	0
CSR1	nhr-133	24.784	19.5180462465022	0
CSR1	nhr-134	10.778	4.75020005533062	0
CSR1	nhr-135	27.638	4.77201564709928	0
CSR1	nhr-136	26.118	11.4189513620404	0
CSR1	nhr-137	27.172	3.14003967266223	0
CSR1	nhr-138	22.954	4.78898401032363	0
CSR1	nhr-139	26.936	7.85923094195753	0
CSR1	nhr-14	26.546	5.12613148087789	0
CSR1	nhr-140	26.362	6.2724094608905	0
CSR1	nhr-141	25.582	3.84181178694172	0
CSR1	nhr-142	16.732	1.66830947380999	0
CSR1	nhr-143	28.368	2.67622094687902	0
CSR1	nhr-145	8.864	8.03594442656444	0
CSR1	nhr-146	20.616	9.88443804914513	0
CSR1	nhr-147	27.202	2.11651464496969	0
CSR1	nhr-148	27.896	4.14984169904241	0
CSR1	nhr-149	28.838	3.78382086915468	0
CSR1	nhr-15	26.93	5.77843679068892	0
CSR1	nhr-150	3.928	4.00269735377465	1
CSR1	nhr-152	27.544	4.46872476443415	0
CSR1	nhr-153	19.386	1.42980630616935	0
CSR1	nhr-154	27.228	5.36705541767154	0
CSR1	nhr-155	28.09	2.54594989444203	0
CSR1	nhr-156	27.324	9.34344939542215	0
CSR1	nhr-157	20.284	2.2363922550644	0
CSR1	nhr-158	27.46	2.63486161164017	0
CSR1	nhr-159	22.086	3.9492304385797	0
CSR1	nhr-16	16.712	4.28398720449507	0
CSR1	nhr-161	27.35	2.93952085621991	0
CSR1	nhr-162	26.448	6.96559090391059	0
CSR1	nhr-163	27.384	5.18978984630592	0
CSR1	nhr-164	22.542	10.8640913077011	0
CSR1	nhr-165	9.43	3.0898838354896	0
CSR1	nhr-166	21.71	16.6139532079126	0
CSR1	nhr-167	26.196	7.53681069122281	0
CSR1	nhr-168	21.816	3.61910603360761	0
CSR1	nhr-169	22.334	8.76125922454352	0
CSR1	nhr-17	27.176	6.1884160836758	0
CSR1	nhr-170	25.598	2.67183815772216	0
CSR1	nhr-171	26.328	6.62846333958988	0
CSR1	nhr-172	12.978	2.9809837561956	0
CSR1	nhr-173	5.17	5.00103809433187	0
CSR1	nhr-174	27.048	3.41023013149419	0
CSR1	nhr-175	26.51	4.31215968689347	0
CSR1	nhr-176	20.134	17.6248207345945	0
CSR1	nhr-177	18.934	0.465851422228792	0
CSR1	nhr-178	25.412	5.49812246159656	0
CSR1	nhr-179	6.72	4.18787121412806	0
CSR1	nhr-18	27.426	4.93983401904294	0
CSR1	nhr-180	26.646	11.1130014888766	0
CSR1	nhr-181	26.832	5.23296160530169	0
CSR1	nhr-182	25.746	10.8575873011433	0
CSR1	nhr-183	28.198	3.55285239899943	0
CSR1	nhr-184	8.524	5.29327081478763	0
CSR1	nhr-185	16.788	1.98517787086874	0
CSR1	nhr-186	27.204	5.56867606651768	0
CSR1	nhr-187	25.726	6.97711169080804	0
CSR1	nhr-188	24.894	3.87998319149524	0
CSR1	nhr-189	28.704	1.08687835596371	0
CSR1	nhr-19	24.212	20.0023378214572	0
CSR1	nhr-190	29.07	1.23384289194778	0
CSR1	nhr-192	25.956	15.9475937665945	0
CSR1	nhr-193	28.726	1.34207900589008	0
CSR1	nhr-195	9.526	11.8184352569063	0
CSR1	nhr-196	27.348	4.29109575209605	0
CSR1	nhr-197	26.212	7.00013740885819	0
CSR1	nhr-198	25.768	3.34934226489478	0
CSR1	nhr-199	7.722	1.93254809629167	0
CSR1	nhr-2	3.604	4.2471867943012	1
CSR1	nhr-20	27.386	6.14378432494557	0
CSR1	nhr-201	28.532	2.40054448821018	0
CSR1	nhr-202	23.632	11.0506030316163	0
CSR1	nhr-203	28.778	3.65551407387611	0
CSR1	nhr-204	28.53	3.12159022882085	0
CSR1	nhr-205	24.266	6.52703263969284	0
CSR1	nhr-206	23.53	9.41411423301573	0
CSR1	nhr-207	27.042	11.3039241099168	0
CSR1	nhr-208	26.816	9.50879485558838	0
CSR1	nhr-209	27.506	3.12929493325313	0
CSR1	nhr-21	15.164	4.62809823378015	0
CSR1	nhr-210	26.888	11.0359978251359	0
CSR1	nhr-211	27.492	4.65862716572854	0
CSR1	nhr-212	28.732	1.2758079404794	0
CSR1	nhr-213	25.26	8.46791405842622	0
CSR1	nhr-214	27.854	3.96915246449169	0
CSR1	nhr-216	24.048	7.82772242370444	0
CSR1	nhr-217	28.424	6.05151067204826	0
CSR1	nhr-218	21.872	7.56529461496234	0
CSR1	nhr-219	28.518	3.95723959173997	0
CSR1	nhr-22	23.434	7.98667853327626	0
CSR1	nhr-221	29.216	3.81472090785983	0
CSR1	nhr-222	26.382	11.6417645768129	0
CSR1	nhr-223	27.416	3.98042925394444	0
CSR1	nhr-225	27.628	4.56743679414293	0
CSR1	nhr-226	25.84	11.03474017181	0
CSR1	nhr-227	26.104	6.78168455616466	0
CSR1	nhr-228	28.602	1.68970982003522	0
CSR1	nhr-229	24.052	10.2739768934862	0
CSR1	nhr-23	26.734	5.23494661762414	0
CSR1	nhr-230	28.296	0.386815049265255	0
CSR1	nhr-231	6.582	4.16962768591053	0
CSR1	nhr-232	16.378	1.39593560075454	0
CSR1	nhr-233	28.782	1.41779105579955	0
CSR1	nhr-234	27.674	4.07417922650025	0
CSR1	nhr-235	28.042	7.70687441918792	0
CSR1	nhr-236	23.616	4.78260521674938	0
CSR1	nhr-237	18.534	0.873002851847665	0
CSR1	nhr-238	25.336	5.45926518321609	0
CSR1	nhr-239	23.926	7.6927974309952	0
CSR1	nhr-241	5.484	3.86518925164736	0
CSR1	nhr-242	27.438	5.51918743358363	0
CSR1	nhr-243	29.016	1.29379117177338	0
CSR1	nhr-244	28.162	3.70547991537251	0
CSR1	nhr-246	28.368	3.04103872280088	0
CSR1	nhr-247	24.872	5.04582666438785	0
CSR1	nhr-248	25.132	4.25327888142636	0
CSR1	nhr-249	25.99	7.75811198838233	0
CSR1	nhr-25	22.698	1.69901454458091	0
CSR1	nhr-251	21.064	4.78674855146475	0
CSR1	nhr-252	28.46	2.89374331762256	0
CSR1	nhr-253	28.248	2.74719750069952	0
CSR1	nhr-254	26.862	5.1700008896428	0
CSR1	nhr-255	26.646	7.86091457311279	0
CSR1	nhr-256	27.088	3.03441032795972	0
CSR1	nhr-257	25.266	3.60630720363277	0
CSR1	nhr-258	25.63	8.04540705035162	0
CSR1	nhr-259	25.484	1.40324569132529	0
CSR1	nhr-26	28.81	0.441106040511588	0
CSR1	nhr-260	27.208	6.86257343440781	0
CSR1	nhr-261	27.84	3.34909986935773	0
CSR1	nhr-262	26.494	10.2926895799051	0
CSR1	nhr-263	25.844	3.00488413475051	0
CSR1	nhr-264	26.622	8.85383552720472	0
CSR1	nhr-265	22.22	26.9710660784237	0
CSR1	nhr-267	26.284	9.24006264526533	0
CSR1	nhr-268	29.014	0.852853670691778	0
CSR1	nhr-269	26.592	4.3119517334795	0
CSR1	nhr-27	26.008	7.48641581452047	0
CSR1	nhr-270	24.036	18.3960142104552	0
CSR1	nhr-271	20.586	21.324276138501	0
CSR1	nhr-272	27.634	4.95492623989516	0
CSR1	nhr-273	25.538	9.10933754831573	0
CSR1	nhr-274	21.832	0.857776927262852	0
CSR1	nhr-275	28.74	1.14479358916925	0
CSR1	nhr-276	26.894	6.73970222231071	0
CSR1	nhr-277	19.422	17.1486126501298	0
CSR1	nhr-28	2.594	1.90034811778971	1
CSR1	nhr-280	16.974	3.56916465866022	0
CSR1	nhr-281	27.288	7.83573932338017	0
CSR1	nhr-282	27.11	7.73809097365627	0
CSR1	nhr-283	26.32	7.55491707246371	0
CSR1	nhr-285	24.306	4.49924234684549	0
CSR1	nhr-286	19.678	20.7991461077313	0
CSR1	nhr-288	5.286	12.7359740525201	0
CSR1	nhr-290	17.922	3.5713351476604	0
CSR1	nhr-291	22.892	14.2480637420541	0
CSR1	nhr-3	23.246	6.77686808308542	0
CSR1	nhr-30	16.698	4.18878090337821	0
CSR1	nhr-31	19.91	6.64835775846775	0
CSR1	nhr-32	26.256	7.39612613547014	0
CSR1	nhr-34	11.984	2.5238368529551	0
CSR1	nhr-35	18.996	4.20476154049995	0
CSR1	nhr-36	6.956	3.21555304384726	0
CSR1	nhr-37	12.434	15.5078439467857	0
CSR1	nhr-38	23.932	17.2554429931132	0
CSR1	nhr-39	28.042	0.855264515450895	0
CSR1	nhr-4	16.162	4.73674104915847	0
CSR1	nhr-40	24.766	12.9344847443224	0
CSR1	nhr-41	23.164	18.2696299401356	0
CSR1	nhr-42	26.716	2.29987535387396	0
CSR1	nhr-43	26.276	6.10859724754164	0
CSR1	nhr-44	17.726	3.71148690292284	0
CSR1	nhr-45	7.794	6.1723341060399	0
CSR1	nhr-46	25.462	7.80042615004221	0
CSR1	nhr-47	20.712	8.70022482625068	0
CSR1	nhr-48	23.726	13.2405524962138	0
CSR1	nhr-49	20.29	4.49240875626293	0
CSR1	nhr-5	23.868	8.31245235866724	0
CSR1	nhr-50	28.712	3.21928591767821	0
CSR1	nhr-51	27.428	1.59326653114796	0
CSR1	nhr-52	20.782	2.96572008157728	0
CSR1	nhr-53	26.522	8.04170021054681	0
CSR1	nhr-54	23.552	6.05713451565436	0
CSR1	nhr-55	26.78	4.68287290173738	0
CSR1	nhr-56	27.636	4.87799907832841	0
CSR1	nhr-57	25.97	10.4295389806795	0
CSR1	nhr-58	28.676	1.51636665292445	0
CSR1	nhr-59	19.57	2.28776917787671	0
CSR1	nhr-6	21.294	1.48713334939024	0
CSR1	nhr-60	22.156	2.08734257425049	0
CSR1	nhr-61	22.848	6.36493024167282	0
CSR1	nhr-62	22.498	13.7874021983731	0
CSR1	nhr-63	25.168	11.0659920038259	0
CSR1	nhr-64	26.534	6.30478117578575	0
CSR1	nhr-65	29.336	2.20092190656906	0
CSR1	nhr-66	22.706	3.18570593698199	0
CSR1	nhr-67	22.04	7.46642556469118	0
CSR1	nhr-68	28.704	1.30040879234073	0
CSR1	nhr-69	14.31	1.63288909092214	0
CSR1	nhr-7	24.972	2.52907879536328	0
CSR1	nhr-70	18.822	1.02911911701654	0
CSR1	nhr-71	25.774	11.1027805308268	0
CSR1	nhr-72	27.944	1.8181540097231	0
CSR1	nhr-73	27.06	7.88890065668718	0
CSR1	nhr-74	27.562	2.12665425354384	0
CSR1	nhr-76	10.546	5.83394573781227	0
CSR1	nhr-77	23.14	8.25127673974944	0
CSR1	nhr-78	28.142	4.19839294821967	0
CSR1	nhr-79	19.59	7.14066705463837	0
CSR1	nhr-8	23.844	12.0251528867261	0
CSR1	nhr-80	26.102	9.28956342033411	0
CSR1	nhr-81	26.046	6.68857040811396	0
CSR1	nhr-82	27.62	8.18019326953001	0
CSR1	nhr-84	21.478	22.3461554445312	0
CSR1	nhr-85	22.282	9.78426860257226	0
CSR1	nhr-86	23.454	21.7150474181713	0
CSR1	nhr-87	24.976	5.17004601214353	0
CSR1	nhr-88	6.932	2.08402378127883	0
CSR1	nhr-89	26.784	6.56199094462469	0
CSR1	nhr-9	28.372	1.48753225670734	0
CSR1	nhr-90	27.522	6.94053987580068	0
CSR1	nhr-91	25.126	5.08503478670542	0
CSR1	nhr-92	23.182	4.54367103090599	0
CSR1	nhr-93	28.152	0.83130830000719	0
CSR1	nhr-94	24.746	1.88041639626347	0
CSR1	nhr-95	22.76	15.7949034574995	0
CSR1	nhr-96	24.546	13.0881627383622	0
CSR1	nhr-97	20.048	2.42917511319315	0
CSR1	nhr-98	24.534	16.7971171918908	0
CSR1	nhr-99	27.146	3.22332151012375	0
CSR1	nhx-1	21.944	3.42880107674315	0
CSR1	nhx-2	24.09	3.31399764202468	0
CSR1	nhx-3	27.092	5.26509151092229	0
CSR1	nhx-4	22.326	1.78871930043469	0
CSR1	nhx-5	24.452	6.58378232491682	0
CSR1	nhx-6	25.86	10.7825202354585	0
CSR1	nhx-8	23.382	1.07958347282333	0
CSR1	nhx-9	8.398	1.95553054045022	0
CSR1	nid-1	21.35	8.90268640019788	0
CSR1	nifk-1	28.222	10.4509883066536	0
CSR1	nimk-1	21.074	12.8199722796736	0
CSR1	nipa-1	26.494	12.8280866254896	0
CSR1	nipi-3	27.056	8.49677220236797	0
CSR1	nipi-4	16.426	26.5228771087863	0
CSR1	nish-1	27.424	13.8364926066813	0
CSR1	nit-1	28.676	1.24118196270178	0
CSR1	nkat-1	3.524	3.79974318757559	1
CSR1	nkat-3	27.34	6.87403655352363	0
CSR1	nkb-1	23.252	20.5066631149424	0
CSR1	nkb-2	16.478	9.30782731911325	0
CSR1	nkb-3	14.538	4.11718666361852	0
CSR1	nkcc-1	9.294	5.54335044848548	0
CSR1	nlf-1	9.218	9.92264416533232	0
CSR1	nlg-1	19.15	2.43338674771431	0
CSR1	nlp-1	19.496	5.94912036457026	0
CSR1	nlp-10	23.024	11.1140216230601	0
CSR1	nlp-101	11.826	9.29915563764801	0
CSR1	nlp-11	21.246	2.75970796152555	0
CSR1	nlp-119	8.504	5.17844355991196	0
CSR1	nlp-12	17.988	8.1424113654858	0
CSR1	nlp-13	24.35	5.97017069756153	0
CSR1	nlp-14	21.666	5.62096486984844	0
CSR1	nlp-15	13.716	4.42897633914799	0
CSR1	nlp-16	13.254	7.29411980469307	0
CSR1	nlp-17	18.136	12.585494059455	0
CSR1	nlp-18	22.618	5.68586422788176	0
CSR1	nlp-19	8.484	64.9759678308861	0
CSR1	nlp-2	18.038	10.0983662363275	0
CSR1	nlp-20	15.176	6.83208048794227	0
CSR1	nlp-21	20.81	9.81633814787236	0
CSR1	nlp-22	24.438	13.0360934026948	0
CSR1	nlp-23	10.908	5.51786481508117	0
CSR1	nlp-24	22.734	5.95309781422924	0
CSR1	nlp-25	2.91	4.32634993540006	1
CSR1	nlp-26	22.75	4.60228386623559	0
CSR1	nlp-27	20.268	10.6738780945275	0
CSR1	nlp-28	21.722	6.00004764537198	0
CSR1	nlp-29	23.402	6.58447606270806	0
CSR1	nlp-3	20.312	8.07850156543323	0
CSR1	nlp-30	22.346	15.2262241876534	0
CSR1	nlp-31	15.336	10.7551051269704	0
CSR1	nlp-32	19.916	12.6210532197512	0
CSR1	nlp-33	18.146	27.3965672645896	0
CSR1	nlp-34	13.132	3.23273882138739	0
CSR1	nlp-35	21.964	16.1642418075671	0
CSR1	nlp-36	28.242	4.30457237714401	0
CSR1	nlp-39	23.472	6.56062154152039	0
CSR1	nlp-4	28.34	1.07114391225551	0
CSR1	nlp-40	22.33	12.9138417721298	0
CSR1	nlp-41	9.486	11.4311295835903	0
CSR1	nlp-43	20.3	7.93264065980606	0
CSR1	nlp-45	23.096	12.7853392902533	0
CSR1	nlp-46	17.088	24.277424182717	0
CSR1	nlp-47	1.958	2.20855447501937	1
CSR1	nlp-48	22.996	4.71742023429515	0
CSR1	nlp-49	23.554	5.87712344337675	0
CSR1	nlp-5	23.162	7.69054159961916	0
CSR1	nlp-50	2.922	2.63318056970176	1
CSR1	nlp-51	17.41	19.1284046264959	0
CSR1	nlp-52	21.366	11.9727187361456	0
CSR1	nlp-53	1.942	1.33287117461841	1
CSR1	nlp-55	13.68	51.2379190828174	0
CSR1	nlp-56	20.654	2.27110271617914	0
CSR1	nlp-57	17.738	16.3468161463168	0
CSR1	nlp-58	16.176	3.45932368813468	0
CSR1	nlp-59	12.422	4.09233837499434	0
CSR1	nlp-6	20.32	11.1192705230089	0
CSR1	nlp-60	8.462	3.70456702802062	0
CSR1	nlp-61	14.026	4.74309755986862	0
CSR1	nlp-62	7.72	34.8162577436158	0
CSR1	nlp-63	12.478	1.26002526090935	0
CSR1	nlp-64	14.702	35.9553045962962	0
CSR1	nlp-66	21.246	7.15588241568296	0
CSR1	nlp-67	17.634	2.6612605918015	0
CSR1	nlp-68	22.688	9.62473453823208	0
CSR1	nlp-69	16.784	4.82411194423141	0
CSR1	nlp-7	10.194	6.84277874612623	0
CSR1	nlp-70	23.132	8.69234741312074	0
CSR1	nlp-71	22.584	10.5430193456683	0
CSR1	nlp-76	8.506	3.32271926676501	0
CSR1	nlp-78	21.822	1.68135818214546	0
CSR1	nlp-79	15.274	5.5977669501873	0
CSR1	nlp-8	17.154	11.4852819778235	0
CSR1	nlp-80	8.864	13.8464207104637	0
CSR1	nlp-81	17.74	9.22925066339108	0
CSR1	nlp-82	22.714	6.93307805592721	0
CSR1	nlp-88	23.412	7.29941169860757	0
CSR1	nlp-9	20.83	4.52559934279393	0
CSR1	nlp-90	23.54	7.87702578887637	0
CSR1	nlp-91	22.48	3.44901528333678	0
CSR1	nlp-99	20.93	12.2418339125791	0
CSR1	nlr-1	15.198	3.65561769446809	0
CSR1	nlt-1	19.358	9.84563024113922	0
CSR1	nmad-1	10.006	3.22962531409202	0
CSR1	nmat-1	28.446	0.986077319717525	0
CSR1	nmat-2	28.982	1.87998681805461	0
CSR1	nmgp-1	10.638	2.20195020764386	0
CSR1	nmr-1	29.974	1.71005520173988	0
CSR1	nmr-2	17.452	37.8383988919763	0
CSR1	nmrk-1	28.546	1.80088876048584	0
CSR1	nmt-1	23.24	16.4770043131327	0
CSR1	nmtn-1	22.522	19.6469265134298	0
CSR1	nmur-1	18.59	1.7665693247631	0
CSR1	nmur-2	7.438	2.46697861128516	0
CSR1	nmur-3	14.444	2.67717454432714	0
CSR1	nmy-1	18.5	3.6964832358117	0
CSR1	nmy-2	21.85	4.59264941118612	0
CSR1	nmy-3	26.058	6.93996636097355	0
CSR1	nnt-1	28.128	7.64567101070471	0
CSR1	noa-1	25.096	12.6743364820426	0
CSR1	noah-1	22.618	6.06046187225869	0
CSR1	noah-2	28.37	1.48588219304603	0
CSR1	nob-1	17.176	2.7850593139937	0
CSR1	nobh-1	27.958	6.20964774112722	0
CSR1	noca-1	15.594	42.4524819167016	0
CSR1	noca-2	27.602	8.27992740425279	0
CSR1	nog-1	19.918	29.9693439506762	0
CSR1	nol-10	11.402	4.06921576839766	0
CSR1	nol-14	26.908	9.36448501052935	0
CSR1	nol-16	26.112	3.33019438788232	0
CSR1	nol-56	26.668	3.69878662381984	0
CSR1	nol-58	29.098	2.36648576893408	0
CSR1	nol-6	28.702	1.92120906418258	0
CSR1	nol-9	29.142	2.63614449039541	0
CSR1	nola-3	18.522	8.13505399601275	0
CSR1	nono-1	24.802	16.7165416566432	0
CSR1	nonu-1	22.194	21.7775732074652	0
CSR1	nop-1	18.16	18.8015384556428	0
CSR1	nos-1	14.546	31.2224422681273	0
CSR1	nos-2	18.776	26.1605611507222	0
CSR1	nos-3	21.616	4.69583513517799	0
CSR1	nova-1	10.076	71.5458692316392	0
CSR1	npa-1	28.322	4.5377889717225	0
CSR1	npax-1	6.736	8.51690212444875	0
CSR1	npax-2	21.272	2.64333377578675	0
CSR1	npax-3	20.57	10.5898712751252	0
CSR1	npax-4	4.134	4.468869492561	1
CSR1	nphp-1	23.348	24.4631135353871	0
CSR1	nphp-2	14.79	26.6282499591955	0
CSR1	nphp-4	15.062	4.46593349594803	0
CSR1	npl-4.1	27.666	2.70953482138555	0
CSR1	npl-4.2	28.496	2.55894929040845	0
CSR1	npp-1	20.514	12.6073766565224	0
CSR1	npp-10	28.458	5.65573561731003	0
CSR1	npp-11	28.184	2.52970710419684	0
CSR1	npp-12	26.324	10.6034440653528	0
CSR1	npp-13	22.698	7.24016007743772	0
CSR1	npp-14	25.492	13.8743317077522	0
CSR1	npp-15	29.456	3.07763579287484	0
CSR1	npp-16	10.068	33.3782654817277	0
CSR1	npp-18	29.262	2.89708176184725	0
CSR1	npp-19	9.918	8.01220877932355	0
CSR1	npp-2	26.636	5.65399462369278	0
CSR1	npp-20	25.938	5.57703681658623	0
CSR1	npp-21	15.758	7.61272012574365	0
CSR1	npp-22	26.512	3.48070875440709	0
CSR1	npp-23	29.17	2.04788903857455	0
CSR1	npp-24	25.952	5.67166431625822	0
CSR1	npp-25	10.83	6.27579904991284	0
CSR1	npp-26	23.954	17.8396762236233	0
CSR1	npp-27	27.402	3.63596912327422	0
CSR1	npp-3	28.836	5.0718134263961	0
CSR1	npp-4	28.316	2.57884585540347	0
CSR1	npp-5	28.008	4.57495983938674	0
CSR1	npp-6	26.748	7.90208938963827	0
CSR1	npp-7	17.918	13.6273316076591	0
CSR1	npp-8	28.966	4.71128951803274	0
CSR1	npp-9	14.266	28.5436016134502	0
CSR1	npr-1	12.684	2.73937423654214	0
CSR1	npr-10	4.092	3.23929317294809	1
CSR1	npr-11	18.776	11.5177612600969	0
CSR1	npr-12	16.064	2.43121820823226	0
CSR1	npr-13	22.866	9.53453784992356	0
CSR1	npr-14	15.292	10.5592452912151	0
CSR1	npr-15	5.98	5.89568647618869	0
CSR1	npr-16	6.938	4.0542343019312	0
CSR1	npr-18	4.818	4.49345794173493	1
CSR1	npr-19	16.182	35.1736946613721	0
CSR1	npr-2	11.804	3.05016658976348	0
CSR1	npr-20	17.324	1.51550008195476	0
CSR1	npr-21	2.07	2.34187432725427	1
CSR1	npr-22	14.558	1.70997213367956	0
CSR1	npr-23	24.216	16.8989611661974	0
CSR1	npr-24	25.596	5.34630691702676	0
CSR1	npr-25	15.988	7.95273571213596	0
CSR1	npr-26	13.328	1.32040031302488	0
CSR1	npr-27	5.482	2.09340788806199	0
CSR1	npr-28	16.736	0.950029011202284	0
CSR1	npr-29	11.612	2.75469321026865	0
CSR1	npr-3	24.32	3.91856611043403	0
CSR1	npr-30	24.07	11.981859716019	0
CSR1	npr-31	9.974	3.65202185246399	0
CSR1	npr-32	5.046	3.08163290010704	0
CSR1	npr-33	22.17	13.9538016342534	0
CSR1	npr-34	18.914	18.3524673595939	0
CSR1	npr-35	25.148	6.12448327428259	0
CSR1	npr-36	5.548	3.58094054824994	0
CSR1	npr-37	12.234	2.43344703729935	0
CSR1	npr-38	16.076	1.22576071338698	0
CSR1	npr-39	19.824	6.73275935219347	0
CSR1	npr-4	9.694	6.24996155824906	0
CSR1	npr-40	21.776	3.52474303866123	0
CSR1	npr-41	21.862	1.74040129284612	0
CSR1	npr-42	20.43	10.7038173506595	0
CSR1	npr-43	24.736	8.49266294432751	0
CSR1	npr-5	4.04	3.81059512830214	1
CSR1	npr-6	17.198	2.15431830804704	0
CSR1	npr-7	10.966	4.72022206281392	0
CSR1	npr-8	19.244	3.89031449880587	0
CSR1	npr-9	11.236	2.74358635398103	0
CSR1	nprl-2	3.556	2.44025794712223	1
CSR1	nprl-3	27.02	2.281576440852	0
CSR1	nprt-1	29.068	1.74357864544376	0
CSR1	nra-1	19.186	15.9301945405248	0
CSR1	nra-2	23.22	10.3125633373847	0
CSR1	nra-3	20.65	10.7322116494992	0
CSR1	nra-4	24.998	21.1225117546428	0
CSR1	nrd-1	10.094	59.1159781248547	0
CSR1	nrde-1	26.816	8.43607524693854	0
CSR1	nrde-2	20.626	10.2058018666902	0
CSR1	nrde-3	13.856	46.7462907546794	0
CSR1	nrde-4	27.046	7.46191726346437	0
CSR1	nrf-5	25.514	2.68510087813992	0
CSR1	nrf-6	23.064	9.70763316210323	0
CSR1	nrfl-1	21.024	13.0572475898367	0
CSR1	nrsn-1	18.392	1.35351100054954	0
CSR1	nrx-1	19.762	1.29179311508626	0
CSR1	nse-1	28.39	3.9853368764255	0
CSR1	nse-4	25.776	7.00581305879241	0
CSR1	nsf-1	28.588	2.71204452591092	0
CSR1	nspa-10	12.338	5.50230238167113	0
CSR1	nspa-2	7.648	106.970268223245	0
CSR1	nspa-5	13.1	71.6541224805492	0
CSR1	nspa-7	6.572	128.600101420289	0
CSR1	nspa-8	18.322	4.74170396048629	0
CSR1	nspa-9	2.152	3.19248402180626	1
CSR1	nspb-1	20.164	19.0410829704437	0
CSR1	nspb-10	24.522	3.9205187963834	0
CSR1	nspb-11	22.394	8.31602928944781	0
CSR1	nspb-12	11.17	4.37943592072874	0
CSR1	nspb-2	21.02	16.1789537513403	0
CSR1	nspb-3	21.34	13.3904646344665	0
CSR1	nspb-4	21.4	13.1985152029927	0
CSR1	nspb-5	25.54	5.26439286907037	0
CSR1	nspb-6	23.43	4.25242558397327	0
CSR1	nspb-7	24.126	5.97374273914743	0
CSR1	nspb-8	25.176	2.39092204904734	0
CSR1	nspb-9	24.25	6.56486556441481	0
CSR1	nspc-1	26.83	3.3719055708734	0
CSR1	nspc-10	26.82	7.42625041721934	0
CSR1	nspc-13	18.2	8.77023597202214	0
CSR1	nspc-15	26.118	6.96939453254517	0
CSR1	nspc-17	27.16	2.52645473571924	0
CSR1	nspc-18	21.086	6.18576897596242	0
CSR1	nspc-20	27.52	4.07203788412458	0
CSR1	nspc-3	27.346	2.62282511867812	0
CSR1	nspc-4	27.638	2.97853369573107	0
CSR1	nspc-5	26.022	5.34905201117389	0
CSR1	nspc-7	26.322	8.84674885917399	0
CSR1	nspc-9	27.968	1.92005481656854	0
CSR1	nspd-1	16.962	6.69790465317397	0
CSR1	nspd-10	17.874	10.4570813096342	0
CSR1	nspd-2	18.798	2.27239639045977	0
CSR1	nspd-5	16.494	13.4109181244136	0
CSR1	nspd-6	19.34	6.47000684954564	0
CSR1	nspd-7	21.314	5.6035115395039	0
CSR1	nspd-8	18.994	3.07408715027017	0
CSR1	nspd-9	18.614	8.66787001435584	0
CSR1	nspe-1	22.376	7.73353855535785	0
CSR1	nspe-2	18.526	9.59223013652856	0
CSR1	nspe-3	23.884	5.05624707138758	0
CSR1	nspe-4	23.402	12.3328893026755	0
CSR1	nspe-5	22.546	9.26726267280663	0
CSR1	nspe-6	18.652	9.8721319332958	0
CSR1	nspe-7	18.372	6.80049994616266	0
CSR1	nspe-8	19.366	8.40227556169058	0
CSR1	nspf-1	26.302	2.77953977492949	0
CSR1	nspf-2	25.942	4.44070212174664	0
CSR1	nspf-3	23.344	5.38992863324131	0
CSR1	nspg-1	28.22	0.835565281541573	0
CSR1	nspg-10	27.298	2.93535315982927	0
CSR1	nspg-11	28.928	0.984264174232524	0
CSR1	nspg-12	26.504	6.53644835623222	0
CSR1	nspg-13	25.594	12.3486095354539	0
CSR1	nspg-14	19.15	8.27186024120139	0
CSR1	nspg-3	26.478	2.55150929915848	0
CSR1	nspg-4	17.044	1.32927276458901	0
CSR1	nspg-5	26.518	4.78336153650305	0
CSR1	nspg-6	28.602	4.22905731604269	0
CSR1	nspg-7.1	27.76	2.38977064706369	0
CSR1	nspg-7.2	27.222	5.1699463005789	0
CSR1	nspg-8	23.708	13.2069901322992	0
CSR1	nspg-9	22.61	6.19313503548726	0
CSR1	nsph-1.1	18.494	30.4562189047687	0
CSR1	nsph-1.2	26.02	4.66351079029662	0
CSR1	nsph-2	28.148	3.33271924094051	0
CSR1	nsph-3.1	28.79	1.71381217819366	0
CSR1	nsph-3.2	27.536	2.59407269361	0
CSR1	nsph-4.2	27.31	4.31004262200448	0
CSR1	nsph-4.3	22.2	18.031638995658	0
CSR1	nst-1	23.11	12.3335761963861	0
CSR1	nstp-1	21.502	1.41729046463216	0
CSR1	nstp-10	24.528	9.39702095321774	0
CSR1	nstp-2	29.166	0.928461652300773	0
CSR1	nstp-3	11.786	3.27599518885685	0
CSR1	nstp-4	28.442	7.38375674492079	0
CSR1	nstp-5	22.342	19.1242308550354	0
CSR1	nstp-6	18.474	2.7976951681542	0
CSR1	nstp-7	26.146	2.55876310008509	0
CSR1	nstp-8	19.752	23.3105186731691	0
CSR1	nstp-9	23.434	13.9616702406396	0
CSR1	nsun-1	16.618	12.5788400833963	0
CSR1	nsun-2	18.504	2.68547620397274	0
CSR1	nsun-4	24.736	14.8396381664283	0
CSR1	nsun-5	26.22	3.76117275685083	0
CSR1	nsy-1	12.114	2.3943513251281	0
CSR1	nsy-4	13.296	9.5396858127681	0
CSR1	nsy-7	20.018	19.6363790040201	0
CSR1	nta-1	27.772	5.61517144693169	0
CSR1	ntc-1	6.374	7.7501400547251	0
CSR1	ntfc-1	21.142	11.1955053375174	0
CSR1	nth-1	22.298	6.74634721452366	0
CSR1	ntl-11	21.886	1.62368168433659	0
CSR1	ntl-2	19.59	18.2545853265375	0
CSR1	ntl-3	20.086	32.3591172876261	0
CSR1	ntl-4	14.17	14.8234025158686	0
CSR1	ntl-9	5.558	6.02049633931211	0
CSR1	ntp-1	21.6	14.0398432404616	0
CSR1	ntr-1	5.202	3.71364571812172	0
CSR1	ntr-2	13.482	2.2463514293389	0
CSR1	nuaf-1	27.662	1.52763877178934	0
CSR1	nuaf-3	20.46	21.8155834913163	0
CSR1	nubp-1	27.39	8.20546317086834	0
CSR1	nuc-1	24.178	8.51559348105719	0
CSR1	nucb-1	22.512	12.1428579878524	0
CSR1	nucl-1	19.652	2.17185923428839	0
CSR1	nud-1	24.42	8.01465639831928	0
CSR1	nud-2	25.958	11.8511912771905	0
CSR1	num-1	2.538	3.06974801903584	1
CSR1	numr-2	16.988	2.77178910038702	0
CSR1	nuo-1	24.688	13.7213987753792	0
CSR1	nuo-2	23.6	15.8453615037199	0
CSR1	nuo-3	27.644	1.98671871443962	0
CSR1	nuo-4	25.646	6.10082728020597	0
CSR1	nuo-5	29.178	3.48378536315233	0
CSR1	nuo-6	27.654	12.6601829256526	0
CSR1	nurf-1	18.556	5.57603125069592	0
CSR1	nxf-1	17.33	4.28969608446321	0
CSR1	nxf-2	27.92	2.32408186515801	0
CSR1	nxnr-1	27.198	7.61659758966745	0
CSR1	nxt-1	26.258	6.82693048869433	0
CSR1	nyn-1	23.026	2.91794235601558	0
CSR1	nyn-2	25.258	15.9959220534695	0
CSR1	nyn-3	26.492	4.1079859799169	0
CSR1	oac-1	21.876	4.83108927800832	0
CSR1	oac-10	26.362	6.436581883511	0
CSR1	oac-11	27.1	2.89391599725329	0
CSR1	oac-12	24.438	5.19113460584516	0
CSR1	oac-13	22.482	18.1306019546488	0
CSR1	oac-14	25.544	6.58734143658761	0
CSR1	oac-15	29.136	1.07158797586028	0
CSR1	oac-16	27.348	2.29541447352287	0
CSR1	oac-17	24.724	24.1226778753947	0
CSR1	oac-19	27.268	2.36738497457961	0
CSR1	oac-2	28.616	2.77883631801285	0
CSR1	oac-20	25.138	6.03839925545745	0
CSR1	oac-21	25.492	14.0983682628745	0
CSR1	oac-22	24.078	12.6265691527417	0
CSR1	oac-23	26.074	8.9756700849507	0
CSR1	oac-24	26.334	0.936188962663416	0
CSR1	oac-25	23.898	9.42920235316959	0
CSR1	oac-26	28.906	1.86757963621446	0
CSR1	oac-27	7.708	4.34700515629966	0
CSR1	oac-29	27.966	1.35233166124935	0
CSR1	oac-3	27.884	1.81144724464742	0
CSR1	oac-30	27.422	1.16563497547796	0
CSR1	oac-31	23.886	6.38724455925427	0
CSR1	oac-32	29.404	2.8991133091392	0
CSR1	oac-34	29.284	1.77351239470402	0
CSR1	oac-35	28.078	2.92297565553859	0
CSR1	oac-36	24.692	11.2206716202447	0
CSR1	oac-37	28.842	1.39127998897496	0
CSR1	oac-38	27.932	0.99486205157463	0
CSR1	oac-39	25.974	7.59244772556698	0
CSR1	oac-4	10.114	4.50257012849793	0
CSR1	oac-40	22.17	11.3357038521373	0
CSR1	oac-41	28.07	1.79315586771242	0
CSR1	oac-42	12.452	6.91408083257886	0
CSR1	oac-43	26.782	14.1634919067127	0
CSR1	oac-44	28.174	1.37686348053478	0
CSR1	oac-45	25.316	4.22432356845025	0
CSR1	oac-46	25.408	7.21494062548604	0
CSR1	oac-48	27.458	4.9282806511481	0
CSR1	oac-49	26.758	10.0897619867663	0
CSR1	oac-5	26.874	5.23313775634447	0
CSR1	oac-50	20.736	32.7346951221798	0
CSR1	oac-51	25.606	4.31098361093095	0
CSR1	oac-52	16.752	2.00016211465841	0
CSR1	oac-53	18.89	10.5880095214071	0
CSR1	oac-54	27.564	3.97936739091995	0
CSR1	oac-55	27.732	4.96406164382794	0
CSR1	oac-56	25.81	1.59912739895303	0
CSR1	oac-57	25.584	9.05542169948815	0
CSR1	oac-58	25.024	15.107364539567	0
CSR1	oac-59	27.692	1.7036445566207	0
CSR1	oac-6	27.224	7.33826313321653	0
CSR1	oac-7	28.47	3.18900487228148	0
CSR1	oac-8	18.314	3.13779850982217	0
CSR1	oac-9	11.612	1.92892358545003	0
CSR1	oat-1	23.738	3.52800723704325	0
CSR1	oatr-1	28.116	9.81488298461221	0
CSR1	oaz-1	19.86	28.7171338022885	0
CSR1	obr-1	15.68	10.53522399042	0
CSR1	obr-2	3.744	3.31239658075374	1
CSR1	obr-3	13.724	1.6338678423986	0
CSR1	obr-4	22.578	3.10990268978446	0
CSR1	ocam-1	21.28	5.03949173798484	0
CSR1	ocr-1	28.254	2.12220643241371	0
CSR1	ocr-2	28.572	4.74362545019131	0
CSR1	ocr-3	22.606	2.67190829555334	0
CSR1	ocr-4	27.722	7.56328054847948	0
CSR1	ocrl-1	29.32	1.35334139693223	0
CSR1	oct-1	25.15	6.88665237208619	0
CSR1	oct-2	23.86	17.378249325661	0
CSR1	octr-1	16.716	3.88655684820342	0
CSR1	odc-1	20.682	6.13140411683804	0
CSR1	odd-1	16.926	7.05879679053545	0
CSR1	odd-2	17.17	2.25228276501684	0
CSR1	odr-1	18.066	24.321139574388	0
CSR1	odr-10	23.676	0.926615583064973	0
CSR1	odr-2	24.704	3.45945079250052	0
CSR1	odr-3	28	4.4715654931113	0
CSR1	odr-4	27.32	4.26109288751252	0
CSR1	odr-7	17.594	5.44449222338994	0
CSR1	odr-8	27.446	3.42021381396424	0
CSR1	oef-1	16.672	8.01483632753664	0
CSR1	oga-1	24.168	9.6155707275015	0
CSR1	ogdh-1	9.668	13.1774684030798	0
CSR1	ogdh-2	4.116	5.35216852326001	1
CSR1	ogr-2	22.104	11.8073235718123	0
CSR1	ogt-1	20.47	8.9096955719027	0
CSR1	oig-1	27.644	2.34248642491212	0
CSR1	oig-2	25.148	6.54447174728995	0
CSR1	oig-3	21.272	13.6606121062345	0
CSR1	oig-4	25.454	11.3847193232907	0
CSR1	oig-5	18.496	2.44691546483573	0
CSR1	oig-8	25.228	3.57949015248751	0
CSR1	ola-1	22.18	19.6169785901118	0
CSR1	old-1	14.024	2.41580128044478	0
CSR1	old-2	7.744	3.40257916471714	0
CSR1	olrn-1	26.786	6.40907665836615	0
CSR1	oma-1	23.476	11.5202049531188	0
CSR1	oma-2	10.79	20.4515015621823	0
CSR1	ooc-3	24.724	7.65960527645208	0
CSR1	ooc-5	20.78	11.276600669214	0
CSR1	oops-1	24.014	2.54506124413156	0
CSR1	ops-1	15.766	2.17492960901651	0
CSR1	ora-1	26.266	3.22418642431932	0
CSR1	orai-1	21.47	9.77498867087765	0
CSR1	orc-1	5.672	3.31105585977631	0
CSR1	orc-2	27.578	2.76646283903911	0
CSR1	orc-3	28.098	6.72110739797286	0
CSR1	orc-4	28.864	1.77547945400502	0
CSR1	orc-5	27.43	5.77532522006937	0
CSR1	osg-1	6.048	2.73792749275293	0
CSR1	osgl-1	28.574	1.8047316153659	0
CSR1	osm-1	28.448	5.78423764073132	0
CSR1	osm-10	25.824	7.50747964713913	0
CSR1	osm-11	21.256	2.92489353104601	0
CSR1	osm-12	23.426	25.6199582380673	0
CSR1	osm-3	27.48	5.06116854812609	0
CSR1	osm-5	23.162	7.94553612096359	0
CSR1	osm-6	20.676	15.884897608642	0
CSR1	osm-7	23.912	10.6547660183868	0
CSR1	osm-8	22.666	10.0916046530407	0
CSR1	osm-9	27.002	3.83026634863153	0
CSR1	osp-1	25.784	9.8890404415405	0
CSR1	osr-1	14.114	3.31211509345789	0
CSR1	ost-1	7.024	4.39802768658002	0
CSR1	osta-1	20.112	7.68969272783511	0
CSR1	osta-2	27.362	8.38642598993512	0
CSR1	osta-3	18.288	23.1747792481272	0
CSR1	ostb-1	29.466	0.723352828306961	0
CSR1	ostd-1	28.504	1.13886773119015	0
CSR1	ostf-4	25.62	1.39726950192574	0
CSR1	otpl-1	19.786	25.8481067653242	0
CSR1	otpl-2	24.864	14.9820418954564	0
CSR1	otpl-3	25.8	6.14007808261796	0
CSR1	otpl-4	22.766	10.9781951192519	0
CSR1	otpl-5	27.822	1.33289084669937	0
CSR1	otpl-6	23.226	11.6815580633227	0
CSR1	otpl-7	24.864	3.06806372792651	0
CSR1	otpl-8	19.846	10.4561205440849	0
CSR1	otub-1	19.658	1.89226361949207	0
CSR1	otub-2	22.886	13.0160232999073	0
CSR1	otub-3	25.986	6.83504949442195	0
CSR1	otub-4	19.896	5.4182817430434	0
CSR1	oxa-1	17.22	13.2838372580627	0
CSR1	oxi-1	24.868	10.2585721521058	0
CSR1	oxy-4	24.984	5.94098000793559	0
CSR1	oxy-5	20.416	2.39697755678067	0
CSR1	paa-1	27.47	2.1151567595681	0
CSR1	pab-1	26.26	4.12969683992894	0
CSR1	pab-2	25.022	14.3446577808003	0
CSR1	pabp-2	4.66	5.38836031308572	1
CSR1	pac-1	21.99	16.7653436360158	0
CSR1	pacl-1	27.708	3.00381847678235	0
CSR1	pacs-1	20.592	5.873599595684	0
CSR1	pad-2	28.568	1.04292546751175	0
CSR1	paf-1	9.834	2.86861168706937	0
CSR1	paf-2	26.094	2.66566603662544	0
CSR1	pafo-1	21.848	4.66799128461204	0
CSR1	pag-3	21.154	7.52058902615641	0
CSR1	pah-1	18.216	5.71818034941001	0
CSR1	paic-1	21.712	18.2338880701857	0
CSR1	pak-1	24.974	10.85326507505	0
CSR1	pak-2	25.086	4.42411432998063	0
CSR1	pal-1	21.274	6.53672164575752	0
CSR1	pals-1	21.068	8.9207334504268	0
CSR1	pals-10	25.27	4.99407351474809	0
CSR1	pals-11	28.394	1.61365495128637	0
CSR1	pals-12	26.862	3.81133846556231	0
CSR1	pals-13	10.91	1.59812976848421	0
CSR1	pals-14	23.114	1.3683274060081	0
CSR1	pals-15	27.02	9.4219840992629	0
CSR1	pals-16	22.124	3.35128273549396	0
CSR1	pals-17	7.18	1.97211730619865	0
CSR1	pals-18	27.328	2.66251659196273	0
CSR1	pals-19	11.31	3.25887135172097	0
CSR1	pals-2	25.848	3.86280877580604	0
CSR1	pals-20	27.06	5.76034552400973	0
CSR1	pals-21	24.412	8.6880882929622	0
CSR1	pals-22	26.128	4.35249653736007	0
CSR1	pals-23	20.726	2.20723396012673	0
CSR1	pals-24	26.326	6.70725504999468	0
CSR1	pals-25	22.9	4.84568607307692	0
CSR1	pals-26	26.374	15.2133857096591	0
CSR1	pals-27	26.416	6.0219714090205	0
CSR1	pals-28	7.02	5.73792993194382	0
CSR1	pals-29	27.752	5.81504240709198	0
CSR1	pals-3	18.758	8.27966801127698	0
CSR1	pals-30	22.62	11.4699975325442	0
CSR1	pals-31	24.87	1.58252260990385	0
CSR1	pals-32	28.248	0.609777041126998	0
CSR1	pals-33	26.782	7.3040655619883	0
CSR1	pals-34	25.158	3.44571783616265	0
CSR1	pals-37	24.824	9.1119589761277	0
CSR1	pals-38	25.982	7.9592131692027	0
CSR1	pals-39	28.222	2.09662457702857	0
CSR1	pals-4	26.942	2.45692267241385	0
CSR1	pals-40	24.976	3.67630476981391	0
CSR1	pals-5	25.222	1.97552532193942	0
CSR1	pals-6	24.036	3.5303120939809	0
CSR1	pals-7	24.684	11.1257687696224	0
CSR1	pals-8	27.122	2.96931803765823	0
CSR1	pals-9	25.406	3.55639412857023	0
CSR1	pam-1	27.836	4.51299196261286	0
CSR1	paml-1	18.506	15.573895673863	0
CSR1	paml-2	16.698	25.0973773760846	0
CSR1	pamn-1	26.738	5.91146487454243	0
CSR1	pan-1	25.84	7.82092881058547	0
CSR1	pana-1	14.916	11.8452789971654	0
CSR1	panl-3	18.948	9.14133355312725	0
CSR1	pap-1	25.286	3.11254747216153	0
CSR1	pap-2	15.018	3.56453810630709	0
CSR1	pap-3	26.806	3.33641761711865	0
CSR1	papl-1	14.83	42.0055165938448	0
CSR1	paqr-1	18.89	7.79763464126087	0
CSR1	paqr-2	25.242	9.71620301286486	0
CSR1	paqr-3	16.346	4.04777593304936	0
CSR1	par-1	19.728	3.4886297537826	0
CSR1	par-2	12.644	47.2859538683732	0
CSR1	par-3	23.912	5.2059945699012	0
CSR1	par-4	16.88	1.16617415195673	0
CSR1	par-5	25.902	8.98061897040569	0
CSR1	par-6	4.572	5.88400542660556	1
CSR1	parg-1	24.244	12.5242374588903	0
CSR1	parg-2	26.164	2.74770255113824	0
CSR1	parn-1	27.136	7.80935308972777	0
CSR1	parn-2	27.202	2.14820360471561	0
CSR1	parp-1	28.592	3.22559988746852	0
CSR1	parp-2	5.054	4.53490781094853	0
CSR1	pars-1	26.528	8.62223415240479	0
CSR1	pars-2	23.352	13.3977606806677	0
CSR1	pas-1	4.532	2.77970406500857	1
CSR1	pas-2	17.13	40.6507027024539	0
CSR1	pas-3	23.928	13.7740575459469	0
CSR1	pas-4	24.896	16.7216152462668	0
CSR1	pas-5	22.232	19.2014499822504	0
CSR1	pas-6	24.572	8.49472426031772	0
CSR1	pas-7	25.904	4.99334441458997	0
CSR1	pash-1	12.948	1.45659643222513	0
CSR1	pat-10	25.982	1.98995450615197	0
CSR1	pat-12	14.248	2.75757634923071	0
CSR1	pat-2	16.524	9.97599000759648	0
CSR1	pat-3	25.356	11.9855618587635	0
CSR1	pat-4	23.646	3.94284466976535	0
CSR1	pat-6	23.878	20.6075368021947	0
CSR1	pat-9	11.392	6.33100526028927	0
CSR1	patr-1	11.318	7.82985355522935	0
CSR1	pax-1	12.82	2.99931886579257	0
CSR1	pax-2	17.594	7.51413156828865	0
CSR1	pax-3	22.806	5.36773227026006	0
CSR1	paxt-1	22.782	18.1040293418046	0
CSR1	pbo-1	27.87	1.84202084938565	0
CSR1	pbo-4	24.554	2.19878177671805	0
CSR1	pbo-5	21.272	5.2969826843181	0
CSR1	pbo-6	27.636	1.75142854520708	0
CSR1	pbrm-1	22.118	12.8935365711779	0
CSR1	pbs-1	18.396	4.38254713666548	0
CSR1	pbs-2	28.742	4.41049058688664	0
CSR1	pbs-3	21.962	15.2723449650184	0
CSR1	pbs-4	29.688	1.08218369447748	0
CSR1	pbs-5	24.388	1.68250424873775	0
CSR1	pbs-6	24.316	5.69391516714864	0
CSR1	pbs-7	23.246	21.6354499739489	0
CSR1	pcaf-1	28.486	1.93453515122315	0
CSR1	pcbd-1	24.466	5.94366362724002	0
CSR1	pcca-1	26.738	5.44984210139044	0
CSR1	pccb-1	28.93	1.73555343389328	0
CSR1	pcdr-1	23.806	0.482248933497981	0
CSR1	pcf-11	25.3	6.33453932631415	0
CSR1	pch-2	27.764	5.41889943911422	0
CSR1	pck-1	28.208	4.56418925276042	0
CSR1	pck-2	26.83	2.12922293646986	0
CSR1	pck-3	27.214	0.962641585508711	0
CSR1	pcm-1	22.734	2.18092928893652	0
CSR1	pcmd-1	17.13	15.1112184391459	0
CSR1	pcn-1	29.274	1.72188115073016	0
CSR1	pcp-1	28.796	2.06028276056281	0
CSR1	pcp-2	27.202	2.58714145452476	0
CSR1	pcp-3	28.96	1.63336394409742	0
CSR1	pcp-4	27.678	4.77168922387344	0
CSR1	pcp-5	16.33	4.84546730121208	0
CSR1	pcrg-1	25.452	7.64914968175497	0
CSR1	pcs-1	26.864	4.0843309089816	0
CSR1	pct-1	19.284	4.03358610141328	0
CSR1	pcyt-2.1	27.66	2.13365678664924	0
CSR1	pcyt-2.2	22.524	14.3633875925736	0
CSR1	pdcd-2	24.246	9.06886107289838	0
CSR1	pde-1	10.952	3.39769515562998	0
CSR1	pde-12	26.706	7.01470557776162	0
CSR1	pde-2	23.582	16.090377253549	0
CSR1	pde-3	21.676	2.13181889748917	0
CSR1	pde-4	24.332	3.46230811894348	0
CSR1	pde-5	21.646	12.6304026459516	0
CSR1	pde-6	24.17	8.65064570393944	0
CSR1	pdf-1	13.854	58.774137468797	0
CSR1	pdf-2	23.618	5.75391295001384	0
CSR1	pdfr-1	21.408	2.99289212844567	0
CSR1	pdha-1	26.35	6.96898617623236	0
CSR1	pdhb-1	27.972	1.62444480404512	0
CSR1	pdhk-2	22.928	5.35391806148716	0
CSR1	pdi-1	26.55	8.62062887374714	0
CSR1	pdi-2	22.218	24.750926478866	0
CSR1	pdi-3	28.204	2.59551216269587	0
CSR1	pdi-6	8.706	1.89715808151275	0
CSR1	pdk-1	27.534	3.89869378900865	0
CSR1	pdl-1	26.764	4.68839774827107	0
CSR1	pdp-1	23.19	4.64488579025754	0
CSR1	pdpr-1	24.192	13.8323489640688	0
CSR1	pdr-1	25.806	5.928828427646	0
CSR1	pdtf-1	20.146	11.1135461862846	0
CSR1	pdxk-1	23.662	2.19993148673903	0
CSR1	pdzd-8	18.466	17.7656180584045	0
CSR1	peb-1	24.046	9.96442093215824	0
CSR1	peel-1	28.516	2.59983992422751	0
CSR1	pef-1	18.406	11.0737239159128	0
CSR1	pei-1	24.65	7.64654767178082	0
CSR1	pei-2	23.078	17.0324135032192	0
CSR1	pek-1	23.44	9.05969988173668	0
CSR1	peli-1	19.772	17.6213962518728	0
CSR1	pelo-1	24.538	9.81487884426197	0
CSR1	pen-2	26.762	3.036512696419	0
CSR1	penr-1	17.132	22.6341107302126	0
CSR1	pepm-1	27.314	4.28653619321523	0
CSR1	pept-1	22.628	4.83094764754746	0
CSR1	pept-2	13.87	3.60922595840918	0
CSR1	pept-3	29.6	3.15937088054684	0
CSR1	perm-1	23.978	5.64415334947494	0
CSR1	perm-2	22.42	3.85693751086538	0
CSR1	perm-3	24.572	4.60506450514717	0
CSR1	perm-4	19.326	10.5050420325195	0
CSR1	perm-5	25.358	2.87071552420912	0
CSR1	pes-1	24.398	15.8031837587517	0
CSR1	pes-10	20.328	4.71529372485185	0
CSR1	pes-2.1	27.874	2.97753401110011	0
CSR1	pes-23	25.156	3.18420298206187	0
CSR1	pes-4	18.278	24.7372426482346	0
CSR1	pes-5	20.18	2.62963313407762	0
CSR1	pes-7	28.268	5.78105232664681	0
CSR1	pes-8	20.798	5.50091555319741	0
CSR1	pes-9	20.142	4.44482421608614	0
CSR1	pfas-1	29.118	2.7208471449609	0
CSR1	pfd-1	23.798	8.45598093350285	0
CSR1	pfd-2	25.346	5.37780738426395	0
CSR1	pfd-3	20.2	21.3399643629473	0
CSR1	pfd-4	23.484	1.45641028365251	0
CSR1	pfd-5	24.61	3.33210275188186	0
CSR1	pfd-6	26.688	5.98778721028209	0
CSR1	pfk-1.1	27.158	6.64521589428738	0
CSR1	pfk-1.2	28.466	2.21352900356968	0
CSR1	pfkb-1.1	24.012	7.22032526451239	0
CSR1	pfkb-1.2	28.45	1.05886610414004	0
CSR1	pfn-1	24.68	11.1034008284375	0
CSR1	pfn-2	26.666	9.08976621761279	0
CSR1	pfn-3	16.21	0.718102820902084	0
CSR1	pfs-2	22.668	20.2237179295979	0
CSR1	pfut-1	14.48	36.4741583701207	0
CSR1	pgal-1	24.606	9.17159704457624	0
CSR1	pgam-5	27.214	11.541531152551	0
CSR1	pgap-1	24.438	1.98627975155226	0
CSR1	pgap-2	3.748	2.75602166672715	1
CSR1	pgap-3	3.818	2.6542956647791	1
CSR1	pges-2	25.704	13.4033201047629	0
CSR1	pghm-1	26.894	3.33173091981097	0
CSR1	pgk-1	29.216	2.06129926154021	0
CSR1	pgl-1	19.124	3.07349648260957	0
CSR1	pgl-2	19.71	3.82961876623152	0
CSR1	pgl-3	12.884	3.60833466500899	0
CSR1	pgm-1	27.828	4.68000473985487	0
CSR1	pgm-2	26.97	11.92329043322	0
CSR1	pgm-3	2.984	2.6344831108624	1
CSR1	pgph-1	8.024	5.13287172543325	0
CSR1	pgph-2	28.694	4.82755417276623	0
CSR1	pgph-3	24.948	6.8878935783391	0
CSR1	pgrn-1	22.526	13.3930743589556	0
CSR1	pgs-1	15.35	5.61716916403577	0
CSR1	pha-1	26.714	4.0019429621733	0
CSR1	pha-2	21.22	11.1233804200059	0
CSR1	pha-4	16.69	13.1356437007222	0
CSR1	phac-1	15.596	11.8391710033282	0
CSR1	phat-1	20.862	10.1791526037785	0
CSR1	phat-2	16.834	3.13001107125059	0
CSR1	phat-3	25.676	3.98236334953255	0
CSR1	phat-4	25.774	5.45033927167077	0
CSR1	phat-5	26.474	4.02911425675313	0
CSR1	phat-6	26.678	3.57392467337419	0
CSR1	phat-7	14.624	4.3596679466173	0
CSR1	phat-8	21.44	16.8817512670026	0
CSR1	phb-1	23.656	3.94638870106735	0
CSR1	phb-2	19.94	18.4297620677554	0
CSR1	phdh-1	28.754	4.65194763358862	0
CSR1	phf-10	26.724	6.39286447764788	0
CSR1	phf-14	20.278	0.702104498479709	0
CSR1	phf-15	24.118	8.68971825459299	0
CSR1	phf-30	22.56	14.8400587899642	0
CSR1	phf-31	14.352	18.8761755122668	0
CSR1	phf-32	24.714	9.25953382132833	0
CSR1	phf-33	24.742	15.8661563821111	0
CSR1	phf-34	17.332	1.58765677972445	0
CSR1	phf-5	11.876	2.69556227345461	0
CSR1	phg-1	20.684	22.8020639508521	0
CSR1	phip-1	29.164	2.46004273125707	0
CSR1	phlp-2	29.174	2.64984344664131	0
CSR1	phm-2	21.502	13.2768938523222	0
CSR1	pho-1	27.208	4.27384757506768	0
CSR1	pho-10	24.65	6.61257606490872	0
CSR1	pho-11	25.91	4.47645360138822	0
CSR1	pho-12	28.874	1.51569372348597	0
CSR1	pho-13	28.824	1.26156824803306	0
CSR1	pho-14	27.922	5.93197930788926	0
CSR1	pho-4	23.14	17.3421196360729	0
CSR1	pho-5	18.704	29.1287478643242	0
CSR1	pho-6	27.528	2.04002518700027	0
CSR1	pho-7	23.708	4.19126427141051	0
CSR1	pho-8	28.986	1.37751626404759	0
CSR1	pho-9	20.95	19.169239508574	0
CSR1	php-3	23.64	7.2578281075372	0
CSR1	phy-2	27.316	2.75764935056875	0
CSR1	phy-3	11.832	39.0662864186169	0
CSR1	phy-4	24.172	15.6635829160985	0
CSR1	phyh-1	26.568	4.67791110225803	0
CSR1	picc-1	20.002	2.37289355406642	0
CSR1	picd-1	24.988	9.74676857372947	0
CSR1	pid-1	23.196	10.8884892397067	0
CSR1	pid-2	24.87	3.17358993283681	0
CSR1	pid-3	24.158	12.0412317330477	0
CSR1	pid-4	23.812	12.3159450793975	0
CSR1	pid-5	27.798	14.3412475282734	0
CSR1	pie-1	4.27	3.60153547991328	1
CSR1	pif-1	21.212	13.0850161710295	0
CSR1	pifk-1	19.888	20.6354696924632	0
CSR1	pig-1	21.154	26.4264800837997	0
CSR1	piga-1	28.668	1.69929889121161	0
CSR1	pigb-1	27.262	5.32725182577801	0
CSR1	pigc-1	26.228	4.28260197817455	0
CSR1	pigg-1	28.992	0.912384210678037	0
CSR1	pigk-1	22.4	14.2968706437486	0
CSR1	pigl-1	27.226	16.8479304692688	0
CSR1	pigm-1	23.348	1.68905362944886	0
CSR1	pign-1	27.096	1.74779338004173	0
CSR1	pigo-1	28.884	1.99614814028778	0
CSR1	pigq-1	27.122	1.74218180827566	0
CSR1	pigs-1	27.444	1.85772229300144	0
CSR1	pigt-1	30.282	0.684140501292047	0
CSR1	pigu-1	26.944	2.22461289971654	0
CSR1	pigv-1	22.304	5.54765051317881	0
CSR1	pigw-1	26.672	1.94462874769202	0
CSR1	pigx-1	24.198	0.959611556241008	0
CSR1	piit-1	24.072	4.16948419446895	0
CSR1	pik-1	11.14	3.55797507766722	0
CSR1	piki-1	27.526	11.9202867909261	0
CSR1	pin-2	22.664	8.82140121449102	0
CSR1	pink-1	28.004	4.74922755302876	0
CSR1	pinn-1	23.452	12.9666229865002	0
CSR1	pinn-4	27.472	3.68757225792944	0
CSR1	pipp-4p	24.062	7.81272933859864	0
CSR1	pir-1	28.152	5.9461790956509	0
CSR1	pis-1	27.796	1.8615136107991	0
CSR1	pisy-1	27.704	0.582923165988631	0
CSR1	pitp-1	26.812	1.71795893084492	0
CSR1	pitr-1	26.504	4.74842644043082	0
CSR1	pitr-2	26.124	7.68047430981994	0
CSR1	pitr-3	23.864	13.7157003207338	0
CSR1	pitr-4	21.84	18.9742562172815	0
CSR1	pitr-5	26.306	9.71447642456327	0
CSR1	pitr-6	7.102	2.16858612314035	0
CSR1	pix-1	25.182	6.54070063166875	0
CSR1	pkal-1	28.088	3.35545702447512	0
CSR1	pkc-1	25.364	10.5779411954849	0
CSR1	pkc-2	20.626	8.76793607707925	0
CSR1	pkc-3	20.882	19.4301756150606	0
CSR1	pkd-2	25.228	15.8523611724812	0
CSR1	pkg-2	27.662	2.87964585641601	0
CSR1	pkhm-2	9.592	1.69616384070198	0
CSR1	pkn-1	25.982	5.37860496106183	0
CSR1	plag-15	18.672	3.3815509813179	0
CSR1	plc-1	25.486	13.3329983875664	0
CSR1	plc-2	24.36	8.65925963894536	0
CSR1	plc-3	26.402	9.10084316067877	0
CSR1	plc-4	27.164	1.45694699541736	0
CSR1	pld-1	23.9	17.8127971026672	0
CSR1	plep-1	26.916	1.95300564634704	0
CSR1	plin-1	6.728	8.15070497453113	0
CSR1	plk-1	6.17	3.31163966640235	0
CSR1	plk-2	12.01	3.96313645538794	0
CSR1	plk-3	28.918	1.53531358190875	0
CSR1	pll-1	29.194	2.20511878646902	0
CSR1	plp-1	20.918	15.4933086804475	0
CSR1	plp-2	26.558	6.20461934636635	0
CSR1	plpp-1.1	23.338	7.65212416440934	0
CSR1	plpp-1.2	21.656	4.52808393057245	0
CSR1	plpp-1.3	27.678	3.64976931754686	0
CSR1	plpr-1	24.628	7.51700804088997	0
CSR1	plr-1	25.732	9.64792271165805	0
CSR1	plrg-1	19.918	6.24708796618012	0
CSR1	plst-1	26.516	10.3187008714162	0
CSR1	plx-1	28.604	6.12569190236934	0
CSR1	plx-2	24.708	15.9006655257125	0
CSR1	pmk-1	25.534	6.6830023113359	0
CSR1	pmk-2	19.734	32.6010779183413	0
CSR1	pmk-3	24.74	13.1413771627097	0
CSR1	pmlr-1	18.882	11.9736632258217	0
CSR1	pmp-1	29.846	0.938029496201493	0
CSR1	pmp-2	27.114	6.50339026905059	0
CSR1	pmp-3	27.522	3.91541015685685	0
CSR1	pmp-4	27.148	11.5395519788353	0
CSR1	pmp-5	28.732	3.91076639938609	0
CSR1	pmpl-1	29.332	0.781676961637003	0
CSR1	pmr-1	20.644	31.8237272401192	0
CSR1	pms-2	26.1	10.0687220414121	0
CSR1	pmt-1	28.464	3.70411275741862	0
CSR1	pmt-2	29.642	1.39002615272207	0
CSR1	pnc-1	27.164	2.96612086559542	0
CSR1	pnc-2	13.474	3.60796972343006	0
CSR1	png-1	28.03	7.29246096586864	0
CSR1	pnk-1	26.042	11.5978403608816	0
CSR1	pnk-4	29.938	1.06950178736229	0
CSR1	pnn-1	5.488	2.38417306615104	0
CSR1	pno-1	21.638	7.49576684868125	0
CSR1	pnp-1	23.516	3.56653911679885	0
CSR1	pod-1	22.334	1.33898312461359	0
CSR1	pod-2	25.04	15.9288236447373	0
CSR1	pola-1	13.836	3.97566292617048	0
CSR1	pole-1	22.158	1.81264830237803	0
CSR1	pole-2	25.186	9.83547082604803	0
CSR1	pole-4	14.472	2.17656207429574	0
CSR1	polg-1	29.636	0.876857031140077	0
CSR1	polh-1	21.06	11.3417710456878	0
CSR1	polk-1	21.322	10.2885951561898	0
CSR1	polq-1	28.346	4.47218962059518	0
CSR1	poml-1	24.754	4.52493606635378	0
CSR1	poml-2	29.214	2.6789996514931	0
CSR1	poml-3	28.604	3.23268886325396	0
CSR1	poml-4	29.73	2.08638477579569	0
CSR1	pop-1	20.988	4.05433118089568	0
CSR1	popl-1	27.096	4.12541990920578	0
CSR1	popl-4	26.912	5.57157856139473	0
CSR1	popl-5	28.978	2.11511920861636	0
CSR1	popl-7	28.412	4.1473094786399	0
CSR1	pos-1	24.26	9.53722487043128	0
CSR1	pot-1	26.668	7.62104536442046	0
CSR1	pot-2	17.816	4.37351522307941	0
CSR1	pot-3	26.164	7.04794942628523	0
CSR1	ppat-1	26.508	4.6000180684815	0
CSR1	ppfr-1	21.742	4.9086965296844	0
CSR1	ppfr-2	19.402	3.6454884767054	0
CSR1	ppfr-4	14.084	34.5918958991273	0
CSR1	ppgn-1	14.28	2.41774180695127	0
CSR1	pph-1	26.886	6.3172256666568	0
CSR1	pph-2	26.532	7.59978690286709	0
CSR1	pph-4.1	25.808	6.58912162333482	0
CSR1	pph-4.2	25.194	11.075473589537	0
CSR1	pph-5	28.814	2.50523603781999	0
CSR1	pph-6	21.512	4.52172137260628	0
CSR1	pph-7	24.206	13.5048965483161	0
CSR1	ppk-1	19.164	16.1331664399924	0
CSR1	ppk-2	24.978	15.1927345470041	0
CSR1	ppk-3	24.436	3.27853549502493	0
CSR1	ppm-1.A	24.346	9.1218060573889	0
CSR1	ppm-1.G	13.728	2.13831053663564	0
CSR1	ppm-1.d	22.67	5.10918833178606	0
CSR1	ppm-1.h	25.338	5.58727907286721	0
CSR1	ppm-2	4.946	5.29473987289815	1
CSR1	pps-1	26.682	0.841556039009928	0
CSR1	ppt-1	27.834	5.70868589442347	0
CSR1	pptr-1	23.624	8.84139425000892	0
CSR1	pptr-2	25.356	7.30460443694259	0
CSR1	ppw-1	27.014	5.59389699701326	0
CSR1	ppw-2	28.406	3.94421174493659	0
CSR1	pqbp-1.1	7.508	7.97892372435479	0
CSR1	pqe-1	20.304	2.1162624695396	0
CSR1	pqm-1	11.698	4.43590634297218	0
CSR1	pqn-10	15.788	30.7255210837848	0
CSR1	pqn-13	22.546	0.81579585849549	0
CSR1	pqn-15	26.326	2.2901049355656	0
CSR1	pqn-16	17.054	3.53933123044496	0
CSR1	pqn-18	12.488	2.47163987202092	0
CSR1	pqn-2	15.014	4.41065656622801	0
CSR1	pqn-20	22.46	5.3366133299564	0
CSR1	pqn-21	16.976	4.65150305193752	0
CSR1	pqn-22	9.934	5.10548086948427	0
CSR1	pqn-24	24.39	5.90185200879008	0
CSR1	pqn-25	24.426	8.35775468813549	0
CSR1	pqn-26	17.828	22.7375073264993	0
CSR1	pqn-27	18	6.11603337119173	0
CSR1	pqn-29	17.48	3.74484618971468	0
CSR1	pqn-31	6.964	160.11272575255	0
CSR1	pqn-32	20.912	8.4978376512217	0
CSR1	pqn-35	15.032	18.3472913076264	0
CSR1	pqn-36	22.4	2.94541378628691	0
CSR1	pqn-37	25.746	2.63941569459057	0
CSR1	pqn-39	5.584	3.08522284632636	0
CSR1	pqn-41	27.684	3.16460011246141	0
CSR1	pqn-42	12.804	3.5656150057379	0
CSR1	pqn-48	21.442	14.9760076263781	0
CSR1	pqn-51	18.568	6.38784161631029	0
CSR1	pqn-52	19.712	2.0485961166001	0
CSR1	pqn-53	21.452	6.81892256823984	0
CSR1	pqn-54	19.084	12.8920620271054	0
CSR1	pqn-57	10.534	3.97441184278557	0
CSR1	pqn-59	21.258	9.44123477285604	0
CSR1	pqn-62	24.038	5.11997510203968	0
CSR1	pqn-63	7.33	6.32579706377606	0
CSR1	pqn-65	23.154	4.05294499013332	0
CSR1	pqn-67	18.276	5.57486381262699	0
CSR1	pqn-68	27.458	1.79610094507351	0
CSR1	pqn-70	19.67	16.74215735366	0
CSR1	pqn-71	12.268	3.48003674404214	0
CSR1	pqn-72	2.772	2.59389293106025	1
CSR1	pqn-73	18.058	7.1499129853546	0
CSR1	pqn-74	24.262	12.4169902067464	0
CSR1	pqn-75	24.952	9.83047580997972	0
CSR1	pqn-78	3.044	2.63427335042437	1
CSR1	pqn-79	2.55	1.90105092447699	1
CSR1	pqn-8	20.75	3.72863829086934	0
CSR1	pqn-80	19.466	8.9701678315396	0
CSR1	pqn-82	17.06	17.4170862239229	0
CSR1	pqn-83	15.828	21.6874612328156	0
CSR1	pqn-84	17.79	2.15883804043525	0
CSR1	pqn-87	21.908	3.17398221617073	0
CSR1	pqn-88	17.762	18.5865536867624	0
CSR1	pqn-89	8.18	1.92324360911397	0
CSR1	pqn-90	3.174	0.614164735022618	1
CSR1	pqn-91	2.638	2.18420929353874	1
CSR1	pqn-92	19.452	7.34481136798184	0
CSR1	pqn-94	18.356	7.88574963922645	0
CSR1	pqn-96	8.236	9.85044845333323	0
CSR1	pqn-97	21.882	8.98677778507892	0
CSR1	pqn-98	24.408	11.2630874973049	0
CSR1	praf-3	22.34	6.87243184138872	0
CSR1	prcc-1	18.548	3.94613412929309	0
CSR1	prde-1	25.616	3.264131560121	0
CSR1	prdh-1	27.464	7.02816419286992	0
CSR1	prdm-14	15.524	4.8281360880032	0
CSR1	prdx-2	25.418	13.6504219406969	0
CSR1	prdx-3	16.51	2.49733835591621	0
CSR1	prdx-6	28.332	4.23184463283825	0
CSR1	prel-1	6.178	1.88556722155047	0
CSR1	prel-3	21.372	3.10272256476599	0
CSR1	prg-1	22.198	18.2911953645657	0
CSR1	prhg-1	11.79	69.5185232505973	0
CSR1	pri-1	27.408	3.0699413736093	0
CSR1	pri-2	26.604	3.20368602295457	0
CSR1	prk-1	22.814	2.12319720148905	0
CSR1	prk-2	23.252	8.30578550628742	0
CSR1	prkl-1	21.264	1.82550422389151	0
CSR1	prmn-1	8.738	5.2782763176793	0
CSR1	prmt-1	22.486	9.51877829481611	0
CSR1	prmt-4	24.25	11.4780747709004	0
CSR1	prmt-5	6.066	7.35179095663369	0
CSR1	prmt-6	28.352	1.79542292949685	0
CSR1	prmt-7	27.338	2.95209594296526	0
CSR1	prmt-9	28.49	2.70896331498918	0
CSR1	pro-1	21.99	4.10084595455953	0
CSR1	pro-2	25.63	10.7644594318374	0
CSR1	pro-3	22.942	22.7423260465225	0
CSR1	prom-1	21.408	1.93370981802541	0
CSR1	pros-1	20.87	4.58453049037033	0
CSR1	prp-17	26.166	9.99724967112149	0
CSR1	prp-18	21.29	8.18020379429259	0
CSR1	prp-19	25.622	4.59112300598698	0
CSR1	prp-21	20.244	13.9125518384133	0
CSR1	prp-3	22.99	28.9505790598435	0
CSR1	prp-31	17.708	7.43609645934144	0
CSR1	prp-38	27.376	4.97373371536601	0
CSR1	prp-39	25.476	10.4629650354106	0
CSR1	prp-4	24.936	7.95462372661013	0
CSR1	prp-6	20.036	7.13319062345195	0
CSR1	prp-9	18.204	10.0478265170964	0
CSR1	prpf-4	21.03	4.82087196483383	0
CSR1	prps-1	17.884	17.5657651718928	0
CSR1	prx-1	29.244	2.56378502515738	0
CSR1	prx-11	28.444	2.62155179154732	0
CSR1	prx-12	13.014	1.70145373394633	0
CSR1	prx-13	7.03	2.27151058643973	0
CSR1	prx-14	21.988	4.15288997899055	0
CSR1	prx-19	3.442	1.63575691577679	1
CSR1	prx-2	25.78	3.91401936264643	0
CSR1	prx-3	18.7	4.22341417083725	0
CSR1	prx-5	12.212	1.74900416964904	0
CSR1	prx-6	27.442	2.47009024312785	0
CSR1	pry-1	24.454	2.24309027430785	0
CSR1	psa-3	19.06	8.96560671002129	0
CSR1	psd-1	26.842	2.45224827407284	0
CSR1	psf-1	18.09	9.12951682721421	0
CSR1	psf-2	21.592	20.2212284918747	0
CSR1	psf-3	26.252	10.4524911387116	0
CSR1	psmd-9	23.804	8.51154159965132	0
CSR1	psme-3	23.682	13.7753886537239	0
CSR1	psr-1	20.51	10.1087593265536	0
CSR1	pssy-1	21.962	2.71436654508322	0
CSR1	pssy-2	20.29	2.92324940883922	0
CSR1	pst-1	17.572	12.10085984652	0
CSR1	pst-2	22.644	2.37050618832238	0
CSR1	pstk-1	27.2	6.23912332129596	0
CSR1	ptb-1	4.358	5.65662504772621	1
CSR1	ptc-1	22.994	5.36991861274206	0
CSR1	ptc-3	21.356	11.5385335793288	0
CSR1	ptd-2	24.762	2.641310407482	0
CSR1	ptl-1	13.356	22.1743737630332	0
CSR1	ptp-1	25.978	3.25422115117853	0
CSR1	ptp-10	24.082	7.32076282359586	0
CSR1	ptp-2	28.542	1.29121172560584	0
CSR1	ptp-3	24.022	3.88066115287746	0
CSR1	ptp-4	26.426	9.13246103394482	0
CSR1	ptp-4a2	14.288	1.86976233434153	0
CSR1	ptp-5.1	17.782	40.771128492558	0
CSR1	ptp-5.2	20.412	24.7501789734582	0
CSR1	ptp-5.3	21.856	18.6030661021185	0
CSR1	ptp-8	19.53	2.53158653749774	0
CSR1	ptpn-22	19.96	1.52332623201511	0
CSR1	ptps-1	27.944	2.67493000739101	0
CSR1	ptr-1	27.666	2.48663878695799	0
CSR1	ptr-10	25.734	8.71075002332317	0
CSR1	ptr-11	28	2.7634180993539	0
CSR1	ptr-12	24.474	4.95831933042898	0
CSR1	ptr-13	28.938	2.55069193296311	0
CSR1	ptr-14	25.132	9.80949987340066	0
CSR1	ptr-15	8.796	3.53311993201772	0
CSR1	ptr-16	18.894	2.17019468473429	0
CSR1	ptr-17	27.302	3.88296590301243	0
CSR1	ptr-18	26.77	8.92110281193604	0
CSR1	ptr-19	27.148	3.94225343697363	0
CSR1	ptr-2	27.65	3.70621434534394	0
CSR1	ptr-20	24.5	1.03901404582513	0
CSR1	ptr-21	24.07	5.08631198935737	0
CSR1	ptr-22	23.562	4.45141422133048	0
CSR1	ptr-23	21.636	5.87008310256564	0
CSR1	ptr-24	23.732	16.7128687935512	0
CSR1	ptr-25	22.47	1.83466810946362	0
CSR1	ptr-3	21.3	3.55430379230492	0
CSR1	ptr-4	17.976	2.57181475408255	0
CSR1	ptr-5	28.366	7.95263175259867	0
CSR1	ptr-6	26.262	3.27241243680425	0
CSR1	ptr-8	22.442	7.85094045372505	0
CSR1	ptr-9	26.978	5.88146259923317	0
CSR1	ptrn-1	24.016	4.0090938184987	0
CSR1	pud-1.2	23.826	19.2568857336522	0
CSR1	pud-2.1	27.298	4.54839149254225	0
CSR1	pud-3	27.79	3.57440712657944	0
CSR1	pud-4	26.514	7.44421954612811	0
CSR1	pudl-1	28.028	5.68356963626136	0
CSR1	pudl-2	24.818	10.8975931178082	0
CSR1	puf-11	27.63	3.44000566839072	0
CSR1	puf-12	22.226	10.3406871519288	0
CSR1	puf-3	14.41	35.5031865847085	0
CSR1	puf-5	14.214	42.1336688820966	0
CSR1	puf-6	10.21	75.6771059117113	0
CSR1	puf-7	22.658	5.7564175054601	0
CSR1	puf-8	22.502	14.3448656043979	0
CSR1	puf-9	14.808	4.98688447160254	0
CSR1	pugs-1	19.392	6.80579767298059	0
CSR1	pugs-10	23.104	5.46043272368093	0
CSR1	pugs-11	16.226	17.7369610814303	0
CSR1	pugs-2	14.414	22.0133214762007	0
CSR1	pugs-3	18.172	5.52307575722193	0
CSR1	pugs-4	21.872	1.76050858231305	0
CSR1	pugs-5	13.692	35.8073405642316	0
CSR1	pugs-6	27.972	2.62798024037537	0
CSR1	pugs-7	11.97	5.81414022215368	0
CSR1	pugs-8	22.414	1.19864084111206	0
CSR1	pugs-9	20.04	5.69660556252583	0
CSR1	pup-2	27.598	4.50004311075196	0
CSR1	pup-3	25.818	10.1335864787579	0
CSR1	pus-1	26.408	1.21836277202001	0
CSR1	pvf-1	26.49	3.90042700038199	0
CSR1	pwp-1	21.134	8.57188502606884	0
CSR1	pxd-1	22.18	9.04757035907641	0
CSR1	pxf-1	17.302	18.7677833336136	0
CSR1	pxl-1	24.46	9.82585378670868	0
CSR1	pxmp-4	25.916	3.50886292494112	0
CSR1	pxn-1	20.11	12.7633997833012	0
CSR1	pxn-2	28.516	1.61038267791457	0
CSR1	pyc-1	24.656	17.8008295948775	0
CSR1	pycr-1	26.106	14.2071257161488	0
CSR1	pycr-4	28.326	2.80673088484944	0
CSR1	pygl-1	25.39	17.1877582306331	0
CSR1	pygo-1	21.642	4.8062927151143	0
CSR1	pyk-1	21.546	6.0622388082483	0
CSR1	pyk-2	29.258	2.17261947541063	0
CSR1	pyp-1	20.816	7.94198189781092	0
CSR1	pyr-1	23.78	21.7301176947019	0
CSR1	pyt-1	22.932	4.9460431220632	0
CSR1	pzf-1	28.196	2.39567673051704	0
CSR1	pzls-1	19.446	6.18106149118529	0
CSR1	qars-1	29.206	1.6931443786186	0
CSR1	qdpr-1	27.372	2.38847603806698	0
CSR1	qns-1	30.13	0.387763738650776	0
CSR1	qua-1	21.674	5.08239359407313	0
CSR1	qui-1	29.876	0.825876048375479	0
CSR1	rab-1	22.45	17.0049465888908	0
CSR1	rab-10	22.594	2.10002063056298	0
CSR1	rab-11.1	22.342	10.2376481337233	0
CSR1	rab-11.2	25.69	12.5279838951006	0
CSR1	rab-14	25.264	10.0721099172783	0
CSR1	rab-18	22.144	28.7679692449322	0
CSR1	rab-19	21.05	15.3468078707882	0
CSR1	rab-21	23.634	7.71491530616743	0
CSR1	rab-28	20.648	3.61019353067524	0
CSR1	rab-3	26.86	6.25841995606079	0
CSR1	rab-30	24.756	9.68584659881718	0
CSR1	rab-33	18.266	25.9431697071105	0
CSR1	rab-35	19.232	1.49864115530059	0
CSR1	rab-37	24.514	8.07581187650922	0
CSR1	rab-39	23.75	1.91544242084956	0
CSR1	rab-5	25.868	1.367688747537	0
CSR1	rab-6.1	19.038	2.03549606854364	0
CSR1	rab-6.2	21.964	4.04934744701277	0
CSR1	rab-7	11.772	12.2529570896537	0
CSR1	rab-8	20.884	15.6330285314582	0
CSR1	rabi-1	17.224	14.4051023049483	0
CSR1	rabn-5	26.76	8.56794526441247	0
CSR1	rabr-1	24.87	4.94759706824393	0
CSR1	rabr-2	21.628	15.807473861204	0
CSR1	rabr-3	23.388	19.6000811167589	0
CSR1	rabr-4	24.048	10.4211021256563	0
CSR1	rabs-5	21.002	10.8536757347842	0
CSR1	rabx-5	24.814	9.09636902816353	0
CSR1	rac-2	22.186	22.2026668938407	0
CSR1	rack-1	28.61	1.48498048138749	0
CSR1	rad-23	16.646	9.5108186282459	0
CSR1	rad-50	29.57	1.22936900434856	0
CSR1	rad-51	24.294	3.59265700032528	0
CSR1	rad-54.b	21.608	8.98789581913078	0
CSR1	rad-54.l	24.522	4.07505400947954	0
CSR1	rad-54.l2	17.404	1.34910242093076	0
CSR1	rad-8	26.622	11.0417217822215	0
CSR1	rae-1	26.2	4.80681210089146	0
CSR1	raga-1	24.662	9.45809965681656	0
CSR1	ragc-1	13.92	1.31781151780489	0
CSR1	ral-1	22.626	2.99816884599267	0
CSR1	ram-2	20.544	9.38763309855463	0
CSR1	ram-5	19.494	22.7123620296552	0
CSR1	ran-1	10.532	2.92913362420219	0
CSR1	ran-2	18.618	5.58591458171159	0
CSR1	ran-3	16.018	4.13674349719594	0
CSR1	ran-4	28.006	1.21339528526428	0
CSR1	ran-5	16.268	3.72223274663545	0
CSR1	rap-1	18.938	3.48833519930386	0
CSR1	rap-2	21.424	0.402340588863144	0
CSR1	rap-3	24.916	1.0108088449391	0
CSR1	rars-1	27.792	4.1024836972976	0
CSR1	rars-2	8.582	6.8040825590867	0
CSR1	ras-1	17.046	6.04355537665182	0
CSR1	ras-2	10.194	3.52644441638555	0
CSR1	rba-1	27.352	8.96853459441243	0
CSR1	rbbp-5	25.932	14.6986319965323	0
CSR1	rbc-2	8.816	4.03084135020312	0
CSR1	rbd-1	24.854	18.516014445314	0
CSR1	rbf-1	13.402	12.8990720829644	0
CSR1	rbg-1	9.118	2.41828726810537	0
CSR1	rbg-2	24.246	12.1135215407032	0
CSR1	rbg-3	17.832	1.79513995241347	0
CSR1	rbm-12	19.6	1.25752627998635	0
CSR1	rbm-17	8.004	5.22471965564623	0
CSR1	rbm-22	21.944	10.6691337813599	0
CSR1	rbm-25	20.76	4.03173723440899	0
CSR1	rbm-26	20.262	7.25020777613068	0
CSR1	rbm-28	24.114	7.07654395859878	0
CSR1	rbm-3.1	27.524	2.26493953279637	0
CSR1	rbm-3.2	27.246	4.83616239494151	0
CSR1	rbm-34	9.098	73.290582595297	0
CSR1	rbm-39	18.856	23.5508408933866	0
CSR1	rbm-42	13.504	3.17415118393433	0
CSR1	rbm-5	19.438	9.65489185977888	0
CSR1	rbm-7	9.422	2.95885236454304	0
CSR1	rbmx-2	20.946	12.1787295105782	0
CSR1	rbpl-1	15.234	16.5065206015679	0
CSR1	rbr-2	20.058	0.787810281189682	0
CSR1	rbx-1	7.51	4.82126950472215	0
CSR1	rbx-2	12.888	9.30264213266408	0
CSR1	rcan-1	17.26	6.49467967906895	0
CSR1	rcat-1	21.764	6.77530741457111	0
CSR1	rcd-1	18.218	4.67803324453175	0
CSR1	rcor-1	26.41	10.7957171194118	0
CSR1	rcq-5	19.1	1.55180631783026	0
CSR1	rcs-1	28.536	2.02928529418659	0
CSR1	rde-1	28.192	1.43107137558187	0
CSR1	rde-10	21.852	5.25146239794883	0
CSR1	rde-11	27.57	1.644654921836	0
CSR1	rde-12	20.388	3.97903646902976	0
CSR1	rde-2	19.826	2.86850128347074	0
CSR1	rde-3	28.386	2.19615992745323	0
CSR1	rde-4	14.204	1.89408134094047	0
CSR1	rde-8	19.404	1.39983890507708	0
CSR1	rdl-1	19.126	2.86628759593385	0
CSR1	rdy-2	24.192	5.51207179462217	0
CSR1	rec-1	5.686	7.02228041324017	0
CSR1	rec-8	17.814	5.61645260725133	0
CSR1	ref-1	15.708	4.14521127686283	0
CSR1	ref-2	13.04	16.5083157264834	0
CSR1	rege-1	17.89	9.37132002651675	0
CSR1	rei-1	28.274	4.17656160087092	0
CSR1	rei-2	26.422	7.63911811495034	0
CSR1	rep-1	19.726	27.3462161596384	0
CSR1	repo-1	21.752	13.8368686747336	0
CSR1	reps-1	18.474	20.0773748460202	0
CSR1	rer-1	11.166	1.97899974673791	0
CSR1	retr-1	24.216	7.32015088017636	0
CSR1	rev-1	23.456	2.41575381574582	0
CSR1	rev-3	26.242	8.12960358429862	0
CSR1	rexd-1	25.598	12.6211784445729	0
CSR1	rfc-1	14.016	57.5550054890527	0
CSR1	rfc-2	27.104	6.13219818949307	0
CSR1	rfc-3	27.07	2.47051172196124	0
CSR1	rfc-4	27.254	5.30293249454514	0
CSR1	rfip-1	22.982	6.95471894145622	0
CSR1	rfip-2	15.108	2.17593340521504	0
CSR1	rfk-1	14.486	3.46834270070863	0
CSR1	rfl-1	25.334	5.45255699130815	0
CSR1	rfp-1	26.246	2.48660035122123	0
CSR1	rfs-1	24.104	16.2222387750667	0
CSR1	rft-1	27.618	2.35010919157362	0
CSR1	rft-2	4.158	2.32801251377202	1
CSR1	rfth-1	19.608	2.70956181548354	0
CSR1	rga-1	22.538	10.3894500700011	0
CSR1	rga-2	25.2	2.54711214855258	0
CSR1	rga-3	20.21	11.2035267782606	0
CSR1	rga-4	25.508	6.43111223738256	0
CSR1	rga-5	17.946	1.67844761781	0
CSR1	rga-6	13.16	55.1402935930851	0
CSR1	rga-8	24.564	13.8350345075589	0
CSR1	rga-9	21.63	5.35244964116115	0
CSR1	rgba-1	22.896	9.87924832387291	0
CSR1	rgef-1	19.764	1.6382038704919	0
CSR1	rgl-1	23.85	21.4334315869516	0
CSR1	rgr-1	29.214	0.601029428964579	0
CSR1	rgs-1	18.45	22.9436086388106	0
CSR1	rgs-10	25.94	4.73747860021528	0
CSR1	rgs-11	20.732	20.9843685314539	0
CSR1	rgs-2	20.052	23.3698114665357	0
CSR1	rgs-3	2.966	0.564167246482857	1
CSR1	rgs-4	25.098	13.6138033126613	0
CSR1	rgs-5	21.072	19.3782141167193	0
CSR1	rgs-6	25.604	5.07647535831205	0
CSR1	rgs-7	23.058	4.73966676282536	0
CSR1	rgs-8.1	28.258	2.46785503105153	0
CSR1	rgs-9	27.672	1.98730582508753	0
CSR1	rha-1	25.35	6.95601217458003	0
CSR1	rha-2	26.986	8.40807895524567	0
CSR1	rheb-1	25.524	5.19637197157175	0
CSR1	rhgf-1	22.838	2.99521316238684	0
CSR1	rhgf-2	19.584	4.40402768828866	0
CSR1	rhgf-3	22.888	9.92841233359205	0
CSR1	rhi-1	14.762	2.53935763349753	0
CSR1	rho-1	10.182	1.9684202454776	0
CSR1	rhr-1	24.328	6.8642967235894	0
CSR1	rhr-2	23.414	1.72817817788001	0
CSR1	rhy-1	28.288	2.92487080946759	0
CSR1	rib-1	26.794	2.99280254482188	0
CSR1	rib-2	28.042	2.29886309938563	0
CSR1	ribo-1	27.188	3.3600142049957	0
CSR1	ric-19	23.728	4.52147674275612	0
CSR1	ric-3	20.346	15.0160046060528	0
CSR1	ric-4	13.954	6.2171599983033	0
CSR1	ric-7	9.34	2.75370902561277	0
CSR1	ric-8	22.574	4.72240058752633	0
CSR1	rict-1	28.062	5.52264449518338	0
CSR1	rif-1.1	17.734	2.35709471620547	0
CSR1	rif-1.2	22.298	5.51458527396568	0
CSR1	rig-1	11.21	7.7501540156908	0
CSR1	rig-3	26.762	3.04638278314368	0
CSR1	rig-5	3.098	2.13382748625415	1
CSR1	rig-6	27.43	3.92376931741122	0
CSR1	rike-1	27.722	4.4004968402824	0
CSR1	ril-1	28.686	3.38804662923779	0
CSR1	ril-2	16.252	2.18733437972331	0
CSR1	rilp-1	23.496	7.73878172869927	0
CSR1	rimb-1	24.168	5.8007139411827	0
CSR1	rin-1	20.706	15.7553578685733	0
CSR1	riok-1	19.784	6.02542270945639	0
CSR1	riok-2	25.122	2.76462310771831	0
CSR1	riok-3	23.292	6.7284276795603	0
CSR1	rip-1	24.534	6.52752030733703	0
CSR1	rips-1	28.786	1.36007051241489	0
CSR1	rla-0	22.904	22.5629865044263	0
CSR1	rlbp-1	23.914	2.07036066423859	0
CSR1	rle-1	20.998	10.6901632182855	0
CSR1	rmd-1	3.452	1.64383093384833	1
CSR1	rmd-2	8.65	9.72233028159645	0
CSR1	rmd-3	3.978	2.54132769353446	1
CSR1	rmd-6	3.404	2.36481924764961	1
CSR1	rme-1	20.192	1.77820083914511	0
CSR1	rme-2	5.316	5.34977601139306	0
CSR1	rme-4	21.59	4.52991282966601	0
CSR1	rme-6	27.3	13.0528142955955	0
CSR1	rmh-1	27.266	7.22863330655306	0
CSR1	rmh-2	7.372	3.28005571254311	0
CSR1	rmif-2	25.356	8.09412934403557	0
CSR1	rml-1	28.042	3.21801871658582	0
CSR1	rml-3	27.862	1.44646345349077	0
CSR1	rml-4	29.384	1.9074088433005	0
CSR1	rml-5	27.328	5.52422022054869	0
CSR1	rnf-1	22.664	14.6438175491052	0
CSR1	rnf-113	6.062	2.52451242973293	0
CSR1	rnf-121	23.752	15.9219211673093	0
CSR1	rnf-126	23.302	11.2030323466113	0
CSR1	rnf-145	20.464	11.2848151709381	0
CSR1	rnf-5	26.014	5.00540473002849	0
CSR1	rnh-1.0	21.258	21.1158123720358	0
CSR1	rnh-1.1	14.446	4.0775999083509	0
CSR1	rnh-1.2	21.754	21.2983196185824	0
CSR1	rnh-1.3	22.98	6.28374607326933	0
CSR1	rnh-2	24.878	2.16414408398447	0
CSR1	rnp-1	23.108	6.2405722122314	0
CSR1	rnp-2	20.262	8.37231826850276	0
CSR1	rnp-3	25.31	4.03186716719589	0
CSR1	rnp-4	24.378	3.46112691160547	0
CSR1	rnp-5	28.172	3.13608805428947	0
CSR1	rnp-6	3.772	3.67540335644186	1
CSR1	rnp-7	19.444	24.5054946057636	0
CSR1	rnp-8	21.19	3.48646900750616	0
CSR1	rnp-9	23.812	8.52415136500674	0
CSR1	rnr-1	27.758	2.68026964202798	0
CSR1	rnr-2	22.958	22.1448349665999	0
CSR1	rnst-2	25.228	7.08628352579125	0
CSR1	rnt-1	23.034	4.91016931325493	0
CSR1	rocf-1	22.846	12.0981081625378	0
CSR1	rod-1	29.378	2.1119868852191	0
CSR1	rog-1	23.038	3.18785544331514	0
CSR1	rol-1	20.412	2.48948422550372	0
CSR1	rol-6	2.144	1.66870744589537	1
CSR1	rol-8	19.8	6.68643762533825	0
CSR1	rom-1	5.668	7.25014028794398	0
CSR1	rom-2	23.27	5.68993049835186	0
CSR1	rom-3	13.246	6.39625915561792	0
CSR1	rom-4	6.642	2.87520629354828	0
CSR1	rom-5	24.242	9.42483761630882	0
CSR1	romo-1	15.91	43.5001295410048	0
CSR1	rop-1	26.714	6.77643515702511	0
CSR1	rotr-1	23.194	4.88401061616561	0
CSR1	row-1	24.558	14.8621992889582	0
CSR1	rpa-1	11.19	38.2139166722629	0
CSR1	rpa-2	25.562	6.62971896559548	0
CSR1	rpa-4	18.59	16.922464780238	0
CSR1	rpac-19	20.278	2.5547115082433	0
CSR1	rpac-40	28.106	0.298317424268904	0
CSR1	rpap-2	22.878	21.6879792453662	0
CSR1	rpap-3	27.87	5.64864589922114	0
CSR1	rpb-10	22.436	4.85095896458484	0
CSR1	rpb-11	10.28	2.5169939752793	0
CSR1	rpb-12	25.228	11.7626663529796	0
CSR1	rpb-2	27.512	2.08460117382883	0
CSR1	rpb-3	27.212	2.41485419704631	0
CSR1	rpb-4	24.408	3.32772654086826	0
CSR1	rpb-5	21.282	3.17619856504382	0
CSR1	rpb-6	13.456	12.2036762031878	0
CSR1	rpb-7	25.61	1.49811215097625	0
CSR1	rpb-8	27.388	5.0618932610044	0
CSR1	rpb-9	15.648	12.2047277645883	0
CSR1	rpc-1	30.36	0.354753939863931	0
CSR1	rpc-11	21.748	8.25970774672823	0
CSR1	rpc-2	24.03	8.04676017681093	0
CSR1	rpc-25	20.056	4.72972524906296	0
CSR1	rpi-1	20.864	4.68687756195876	0
CSR1	rpi-2	27.162	9.00165544574012	0
CSR1	rpia-1	27.766	9.11540732683502	0
CSR1	rpl-1	28.07	6.49781990450121	0
CSR1	rpl-10L	10.542	3.28969506715107	0
CSR1	rpl-11.1	3.11	5.81006784552818	1
CSR1	rpl-11.2	21.784	10.6765786296532	0
CSR1	rpl-12	27.132	3.69032584106817	0
CSR1	rpl-13	11.382	2.64115299745068	0
CSR1	rpl-13A	29.806	0.950604760366442	0
CSR1	rpl-14	19.464	18.2703801434493	0
CSR1	rpl-15	29.936	1.07014689146454	0
CSR1	rpl-17	29.248	4.008403738426	0
CSR1	rpl-18	24.422	5.52957687252609	0
CSR1	rpl-18A	18.816	29.6873496754368	0
CSR1	rpl-19	29.908	0.404974506583918	0
CSR1	rpl-2	29.354	0.511344166685526	0
CSR1	rpl-21	29.674	1.02703444894792	0
CSR1	rpl-22	8.592	9.08171815511276	0
CSR1	rpl-23	24.018	8.59055268472538	0
CSR1	rpl-23A.1	28.422	1.81417857058849	0
CSR1	rpl-24.1	23	8.80426731042089	0
CSR1	rpl-24.2	29.31	1.26490105164904	0
CSR1	rpl-25.2	28.872	1.85719352490304	0
CSR1	rpl-26	28.008	1.47155414258549	0
CSR1	rpl-27	23.966	3.09398825784463	0
CSR1	rpl-27a	29.674	1.02204639396914	0
CSR1	rpl-28	25.124	5.3029076508487	0
CSR1	rpl-29	13.436	4.29379432167304	0
CSR1	rpl-3	29.838	0.648309196045471	0
CSR1	rpl-30	21.748	2.72676892731462	0
CSR1	rpl-31	3.208	13.0167188380902	0
CSR1	rpl-32	28.592	2.95422332747926	0
CSR1	rpl-34	15.75	17.772278060871	0
CSR1	rpl-35	21.256	18.5968467117152	0
CSR1	rpl-35A	17.684	6.73466182934736	0
CSR1	rpl-36	26.786	1.25123825796416	0
CSR1	rpl-36A	23.712	11.3218451236711	0
CSR1	rpl-37.1	24.222	7.75985897555812	0
CSR1	rpl-37.2	29.08	3.11860485230256	0
CSR1	rpl-37A	22.148	15.5341207202119	0
CSR1	rpl-38	24.934	9.46624504088558	0
CSR1	rpl-39	20.788	11.572669335655	0
CSR1	rpl-4	27.69	4.46612102869671	0
CSR1	rpl-41.2	22	6.93974956082294	0
CSR1	rpl-42	19.818	7.94947485248133	0
CSR1	rpl-5	5.874	7.62542395471859	0
CSR1	rpl-6	4.77	4.20334122762336	1
CSR1	rpl-7	27.442	3.05529138665255	0
CSR1	rpl-7A	25.882	4.99249328178051	0
CSR1	rpl-9	20.75	5.15561300703406	0
CSR1	rplp-1	16.784	10.9939117271532	0
CSR1	rplp-2.2	9.072	3.68683564343088	0
CSR1	rpn-1	18.256	4.04208348042092	0
CSR1	rpn-10	18.732	6.05855039311664	0
CSR1	rpn-11	26.13	12.1310759823464	0
CSR1	rpn-12	26.036	5.30477682183986	0
CSR1	rpn-13	16.402	25.5397495463458	0
CSR1	rpn-2	25.488	4.47453390492976	0
CSR1	rpn-3	7.386	4.32150644297981	0
CSR1	rpn-5	26.418	8.18541241932646	0
CSR1	rpn-6.1	24.812	9.40156899738628	0
CSR1	rpn-6.2	24.882	10.8842643855219	0
CSR1	rpn-7	27.054	7.94404243161494	0
CSR1	rpn-8	26.472	5.47471037747319	0
CSR1	rpn-9	26.986	4.94493425270632	0
CSR1	rpoa-1	27.222	2.1275239006256	0
CSR1	rpoa-12	23.034	15.2370012571769	0
CSR1	rpoa-2	27.688	1.06081172854413	0
CSR1	rpoa-49	26.38	6.50668836003483	0
CSR1	rpom-1	26.68	6.05626869985452	0
CSR1	rps-0	3.65	2.80069154798094	1
CSR1	rps-10	15.942	32.7654509880482	0
CSR1	rps-11	14.236	2.27433698345054	0
CSR1	rps-12	25.056	2.21289792805563	0
CSR1	rps-13	11.898	68.0588056166596	0
CSR1	rps-14	18.396	24.7477493082451	0
CSR1	rps-15	23.034	9.45005037604816	0
CSR1	rps-15a	21.938	0.983156875889719	0
CSR1	rps-16	5.708	5.22562006747524	0
CSR1	rps-17	8.388	1.60258345387758	0
CSR1	rps-18	11.998	2.90426510418915	0
CSR1	rps-19	28.588	5.03922783069485	0
CSR1	rps-2	26.79	9.68808624841891	0
CSR1	rps-20	14.202	10.6488929604842	0
CSR1	rps-21	19.984	8.03727660104198	0
CSR1	rps-23	14.56	4.59292678497266	0
CSR1	rps-24	20.454	10.7797386928962	0
CSR1	rps-25	2.654	1.52122300212406	1
CSR1	rps-26	22.164	5.31175669252733	0
CSR1	rps-27	23.174	13.7267725986889	0
CSR1	rps-27A	20.98	17.4762508160392	0
CSR1	rps-28	18.946	23.4928952841836	0
CSR1	rps-29	22.69	11.7375904865884	0
CSR1	rps-3	19.83	13.8126162544576	0
CSR1	rps-3A	20.328	19.7376276386574	0
CSR1	rps-4	28.352	7.58731484002752	0
CSR1	rps-5	23.846	6.15317710057095	0
CSR1	rps-6	23.168	11.7959940433213	0
CSR1	rps-7	14.86	2.51298820320832	0
CSR1	rps-8	23.68	6.45396836497793	0
CSR1	rps-9	25.296	10.9978259989067	0
CSR1	rpt-1	23.608	10.4458813327423	0
CSR1	rpt-2	23.08	3.69276876129333	0
CSR1	rpt-3	27.118	10.5540212501171	0
CSR1	rpt-4	26.792	3.61638339719318	0
CSR1	rpt-5	24.09	12.3883737140183	0
CSR1	rpt-6	27.416	3.52853468000141	0
CSR1	rpy-1	22.642	3.47416018399173	0
CSR1	rrbs-1	19.84	28.5140630808605	0
CSR1	rrc-1	21.556	2.12300624381558	0
CSR1	rrf-1	17.644	1.55659275504623	0
CSR1	rrf-2	26.226	3.58885070016046	0
CSR1	rrf-3	28.532	2.63718873141548	0
CSR1	rrp-1	27.802	2.27960005688084	0
CSR1	rsa-1	27.646	1.41546077109152	0
CSR1	rsa-2	16.722	0.63061482245971	0
CSR1	rsbp-1	19.746	2.62993634577834	0
CSR1	rsd-2	25.474	9.67291324819757	0
CSR1	rsd-3	5.79	7.16388778996758	0
CSR1	rsd-6	22.116	2.95580044472389	0
CSR1	rsef-1	21.856	12.4876057684636	0
CSR1	rsf-1	13.142	1.77833831259987	0
CSR1	rskd-1	23.416	18.9732353213457	0
CSR1	rskn-1	23.238	6.20528764666158	0
CSR1	rskn-2	8.766	2.24937395279329	0
CSR1	rsks-1	19.994	8.10371187650408	0
CSR1	rsp-1	20.724	2.25699306888756	0
CSR1	rsp-2	22.362	11.2817715786063	0
CSR1	rsp-3	17.426	5.44022559956954	0
CSR1	rsp-4	27.418	4.76864474721859	0
CSR1	rsp-5	22.73	1.49582050153981	0
CSR1	rsp-6	22.12	11.3179363080143	0
CSR1	rsp-7	20.26	5.99983075973257	0
CSR1	rsp-8	16.17	58.4417384074477	0
CSR1	rsr-1	21.068	10.1818099824176	0
CSR1	rsr-2	22.478	10.9064169907575	0
CSR1	rsu-1	27.136	5.7964359149619	0
CSR1	rsy-1	18.95	7.04184019375927	0
CSR1	rtcb-1	28.986	3.17999642315066	0
CSR1	rtel-1	14.048	2.73731979399163	0
CSR1	rtfo-1	7.084	4.86101734239085	0
CSR1	rund-1	24.964	3.32811612478495	0
CSR1	ruvb-1	25.496	11.6616756988799	0
CSR1	ruvb-2	27.856	1.99595995221986	0
CSR1	sac-2	26.64	8.66844886611689	0
CSR1	sacm-1l	29.032	2.24280031472036	0
CSR1	sacy-1	14.432	26.9503126070187	0
CSR1	sad-1	6.862	5.07383600663319	0
CSR1	saeg-1	26.242	4.30315621454088	0
CSR1	saeg-2	3.81	2.24252066806234	1
CSR1	sago-1	29.072	0.953061355725275	0
CSR1	sago-2	28.804	0.303256045020447	0
CSR1	sahd-1	26.634	5.06450783860046	0
CSR1	sam-10	8.312	3.08772274668284	0
CSR1	sam-4	15.236	23.5599911807296	0
CSR1	samp-1	16.218	18.6732456802693	0
CSR1	sams-1	29.412	2.46109656203729	0
CSR1	sams-3	25.202	6.07175065853894	0
CSR1	sams-4	4.678	7.0403557168922	1
CSR1	sams-5	18.53	34.0149141320134	0
CSR1	samt-1	26.082	8.65493913852984	0
CSR1	san-1	8.992	3.81484220283553	0
CSR1	sand-1	25.266	12.8397817567248	0
CSR1	sao-1	19.702	9.17386380124557	0
CSR1	sap-140	18.656	2.37506117436979	0
CSR1	sap-49	20.97	14.159597455697	0
CSR1	saps-1	22.028	6.17874858390061	0
CSR1	sar-1	25.736	4.07763011661905	0
CSR1	sars-1	26.902	3.45523292437215	0
CSR1	sars-2	23.426	12.1513794976472	0
CSR1	sart-3	19.906	14.9672248244107	0
CSR1	sas-1	22.54	10.5588664027788	0
CSR1	sas-4	20.828	13.1228843278335	0
CSR1	sas-5	14.032	27.0274275146503	0
CSR1	sas-6	24.566	10.628362060243	0
CSR1	sas-7	24.844	7.96579651415371	0
CSR1	sav-1	16.884	2.90837417455459	0
CSR1	sax-1	6.224	3.00067288687115	0
CSR1	sax-3	24.484	8.88223031369624	0
CSR1	sax-7	11.846	4.29057693392543	0
CSR1	sbds-1	27.278	4.505356383855	0
CSR1	sbp-1	23.874	5.65969576409166	0
CSR1	sbsp-1	8.794	6.06245455720644	0
CSR1	sbt-1	14.228	0.896499228080871	0
CSR1	sca-1	29.438	2.33680915081972	0
CSR1	scav-2	23.58	2.73955731967926	0
CSR1	scav-3	20.364	2.58790487510189	0
CSR1	scav-4	6.092	6.97046987634417	0
CSR1	scav-6	3.018	2.96734435748683	1
CSR1	scbp-2	21.016	19.3860209952402	0
CSR1	scc-1	17.154	2.32729536994624	0
CSR1	scc-2	24.556	4.19099372055238	0
CSR1	scc-3	27.938	9.5384721354548	0
CSR1	scd-1	22.746	9.52572331380965	0
CSR1	scd-2	21.504	7.89418668370717	0
CSR1	scl-1	28.294	1.57080466608171	0
CSR1	scl-10	7.306	4.54227215356998	0
CSR1	scl-11	22.88	2.39827708362219	0
CSR1	scl-12	23.662	2.56101258784581	0
CSR1	scl-13	28.632	1.62703986588088	0
CSR1	scl-14	28.688	2.64453185365473	0
CSR1	scl-15	28.548	3.02419831063917	0
CSR1	scl-17	21.974	20.7629371435363	0
CSR1	scl-18	28.794	1.45731358857625	0
CSR1	scl-19	3.854	10.9649005992116	0
CSR1	scl-2	28.196	1.92868005675916	0
CSR1	scl-20	26.784	5.16972372587388	0
CSR1	scl-21	28.006	1.92329204156021	0
CSR1	scl-23	16.726	2.52476006580791	0
CSR1	scl-24	24.534	1.73877532872129	0
CSR1	scl-25	23.798	2.58798890871801	0
CSR1	scl-26	28.024	2.50557004785233	0
CSR1	scl-27	27.4	1.84098675841483	0
CSR1	scl-3	26.67	4.902789987548	0
CSR1	scl-5	29.168	1.72163093604781	0
CSR1	scl-6	27.408	7.48123192802999	0
CSR1	scl-7	28.652	2.3941820790902	0
CSR1	scl-8	28.89	2.78390396403704	0
CSR1	scl-9	27.794	2.90613582426349	0
CSR1	scly-1	28.072	1.24562294884251	0
CSR1	scm-1	13.888	3.35976928138169	0
CSR1	sco-1	9.13	8.63301356540769	0
CSR1	scp-1	18.034	55.2932301117795	0
CSR1	scpl-1	22.838	1.56453888144792	0
CSR1	scpl-3	4.382	2.33507571744163	1
CSR1	scpl-4	18.33	26.8655443779965	0
CSR1	scpr-1	22.784	3.30442912884559	0
CSR1	scrm-1	26.864	1.93721447771591	0
CSR1	scrm-2	15.67	11.7783701967622	0
CSR1	scrm-3	23.1	6.12718531464996	0
CSR1	scrm-4	21.242	23.2536315577388	0
CSR1	scrm-5	13.02	49.0057192595904	0
CSR1	scrm-6	26.242	5.98868298947845	0
CSR1	scrm-7	12.922	2.27760995830984	0
CSR1	scrm-8	18.992	0.964009476945727	0
CSR1	scrt-1	5.09	3.47301955396143	0
CSR1	scvp-1	22.672	10.1038094993196	0
CSR1	scyl-1	19.714	4.41552643195601	0
CSR1	sdc-1	26.132	10.1615388750313	0
CSR1	sdc-3	25.51	10.9144542729982	0
CSR1	sde-2	18.738	4.39843301713427	0
CSR1	sdf-9	25.784	8.501808458902	0
CSR1	sdha-1	28.534	4.11909477561149	0
CSR1	sdha-2	28.304	5.42545363129237	0
CSR1	sdhb-1	22.5	16.6596429644727	0
CSR1	sdhd-1	24.576	13.2258988396881	0
CSR1	sdn-1	12.91	10.4706283071795	0
CSR1	sdpn-1	8.752	2.10746245186554	0
CSR1	sds-22	18.934	1.22195791534233	0
CSR1	sdz-1	24.658	4.39915730991897	0
CSR1	sdz-10	16.416	32.8856150716238	0
CSR1	sdz-11	27.378	1.91322740241282	0
CSR1	sdz-12	23.976	8.71044239004788	0
CSR1	sdz-13	10.658	53.674239941408	0
CSR1	sdz-14	19.632	10.4384945051384	0
CSR1	sdz-15	27.264	8.2468762469718	0
CSR1	sdz-16	25.848	0.84734040150622	0
CSR1	sdz-18	27.952	1.55045094642164	0
CSR1	sdz-19	26.904	6.96665132417404	0
CSR1	sdz-20	23.28	14.901598368761	0
CSR1	sdz-21	25.114	8.49620195860801	0
CSR1	sdz-23	27.738	4.97795806489418	0
CSR1	sdz-24	14.068	5.28374247014541	0
CSR1	sdz-25	26.744	4.53692362133194	0
CSR1	sdz-26	26.478	4.81331111366666	0
CSR1	sdz-27	20.01	3.8151593571199	0
CSR1	sdz-28	26.254	9.94318819736456	0
CSR1	sdz-30	26.794	3.58887373521985	0
CSR1	sdz-31	21.854	1.64875676233753	0
CSR1	sdz-32	22.152	8.40195569255921	0
CSR1	sdz-33	24.962	5.3975567520051	0
CSR1	sdz-35	22.638	17.1658694290443	0
CSR1	sdz-36	21.486	6.4978607763458	0
CSR1	sdz-37	21.188	3.56410342753069	0
CSR1	sdz-38	24.296	16.3065545002982	0
CSR1	sdz-4	24.088	3.71239910479824	0
CSR1	sdz-5	12.524	2.64194842607151	0
CSR1	sdz-6	21.438	9.04227980084178	0
CSR1	sdz-7	24.094	12.8225733729365	0
CSR1	sdz-8	24.114	13.186955769383	0
CSR1	sdz-9	25.37	6.89250308880937	0
CSR1	sea-1	22.098	19.4299017334944	0
CSR1	sea-2	20.924	4.20672855386458	0
CSR1	seb-2	7.308	3.13143029090417	0
CSR1	seb-3	10.536	6.00753032278675	0
CSR1	sec-10	24.038	15.855018971726	0
CSR1	sec-11	21.454	10.0189802749916	0
CSR1	sec-12	28.682	2.72900213934135	0
CSR1	sec-15	18.764	13.4970350725169	0
CSR1	sec-16A.1	24.724	11.9981956236793	0
CSR1	sec-16a.2	24.952	9.36902697680252	0
CSR1	sec-20	26.112	5.8188986461506	0
CSR1	sec-22	10.518	1.54975344605248	0
CSR1	sec-23	28.906	3.39502661859346	0
CSR1	sec-24.1	26.376	6.01224607192633	0
CSR1	sec-24.2	20.412	20.7394105314889	0
CSR1	sec-3	19.884	18.7178555962785	0
CSR1	sec-31	27.778	12.5584674123974	0
CSR1	sec-5	28.77	0.938155688304886	0
CSR1	sec-6	28.646	1.75477503261066	0
CSR1	sec-61.G	23.324	4.07289983356336	0
CSR1	sec-61.a	26.516	5.95631490134082	0
CSR1	sec-61.b	26.594	5.06187027231623	0
CSR1	sec-8	23.544	3.34203254718577	0
CSR1	secs-1	22.872	21.9436476286959	0
CSR1	sedl-1	27.822	5.99622084505529	0
CSR1	seip-1	20.404	5.43818878114011	0
CSR1	sek-1	26.93	6.66705779822542	0
CSR1	sek-3	23.72	24.6068535776003	0
CSR1	sek-4	27.59	4.09287929766796	0
CSR1	sek-5	25.654	3.28368049465763	0
CSR1	sek-6	26.828	8.21830219891442	0
CSR1	sel-1	28.07	3.76710409815009	0
CSR1	sel-10	8.93	98.886107829808	0
CSR1	sel-11	26.922	2.95973060872134	0
CSR1	sel-12	23.524	4.24593732806607	0
CSR1	sel-13	21.932	7.94862694339577	0
CSR1	sel-15	26.648	7.76659592165631	0
CSR1	sel-5	18.202	9.27927978003704	0
CSR1	sel-7	18.778	9.78750802088133	0
CSR1	sel-8	10.234	3.40360134153856	0
CSR1	sel-9	14.91	2.40982484550257	0
CSR1	seld-1	28.342	2.36811311531439	0
CSR1	selt-1.1	15.196	3.03018658919861	0
CSR1	selt-1.2	12.844	2.29223507900469	0
CSR1	sem-2	18.876	10.1711360638667	0
CSR1	sem-4	19.436	17.9124056160466	0
CSR1	sem-5	24.606	7.39403505952362	0
CSR1	semi-1	27.296	9.93963151424237	0
CSR1	semo-1	27.528	3.57622900808033	0
CSR1	sep-1	27.586	1.42823310995877	0
CSR1	sepa-1	25.184	10.0643914460626	0
CSR1	ser-1	2.744	2.58463895429987	1
CSR1	ser-2	24.836	5.95096525993505	0
CSR1	ser-3	22.934	11.1812118449344	0
CSR1	ser-4	12.818	4.29983879073192	0
CSR1	ser-5	9.63	51.335692740026	0
CSR1	ser-6	14.292	15.7552274504129	0
CSR1	ser-7	4.996	7.04779699752384	1
CSR1	serp-1.1	16.81	6.6966078664939	0
CSR1	serp-1.2	17.682	7.09726414145788	0
CSR1	serr-1	28.694	2.54725862976417	0
CSR1	sesn-1	26.768	7.69899253844341	0
CSR1	set-1	19.392	15.709754652257	0
CSR1	set-10	28.264	3.07492652407701	0
CSR1	set-11	26.896	13.6594945180764	0
CSR1	set-12	24.412	3.03563842187359	0
CSR1	set-13	22.608	1.13866596792033	0
CSR1	set-14	29.14	1.994381015243	0
CSR1	set-15	27.306	0.82362842513695	0
CSR1	set-17	25.928	6.42839529091261	0
CSR1	set-18	27.534	11.8891191280377	0
CSR1	set-19	24.796	7.62521587765084	0
CSR1	set-2	22.882	14.4130863810491	0
CSR1	set-20	28.754	1.04408634792509	0
CSR1	set-21	28.158	0.960320692160269	0
CSR1	set-22	16.882	32.3669847153606	0
CSR1	set-23	24.912	10.374308432206	0
CSR1	set-24	25.762	12.5885303921237	0
CSR1	set-25	24.862	17.6406119112171	0
CSR1	set-26	21.196	2.5490916642579	0
CSR1	set-27	25.378	8.07254620344612	0
CSR1	set-28	28.53	0.967555116848387	0
CSR1	set-29	26.662	1.33488594741315	0
CSR1	set-3	26.96	1.25099569391989	0
CSR1	set-30	6.62	7.16209642968562	0
CSR1	set-31	28.646	2.00530215954913	0
CSR1	set-32	28.09	4.55587778056974	0
CSR1	set-4	25.202	15.1102276346974	0
CSR1	set-5	28.202	3.05760247653248	0
CSR1	set-6	25.256	7.9399960801476	0
CSR1	set-8	28.898	1.02460793883943	0
CSR1	set-9	23.12	4.4397688110914	0
CSR1	seu-1	14.504	3.22968532719717	0
CSR1	sex-1	15.876	0.466282578063035	0
CSR1	sfa-1	22.022	8.44496405047982	0
CSR1	sfrp-1	20.876	9.31076601917767	0
CSR1	sft-1	25.654	8.65737801032797	0
CSR1	sft-4	19.766	26.0097266559802	0
CSR1	sftb-1	19.862	2.51621159538642	0
CSR1	sftb-2	5.338	4.59909124830466	0
CSR1	sftd-3	8.134	56.1324193557132	0
CSR1	sfxn-1.1	12.718	6.51893222938403	0
CSR1	sfxn-1.2	26.672	7.47453240586861	0
CSR1	sfxn-1.3	29.416	2.03312327228249	0
CSR1	sfxn-1.4	29.37	0.834358240030156	0
CSR1	sfxn-1.5	26.288	8.07695034426159	0
CSR1	sfxn-2	25.42	20.1845445519824	0
CSR1	sfxn-5	29.092	3.23901784187787	0
CSR1	sgca-1	20.414	12.2776423796532	0
CSR1	sgcb-1	26.486	5.98656207993737	0
CSR1	sgk-1	4.828	4.71954444693492	1
CSR1	sgn-1	25.018	9.26407525116979	0
CSR1	sgnh-1	11.312	4.52552801692325	0
CSR1	sgo-1	16.868	2.28007880086533	0
CSR1	sgt-1	28.95	1.9065667868367	0
CSR1	shc-1	28.288	2.74342676982062	0
CSR1	shc-2	23.914	7.17945744756185	0
CSR1	shc-3	8.784	61.789867338808	0
CSR1	shk-1	29.154	3.91279619993518	0
CSR1	shl-1	26.904	5.49165252769911	0
CSR1	shn-1	20.962	4.02784224523105	0
CSR1	shpk-1	28.584	2.25679187732182	0
CSR1	shw-1	27.418	1.49967621727449	0
CSR1	shw-3	27.14	2.74805340644368	0
CSR1	siah-1	25.348	8.16863049768307	0
CSR1	sid-1	28.9	5.31978084570307	0
CSR1	sid-2	2.648	4.51121998761872	1
CSR1	sid-3	19.372	13.9948048114948	0
CSR1	sid-5	9.226	67.3760082403317	0
CSR1	sig-7	22.32	4.69223148730628	0
CSR1	simr-1	25.782	5.14157842739012	0
CSR1	sin-3	23.45	15.3112767374273	0
CSR1	sinh-1	21.692	10.645664099268	0
CSR1	sip-1	11.794	2.10491692628068	0
CSR1	sipa-1	23.664	14.8769742317237	0
CSR1	sir-2.1	22.18	5.13867784671805	0
CSR1	sir-2.2	17.382	4.45267416548133	0
CSR1	sir-2.3	23.766	10.3235009600852	0
CSR1	sir-2.4	25.768	5.35656223731999	0
CSR1	siss-1	19.84	18.8439657352491	0
CSR1	ska-1	26.298	5.98409113171662	0
CSR1	ska-3	19.812	7.18613449552886	0
CSR1	skat-1	26.038	11.739478347139	0
CSR1	skih-2	23.102	14.6707147683567	0
CSR1	skn-1	16.942	13.1962192699184	0
CSR1	sknr-1	19.874	8.70488412246404	0
CSR1	skpo-1	25.704	6.51051771846759	0
CSR1	skpo-2	25.75	8.44032799019962	0
CSR1	skpo-3	19.704	3.39589066179957	0
CSR1	skpt-1	25.89	11.8872956135416	0
CSR1	skr-1	20.37	4.81600332584417	0
CSR1	skr-10	24.182	10.2910758127401	0
CSR1	skr-12	27.118	4.46931963629125	0
CSR1	skr-13	27.854	5.37741469778865	0
CSR1	skr-14	22.65	13.3449870858326	0
CSR1	skr-15	22.292	14.0075284678541	0
CSR1	skr-16	27.704	6.54339586989044	0
CSR1	skr-17	20.978	1.05163877847202	0
CSR1	skr-18	27.784	3.10310206345854	0
CSR1	skr-19	26.232	3.97500151852713	0
CSR1	skr-2	21.408	8.41386976224683	0
CSR1	skr-20	7.914	4.7737710560888	0
CSR1	skr-21	15.45	19.8317722459403	0
CSR1	skr-3	26.28	4.11786049604955	0
CSR1	skr-4	26.402	9.36716721313059	0
CSR1	skr-5	26.946	4.03187832447746	0
CSR1	skr-6	25.72	10.5970969447172	0
CSR1	skr-7	13.624	4.04718992052141	0
CSR1	skr-8	25.94	6.62681881442717	0
CSR1	skr-9	23.446	4.94041924183503	0
CSR1	slc-17.1	6.532	3.40849988269424	0
CSR1	slc-17.3	23.64	14.9385181953329	0
CSR1	slc-17.4	23.04	7.67505446141755	0
CSR1	slc-17.5	24.266	14.4157766374566	0
CSR1	slc-17.6	17.992	2.64821119550124	0
CSR1	slc-17.7	10.79	9.65235698087257	0
CSR1	slc-17.8	22.518	12.2835579049142	0
CSR1	slc-17.9	6.796	2.73429217108701	0
CSR1	slc-25a10	28.078	2.35159286107629	0
CSR1	slc-25a18.1	23.746	9.22753693190788	0
CSR1	slc-25a18.2	18.456	13.9747092970668	0
CSR1	slc-25a21	17.378	1.61861420110476	0
CSR1	slc-25a26	28.958	1.302531101237	0
CSR1	slc-25a29	29.84	0.850110649729615	0
CSR1	slc-25a32	19.062	8.03838046786108	0
CSR1	slc-25a42	24.846	9.37101055973595	0
CSR1	slc-25a46	20.706	10.7946804193725	0
CSR1	slc-28.1	28.384	2.90476225950799	0
CSR1	slc-28.2	29.17	2.1043550570069	0
CSR1	slc-30a5	24.284	4.74909103130983	0
CSR1	slc-30a9	25.136	8.79156751706986	0
CSR1	slc-36.1	21.82	4.63048221314927	0
CSR1	slc-36.2	15.734	4.70804067644788	0
CSR1	slc-36.3	27.022	2.82944184579653	0
CSR1	slc-36.4	23.41	7.33579214582726	0
CSR1	slc-36.5	24.172	7.75767550957576	0
CSR1	slc-46a	22.21	5.92730107723275	0
CSR1	slc-5a12	20.764	13.35141525641	0
CSR1	slc-9b.1	24.256	6.77255417998039	0
CSR1	slc-9b.2	23.448	9.48001648520141	0
CSR1	slcf-1	21.642	3.85697948639453	0
CSR1	slcf-2	25.354	2.80362270328052	0
CSR1	slcr-46.1	20.492	0.924876653560974	0
CSR1	slcr-46.2	25.124	8.71224726432793	0
CSR1	slcr-46.3	22.758	2.50064053964969	0
CSR1	sld-2	22.158	4.87976589032379	0
CSR1	sld-5	23.132	9.73794199451442	0
CSR1	slfl-3	19.584	9.68926564222775	0
CSR1	slfl-4	22.012	7.24710851001473	0
CSR1	slfl-5	25.404	0.473676868414149	0
CSR1	sli-1	20.606	20.8595979083236	0
CSR1	slmp-1	22.938	2.97146098451632	0
CSR1	slo-1	5.71	3.47405156302581	0
CSR1	slo-2	25.74	6.4281260662862	0
CSR1	slrp-1	25.872	12.7343654642014	0
CSR1	slt-1	20.746	4.29439535196618	0
CSR1	slx-1	17.198	4.87431074215318	0
CSR1	sly-1	20.938	20.8239693604707	0
CSR1	sma-10	27.744	6.51564372975106	0
CSR1	sma-2	27.812	4.23342326066059	0
CSR1	sma-3	28.446	1.06093873359707	0
CSR1	sma-4	21.12	10.7571756220931	0
CSR1	sma-5	23.626	2.18802563654261	0
CSR1	sma-6	24.314	10.6742540440075	0
CSR1	smap-1	19.04	7.78950476759582	0
CSR1	smc-3	28.45	0.985437312399033	0
CSR1	smc-4	26.198	9.29992700848541	0
CSR1	smc-5	29.34	1.76888003609168	0
CSR1	smc-6	28.65	3.99349818335599	0
CSR1	smcl-1	28.834	0.506512926876801	0
CSR1	smcr-8	29.166	1.73419873046362	0
CSR1	smd-1	3.998	2.16180994860749	1
CSR1	smex-1	25.132	3.19478531314365	0
CSR1	smex-2	26.55	12.3067914750237	0
CSR1	smf-1	21.474	1.41385672898166	0
CSR1	smf-2	17.39	4.44218490328905	0
CSR1	smf-3	2.886	1.23967732640321	1
CSR1	smg-2	19.454	2.61692834491813	0
CSR1	smg-3	24.774	7.38835338936994	0
CSR1	smg-4	22.196	16.8111576918719	0
CSR1	smg-5	25.822	6.08134461763497	0
CSR1	smg-6	23.118	11.739669465053	0
CSR1	smg-7	16.818	35.9545705222941	0
CSR1	smg-8	23.426	3.79771030994427	0
CSR1	smg-9	25.348	14.13299721768	0
CSR1	smgl-1	28.388	3.99326926916791	0
CSR1	smgl-2	21.92	16.6996041828264	0
CSR1	smi-1	21.408	14.1108350298247	0
CSR1	smk-1	17.768	17.0041334116406	0
CSR1	smn-1	9.584	1.99424279223199	0
CSR1	smo-1	23.242	2.4320669549181	0
CSR1	smoc-1	20.44	12.645469808563	0
CSR1	smp-1	15.314	2.97296678558295	0
CSR1	smp-2	20.966	9.10827686530385	0
CSR1	smr-1	14.572	15.5903915727118	0
CSR1	smrc-1	24.636	10.2113851570539	0
CSR1	smrn-1	21.336	9.15428843131054	0
CSR1	sms-1	22.278	11.2904982455323	0
CSR1	sms-2	27.436	1.6168498248388	0
CSR1	sms-3	7.886	5.69827821911358	0
CSR1	sms-5	21.248	44.4923682886957	0
CSR1	smu-1	14.272	27.9830093460545	0
CSR1	smu-2	12.372	3.09655455489556	0
CSR1	smz-1	21.916	10.9105522170818	0
CSR1	smz-2	5.184	5.03135826078875	0
CSR1	sna-1	18.356	22.7131409263879	0
CSR1	sna-2	19.778	13.2810790255986	0
CSR1	sna-3	19.14	29.2049403274512	0
CSR1	snai-1	11.628	8.16844083169608	0
CSR1	snap-1	25.942	5.94416147777261	0
CSR1	snap-29	6.294	5.36045468900649	0
CSR1	snb-1	8.078	77.0597069996667	0
CSR1	snb-2	20.99	10.9474962231481	0
CSR1	snb-5	21.608	21.0315826241036	0
CSR1	snb-6	25.244	7.0527715103792	0
CSR1	snb-7	6.304	6.50342019401311	0
CSR1	snet-1	20.766	14.6948335013074	0
CSR1	snf-1	17.758	3.74074539254043	0
CSR1	snf-10	27.086	5.6258615358954	0
CSR1	snf-11	22.854	8.86059873355878	0
CSR1	snf-12	19.974	15.697643619233	0
CSR1	snf-2	19.224	1.78408396841795	0
CSR1	snf-3	23.95	8.45941796217391	0
CSR1	snf-5	21.854	11.6282866179999	0
CSR1	snf-6	23.344	13.2900241879358	0
CSR1	snf-7	4.676	7.9869592173294	1
CSR1	snf-9	23.436	2.01961970844613	0
CSR1	snfc-5	25.786	2.88722497518833	0
CSR1	sng-1	18.854	2.0344504400176	0
CSR1	snn-1	20.526	10.313795593356	0
CSR1	snpc-1.1	25.146	3.72148439813785	0
CSR1	snpc-1.2	11.286	3.10472950283026	0
CSR1	snpc-1.3	22.816	2.13023745689495	0
CSR1	snpc-1.4	22.062	8.52670598772711	0
CSR1	snpc-3.1	26.402	1.68396691412909	0
CSR1	snpc-3.2	27.38	3.79285782571667	0
CSR1	snpc-3.4	29.014	2.3185479451592	0
CSR1	snpc-4	27.752	6.30854861413374	0
CSR1	snpn-1	26.09	5.97118888152162	0
CSR1	snr-1	18.994	19.5332502353668	0
CSR1	snr-2	26.404	8.29279694647954	0
CSR1	snr-3	15.396	2.57139126558746	0
CSR1	snr-4	24.612	7.9206408307754	0
CSR1	snr-5	23.842	9.78919021469147	0
CSR1	snr-6	24.316	1.29351619295465	0
CSR1	snr-7	19.082	20.0385563068591	0
CSR1	snrp-200	22.346	5.35791752992083	0
CSR1	snrp-27	22.326	4.29321886037196	0
CSR1	snrp-3	23.218	7.08226401022854	0
CSR1	snrp-40.1	29.278	0.592277599606348	0
CSR1	snrp-40.2	21.596	17.8168665489818	0
CSR1	snt-1	19.03	9.23615587915751	0
CSR1	snt-2	27.17	2.81626690265753	0
CSR1	snt-3	23.112	10.5923121230889	0
CSR1	snt-4	22.946	12.3065802961651	0
CSR1	snt-5	7.526	4.70770835710939	0
CSR1	snt-6	27.524	3.64503592217561	0
CSR1	snt-7	9.06	3.55521488044291	0
CSR1	snu-13	26.046	7.104561154678	0
CSR1	snu-23	19.714	8.84824126471035	0
CSR1	snu-66	24.822	11.6316493187215	0
CSR1	snx-1	15.424	10.0114105666925	0
CSR1	snx-13	15.652	3.30914818441833	0
CSR1	snx-14	28.542	2.45320170479685	0
CSR1	snx-17	16.604	14.6787443146566	0
CSR1	snx-27	26.704	7.48687416005067	0
CSR1	snx-3	21.42	19.9792805483906	0
CSR1	snx-6	19.81	15.0943579076647	0
CSR1	soap-1	16.432	10.4023769332974	0
CSR1	soc-1	21.15	3.70759147425349	0
CSR1	soc-2	26.58	4.34549460901483	0
CSR1	sod-1	28.46	2.39563981251515	0
CSR1	sod-2	28.14	1.32561531297757	0
CSR1	sod-3	20.328	22.890224107379	0
CSR1	sod-4	27.368	3.57255620980985	0
CSR1	sod-5	27.136	8.07960867889705	0
CSR1	sodh-1	29.336	2.88526684150719	0
CSR1	sodh-2	28.738	3.47243305509561	0
CSR1	soem-1	17.09	20.6684864191633	0
CSR1	sol-1	25.706	3.22900564604389	0
CSR1	sol-2	25.402	7.37016716828672	0
CSR1	somi-1	20.978	6.4303148281121	0
CSR1	sop-2	20.418	3.98088006837291	0
CSR1	sop-3	20.756	4.30285863381698	0
CSR1	sor-1	26.452	11.5206904389571	0
CSR1	sor-3	22.9	8.90321158043044	0
CSR1	sorb-1	22.564	3.53765092273933	0
CSR1	sorf-1	22.802	16.0067790148048	0
CSR1	sorf-2	30.07	1.535716646361	0
CSR1	sos-1	24.88	7.91106653938605	0
CSR1	sosi-1	13.568	63.3201770881803	0
CSR1	sox-2	18.648	22.1539433720723	0
CSR1	sox-3	18.85	10.8290403815452	0
CSR1	sox-4	25.094	8.16313842595955	0
CSR1	spas-1	26.424	2.58044866949458	0
CSR1	spat-1	20.074	7.58652112809188	0
CSR1	spat-2	22.186	7.13070269095843	0
CSR1	spch-1	10.362	83.5788173706413	0
CSR1	spch-2	11.722	57.1883630577256	0
CSR1	spch-3	14.958	24.6451647362147	0
CSR1	spcs-1	24.522	7.26888429282858	0
CSR1	spcs-2	21.586	17.3199307348741	0
CSR1	spcs-3	25.388	4.23839482988353	0
CSR1	spd-1	24.698	7.37732222080794	0
CSR1	spd-2	20.038	4.00446703535172	0
CSR1	spd-3	17.728	3.49738339814119	0
CSR1	spd-5	26.438	11.1655643264507	0
CSR1	spdl-1	20.556	21.2414204016969	0
CSR1	spds-1	25.794	14.3317266733734	0
CSR1	spe-10	26.53	12.0723250965316	0
CSR1	spe-11	24.902	4.41205577543696	0
CSR1	spe-12	21.078	13.2307841424301	0
CSR1	spe-15	27.588	5.4789965442598	0
CSR1	spe-17	19.622	12.6095780345509	0
CSR1	spe-18	16.7	5.44169398424733	0
CSR1	spe-19	14.91	42.0924345732755	0
CSR1	spe-26	26.984	13.0683447530517	0
CSR1	spe-27	25.106	1.88190958896543	0
CSR1	spe-29	23.356	5.095824021903	0
CSR1	spe-36	26.738	4.91296492788486	0
CSR1	spe-38	25.362	5.72369645819138	0
CSR1	spe-39	7.64	45.5046754587977	0
CSR1	spe-4	23.416	8.75212449790484	0
CSR1	spe-41	25.808	9.0200310066389	0
CSR1	spe-42	24.582	1.74555392040269	0
CSR1	spe-43	17.88	32.4836962097307	0
CSR1	spe-44	23.546	8.73720693333237	0
CSR1	spe-45	14.586	3.36588552328369	0
CSR1	spe-46	25.018	3.64707546331199	0
CSR1	spe-47	21.434	8.27835020253419	0
CSR1	spe-48	19.51	11.8987918276364	0
CSR1	spe-49	20.39	4.0834544297925	0
CSR1	spe-5	26.708	3.10693867383043	0
CSR1	spe-51	23.496	1.70709266107053	0
CSR1	spe-54	24.57	2.77552196028722	0
CSR1	spe-57	28.244	3.83140276011592	0
CSR1	spe-58	16.6	22.0741420146179	0
CSR1	spe-6	23.978	15.3264613875391	0
CSR1	spe-8	14.536	4.55491683451627	0
CSR1	spe-9	18.044	16.4532607373023	0
CSR1	spex-1	25.044	3.03447510770262	0
CSR1	spex-2	19.122	5.52301427488145	0
CSR1	spex-3	22.606	17.7359670976575	0
CSR1	spg-20	9.012	2.66935022592936	0
CSR1	spg-7	12.042	5.56924879140407	0
CSR1	sph-1	9.864	2.35430186446691	0
CSR1	sphk-1	26.9	3.60642697925836	0
CSR1	sphr-1	25.754	2.75351527769852	0
CSR1	spi-1	25.916	6.47389764133407	0
CSR1	spi-2	24.986	9.28548434963407	0
CSR1	spi-3	23.718	4.63422346891163	0
CSR1	spi-4	23.648	3.71395772060326	0
CSR1	spia-1	22.62	9.29228909281501	0
CSR1	spig-1	26.06	2.58341689239638	0
CSR1	spig-10	20.984	3.38597931055554	0
CSR1	spig-11	4.162	4.14559948268601	1
CSR1	spig-12	15.404	4.2135864711268	0
CSR1	spig-13	10.068	6.71907194735686	0
CSR1	spig-14	9.698	3.35509078943358	0
CSR1	spig-15	25.896	1.34398113344545	0
CSR1	spig-16	24.242	1.9145846112344	0
CSR1	spig-17	19.322	4.80389168222029	0
CSR1	spig-18	22.992	12.4077956618624	0
CSR1	spig-20	27.954	3.90578865875034	0
CSR1	spig-3	16.096	31.4672950693023	0
CSR1	spig-4	24.032	9.53973967267297	0
CSR1	spig-5	22.386	3.82693266336412	0
CSR1	spig-6	27.116	3.35570904095466	0
CSR1	spig-7	26.596	14.0786324321016	0
CSR1	spig-8	25.704	1.89429122181745	0
CSR1	spig-9	20.584	20.7854865176311	0
CSR1	spin-1	16.132	42.8577367521101	0
CSR1	spin-2	23.292	4.7641727737002	0
CSR1	spin-3	20.274	2.61897409978532	0
CSR1	spin-4	22.748	3.80353566719464	0
CSR1	spk-1	16.972	7.9774193962206	0
CSR1	spl-1	29.362	1.14014228179632	0
CSR1	spl-2	28.996	2.26591113140319	0
CSR1	spl-3	29.336	0.777545864762085	0
CSR1	spn-4	20.82	5.48592213855951	0
CSR1	spo-11	18.146	10.0861921159785	0
CSR1	spon-1	25.67	3.2013899955987	0
CSR1	spop-1	18.85	21.0206804439162	0
CSR1	spot-1	28.52	4.13521821707561	0
CSR1	spp-1	25.94	2.51599248475686	0
CSR1	spp-10	28.082	2.41445248968307	0
CSR1	spp-11	24.792	12.7764985723347	0
CSR1	spp-12	21.416	2.55297400588034	0
CSR1	spp-13	24.48	10.0119207323908	0
CSR1	spp-14	19.7	17.2031797404432	0
CSR1	spp-15	26.128	7.12000340455459	0
CSR1	spp-16	24.248	1.39835146686039	0
CSR1	spp-17	27.41	3.33256103514608	0
CSR1	spp-18	14.414	2.36218224137861	0
CSR1	spp-19	24.306	1.74517224100554	0
CSR1	spp-2	24.666	2.49464518039182	0
CSR1	spp-20	22.11	3.9483644977345	0
CSR1	spp-21	18.386	3.0710885145098	0
CSR1	spp-22	21.218	2.58965253222659	0
CSR1	spp-23	26.506	1.93361189997715	0
CSR1	spp-24	22.87	4.4722988357419	0
CSR1	spp-25	24.066	10.9914378183919	0
CSR1	spp-26	10.154	73.6116019135229	0
CSR1	spp-27	25.232	2.57111977717508	0
CSR1	spp-28	10.546	23.3476280040565	0
CSR1	spp-29	19.052	2.25588204236142	0
CSR1	spp-3	22.012	3.96143908976973	0
CSR1	spp-30	23.28	6.70440317385145	0
CSR1	spp-4	24.802	1.33645044239755	0
CSR1	spp-5	22.032	17.891699747704	0
CSR1	spp-6	24.632	2.14561274773076	0
CSR1	spp-7	23.844	2.58949109219264	0
CSR1	spp-8	26.838	1.64694383813326	0
CSR1	spp-9	24.886	0.367846740861394	0
CSR1	spr-1	23.924	6.47511366789277	0
CSR1	spr-2	18.072	9.27936864307137	0
CSR1	spr-3	13.904	4.66039615374614	0
CSR1	spr-4	25.272	14.1060465421597	0
CSR1	spr-5	13.57	42.5537136524266	0
CSR1	sprp-4	11.022	16.0053166928428	0
CSR1	sprr-1	13.9	2.10915326824015	0
CSR1	sprr-2	10.296	1.36598084628976	0
CSR1	sprr-3	15.8	16.1477391374186	0
CSR1	spsb-1	2.334	3.05373259318003	1
CSR1	spsb-2	28.188	2.35687821708034	0
CSR1	spsp-1	7.45	5.73972664516115	0
CSR1	spt-16	20.034	3.56825208823815	0
CSR1	spt-4	20.724	15.6065308374886	0
CSR1	spt-5	18.91	9.97720900923126	0
CSR1	sptf-1	17.248	21.4198667254323	0
CSR1	sptf-2	17.476	41.5879547899496	0
CSR1	sptf-3	23.682	11.6754921638023	0
CSR1	sptl-1	14.974	3.31048223393021	0
CSR1	sptl-2	21.962	40.6432969990394	0
CSR1	sptl-3	30.004	1.67053889751476	0
CSR1	spv-1	17.356	9.91954280939435	0
CSR1	sqd-1	19.064	6.75819716280805	0
CSR1	sql-1	23.072	8.38325495280771	0
CSR1	sqrd-1	22.404	13.0050618782346	0
CSR1	sqst-1	17.962	1.51774272008808	0
CSR1	sqst-2	26.266	7.80795101931867	0
CSR1	sqst-3	27.772	2.51607083781361	0
CSR1	sqst-4	27.474	2.85551916065723	0
CSR1	sqst-5	27.836	2.80645279011867	0
CSR1	sqt-1	17.048	2.61649773585498	0
CSR1	sqt-2	17.178	13.3455757300473	0
CSR1	sqt-3	15.682	2.64976277705968	0
CSR1	sqv-1	22.422	8.47976872002029	0
CSR1	sqv-2	27.196	3.75429878932194	0
CSR1	sqv-3	27.846	7.67587331339552	0
CSR1	sqv-4	28.394	6.77077260315476	0
CSR1	sqv-5	22.678	2.955786928109	0
CSR1	sqv-6	26.71	6.72483838023585	0
CSR1	sqv-7	25.374	9.67791055346751	0
CSR1	sqv-8	27.922	1.36055698824827	0
CSR1	sra-1	22.236	5.43917261403432	0
CSR1	sra-10	7.778	11.9817974329961	0
CSR1	sra-11	19.562	2.48952574733137	0
CSR1	sra-12	17.668	6.2229086797232	0
CSR1	sra-13	21.572	3.18772221849653	0
CSR1	sra-14	15.278	18.0270532606902	0
CSR1	sra-17	10.418	4.95867362864699	0
CSR1	sra-18	12.552	2.68011066761186	0
CSR1	sra-2	15.318	12.5136345672945	0
CSR1	sra-20	15.944	4.35270745873035	0
CSR1	sra-21	9.44	5.12212601853245	0
CSR1	sra-22	6.768	2.2049551417796	0
CSR1	sra-23	8.198	7.35809196252707	0
CSR1	sra-24	11.794	15.5527622456133	0
CSR1	sra-25	12.602	4.94996697403407	0
CSR1	sra-26	18.016	1.69480395553864	0
CSR1	sra-27	17.046	3.65599795884755	0
CSR1	sra-28	5.272	5.15884414810876	0
CSR1	sra-29	14.042	3.20166343478241	0
CSR1	sra-3	21.876	2.66263241623399	0
CSR1	sra-30	20.572	3.11887589659285	0
CSR1	sra-31	11.218	3.99672437030854	0
CSR1	sra-32	18.966	1.04098667678676	0
CSR1	sra-33	12.864	9.22258780469259	0
CSR1	sra-34	14.594	11.0025894749734	0
CSR1	sra-35	17.398	2.52850374477362	0
CSR1	sra-36	18.018	5.47926388483302	0
CSR1	sra-37	20.58	18.2120156334256	0
CSR1	sra-38	16.13	3.90650363529626	0
CSR1	sra-39	15.926	2.53528655255383	0
CSR1	sra-4	12.902	1.96033880915633	0
CSR1	sra-6	17.726	1.12870916136055	0
CSR1	sra-7	9.496	8.87980147817333	0
CSR1	sra-8	14.258	2.60137677321903	0
CSR1	sra-9	17.636	1.90379272691626	0
CSR1	srab-1	16.054	4.96926392016614	0
CSR1	srab-10	21.478	15.0999041444853	0
CSR1	srab-11	20.58	5.04351175718631	0
CSR1	srab-12	21.586	5.7661478826191	0
CSR1	srab-13	15.22	4.37505172525269	0
CSR1	srab-14	20.98	5.30693854545103	0
CSR1	srab-16	22.326	12.5733683022883	0
CSR1	srab-17	22.596	5.44996780706592	0
CSR1	srab-18	19.862	14.4813503143165	0
CSR1	srab-2	17.018	0.254104457755783	0
CSR1	srab-20	20.076	2.22554159904052	0
CSR1	srab-21	18.638	5.52939051754029	0
CSR1	srab-22	18.586	2.22054531542294	0
CSR1	srab-23	24.86	3.14401014153969	0
CSR1	srab-24	18.888	2.77699506097425	0
CSR1	srab-25	22.414	6.86190754944857	0
CSR1	srab-26	25.402	3.72412453414118	0
CSR1	srab-3	17.418	1.71583716729986	0
CSR1	srab-4	17.04	2.79141690000593	0
CSR1	srab-6	18.092	2.99276891574465	0
CSR1	srab-7	12.282	20.746072092168	0
CSR1	srab-8	19.384	2.52116365769409	0
CSR1	srab-9	25.304	3.12536090800088	0
CSR1	srb-1	20.228	7.49222024530338	0
CSR1	srb-11	26.028	7.52257567145788	0
CSR1	srb-12	24.488	4.48264968676248	0
CSR1	srb-13	23.118	6.10928958724326	0
CSR1	srb-15	21.1	5.04856137610355	0
CSR1	srb-16	24.156	4.21611563570878	0
CSR1	srb-17	24.44	4.6193113671408	0
CSR1	srb-18	25.124	8.37381376719523	0
CSR1	srb-19	19.536	4.003213411135	0
CSR1	srb-2	25.598	4.65555838407533	0
CSR1	srb-3	23.724	9.93730503236062	0
CSR1	srb-5	26.216	1.81289420679547	0
CSR1	srb-6	22.346	3.65611067764028	0
CSR1	srb-7	24.068	4.31163150203179	0
CSR1	srbc-1	22.294	10.1895486894267	0
CSR1	srbc-10	3.324	1.99102191429294	1
CSR1	srbc-11	24.06	9.83295315822446	0
CSR1	srbc-12	17.408	17.1911052847693	0
CSR1	srbc-13	22.34	3.43231413286006	0
CSR1	srbc-14	22.636	13.6906376834286	0
CSR1	srbc-16	12.08	2.27536094815973	0
CSR1	srbc-17	19.684	10.8418566152931	0
CSR1	srbc-19	17.434	18.083368344253	0
CSR1	srbc-2	14.588	2.29328534687211	0
CSR1	srbc-20	23.078	7.25507726129038	0
CSR1	srbc-21	24.628	6.19512704248239	0
CSR1	srbc-22	24.696	7.80309423753199	0
CSR1	srbc-23	18.282	15.8452066021857	0
CSR1	srbc-24	24.006	6.2696189087049	0
CSR1	srbc-25	26.058	8.37186560724493	0
CSR1	srbc-26	18.226	1.46484772048417	0
CSR1	srbc-27	24.374	8.46369932647627	0
CSR1	srbc-29	23.75	5.44600287994976	0
CSR1	srbc-3	14.052	5.60831159395978	0
CSR1	srbc-30	23.926	2.93918026495849	0
CSR1	srbc-31	15.9	6.84307366128817	0
CSR1	srbc-32	14.804	1.67421481726665	0
CSR1	srbc-33	26.098	7.1341071567471	0
CSR1	srbc-34	5.738	1.01170618847682	0
CSR1	srbc-36	22.966	12.0378870128313	0
CSR1	srbc-37	27.562	1.92437442281719	0
CSR1	srbc-38	27.724	2.87266258913879	0
CSR1	srbc-39	24.802	12.2376104881557	0
CSR1	srbc-40	23.464	10.3815851462222	0
CSR1	srbc-41	24.604	7.4727465938421	0
CSR1	srbc-42	6.008	2.57693873149189	0
CSR1	srbc-43	22.592	20.9795801256334	0
CSR1	srbc-44	19.192	25.9484530448101	0
CSR1	srbc-45	20.776	24.878653381088	0
CSR1	srbc-48	19.974	1.48035267790893	0
CSR1	srbc-49	21.842	10.7212453070662	0
CSR1	srbc-5	8.636	4.50006697560631	0
CSR1	srbc-50	24.85	14.5339333337519	0
CSR1	srbc-51	21.578	6.16189046978807	0
CSR1	srbc-54	13.57	6.12707830590297	0
CSR1	srbc-55	17.502	5.28092376506016	0
CSR1	srbc-56	16.976	14.7668866593425	0
CSR1	srbc-57	18.85	28.2133367953141	0
CSR1	srbc-58	14.254	4.70451688589014	0
CSR1	srbc-59	17.828	1.93836655601099	0
CSR1	srbc-6	24.272	4.40542521304497	0
CSR1	srbc-60	18.72	2.475487523661	0
CSR1	srbc-61	20.928	13.5244697613538	0
CSR1	srbc-62	23.654	7.1814471233648	0
CSR1	srbc-63	23.144	9.62236529777599	0
CSR1	srbc-64	23.574	10.6560909395547	0
CSR1	srbc-65	23.362	10.9040937222886	0
CSR1	srbc-66	22.472	10.9548403333808	0
CSR1	srbc-67	23.706	8.8540764161966	0
CSR1	srbc-68	15.038	3.31872013224854	0
CSR1	srbc-7	21.122	14.786055434354	0
CSR1	srbc-70	23.132	9.31273317087065	0
CSR1	srbc-71	17.016	1.66667744218664	0
CSR1	srbc-75	21.47	4.9522577339581	0
CSR1	srbc-76	18.41	15.1993256237227	0
CSR1	srbc-77	23.802	9.95880380614046	0
CSR1	srbc-78	22.978	5.24855990992844	0
CSR1	srbc-79	24.458	12.4391306271739	0
CSR1	srbc-8	22.662	6.53927796527586	0
CSR1	srbc-81	22.494	24.1275809345107	0
CSR1	srbc-82	21.438	6.3011497299618	0
CSR1	srbc-83	24.632	11.4979174035776	0
CSR1	srbc-84	19.14	3.71869585146797	0
CSR1	srbc-9	21.778	20.2113722639448	0
CSR1	src-1	26.022	5.36724264951415	0
CSR1	src-2	5.248	2.61406259750648	0
CSR1	srd-1	21.736	4.6794188389818	0
CSR1	srd-10	22.452	8.598446664588	0
CSR1	srd-11	25.18	5.39139374726173	0
CSR1	srd-12	21.816	19.3820850607332	0
CSR1	srd-13	23.896	13.211469821764	0
CSR1	srd-15	21.552	3.64588334189527	0
CSR1	srd-16	26.69	5.07352316463086	0
CSR1	srd-17	17.49	3.29367771600727	0
CSR1	srd-18	13.4	30.4205870836169	0
CSR1	srd-19	14.614	3.06842374778094	0
CSR1	srd-2	20.338	5.04951949630333	0
CSR1	srd-20	26.8	6.80374407166656	0
CSR1	srd-21	21.054	6.01868538614207	0
CSR1	srd-23	3.362	1.83837443668798	1
CSR1	srd-25	8.37	4.58071433994763	0
CSR1	srd-26	27.354	3.58932818464324	0
CSR1	srd-27	27.946	0.754679815442016	0
CSR1	srd-28	27.484	3.02153850458095	0
CSR1	srd-29	26.474	3.46766828051157	0
CSR1	srd-3	21.704	10.1629222253013	0
CSR1	srd-30	27.98	4.67700226172351	0
CSR1	srd-31	12.294	67.4043430148329	0
CSR1	srd-32	24.358	5.87638547145752	0
CSR1	srd-33	21.228	2.55586372988	0
CSR1	srd-34	25.314	4.87777153280362	0
CSR1	srd-35	6.716	2.47054300573973	0
CSR1	srd-36	23.624	2.04580574142269	0
CSR1	srd-38	12.006	2.25857202168449	0
CSR1	srd-39	25.182	5.61115222721388	0
CSR1	srd-4	25.712	7.46502083915896	0
CSR1	srd-40	23.926	10.0367870685568	0
CSR1	srd-41	23.14	6.06515913190876	0
CSR1	srd-42	19.05	8.13436599333949	0
CSR1	srd-43	24.84	10.7369119602847	0
CSR1	srd-44	25.6	2.80625391494715	0
CSR1	srd-45	13.26	4.79847843909149	0
CSR1	srd-46	21.678	7.37429369389923	0
CSR1	srd-47	24.316	11.7036597635486	0
CSR1	srd-48	23.328	13.8574771484548	0
CSR1	srd-49	23.592	16.1315203621839	0
CSR1	srd-5	24.854	7.10136431807162	0
CSR1	srd-50	21.51	23.8188806432515	0
CSR1	srd-51	24.272	8.6397428634732	0
CSR1	srd-53	22.13	4.33694349924439	0
CSR1	srd-54	23.36	1.72033658368237	0
CSR1	srd-55	11.878	7.10000508005635	0
CSR1	srd-56	8.35	3.23796546936426	0
CSR1	srd-58	16.116	4.73019875239664	0
CSR1	srd-59	27.036	4.57696695454103	0
CSR1	srd-61	21.288	0.75189067924528	0
CSR1	srd-63	21.388	18.8709008512623	0
CSR1	srd-64	20.986	23.2872267075151	0
CSR1	srd-65	26.328	1.99170396318463	0
CSR1	srd-66	27.552	3.27535029064473	0
CSR1	srd-67	26.738	8.73476732495524	0
CSR1	srd-68	27.406	5.61355367142708	0
CSR1	srd-69	19.932	16.9299282171077	0
CSR1	srd-7	25.494	12.7213543554492	0
CSR1	srd-70	14.166	3.16546270295571	0
CSR1	srd-72	19.752	4.07268981271334	0
CSR1	srd-73	23.144	15.2050005404625	0
CSR1	srd-74	27.822	3.62535982109701	0
CSR1	srd-8	24.598	11.7179484521017	0
CSR1	srd-9	24.194	14.6718543388083	0
CSR1	srdf-2.1	22.118	8.07179988915051	0
CSR1	srdf-2.2	24.862	9.63308695692874	0
CSR1	srdh-1	21.142	11.0624764294395	0
CSR1	sre-1	20.66	4.80127075826895	0
CSR1	sre-10	23.146	13.4033989528657	0
CSR1	sre-11	21.924	12.6157535083953	0
CSR1	sre-12	10.434	6.40434160114059	0
CSR1	sre-13	25.882	3.17991232707308	0
CSR1	sre-14	24.624	8.39492829638457	0
CSR1	sre-15	20.946	1.93268857096619	0
CSR1	sre-16	23.73	5.21013755461274	0
CSR1	sre-18	23.148	3.10567625912381	0
CSR1	sre-19	4.28	17.4750111694534	0
CSR1	sre-2	13.542	3.8764408243557	0
CSR1	sre-20	18.29	17.6098751345725	0
CSR1	sre-21	23.246	9.36930053889058	0
CSR1	sre-22	23.884	7.11684902906957	0
CSR1	sre-23	24.046	7.0925944780261	0
CSR1	sre-24	23.834	7.2286825949914	0
CSR1	sre-26	15.394	6.98053553527227	0
CSR1	sre-27	22.136	7.05498459870056	0
CSR1	sre-28	25.728	2.66840599341942	0
CSR1	sre-29	24.07	0.921055225483814	0
CSR1	sre-3	21.592	1.56831044436102	0
CSR1	sre-30	23.154	1.38595910148255	0
CSR1	sre-31	23.806	18.582104209086	0
CSR1	sre-32	21.556	8.69957929221678	0
CSR1	sre-33	23.974	5.89530331070106	0
CSR1	sre-34	21.412	5.17626145493023	0
CSR1	sre-35	22.272	6.60184940973505	0
CSR1	sre-36	19.578	14.8477025773229	0
CSR1	sre-37	25.686	5.84783629657624	0
CSR1	sre-38	24.012	14.2912735648869	0
CSR1	sre-39	24.15	12.1003467273813	0
CSR1	sre-4	13.822	29.8233708082119	0
CSR1	sre-40	23.412	6.60601185574848	0
CSR1	sre-41	16.576	10.6714063028641	0
CSR1	sre-42	20.456	17.3763953761411	0
CSR1	sre-43	24.402	4.49489991316555	0
CSR1	sre-44	20.894	4.13815969774236	0
CSR1	sre-45	22.358	1.68555063037218	0
CSR1	sre-46	24.968	3.48876181378214	0
CSR1	sre-47	10.962	2.46929682520936	0
CSR1	sre-48	22.374	18.7100082853858	0
CSR1	sre-49	25.544	9.65890922575399	0
CSR1	sre-5	23.288	12.4362593315977	0
CSR1	sre-50	25.008	2.51671724223812	0
CSR1	sre-51	18.33	1.51826732679496	0
CSR1	sre-52	23.244	13.8121798134719	0
CSR1	sre-53	24.85	6.0889048652486	0
CSR1	sre-54	19.14	6.97252413603061	0
CSR1	sre-55	22.382	15.5488952383011	0
CSR1	sre-56	20.458	1.17993839919127	0
CSR1	sre-6	23.594	5.40907462141409	0
CSR1	sre-7	25.136	6.32693979303669	0
CSR1	sre-8	23.55	10.7173057917469	0
CSR1	sre-9	24.718	7.06217665881713	0
CSR1	srf-3	23.002	7.35685327149208	0
CSR1	srg-1	24.368	13.4524350892645	0
CSR1	srg-10	18.426	4.47870084685996	0
CSR1	srg-11	24.344	8.54363693828413	0
CSR1	srg-13	25.474	6.70288259914528	0
CSR1	srg-14	23.946	8.19911202699716	0
CSR1	srg-15	13.814	49.4734964366394	0
CSR1	srg-16	13.45	3.60843818509137	0
CSR1	srg-17	23.93	7.96403592925225	0
CSR1	srg-2	23.688	2.8496847876998	0
CSR1	srg-20	23.108	2.87484507696415	0
CSR1	srg-21	23.256	2.78911692704527	0
CSR1	srg-22	25.776	4.68784024341066	0
CSR1	srg-23	22.882	5.1814069918267	0
CSR1	srg-24	21.506	0.828276604751859	0
CSR1	srg-25	21.712	10.2109235212138	0
CSR1	srg-26	13.816	2.83743780857015	0
CSR1	srg-27	5.654	4.67876427235632	0
CSR1	srg-28	12.342	2.86887265412165	0
CSR1	srg-29	26.638	1.92032772708079	0
CSR1	srg-3	26.254	3.36791160644985	0
CSR1	srg-30	24.544	2.49343449309248	0
CSR1	srg-31	24.088	13.8623259683833	0
CSR1	srg-32	20.236	3.41916966009333	0
CSR1	srg-33	21.626	20.0763881687331	0
CSR1	srg-34	21.996	3.49821489468598	0
CSR1	srg-36	19.9	6.46183090970263	0
CSR1	srg-37	25.758	4.06690851205688	0
CSR1	srg-38	20.552	14.9550400221346	0
CSR1	srg-39	23.83	11.7890585856957	0
CSR1	srg-4	25.808	7.45111848777583	0
CSR1	srg-40	24.834	5.91057314256943	0
CSR1	srg-41	14.814	1.25890352187702	0
CSR1	srg-42	3.432	2.10517387741124	1
CSR1	srg-44	19.146	29.7178906416354	0
CSR1	srg-45	9.994	1.27865607770502	0
CSR1	srg-46	20.994	24.1101857898446	0
CSR1	srg-47	18.888	6.33339941609019	0
CSR1	srg-48	29.68	2.62143670921912	0
CSR1	srg-5	24.826	7.96851845171768	0
CSR1	srg-50	24.362	6.79862893368079	0
CSR1	srg-51	22.708	3.60722029544634	0
CSR1	srg-53	25.806	3.34521836093383	0
CSR1	srg-54	27.752	2.3905138559672	0
CSR1	srg-55	21.126	6.65344424218848	0
CSR1	srg-56	5.506	3.05694116489952	0
CSR1	srg-57	21.618	2.44759882559949	0
CSR1	srg-58	19.286	4.44675570864438	0
CSR1	srg-59	25.738	9.36557772034499	0
CSR1	srg-6	13.81	2.36364934742208	0
CSR1	srg-60	26.562	8.0966073360238	0
CSR1	srg-61	12.828	4.73261351987068	0
CSR1	srg-62	25.038	19.2591350692974	0
CSR1	srg-64	24.292	10.8149187536756	0
CSR1	srg-65	25.482	6.35054534180713	0
CSR1	srg-66	26.894	2.56745957389102	0
CSR1	srg-67	24.312	8.95871462366717	0
CSR1	srg-68	26.508	4.04887339955199	0
CSR1	srg-69	18.882	8.76383325577905	0
CSR1	srg-7	15.654	3.79533154309705	0
CSR1	srg-8	22.968	13.1311788762565	0
CSR1	srg-9	19.278	10.9233031793954	0
CSR1	srgp-1	23.712	7.1209766548658	0
CSR1	srh-1	22.94	1.66250687232126	0
CSR1	srh-10	21.51	15.6334349107595	0
CSR1	srh-100	10.702	3.92972483280251	0
CSR1	srh-102	20.052	1.32480623313677	0
CSR1	srh-104	25.046	8.6160223289574	0
CSR1	srh-105	21.768	9.41275281577341	0
CSR1	srh-109	26.704	1.48369913344863	0
CSR1	srh-11	24.088	17.7040353773822	0
CSR1	srh-111	10.766	71.8141269585432	0
CSR1	srh-112	21.794	2.03800189299679	0
CSR1	srh-113	17.606	4.83801254205428	0
CSR1	srh-115	26.798	6.18258895545749	0
CSR1	srh-116	22.31	9.72363612093332	0
CSR1	srh-118	18.562	3.97705438082214	0
CSR1	srh-119	23.182	5.4665213913901	0
CSR1	srh-120	23.412	2.98066102038197	0
CSR1	srh-122	18.266	3.72087114805085	0
CSR1	srh-123	16.31	3.89295488740384	0
CSR1	srh-125	26.196	3.45863598349101	0
CSR1	srh-127	25.772	6.00948325059167	0
CSR1	srh-128	20.26	5.36498154398437	0
CSR1	srh-129	25.428	7.55566618806985	0
CSR1	srh-130	22.122	4.78087287378978	0
CSR1	srh-131	28.124	5.3301795807209	0
CSR1	srh-132	23.722	13.6425010210942	0
CSR1	srh-133	28.054	8.40613756161622	0
CSR1	srh-134	27.766	4.92294627863331	0
CSR1	srh-135	25.824	2.36762851764501	0
CSR1	srh-136	4.426	2.87394100608366	1
CSR1	srh-137	15.052	2.06829505246035	0
CSR1	srh-138	25.23	5.32856034506661	0
CSR1	srh-139	6.414	6.83301096959711	0
CSR1	srh-140	18.196	3.84004490267939	0
CSR1	srh-141	13.288	8.6959452153684	0
CSR1	srh-142	23.434	13.4846668748035	0
CSR1	srh-145	17.928	1.60570894193597	0
CSR1	srh-146	21.498	25.9136122615702	0
CSR1	srh-147	10.09	3.25777599878961	0
CSR1	srh-148	21.268	22.3005996008613	0
CSR1	srh-149	25.614	24.078367359432	0
CSR1	srh-15	26.25	3.186820933846	0
CSR1	srh-154	12.038	3.50148856335606	0
CSR1	srh-159	24.884	15.2426632099988	0
CSR1	srh-16	27.076	2.67651439823184	0
CSR1	srh-166	23.584	13.2724750083839	0
CSR1	srh-167	23.626	6.35638266603064	0
CSR1	srh-169	14.904	1.39181922533672	0
CSR1	srh-17	24.108	7.61807171048447	0
CSR1	srh-170	14.71	2.99887763427774	0
CSR1	srh-171	26.332	4.79772463678543	0
CSR1	srh-172	28.054	7.49275710395378	0
CSR1	srh-173	20.51	11.8432633521987	0
CSR1	srh-174	17.048	10.3118198257363	0
CSR1	srh-177	21.402	11.4755002498886	0
CSR1	srh-178	25.466	12.011740895949	0
CSR1	srh-179	21.478	19.7385058351852	0
CSR1	srh-18	14.48	43.1706899197604	0
CSR1	srh-180	25.682	12.7558043181803	0
CSR1	srh-181	26.998	5.56912534265239	0
CSR1	srh-182	23.776	30.1722151893842	0
CSR1	srh-183	13.768	1.35824138420741	0
CSR1	srh-184	22.352	15.9647809674725	0
CSR1	srh-185	25.546	8.5289376941633	0
CSR1	srh-186	21.604	6.93718498806909	0
CSR1	srh-187	24.306	4.70034818443839	0
CSR1	srh-19	24.378	7.2327459087712	0
CSR1	srh-190	22.99	7.0545253590934	0
CSR1	srh-192	27.038	0.765330053386781	0
CSR1	srh-193	23.418	15.9884054717817	0
CSR1	srh-194	25.05	2.30847621473868	0
CSR1	srh-195	21.826	35.0509675603491	0
CSR1	srh-199	26.456	11.2079600226806	0
CSR1	srh-2	25.586	1.46645278570265	0
CSR1	srh-20	6.458	3.22661292299804	0
CSR1	srh-200	23.152	6.50165902051483	0
CSR1	srh-201	26.062	2.10850268816196	0
CSR1	srh-203	21.924	9.80260480285597	0
CSR1	srh-204	24.062	7.31233582210492	0
CSR1	srh-206	22.602	15.6116119096968	0
CSR1	srh-207	20.058	7.43183616626734	0
CSR1	srh-208	21.106	2.37221424347482	0
CSR1	srh-209	19.008	4.63849897468829	0
CSR1	srh-21	23.578	14.5734154923077	0
CSR1	srh-211	24.912	2.65242564004275	0
CSR1	srh-212	26.328	7.57933534309827	0
CSR1	srh-213	26.294	1.81808821302668	0
CSR1	srh-214	23.794	4.47346109301213	0
CSR1	srh-215	25	3.27524044918842	0
CSR1	srh-216	17.646	4.01910251060035	0
CSR1	srh-217	24.576	4.99043848491646	0
CSR1	srh-218	21.634	16.088533513092	0
CSR1	srh-219	18.832	21.3836110545239	0
CSR1	srh-22	25.008	4.14040417817352	0
CSR1	srh-220	23.966	24.8204661323451	0
CSR1	srh-222	26.222	8.62729342190358	0
CSR1	srh-223	27.71	2.22168805075733	0
CSR1	srh-227	28.41	2.33151026038222	0
CSR1	srh-229	23.976	10.1614733069787	0
CSR1	srh-23	8.576	3.21519799897555	0
CSR1	srh-231	15.792	8.85409180050522	0
CSR1	srh-233	17.954	6.33704004595472	0
CSR1	srh-234	18.772	1.59608151207022	0
CSR1	srh-235	22.492	17.3272219727056	0
CSR1	srh-236	20.526	4.47265776278582	0
CSR1	srh-237	28.88	1.60274055554475	0
CSR1	srh-239	22.138	3.91394818613512	0
CSR1	srh-24	20.82	4.21303789809575	0
CSR1	srh-240	7.682	5.59856010995276	0
CSR1	srh-241	21.42	8.11264426822564	0
CSR1	srh-243	22.964	5.26268896106911	0
CSR1	srh-244	24.242	5.51452881864536	0
CSR1	srh-245	26.224	2.132995627845	0
CSR1	srh-246	24.104	10.7410832503092	0
CSR1	srh-247	24.39	3.43756103005241	0
CSR1	srh-248	25.794	8.82806083010668	0
CSR1	srh-25	8.018	2.14285174306955	0
CSR1	srh-250	24.992	4.84092095477167	0
CSR1	srh-251	21.968	5.7694215516664	0
CSR1	srh-252	14.708	2.76194273717725	0
CSR1	srh-255	25.466	7.1540405360919	0
CSR1	srh-257	24.178	18.4774090617575	0
CSR1	srh-258	27.932	3.39511971523918	0
CSR1	srh-264	26.236	2.48418770537095	0
CSR1	srh-265	23.444	2.78068973315143	0
CSR1	srh-266	25.632	3.16016052428577	0
CSR1	srh-268	23.584	14.1390389428435	0
CSR1	srh-269	23.252	9.73938375279534	0
CSR1	srh-27	25.458	9.83016217506306	0
CSR1	srh-270	23.556	13.1559379606932	0
CSR1	srh-271	26.036	4.19079009649302	0
CSR1	srh-272	22.502	3.221460739341	0
CSR1	srh-274	26.152	3.00154851396129	0
CSR1	srh-275	16.23	16.3381894118487	0
CSR1	srh-276	26.992	3.61179188695391	0
CSR1	srh-277	24.936	7.19787500679937	0
CSR1	srh-279	17.358	2.59131210701574	0
CSR1	srh-28	25.33	9.26438156485783	0
CSR1	srh-281	23.096	7.70280163864984	0
CSR1	srh-282	25.366	9.54878056707803	0
CSR1	srh-283	21.402	2.12620057874281	0
CSR1	srh-284	23.068	0.65126214727592	0
CSR1	srh-286	25.548	9.97504698528796	0
CSR1	srh-287	23.7	9.31367100497347	0
CSR1	srh-288	27.054	11.1289536810824	0
CSR1	srh-289	22.596	17.335910028772	0
CSR1	srh-290	19.52	30.7578059274439	0
CSR1	srh-291	23.362	9.5724134233986	0
CSR1	srh-292	25.836	6.97060211506599	0
CSR1	srh-293	25.678	8.13205817756014	0
CSR1	srh-295	25.682	10.0948919606808	0
CSR1	srh-296	22.752	5.91915286029317	0
CSR1	srh-297	24.866	6.20679903724019	0
CSR1	srh-298	19.864	3.09402652646437	0
CSR1	srh-299	14.822	3.47059968973088	0
CSR1	srh-3	24.794	7.19514675223495	0
CSR1	srh-30	25.358	7.08976924184586	0
CSR1	srh-300	21.942	19.3176082517518	0
CSR1	srh-301	26.114	2.3626893873093	0
CSR1	srh-303	21.406	25.4236654050675	0
CSR1	srh-304	22.128	4.54500473847387	0
CSR1	srh-308	19.772	28.2425533904188	0
CSR1	srh-31	26.902	6.70412509804127	0
CSR1	srh-32	23.646	15.0828938784539	0
CSR1	srh-33	24.038	9.58008679479398	0
CSR1	srh-34	26.602	6.80537028855451	0
CSR1	srh-35	26.822	1.46531472913704	0
CSR1	srh-36	26.77	2.64563783483389	0
CSR1	srh-37	23.342	16.1664605767191	0
CSR1	srh-38	21.468	21.0480581676353	0
CSR1	srh-39	9.352	1.47856167813889	0
CSR1	srh-4	18.206	3.51158931779713	0
CSR1	srh-40	26.554	4.70426950962039	0
CSR1	srh-41	21.926	7.32718431735019	0
CSR1	srh-42	26.414	1.84473344992479	0
CSR1	srh-44	27.752	6.18970161086651	0
CSR1	srh-45	24.488	5.24436080658279	0
CSR1	srh-46	4.224	8.20202320260354	1
CSR1	srh-47	4.468	4.37840636690448	1
CSR1	srh-48	21.508	1.5242057534486	0
CSR1	srh-49	24.09	3.63819705055829	0
CSR1	srh-5	21.758	20.3209533303388	0
CSR1	srh-50	27.006	5.16260475329583	0
CSR1	srh-51	25.624	9.87889944865934	0
CSR1	srh-52	26.092	5.05055118933486	0
CSR1	srh-55	24.424	12.2965587358952	0
CSR1	srh-56	21.458	14.2197479011122	0
CSR1	srh-57	20.29	2.8051555279086	0
CSR1	srh-59	25.366	7.29677434829109	0
CSR1	srh-60	27.126	6.41014410126863	0
CSR1	srh-61	15.796	4.78557793700333	0
CSR1	srh-62	15.97	3.48863826604486	0
CSR1	srh-63	20.924	7.06858195178354	0
CSR1	srh-67	22.822	1.28026224902346	0
CSR1	srh-68	22.398	15.0688685724779	0
CSR1	srh-69	22.84	3.83818440349267	0
CSR1	srh-7	26.224	1.60036015992497	0
CSR1	srh-70	23.518	3.22251901036824	0
CSR1	srh-71	16.604	32.6704935054886	0
CSR1	srh-72	13.872	7.62297591603106	0
CSR1	srh-73	23.63	10.2137269455329	0
CSR1	srh-74	24.776	7.59038178715437	0
CSR1	srh-75	23.632	1.87037401522599	0
CSR1	srh-76	14.464	2.37524159748003	0
CSR1	srh-78	21.766	13.6316156615677	0
CSR1	srh-79	15.352	4.79891387621199	0
CSR1	srh-8	25.586	10.6184347485414	0
CSR1	srh-80	15.41	7.25045971868052	0
CSR1	srh-82	24.348	2.72642433654992	0
CSR1	srh-83	23.008	7.53615059873696	0
CSR1	srh-85	18.792	4.26633344389278	0
CSR1	srh-87	24.428	13.0063668906084	0
CSR1	srh-88	23.812	10.3096241286311	0
CSR1	srh-89	27.122	4.59916401911698	0
CSR1	srh-92	25.346	6.41200245871078	0
CSR1	srh-95	12.612	1.80929684867021	0
CSR1	srh-97	24.466	4.51055894579463	0
CSR1	srh-98	23.496	0.845122092873678	0
CSR1	srh-99	16.902	4.59762589216471	0
CSR1	sri-1	26.5	9.94366474163958	0
CSR1	sri-10	23.354	11.9944492522736	0
CSR1	sri-11	22.934	7.54373821820378	0
CSR1	sri-12	25.158	13.3215795087462	0
CSR1	sri-13	13.268	28.2992136825595	0
CSR1	sri-14	25.292	7.911166775857	0
CSR1	sri-15	19.958	9.10498862395396	0
CSR1	sri-16	21.494	4.66124600966633	0
CSR1	sri-17	20.762	9.03489621311314	0
CSR1	sri-18	17.63	8.46129998215666	0
CSR1	sri-19	24.986	11.1197719613065	0
CSR1	sri-2	15.082	2.41596724070663	0
CSR1	sri-20	22.264	18.4400551570077	0
CSR1	sri-21	26.738	3.88891200405081	0
CSR1	sri-24	24.246	3.64053208241877	0
CSR1	sri-25	26.476	10.3563192886927	0
CSR1	sri-26	22.812	5.70022169179068	0
CSR1	sri-27	23.898	3.56162873328233	0
CSR1	sri-28	19.754	2.55145230686202	0
CSR1	sri-29	11.53	5.19947780999891	0
CSR1	sri-30	19.268	33.3682933965236	0
CSR1	sri-31	21.834	14.2678463115657	0
CSR1	sri-32	20.104	0.562319250340732	0
CSR1	sri-33	26.216	5.59255646954203	0
CSR1	sri-34	26.544	4.85288515674018	0
CSR1	sri-36	21.778	11.2654958309938	0
CSR1	sri-37	25.29	6.93907931649282	0
CSR1	sri-38	28.086	2.61139754279238	0
CSR1	sri-39	7.79	5.02694845935848	0
CSR1	sri-4	25.32	3.78354144187512	0
CSR1	sri-40	19.064	13.7180616477975	0
CSR1	sri-42	17.446	2.41852581741606	0
CSR1	sri-43	16.408	8.34862906328585	0
CSR1	sri-45	22.144	9.68844405665622	0
CSR1	sri-46	26.406	3.51220153830021	0
CSR1	sri-47	21.294	1.10962584648818	0
CSR1	sri-48	27.424	4.04184595558341	0
CSR1	sri-5	25.096	9.19829538852756	0
CSR1	sri-50	23.422	4.86360342525479	0
CSR1	sri-51	25.67	5.8508587599993	0
CSR1	sri-53	26.034	4.04748396218903	0
CSR1	sri-54	27.244	1.96906218816225	0
CSR1	sri-57	24.718	4.6352453094404	0
CSR1	sri-6	26.974	1.56883832341058	0
CSR1	sri-60	23.13	19.4276356800464	0
CSR1	sri-61	26.896	6.83892266584509	0
CSR1	sri-62	20.026	17.7874980832982	0
CSR1	sri-63	27.586	2.67339303695751	0
CSR1	sri-65	26.116	2.97900685136187	0
CSR1	sri-66	27.342	4.11990158923531	0
CSR1	sri-67	27.53	0.980411883491881	0
CSR1	sri-69	20.908	23.4858648614088	0
CSR1	sri-7	26.394	5.63985458451726	0
CSR1	sri-70	13.814	29.8057717225874	0
CSR1	sri-71	25.944	2.03677990942431	0
CSR1	sri-72	27.53	7.71374374238677	0
CSR1	sri-73	29.292	3.30773398803768	0
CSR1	sri-74	20.972	2.05295710839281	0
CSR1	sri-77	28.062	2.67804080115855	0
CSR1	sri-78	25.544	1.3859214432315	0
CSR1	sri-9	21.89	15.6582636284541	0
CSR1	srj-1	18.244	2.39631753846272	0
CSR1	srj-10	17.004	13.8776294144005	0
CSR1	srj-11	26.836	8.07776002028563	0
CSR1	srj-13	21.452	18.6202269975682	0
CSR1	srj-14	19.286	2.85312914330971	0
CSR1	srj-15	23.494	14.4669469493317	0
CSR1	srj-18	27.914	7.03072653701187	0
CSR1	srj-19	21.188	13.3634278599235	0
CSR1	srj-20	26.638	5.17345059568189	0
CSR1	srj-21	23.578	4.6940412255185	0
CSR1	srj-22	19.182	18.8536111402656	0
CSR1	srj-23	25.144	2.28528839160798	0
CSR1	srj-24	22.986	13.7828556819022	0
CSR1	srj-25	6.778	3.85207808878062	0
CSR1	srj-26	15.36	0.951278593502768	0
CSR1	srj-27	3.25	1.99407406104857	1
CSR1	srj-29	26.204	2.08212710467848	0
CSR1	srj-32	17.464	1.82229265056492	0
CSR1	srj-33	11.912	6.98478545812229	0
CSR1	srj-37	28.338	2.2406545678471	0
CSR1	srj-38	26.886	6.68788424303649	0
CSR1	srj-39	23.362	4.98203457286879	0
CSR1	srj-4	13.044	6.56215339692291	0
CSR1	srj-40	14.88	2.50420576396327	0
CSR1	srj-42	16.204	4.49990067117177	0
CSR1	srj-44	26.432	1.90585613372343	0
CSR1	srj-45	28.928	0.679780460664995	0
CSR1	srj-49	19.21	31.7831897616247	0
CSR1	srj-5	22.448	18.7640125358515	0
CSR1	srj-50	28.314	1.13034849038382	0
CSR1	srj-52	23.286	2.37198520444646	0
CSR1	srj-53	27.374	5.38256952726311	0
CSR1	srj-54	26.128	6.28503549127841	0
CSR1	srj-55	16.91	3.21221201265938	0
CSR1	srj-57	19.54	2.90720008940098	0
CSR1	srj-6	21.998	14.0878416255715	0
CSR1	srj-7	26.708	7.57644428907594	0
CSR1	srj-8	26.672	9.07219377151309	0
CSR1	srj-9	27.102	3.81274285988348	0
CSR1	srlf-1	29.186	1.62118684481143	0
CSR1	srlf-10	21.982	2.46777631167727	0
CSR1	srlf-11	25.188	14.0760912431815	0
CSR1	srlf-12	23.264	3.65833816114847	0
CSR1	srlf-13	22.968	15.1187129160343	0
CSR1	srlf-14	23.072	10.6681489151616	0
CSR1	srlf-15	21.338	6.60214367303412	0
CSR1	srlf-16	19.592	1.96836627873099	0
CSR1	srlf-17	10.632	36.9770672086441	0
CSR1	srlf-18	20.594	13.8216182985863	0
CSR1	srlf-19	22.96	1.21873419683217	0
CSR1	srlf-2	21.006	38.3700722160732	0
CSR1	srlf-20	23.238	11.3588031467141	0
CSR1	srlf-21	22.992	10.217771831132	0
CSR1	srlf-22	24.658	9.16015008807787	0
CSR1	srlf-23	25.26	6.66501381556427	0
CSR1	srlf-24	22.154	5.36604453389361	0
CSR1	srlf-26	19.51	10.34325615724	0
CSR1	srlf-27	20.292	21.8867143490547	0
CSR1	srlf-28	26.69	7.47567207078663	0
CSR1	srlf-29	19.698	16.9331986067097	0
CSR1	srlf-3	17.97	7.2561844637715	0
CSR1	srlf-30	25.148	4.53659817042523	0
CSR1	srlf-31	26.764	3.0049970911541	0
CSR1	srlf-32	24.788	12.9276575863807	0
CSR1	srlf-33	25.306	6.60824654551744	0
CSR1	srlf-34	29.152	1.20632360234356	0
CSR1	srlf-35	19.462	17.5647938530035	0
CSR1	srlf-4	27.834	2.42470569823161	0
CSR1	srlf-5	25.148	4.61992023863981	0
CSR1	srlf-6	19.512	26.9647693330435	0
CSR1	srlf-7	16.06	2.06185811828125	0
CSR1	srlf-9	24.306	6.42618078794874	0
CSR1	srm-1	28.458	1.37547706721608	0
CSR1	srm-2	22.77	6.63131458194517	0
CSR1	srm-3	25.48	1.82063006353896	0
CSR1	srm-4	20.988	3.52476173729927	0
CSR1	srm-5	19.504	20.9586968872109	0
CSR1	srm-6	7.128	2.36507188696818	0
CSR1	srn-1	19.226	3.28456413604732	0
CSR1	sro-1	24.98	5.80616197255913	0
CSR1	srp-1	27.054	5.84786319276728	0
CSR1	srp-2	21.646	19.9551878918113	0
CSR1	srp-3	27.412	5.04461706798011	0
CSR1	srp-6	26.848	13.2693872434622	0
CSR1	srp-7	25.556	10.3804755568642	0
CSR1	srp-8	11.482	8.72112067980835	0
CSR1	srpa-68	17.548	34.9242812296735	0
CSR1	srpa-72	25.77	7.78638637400897	0
CSR1	srr-1	25.252	8.86750783919044	0
CSR1	srr-10	28.3	1.39542421158856	0
CSR1	srr-2	25.802	4.73541040935678	0
CSR1	srr-3	23.092	0.848270474241512	0
CSR1	srr-4	27.266	5.40532083199033	0
CSR1	srr-6	28.284	1.38081916620856	0
CSR1	srr-7	3.198	1.78811487873618	1
CSR1	srr-8	27.922	2.03170192691526	0
CSR1	srr-9	24.034	1.21220655635384	0
CSR1	srsx-1	22.088	14.441784011183	0
CSR1	srsx-10	22.952	22.6889322490714	0
CSR1	srsx-11	11.716	1.30649207977651	0
CSR1	srsx-12	19.376	24.272993004613	0
CSR1	srsx-13	24.762	16.6956752749016	0
CSR1	srsx-14	15.462	26.2158105091766	0
CSR1	srsx-15	14.566	6.03651045585282	0
CSR1	srsx-16	19.408	22.1740001362888	0
CSR1	srsx-17	17.406	2.10251912645433	0
CSR1	srsx-18	12.454	2.29060382382101	0
CSR1	srsx-19	17.468	24.6171870310628	0
CSR1	srsx-2	25.71	8.91743723193231	0
CSR1	srsx-21	22.736	2.25123072965037	0
CSR1	srsx-22	23.788	5.48941306735284	0
CSR1	srsx-24	21.826	7.14498603377387	0
CSR1	srsx-25	11.868	2.58707617163331	0
CSR1	srsx-26	25.436	4.41001260220388	0
CSR1	srsx-27	21.096	8.94734917127555	0
CSR1	srsx-28	15.124	0.681710469123617	0
CSR1	srsx-29	23.284	3.55556091062086	0
CSR1	srsx-3	26.712	2.45078084612765	0
CSR1	srsx-30	25.54	5.51422218927053	0
CSR1	srsx-31	16.344	3.35947102474408	0
CSR1	srsx-32	20.722	15.8484524635607	0
CSR1	srsx-33	18.854	19.8132472979632	0
CSR1	srsx-34	21.902	19.5772294752145	0
CSR1	srsx-35	22.24	1.63733286475118	0
CSR1	srsx-36	15.74	1.45778829804114	0
CSR1	srsx-37	25.938	6.21204023087493	0
CSR1	srsx-38	9.594	6.67921807649064	0
CSR1	srsx-39	11.13	6.23095766016734	0
CSR1	srsx-40	23.076	4.14916008814222	0
CSR1	srsx-5	26.386	3.6493891722668	0
CSR1	srsx-6	23.834	12.314415907986	0
CSR1	srsx-7	23.354	1.06214102002275	0
CSR1	srsx-8	23.83	6.96954745850665	0
CSR1	srsx-9	7.436	3.34124835065829	0
CSR1	srsy-1	26.442	6.51328463766852	0
CSR1	srsy-2	15.664	2.81246882579333	0
CSR1	srt-1	13.694	5.5780533493731	0
CSR1	srt-11	18.444	7.03402191244829	0
CSR1	srt-12	21.93	4.87031001885579	0
CSR1	srt-13	11.83	1.67895385173637	0
CSR1	srt-14	18.218	6.08104487027653	0
CSR1	srt-15	22.784	16.6029976527635	0
CSR1	srt-16	25.388	1.10196849232039	0
CSR1	srt-17	24.352	6.40771599125285	0
CSR1	srt-18	25.52	4.57298642279483	0
CSR1	srt-19	24.7	13.2824685293774	0
CSR1	srt-20	22.104	9.05811745873482	0
CSR1	srt-22	26.408	6.95313367927921	0
CSR1	srt-23	19.858	8.78687822458163	0
CSR1	srt-24	17.686	20.0975866291886	0
CSR1	srt-27	26.562	10.010604380552	0
CSR1	srt-28	13.9	5.43820178099691	0
CSR1	srt-29	16	44.7573318016166	0
CSR1	srt-3	20.854	21.3624878709091	0
CSR1	srt-30	28.56	5.74112254849306	0
CSR1	srt-31	29.084	0.795136268439682	0
CSR1	srt-32	27.234	11.4797109984157	0
CSR1	srt-33	28.394	0.762548065237687	0
CSR1	srt-34	24.454	14.0425578376157	0
CSR1	srt-35	26.864	7.54972924346062	0
CSR1	srt-36	26.62	11.7310113532412	0
CSR1	srt-37	25.368	10.5346779012873	0
CSR1	srt-38	20.282	1.94657207728892	0
CSR1	srt-39	23.638	2.77368948670114	0
CSR1	srt-4	16.138	6.43791916244737	0
CSR1	srt-40	27.722	2.90628323048905	0
CSR1	srt-41	14.95	1.59205755657684	0
CSR1	srt-42	23.066	16.5749444620349	0
CSR1	srt-43	21.232	17.3799186820287	0
CSR1	srt-44	23.328	8.90159666694779	0
CSR1	srt-45	22.94	16.2595160212255	0
CSR1	srt-47	20.246	26.7723057576968	0
CSR1	srt-48	22.062	20.0097033189006	0
CSR1	srt-49	14.168	0.620154789285397	0
CSR1	srt-5	6.01	8.61215593651084	0
CSR1	srt-50	22.948	16.2993593618083	0
CSR1	srt-52	15.824	1.08412374536116	0
CSR1	srt-53	5.594	3.73396415438997	0
CSR1	srt-54	24.342	5.60374571317053	0
CSR1	srt-55	22.57	1.5655347580022	0
CSR1	srt-56	23.126	14.9742759390016	0
CSR1	srt-59	21.142	4.33509625305427	0
CSR1	srt-6	8.668	17.6451727385196	0
CSR1	srt-61	16.024	12.4176642739514	0
CSR1	srt-62	21.944	16.4152219224542	0
CSR1	srt-63	24.928	6.1359326770038	0
CSR1	srt-64	21.282	26.5486185068409	0
CSR1	srt-65	24.17	4.63125703564939	0
CSR1	srt-67	23.598	10.5939232120383	0
CSR1	srt-68	23.932	0.564794266725829	0
CSR1	srt-69	25.602	10.9880136627264	0
CSR1	srt-7	8.44	12.2362449814813	0
CSR1	srt-70	23.312	19.2761619147096	0
CSR1	srt-73	21.158	10.2939091954443	0
CSR1	srt-74	25.74	1.71182811475278	0
CSR1	srt-8	10.85	13.9650346229205	0
CSR1	srtx-1	22.594	3.75823162714234	0
CSR1	sru-1	23.79	7.06754304433941	0
CSR1	sru-11	13.036	8.57301118278838	0
CSR1	sru-12	21.538	7.99879158023847	0
CSR1	sru-13	10.032	9.31535005449994	0
CSR1	sru-15	17.996	9.71680713360511	0
CSR1	sru-16	11.948	7.36891020505928	0
CSR1	sru-17	26.794	9.58293154129857	0
CSR1	sru-18	25.728	6.63595707590988	0
CSR1	sru-19	7.004	4.36412354879278	0
CSR1	sru-2	19.202	1.73326358378575	0
CSR1	sru-20	26.144	2.08462586879077	0
CSR1	sru-21	25.1	5.80983873471501	0
CSR1	sru-22	20.022	10.0447575468628	0
CSR1	sru-23	20.37	10.3386331961084	0
CSR1	sru-24	21.962	17.0902217450336	0
CSR1	sru-25	24.498	10.9324084609024	0
CSR1	sru-26	27.958	4.2441487825329	0
CSR1	sru-27	27.056	4.33592658367504	0
CSR1	sru-28	4.65	3.66223362708095	1
CSR1	sru-29	20.55	3.62718153841056	0
CSR1	sru-3	24.202	9.58217255913441	0
CSR1	sru-30	12.51	3.21587413107777	0
CSR1	sru-31	26.624	6.56413591319868	0
CSR1	sru-35	26.428	8.20450788020924	0
CSR1	sru-36	23.174	13.6535280198821	0
CSR1	sru-37	13.13	5.6823290702723	0
CSR1	sru-38	20.004	2.29508013632889	0
CSR1	sru-39	18.616	7.97023271077744	0
CSR1	sru-4	17.976	6.3116578997917	0
CSR1	sru-40	18.944	3.26909834070149	0
CSR1	sru-42	21.524	7.22554669941457	0
CSR1	sru-44	16.074	4.03819445103185	0
CSR1	sru-45	20.492	3.88767219012895	0
CSR1	sru-47	19.676	1.44940105220714	0
CSR1	sru-48	22.83	10.856495293219	0
CSR1	sru-6	19.554	6.01575398664366	0
CSR1	sru-7	15.208	3.41115051801651	0
CSR1	sru-8	25.724	6.5835617774412	0
CSR1	sru-9	19.26	10.4440126718363	0
CSR1	srv-1	21.618	8.11341650638357	0
CSR1	srv-10	25.274	1.91592684049484	0
CSR1	srv-11	25.412	5.74406371833281	0
CSR1	srv-12	23.536	8.45890014067757	0
CSR1	srv-13	20.642	5.49229503942692	0
CSR1	srv-14	12.2	3.05155909327644	0
CSR1	srv-15	7.33	3.32358191407362	0
CSR1	srv-16	21.88	5.29306893139875	0
CSR1	srv-17	20.918	26.1025872089348	0
CSR1	srv-19	22.22	3.94489540854189	0
CSR1	srv-2	21.71	18.9949463684366	0
CSR1	srv-21	8.252	8.70299671304602	0
CSR1	srv-22	7.434	8.62358378312942	0
CSR1	srv-24	10.4	9.38054569702448	0
CSR1	srv-25	5.316	1.32748523433991	0
CSR1	srv-26	19.062	22.288889093075	0
CSR1	srv-27	20.496	11.106056948844	0
CSR1	srv-28	21.56	17.8336049482431	0
CSR1	srv-29	15.884	40.9073110770596	0
CSR1	srv-3	28.728	1.81582854524707	0
CSR1	srv-30	21.698	19.328000073049	0
CSR1	srv-31	17.226	25.2804880605044	0
CSR1	srv-32	21.216	12.0115851973	0
CSR1	srv-34	18.106	2.27807456418281	0
CSR1	srv-4	21.626	12.1742295889872	0
CSR1	srv-5	25.07	1.64850245869739	0
CSR1	srv-6	20.298	8.56160636426441	0
CSR1	srv-7	18.94	18.1978857526349	0
CSR1	srv-8	22.614	5.00947006266954	0
CSR1	srv-9	23.6	8.66279335989973	0
CSR1	srw-1	4.064	5.0715248141686	1
CSR1	srw-10	6.618	20.0128562947927	0
CSR1	srw-100	21.492	14.3076834034267	0
CSR1	srw-101	23.694	12.8226352153981	0
CSR1	srw-102	26.408	3.63095997839591	0
CSR1	srw-103	27.184	6.52273867100902	0
CSR1	srw-107	17.45	5.80779038383944	0
CSR1	srw-108	26.588	6.72213049645911	0
CSR1	srw-109	17.068	15.4095316232578	0
CSR1	srw-11	25.504	4.48316077625743	0
CSR1	srw-111	17.87	3.25144690460748	0
CSR1	srw-112	7.45	6.41211861073621	0
CSR1	srw-113	25.442	9.95099680966087	0
CSR1	srw-115	7.528	4.64494253718209	0
CSR1	srw-117	18.188	6.44940332321119	0
CSR1	srw-118	9.374	4.76577527671213	0
CSR1	srw-119	24.478	23.1901640292698	0
CSR1	srw-12	13.34	3.47182494060252	0
CSR1	srw-120	28.312	3.53978036906308	0
CSR1	srw-121	15.374	2.87951271074382	0
CSR1	srw-122	21.724	21.2946716736671	0
CSR1	srw-123	11.984	6.02698753475287	0
CSR1	srw-124	19.902	4.59888680451097	0
CSR1	srw-127	14.964	7.32581170791239	0
CSR1	srw-129	26.892	2.94360155412958	0
CSR1	srw-13	19.81	12.5036035705109	0
CSR1	srw-130	16.156	0.615240091101223	0
CSR1	srw-133	17.522	7.28349017430435	0
CSR1	srw-134	27.124	4.18628034138984	0
CSR1	srw-135	23.124	3.01021402756448	0
CSR1	srw-136	8.532	5.31602985203013	0
CSR1	srw-137	26.1	7.36943076888979	0
CSR1	srw-138	24.982	11.9803057356637	0
CSR1	srw-139	28.936	1.79650439853976	0
CSR1	srw-14	22.87	8.51169779164096	0
CSR1	srw-140	28.642	2.12779264042668	0
CSR1	srw-141	9.434	7.03145612716219	0
CSR1	srw-142	7.804	3.97913636486509	0
CSR1	srw-143	4.614	6.49038126891887	1
CSR1	srw-144	5.182	6.34388303473348	0
CSR1	srw-145	26.49	7.63154361732775	0
CSR1	srw-15	8.868	8.85381185665011	0
CSR1	srw-16	23.112	6.55024374501895	0
CSR1	srw-17	6.93	7.47928681522554	0
CSR1	srw-19	25.738	7.87128813523567	0
CSR1	srw-2	15.582	11.586980585253	0
CSR1	srw-20	9.548	13.0444053960536	0
CSR1	srw-21	9.308	3.07213732103439	0
CSR1	srw-22	23.262	7.88704865923488	0
CSR1	srw-23	22.894	3.50507770946768	0
CSR1	srw-24	25.772	1.95581859608006	0
CSR1	srw-26	20.776	6.33518999368921	0
CSR1	srw-29	19.396	7.30370320650627	0
CSR1	srw-3	18.86	5.59391223899629	0
CSR1	srw-31	15.146	3.03265279665339	0
CSR1	srw-32	14.246	2.44154003546092	0
CSR1	srw-33	16.824	2.89382589521905	0
CSR1	srw-34	23.396	15.3357976171727	0
CSR1	srw-35	12.768	3.36934233241878	0
CSR1	srw-36	29.168	1.30266224720705	0
CSR1	srw-38	25.312	9.8272464163818	0
CSR1	srw-39	16.812	32.2724247823479	0
CSR1	srw-4	23.568	11.0709805342202	0
CSR1	srw-40	8.89	3.22699399050193	0
CSR1	srw-41	19.622	23.3874304732845	0
CSR1	srw-42	6.868	6.98544491620496	0
CSR1	srw-43	22.11	16.4118664218421	0
CSR1	srw-44	27.39	4.72437170343695	0
CSR1	srw-48	13.902	2.00921165533114	0
CSR1	srw-51	9.236	3.38650797374925	0
CSR1	srw-53	8.944	3.49080805731944	0
CSR1	srw-54	24.876	7.39327857571328	0
CSR1	srw-55	16.47	42.7872690838327	0
CSR1	srw-56	8.732	3.75343454710173	0
CSR1	srw-57	27.662	4.60509100901034	0
CSR1	srw-59	26.1	4.01147778542877	0
CSR1	srw-6	24.978	8.05819797043079	0
CSR1	srw-60	12.698	2.37135451351232	0
CSR1	srw-61	13.176	4.43732768434059	0
CSR1	srw-62	13.452	4.66659195821465	0
CSR1	srw-63	27.778	4.21899115911356	0
CSR1	srw-66	25.484	5.17150930881207	0
CSR1	srw-67	15.508	5.05654081294827	0
CSR1	srw-68	14.772	2.66061952781706	0
CSR1	srw-69	23.832	20.8100350364171	0
CSR1	srw-7	22.928	16.7665105534254	0
CSR1	srw-71	9.924	7.98075474552286	0
CSR1	srw-72	22.576	9.80495772818403	0
CSR1	srw-73	15	1.23198124083842	0
CSR1	srw-76	28.722	2.11814944789956	0
CSR1	srw-77	26.428	0.348238999995262	0
CSR1	srw-79	20.098	14.3958180153036	0
CSR1	srw-8	21.168	5.4206378981124	0
CSR1	srw-82	24.662	11.0464820047579	0
CSR1	srw-83	12.786	3.19401745107062	0
CSR1	srw-84	12.698	3.92081779547386	0
CSR1	srw-85	24.05	7.64304052032163	0
CSR1	srw-86	26.274	3.2413554239387	0
CSR1	srw-87	23.922	16.8781647894638	0
CSR1	srw-88	13.634	4.75381977586871	0
CSR1	srw-89	22.68	20.6617303867761	0
CSR1	srw-9	13.358	4.39915664902646	0
CSR1	srw-90	16.21	18.8366201091476	0
CSR1	srw-91	6.316	5.64190202410715	0
CSR1	srw-94	15.056	7.98760507423709	0
CSR1	srw-95	19.912	5.05106650760438	0
CSR1	srw-97	16.144	1.83678103961619	0
CSR1	srw-98	15.206	1.62463834318012	0
CSR1	srw-99	23.174	6.29636488118409	0
CSR1	srx-1	16.626	8.83232154595978	0
CSR1	srx-10	19.866	4.18262949543744	0
CSR1	srx-101	16.372	3.11010031948514	0
CSR1	srx-102	19.156	4.70950605750303	0
CSR1	srx-104	15.586	14.5025769976738	0
CSR1	srx-105	18.748	5.34860359332281	0
CSR1	srx-108	17.398	5.5805951399822	0
CSR1	srx-110	13.694	8.48699505906884	0
CSR1	srx-111	19.418	4.85268859078747	0
CSR1	srx-112	21.526	13.1164721181301	0
CSR1	srx-113	15.712	3.28604998671725	0
CSR1	srx-114	18.894	19.1145687034004	0
CSR1	srx-115	22.644	12.4518525393235	0
CSR1	srx-116	18.418	1.8228797539575	0
CSR1	srx-117	18.406	4.0271403627582	0
CSR1	srx-118	14.04	19.0358247225677	0
CSR1	srx-119	21.41	3.9031918784322	0
CSR1	srx-12	19.792	10.505555191826	0
CSR1	srx-120	23.606	7.30329433695571	0
CSR1	srx-121	17.798	6.31705066005366	0
CSR1	srx-122	26.222	7.66604962688943	0
CSR1	srx-125	15.858	3.6959628736174	0
CSR1	srx-128	8.72	2.19243741907169	0
CSR1	srx-129	9.806	0.671045640479792	0
CSR1	srx-13	16.27	4.82532030606777	0
CSR1	srx-130	11.126	5.82888185489133	0
CSR1	srx-131	10.152	3.84753840946331	0
CSR1	srx-133	10.342	7.0361752939426	0
CSR1	srx-134	6.192	7.59679348086859	0
CSR1	srx-135	14.208	50.2751440565325	0
CSR1	srx-136	20.968	20.4521983848715	0
CSR1	srx-137	18.246	25.1200409193372	0
CSR1	srx-14	20.286	19.8827781954822	0
CSR1	srx-16	22.32	14.5359932563044	0
CSR1	srx-17	16.268	1.04716360683685	0
CSR1	srx-18	22.906	12.0317377120824	0
CSR1	srx-19	22.14	18.2169408985908	0
CSR1	srx-2	13.158	4.44463261952996	0
CSR1	srx-20	14.706	3.3584434985562	0
CSR1	srx-21	20.428	6.4881255186971	0
CSR1	srx-22	12.076	2.73933467718074	0
CSR1	srx-23	26.444	11.0339303313262	0
CSR1	srx-24	18.748	2.76088058306927	0
CSR1	srx-26	23.66	2.05846080505257	0
CSR1	srx-28	20.506	4.14148352967587	0
CSR1	srx-29	24.988	7.80607477365278	0
CSR1	srx-3	20.126	6.16905329489055	0
CSR1	srx-31	22.714	16.4860152039019	0
CSR1	srx-32	23.676	13.9222725491759	0
CSR1	srx-33	5.644	5.68301068652855	0
CSR1	srx-34	12.124	3.64907483848928	0
CSR1	srx-36	7.832	2.67887432772373	0
CSR1	srx-38	22.662	14.9047272214776	0
CSR1	srx-39	22.754	2.31378601332298	0
CSR1	srx-4	26.884	4.82374397393458	0
CSR1	srx-41	24.45	14.1269575112876	0
CSR1	srx-42	25.898	8.08509069119612	0
CSR1	srx-43	18.604	31.4639014486663	0
CSR1	srx-44	27.38	1.86732257577271	0
CSR1	srx-45	6.074	2.86249202906151	0
CSR1	srx-46	23.966	5.61468372271309	0
CSR1	srx-47	23.176	15.1968753235652	0
CSR1	srx-48	20.572	1.80753812280718	0
CSR1	srx-5	11.858	8.91768611124833	0
CSR1	srx-50	24.042	11.565020346871	0
CSR1	srx-51	17.806	4.6312440474828	0
CSR1	srx-54	20.83	0.644984581975247	0
CSR1	srx-56	5.188	3.25517838590356	0
CSR1	srx-58	17.91	7.50702035018291	0
CSR1	srx-59	23.562	13.1868766994461	0
CSR1	srx-6	22.256	1.72989977287803	0
CSR1	srx-60	23.188	1.85726358754278	0
CSR1	srx-62	20.65	4.08318891119897	0
CSR1	srx-63	18.61	1.87840497506164	0
CSR1	srx-64	19.522	4.7089278236581	0
CSR1	srx-65	22.768	5.09358248204652	0
CSR1	srx-66	22.81	12.3585283301126	0
CSR1	srx-67	16.862	43.7489134045249	0
CSR1	srx-68	20.248	16.8818687060635	0
CSR1	srx-7	18.276	5.9907271203615	0
CSR1	srx-73	19.44	23.0330644039169	0
CSR1	srx-74	24.332	14.5538903634986	0
CSR1	srx-76	22.05	7.27195010457547	0
CSR1	srx-77	21.696	11.3789688226115	0
CSR1	srx-78	8.824	2.09364307369075	0
CSR1	srx-8	25.896	4.16548368234534	0
CSR1	srx-80	10.35	2.04159870619473	0
CSR1	srx-82	2.896	2.15088556662948	1
CSR1	srx-84	15.504	5.1344182145893	0
CSR1	srx-85	17.258	4.35919444096249	0
CSR1	srx-86	22.224	10.572124247988	0
CSR1	srx-87	19.338	21.7622345838417	0
CSR1	srx-88	27.702	1.79703713365792	0
CSR1	srx-9	21.648	3.83524100839169	0
CSR1	srx-90	23.044	6.58261651984382	0
CSR1	srx-92	24.602	4.09037907490669	0
CSR1	srx-93	24.842	11.0395979697576	0
CSR1	srx-95	14.988	9.80516803208035	0
CSR1	srx-96	21.048	9.72598257791681	0
CSR1	srx-97	26.798	10.714512195402	0
CSR1	srx-98	14.348	2.29225034544259	0
CSR1	srxa-1	25.044	7.18926885251734	0
CSR1	srxa-10	27.448	4.34765389434678	0
CSR1	srxa-11	7.434	3.22364234094834	0
CSR1	srxa-12	25.016	13.1147951680054	0
CSR1	srxa-13	16.716	10.9752324218198	0
CSR1	srxa-14	17.5	3.027223419679	0
CSR1	srxa-15	23.552	6.20336603787294	0
CSR1	srxa-16	20.544	18.7045012147618	0
CSR1	srxa-18	21.96	18.0537322471449	0
CSR1	srxa-19	26.27	13.8391576947937	0
CSR1	srxa-2	24.766	10.5179140728073	0
CSR1	srxa-4	24.756	8.50217837227743	0
CSR1	srxa-5	26.81	2.99094669104505	0
CSR1	srxa-6	20.838	18.9773185837105	0
CSR1	srxa-7	16.994	12.8854636585605	0
CSR1	srxa-8	24.6	9.68068755550758	0
CSR1	srxa-9	24.064	1.93169905200235	0
CSR1	srz-1	20.496	22.9654468273268	0
CSR1	srz-10	22.004	10.5855504122533	0
CSR1	srz-100	20.946	10.0492035409191	0
CSR1	srz-101	16.314	5.2889085729305	0
CSR1	srz-102	22.264	2.57621173877983	0
CSR1	srz-103	13.518	7.22263254959713	0
CSR1	srz-104	20.89	5.78294059396474	0
CSR1	srz-105	23.688	8.49283515474659	0
CSR1	srz-11	26.108	3.95688450132106	0
CSR1	srz-12	26.136	5.30569909581609	0
CSR1	srz-13	22.296	5.27849936242499	0
CSR1	srz-14	11.642	2.81064701343448	0
CSR1	srz-15	19.416	1.98894487083202	0
CSR1	srz-16	26.258	4.35699049788447	0
CSR1	srz-18	25.966	7.49180696046881	0
CSR1	srz-19	26.474	2.47673368496709	0
CSR1	srz-20	26.648	4.62787294247892	0
CSR1	srz-23	25.21	1.03742140663404	0
CSR1	srz-24	23.88	6.17107171833376	0
CSR1	srz-25	26.114	5.4998113468789	0
CSR1	srz-29	20.036	9.50324079890683	0
CSR1	srz-3	11.536	2.0307282197429	0
CSR1	srz-31	21.736	11.2790193035415	0
CSR1	srz-32	25.176	1.02606254013964	0
CSR1	srz-37	25.788	7.72121882319768	0
CSR1	srz-38	14.25	34.1690977222184	0
CSR1	srz-4	4.858	3.21014222966125	1
CSR1	srz-42	25.978	3.61981798231749	0
CSR1	srz-44	24.874	4.13907413843476	0
CSR1	srz-47	16.206	24.9255865440236	0
CSR1	srz-48	25.3	12.1820913446326	0
CSR1	srz-5	25.962	9.17369147672887	0
CSR1	srz-54	2.304	1.17267847969673	1
CSR1	srz-56	24.532	1.23317595964057	0
CSR1	srz-58	16.982	7.25114508954816	0
CSR1	srz-59	26.88	6.03854351674659	0
CSR1	srz-6	24.744	6.74569784627842	0
CSR1	srz-60	28.856	3.80711430136342	0
CSR1	srz-61	17.356	2.34487588042925	0
CSR1	srz-62	24.838	1.4769218086539	0
CSR1	srz-63	23.502	6.76192865349951	0
CSR1	srz-64	26.236	4.41142195225918	0
CSR1	srz-66	24.398	3.92388929635096	0
CSR1	srz-67	23.82	9.11386004761644	0
CSR1	srz-69	23.318	7.84651445149647	0
CSR1	srz-70	25.264	5.89563434605132	0
CSR1	srz-71	18.854	19.1387394498924	0
CSR1	srz-72	24.26	1.12961167403501	0
CSR1	srz-74	23.938	3.93894680157571	0
CSR1	srz-75	26.776	2.31393973425429	0
CSR1	srz-78	20.568	23.6983486802203	0
CSR1	srz-79	26.286	2.51150505755913	0
CSR1	srz-82	20.592	3.64193213272259	0
CSR1	srz-83	20.04	5.06075120354797	0
CSR1	srz-85	7.636	6.74633922809111	0
CSR1	srz-9	11.346	22.6034006456834	0
CSR1	srz-90	11.138	3.21053285799546	0
CSR1	srz-91	19.498	6.8525107240489	0
CSR1	srz-94	20.752	7.01864652192769	0
CSR1	srz-95	15.514	48.5032509304458	0
CSR1	srz-96	16.318	7.10202824903755	0
CSR1	srz-97	17.898	2.39970783866249	0
CSR1	srz-99	21.086	9.06730039408452	0
CSR1	ssb-1	8.372	7.82502003908387	0
CSR1	sshk-1	19.152	3.41460333572819	0
CSR1	ssna-1	27.872	1.24942029302448	0
CSR1	ssp-10	27.886	4.31059460483012	0
CSR1	ssp-16	27.024	2.43463649761892	0
CSR1	ssp-19	27.946	2.06330346837958	0
CSR1	ssp-31	28.142	1.10824173019023	0
CSR1	ssp-32	15.16	3.74511049857391	0
CSR1	ssp-33	28.044	3.19102501362772	0
CSR1	ssp-34	28.118	3.31612113535005	0
CSR1	ssp-35	27.372	5.03458821957498	0
CSR1	ssp-36	26.164	3.6444562236047	0
CSR1	ssp-37	27.022	8.59358477780069	0
CSR1	ssp-9	16.624	2.85892892958073	0
CSR1	ssq-1	16.028	12.3854334592605	0
CSR1	ssq-2	25.626	6.58357524105338	0
CSR1	ssq-3	28.176	2.22176034525847	0
CSR1	ssq-4	24.344	8.32932469944109	0
CSR1	ssr-2	23.932	9.47532731169514	0
CSR1	sss-1	24.85	6.00575816065653	0
CSR1	sssh-1	23.714	6.46995382345376	0
CSR1	sst-20	27.642	9.26728717896914	0
CSR1	ssu-1	22.076	6.6033170120951	0
CSR1	ssu-2	23.3	8.13635884427837	0
CSR1	ssup-72	25.366	5.74760269059893	0
CSR1	sta-1	22.466	11.9623751851788	0
CSR1	sta-2	26.386	7.96208598409907	0
CSR1	stam-1	19.158	11.1873535739892	0
CSR1	stau-1	22.532	11.3533552046606	0
CSR1	stc-1	26.002	5.36034525152926	0
CSR1	stdh-1	27.144	9.65604205236102	0
CSR1	stdh-2	29.034	2.3979663090512	0
CSR1	stdh-3	29.354	2.22436297319642	0
CSR1	stdh-4	24.416	14.5848475016529	0
CSR1	stg-1	24.256	0.963599167914699	0
CSR1	stg-2	11.634	2.16138698226588	0
CSR1	sth-1	22.518	1.32462205103245	0
CSR1	sti-1	27.652	4.12412641901204	0
CSR1	stim-1	20.086	2.6448931359368	0
CSR1	stip-1	13.058	39.6331675997641	0
CSR1	stl-1	26.39	7.52367343230209	0
CSR1	stn-1	26.954	3.43077982385782	0
CSR1	stn-2	28.292	2.70219983278034	0
CSR1	sto-1	25.306	6.65492846272571	0
CSR1	sto-2	20.822	7.79477492201463	0
CSR1	sto-3	23.06	6.3980108701034	0
CSR1	sto-4	24.554	2.29204082512483	0
CSR1	sto-5	26.086	9.5120221869124	0
CSR1	sto-6	22.924	4.61064258903451	0
CSR1	str-1	25.15	13.2093854538384	0
CSR1	str-10	10.772	7.20920736437279	0
CSR1	str-101	5.552	6.27359882148415	0
CSR1	str-102	22.112	10.5390794727001	0
CSR1	str-103	26.854	1.52645648788823	0
CSR1	str-106	19.232	1.55269063291931	0
CSR1	str-108	15.714	2.03022641704401	0
CSR1	str-109	20.61	23.1936653582571	0
CSR1	str-111	25.588	5.49501888515072	0
CSR1	str-112	29.128	3.43564518705662	0
CSR1	str-113	26.516	6.91259235460807	0
CSR1	str-114	13.42	2.00846974246551	0
CSR1	str-115	21.62	10.696008450106	0
CSR1	str-116	25.452	11.2786736227696	0
CSR1	str-118	26.438	4.01574486261044	0
CSR1	str-119	25.97	5.44454513849159	0
CSR1	str-12	23.406	17.7341404955994	0
CSR1	str-120	25.658	12.9554306284949	0
CSR1	str-121	23.842	15.0067703919432	0
CSR1	str-123	14.938	8.27575431008304	0
CSR1	str-124	21.3	6.65508482815656	0
CSR1	str-125	20.286	5.0262372037656	0
CSR1	str-129	25.844	6.03228464353553	0
CSR1	str-13	28.246	3.94754890393102	0
CSR1	str-130	26.366	5.36368358271713	0
CSR1	str-131	26.768	3.94648390824215	0
CSR1	str-134	27.062	3.5279564166875	0
CSR1	str-135	22.286	5.87484057472792	0
CSR1	str-136	19.824	24.1125196687214	0
CSR1	str-138	25.66	9.04815199186515	0
CSR1	str-139	25.752	5.36544379699647	0
CSR1	str-14	26.236	3.21230793707914	0
CSR1	str-140	21.996	13.1512763341322	0
CSR1	str-141	21.602	18.1191504239491	0
CSR1	str-143	24.55	13.7665854662195	0
CSR1	str-144	23.778	20.3893171014701	0
CSR1	str-145	23.126	2.29660140495715	0
CSR1	str-146	24.274	13.0675744161979	0
CSR1	str-148	27.476	5.32117670289735	0
CSR1	str-149	20.742	11.7615164075668	0
CSR1	str-15	9.78	7.31208964367326	0
CSR1	str-150	26.508	2.05907832846424	0
CSR1	str-151	26.622	4.3699414266944	0
CSR1	str-153	27.326	2.92562418606549	0
CSR1	str-155	27.668	3.88979879074038	0
CSR1	str-156	26.638	8.00038623722252	0
CSR1	str-158	27.892	2.68288911692666	0
CSR1	str-159	27.274	4.32705509263351	0
CSR1	str-16	28.284	3.48424781622533	0
CSR1	str-160	26.714	6.09584503495178	0
CSR1	str-161	6.652	6.59093526215376	0
CSR1	str-162	23.936	8.94726999833108	0
CSR1	str-163	26.016	5.404153299417	0
CSR1	str-164	25.188	6.67476819658844	0
CSR1	str-165	19.482	28.7982680895773	0
CSR1	str-166	27.19	1.5969968546668	0
CSR1	str-168	24.626	1.23856166901313	0
CSR1	str-169	19.118	36.2345462382205	0
CSR1	str-170	24.444	8.47063788841622	0
CSR1	str-171	26.708	11.4838052886884	0
CSR1	str-172	25.592	6.61843018402426	0
CSR1	str-173	24.688	10.2605098977103	0
CSR1	str-174	27.224	4.00521843767822	0
CSR1	str-175	26.024	4.19800179143855	0
CSR1	str-176	19.854	11.5683836308299	0
CSR1	str-177	28.376	2.38347799356844	0
CSR1	str-178	26.58	4.92312987028286	0
CSR1	str-18	28.452	1.0565725930333	0
CSR1	str-180	21.634	3.42968054264149	0
CSR1	str-181	27.96	4.82322360592486	0
CSR1	str-182	21.734	20.0123328827684	0
CSR1	str-185	26.772	4.02206367470852	0
CSR1	str-187	20.662	3.88277664166005	0
CSR1	str-188	14.814	5.07729344503336	0
CSR1	str-19	29.216	1.80608114129838	0
CSR1	str-190	12.66	5.34592347948004	0
CSR1	str-193	28.428	3.0174458645534	0
CSR1	str-196	21.222	10.7878283509339	0
CSR1	str-198	24.32	5.12489614722322	0
CSR1	str-199	23.844	6.5148173979541	0
CSR1	str-2	22.968	15.8958318951238	0
CSR1	str-20	28.002	4.45104909023639	0
CSR1	str-200	13.542	12.1377268388847	0
CSR1	str-204	11.524	3.73164597627625	0
CSR1	str-205	12.562	1.93393028092633	0
CSR1	str-206	25.348	6.60241437233835	0
CSR1	str-207	28.258	2.26379452230432	0
CSR1	str-208	22.11	1.43560110792437	0
CSR1	str-209	16.776	2.83051587917646	0
CSR1	str-211	21.56	25.7246426521327	0
CSR1	str-214	24.184	12.8533118956542	0
CSR1	str-217	28.424	4.01675479548505	0
CSR1	str-220	24.216	12.3550644401445	0
CSR1	str-221	25.244	8.99801886778144	0
CSR1	str-222	6.676	2.93260169748563	0
CSR1	str-225	25.008	11.132052679014	0
CSR1	str-226	28.712	3.86577542454973	0
CSR1	str-227	25.144	1.6497982199278	0
CSR1	str-228	27.944	5.60094971236271	0
CSR1	str-229	10.412	4.92186547182117	0
CSR1	str-23	27.944	4.42744965237237	0
CSR1	str-230	28.104	2.32520397347814	0
CSR1	str-231	27.07	6.35706444205856	0
CSR1	str-232	27.692	2.46636606469145	0
CSR1	str-233	22.564	23.846103177286	0
CSR1	str-236	6.412	2.47427572374477	0
CSR1	str-238	18.098	3.99105910017341	0
CSR1	str-240	25.246	8.50825641052268	0
CSR1	str-243	22.404	2.1867906008822	0
CSR1	str-244	27.448	2.23673166580352	0
CSR1	str-245	25.81	8.62358413635774	0
CSR1	str-246	11.578	6.14277281177068	0
CSR1	str-247	23.74	3.07915954516205	0
CSR1	str-248	23.804	8.42641581329687	0
CSR1	str-249	21.244	26.7333889403658	0
CSR1	str-25	24.532	2.19693742088098	0
CSR1	str-250	19.67	11.0388205097464	0
CSR1	str-252	21.006	33.0900418312923	0
CSR1	str-253	22.596	8.61920673566321	0
CSR1	str-254	25.576	11.6711339252272	0
CSR1	str-255	26.344	5.6141674812726	0
CSR1	str-256	27.708	3.51984786752192	0
CSR1	str-257	28.314	5.78284443630366	0
CSR1	str-258	24.884	13.4444178182524	0
CSR1	str-260	26.312	1.9030080660731	0
CSR1	str-261	28.442	3.04908127188067	0
CSR1	str-262	27.982	2.77756916139976	0
CSR1	str-263	15.806	1.96260664656839	0
CSR1	str-264	26.402	6.64910643360878	0
CSR1	str-265	27.68	4.18958337817605	0
CSR1	str-267	17.008	2.822630004287	0
CSR1	str-268	26.558	11.6999053076977	0
CSR1	str-27	25.8	6.71935864961975	0
CSR1	str-28	28.186	3.78131046933658	0
CSR1	str-3	10.154	5.98994199982802	0
CSR1	str-30	21.782	9.56506961069964	0
CSR1	str-31	3.542	2.27092914197518	1
CSR1	str-32	27.694	1.90311397730779	0
CSR1	str-33	26.108	9.85517287712102	0
CSR1	str-37	28.834	1.52372822106564	0
CSR1	str-38	19.674	1.23493393414887	0
CSR1	str-39	26.516	7.04501108150749	0
CSR1	str-4	17.282	0.619708864043063	0
CSR1	str-40	22.316	3.24432139463017	0
CSR1	str-41	24.47	6.76255030626126	0
CSR1	str-43	26.122	7.46047502944744	0
CSR1	str-44	26.936	10.5915915640108	0
CSR1	str-45	19.084	1.06913807818127	0
CSR1	str-46	20.672	2.25795987679948	0
CSR1	str-47	10.646	87.2404632405642	0
CSR1	str-48	13.012	43.5462610951663	0
CSR1	str-5	23.33	4.90002315522783	0
CSR1	str-52	26.94	6.47419211640692	0
CSR1	str-55	26.832	5.87464074211432	0
CSR1	str-56	24.232	17.6328339252997	0
CSR1	str-57	26.048	7.32836436187604	0
CSR1	str-6	23.656	6.14448979164513	0
CSR1	str-60	24.506	3.85696487400914	0
CSR1	str-61	27.176	5.5128626624083	0
CSR1	str-63	26.636	2.39491910215834	0
CSR1	str-64	28.182	2.28027613111863	0
CSR1	str-66	27.246	7.95772890246076	0
CSR1	str-67	27.03	7.91855523233592	0
CSR1	str-68	26.98	2.49229428864794	0
CSR1	str-69	25.832	2.84121018332179	0
CSR1	str-7	25.566	6.11122426860663	0
CSR1	str-71	27.062	1.67947574078935	0
CSR1	str-73	26.282	5.30733107850702	0
CSR1	str-74	26.92	9.72065929690407	0
CSR1	str-76	27.218	7.66798483296033	0
CSR1	str-77	25.558	7.2884636848752	0
CSR1	str-78	14.128	1.76769439877696	0
CSR1	str-79	25.666	5.46716854110808	0
CSR1	str-8	23.062	5.29554049343027	0
CSR1	str-81	3.088	1.50852522005857	1
CSR1	str-82	22.1	6.81502644834909	0
CSR1	str-83	27.064	2.01664144248924	0
CSR1	str-84	23.086	8.054420276904	0
CSR1	str-85	24.556	14.0922022333201	0
CSR1	str-86	28.426	6.38136926116609	0
CSR1	str-87	26.964	3.96587902928259	0
CSR1	str-88	24.342	1.29955807399873	0
CSR1	str-89	25.548	12.3981157026213	0
CSR1	str-9	24.812	8.2900210688945	0
CSR1	str-90	23.118	12.3855742304889	0
CSR1	str-92	18.036	2.16894261855162	0
CSR1	str-93	27.394	6.43727998410071	0
CSR1	str-94	25.07	17.798882969735	0
CSR1	str-96	8.63	5.60647527388317	0
CSR1	str-97	16.932	2.68393997229903	0
CSR1	str-99	23.964	15.7333313671991	0
CSR1	strd-1	24.696	7.13692543745284	0
CSR1	strl-1	17.854	6.06532712262263	0
CSR1	strm-1	28.506	1.63370437278208	0
CSR1	stt-3	10.57	6.46106757955113	0
CSR1	subs-4	26.87	5.37597373688284	0
CSR1	suca-1	18.64	0.553641830486862	0
CSR1	sucg-1	23.928	13.111696465385	0
CSR1	such-1	29.95	2.55518439854553	0
CSR1	sucl-1	24.13	6.94073143531724	0
CSR1	sucl-2	15.256	4.99168426814476	0
CSR1	suco-1	25.526	12.3675529182035	0
CSR1	suds-3	23.066	15.2402394943552	0
CSR1	sue-1	20.618	2.21316954725102	0
CSR1	suex-1	19.54	7.30004661180929	0
CSR1	suex-2	26.218	2.05176299629854	0
CSR1	suf-1	26.28	10.3334851132468	0
CSR1	sul-1	10.774	1.72473079587036	0
CSR1	sul-2	28.05	1.57892423442271	0
CSR1	sul-3	29.038	1.7523308154161	0
CSR1	sulp-1	25.606	5.08260967785776	0
CSR1	sulp-2	29.904	0.962419794279487	0
CSR1	sulp-3	19.98	5.76477945211966	0
CSR1	sulp-4	21.788	2.31185176982767	0
CSR1	sulp-5	23.426	11.4983740418498	0
CSR1	sulp-6	26.128	8.2654604252424	0
CSR1	sulp-7	28.324	2.14445728585967	0
CSR1	sulp-8	27.038	3.3197397033469	0
CSR1	sumv-1	25.772	12.6901286736751	0
CSR1	sumv-2	26.714	5.83252754647919	0
CSR1	sun-1	22.97	6.18802857898301	0
CSR1	suox-1	17.896	35.4054786261536	0
CSR1	sup-1	19.984	24.2753628611312	0
CSR1	sup-10	26.04	5.93687589621364	0
CSR1	sup-12	11.466	4.05785899838698	0
CSR1	sup-17	5.72	2.50921330321806	0
CSR1	sup-18	22.236	6.06553669066576	0
CSR1	sup-26	6.436	1.24591797369356	0
CSR1	sup-35	20.838	2.80304057291973	0
CSR1	sup-36	21.238	23.5014564698063	0
CSR1	sup-37	26.072	8.80550859635997	0
CSR1	sup-46	25.342	2.50306374554343	0
CSR1	sup-9	20.502	22.6052062850376	0
CSR1	supr-1	27.406	6.71245015677447	0
CSR1	sups-1	26.742	5.56456487518687	0
CSR1	sur-2	27.718	2.97420695606205	0
CSR1	sur-5	24.918	19.9502127841746	0
CSR1	sur-6	23.724	16.8364563796297	0
CSR1	sur-7	22.796	3.70524590111401	0
CSR1	suro-1	23.266	16.5423534382934	0
CSR1	sut-1	23.79	8.07039897419177	0
CSR1	sut-2	20.072	2.40391714076465	0
CSR1	sut-6	8.998	65.5178060628545	0
CSR1	svct-1	23.908	1.00706708804539	0
CSR1	svh-1	23.942	19.6375137950612	0
CSR1	svh-11	26.754	3.41679001192331	0
CSR1	svh-2	26.354	7.78650325372705	0
CSR1	svh-5	12.59	2.07275430511515	0
CSR1	svop-1	17.612	8.81147106364313	0
CSR1	swah-1	18.004	3.1492560732977	0
CSR1	swan-1	29.044	3.34141049113349	0
CSR1	swan-2	22.408	15.2341424955026	0
CSR1	swd-2.1	22.936	14.2337309306689	0
CSR1	swd-2.2	28.212	2.90336404312103	0
CSR1	swip-10	21.86	17.3837097280345	0
CSR1	swm-1	26.684	16.3754099815007	0
CSR1	swp-1	13.108	2.18019251894743	0
CSR1	sws-1	28.2	2.0324439547386	0
CSR1	swsn-1	20.29	1.60650626052307	0
CSR1	swsn-2.2	13.514	37.7832166153824	0
CSR1	swsn-3	6.412	7.080542814488	0
CSR1	swsn-4	19.752	8.71352562428414	0
CSR1	swsn-6	25.544	7.29787839265726	0
CSR1	swsn-9	20.348	26.2956195836028	0
CSR1	swt-1	26.162	6.05876101676156	0
CSR1	swt-2	25.314	9.46294482645113	0
CSR1	swt-3	23.848	9.04290844022698	0
CSR1	swt-4	9.01	2.35047931016064	0
CSR1	swt-5	24.892	11.2554930519673	0
CSR1	swt-6	2.982	6.60298425043398	1
CSR1	swt-7	28.226	6.56594082681354	0
CSR1	syd-1	12.656	57.4014577093869	0
CSR1	syd-2	4.038	1.87297378912224	1
CSR1	syd-9	17.168	9.87137852790843	0
CSR1	sydn-1	20.412	7.02769420818245	0
CSR1	syf-1	18.316	5.23471776182112	0
CSR1	syf-2	17.534	8.27678330285945	0
CSR1	syf-3	4.416	3.11974458320553	1
CSR1	syg-1	4.516	3.58286865725082	1
CSR1	syg-2	18.664	23.1027636803866	0
CSR1	sygl-1	15.89	11.8039430786094	0
CSR1	sym-1	23.124	1.16022698024541	0
CSR1	sym-2	22.288	7.87910579652963	0
CSR1	sym-3	22.182	10.5605218272186	0
CSR1	sym-4	22.648	12.0916461563837	0
CSR1	symk-1	23.434	4.56707192496276	0
CSR1	syp-1	24.394	5.02976001081613	0
CSR1	syp-2	24.692	10.5685725017056	0
CSR1	syp-3	26.426	12.23848805717	0
CSR1	syp-4	21.404	6.57392116967705	0
CSR1	syp-5	18.612	2.29573451651748	0
CSR1	syp-6	17.51	9.15653385565741	0
CSR1	sys-1	25.744	7.33157265876941	0
CSR1	sysm-1	25.518	5.70279336945206	0
CSR1	syx-16	22.062	14.1179140898343	0
CSR1	syx-17	22.826	2.79724103239953	0
CSR1	syx-18	22.886	11.0207002298429	0
CSR1	syx-2	8.144	4.23455662275294	0
CSR1	syx-3	4.558	3.33955573575873	1
CSR1	syx-4	26.814	2.78041348809943	0
CSR1	syx-5	20.934	13.7761542799623	0
CSR1	syx-6	19.598	3.5596355425904	0
CSR1	syx-7	12.742	18.1595223764067	0
CSR1	szy-2	19.036	1.78284193584847	0
CSR1	szy-20	20.514	1.19535045376429	0
CSR1	szy-4	21.04	9.13561896618079	0
CSR1	szy-5	20.294	12.5283565122475	0
CSR1	taap-1	12.208	4.53914622984141	0
CSR1	tab-1	22.756	5.15328128714193	0
CSR1	tac-1	7.612	70.0636098053633	0
CSR1	taco-1	29.24	0.475117783496917	0
CSR1	tads-1	21.91	8.80148825909488	0
CSR1	taf-1	21.056	8.00008053548358	0
CSR1	taf-10	23.888	17.1492669830211	0
CSR1	taf-11.1	18.364	7.21408366183477	0
CSR1	taf-11.2	18.148	4.52048689483008	0
CSR1	taf-11.3	20.996	4.80095225984326	0
CSR1	taf-12	24.662	6.32392230721251	0
CSR1	taf-13	14.176	39.9514182000494	0
CSR1	taf-2	27.248	12.0311845233354	0
CSR1	taf-3	24.33	6.61574909342475	0
CSR1	taf-4	16.912	4.620705850431	0
CSR1	taf-5	29.576	1.48126238340587	0
CSR1	taf-6.1	29.362	2.56422483776976	0
CSR1	taf-6.2	30.026	1.11298733493401	0
CSR1	taf-7.1	20.158	5.01807409090181	0
CSR1	taf-7.2	6.778	2.89749873434464	0
CSR1	taf-8	25.218	11.9458084836089	0
CSR1	taf-9	8.892	3.25980697422665	0
CSR1	tag-10	23.02	0.900277227457114	0
CSR1	tag-115	27.772	2.59208911546673	0
CSR1	tag-120	16.726	1.82257696110086	0
CSR1	tag-123	25.676	9.33903544086354	0
CSR1	tag-124	20.258	10.8316211383662	0
CSR1	tag-131	23.644	13.0959481523161	0
CSR1	tag-138	19.204	7.51276215757498	0
CSR1	tag-151	17.156	20.4116233342065	0
CSR1	tag-153	17.958	20.5207786850558	0
CSR1	tag-164	23.916	16.3654174798592	0
CSR1	tag-175	30.138	1.32896892932579	0
CSR1	tag-18	13.196	7.73473966669484	0
CSR1	tag-180	24.58	5.55109682664042	0
CSR1	tag-191	25.76	11.0820037065227	0
CSR1	tag-196	25.314	3.50991045990418	0
CSR1	tag-209	20.852	5.09591685917099	0
CSR1	tag-225	26.764	6.10792959490932	0
CSR1	tag-229	27.014	0.447747600924217	0
CSR1	tag-234	28.134	0.409607173978469	0
CSR1	tag-243	22.502	1.96203649391733	0
CSR1	tag-244	28.024	2.24773320976672	0
CSR1	tag-250	25.4	2.98849759281076	0
CSR1	tag-266	15.842	17.7539606314614	0
CSR1	tag-267	12.542	9.97406825698272	0
CSR1	tag-272	18.516	8.70629558908699	0
CSR1	tag-273	21.964	7.22834392167671	0
CSR1	tag-275	16.996	3.19801557720275	0
CSR1	tag-276	25.918	7.03773236074192	0
CSR1	tag-278	5.774	5.44875079250813	0
CSR1	tag-280	23.316	7.61340816529972	0
CSR1	tag-281	26.458	2.85906812942686	0
CSR1	tag-290	15.22	41.6926965602955	0
CSR1	tag-293	8.446	32.5398298441448	0
CSR1	tag-294	17.448	10.7402474629715	0
CSR1	tag-296	21.066	5.56821620743084	0
CSR1	tag-297	8.41	38.3348061325283	0
CSR1	tag-30	21.702	9.60154561511315	0
CSR1	tag-307	24.634	6.41303872881161	0
CSR1	tag-314	26.06	2.26254228987075	0
CSR1	tag-321	25.072	10.4655497609072	0
CSR1	tag-322	3.108	2.27966403911433	1
CSR1	tag-325	19.81	5.09193361984655	0
CSR1	tag-329	28.812	4.11352127183056	0
CSR1	tag-335	25.772	9.49207357556706	0
CSR1	tag-340	26.996	3.40968342207173	0
CSR1	tag-342	22.512	14.5367008743766	0
CSR1	tag-343	23.23	7.5900334405964	0
CSR1	tag-344	24.944	16.2243529286146	0
CSR1	tag-353	19.192	19.2190780045718	0
CSR1	tag-4	22.044	7.66934340440195	0
CSR1	tag-51	26.822	2.93427932614199	0
CSR1	tag-52	22.992	8.02340455052733	0
CSR1	tag-53	20.574	2.40744621850489	0
CSR1	tag-65	22.288	28.862151996632	0
CSR1	tag-68	4.706	1.26251175329477	1
CSR1	tag-72	26.684	10.3691651236734	0
CSR1	tag-76	27.802	3.26200027938509	0
CSR1	tag-77	20.92	3.69370200706529	0
CSR1	tag-89	17.094	3.37672553734225	0
CSR1	tag-96	29.088	0.597631346189737	0
CSR1	tald-1	28.558	2.25175154976994	0
CSR1	talp-3	19.928	3.18664909716147	0
CSR1	tam-1	23.468	3.78513772710598	0
CSR1	tap-1	20.634	6.69558956009943	0
CSR1	tars-1	23.646	23.0618634442352	0
CSR1	tasp-1	23.802	13.0520515940231	0
CSR1	tat-1	29.286	2.24022277685376	0
CSR1	tat-2	25.41	10.8450982494647	0
CSR1	tat-3	26.416	11.8200473379766	0
CSR1	tat-4	25.834	12.2534093308455	0
CSR1	tat-5	22.488	8.91081362426427	0
CSR1	tat-6	27.376	7.52655023871776	0
CSR1	tatn-1	22.69	16.8783880786868	0
CSR1	tax-2	18.768	15.8589204527119	0
CSR1	tax-4	27.054	6.21390460750606	0
CSR1	tax-6	22.668	25.8691319757828	0
CSR1	tba-1	19.146	28.3440474784075	0
CSR1	tba-2	20.856	15.9814377526215	0
CSR1	tba-4	16.002	40.394406334464	0
CSR1	tba-5	18.924	3.14106784754906	0
CSR1	tba-6	21.818	5.51191160534713	0
CSR1	tba-7	23.54	16.8836796789111	0
CSR1	tba-8	24.776	12.4913114733812	0
CSR1	tba-9	23.452	14.0734393312705	0
CSR1	tbb-1	18.62	27.7536086747788	0
CSR1	tbb-2	18.034	4.16390948444294	0
CSR1	tbb-4	16.996	9.27091067585175	0
CSR1	tbb-6	28.64	3.02252110601972	0
CSR1	tbc-1	13.966	1.52615741363976	0
CSR1	tbc-10	21.076	3.80357783623348	0
CSR1	tbc-11	27.294	2.00718552748765	0
CSR1	tbc-12	19.758	8.98005939729233	0
CSR1	tbc-13	27.584	6.06137216949057	0
CSR1	tbc-14	26.292	6.30931836456738	0
CSR1	tbc-16	25.552	6.14491888851805	0
CSR1	tbc-17	20.272	12.0284898831444	0
CSR1	tbc-18	22.36	16.4602695354836	0
CSR1	tbc-19	26.532	12.3952909522128	0
CSR1	tbc-2	26.002	3.60244211193548	0
CSR1	tbc-20	22.984	8.97439717665867	0
CSR1	tbc-3	24.94	7.71855049517058	0
CSR1	tbc-6	28.116	5.64851783206611	0
CSR1	tbc-7	25.984	10.6130142543565	0
CSR1	tbc-8	27.04	8.13189106039054	0
CSR1	tbc-9	21.272	5.41162224630969	0
CSR1	tbca-1	11.882	2.9888383909328	0
CSR1	tbcb-1	19.238	16.2797358983755	0
CSR1	tbcc-1	15.348	41.7200428242043	0
CSR1	tbcd-1	24.25	13.3927009338577	0
CSR1	tbce-1	22.612	10.2460854293	0
CSR1	tbck-1	29.78	1.08628785222443	0
CSR1	tbg-1	28.066	0.883459018677118	0
CSR1	tbh-1	28.418	1.41116084901574	0
CSR1	tbp-1	23.918	5.69879191454161	0
CSR1	tbx-11	21.672	6.02520897854506	0
CSR1	tbx-2	21.04	8.97653777875574	0
CSR1	tbx-30	21.022	18.43021267377	0
CSR1	tbx-31	18.334	5.39892206089463	0
CSR1	tbx-32	20.732	8.48061347141359	0
CSR1	tbx-33	23.746	4.35130895933116	0
CSR1	tbx-34	23.878	8.74467760311841	0
CSR1	tbx-35	21.578	7.77876683940722	0
CSR1	tbx-36	24.762	4.62374732416516	0
CSR1	tbx-37	22.304	14.0388208958803	0
CSR1	tbx-38	25.4	4.65508521292969	0
CSR1	tbx-39	20.544	3.51119077410953	0
CSR1	tbx-40	16.804	15.8245634473419	0
CSR1	tbx-41	14.994	3.33353322055602	0
CSR1	tbx-43	25.44	5.94034854141416	0
CSR1	tbx-7	26.508	6.63250304680875	0
CSR1	tbx-8	20.954	4.48596621953769	0
CSR1	tbx-9	18.698	8.07957199789302	0
CSR1	tc1a	25.008	13.714923160688	0
CSR1	tc3a	17.206	7.86851942273588	0
CSR1	tcab-1	28.872	3.10654792242625	0
CSR1	tcc-1	26.412	12.0795167940771	0
CSR1	tceb-3	7.948	27.5072967473347	0
CSR1	tcer-1	14.908	3.62358240741018	0
CSR1	tcl-2	11.85	6.45583409025131	0
CSR1	tct-1	14.734	2.79696182785312	0
CSR1	tctn-1	26.04	10.1912772039306	0
CSR1	tdc-1	15.5	3.01677584922276	0
CSR1	tdo-2	17.106	1.36886511324379	0
CSR1	tdp-1	6.206	1.8708250433387	0
CSR1	tebp-1	10.78	10.7540684132269	0
CSR1	tebp-2	22.024	3.90200545683798	0
CSR1	teg-1	17.122	2.43252715168093	0
CSR1	teg-4	27.526	6.72722888311326	0
CSR1	tent-5	17.132	1.62412150829398	0
CSR1	tep-1	17.53	3.60039785803726	0
CSR1	tes-1	28.524	2.25909208466578	0
CSR1	test-1	26.658	3.63291582014153	0
CSR1	tex-2	13.686	41.1984833064153	0
CSR1	tfbm-1	9.89	6.44268243562143	0
CSR1	tfg-1	18.01	12.0791447840678	0
CSR1	tftc-1	16.586	22.5343260025675	0
CSR1	tftc-3	23.276	8.78157128496778	0
CSR1	tftc-5	21.624	7.16129020157649	0
CSR1	tgn-38	5.526	5.87028118872837	0
CSR1	tgs-1	24.512	6.50144505336228	0
CSR1	tgt-1	27.876	6.46362139797272	0
CSR1	tgt-2	28.522	3.33033777313983	0
CSR1	thk-1	23.16	5.40207037430516	0
CSR1	thn-1	26.526	4.83888053829055	0
CSR1	thn-2	27.784	3.12784228296389	0
CSR1	thn-4	27.37	1.64271444255509	0
CSR1	thn-5	23.09	7.54344174110621	0
CSR1	thn-6	27.274	3.87215609029078	0
CSR1	thoc-1	26.73	5.05182119720183	0
CSR1	thoc-2	22.408	19.3193431982688	0
CSR1	thoc-3	23.76	4.14492849984365	0
CSR1	thoc-5	25.8	1.86671270127892	0
CSR1	thoc-7	25.404	16.0753525441789	0
CSR1	tiam-1	26.814	3.81426150668442	0
CSR1	tiar-1	20.9	8.74054120217144	0
CSR1	tiar-2	2.158	4.8534646794351	1
CSR1	tif-1A	27.85	3.40242676654732	0
CSR1	tig-2	25.93	2.02293645960716	0
CSR1	tig-3	20.974	5.45769269723277	0
CSR1	tim-1	17.098	2.97459414519466	0
CSR1	timm-17B.1	23.892	6.73705829188239	0
CSR1	timm-17b.2	22.184	8.90555700927435	0
CSR1	timm-23	20.582	3.11963147026523	0
CSR1	timp-1	15.264	5.19577170747482	0
CSR1	tin-10	4.676	4.33187838936488	1
CSR1	tin-13	23	6.47205714046852	0
CSR1	tin-44	24.378	18.8232096329351	0
CSR1	tin-9.1	16.686	3.48437896656972	0
CSR1	tin-9.2	25.998	3.29398510281959	0
CSR1	tipn-1	18.482	9.04062863836083	0
CSR1	tir-1	23.248	4.20128130706867	0
CSR1	tkr-1	14.048	7.48324942134952	0
CSR1	tkr-2	22.212	4.40057573094414	0
CSR1	tkr-3	20.602	2.04941423955514	0
CSR1	tkt-1	30.216	1.78477153081631	0
CSR1	tlf-1	19.594	2.12539183741562	0
CSR1	tli-1	23.15	14.146291185698	0
CSR1	tlk-1	21.738	9.85028201908174	0
CSR1	tlp-1	20.99	11.0525229525451	0
CSR1	tmbi-4	21.844	18.244779192939	0
CSR1	tmc-1	7.928	2.93030325532641	0
CSR1	tmc-2	22.38	9.89463208044443	0
CSR1	tmd-2	22.47	18.5183604010064	0
CSR1	tmed-1	27.116	2.62804956259569	0
CSR1	tmed-10	5.906	22.9068474918123	0
CSR1	tmed-12	20.79	8.85380657117057	0
CSR1	tmed-13	22.62	12.2542160830246	0
CSR1	tmed-3	17.792	1.86639652586585	0
CSR1	tmed-4	20.99	6.33912615137446	0
CSR1	tmem-107	28.26	0.443381602482009	0
CSR1	tmem-120	19.374	5.0383509563219	0
CSR1	tmem-131	27.904	5.68539283361869	0
CSR1	tmem-135	24.234	1.33794490065619	0
CSR1	tmem-138	24.554	11.5193408176768	0
CSR1	tmem-145	19.654	14.9650418989469	0
CSR1	tmem-17	5.212	1.46999089097298	0
CSR1	tmem-184	8.714	4.38759389146843	0
CSR1	tmem-189	11.822	29.1640800628329	0
CSR1	tmem-208	11.518	23.6237797646701	0
CSR1	tmem-218	20.018	14.370190619886	0
CSR1	tmem-231	28.712	2.30375085738468	0
CSR1	tmem-24	18.974	32.5081786391023	0
CSR1	tmem-258	7.148	5.79308005506714	0
CSR1	tmem-39	14.546	3.05814003036405	0
CSR1	tmyb-1	15.616	6.28599582586773	0
CSR1	tnc-2	19.858	14.2360681247161	0
CSR1	tni-1	14.36	9.66713282545784	0
CSR1	tni-3	4.174	21.870366637077	0
CSR1	tni-4	12.632	19.3463668053721	0
CSR1	tns-1	17.896	4.68573025583806	0
CSR1	tnsl-1	21.962	7.5666934699924	0
CSR1	tnt-2	5.74	4.27983222875897	0
CSR1	tnt-3	18.898	8.20486156969018	0
CSR1	tnt-4	16.078	4.7687946836373	0
CSR1	toc-1	24.718	4.22021956339321	0
CSR1	toca-1	23.642	25.9465974979754	0
CSR1	toca-2	22.828	11.7876982724625	0
CSR1	toe-1	27.894	5.77305287444412	0
CSR1	toe-2	24.004	7.01521786587766	0
CSR1	toe-4	24.104	8.66051128654219	0
CSR1	tofu-1	16.808	1.9100735849699	0
CSR1	tofu-2	26.578	6.54770856363462	0
CSR1	tofu-4	20.282	5.02768783472442	0
CSR1	tofu-5	27.758	3.8762662201185	0
CSR1	tofu-6	27.734	1.35934710556578	0
CSR1	tofu-7	21.62	15.6895080406774	0
CSR1	toh-1	26.022	1.71868401975538	0
CSR1	tol-1	12.97	3.41906218174892	0
CSR1	tom-1	22.344	3.58437724361711	0
CSR1	tomm-20	12.602	5.8735312644851	0
CSR1	tomm-22	18.686	3.31293873781207	0
CSR1	tomm-40	29.062	2.38088251872354	0
CSR1	tomm-7	22.992	5.44956717437417	0
CSR1	tomm-70	27.776	1.07664347296659	0
CSR1	top-1	22.032	10.0636403135763	0
CSR1	top-2	19.528	5.54229045518042	0
CSR1	top-3A	21.786	28.5855799785475	0
CSR1	top-3b	27.49	12.8694179358234	0
CSR1	tor-1	22.534	31.7812355718137	0
CSR1	tor-2	5.982	4.26590114549958	0
CSR1	tos-1	21.404	24.1020879718852	0
CSR1	tost-1	9.146	5.53348870382321	0
CSR1	tpa-1	23.004	19.8680506333576	0
CSR1	tpan-1	20.04	6.65817149706075	0
CSR1	tph-1	24.77	13.6885003319248	0
CSR1	tpi-1	27.874	9.09598605647623	0
CSR1	tpk-1	27.696	8.9041964277962	0
CSR1	tpp-2	28.708	1.5224270186268	0
CSR1	tppp-1	15.136	2.80168918118464	0
CSR1	tpra-1	18.942	12.0336406131007	0
CSR1	tps-1	24.876	1.03258451389608	0
CSR1	tps-2	25.312	4.67080133561434	0
CSR1	tpst-1	22.824	15.4302518217259	0
CSR1	tpst-2	17.862	0.499803249818959	0
CSR1	tpxl-1	2.262	3.62403210113513	1
CSR1	tra-1	5.766	3.78896923629896	0
CSR1	tra-2	24.93	6.52531321588626	0
CSR1	tra-3	19.514	19.6932406450708	0
CSR1	tra-4	22.536	15.2128006266921	0
CSR1	trak-1	20.512	22.9600827194103	0
CSR1	tram-1	27.764	4.34045908096297	0
CSR1	trap-1	13.826	5.96353277187714	0
CSR1	trap-2	27.492	1.94089773072839	0
CSR1	trap-3	22.754	2.44824077615492	0
CSR1	trap-4	21.026	1.14963845688295	0
CSR1	trcs-1	29.21	0.969215177466078	0
CSR1	trcs-2	24.118	10.4698474957849	0
CSR1	trd-1	25.348	13.2186351449787	0
CSR1	tre-1	28.744	1.11669519060086	0
CSR1	tre-2	27.118	7.1440002606496	0
CSR1	tre-3	26.696	10.0906305109623	0
CSR1	tre-4	20.94	8.48140762532905	0
CSR1	tre-5	25.92	14.0028492984628	0
CSR1	tres-1	23.022	12.8519610119185	0
CSR1	trf-1	27.312	2.29449970278675	0
CSR1	trf-2	24.166	11.2981744245297	0
CSR1	trh-1	20.83	3.93428732569331	0
CSR1	trhr-1	20.872	1.01318052034391	0
CSR1	tric-1B.1	28.7	2.25608074469403	0
CSR1	tric-1B.2	27.492	2.01185927745597	0
CSR1	trim-21	28.214	2.50341808179213	0
CSR1	trip-4	24.678	2.83297218789993	0
CSR1	trk-1	16.428	9.30544675609748	0
CSR1	trm-1	22.908	13.8464062371954	0
CSR1	trm-2a	28.486	0.958371942342513	0
CSR1	trmt-10a	24.322	11.2508209630947	0
CSR1	trmt-10c.1	21.586	10.4554209939807	0
CSR1	trmt-6	23.066	12.6933022007788	0
CSR1	trp-1	25.122	10.6571443623829	0
CSR1	trp-2	14.136	8.29313961647814	0
CSR1	trp-4	23.788	1.65487763502086	0
CSR1	trpa-1	27.232	6.95455264196572	0
CSR1	trpa-2	29.802	0.751207855524096	0
CSR1	trpl-2	4.126	1.46023948922851	1
CSR1	trpl-4	24.626	14.7141668503267	0
CSR1	trpl-5	29.662	1.77088826527439	0
CSR1	trpp-1	27.574	2.89158911908545	0
CSR1	trpp-10	28.182	1.56136089236319	0
CSR1	trpp-11	27.318	2.99960733074557	0
CSR1	trpp-12	3.87	2.27478254026603	1
CSR1	trpp-3	8.934	2.33264670277156	0
CSR1	trpp-4	27.008	4.75575284126119	0
CSR1	trpp-5	28.392	3.51545579940254	0
CSR1	trpp-6	26.682	5.35078872251088	0
CSR1	trpp-8	24.6	6.74435450343876	0
CSR1	trpp-9	27.418	4.56294238872202	0
CSR1	trt-1	24.788	5.16586865090641	0
CSR1	trul-1	18.644	4.65737082938926	0
CSR1	trx-1	28.096	4.21092630728202	0
CSR1	trx-2	23.152	13.5452481625307	0
CSR1	trx-3	2.446	6.25791545652557	1
CSR1	trx-4	28.584	2.16249020678218	0
CSR1	trx-5	29.002	1.5128991479654	0
CSR1	trxr-1	26.524	4.15776471582433	0
CSR1	trxr-2	20.178	19.4904738590451	0
CSR1	try-1	27.454	3.67713152098914	0
CSR1	try-10	15.142	50.4017912288098	0
CSR1	try-11	24.13	14.8028978417051	0
CSR1	try-12	14.382	32.9590154979925	0
CSR1	try-13	15.864	8.74854305273884	0
CSR1	try-14	25.616	9.99728348381497	0
CSR1	try-15	22.438	13.0789281305805	0
CSR1	try-16	17.916	1.22325004257306	0
CSR1	try-3	26.31	3.90784372865897	0
CSR1	try-4	26.4	2.57143688416019	0
CSR1	try-5	18.396	3.62982422986663	0
CSR1	try-6	26.896	2.49960803945342	0
CSR1	try-7	27.406	1.06836772205589	0
CSR1	try-8	25.25	4.66663399001728	0
CSR1	try-9	22.894	12.2611119032249	0
CSR1	tsct-1	22.514	2.79413139930524	0
CSR1	tsen-2	23.272	8.3988890983291	0
CSR1	tsen-34	23.102	15.0197644864023	0
CSR1	tsen-54	26.988	8.89609828700795	0
CSR1	tsfm-1	23.664	20.7978721978988	0
CSR1	tsg-101	25.862	10.9915487649537	0
CSR1	tsn-1	27.358	9.43537923823466	0
CSR1	tsp-1	21.85	4.30850580864135	0
CSR1	tsp-10	26.946	4.54007385528202	0
CSR1	tsp-11	10.35	13.353796521495	0
CSR1	tsp-12	25.378	5.97044628146692	0
CSR1	tsp-13	19.572	1.59227886211179	0
CSR1	tsp-14	4.672	3.93335093648027	1
CSR1	tsp-15	23.04	9.84181314229522	0
CSR1	tsp-16	24.53	6.07392125721345	0
CSR1	tsp-17	24.556	9.27317555513775	0
CSR1	tsp-18	17.462	10.3673736956571	0
CSR1	tsp-19	25.75	8.38385352363341	0
CSR1	tsp-2	25.842	3.9808161471468	0
CSR1	tsp-20	25.734	3.46909677234081	0
CSR1	tsp-21	26.644	3.3116028769607	0
CSR1	tsp-3	26.212	4.55466070638699	0
CSR1	tsp-4	17.066	3.90348146573243	0
CSR1	tsp-5	22.944	2.96719689023064	0
CSR1	tsp-6	25.954	5.99218076855867	0
CSR1	tsp-7	5.9	1.82940958855279	0
CSR1	tsp-8	27.186	2.77790759855521	0
CSR1	tsp-9	3.744	4.89445686979253	1
CSR1	tspo-1	17.582	4.1547775237383	0
CSR1	tsr-1	25.792	7.03348139784591	0
CSR1	tsr-2	16.522	4.81745367514949	0
CSR1	ttb-1	9.366	3.94656155303238	0
CSR1	ttbk-2.1	24.842	17.908380316233	0
CSR1	ttbk-2.2	24.69	4.49118388841769	0
CSR1	ttbk-3	26.984	5.68216081464918	0
CSR1	ttbk-4	27.034	4.95137675239203	0
CSR1	ttbk-5	29.158	1.98329989846724	0
CSR1	ttbk-6	25.368	3.53575523816452	0
CSR1	ttbk-7	16.916	2.17670782405236	0
CSR1	ttbk-8.1	27.442	6.88163050119467	0
CSR1	ttbk-8.2	24.254	11.6139138019557	0
CSR1	ttc-1	26.462	9.93074470996944	0
CSR1	ttc-17	26.65	7.19472444604255	0
CSR1	ttc-36	26.35	6.09512950198765	0
CSR1	ttc-37	27.794	4.60380644378769	0
CSR1	ttc-4	25.134	11.5644875865175	0
CSR1	ttc-7	29.384	4.62990787750863	0
CSR1	tth-1	21.126	9.91675246828801	0
CSR1	ttll-11	23.194	9.09429873114882	0
CSR1	ttll-12	24.088	14.8161333352935	0
CSR1	ttll-15	26.14	5.7443859929843	0
CSR1	ttll-4	19.87	10.0786903029094	0
CSR1	ttll-5	25.54	1.85125585113063	0
CSR1	ttll-9	18.7	2.36959348033204	0
CSR1	ttm-1	26.23	9.6652770170196	0
CSR1	ttm-2	20.364	22.0281864096827	0
CSR1	ttm-5	15.47	1.99080330891202	0
CSR1	ttr-1	26.258	8.1241589789671	0
CSR1	ttr-10	23.004	17.9059874232405	0
CSR1	ttr-11	22.526	1.83053778434098	0
CSR1	ttr-12	21.056	3.63721725973613	0
CSR1	ttr-13	27.214	0.592849835371299	0
CSR1	ttr-14	15.716	4.49311135404233	0
CSR1	ttr-15	25.752	1.63218897821466	0
CSR1	ttr-16	26.028	1.57555462182466	0
CSR1	ttr-17	25.604	3.46289534409244	0
CSR1	ttr-18	3.376	1.91507462976832	1
CSR1	ttr-19	25.01	3.00386085101846	0
CSR1	ttr-2	24.308	7.67616983673673	0
CSR1	ttr-20	8.35	6.68999230104638	0
CSR1	ttr-21	3.708	1.82313309397579	1
CSR1	ttr-22	7.08	2.95430800329829	0
CSR1	ttr-23	8.328	4.65938405028963	0
CSR1	ttr-24	14.878	2.86047825315669	0
CSR1	ttr-25	8.928	6.64647177788373	0
CSR1	ttr-26	5.106	5.82067438100937	0
CSR1	ttr-27	14.396	4.03506010280142	0
CSR1	ttr-28	7.086	9.68449614809264	0
CSR1	ttr-29	7.056	5.44723080004117	0
CSR1	ttr-3	24.67	3.70435920870448	0
CSR1	ttr-30	8.112	4.8103783019282	0
CSR1	ttr-31	27.432	3.95068802612848	0
CSR1	ttr-32	28.146	2.35319129990738	0
CSR1	ttr-33	26.204	2.23413015119408	0
CSR1	ttr-34	17.746	3.6754758936601	0
CSR1	ttr-35	26.778	1.9998099318996	0
CSR1	ttr-36	22.204	2.60837321851019	0
CSR1	ttr-37	27.118	2.0159674022816	0
CSR1	ttr-38	19.312	1.25424041659896	0
CSR1	ttr-39	25.602	1.47378913080218	0
CSR1	ttr-40	23.61	18.6600526587715	0
CSR1	ttr-41	26.706	4.75818268626669	0
CSR1	ttr-42	19.028	4.32469726990476	0
CSR1	ttr-43	25.592	6.50387968715186	0
CSR1	ttr-44	23.976	12.8002112840714	0
CSR1	ttr-45	26.536	2.71546637911585	0
CSR1	ttr-46	15.62	12.8789425807743	0
CSR1	ttr-47	27.446	2.09693888548089	0
CSR1	ttr-48	4.438	3.91381557509256	1
CSR1	ttr-49	24.602	1.16267764801501	0
CSR1	ttr-5	22.704	14.8903586444855	0
CSR1	ttr-50	10.854	4.95657811581211	0
CSR1	ttr-51	24.36	10.3941908103216	0
CSR1	ttr-52	9.726	2.20590203944781	0
CSR1	ttr-53	21.596	15.5597321275185	0
CSR1	ttr-54	22.962	2.05204243060533	0
CSR1	ttr-55	19.752	2.45881173170367	0
CSR1	ttr-56	19.086	2.37272133244455	0
CSR1	ttr-57	6.998	9.85291612324345	0
CSR1	ttr-58	20.802	3.98252247488947	0
CSR1	ttr-59	16.03	0.927390439633094	0
CSR1	ttr-6	24.408	14.6749420357588	0
CSR1	ttr-7	26.294	11.489369172381	0
CSR1	ttr-8	24.336	12.5533885396765	0
CSR1	ttr-9	23.752	7.14659762115913	0
CSR1	ttx-1	3.094	3.11353447415444	1
CSR1	ttx-3	24.292	7.8111200090201	0
CSR1	ttx-7	22.982	16.9050071799089	0
CSR1	ttyh-1	21.834	3.46125965822982	0
CSR1	tub-1	17.044	6.15432013869539	0
CSR1	tub-2	24.414	12.1406676681502	0
CSR1	tufm-1	7.068	3.73980390532944	0
CSR1	tufm-2	22.352	8.90589488149607	0
CSR1	tut-1	21.982	22.6423446417365	0
CSR1	tut-2	27.758	5.0446459633936	0
CSR1	twf-2	25.786	6.92231208761916	0
CSR1	twk-1	25.042	9.86635526257014	0
CSR1	twk-10	15.154	3.55074514791167	0
CSR1	twk-11	20.886	3.81676718575961	0
CSR1	twk-12	20.116	4.83477640981067	0
CSR1	twk-13	20.214	7.46315425870533	0
CSR1	twk-14	20.622	2.56901839993149	0
CSR1	twk-16	23.08	7.80305111266657	0
CSR1	twk-17	21.614	9.02831035245456	0
CSR1	twk-18	22.566	5.70458040789384	0
CSR1	twk-2	24.796	16.4726566858306	0
CSR1	twk-20	9.55	105.139467954845	0
CSR1	twk-21	21.35	6.28150020859159	0
CSR1	twk-22	19.268	1.17400803926447	0
CSR1	twk-23	24.326	2.29702970832786	0
CSR1	twk-24	18.264	25.376761687131	0
CSR1	twk-25	25.814	4.35983023952216	0
CSR1	twk-26	23.994	18.5927594964174	0
CSR1	twk-28	16.426	41.8403638141453	0
CSR1	twk-29	24.292	6.69038866541776	0
CSR1	twk-3	23.866	6.91065457076974	0
CSR1	twk-30	6.118	4.52145286747829	0
CSR1	twk-31	25.778	4.12595339514621	0
CSR1	twk-32	27.274	8.63600203857218	0
CSR1	twk-33	23.122	6.46490082928073	0
CSR1	twk-34	24.446	17.7317616342759	0
CSR1	twk-35	20.604	15.6064871108109	0
CSR1	twk-36	19.188	16.0300850911699	0
CSR1	twk-37	27.886	4.19125317628555	0
CSR1	twk-39	24.262	12.3158489996301	0
CSR1	twk-4	22.652	11.9045236183308	0
CSR1	twk-40	27.638	2.00564224079478	0
CSR1	twk-42	27.68	1.29706091553585	0
CSR1	twk-43	21.728	3.1441876194387	0
CSR1	twk-44	24.558	5.52437529580337	0
CSR1	twk-45	18.456	29.5473734462146	0
CSR1	twk-46	10.976	30.8983720247423	0
CSR1	twk-47	24.562	14.0401680255991	0
CSR1	twk-48	24.862	5.76435094411894	0
CSR1	twk-49	27.996	2.12711882533832	0
CSR1	twk-5	27.102	7.4516072609112	0
CSR1	twk-6	25.76	5.72056675711482	0
CSR1	twk-7	22.742	16.1516866329563	0
CSR1	twk-8	18.644	2.2439705459597	0
CSR1	twk-9	19.746	2.47416626992675	0
CSR1	twnk-1	23.578	15.0378909782664	0
CSR1	txbp-3	19.778	1.50346347802574	0
CSR1	txdc-12.1	28.118	2.3217048610092	0
CSR1	txdc-12.2	25.43	10.5721352820489	0
CSR1	txdc-15	23.938	5.94487708970486	0
CSR1	txdc-17	27.394	8.41378013120082	0
CSR1	txdc-9	15.808	10.9388335187853	0
CSR1	txl-1	15.484	3.02113594114108	0
CSR1	txt-1	22.376	4.28176007737561	0
CSR1	txt-10	22.342	7.80770183449578	0
CSR1	txt-11	25.118	8.84959202601307	0
CSR1	txt-12	16.368	3.17028545943845	0
CSR1	txt-13	5.086	1.6249275274396	0
CSR1	txt-14	17.072	24.0952854447435	0
CSR1	txt-17	29.232	1.32588344737118	0
CSR1	txt-19	5.604	2.12490730144242	0
CSR1	txt-2	27.876	1.13825914339586	0
CSR1	txt-3	20.554	2.29971697321627	0
CSR1	txt-4	21.634	2.2643872409949	0
CSR1	txt-5	3.372	1.83292255520314	1
CSR1	txt-6	26.614	7.21833709050801	0
CSR1	txt-7	15.67	3.23107965289134	0
CSR1	tyms-1	28.242	2.18176360319818	0
CSR1	tyr-1	21.006	8.32010555876834	0
CSR1	tyr-2	25.784	2.86601093426112	0
CSR1	tyr-3	22.288	7.38787076433291	0
CSR1	tyr-4	19.314	4.59795185928968	0
CSR1	tyr-5	26.716	6.38705104279806	0
CSR1	tyr-6	23.034	14.9557768597656	0
CSR1	tyra-2	24.162	11.6672339609271	0
CSR1	tyra-3	23.46	3.84471468892647	0
CSR1	uad-2	13.916	5.77914872305921	0
CSR1	uaf-1	13.618	10.379353011013	0
CSR1	uaf-2	21.478	17.8972222761367	0
CSR1	uba-1	26.238	13.0384131949244	0
CSR1	uba-2	25.176	14.7502913801566	0
CSR1	uba-5	24.098	15.6512858127435	0
CSR1	ubc-1	16.932	6.87715437907387	0
CSR1	ubc-12	25.262	4.16354091524397	0
CSR1	ubc-13	27.85	2.29297020338809	0
CSR1	ubc-14	25.412	3.75073558222451	0
CSR1	ubc-15	24.174	9.00250330639005	0
CSR1	ubc-16	13.244	1.72890351308627	0
CSR1	ubc-17	26.836	5.94152840774785	0
CSR1	ubc-18	23.79	6.91566013218287	0
CSR1	ubc-19	27.66	7.6043613501458	0
CSR1	ubc-20	28.574	3.11074558727628	0
CSR1	ubc-21	27.93	2.36087955915998	0
CSR1	ubc-22	24.576	7.79545301688497	0
CSR1	ubc-23	26.722	5.2052993790688	0
CSR1	ubc-24	28.736	2.28826587297631	0
CSR1	ubc-25	14.74	6.65601306340617	0
CSR1	ubc-26	26.516	6.41225489293223	0
CSR1	ubc-3	15.05	2.94615272789307	0
CSR1	ubc-6	22.076	14.1303669951565	0
CSR1	ubc-7	28.78	0.820411324052647	0
CSR1	ubc-8	16.558	7.94670453308327	0
CSR1	ubc-9	25.672	4.03632211358213	0
CSR1	ubh-1	28.814	1.24591728756729	0
CSR1	ubh-2	28.814	1.58823914040705	0
CSR1	ubh-3	27.944	2.96468064920239	0
CSR1	ubh-4	21.814	14.2097853132434	0
CSR1	ubl-5	23.788	8.11384629988804	0
CSR1	ubq-1	24.64	3.76768980055546	0
CSR1	ubq-2	20.74	15.4798542162434	0
CSR1	ubql-1	3.174	2.96055701596308	1
CSR1	ubr-1	28.528	1.03848857588181	0
CSR1	ubxn-1	23.282	11.7962429416611	0
CSR1	ubxn-2	10.694	39.5934807230302	0
CSR1	ubxn-3	18.374	5.9768911066592	0
CSR1	ubxn-4	16.592	9.02586407453985	0
CSR1	ubxn-5	22.766	10.6329083666594	0
CSR1	ubxn-6	23.958	12.7389365968652	0
CSR1	ucp-4	27.714	4.06573787272092	0
CSR1	ucr-1	28.056	3.33301118920223	0
CSR1	ucr-11	29.472	3.43347593637615	0
CSR1	ucr-2.1	28.864	0.846010764200436	0
CSR1	ucr-2.2	23.56	6.92488274666042	0
CSR1	ucr-2.3	28.432	1.18737489882418	0
CSR1	uda-1	18.776	2.15671304129488	0
CSR1	uev-1	27.28	6.21266724409982	0
CSR1	uev-2	18.146	6.64539362754773	0
CSR1	uev-3	26.976	2.70466149387409	0
CSR1	ufbp-1	17.948	1.71973694683515	0
CSR1	ufc-1	11.488	2.98979466645495	0
CSR1	ufd-1	15.428	7.71670659747829	0
CSR1	ufd-2	29.66	1.09717734964754	0
CSR1	ufd-3	26.566	11.9497687351558	0
CSR1	ufl-1	27.682	1.93281574460622	0
CSR1	ufm-1	26.032	5.72052686192044	0
CSR1	uggt-1	6.518	5.42469582284813	0
CSR1	uggt-2	28.852	1.0562380275378	0
CSR1	ugt-1	28.254	1.9573121930198	0
CSR1	ugt-10	25.738	3.26578382415088	0
CSR1	ugt-11	23.072	1.33780507636084	0
CSR1	ugt-12	28.012	2.12407467622623	0
CSR1	ugt-13	26.748	4.92271198907193	0
CSR1	ugt-14	27.582	3.24019782032199	0
CSR1	ugt-15	28.132	7.36706710239956	0
CSR1	ugt-16	28.866	2.5087486770583	0
CSR1	ugt-17	7.274	3.22497579717636	0
CSR1	ugt-18	28.77	1.30494641380557	0
CSR1	ugt-19	28.902	0.913588854172823	0
CSR1	ugt-2	28.38	2.5549196679771	0
CSR1	ugt-20	26.848	7.13279108056919	0
CSR1	ugt-21	28.88	0.708777336927242	0
CSR1	ugt-22	28.57	1.934935241314	0
CSR1	ugt-23	26.478	3.80722629346047	0
CSR1	ugt-24	28.77	3.59779123256981	0
CSR1	ugt-25	28.112	1.37388063046491	0
CSR1	ugt-26	26.724	5.14410596727336	0
CSR1	ugt-27	29.46	1.53032098830276	0
CSR1	ugt-28	28.938	1.52547108563516	0
CSR1	ugt-29	28.62	2.11282321182667	0
CSR1	ugt-3	20.932	5.22127896145387	0
CSR1	ugt-30	28.722	1.69485288283991	0
CSR1	ugt-31	27.192	6.47193816334609	0
CSR1	ugt-32	28.852	1.8106802218043	0
CSR1	ugt-33	14.45	10.5788456002545	0
CSR1	ugt-34	29.118	2.52303174072108	0
CSR1	ugt-35	28.132	3.40788946112047	0
CSR1	ugt-36	28.6	1.93290558896297	0
CSR1	ugt-37	26.942	3.82747506509907	0
CSR1	ugt-38	28	6.42221908371115	0
CSR1	ugt-39	28.754	1.9198148091475	0
CSR1	ugt-4	24.924	5.70110475294667	0
CSR1	ugt-40	27.962	1.37638084616864	0
CSR1	ugt-41	29.248	1.92916731234699	0
CSR1	ugt-42	29.168	1.79908491038159	0
CSR1	ugt-43	27.468	2.14770714829672	0
CSR1	ugt-44	27.928	4.4463655796263	0
CSR1	ugt-45	28.972	2.23281986823518	0
CSR1	ugt-46	28.32	2.48282426995013	0
CSR1	ugt-47	28.212	3.33299001350067	0
CSR1	ugt-48	28.008	2.71555324569128	0
CSR1	ugt-49	28.74	2.24149247159449	0
CSR1	ugt-5	27.754	4.76701798037491	0
CSR1	ugt-50	28.684	0.758452764085222	0
CSR1	ugt-51	29.366	1.48893738376265	0
CSR1	ugt-52	23.098	2.16412669103647	0
CSR1	ugt-53	25.988	2.04834957920636	0
CSR1	ugt-54	28.67	1.09746304308004	0
CSR1	ugt-55	28.17	0.825298398123017	0
CSR1	ugt-56	28.434	0.875916951972754	0
CSR1	ugt-57	23.962	4.69816913618392	0
CSR1	ugt-58	27.964	2.37538069807661	0
CSR1	ugt-59	27.95	1.50033891565379	0
CSR1	ugt-6	28.588	1.67179603226761	0
CSR1	ugt-60	28.48	0.724710935412578	0
CSR1	ugt-61	28.752	1.06105231487378	0
CSR1	ugt-62	29.02	2.08853911821994	0
CSR1	ugt-63	26.348	4.17276744700025	0
CSR1	ugt-64	28.208	1.73155232695956	0
CSR1	ugt-65	27.346	5.417472813626	0
CSR1	ugt-66	28.006	1.8019649369381	0
CSR1	ugt-67	28.554	1.22239106536807	0
CSR1	ugt-7	28.694	1.64215722529843	0
CSR1	ugt-8	23.516	1.00702569250659	0
CSR1	ugt-9	27.924	3.5698144655499	0
CSR1	ugtp-1	22.688	11.098462018142	0
CSR1	uig-1	4.278	5.02544113554391	1
CSR1	ula-1	29.09	1.36187403159438	0
CSR1	ule-1	25.198	5.78563726145146	0
CSR1	ule-2	25.248	9.64826783656824	0
CSR1	ule-3	21.528	4.99132504861823	0
CSR1	ule-4	26.938	1.03756608795178	0
CSR1	ule-5	21.792	9.49054864005069	0
CSR1	ulp-1	21.054	4.31210761009901	0
CSR1	ulp-2	13.334	2.4621167281359	0
CSR1	ulp-3	29.028	1.40514257838829	0
CSR1	ulp-4	19.44	7.4398438195211	0
CSR1	ulp-5	26.304	11.8127365881815	0
CSR1	umps-1	27.044	6.0501739132547	0
CSR1	unc-1	24.064	1.63251567210382	0
CSR1	unc-10	26.156	7.45137553695492	0
CSR1	unc-101	25.222	11.0817337384159	0
CSR1	unc-103	20.65	2.83675576166734	0
CSR1	unc-104	20.038	7.7705105915085	0
CSR1	unc-105	9.94	67.4041262493686	0
CSR1	unc-108	7.436	4.98722934561995	0
CSR1	unc-11	22.53	11.2126612522352	0
CSR1	unc-112	11.69	57.1782863997107	0
CSR1	unc-115	25.58	7.53852314531884	0
CSR1	unc-116	26.338	2.50349651571723	0
CSR1	unc-119	9.58	6.32493777400405	0
CSR1	unc-120	20.25	8.47838101721479	0
CSR1	unc-122	27.1	1.44525136734805	0
CSR1	unc-129	9.44	2.74505477115465	0
CSR1	unc-13	17.86	24.2918860992692	0
CSR1	unc-130	22.738	17.1231075542008	0
CSR1	unc-132	20.852	15.3412059498585	0
CSR1	unc-14	18.798	1.07939098919283	0
CSR1	unc-15	16.782	8.67889620907083	0
CSR1	unc-16	22.5	22.0372524110235	0
CSR1	unc-17	3.734	1.59115701955147	1
CSR1	unc-18	25.066	6.23357376518598	0
CSR1	unc-2	22.284	7.99186444198882	0
CSR1	unc-23	11.766	2.78504909767881	0
CSR1	unc-24	22.638	1.62586136007376	0
CSR1	unc-25	28.18	6.05312143726596	0
CSR1	unc-26	24.396	6.85792781869564	0
CSR1	unc-27	7.02	10.9487553867606	0
CSR1	unc-29	28.938	0.925447162417336	0
CSR1	unc-3	8.162	5.28282792578755	0
CSR1	unc-30	18.212	18.6512929334715	0
CSR1	unc-31	17.852	1.89521708688326	0
CSR1	unc-32	22.806	26.4205440512596	0
CSR1	unc-33	20.29	5.67156539194767	0
CSR1	unc-34	2.386	2.1080932673863	1
CSR1	unc-36	27.896	4.22472305640873	0
CSR1	unc-37	16.564	9.8211169130247	0
CSR1	unc-38	25.742	2.32212918437369	0
CSR1	unc-39	13.58	32.0469132394467	0
CSR1	unc-4	12.108	3.27529582118994	0
CSR1	unc-40	23.078	0.978270928701028	0
CSR1	unc-41	17.812	20.8347221262721	0
CSR1	unc-42	22.976	3.62549877185593	0
CSR1	unc-43	28.136	2.68340670760242	0
CSR1	unc-45	28.75	3.29967633172405	0
CSR1	unc-46	25.842	12.400084151615	0
CSR1	unc-47	28.624	0.318854226078945	0
CSR1	unc-49	23.402	10.9757886845287	0
CSR1	unc-5	27.774	3.91912928086385	0
CSR1	unc-50	25.206	1.71528216141908	0
CSR1	unc-51	20.088	10.7125927483247	0
CSR1	unc-53	25.654	11.0829363390344	0
CSR1	unc-54	20.638	5.99654113696882	0
CSR1	unc-55	26.424	6.86584114500924	0
CSR1	unc-57	21.536	18.0852832242844	0
CSR1	unc-58	25.836	8.04587702067048	0
CSR1	unc-59	22.086	13.7841926266148	0
CSR1	unc-6	27.572	2.53600807299649	0
CSR1	unc-60	20.508	8.69031257599101	0
CSR1	unc-61	25.516	6.21043477223787	0
CSR1	unc-62	21.336	5.58004636473256	0
CSR1	unc-63	28.036	0.773930880588704	0
CSR1	unc-64	18.44	14.7022644453277	0
CSR1	unc-69	16.9	19.6219209615295	0
CSR1	unc-7	14.87	3.23007665326774	0
CSR1	unc-71	19.742	4.77627190148803	0
CSR1	unc-75	26.228	2.19941361108945	0
CSR1	unc-76	16.792	10.8149425537379	0
CSR1	unc-77	14.724	4.12353352077157	0
CSR1	unc-78	6.07	14.9205361235855	0
CSR1	unc-79	27.812	5.96590600033076	0
CSR1	unc-8	12.738	1.42330707281012	0
CSR1	unc-82	19.898	10.6632467767518	0
CSR1	unc-83	19.586	4.45273347329622	0
CSR1	unc-84	25.176	6.89223367707275	0
CSR1	unc-85	7.376	2.07079191812609	0
CSR1	unc-86	5.938	4.36950117422155	0
CSR1	unc-87	4.444	2.98780401052199	1
CSR1	unc-9	24.358	7.03080058962962	0
CSR1	unc-93	26.728	5.43825600580246	0
CSR1	unc-94	8.258	65.7766837846677	0
CSR1	unc-95	12.986	16.0404269332466	0
CSR1	unc-96	21.02	5.30793749566655	0
CSR1	unc-97	24.96	9.84774500061929	0
CSR1	unc-98	13.532	2.2471829945254	0
CSR1	uncp-18	20.242	29.4224910112064	0
CSR1	ung-1	20.004	12.828091029059	0
CSR1	unk-1	14.94	8.27675778659312	0
CSR1	upb-1	26.03	10.7286896899434	0
CSR1	upp-1	28.928	3.50853247560867	0
CSR1	urb-1	26.472	1.55831318498784	0
CSR1	uri-1	21.944	9.88411320425509	0
CSR1	urm-1	25.916	1.11486748354876	0
CSR1	usip-1	27.732	2.06444543706794	0
CSR1	uso-1	24.15	23.9942603661363	0
CSR1	usp-14	28.462	2.39062254432272	0
CSR1	usp-3	27.176	5.85263650287507	0
CSR1	usp-33	24.584	6.39329786865297	0
CSR1	usp-39	22.648	10.4016387583407	0
CSR1	usp-4	23.562	11.8240657004495	0
CSR1	usp-46	28.098	1.51128558924794	0
CSR1	usp-48	19.336	28.9819850948897	0
CSR1	usp-5	16.702	19.6526634554599	0
CSR1	usp-50	26.82	5.50218598442644	0
CSR1	utx-1	26.112	9.34885052752595	0
CSR1	uvs-1	25.532	3.22754596921871	0
CSR1	vab-1	24.852	16.7661424954509	0
CSR1	vab-15	25.226	4.63702137765497	0
CSR1	vab-19	21.934	8.96554194631616	0
CSR1	vab-2	23.2	6.00005573695871	0
CSR1	vab-23	24.33	8.34522832069336	0
CSR1	vab-3	7.31	2.87277701778386	0
CSR1	vab-7	11.378	6.14449706916809	0
CSR1	vab-8	12.268	3.79949707815101	0
CSR1	vab-9	15.378	27.1302783090213	0
CSR1	vacl-14	28.258	4.98480321885828	0
CSR1	valv-1	26.028	6.51736659807991	0
CSR1	vamp-7	17.094	3.64737426536745	0
CSR1	vamp-8	14.118	2.57947506613578	0
CSR1	vang-1	19.836	21.218246558052	0
CSR1	vap-1	24.718	10.1675663538165	0
CSR1	vap-2	25.794	2.13185585124381	0
CSR1	vars-1	27.838	2.42938198624381	0
CSR1	vav-1	5.824	3.50964226565478	0
CSR1	vbh-1	23.49	4.95137425879086	0
CSR1	vdac-1	26.682	7.3993793885282	0
CSR1	vem-1	26.908	1.30295632003134	0
CSR1	vep-1	20.284	8.45760565510552	0
CSR1	vep-2	26.844	2.19070602259254	0
CSR1	ver-1	27.316	6.84955258427851	0
CSR1	ver-3	19.41	15.42973906564	0
CSR1	ver-4	28.418	2.35048060952711	0
CSR1	vet-1	23.52	10.3561427166983	0
CSR1	vet-2	7.678	1.40697804384542	0
CSR1	vet-6	28.078	1.77833014092907	0
CSR1	vgln-1	17.8	2.96265098279443	0
CSR1	vglu-2	23.098	3.70767789208617	0
CSR1	vglu-3	25.566	4.32144744000239	0
CSR1	vha-1	29.604	1.64265671292302	0
CSR1	vha-10	19.24	7.55008074763569	0
CSR1	vha-11	9.022	2.76479019498034	0
CSR1	vha-12	24.772	3.63295476529189	0
CSR1	vha-13	27.028	1.16395951498237	0
CSR1	vha-14	20.536	22.3921340643142	0
CSR1	vha-15	27.804	5.21306744232118	0
CSR1	vha-16	28.79	1.57591856158745	0
CSR1	vha-17	29.824	2.33179692728376	0
CSR1	vha-18	23.868	9.27802758021603	0
CSR1	vha-19	21.566	7.87156000820386	0
CSR1	vha-2	29.742	1.55690630192528	0
CSR1	vha-20	4.292	3.20056194249673	1
CSR1	vha-3	29.742	1.55690630192528	0
CSR1	vha-4	29.428	0.984107573665068	0
CSR1	vha-5	22.044	25.8653454310838	0
CSR1	vha-6	28.262	2.71891747867245	0
CSR1	vha-7	29.474	2.74342658383513	0
CSR1	vha-8	13.396	8.35780486545375	0
CSR1	vha-9	16.914	49.5784611847498	0
CSR1	vhl-1	24.324	12.4719385783853	0
CSR1	vhp-1	17.26	10.7313348067528	0
CSR1	vig-1	16.506	6.78129906024872	0
CSR1	viln-1	25.384	5.99214344837803	0
CSR1	viro-2	15.262	4.65793345303497	0
CSR1	vit-1	29.524	1.59742870516992	0
CSR1	vit-2	27.93	0.76665281437035	0
CSR1	vit-3	27.536	2.5746805379801	0
CSR1	vit-4	27.652	4.89290318062486	0
CSR1	vit-5	28.712	1.78059202377683	0
CSR1	vit-6	28.226	2.27785142428197	0
CSR1	vkmt-1	26.172	8.32983669850847	0
CSR1	vmo-1	21.982	3.35182022876493	0
CSR1	vms-1	22.992	4.24382717578009	0
CSR1	vnut-1	15.944	11.3896469395301	0
CSR1	vpat-1	22.172	1.38771831028809	0
CSR1	vpr-1	7.062	7.36294467638081	0
CSR1	vps-11	23.144	7.36679977763072	0
CSR1	vps-15	28.494	5.3675210895111	0
CSR1	vps-16	27.604	4.47612276628824	0
CSR1	vps-18	25.744	4.73096987750529	0
CSR1	vps-2	19.778	15.5442028914234	0
CSR1	vps-20	18.482	27.4005797800494	0
CSR1	vps-22	20.666	5.71023066254546	0
CSR1	vps-24	21.412	12.6986663225102	0
CSR1	vps-25	26.564	4.90140786252346	0
CSR1	vps-26	23.122	12.3850174606129	0
CSR1	vps-28	22.526	3.19346900204945	0
CSR1	vps-29	17.568	37.7522345629914	0
CSR1	vps-32.1	7.43	5.47119155428744	0
CSR1	vps-33.1	28.158	5.86040456791268	0
CSR1	vps-33.2	22.78	17.724665446054	0
CSR1	vps-34	15.592	3.23817360762571	0
CSR1	vps-35	29.31	2.07195175034991	0
CSR1	vps-36	15.316	11.9906357698883	0
CSR1	vps-37	12.226	1.81480733719292	0
CSR1	vps-39	28.81	2.38820095963479	0
CSR1	vps-4	25.168	12.292382863916	0
CSR1	vps-41	14.354	5.49367411414991	0
CSR1	vps-45	28.148	3.44665672314642	0
CSR1	vps-50	24.458	2.89275377074068	0
CSR1	vps-51	11.872	26.967822628764	0
CSR1	vps-52	19.514	40.0335467458948	0
CSR1	vps-53	29.024	1.60510194063723	0
CSR1	vps-54	4.442	3.81184552251806	1
CSR1	vps-60	17.202	3.65021060986393	0
CSR1	vps-72	18.472	3.18239509634075	0
CSR1	vps-8	22.298	15.9822529940233	0
CSR1	vrk-1	24.29	6.85334354003886	0
CSR1	vrp-1	11.02	5.75098574530467	0
CSR1	vsra-1	28.748	2.1053421196234	0
CSR1	vti-1	19.804	15.9931067151926	0
CSR1	vwa-8	28.196	4.97028198223355	0
CSR1	wac-1.1	15.252	1.99591841399327	0
CSR1	wac-1.2	25.292	14.9697471086395	0
CSR1	wago-1	28.194	3.17414694880899	0
CSR1	wago-10	25.298	4.34281215716613	0
CSR1	wago-4	29.028	2.53003354358186	0
CSR1	wago-5	27.916	4.83192799015922	0
CSR1	wah-1	26	1.57809524914836	0
CSR1	wapl-1	11.616	22.258707847416	0
CSR1	wars-1	25.94	12.2669366563408	0
CSR1	wars-2	27.686	6.93635193298705	0
CSR1	wbp-2	12.396	6.9200172573677	0
CSR1	wbp-4	21.324	5.65305955273741	0
CSR1	wdfy-2	26.05	2.90176601749931	0
CSR1	wdr-12	28.026	3.40690556855256	0
CSR1	wdr-20	28.652	1.39309330919568	0
CSR1	wdr-23	24.364	4.87135607635254	0
CSR1	wdr-31	28.768	6.66744367353401	0
CSR1	wdr-37	27.794	3.80651914738812	0
CSR1	wdr-4	17.852	2.76540476326116	0
CSR1	wdr-46	19.17	5.38991814422097	0
CSR1	wdr-48	28.252	5.5103992492132	0
CSR1	wdr-5.1	25.75	8.61523442022176	0
CSR1	wdr-5.2	27.386	7.17353101549196	0
CSR1	wdr-5.3	25.39	2.41427531410428	0
CSR1	wdr-54	29.164	2.12516191131519	0
CSR1	wdr-60	19.992	27.6539494535185	0
CSR1	wdr-62	26.302	8.43470072749142	0
CSR1	wdr-83	27.028	2.62839016961619	0
CSR1	wee-1.1	22.038	5.27793308398541	0
CSR1	wee-1.3	13.784	30.371388867795	0
CSR1	wht-1	28.12	4.78284119012985	0
CSR1	wht-2	27.146	6.90759103304717	0
CSR1	wht-3	28.236	4.38144889126356	0
CSR1	wht-4	29.3	1.77277391306765	0
CSR1	wht-5	23.188	3.93242094328142	0
CSR1	wht-6	28.252	1.4661266162402	0
CSR1	wht-7	25.852	10.2362476407347	0
CSR1	wht-8	23.284	10.1071768245816	0
CSR1	wip-1	13.15	40.1330393214407	0
CSR1	wnk-1	7.12	1.69123519365061	0
CSR1	wrb-1	22.876	2.23638548423616	0
CSR1	wrk-1	22.94	9.64294581625214	0
CSR1	wrm-1	25.668	6.815400623245	0
CSR1	wrn-1	13.968	43.2504478693441	0
CSR1	wrt-1	21.078	6.92237895947117	0
CSR1	wrt-10	20.878	7.63450639181042	0
CSR1	wrt-2	24.372	7.99079421905703	0
CSR1	wrt-3	21.702	7.6558900876503	0
CSR1	wrt-4	25.662	7.15961206819947	0
CSR1	wrt-5	22.382	1.88431046947984	0
CSR1	wrt-6	3.232	3.0582707408791	1
CSR1	wrt-7	14.626	27.0334558420007	0
CSR1	wrt-8	24.666	5.34408894035022	0
CSR1	wrt-9	9.39	74.9240825100883	0
CSR1	wshc-2	15.33	3.47354293165728	0
CSR1	wshc-4	29.016	2.93150560576721	0
CSR1	wshc-5	29.586	2.25910442508661	0
CSR1	wsp-1	13.76	12.8656301394795	0
CSR1	wts-1	26.902	9.54394622990995	0
CSR1	wve-1	10.43	35.1318599563663	0
CSR1	wwp-1	19.528	21.6424137634026	0
CSR1	xbp-1	17.682	10.8153651826249	0
CSR1	xbx-1	25.178	13.070113660528	0
CSR1	xbx-3	27.372	11.2692173975921	0
CSR1	xbx-4	15.452	5.68537672092056	0
CSR1	xbx-5	25.604	3.77067217443448	0
CSR1	xbx-6	24.206	9.33500165565467	0
CSR1	xbx-9	18.232	2.66352026465892	0
CSR1	xdh-1	29.376	1.27838920124887	0
CSR1	xnd-1	20.6	2.80021779851254	0
CSR1	xnp-1	22.12	8.72923382845375	0
CSR1	xol-1	22.054	2.9498562442769	0
CSR1	xpa-1	22.386	3.36910655797577	0
CSR1	xpb-1	24.43	28.2065488673222	0
CSR1	xpc-1	22.588	18.7994964827737	0
CSR1	xpd-1	29.588	1.40704740695517	0
CSR1	xpf-1	28.744	4.18611911026924	0
CSR1	xpg-1	15.998	4.55501432101769	0
CSR1	xpo-1	24.65	11.7660697258012	0
CSR1	xpo-2	28.534	2.49412659532211	0
CSR1	xpo-3	27.862	1.4142672631033	0
CSR1	xpo-7	27.378	3.76333257134841	0
CSR1	xrep-4	25.392	2.71559281323884	0
CSR1	xrn-1	22.166	11.9538677343347	0
CSR1	xrn-2	17.618	16.3681104035333	0
CSR1	xtr-1	9.164	4.61976912327356	0
CSR1	xtr-2	19.284	1.95051997743093	0
CSR1	xxxp-1	14.534	1.51181439019923	0
CSR1	yap-1	19.84	2.66542056393514	0
CSR1	yars-1	28.33	1.67898849192026	0
CSR1	yars-2	17.332	17.7430111436096	0
CSR1	yif-1	21.546	2.86341866775197	0
CSR1	yju-2	18.978	11.4691692365397	0
CSR1	ykt-6	3.208	4.74491740760233	1
CSR1	ymel-1	21.152	7.22357210768397	0
CSR1	yop-1	27.984	6.93366561039379	0
CSR1	ythc-2	14.116	7.08709913518857	0
CSR1	zag-1	20.222	7.31219316202042	0
CSR1	zak-1	24.856	9.9144333455452	0
CSR1	zeel-1	29.624	2.0522955672115	0
CSR1	zen-4	27.6	8.08100983892503	0
CSR1	zer-1	19.584	17.1167564418104	0
CSR1	zfh-2	21.564	8.63424608559159	0
CSR1	zfp-1	28.346	2.34297092981058	0
CSR1	zfp-2	17.358	14.1815859974505	0
CSR1	zfp-3	19.576	5.91312553376201	0
CSR1	zfr-1	9.084	3.90572122270381	0
CSR1	zfyv-19	19.892	7.43196934804394	0
CSR1	zgpa-1	25.086	12.0251689613386	0
CSR1	zhit-1	23.802	18.9433618128161	0
CSR1	zhit-2	18.44	3.9953883853349	0
CSR1	zhit-3	21.356	6.65327294951819	0
CSR1	zhp-1	11.59	2.32399544454799	0
CSR1	zhp-2	19.09	15.3081604989025	0
CSR1	zhp-3	24.904	7.60138052966973	0
CSR1	zhp-4	22.246	14.2469022169055	0
CSR1	zif-1	3.574	6.72855873767539	1
CSR1	zig-1	25.456	6.24141272430959	0
CSR1	zig-10	16.084	3.56200948801561	0
CSR1	zig-11	26.822	1.85505952660746	0
CSR1	zig-12	7.592	4.87212692430903	0
CSR1	zig-13	26.254	4.27277892353627	0
CSR1	zig-2	25.16	11.3463848446741	0
CSR1	zig-3	25.228	8.43580415585061	0
CSR1	zig-4	26.9	0.759584265490801	0
CSR1	zig-5	27.428	3.37836336842322	0
CSR1	zig-6	24.334	8.63012559049382	0
CSR1	zig-7	28.154	3.26982584855821	0
CSR1	zig-8	17.886	2.33170724462707	0
CSR1	zig-9	27.398	3.60060512140085	0
CSR1	zim-1	7.324	62.3798624840194	0
CSR1	zim-2	21.122	3.88284317474931	0
CSR1	zim-3	16.648	16.673695403444	0
CSR1	zip-1	7.216	4.3499845740717	0
CSR1	zip-10	16.97	4.06407681764502	0
CSR1	zip-11	22.654	3.8947432526045	0
CSR1	zip-12	18.52	26.2584774190228	0
CSR1	zip-2	15.982	19.9729649585008	0
CSR1	zip-3	1.422	1.35269930110206	1
CSR1	zip-4	17.502	4.12736313431188	0
CSR1	zip-5	20.486	12.6264011743578	0
CSR1	zip-6	16.48	34.6477925788532	0
CSR1	zip-7	13.224	3.75733669373392	0
CSR1	zip-8	16.356	19.8993148679813	0
CSR1	zip-9	21.926	0.404858907619669	0
CSR1	zipt-1	29.31	2.51653855745021	0
CSR1	zipt-11	24.012	3.6827031325668	0
CSR1	zipt-13	17.6	13.6710614427364	0
CSR1	zipt-15	20.668	5.13684259133418	0
CSR1	zipt-16	18.288	2.76729547870584	0
CSR1	zipt-17	28.738	3.01697361526555	0
CSR1	zipt-2.1	9.244	4.17195247179795	0
CSR1	zipt-2.2	26.124	5.43403754551688	0
CSR1	zipt-2.3	25.954	7.05023091135772	0
CSR1	zipt-2.4	20.83	4.00267191163989	0
CSR1	zipt-3	20.7	6.7836993493917	0
CSR1	zipt-7.1	19.592	32.4267058855294	0
CSR1	zipt-7.2	3.016	4.8310736667252	1
CSR1	zipt-9	24.648	10.653656176962	0
CSR1	zmp-1	28.212	2.33504889465035	0
CSR1	zmp-2	27.162	3.82740919282592	0
CSR1	zmp-3	25.62	3.04399603565109	0
CSR1	zmp-4	27.148	5.98042972048876	0
CSR1	zmp-5	19.66	4.80812684111962	0
CSR1	zmp-6	19.872	23.8199198914298	0
CSR1	znf-207	24.198	7.53401029732682	0
CSR1	znf-236	21.762	13.0924896770098	0
CSR1	znf-474	25.986	6.4173480535666	0
CSR1	znf-598	25.272	6.51824832513372	0
CSR1	znf-622	19.902	41.7073841448629	0
CSR1	znf-706	19.7	2.89161936418804	0
CSR1	znf-782	10.568	49.7179287318079	0
CSR1	zoo-1	23.722	11.8179613639013	0
CSR1	ztf-1	6.346	4.14916334296612	0
CSR1	ztf-11	11.162	4.48771864499018	0
CSR1	ztf-13	20.578	19.6561312397893	0
CSR1	ztf-14	8.496	6.6943623113229	0
CSR1	ztf-15	24.192	4.36083801805252	0
CSR1	ztf-16	18.2	27.6249890374881	0
CSR1	ztf-17	21.018	6.07013656913975	0
CSR1	ztf-18	21.572	3.62149916437441	0
CSR1	ztf-2	21.18	24.0051209180558	0
CSR1	ztf-20	17.816	4.07094329009094	0
CSR1	ztf-22	18.466	1.77661710417665	0
CSR1	ztf-23	20.902	1.61158302412531	0
CSR1	ztf-25	23.158	12.1211743379262	0
CSR1	ztf-26	18.98	12.2576370729239	0
CSR1	ztf-27	20.016	7.54434530885244	0
CSR1	ztf-28	26.046	4.58080996895672	0
CSR1	ztf-29	19.674	4.51810800770979	0
CSR1	ztf-3	17.922	12.5756741759623	0
CSR1	ztf-30	23.83	8.92337678597695	0
CSR1	ztf-31	20.418	4.64868281307636	0
CSR1	ztf-4	16.998	4.46848158507657	0
CSR1	ztf-6	15.39	6.60246960133255	0
CSR1	ztf-7	10.63	11.10404623275	0
CSR1	ztf-8	22.736	3.82091485320859	0
CSR1	ztf-9	9.506	0.715801634176477	0
CSR1	zwl-1	24.228	11.1316802878278	0
CSR1	zyg-1	23.802	7.9533584238846	0
CSR1	zyg-11	26.574	4.21486428166903	0
CSR1	zyg-12	25.522	3.51157988430739	0
CSR1	zyg-8	23.342	8.85500355079159	0
CSR1	zyg-9	25.504	3.62858780127003	0
CSR1	zyx-1	21.988	8.20208488515713	0
CSR1	zzz-1	23.914	3.59434728193474	0
