bait	tag	MD	CV	turboID	is_in_turboID
PRG1	2L52.1	4.618	4.96731261913638	2	FALSE
PRG1	2O16	10.696	9.15791417146951	0	FALSE
PRG1	3A339	18.594	3.06894692690326	0	FALSE
PRG1	3E324	23.96	6.65192190899973	0	FALSE
PRG1	4D656	30.256	1.14507357244174	0	FALSE
PRG1	5H1	14.616	5.34813956902055	0	FALSE
PRG1	5N224	16.554	6.55557362065407	0	FALSE
PRG1	5N226	25.174	7.47439040265166	0	FALSE
PRG1	AC3.12	18.334	4.00450869846197	0	FALSE
PRG1	AC3.5	20.102	9.49544560710374	0	FALSE
PRG1	AC7.3	18.048	20.4330645079553	0	FALSE
PRG1	AC8.10	23.852	10.8496162139783	0	FALSE
PRG1	AC8.11	18.05	3.24797411791687	0	FALSE
PRG1	AC8.3	27.106	3.65322214479494	0	FALSE
PRG1	AH10.2	20.724	5.10431629971716	0	FALSE
PRG1	AH10.4	14.494	4.21615283238638	0	FALSE
PRG1	AH6.17	22.192	2.28692117257224	0	FALSE
PRG1	AH6.3	12.996	2.28817960238802	0	FALSE
PRG1	AH9.1	16.21	4.80966906959276	0	FALSE
PRG1	AH9.3	24.996	4.36836192857074	0	FALSE
PRG1	AH9.4	10.388	5.81562832107126	0	FALSE
PRG1	AH9.6	22.45	14.9871597464989	0	FALSE
PRG1	B0001.2	23.576	16.2813589834999	0	FALSE
PRG1	B0001.3	2.66	3.23395686730926	2	FALSE
PRG1	B0001.4	29.032	3.12541273551397	0	FALSE
PRG1	B0001.5	21.382	20.3549740019324	0	FALSE
PRG1	B0001.7	25.908	5.64927970756833	1	TRUE
PRG1	B0001.8	22.38	15.4057356957176	0	FALSE
PRG1	B0019.2	15.49	3.2304702396893	0	FALSE
PRG1	B0024.11	28.184	0.97705249440274	0	FALSE
PRG1	B0024.13	22.958	8.80914935747297	0	FALSE
PRG1	B0024.15	25.454	6.80687628685597	0	FALSE
PRG1	B0024.3	25.45	2.53415268308277	0	FALSE
PRG1	B0024.4	26.496	7.05719477403347	0	FALSE
PRG1	B0025.4	22.04	16.0675046183815	0	FALSE
PRG1	B0025.5	22.296	7.27415064948891	0	FALSE
PRG1	B0034.1	14.122	48.5688277288187	0	FALSE
PRG1	B0034.2	21.632	9.21896599924449	0	FALSE
PRG1	B0034.4	4.9	4.21466865878844	2	FALSE
PRG1	B0034.5	7.554	2.06487646340078	0	FALSE
PRG1	B0034.7	22.368	1.68271975323195	0	FALSE
PRG1	B0035.13	27.378	6.9945671146912	0	FALSE
PRG1	B0035.15	17.592	18.4626016721326	0	FALSE
PRG1	B0035.18	23.826	10.9546044696163	0	FALSE
PRG1	B0035.21	16.786	5.44121244902714	0	FALSE
PRG1	B0035.22	19.232	4.14596436730531	0	FALSE
PRG1	B0035.3	27.85	3.73834540277481	0	FALSE
PRG1	B0041.1	15.638	4.67695519246518	0	FALSE
PRG1	B0041.11	23.87	8.79431181156074	0	FALSE
PRG1	B0041.12	19.052	10.680899958247	0	FALSE
PRG1	B0041.5	20.504	5.8196665530655	0	FALSE
PRG1	B0041.8	19.532	1.03503635228965	0	FALSE
PRG1	B0198.2	12.49	18.1231483855538	0	FALSE
PRG1	B0198.3	21.79	10.3075663140574	0	FALSE
PRG1	B0205.1	23.116	10.2378248187481	0	FALSE
PRG1	B0205.10	20.522	12.5847766594267	0	FALSE
PRG1	B0205.12	12.232	2.8894721664532	0	FALSE
PRG1	B0205.13	17.504	10.9214037078389	0	FALSE
PRG1	B0205.14	9.47	2.15892801481108	0	FALSE
PRG1	B0205.4	16.32	7.36658762261423	0	FALSE
PRG1	B0205.5	25.248	11.2128106001544	0	FALSE
PRG1	B0205.8	22.412	19.4115374030168	0	FALSE
PRG1	B0205.9	17.764	10.8378464905693	0	FALSE
PRG1	B0207.1	22.992	7.64701106860415	0	FALSE
PRG1	B0207.10	21.01	2.93075475146408	0	FALSE
PRG1	B0207.11	18.246	8.92518962084742	0	FALSE
PRG1	B0207.2	13.814	8.18788699997193	0	FALSE
PRG1	B0207.6	25.544	9.24313121463647	1	TRUE
PRG1	B0207.7	4.422	3.12288943391299	2	FALSE
PRG1	B0207.9	26.538	6.38911809646302	0	FALSE
PRG1	B0212.3	20.136	11.6875653898157	0	FALSE
PRG1	B0218.5	23.692	10.9800679606482	0	FALSE
PRG1	B0218.7	18.902	5.32306629077305	0	FALSE
PRG1	B0222.1	21.594	2.41887242976195	0	FALSE
PRG1	B0222.11	20.88	3.42072728036201	0	FALSE
PRG1	B0222.15	28.35	1.80567264513001	0	FALSE
PRG1	B0222.5	24.874	8.36140104369906	0	FALSE
PRG1	B0228.1	25.224	12.2947925082942	0	FALSE
PRG1	B0228.6	13.936	11.0766489511155	0	FALSE
PRG1	B0228.7	28.71	2.29713476810234	0	FALSE
PRG1	B0228.8	17.25	9.70144537829603	0	FALSE
PRG1	B0228.9	26.756	11.9860855050404	0	FALSE
PRG1	B0238.15	20.79	5.46565568498001	0	FALSE
PRG1	B0238.9	16.252	5.37637031555074	0	FALSE
PRG1	B0244.10	21.408	3.22637584499188	0	FALSE
PRG1	B0244.15	8.65	3.17971619409828	0	FALSE
PRG1	B0244.16	22.64	15.873583691282	0	FALSE
PRG1	B0244.17	19.386	3.35345090430659	0	FALSE
PRG1	B0244.4	4.582	3.85930281080446	2	FALSE
PRG1	B0244.5	4.268	1.23314876916033	2	FALSE
PRG1	B0244.6	20.972	3.38737981615423	0	FALSE
PRG1	B0244.7	21.252	6.17806465055012	0	FALSE
PRG1	B0244.9	15.37	7.13858805675531	0	FALSE
PRG1	B0250.18	5.512	2.8117538122002	0	FALSE
PRG1	B0250.5	7.954	7.75344490263298	0	FALSE
PRG1	B0250.7	23.276	4.4406276984699	0	FALSE
PRG1	B0250.8	25.852	10.7227393169415	0	FALSE
PRG1	B0252.1	27.086	0.741428433214435	0	FALSE
PRG1	B0252.11	21.622	6.70305397261952	0	FALSE
PRG1	B0252.3	16.34	9.56309667153166	0	FALSE
PRG1	B0252.5	12.624	1.99974662904389	0	FALSE
PRG1	B0252.8	25.814	3.53176856371547	0	FALSE
PRG1	B0261.5	9.034	4.47150147318438	0	FALSE
PRG1	B0261.6	24.652	4.98907391088479	0	FALSE
PRG1	B0261.7	5.184	1.86825617481531	0	FALSE
PRG1	B0261.8	16.626	15.1939687442186	0	FALSE
PRG1	B0261.9	21.708	17.4459423563558	0	FALSE
PRG1	B0272.3	28.338	6.83347807566646	0	FALSE
PRG1	B0272.4	29.074	2.15107611443741	0	FALSE
PRG1	B0273.1	25.502	9.05507402639945	0	FALSE
PRG1	B0273.115	5.212	3.575077420983	0	FALSE
PRG1	B0280.11	26.33	8.79612720668729	0	FALSE
PRG1	B0280.17	23.564	2.02583509905783	0	FALSE
PRG1	B0280.2	13.116	2.61769266212287	0	FALSE
PRG1	B0280.7	23.296	4.13567538111604	0	FALSE
PRG1	B0280.9	19.898	19.5021152453247	0	FALSE
PRG1	B0281.1	27.028	3.82380831532233	0	FALSE
PRG1	B0281.3	25.664	11.9584608298059	1	TRUE
PRG1	B0281.4	20.258	13.3221430211015	0	FALSE
PRG1	B0281.5	20.678	14.5890081289308	0	FALSE
PRG1	B0281.6	23.902	12.845115071317	0	FALSE
PRG1	B0284.3	24.646	6.94361782358047	0	FALSE
PRG1	B0285.3	18.842	5.00342845302526	0	FALSE
PRG1	B0285.6	26.468	8.23252118808405	0	FALSE
PRG1	B0286.1	16.446	2.00361665336257	0	FALSE
PRG1	B0294.1	26.454	2.55441156112453	0	FALSE
PRG1	B0294.3	23.116	28.0625005367537	0	FALSE
PRG1	B0302.2	20.58	12.8066200094017	0	FALSE
PRG1	B0302.4	20.064	9.79163728898287	0	FALSE
PRG1	B0302.5	24.996	4.36836192857074	0	FALSE
PRG1	B0303.11	28.966	4.23593189407362	0	FALSE
PRG1	B0303.14	22.804	12.8603140790248	0	FALSE
PRG1	B0303.16	23.322	17.0412392151615	0	FALSE
PRG1	B0303.4	20.146	9.77657495071005	0	FALSE
PRG1	B0303.7	5.716	6.72991054221403	0	FALSE
PRG1	B0304.2	18.384	7.43231325533954	0	FALSE
PRG1	B0304.4	25.88	10.3169193451549	0	FALSE
PRG1	B0310.1	12.31	9.40623554526709	0	FALSE
PRG1	B0310.2	23.062	15.7710985052068	0	FALSE
PRG1	B0310.3	8.086	4.72350239964078	0	FALSE
PRG1	B0310.6	9.38	3.53584732447271	0	FALSE
PRG1	B0334.10	26.044	5.76994391385464	0	FALSE
PRG1	B0334.13	21.276	18.0216370813516	0	FALSE
PRG1	B0334.20	10.83	3.93431990404242	0	FALSE
PRG1	B0334.5	25.422	10.146951859378	0	FALSE
PRG1	B0336.12	22.394	2.20659876526488	0	FALSE
PRG1	B0336.13	23.796	11.3664895815261	0	FALSE
PRG1	B0336.7	13.968	29.948246320081	0	FALSE
PRG1	B0348.1	6.51	6.92182329833613	0	FALSE
PRG1	B0348.10	21.2	7.09415771545186	0	FALSE
PRG1	B0348.2	16.036	2.53636112028525	0	FALSE
PRG1	B0353.1	22.916	4.04203219694498	0	FALSE
PRG1	B0361.11	18.754	2.63326266407987	0	FALSE
PRG1	B0361.14	15.132	4.20573497460964	0	FALSE
PRG1	B0361.3	26.762	2.42009205919772	0	FALSE
PRG1	B0361.4	25.222	5.104229760336	0	FALSE
PRG1	B0361.9	13.344	2.46824806357781	0	FALSE
PRG1	B0365.9	19.746	28.199778663625	0	FALSE
PRG1	B0379.1	23.052	11.2304166476387	1	TRUE
PRG1	B0379.2	24.488	11.0454680926281	0	FALSE
PRG1	B0379.6	21.092	2.54069054521427	0	FALSE
PRG1	B0379.7	22.482	5.67686110933758	0	FALSE
PRG1	B0391.14	27.252	7.93809321284179	0	FALSE
PRG1	B0393.3	13.666	52.4401626886597	0	FALSE
PRG1	B0393.4	14.862	5.10094802443047	0	FALSE
PRG1	B0393.5	25.122	4.05329248298214	0	FALSE
PRG1	B0393.7	18.778	2.68322045964257	0	FALSE
PRG1	B0393.8	27.28	6.07780767836672	0	FALSE
PRG1	B0393.9	9.542	4.79990096595578	0	FALSE
PRG1	B0395.3	28.088	10.1858127564035	0	FALSE
PRG1	B0403.1	16.09	7.76444875009424	0	FALSE
PRG1	B0403.3	7.76	3.15261077905285	0	FALSE
PRG1	B0403.5	12.902	6.7066042463207	0	FALSE
PRG1	B0403.6	10.858	3.84303634639392	0	FALSE
PRG1	B0410.1	14.11	5.95132601089089	0	FALSE
PRG1	B0410.3	6.66	4.86310352573623	0	FALSE
PRG1	B0416.10	24.552	2.33698664121413	0	FALSE
PRG1	B0416.11	16.264	25.7126479849197	0	FALSE
PRG1	B0416.2	24.634	4.80743478199228	0	FALSE
PRG1	B0416.3	11.732	5.88980600473186	0	FALSE
PRG1	B0416.4	24.882	2.28717857894654	0	FALSE
PRG1	B0416.5	17.77	2.51006254903368	0	FALSE
PRG1	B0416.7	24.718	8.97161810618726	0	FALSE
PRG1	B0432.1	13.96	43.8408290538882	0	FALSE
PRG1	B0432.10	24.504	8.58355391642711	0	FALSE
PRG1	B0432.11	11.536	3.53214103795134	0	FALSE
PRG1	B0432.14	22.748	13.4826695037758	0	FALSE
PRG1	B0432.7	28.508	2.00794397198249	0	FALSE
PRG1	B0432.8	24.96	16.5473231529361	0	FALSE
PRG1	B0432.9	21.706	13.8612625258295	0	FALSE
PRG1	B0454.26	21.318	8.23781690498353	0	FALSE
PRG1	B0454.5	24.182	8.97606519362881	0	FALSE
PRG1	B0454.6	25.924	6.87145588991982	0	FALSE
PRG1	B0454.8	25.046	3.24580876231723	0	FALSE
PRG1	B0457.2	20.974	3.09955178940057	0	FALSE
PRG1	B0457.4	3.582	9.37084092679644	2	FALSE
PRG1	B0457.6	12.184	10.1555151876182	0	FALSE
PRG1	B0462.5	19.008	3.18045637789364	0	FALSE
PRG1	B0464.6	9.4	9.90133535584377	0	FALSE
PRG1	B0464.9	23.822	5.594299402436	0	FALSE
PRG1	B0478.3	17.594	7.44437499943773	0	FALSE
PRG1	B0491.6	4.468	1.7001010756341	2	FALSE
PRG1	B0495.5	28.78	4.26107020902774	0	FALSE
PRG1	B0495.7	27.174	2.22092701002128	0	FALSE
PRG1	B0495.8	15.216	0.833378942384193	0	FALSE
PRG1	B0495.9	25.024	2.70304363490259	0	FALSE
PRG1	B0496.1	25.658	6.97204740316881	0	FALSE
PRG1	B0496.11	17.808	31.7864542741406	0	FALSE
PRG1	B0496.2	16.214	5.33188246399577	0	FALSE
PRG1	B0496.6	21.02	10.7169285534781	0	FALSE
PRG1	B0507.1	27.662	1.26795629554424	0	FALSE
PRG1	B0507.2	9.596	6.14777693813579	0	FALSE
PRG1	B0507.3	22.804	15.5863200870736	0	FALSE
PRG1	B0507.4	25.924	7.23232524974087	0	FALSE
PRG1	B0507.5	21.11	13.5096415978859	0	FALSE
PRG1	B0507.6	14.352	15.214222981698	0	FALSE
PRG1	B0507.7	16.49	14.8099510512937	0	FALSE
PRG1	B0507.8	25.376	14.5993222387812	0	FALSE
PRG1	B0507.9	21.922	12.2207952718154	0	FALSE
PRG1	B0511.11	21.928	5.22252055206663	0	FALSE
PRG1	B0511.12	21.552	15.9882618092936	0	FALSE
PRG1	B0511.17	13.778	2.76012021709627	0	FALSE
PRG1	B0511.19	18.912	10.1452178373686	0	FALSE
PRG1	B0511.6	24.036	4.11362846690137	0	FALSE
PRG1	B0513.4	14.642	3.58554321864255	0	FALSE
PRG1	B0513.90	17.436	9.2487720079638	0	FALSE
PRG1	B0524.2	6.948	6.52638767225744	0	FALSE
PRG1	B0524.3	16.54	23.3985655203856	0	FALSE
PRG1	B0524.5	22.12	3.0165938508957	0	FALSE
PRG1	B0524.6	20.696	10.2261090099091	0	FALSE
PRG1	B0545.4	27.974	8.7611814998328	0	FALSE
PRG1	B0546.3	19.942	14.2874593938361	0	FALSE
PRG1	B0546.4	20.368	15.2916629717029	0	FALSE
PRG1	B0546.5	16.222	4.7834047385455	0	FALSE
PRG1	B0547.2	13.954	15.8101330136143	0	FALSE
PRG1	B0554.1	22.998	10.3434903639563	0	FALSE
PRG1	B0554.2	26.514	4.66326549760886	0	FALSE
PRG1	B0554.4	27.456	4.07352661521658	0	FALSE
PRG1	B0554.5	23.82	7.75227310892265	0	FALSE
PRG1	B0554.7	19.806	1.17577176683934	0	FALSE
PRG1	B0563.1	23.888	8.12492148001942	0	FALSE
PRG1	B0563.10	6.504	3.38183488250088	0	FALSE
PRG1	B0563.18	7.68	3.89864711499476	0	FALSE
PRG1	B0563.5	24.6	1.28451425279065	0	FALSE
PRG1	B0563.6	19.52	2.78530270882545	0	FALSE
PRG1	B0563.7	14.764	3.96352741427727	0	FALSE
PRG1	B0563.8	21.928	15.1994579675377	0	FALSE
PRG1	B0563.9	21.08	13.7181283579508	0	FALSE
PRG1	B0564.2	27.146	3.47298979781657	0	FALSE
PRG1	B0564.6	23.086	8.15150076822016	0	FALSE
PRG1	BE0003N10.1	27.308	4.98946606963004	0	FALSE
PRG1	BE0003N10.6	11.892	3.89610612152655	0	FALSE
PRG1	BE10.1	27	5.88673382416753	0	FALSE
PRG1	BE10.3	16.282	4.0756897030923	0	FALSE
PRG1	BE10.4	22.386	3.22165812669398	0	FALSE
PRG1	BE10.5	18.308	1.92239294970428	0	FALSE
PRG1	C01A2.1	19.318	5.91250514797796	0	FALSE
PRG1	C01A2.2	19.402	14.4008853226389	0	FALSE
PRG1	C01A2.4	24.814	8.21833016566155	0	FALSE
PRG1	C01A2.6	14.134	2.6855717690635	0	FALSE
PRG1	C01A2.9	18.494	2.92351845691259	0	FALSE
PRG1	C01B10.11	27.126	5.73743065480248	0	FALSE
PRG1	C01B10.3	29.232	1.93959785475627	0	FALSE
PRG1	C01B10.44	24.104	11.4020134332845	0	FALSE
PRG1	C01B10.6	26.188	7.13226733224356	0	FALSE
PRG1	C01B10.7	14.314	3.58125413923457	0	FALSE
PRG1	C01B10.9	19.626	7.12124644371043	0	FALSE
PRG1	C01B4.6	23.168	16.871023847186	0	FALSE
PRG1	C01B4.7	12.376	3.5770546553794	0	FALSE
PRG1	C01B4.8	27.008	4.26719591680824	0	FALSE
PRG1	C01B7.7	20.566	22.9245155738293	0	FALSE
PRG1	C01B9.1	6.742	6.51224866670276	0	FALSE
PRG1	C01B9.4	18.902	11.2122126868456	0	FALSE
PRG1	C01C10.2	26.758	4.11290712939899	1	TRUE
PRG1	C01C4.2	25.584	11.912237905231	0	FALSE
PRG1	C01C4.3	25.392	10.1506926188401	0	FALSE
PRG1	C01F1.5	26.314	7.64204471625278	0	FALSE
PRG1	C01F1.6	27.762	4.21927064866298	0	FALSE
PRG1	C01F6.14	18.822	15.630289225306	0	FALSE
PRG1	C01G10.1	27.19	5.31817490445772	0	FALSE
PRG1	C01G10.14	26.454	5.70455319692603	0	FALSE
PRG1	C01G10.15	16.956	3.17448533633979	0	FALSE
PRG1	C01G10.17	16.91	4.14209603970135	0	FALSE
PRG1	C01G10.18	18.61	12.3824625005829	0	FALSE
PRG1	C01G10.4	16.6	7.39333596905637	0	FALSE
PRG1	C01G10.5	18.582	1.97268936313929	0	FALSE
PRG1	C01G10.6	15.96	5.43869033101076	0	FALSE
PRG1	C01G10.7	28.932	1.9520748347836	0	FALSE
PRG1	C01G10.9	22.262	19.8522093269536	1	TRUE
PRG1	C01G12.13	4.956	3.66432535743402	2	FALSE
PRG1	C01G12.16	22.732	15.6196449303022	0	FALSE
PRG1	C01G12.3	11.354	5.20110671972732	0	FALSE
PRG1	C01G12.7	21.618	11.310061996654	0	FALSE
PRG1	C01G12.9	10.186	3.50867210615146	0	FALSE
PRG1	C01G5.25	21.512	6.8649768709207	0	FALSE
PRG1	C01G5.3	23.37	16.6505508665735	0	FALSE
PRG1	C01G5.4	17.968	44.8829346859069	0	FALSE
PRG1	C01G5.5	26.534	11.2872821495665	0	FALSE
PRG1	C01G5.9	22.23	1.65557950693459	0	FALSE
PRG1	C01G6.2	27.57	3.63591609284084	0	FALSE
PRG1	C01G6.3	25.252	8.00795828809861	0	FALSE
PRG1	C01G6.4	22.3	9.76817081201433	0	FALSE
PRG1	C01G6.5	2.584	5.93633572639174	3	TRUE
PRG1	C01G6.9	25.454	5.2549054853637	0	FALSE
PRG1	C01G8.1	17.85	12.7781453534533	0	FALSE
PRG1	C01H6.3	26.184	5.22408441501465	0	FALSE
PRG1	C01H6.4	27.06	5.89294759387055	0	FALSE
PRG1	C01H6.8	16.476	2.28496267521013	0	FALSE
PRG1	C02B10.3	16.93	1.22625750100571	0	FALSE
PRG1	C02B10.4	5.518	4.52228300144104	0	FALSE
PRG1	C02B10.6	22.354	11.3957086444003	0	FALSE
PRG1	C02B4.3	27.986	3.97596262765921	0	FALSE
PRG1	C02B8.1	14.154	1.50671473930381	0	FALSE
PRG1	C02B8.12	8.194	19.7614463528822	0	FALSE
PRG1	C02B8.3	25.778	3.80103816505366	0	FALSE
PRG1	C02B8.6	19.368	10.7424911247717	0	FALSE
PRG1	C02B8.7	22.608	15.8718603470491	0	FALSE
PRG1	C02C2.6	24.484	19.9924000298985	0	FALSE
PRG1	C02D5.2	17.932	3.97026562464484	0	FALSE
PRG1	C02D5.4	27.722	5.33831797602673	0	FALSE
PRG1	C02E7.10	22.174	4.57933207772977	0	FALSE
PRG1	C02E7.6	15.8	23.6214199177285	0	FALSE
PRG1	C02E7.7	16.902	15.1732332719378	0	FALSE
PRG1	C02E7.8	14.274	7.21652917846972	0	FALSE
PRG1	C02F12.5	26.712	7.63653074986163	0	FALSE
PRG1	C02F12.8	3.4	6.12019177843671	2	FALSE
PRG1	C02F4.4	21.668	9.15439844608585	0	FALSE
PRG1	C02F4.5	25.176	4.32957483865991	0	FALSE
PRG1	C02F5.10	22.992	10.2347439408547	0	FALSE
PRG1	C02F5.12	14.058	3.37957027653934	0	FALSE
PRG1	C02F5.13	25.602	9.45345172996897	0	FALSE
PRG1	C02F5.14	18.836	8.89992023965655	0	FALSE
PRG1	C02F5.2	22.204	6.69943071544346	0	FALSE
PRG1	C02F5.3	16.236	1.08495529865839	0	FALSE
PRG1	C02F5.5	14.828	2.44529215249814	0	FALSE
PRG1	C02G6.2	29.486	0.926179850164146	0	FALSE
PRG1	C02G6.3	6.944	7.65663296988407	0	FALSE
PRG1	C02H6.1	23.518	14.7432985081605	0	FALSE
PRG1	C02H6.3	29.262	1.06088161581212	0	FALSE
PRG1	C03A3.1	14.56	2.57806653559388	0	FALSE
PRG1	C03A3.2	21.87	7.74173948185959	0	FALSE
PRG1	C03A3.3	25.208	10.791661806766	0	FALSE
PRG1	C03A3.9	19.376	4.62186911968051	0	FALSE
PRG1	C03A7.13	28.8	3.5043651130667	0	FALSE
PRG1	C03A7.2	21.736	11.5361371259543	0	FALSE
PRG1	C03B1.1	25.736	11.9474886731324	0	FALSE
PRG1	C03B1.10	13.5	11.2596247504031	0	FALSE
PRG1	C03B1.13	20.076	3.07913251742775	0	FALSE
PRG1	C03B1.14	24.122	17.1603876318036	0	FALSE
PRG1	C03B1.17	22.906	6.78932319455142	0	FALSE
PRG1	C03B1.2	14.752	2.44006460765855	0	FALSE
PRG1	C03B1.3	22.408	21.0290925651962	0	FALSE
PRG1	C03B1.4	19.612	14.0806997503822	0	FALSE
PRG1	C03B1.5	26.674	4.21092839871865	0	FALSE
PRG1	C03B1.6	26.568	7.05163372846039	0	FALSE
PRG1	C03B1.7	18.356	2.22381445130605	0	FALSE
PRG1	C03B1.9	19.154	3.97926094256498	0	FALSE
PRG1	C03B8.2	15.058	9.72461556972632	0	FALSE
PRG1	C03B8.3	24.506	7.15395656613846	0	FALSE
PRG1	C03C10.2	24.248	11.6839698624246	0	FALSE
PRG1	C03C10.5	13.502	7.69978471609716	0	FALSE
PRG1	C03C10.7	20.824	2.34878716502438	0	FALSE
PRG1	C03C11.1	16.666	2.9795285185766	0	FALSE
PRG1	C03D6.1	24.262	15.1253953623809	0	FALSE
PRG1	C03D6.9	14.202	1.811261095926	0	FALSE
PRG1	C03E10.1	24.682	10.0372407974232	0	FALSE
PRG1	C03E10.3	25.59	4.27075454234131	0	FALSE
PRG1	C03F11.2	17.404	25.0907427803622	0	FALSE
PRG1	C03F11.3	27.006	1.39427109081765	0	FALSE
PRG1	C03F11.4	23.558	13.3226328280327	0	FALSE
PRG1	C03G5.14	28.95	6.8836774732677	0	FALSE
PRG1	C03G6.17	26.37	8.0299079172771	0	FALSE
PRG1	C03G6.21	18.922	2.65176449710196	0	FALSE
PRG1	C03G6.6	25.728	9.38593214447426	0	FALSE
PRG1	C03H12.1	8.216	2.25843752269915	0	FALSE
PRG1	C03H5.3	23.45	14.0514477229121	0	FALSE
PRG1	C03H5.4	15.15	2.36935195984126	0	FALSE
PRG1	C03H5.5	27.704	2.25961303378583	0	FALSE
PRG1	C03H5.6	26.108	7.31548452644466	0	FALSE
PRG1	C03H5.7	28.536	1.12647126635179	0	FALSE
PRG1	C03H5.9	26.048	7.37507525893756	0	FALSE
PRG1	C04A11.1	22.426	6.86055478819341	0	FALSE
PRG1	C04A11.2	23.396	9.02322271667749	0	FALSE
PRG1	C04A11.5	17.894	3.32868065206144	0	FALSE
PRG1	C04A2.15	26.15	6.60577957198132	0	FALSE
PRG1	C04B4.1	26.302	9.27987568989277	0	FALSE
PRG1	C04B4.2	3.626	3.17812692573369	2	FALSE
PRG1	C04B4.4	22.404	10.0678436820572	0	FALSE
PRG1	C04B4.5	19.394	3.99043868726132	0	FALSE
PRG1	C04B4.6	17.636	29.3391725352954	0	FALSE
PRG1	C04C11.1	20.6	3.1012921513175	0	FALSE
PRG1	C04C11.25	19.37	11.7402283555093	0	FALSE
PRG1	C04C3.14	17.254	9.1553341608556	0	FALSE
PRG1	C04C3.4	21.394	6.98270941389777	0	FALSE
PRG1	C04C3.6	11.684	2.25437209200841	0	FALSE
PRG1	C04C3.7	25.704	6.91233670858994	0	FALSE
PRG1	C04C3.9	21.88	19.2623654335926	0	FALSE
PRG1	C04E12.2	28.328	2.92361929432723	0	FALSE
PRG1	C04E12.4	27.212	4.50595573506648	0	FALSE
PRG1	C04E12.5	27.304	8.4532643131635	0	FALSE
PRG1	C04E6.12	12.766	1.46191424236213	0	FALSE
PRG1	C04E6.13	21.34	17.1097100632595	0	FALSE
PRG1	C04E6.4	25.536	6.66432482037583	0	FALSE
PRG1	C04E6.5	18.086	17.3789893342516	0	FALSE
PRG1	C04E6.7	22.624	15.4049818416509	0	FALSE
PRG1	C04E6.8	22.786	9.99240087545969	0	FALSE
PRG1	C04E7.1	21.908	14.4205742508963	0	FALSE
PRG1	C04E7.3	18.66	1.82168522312792	0	FALSE
PRG1	C04E7.5	24.664	11.3949847439154	0	FALSE
PRG1	C04F1.1	9.102	7.99436269376714	0	FALSE
PRG1	C04F12.12	13.472	12.1925496379976	0	FALSE
PRG1	C04F12.16	14.032	40.1340120231177	0	FALSE
PRG1	C04F12.5	26.888	6.26214895457246	0	FALSE
PRG1	C04F12.7	21.31	4.38353173088944	0	FALSE
PRG1	C04F12.8	22.17	2.83755813938685	0	FALSE
PRG1	C04F5.2	25.102	8.79557599009242	0	FALSE
PRG1	C04F5.8	26.126	10.3712408135421	0	FALSE
PRG1	C04F5.9	22.236	17.7401635957143	0	FALSE
PRG1	C04F6.7	24.676	22.0923453195825	0	FALSE
PRG1	C04F6.9	1.526	8.03387289975199	2	FALSE
PRG1	C04G2.10	13.376	3.1160983023113	0	FALSE
PRG1	C04G2.5	23.656	12.3285842775897	0	FALSE
PRG1	C04G6.11	15.434	42.3508799278126	0	FALSE
PRG1	C04G6.13	22.962	13.2876832503457	0	FALSE
PRG1	C04G6.2	24.39	10.4854490548495	0	FALSE
PRG1	C04G6.4	24.578	6.05689572145719	0	FALSE
PRG1	C04G6.5	29.654	1.1152845251438	0	FALSE
PRG1	C04G6.6	18.77	1.62077951466982	0	FALSE
PRG1	C04H4.1	20.382	13.4695931222449	0	FALSE
PRG1	C04H5.1	25.504	14.8931113186821	0	FALSE
PRG1	C04H5.7	16.064	5.69972376761946	0	FALSE
PRG1	C05A2.4	22.374	2.79968904335298	0	FALSE
PRG1	C05A9.2	12.85	4.67736003119506	0	FALSE
PRG1	C05B5.1	26.952	4.2429350617391	0	FALSE
PRG1	C05B5.11	25.992	9.36865820479054	0	FALSE
PRG1	C05B5.12	22.196	15.5209813027611	0	FALSE
PRG1	C05B5.16	24.094	12.5746696813128	0	FALSE
PRG1	C05B5.17	22.202	12.9796763065541	0	FALSE
PRG1	C05B5.2	23.614	7.03983585268892	0	FALSE
PRG1	C05B5.4	20.014	9.0059513785699	0	FALSE
PRG1	C05B5.5	18.888	22.352682425269	0	FALSE
PRG1	C05C10.2	25.812	9.46754007820389	0	FALSE
PRG1	C05C10.3	29.708	2.67402431670794	0	FALSE
PRG1	C05C10.5	20.094	0.495916120965585	0	FALSE
PRG1	C05C10.7	14.448	4.03475097123467	0	FALSE
PRG1	C05C10.8	26.702	5.43613880570656	0	FALSE
PRG1	C05C12.1	8.4	6.95333897508919	0	FALSE
PRG1	C05C12.4	20.992	5.09766958269907	0	FALSE
PRG1	C05C12.5	11.12	7.47837098272416	0	FALSE
PRG1	C05C12.6	17.026	5.33307183442936	0	FALSE
PRG1	C05C8.1	18.916	15.9976981621314	0	FALSE
PRG1	C05C8.5	24.77	7.59975171125768	0	FALSE
PRG1	C05C8.7	25.82	7.51115935188255	0	FALSE
PRG1	C05C8.8	17.156	0.933164621999657	0	FALSE
PRG1	C05C9.1	17.954	4.78833475136426	0	FALSE
PRG1	C05C9.2	3.586	2.26205240275217	2	FALSE
PRG1	C05C9.3	21.216	18.7915406473811	0	FALSE
PRG1	C05D10.4	20.998	3.66584059054887	0	FALSE
PRG1	C05D11.1	29.352	2.54339969851105	1	TRUE
PRG1	C05D11.13	15.966	4.86397504562773	0	FALSE
PRG1	C05D11.5	27.954	3.59813638859287	0	FALSE
PRG1	C05D11.8	24.928	10.8536575283593	0	FALSE
PRG1	C05D12.1	25.85	3.41566577247878	0	FALSE
PRG1	C05D12.2	28.236	1.95359048140813	0	FALSE
PRG1	C05D12.3	27.382	2.248211938824	0	FALSE
PRG1	C05D12.4	26.82	4.2982883551418	0	FALSE
PRG1	C05D12.5	14.178	12.5675731375216	0	FALSE
PRG1	C05D12.7	22.846	7.12549800407356	0	FALSE
PRG1	C05D2.8	29.016	1.25345731899776	0	FALSE
PRG1	C05D9.3	23.546	8.54686056245153	0	FALSE
PRG1	C05D9.4	2.132	3.85928751045483	2	FALSE
PRG1	C05D9.7	16.884	18.1739990755156	0	FALSE
PRG1	C05D9.9	23.138	9.83615194638966	0	FALSE
PRG1	C05E11.2	24.69	12.1154478065934	0	FALSE
PRG1	C05E11.3	24.522	4.70430653495133	0	FALSE
PRG1	C05E11.6	26.018	5.79446559853465	0	FALSE
PRG1	C05E11.7	22.138	11.3671057922473	0	FALSE
PRG1	C05E4.12	13.544	7.98299547406989	0	FALSE
PRG1	C05E4.15	7.238	9.12973347446138	0	FALSE
PRG1	C05E4.7	23.558	10.6579111643877	0	FALSE
PRG1	C05E7.3	23.464	7.12561347909214	0	FALSE
PRG1	C05G5.1	21.052	18.1379388139441	0	FALSE
PRG1	C05G5.3	19.822	16.5340148478777	0	FALSE
PRG1	C05G5.5	15.852	22.8131073608559	0	FALSE
PRG1	C05G5.7	19.998	1.91963198570513	0	FALSE
PRG1	C06A1.3	24.132	12.2806107427321	0	FALSE
PRG1	C06A1.6	12.18	7.32111524517333	0	FALSE
PRG1	C06A1.7	11.74	5.9546065746496	0	FALSE
PRG1	C06A12.19	25.384	10.180116373358	0	FALSE
PRG1	C06A12.3	24.398	4.42606099922076	0	FALSE
PRG1	C06A12.8	24.006	4.18159066640166	0	FALSE
PRG1	C06A5.12	23.144	10.6263643791106	0	FALSE
PRG1	C06A5.2	14.334	13.6270390133975	0	FALSE
PRG1	C06A5.3	16.984	4.03752463650132	0	FALSE
PRG1	C06A5.8	9.254	10.8480923194251	0	FALSE
PRG1	C06A6.2	19.878	10.9648440732679	1	TRUE
PRG1	C06A6.4	28.808	3.33190140095887	0	FALSE
PRG1	C06A6.7	21.886	10.1360380054705	0	FALSE
PRG1	C06A8.6	20.64	21.6565431862677	0	FALSE
PRG1	C06B3.1	5.232	2.22649738049288	0	FALSE
PRG1	C06B3.16	21.66	11.1371752948004	0	FALSE
PRG1	C06B3.6	20.77	1.76573142232954	0	FALSE
PRG1	C06B3.7	20.528	7.52929241495526	0	FALSE
PRG1	C06B8.2	23.882	9.34857321927938	0	FALSE
PRG1	C06B8.3	27.98	2.61475274638409	0	FALSE
PRG1	C06C3.10	21.376	11.7454298689096	0	FALSE
PRG1	C06C3.12	26.1	9.66637888844733	0	FALSE
PRG1	C06C3.3	7.278	8.53177839388645	0	FALSE
PRG1	C06C3.4	25.18	10.7658799667629	0	FALSE
PRG1	C06C3.7	11.344	2.89201440812113	0	FALSE
PRG1	C06C6.7	26.058	4.74873261641933	0	FALSE
PRG1	C06C6.8	24.066	6.79509395233472	0	FALSE
PRG1	C06C6.9	23.878	9.01137661459303	0	FALSE
PRG1	C06E1.1	24.776	12.7543613559626	0	FALSE
PRG1	C06E1.11	24.782	14.5354520676929	0	FALSE
PRG1	C06E1.7	26.288	7.84196982980956	0	FALSE
PRG1	C06E1.9	15.024	15.6573941237521	0	FALSE
PRG1	C06E2.1	7.792	8.10271565245098	0	FALSE
PRG1	C06E2.2	10.39	7.13879664864918	0	FALSE
PRG1	C06E2.5	5.944	3.65620191710971	0	FALSE
PRG1	C06E2.9	20.554	3.25054372026591	0	FALSE
PRG1	C06E4.1	22.954	14.9604024335191	0	FALSE
PRG1	C06E4.2	24.092	9.00127468715057	0	FALSE
PRG1	C06E4.3	28.18	4.49155833329993	0	FALSE
PRG1	C06E4.5	19.824	17.0807789522662	0	FALSE
PRG1	C06E4.6	29.682	0.844414739203777	0	FALSE
PRG1	C06E4.8	25.658	4.23604902387784	0	FALSE
PRG1	C06E7.2	21.488	2.87770260675876	0	FALSE
PRG1	C06E7.4	12.694	2.01198711575511	0	FALSE
PRG1	C06E7.88	21.67	1.71303287432124	0	FALSE
PRG1	C06E8.5	27.214	3.30718257702781	0	FALSE
PRG1	C06G1.1	27.396	3.74801331038492	0	FALSE
PRG1	C06G3.3	19.654	3.69812113618536	0	FALSE
PRG1	C06G4.1	19.684	7.58259605044799	0	FALSE
PRG1	C06G4.4	20.884	3.43171731871327	0	FALSE
PRG1	C06G4.5	16.158	3.62998008141653	0	FALSE
PRG1	C06G4.6	25.124	4.79853067422902	0	FALSE
PRG1	C06H2.2	18.762	2.75856300254654	0	FALSE
PRG1	C06H2.7	25.874	2.63855808917811	0	FALSE
PRG1	C06H5.11	15.008	9.30111865896053	0	FALSE
PRG1	C06H5.12	20.356	2.66878898643516	0	FALSE
PRG1	C06H5.13	18.702	4.7403993744215	0	FALSE
PRG1	C06H5.6	14.81	2.46940223469409	0	FALSE
PRG1	C06H5.8	15.314	2.00503124231687	0	FALSE
PRG1	C07A12.18	16.284	6.98652817789592	0	FALSE
PRG1	C07A12.2	14.04	3.68378932791617	0	FALSE
PRG1	C07A4.2	26.556	6.91634119934207	0	FALSE
PRG1	C07A4.3	4.136	2.36029301003207	2	FALSE
PRG1	C07A9.10	25.29	6.90802828955328	0	FALSE
PRG1	C07A9.12	27.098	2.94478816317622	0	FALSE
PRG1	C07A9.13	6.238	4.60504882571844	0	FALSE
PRG1	C07A9.5	27.644	3.85629687682027	0	FALSE
PRG1	C07A9.9	21.64	5.2260014596583	0	FALSE
PRG1	C07B5.2	21.146	4.10426672492796	0	FALSE
PRG1	C07B5.3	19.164	2.40447085724568	0	FALSE
PRG1	C07B5.4	6.348	3.90566228948854	0	FALSE
PRG1	C07B5.6	17.884	5.53745320232309	0	FALSE
PRG1	C07B5.8	11.44	3.63104354642721	0	FALSE
PRG1	C07C7.1	26.854	2.68563487093809	0	FALSE
PRG1	C07C7.3	16	0.945796621901345	0	FALSE
PRG1	C07D10.1	21.024	19.5902314704448	0	FALSE
PRG1	C07D10.5	27.6	2.94338067756525	0	FALSE
PRG1	C07D10.6	15.52	3.42738689807429	0	FALSE
PRG1	C07D8.5	22.452	10.9746806885292	0	FALSE
PRG1	C07D8.6	24.242	12.0052854059298	0	FALSE
PRG1	C07E3.10	24.43	3.96133906802535	0	FALSE
PRG1	C07E3.3	24.772	6.22307588383822	0	FALSE
PRG1	C07E3.4	22.874	14.7917146637958	0	FALSE
PRG1	C07E3.8	22.768	12.1541177837103	0	FALSE
PRG1	C07E3.9	25.134	17.2185514093222	0	FALSE
PRG1	C07F11.2	23.044	8.1569554071825	0	FALSE
PRG1	C07G1.15	21.348	19.0453958787196	0	FALSE
PRG1	C07G1.6	19.798	2.58081672598495	0	FALSE
PRG1	C07G1.7	21.7	8.32655262934731	0	FALSE
PRG1	C07G2.5	10.524	1.53010212737392	0	FALSE
PRG1	C07G3.10	7.432	5.94430151343054	0	FALSE
PRG1	C07G3.15	28.382	2.32159740717694	0	FALSE
PRG1	C07G3.8	5.256	3.86791878053259	0	FALSE
PRG1	C07H4.1	26.964	10.4801513434246	0	FALSE
PRG1	C07H6.2	14.62	6.86793180085429	0	FALSE
PRG1	C07H6.9	26.004	5.16706775176216	0	FALSE
PRG1	C08A9.10	25.614	10.8903324999259	0	FALSE
PRG1	C08A9.3	26.8	4.85963594146996	0	FALSE
PRG1	C08B11.3	18.13	1.00349726412908	0	FALSE
PRG1	C08B11.9	24.004	10.1962800631058	0	FALSE
PRG1	C08B6.10	17.25	5.95170650603367	0	FALSE
PRG1	C08B6.11	22.152	6.26234497703714	0	FALSE
PRG1	C08B6.14	28.068	3.8484084463232	0	FALSE
PRG1	C08B6.18	12.976	5.54377949600539	0	FALSE
PRG1	C08B6.2	23.308	15.4820749977731	0	FALSE
PRG1	C08B6.3	26.064	8.36282135193279	0	FALSE
PRG1	C08B6.6	23.882	12.3811585115437	0	FALSE
PRG1	C08B6.8	17.776	3.29578276695196	0	FALSE
PRG1	C08D8.1	6.528	6.35436904068222	0	FALSE
PRG1	C08D8.7	16.276	7.26613961817917	0	FALSE
PRG1	C08E3.1	21.102	18.5702537002051	0	FALSE
PRG1	C08E3.14	17.592	33.2625297898233	0	FALSE
PRG1	C08E3.15	9.034	3.53230166198054	0	FALSE
PRG1	C08E8.1	25.312	2.62526602521578	0	FALSE
PRG1	C08E8.10	14.598	18.8769793471576	0	FALSE
PRG1	C08E8.11	25.242	14.8288949757544	0	FALSE
PRG1	C08E8.2	2.098	1.52228021188478	2	FALSE
PRG1	C08E8.3	18.216	28.057756260726	0	FALSE
PRG1	C08E8.4	23.916	11.5071126473499	0	FALSE
PRG1	C08E8.5	7.684	1.99628989029102	0	FALSE
PRG1	C08E8.6	12.654	0.944357151654164	0	FALSE
PRG1	C08F1.10	25.524	14.2967935707457	0	FALSE
PRG1	C08F1.11	24.992	11.5715687380093	0	FALSE
PRG1	C08F1.12	16.76	30.6581279761202	0	FALSE
PRG1	C08F1.6	14.576	16.683418440144	0	FALSE
PRG1	C08F1.8	24.406	1.83527576456679	0	FALSE
PRG1	C08F11.1	27.076	12.7056120082453	0	FALSE
PRG1	C08F11.10	5.542	8.31338298985822	0	FALSE
PRG1	C08F11.12	25.228	14.098617103246	0	FALSE
PRG1	C08F11.13	19.708	20.5188230719162	0	FALSE
PRG1	C08F11.17	22.146	17.442606471061	0	FALSE
PRG1	C08F11.3	22.734	5.53726021180124	0	FALSE
PRG1	C08F11.7	24.854	6.06398564638475	0	FALSE
PRG1	C08F8.15	23.96	22.0974896802753	0	FALSE
PRG1	C08F8.2	25.828	4.96986211161924	0	FALSE
PRG1	C08F8.3	27.13	3.69626277529574	1	TRUE
PRG1	C08F8.6	8.022	52.9345140397906	0	FALSE
PRG1	C08F8.9	21.114	9.71852697429479	0	FALSE
PRG1	C08G5.6	23.096	8.15768641446882	0	FALSE
PRG1	C08G5.7	20.782	12.3314277156144	0	FALSE
PRG1	C08G9.1	23.32	4.90165545598064	0	FALSE
PRG1	C08G9.2	23.852	7.76252849189099	0	FALSE
PRG1	C08H9.15	25.646	4.95315982633786	0	FALSE
PRG1	C08H9.16	19.07	6.92831928203416	0	FALSE
PRG1	C08H9.18	18.306	10.1521999863196	0	FALSE
PRG1	C09B7.2	19.146	5.48511927708853	0	FALSE
PRG1	C09B8.3	24.234	5.13808137319143	0	FALSE
PRG1	C09B8.4	26.636	8.16439326746189	0	FALSE
PRG1	C09B8.8	22.96	12.3334766258264	0	FALSE
PRG1	C09B9.1	22.626	7.8908313951935	0	FALSE
PRG1	C09B9.2	22.704	14.4062702450184	0	FALSE
PRG1	C09B9.4	22.528	7.74012053422776	0	FALSE
PRG1	C09B9.7	22.966	14.8939531401567	0	FALSE
PRG1	C09B9.85	28.384	4.55208652723021	0	FALSE
PRG1	C09D4.1	24.446	6.1084084554197	0	FALSE
PRG1	C09D4.2	24.302	20.1133082453954	0	FALSE
PRG1	C09D4.3	16.328	3.27683766794398	0	FALSE
PRG1	C09D4.4	6.526	7.77014825873151	0	FALSE
PRG1	C09D4.6	21.03	18.1812305409856	0	FALSE
PRG1	C09D4.9	7.514	2.37249745762463	0	FALSE
PRG1	C09E10.3	2.838	1.4399448020932	2	FALSE
PRG1	C09E7.10	21.658	2.12427777571764	0	FALSE
PRG1	C09E7.11	20.716	21.5499856011448	0	FALSE
PRG1	C09E7.4	16.216	2.72476807034959	1	TRUE
PRG1	C09E7.7	15.08	51.9113459042221	1	TRUE
PRG1	C09E7.8	26.042	9.00987822916124	0	FALSE
PRG1	C09E8.1	15.57	3.77543359580054	0	FALSE
PRG1	C09E8.6	17.508	3.92911741956996	0	FALSE
PRG1	C09E9.1	26.632	7.6577212556204	0	FALSE
PRG1	C09F12.2	24.602	11.3619883454202	0	FALSE
PRG1	C09F12.3	23.918	7.24466141067524	0	FALSE
PRG1	C09F5.1	8.564	2.59345608874199	0	FALSE
PRG1	C09F5.3	13.222	5.60500519011959	0	FALSE
PRG1	C09F9.1	14.458	6.40043989084908	0	FALSE
PRG1	C09F9.2	20.842	1.04921718281701	0	FALSE
PRG1	C09G1.2	22.88	7.69410788296632	0	FALSE
PRG1	C09G1.4	19.456	4.72506950812705	0	FALSE
PRG1	C09G1.5	20.106	6.48078804603013	0	FALSE
PRG1	C09G12.17	14.554	2.82153245021893	0	FALSE
PRG1	C09G12.5	2.496	2.81305924383685	2	FALSE
PRG1	C09G4.4	27.154	3.6425780976703	0	FALSE
PRG1	C09G5.13	23.902	8.22090435696017	0	FALSE
PRG1	C09G5.14	18.61	7.11257526018862	0	FALSE
PRG1	C09G5.7	8.894	4.8987502511983	0	FALSE
PRG1	C09G9.1	13.406	13.7431856129574	0	FALSE
PRG1	C09G9.3	15.664	12.107830625944	0	FALSE
PRG1	C09G9.5	24.406	10.5773866912917	0	FALSE
PRG1	C09G9.8	27.188	1.52926431589535	0	FALSE
PRG1	C09H10.4	17.552	5.7546684377486	0	FALSE
PRG1	C09H10.5	16.82	9.1105831052826	0	FALSE
PRG1	C09H10.9	25.728	1.95298479887134	0	FALSE
PRG1	C09H5.7	26.962	7.19848483600003	0	FALSE
PRG1	C10A4.1	27.774	1.97495965895889	0	FALSE
PRG1	C10A4.10	20.786	13.3728117126749	0	FALSE
PRG1	C10A4.13	15.828	3.72633973046846	0	FALSE
PRG1	C10A4.2	23.616	6.61048018406468	0	FALSE
PRG1	C10A4.3	23.558	14.9197730561396	0	FALSE
PRG1	C10A4.4	20.142	3.20724404710463	0	FALSE
PRG1	C10A4.6	28.43	1.96786503421729	0	FALSE
PRG1	C10A4.7	26.426	6.56627245188268	0	FALSE
PRG1	C10A4.9	24.074	4.74046127309904	0	FALSE
PRG1	C10B5.1	26.418	3.1699920731305	0	FALSE
PRG1	C10B5.3	14.538	2.47741524352917	0	FALSE
PRG1	C10C5.3	18.658	33.5537616339192	0	FALSE
PRG1	C10C5.4	27.626	8.39517858032582	0	FALSE
PRG1	C10C5.5	27.008	9.62497562206356	0	FALSE
PRG1	C10C5.7	12.03	2.27268879708933	0	FALSE
PRG1	C10C6.13	23.322	8.2223132014401	0	FALSE
PRG1	C10C6.3	10.168	4.52688222562491	0	FALSE
PRG1	C10C6.7	21.274	8.55107830165632	0	FALSE
PRG1	C10E2.1	24.674	1.63967678476002	0	FALSE
PRG1	C10E2.2	25.406	12.5564777790806	0	FALSE
PRG1	C10E2.5	23.69	3.95453676832171	0	FALSE
PRG1	C10F3.7	14.926	2.87214053510324	0	FALSE
PRG1	C10G11.1	21.658	8.82250128697477	0	FALSE
PRG1	C10G11.10	20.294	5.32206653941218	0	FALSE
PRG1	C10G11.6	21.276	8.14321368478329	0	FALSE
PRG1	C10G11.8	17.058	4.63967290900668	0	FALSE
PRG1	C10G8.2	26.544	12.6357159747238	0	FALSE
PRG1	C10G8.3	24.176	12.0355792363117	0	FALSE
PRG1	C10G8.4	16.454	2.74722717969468	0	FALSE
PRG1	C10G8.8	11.698	13.211797700727	0	FALSE
PRG1	C10H11.7	21.668	5.40827964417126	0	FALSE
PRG1	C11D2.3	24.992	2.3782218613775	0	FALSE
PRG1	C11D2.4	28.438	3.35153912586675	0	FALSE
PRG1	C11D2.7	29.008	1.51729296232826	0	FALSE
PRG1	C11E4.6	19.196	19.3668011052772	0	FALSE
PRG1	C11E4.7	23.038	11.0532277831033	0	FALSE
PRG1	C11E4.8	19.908	3.73257696497573	0	FALSE
PRG1	C11G10.1	14.094	2.62935025901402	0	FALSE
PRG1	C11G6.2	27.646	9.14757473956041	0	FALSE
PRG1	C11H1.5	23.238	9.99979033293844	0	FALSE
PRG1	C11H1.7	25.822	4.40798963575069	0	FALSE
PRG1	C11H1.9	27.97	3.79221931263488	0	FALSE
PRG1	C12D12.1	8.176	9.54309627837071	0	FALSE
PRG1	C12D12.3	23.818	5.25177470333147	0	FALSE
PRG1	C12D5.10	26.9	6.07286363686002	0	FALSE
PRG1	C12D5.3	15.8	1.71471103596761	0	FALSE
PRG1	C12D5.4	15.046	6.23629080648591	0	FALSE
PRG1	C12D5.5	27.61	3.5224491101764	0	FALSE
PRG1	C12D5.9	27.07	10.3801663487994	0	FALSE
PRG1	C12D8.13	22.994	8.44810642973743	0	FALSE
PRG1	C12D8.20	22.61	12.9869893355382	0	FALSE
PRG1	C12D8.21	10.054	4.21375372586007	0	FALSE
PRG1	C12D8.9	22.734	10.078808021589	0	FALSE
PRG1	C13A10.1	23.05	9.02568603273605	0	FALSE
PRG1	C13A10.2	22.33	11.7346327314565	0	FALSE
PRG1	C13A2.1	26.084	4.79731364463134	0	FALSE
PRG1	C13A2.10	21.572	22.8848346009521	0	FALSE
PRG1	C13A2.12	21.578	9.21410839616393	0	FALSE
PRG1	C13A2.3	26.602	7.2195774903473	0	FALSE
PRG1	C13A2.4	27.616	6.92876285880007	0	FALSE
PRG1	C13A2.5	22.834	1.96699496184889	0	FALSE
PRG1	C13A2.6	17.12	5.88085202862508	0	FALSE
PRG1	C13A2.7	26.164	11.0809531605102	0	FALSE
PRG1	C13A2.9	26.812	8.47335475492751	0	FALSE
PRG1	C13B4.1	26.96	4.51974665036434	0	FALSE
PRG1	C13B7.6	21.004	13.8765570950746	0	FALSE
PRG1	C13B9.1	27.658	2.15535895809957	0	FALSE
PRG1	C13B9.2	28.336	2.12590068853944	0	FALSE
PRG1	C13C4.6	23.738	11.471593559522	0	FALSE
PRG1	C13C4.7	21.982	6.80184816275668	0	FALSE
PRG1	C13C4.8	4.88	5.75779562222422	2	FALSE
PRG1	C13E3.1	24.598	8.00173076710227	0	FALSE
PRG1	C13F10.1	23.936	7.3244960551003	0	FALSE
PRG1	C13F10.5	17.534	1.87061653006927	0	FALSE
PRG1	C13F10.6	27.664	2.9354140902919	0	FALSE
PRG1	C13F10.7	22.454	7.14170783413339	0	FALSE
PRG1	C13F10.8	10.514	1.28593827514975	0	FALSE
PRG1	C13G3.1	23.244	11.5281554311713	0	FALSE
PRG1	C13G3.12	16.006	3.77365731158808	0	FALSE
PRG1	C13G5.2	21.354	16.0965107236106	0	FALSE
PRG1	C14A11.2	7.924	5.30305692929625	0	FALSE
PRG1	C14A11.5	23.258	9.09988915688357	0	FALSE
PRG1	C14A11.6	20.39	18.607686479292	0	FALSE
PRG1	C14A11.9	20.792	4.19333053551002	0	FALSE
PRG1	C14A4.12	17.214	15.3723774286213	0	FALSE
PRG1	C14A4.13	9.056	1.70996875742485	0	FALSE
PRG1	C14A4.6	23.602	2.18651814158823	0	FALSE
PRG1	C14A4.7	24.078	15.6792548593487	0	FALSE
PRG1	C14A4.8	16.554	2.52980520627841	0	FALSE
PRG1	C14A4.9	20.212	2.71268674727908	0	FALSE
PRG1	C14A6.12	13.648	4.27062604054089	0	FALSE
PRG1	C14A6.13	15.086	3.97017586918617	0	FALSE
PRG1	C14A6.3	24.368	7.17388907629936	0	FALSE
PRG1	C14A6.5	10.814	5.0159951817074	0	FALSE
PRG1	C14A6.6	5.776	4.70105067171878	0	FALSE
PRG1	C14A6.7	23.074	7.21819772749746	0	FALSE
PRG1	C14A6.8	20.238	5.24598590165504	0	FALSE
PRG1	C14B1.12	21.32	4.83558239851209	0	FALSE
PRG1	C14B1.2	9.41	42.9514591059782	0	FALSE
PRG1	C14B1.3	24.276	8.46986509383151	0	FALSE
PRG1	C14B1.8	24.474	12.4899584723608	0	FALSE
PRG1	C14B4.2	26.374	10.7269347533853	0	FALSE
PRG1	C14B9.10	24.616	4.82251355190467	0	FALSE
PRG1	C14B9.2	27.674	5.71582151868761	0	FALSE
PRG1	C14B9.3	26.176	9.00153870672449	0	FALSE
PRG1	C14B9.8	27.272	4.9130812493208	1	TRUE
PRG1	C14C10.1	28.96	1.94200810644183	0	FALSE
PRG1	C14C10.10	19.47	16.368596001459	0	FALSE
PRG1	C14C10.2	26.396	3.67837111967005	0	FALSE
PRG1	C14C10.5	25.922	12.8098438490234	0	FALSE
PRG1	C14C11.1	20.994	24.638394114522	0	FALSE
PRG1	C14C11.2	21.93	5.58628101454211	0	FALSE
PRG1	C14C11.4	27.416	1.26369076480148	0	FALSE
PRG1	C14C11.7	22.274	5.79286293509493	0	FALSE
PRG1	C14C6.13	26.282	6.20029408208901	0	FALSE
PRG1	C14C6.2	21.068	3.5445844783389	0	FALSE
PRG1	C14C6.3	18.348	26.4812103701952	0	FALSE
PRG1	C14C6.5	22.472	14.191864646677	0	FALSE
PRG1	C14C6.6	24.004	4.6773685170881	0	FALSE
PRG1	C14C6.8	20.198	17.5116355152131	0	FALSE
PRG1	C14E2.1	21.83	21.417455160172	0	FALSE
PRG1	C14E2.11	22.902	11.3525691397474	0	FALSE
PRG1	C14E2.3	22.344	7.48740313097226	0	FALSE
PRG1	C14E2.4	24.592	9.99992175461448	0	FALSE
PRG1	C14E2.5	13.672	5.11509215030318	0	FALSE
PRG1	C14E2.6	25.946	8.29560531468883	0	FALSE
PRG1	C14E2.7	16.246	4.42214626139767	0	FALSE
PRG1	C14F11.4	25.666	8.36793838112822	0	FALSE
PRG1	C14F11.7	13.758	7.93788572663971	0	FALSE
PRG1	C14H10.2	19.378	6.94583722937947	0	FALSE
PRG1	C14H10.3	27.352	10.814909260484	1	TRUE
PRG1	C15A11.2	17.544	3.75864346017088	0	FALSE
PRG1	C15A11.4	26.422	10.5036308996169	0	FALSE
PRG1	C15A11.7	17.956	5.81939529798619	0	FALSE
PRG1	C15B12.1	28.614	3.26866828948917	0	FALSE
PRG1	C15B12.2	22.834	22.8869875361366	0	FALSE
PRG1	C15B12.3	8.892	11.329648896365	0	FALSE
PRG1	C15B12.4	27.836	2.52709275707561	0	FALSE
PRG1	C15B12.8	24.92	10.7316681068126	0	FALSE
PRG1	C15B12.9	25.798	14.3870288679478	0	FALSE
PRG1	C15C6.1	23.578	2.01009807697306	0	FALSE
PRG1	C15C6.2	15.36	35.5526277873176	0	FALSE
PRG1	C15C6.3	21.728	7.17926295024266	0	FALSE
PRG1	C15C7.4	24.276	14.7669277549103	0	FALSE
PRG1	C15C7.6	19.854	25.2259293729063	0	FALSE
PRG1	C15C8.5	27.66	5.67128628771717	0	FALSE
PRG1	C15C8.6	27.144	11.1951527703204	0	FALSE
PRG1	C15C8.8	22.014	15.0439673759083	0	FALSE
PRG1	C15F1.1	25.906	1.00162221002899	0	FALSE
PRG1	C15F1.2	21.04	9.57908934659392	0	FALSE
PRG1	C15F1.5	27.144	2.22460214728619	0	FALSE
PRG1	C15F1.8	24.404	14.301538933578	0	FALSE
PRG1	C15H11.1	26.714	8.0104572495908	0	FALSE
PRG1	C15H11.10	22.792	8.26549234245738	0	FALSE
PRG1	C15H11.11	17.208	4.28250135262795	0	FALSE
PRG1	C15H11.13	15.274	5.79732171723135	0	FALSE
PRG1	C15H7.3	22.008	14.2172515693719	0	FALSE
PRG1	C15H7.4	9.276	3.44352470701081	0	FALSE
PRG1	C15H9.11	4.144	7.86694341002895	2	FALSE
PRG1	C15H9.2	15.814	26.9257808126155	0	FALSE
PRG1	C15H9.3	23.884	16.8233455605995	0	FALSE
PRG1	C15H9.4	25	8.15156426705942	0	FALSE
PRG1	C15H9.5	24.066	11.7035335536019	0	FALSE
PRG1	C15H9.9	26.222	9.0517346908444	0	FALSE
PRG1	C16A11.10	28.488	2.26014850152147	0	FALSE
PRG1	C16A11.2	28.49	2.65869733372115	1	TRUE
PRG1	C16A11.3	13.754	9.59770379567673	0	FALSE
PRG1	C16A11.4	3.002	3.70488013681526	2	FALSE
PRG1	C16A11.5	26.95	2.44546326519205	0	FALSE
PRG1	C16A11.7	24.17	10.8918319916476	0	FALSE
PRG1	C16A3.2	23.548	11.2643573421391	0	FALSE
PRG1	C16A3.5	24.484	5.46706090198359	0	FALSE
PRG1	C16A3.6	13.796	12.3926290655001	0	FALSE
PRG1	C16B8.2	17.204	2.83587062740917	0	FALSE
PRG1	C16B8.3	20.5	5.54651521704797	0	FALSE
PRG1	C16B8.4	20.338	28.7755161737731	0	FALSE
PRG1	C16C10.1	25.318	5.71142535776371	0	FALSE
PRG1	C16C10.13	17.158	3.34255434749848	0	FALSE
PRG1	C16C10.2	23.288	15.2628631216685	0	FALSE
PRG1	C16C10.4	26.76	4.63039017111482	0	FALSE
PRG1	C16C10.8	21.892	20.319678312773	0	FALSE
PRG1	C16C10.9	25.184	7.94842658140191	0	FALSE
PRG1	C16C2.4	17.98	2.22643146843694	0	FALSE
PRG1	C16C4.1	21.992	4.77407367322416	0	FALSE
PRG1	C16C4.17	15.512	11.5257055489355	0	FALSE
PRG1	C16C4.18	11.83	1.07424049257302	0	FALSE
PRG1	C16C8.10	25.716	9.87691262186036	0	FALSE
PRG1	C16C8.11	27.63	1.49510695372673	0	FALSE
PRG1	C16C8.12	22.054	9.16419469480857	0	FALSE
PRG1	C16C8.14	23.632	2.15256604300107	0	FALSE
PRG1	C16C8.16	26.554	4.68705406890778	0	FALSE
PRG1	C16C8.17	13.102	4.17536067655416	0	FALSE
PRG1	C16C8.18	6.532	3.99128241714885	0	FALSE
PRG1	C16C8.19	28.578	3.17188098554287	0	FALSE
PRG1	C16C8.20	14.176	6.46171769429319	0	FALSE
PRG1	C16C8.21	20.044	3.40418194448389	0	FALSE
PRG1	C16C8.22	27.09	6.40401881348358	0	FALSE
PRG1	C16C8.25	27.586	7.29056866791835	0	FALSE
PRG1	C16C8.26	23.76	1.48861440941308	0	FALSE
PRG1	C16C8.27	17.346	10.2482496545528	0	FALSE
PRG1	C16C8.4	25.698	5.95640252590771	0	FALSE
PRG1	C16C8.5	25.348	4.66408429926414	0	FALSE
PRG1	C16C8.7	24.274	17.8355088250655	0	FALSE
PRG1	C16C8.8	27.35	5.6344511440478	0	FALSE
PRG1	C16C8.9	19.144	21.0106519255648	0	FALSE
PRG1	C16D2.1	22.758	10.7964011474355	0	FALSE
PRG1	C16D2.3	16.78	12.517452489307	0	FALSE
PRG1	C16D9.3	25.238	5.75672929756955	0	FALSE
PRG1	C16D9.4	21.822	3.37686237551564	0	FALSE
PRG1	C16D9.5	16.536	2.21685278994518	0	FALSE
PRG1	C16D9.6	21.734	10.9198318084882	0	FALSE
PRG1	C16D9.8	11.456	13.1991495614686	0	FALSE
PRG1	C16D9.9	22.412	7.93574158933198	0	FALSE
PRG1	C16E9.1	8.136	6.06049831929816	0	FALSE
PRG1	C16E9.2	18.534	18.1595132193479	0	FALSE
PRG1	C16H3.3	24.998	14.5205941433283	0	FALSE
PRG1	C17A2.2	25.916	5.85974381713974	0	FALSE
PRG1	C17A2.3	27.214	3.63073720700312	0	FALSE
PRG1	C17A2.4	28.008	6.88706710608201	0	FALSE
PRG1	C17A2.7	18.718	35.8395735982734	0	FALSE
PRG1	C17B7.10	28.148	2.21655200483602	0	FALSE
PRG1	C17B7.12	25.956	9.62095256642074	0	FALSE
PRG1	C17B7.14	5.946	4.50428135634019	0	FALSE
PRG1	C17B7.15	27.138	4.41357592908079	0	FALSE
PRG1	C17B7.3	27.206	6.07700067478303	0	FALSE
PRG1	C17B7.4	17.48	7.53717178536245	0	FALSE
PRG1	C17B7.5	25.292	9.04160780428839	0	FALSE
PRG1	C17B7.8	26.228	6.26681618459998	0	FALSE
PRG1	C17B7.9	28.312	2.06443443502911	0	FALSE
PRG1	C17C3.1	22.02	7.69262298961025	0	FALSE
PRG1	C17C3.11	27.222	6.61201315311794	0	FALSE
PRG1	C17C3.13	18.14	29.4606156910417	0	FALSE
PRG1	C17C3.15	25.424	12.7362015554723	0	FALSE
PRG1	C17C3.24	22.978	7.6918494518813	0	FALSE
PRG1	C17C3.3	27.71	2.15034544201096	0	FALSE
PRG1	C17C3.5	13.022	0.631853860565941	0	FALSE
PRG1	C17C3.6	19.706	2.44018982077715	0	FALSE
PRG1	C17C3.9	23.32	23.1385328274807	0	FALSE
PRG1	C17D12.3	26.746	3.56887496671029	0	FALSE
PRG1	C17D12.5	26.102	3.30526328147554	0	FALSE
PRG1	C17D12.9	18.636	3.78473181592993	0	FALSE
PRG1	C17E4.1	22.852	6.468868702742	0	FALSE
PRG1	C17E4.10	20.91	4.29990756441684	0	FALSE
PRG1	C17E4.11	24.984	12.0626809203707	0	FALSE
PRG1	C17E4.19	12.14	5.55143013031112	0	FALSE
PRG1	C17E4.2	23.746	13.9004778782397	0	FALSE
PRG1	C17E4.20	22.272	6.89344372634711	0	FALSE
PRG1	C17E7.12	20.05	3.75491874807356	0	FALSE
PRG1	C17E7.13	22.638	14.6159402952038	0	FALSE
PRG1	C17E7.4	5.936	6.79787726489086	0	FALSE
PRG1	C17E7.9	24.662	5.52129085516642	0	FALSE
PRG1	C17F3.1	23.084	8.0237220323549	0	FALSE
PRG1	C17F3.3	22.91	3.30668650659427	0	FALSE
PRG1	C17F4.11	18.74	11.8397661845662	0	FALSE
PRG1	C17F4.12	22.584	9.17847847583811	0	FALSE
PRG1	C17F4.2	22.234	6.70111618542604	0	FALSE
PRG1	C17F4.3	25.58	7.13713039979361	0	FALSE
PRG1	C17F4.7	27.094	0.693252048829934	0	FALSE
PRG1	C17F4.8	21.626	26.1921797324444	0	FALSE
PRG1	C17G1.14	13.05	5.899139043842	0	FALSE
PRG1	C17G1.2	23.432	10.6746059898861	0	FALSE
PRG1	C17G1.5	21.378	3.68314031785799	0	FALSE
PRG1	C17G10.1	7.546	1.7293803623387	1	TRUE
PRG1	C17G10.13	25.572	10.6701296621748	0	FALSE
PRG1	C17G10.6	9.874	3.53205315252775	0	FALSE
PRG1	C17G10.7	21.854	14.6578707730239	0	FALSE
PRG1	C17H1.2	19.004	1.32735148450292	0	FALSE
PRG1	C17H11.1	17.372	12.7187164259183	0	FALSE
PRG1	C17H11.2	22.134	6.79852579302552	1	TRUE
PRG1	C17H11.4	23.9	12.2903988185064	0	FALSE
PRG1	C17H11.5	21.56	15.1453651080298	0	FALSE
PRG1	C17H11.6	15.97	4.15757896394646	0	FALSE
PRG1	C17H12.10	26.264	8.2310833848028	0	FALSE
PRG1	C17H12.11	13.976	0.737706721166685	0	FALSE
PRG1	C17H12.12	25.706	3.42626374244703	0	FALSE
PRG1	C17H12.2	28.056	3.16406664673386	0	FALSE
PRG1	C17H12.3	25.424	15.649349982012	0	FALSE
PRG1	C17H12.37	19.234	5.2959171730876	0	FALSE
PRG1	C17H12.5	13.156	1.46466603242278	0	FALSE
PRG1	C17H12.6	28.514	3.74734398823331	0	FALSE
PRG1	C17H12.8	26.788	6.18168537579718	0	FALSE
PRG1	C18A11.1	27.07	4.50880188621793	0	FALSE
PRG1	C18A11.2	13.338	21.360180570133	0	FALSE
PRG1	C18A11.3	20.928	3.18704967970837	0	FALSE
PRG1	C18A11.4	25.38	3.83983915976538	0	FALSE
PRG1	C18A3.10	12.988	10.5391181111532	0	FALSE
PRG1	C18A3.11	27.138	3.90486693389854	0	FALSE
PRG1	C18A3.3	19.192	9.38884599213749	0	FALSE
PRG1	C18A3.7	24.392	5.51005513590523	0	FALSE
PRG1	C18B10.6	20.952	6.15687462791436	0	FALSE
PRG1	C18B12.4	23.378	3.22029807825323	0	FALSE
PRG1	C18B2.2	25.964	6.3794502696585	0	FALSE
PRG1	C18B2.3	17.508	16.8969254561063	0	FALSE
PRG1	C18B2.4	21.994	9.07208562130351	0	FALSE
PRG1	C18B2.5	8.154	2.12700352108696	0	FALSE
PRG1	C18C4.7	20.284	5.5094310652519	1	TRUE
PRG1	C18D1.2	7.112	5.30352863183649	0	FALSE
PRG1	C18D11.1	20.022	2.37420347206009	0	FALSE
PRG1	C18D11.10	20.916	1.82982911068621	0	FALSE
PRG1	C18D11.3	9.228	14.5584579799847	0	FALSE
PRG1	C18D11.6	18.376	2.45687505027763	0	FALSE
PRG1	C18D11.7	23.244	20.3903760416397	0	FALSE
PRG1	C18D11.9	19.392	7.00422811580205	0	FALSE
PRG1	C18D4.12	11.96	6.0720995502894	0	FALSE
PRG1	C18D4.3	27.66	5.22443186035445	0	FALSE
PRG1	C18D4.4	23.404	1.22301388595095	0	FALSE
PRG1	C18D4.6	5.806	4.27755055495016	0	FALSE
PRG1	C18E3.1	14.374	3.40132839926982	0	FALSE
PRG1	C18E3.3	20.16	5.82589232922484	0	FALSE
PRG1	C18E9.2	19.278	11.566391982241	0	FALSE
PRG1	C18E9.5	4.318	5.53492144373864	2	FALSE
PRG1	C18E9.7	15.122	78.0059623786561	0	FALSE
PRG1	C18E9.8	25.36	8.84973486455523	0	FALSE
PRG1	C18E9.9	17.458	19.7804414326032	0	FALSE
PRG1	C18F10.2	20.978	8.43683157071773	0	FALSE
PRG1	C18F10.7	23.836	13.7091704064344	0	FALSE
PRG1	C18G1.1	12.092	3.82228280632907	0	FALSE
PRG1	C18G1.6	21.186	5.34326788781317	0	FALSE
PRG1	C18G1.7	22.752	0.602962399424843	0	FALSE
PRG1	C18G1.8	23.592	22.8990698684151	0	FALSE
PRG1	C18G1.9	23.664	13.5357375714227	0	FALSE
PRG1	C18H2.5	26.128	3.3268344156002	0	FALSE
PRG1	C18H7.1	26.678	1.49429385318891	0	FALSE
PRG1	C18H7.11	25.7	3.91471403748038	0	FALSE
PRG1	C18H7.12	22.806	8.84942424272357	0	FALSE
PRG1	C18H7.4	29.538	1.62085874293264	0	FALSE
PRG1	C18H7.6	20.582	3.82311515092825	0	FALSE
PRG1	C18H7.7	21.198	15.1081198252628	0	FALSE
PRG1	C18H9.1	20.402	12.4380988779475	0	FALSE
PRG1	C18H9.5	21.882	16.5433533248684	0	FALSE
PRG1	C18H9.6	23.29	14.3427506202682	0	FALSE
PRG1	C23F12.3	14.676	3.80435991189491	0	FALSE
PRG1	C23F12.4	24.178	5.05415779498856	0	FALSE
PRG1	C23F12.9	18.214	28.6908773722365	0	FALSE
PRG1	C23G10.1	25.808	7.64191193519993	0	FALSE
PRG1	C23G10.10	27.804	7.91423060169313	0	FALSE
PRG1	C23G10.11	26.308	6.66517293321008	0	FALSE
PRG1	C23G10.2	23.22	20.5487967402202	0	FALSE
PRG1	C23G10.5	18.584	17.6272902142906	0	FALSE
PRG1	C23G10.7	27.568	4.47563692738811	0	FALSE
PRG1	C23H3.2	25.892	4.42844276925985	0	FALSE
PRG1	C23H3.5	10.37	5.39588614601264	0	FALSE
PRG1	C23H3.9	24.964	6.26858585353311	0	FALSE
PRG1	C23H4.6	23.622	4.47938775747319	0	FALSE
PRG1	C23H4.8	25.512	5.79439430836705	0	FALSE
PRG1	C23H5.11	22.452	5.94475858948247	0	FALSE
PRG1	C23H5.12	25.912	8.23159966360761	0	FALSE
PRG1	C23H5.15	13.218	2.69578226753768	0	FALSE
PRG1	C23H5.8	27.944	3.28982795412682	0	FALSE
PRG1	C24A11.1	3.264	4.17049456519256	2	FALSE
PRG1	C24A3.1	18.83	5.45889804535693	0	FALSE
PRG1	C24A3.2	19.85	11.6427849627129	0	FALSE
PRG1	C24A3.4	27.674	6.19167721818611	0	FALSE
PRG1	C24A3.9	25.524	6.62606266352507	0	FALSE
PRG1	C24A8.5	11.438	7.0322123935736	0	FALSE
PRG1	C24A8.6	19.032	0.737851604940813	0	FALSE
PRG1	C24B5.4	18.664	30.3820470879361	0	FALSE
PRG1	C24B9.3	15.184	4.54702424875132	0	FALSE
PRG1	C24D10.2	20.856	7.53258773993715	0	FALSE
PRG1	C24D10.4	12.756	2.47321852872961	0	FALSE
PRG1	C24D10.49	8.78	11.3009081290247	0	FALSE
PRG1	C24D10.5	29.182	2.911383407025	0	FALSE
PRG1	C24D10.6	27.566	6.12314803728781	0	FALSE
PRG1	C24F3.2	26.458	2.46751556152516	0	FALSE
PRG1	C24G6.8	15.318	8.09707824134767	0	FALSE
PRG1	C24H10.2	26.202	5.80305457469686	0	FALSE
PRG1	C24H10.3	20.17	19.9991052549552	0	FALSE
PRG1	C24H10.4	25.87	11.5168314761371	0	FALSE
PRG1	C24H11.1	24.082	6.64989406283402	0	FALSE
PRG1	C24H11.2	23.26	17.1830339590397	0	FALSE
PRG1	C24H11.5	25.624	6.90464253022366	0	FALSE
PRG1	C24H12.1	21.508	17.3198828307195	0	FALSE
PRG1	C24H12.18	25.748	10.69266463384	0	FALSE
PRG1	C24H12.4	23.644	2.21319439935704	0	FALSE
PRG1	C24H12.6	21.434	17.5992882108134	0	FALSE
PRG1	C24H12.8	27.53	4.09511935310316	0	FALSE
PRG1	C25A1.1	18.152	9.12060604101191	0	FALSE
PRG1	C25A1.15	15.298	3.50966017333126	0	FALSE
PRG1	C25A1.16	22.438	10.4455028670245	0	FALSE
PRG1	C25A1.20	22.446	24.9117568644311	0	FALSE
PRG1	C25A11.2	26.562	5.30682642054435	0	FALSE
PRG1	C25A6.1	2.822	3.90920350688068	2	FALSE
PRG1	C25A8.1	10.186	2.04946233428791	0	FALSE
PRG1	C25A8.2	19.186	5.39079289908646	0	FALSE
PRG1	C25A8.5	26.952	10.1175732285089	0	FALSE
PRG1	C25B8.8	21.67	2.67790330271419	0	FALSE
PRG1	C25D7.10	21.098	3.02630774069733	0	FALSE
PRG1	C25D7.15	27.88	5.4355711285393	0	FALSE
PRG1	C25D7.16	23.674	9.96550192694926	0	FALSE
PRG1	C25D7.5	26.598	7.13945538288818	0	FALSE
PRG1	C25D7.9	10.716	3.65112348774341	0	FALSE
PRG1	C25E10.10	23.628	7.29543857054926	0	FALSE
PRG1	C25E10.11	26.47	5.62248133241559	0	FALSE
PRG1	C25E10.12	28.126	5.43402884873517	0	FALSE
PRG1	C25E10.13	14.07	4.86968169078382	0	FALSE
PRG1	C25E10.16	23.054	9.57040538656176	0	FALSE
PRG1	C25E10.17	8.462	2.00793833367475	0	FALSE
PRG1	C25E10.4	19.062	2.11520146039683	0	FALSE
PRG1	C25E10.5	28.414	3.35789453345806	0	FALSE
PRG1	C25E10.8	26.974	6.00215507269979	0	FALSE
PRG1	C25F6.1	15.994	3.89094814654736	0	FALSE
PRG1	C25F6.6	24.394	3.83412619641893	0	FALSE
PRG1	C25F6.8	22.856	8.07975096959165	0	FALSE
PRG1	C25F9.10	25.744	6.56254448668772	0	FALSE
PRG1	C25F9.11	24.89	13.0640339443065	0	FALSE
PRG1	C25F9.12	22.58	1.82115900752454	0	FALSE
PRG1	C25F9.13	27.506	9.21746524679397	0	FALSE
PRG1	C25F9.14	25.36	9.11962332174939	0	FALSE
PRG1	C25F9.15	28.342	1.46019264028439	0	FALSE
PRG1	C25F9.16	18.798	22.30938355618	0	FALSE
PRG1	C25F9.2	10.434	16.0563053073925	0	FALSE
PRG1	C25F9.4	28.324	1.34291852361289	0	FALSE
PRG1	C25F9.5	27.704	2.9491232003103	0	FALSE
PRG1	C25F9.6	18.484	5.11669296662331	0	FALSE
PRG1	C25F9.8	23.048	17.2182649187714	0	FALSE
PRG1	C25F9.9	27.042	2.89297045806412	0	FALSE
PRG1	C25G4.17	25.26	5.06350993945117	0	FALSE
PRG1	C25G4.2	28.364	2.42698288207524	0	FALSE
PRG1	C25G4.3	21.406	13.662160997828	0	FALSE
PRG1	C25G4.7	25.312	2.01202516931096	0	FALSE
PRG1	C25G4.8	27.322	4.65168263067664	0	FALSE
PRG1	C25G6.1	25.104	12.3386220987189	0	FALSE
PRG1	C25G6.3	24.834	8.86196105094566	0	FALSE
PRG1	C25G6.4	5.248	9.97373163720801	0	FALSE
PRG1	C25H3.1	27.634	5.25592427788751	0	FALSE
PRG1	C25H3.10	16.97	21.1724124400443	0	FALSE
PRG1	C25H3.14	28.414	1.46056881837356	0	FALSE
PRG1	C25H3.15	20.808	12.2565697578293	0	FALSE
PRG1	C25H3.16	21.19	20.0863394879526	0	FALSE
PRG1	C25H3.17	12.96	2.36506668580156	0	FALSE
PRG1	C25H3.3	29.054	2.94964175241771	0	FALSE
PRG1	C25H3.7	24.036	21.6265852169372	0	FALSE
PRG1	C26B2.2	18.972	3.9021584411526	0	FALSE
PRG1	C26B2.7	23.538	10.9162580367968	0	FALSE
PRG1	C26B2.8	27.544	3.42145837218759	0	FALSE
PRG1	C26B9.1	18.916	5.21930721942002	0	FALSE
PRG1	C26B9.2	22.318	9.51433817270044	0	FALSE
PRG1	C26B9.3	26.334	8.35493517231385	0	FALSE
PRG1	C26B9.5	16.156	1.49233497350075	0	FALSE
PRG1	C26B9.6	26.782	6.13087661907546	0	FALSE
PRG1	C26B9.7	17.348	5.13891363892663	0	FALSE
PRG1	C26C6.10	15.868	5.23243688086086	0	FALSE
PRG1	C26C6.4	24.972	10.7212337108324	0	FALSE
PRG1	C26C6.6	23.224	16.7255052759632	0	FALSE
PRG1	C26C6.8	12.364	1.33953451225942	0	FALSE
PRG1	C26C6.9	26.464	8.037823160555	0	FALSE
PRG1	C26D10.3	26.868	3.08910945181662	0	FALSE
PRG1	C26D10.4	28.966	1.96412627923487	0	FALSE
PRG1	C26D10.6	8.452	8.23774566848992	0	FALSE
PRG1	C26D10.7	23.036	5.16049868088302	0	FALSE
PRG1	C26E1.1	14.49	5.09085738941949	0	FALSE
PRG1	C26E1.2	13.172	76.4528236545871	0	FALSE
PRG1	C26E6.1	28.904	2.09243525729057	0	FALSE
PRG1	C26E6.12	17.532	0.537193003786045	0	FALSE
PRG1	C26F1.1	18.204	16.0415876117509	0	FALSE
PRG1	C26F1.3	21.242	19.3585204503486	0	FALSE
PRG1	C26G2.2	22.892	19.3546325296258	0	FALSE
PRG1	C26H9A.3	16.086	2.94143722819014	0	FALSE
PRG1	C26H9A.4	20.266	5.45572967050811	0	FALSE
PRG1	C27A12.4	20.678	10.7404801116792	0	FALSE
PRG1	C27A2.12	27.638	5.06428763924274	0	FALSE
PRG1	C27A2.7	24.408	5.92259253610084	0	FALSE
PRG1	C27A2.8	27.954	5.05721450724268	0	FALSE
PRG1	C27A7.1	23.636	13.6548694764813	0	FALSE
PRG1	C27A7.3	23.676	7.62703514588899	0	FALSE
PRG1	C27A7.5	24.014	1.49234328232044	0	FALSE
PRG1	C27A7.6	14.624	4.64173809072731	0	FALSE
PRG1	C27A7.8	10.982	9.14111712406193	0	FALSE
PRG1	C27A7.9	15.71	5.09408784582366	0	FALSE
PRG1	C27B7.2	18.014	2.76382528279195	0	FALSE
PRG1	C27B7.5	8.322	3.21916888714261	0	FALSE
PRG1	C27B7.6	26.088	6.40401526555488	0	FALSE
PRG1	C27B7.7	28.316	1.5769172071525	0	FALSE
PRG1	C27B7.9	27.334	6.71629558917118	0	FALSE
PRG1	C27C12.1	20.404	4.1829107380735	0	FALSE
PRG1	C27C12.3	21.23	11.0205783324409	0	FALSE
PRG1	C27C12.4	23.072	4.60415721144757	0	FALSE
PRG1	C27C7.1	18.218	4.35809878800817	0	FALSE
PRG1	C27C7.5	24.268	4.00142749337648	0	FALSE
PRG1	C27C7.7	27.58	6.37860252548099	0	FALSE
PRG1	C27D6.1	23.448	13.8477029736972	0	FALSE
PRG1	C27D6.11	8.11	2.55243422250116	0	FALSE
PRG1	C27D6.15	3.042	4.98762105852207	2	FALSE
PRG1	C27D6.3	21.702	10.5341194719415	0	FALSE
PRG1	C27D8.1	19.1	31.5153892286025	0	FALSE
PRG1	C27D8.2	27.164	6.89127342080521	0	FALSE
PRG1	C27D8.3	22.598	8.86887386017943	0	FALSE
PRG1	C27D8.4	27.978	2.63251707600349	1	TRUE
PRG1	C27D9.1	20.224	24.2492565985359	0	FALSE
PRG1	C27D9.2	20.026	2.28302201012235	0	FALSE
PRG1	C27F2.10	29.12	2.15321684817257	0	FALSE
PRG1	C27F2.4	14.022	8.49406192393364	0	FALSE
PRG1	C27F2.6	7.172	2.77709552958942	0	FALSE
PRG1	C27F2.7	23.972	11.3904788521244	0	FALSE
PRG1	C27F2.9	26.282	5.3346746818787	0	FALSE
PRG1	C27H5.12	10.928	14.4736699150905	0	FALSE
PRG1	C27H5.2	26.482	4.95024295264594	0	FALSE
PRG1	C27H5.6	1.966	1.17099332993096	2	FALSE
PRG1	C27H6.8	28.01	5.12525349896421	1	TRUE
PRG1	C27H6.9	21.782	3.04432038629046	0	FALSE
PRG1	C28A5.1	24.606	12.1534648726768	0	FALSE
PRG1	C28A5.2	23.132	13.2794853062111	0	FALSE
PRG1	C28A5.6	21.078	9.73731030828974	0	FALSE
PRG1	C28C12.1	17.56	1.86671792745828	0	FALSE
PRG1	C28C12.11	21.754	5.45435870124205	0	FALSE
PRG1	C28C12.12	11.534	3.15688717126109	0	FALSE
PRG1	C28D4.10	7.346	8.54123659251622	0	FALSE
PRG1	C28D4.18	21.02	11.5356753603178	0	FALSE
PRG1	C28D4.4	28.412	4.60208186090532	0	FALSE
PRG1	C28D4.5	26.842	2.76785200523293	0	FALSE
PRG1	C28D4.7	24.9	11.3841431890915	0	FALSE
PRG1	C28D4.8	27.926	3.36609595828749	0	FALSE
PRG1	C28F5.1	17.082	7.69202701041902	0	FALSE
PRG1	C28F5.4	27.12	17.0131161022366	0	FALSE
PRG1	C28G1.10	27.332	10.8110355907415	0	FALSE
PRG1	C28G1.2	16.648	40.5361638947357	0	FALSE
PRG1	C28G1.6	16.73	22.9619614529163	0	FALSE
PRG1	C28H8.2	25.82	5.43375984734177	0	FALSE
PRG1	C28H8.3	24.34	14.1693154866475	0	FALSE
PRG1	C28H8.5	24.814	3.55285922535421	0	FALSE
PRG1	C28H8.7	26.534	3.84399519747237	0	FALSE
PRG1	C28H8.8	27.872	6.90885103406437	0	FALSE
PRG1	C29A12.1	18.568	32.8208481674788	0	FALSE
PRG1	C29A12.22	6.142	5.37210261028388	0	FALSE
PRG1	C29A12.6	14.444	3.46185266615933	0	FALSE
PRG1	C29E4.10	26.672	2.05310389706554	0	FALSE
PRG1	C29E4.11	11.596	2.61398015758304	0	FALSE
PRG1	C29E4.12	26.134	8.02879201171526	0	FALSE
PRG1	C29E4.13	17.65	3.70596282413893	0	FALSE
PRG1	C29E4.14	22.934	13.0190459718807	0	FALSE
PRG1	C29E4.15	28.344	3.8422595426326	0	FALSE
PRG1	C29E4.17	15.178	36.6973021243249	0	FALSE
PRG1	C29E4.9	10.682	5.81675074536433	0	FALSE
PRG1	C29F3.3	25.248	9.88851298263192	0	FALSE
PRG1	C29F3.7	27.28	1.35258465744099	0	FALSE
PRG1	C29F4.3	21.506	7.51903468181026	0	FALSE
PRG1	C29F5.1	26.16	15.8678976982043	0	FALSE
PRG1	C29F5.8	20.604	2.87206409688194	0	FALSE
PRG1	C29F7.1	28.436	4.28980289502952	0	FALSE
PRG1	C29F7.10	12.12	4.0315223361576	0	FALSE
PRG1	C29F7.2	28.172	6.45979834509292	0	FALSE
PRG1	C29F7.3	21.022	12.4818388533788	0	FALSE
PRG1	C29F9.12	25.11	6.34708654467883	0	FALSE
PRG1	C29F9.5	21.968	20.4307433873676	0	FALSE
PRG1	C29F9.6	19.966	6.67811738216395	0	FALSE
PRG1	C29F9.8	21.114	8.46452081885715	0	FALSE
PRG1	C29F9.9	24.17	6.60910134275419	0	FALSE
PRG1	C29G2.3	27.406	4.19755726873403	0	FALSE
PRG1	C29G2.6	27.564	6.31130964287981	0	FALSE
PRG1	C29H12.2	22.07	11.2358769946263	0	FALSE
PRG1	C29H12.6	16.944	18.1863669282992	0	FALSE
PRG1	C30A5.10	23.752	2.2175258905758	0	FALSE
PRG1	C30A5.16	20.658	5.86523083210285	0	FALSE
PRG1	C30A5.4	20.782	22.3380399386213	0	FALSE
PRG1	C30B5.17	21.106	1.94217106632003	0	FALSE
PRG1	C30B5.2	22.998	9.13476879686822	0	FALSE
PRG1	C30B5.6	19.354	5.20608775756006	0	FALSE
PRG1	C30E1.4	24.722	3.54084820740877	0	FALSE
PRG1	C30F12.2	25.754	8.22470398888422	1	TRUE
PRG1	C30F12.3	20.234	15.3194558597646	0	FALSE
PRG1	C30F12.4	20.33	2.88853568057905	0	FALSE
PRG1	C30F12.5	16.784	17.8039513010084	0	FALSE
PRG1	C30F2.2	22.994	6.78330514744461	0	FALSE
PRG1	C30F2.4	23.858	8.13097984781648	0	FALSE
PRG1	C30F2.5	18.298	5.15276017194959	0	FALSE
PRG1	C30F8.3	21.244	5.62621067131822	0	FALSE
PRG1	C30G12.1	21.98	14.395518438918	0	FALSE
PRG1	C30G12.2	28.646	3.40210350599577	0	FALSE
PRG1	C30G12.4	23.328	6.64709942409749	0	FALSE
PRG1	C30G12.6	23.528	8.30761242610942	1	TRUE
PRG1	C30G4.2	26.5	2.88956581541892	0	FALSE
PRG1	C30G4.4	21.082	7.12624427605047	0	FALSE
PRG1	C30G7.2	26.59	6.24628926865083	0	FALSE
PRG1	C30G7.3	20.936	7.89797710507819	0	FALSE
PRG1	C30G7.4	18.794	3.5650866642847	0	FALSE
PRG1	C30G7.5	27.494	11.9715138197979	0	FALSE
PRG1	C30H6.12	21.986	4.77648108387116	0	FALSE
PRG1	C30H6.5	22.534	2.32051719696	0	FALSE
PRG1	C30H6.8	19.504	3.542673789866	0	FALSE
PRG1	C30H6.9	27.438	10.3110844485158	0	FALSE
PRG1	C31A11.13	24.292	3.90646024427299	0	FALSE
PRG1	C31B8.1	19.748	24.810272588475	0	FALSE
PRG1	C31B8.12	21.336	1.91034158582881	0	FALSE
PRG1	C31B8.16	24.956	9.85997922939283	0	FALSE
PRG1	C31B8.7	25.976	5.69877639300376	0	FALSE
PRG1	C31B8.9	25.288	2.32361910999635	0	FALSE
PRG1	C31C9.6	24.626	6.06661465258076	0	FALSE
PRG1	C31C9.7	23.4	9.73801197373838	0	FALSE
PRG1	C31C9.9	24.258	10.868843482329	0	FALSE
PRG1	C31E10.11	22.882	5.71779689029351	0	FALSE
PRG1	C31E10.5	27.818	3.45104039330704	0	FALSE
PRG1	C31E10.6	28.804	1.63127455590759	0	FALSE
PRG1	C31G12.1	28.83	7.54496230761147	0	FALSE
PRG1	C31G12.3	16.702	11.0520074331099	0	FALSE
PRG1	C31G12.4	27.918	1.24710447301085	0	FALSE
PRG1	C31H1.1	7.9	5.25507057079673	0	FALSE
PRG1	C31H1.2	21.678	7.40460269836877	0	FALSE
PRG1	C31H1.5	15.072	2.81936895694792	0	FALSE
PRG1	C31H2.14	15.328	29.7207929500449	0	FALSE
PRG1	C31H2.3	19.488	15.9278777021855	0	FALSE
PRG1	C31H2.4	28.47	3.92305237754162	0	FALSE
PRG1	C31H5.1	27.486	9.73828119206243	0	FALSE
PRG1	C31H5.4	18.158	5.47924940799592	0	FALSE
PRG1	C31H5.5	10.838	4.34071412005548	0	FALSE
PRG1	C31H5.6	27.454	5.04092815154191	0	FALSE
PRG1	C31H5.7	27.908	3.17547311098908	0	FALSE
PRG1	C32A9.1	23.612	13.716521799764	0	FALSE
PRG1	C32B5.13	13.644	2.16404716351226	0	FALSE
PRG1	C32B5.15	22.916	13.1482802691299	0	FALSE
PRG1	C32B5.18	11.358	4.20835847353584	0	FALSE
PRG1	C32B5.6	9.956	4.57457651159171	0	FALSE
PRG1	C32B5.7	25.716	12.7700963517136	0	FALSE
PRG1	C32C4.16	14.346	34.4425019533288	0	FALSE
PRG1	C32D5.1	24.724	9.59242129507595	0	FALSE
PRG1	C32D5.10	17.696	2.73930468398387	0	FALSE
PRG1	C32D5.11	15.826	2.24096273034852	0	FALSE
PRG1	C32D5.12	28.224	2.15904381238177	0	FALSE
PRG1	C32D5.14	20.204	4.18996246671037	0	FALSE
PRG1	C32D5.4	21.286	15.9915687997914	0	FALSE
PRG1	C32D5.6	10.558	7.95531933588858	0	FALSE
PRG1	C32D5.7	18.306	21.4553219343772	0	FALSE
PRG1	C32D5.8	27.868	0.743402564235887	0	FALSE
PRG1	C32E12.1	22.01	13.5283948407994	0	FALSE
PRG1	C32E12.4	18.952	5.34768866910126	1	TRUE
PRG1	C32E8.1	23.078	17.2241389740484	0	FALSE
PRG1	C32E8.12	18.976	11.6685403197247	0	FALSE
PRG1	C32E8.13	22.502	3.27587037162624	0	FALSE
PRG1	C32E8.4	18.314	16.0138519228592	0	FALSE
PRG1	C32E8.9	29.992	1.39129396669596	0	FALSE
PRG1	C32F10.4	22.818	1.5292996080563	0	FALSE
PRG1	C32F10.8	29.422	3.9746838617646	0	FALSE
PRG1	C32H11.3	24.552	12.6834309481702	0	FALSE
PRG1	C32H11.4	28.506	2.8237598808184	0	FALSE
PRG1	C32H11.9	15.438	5.161004809403	0	FALSE
PRG1	C33A11.2	18.432	2.61302430604348	0	FALSE
PRG1	C33A12.1	26.07	6.69524829711338	0	FALSE
PRG1	C33A12.19	7.798	3.47120182071621	0	FALSE
PRG1	C33A12.3	25.886	8.45225641793101	0	FALSE
PRG1	C33A12.4	20.214	4.26719964453944	0	FALSE
PRG1	C33B4.2	16.572	6.15723739541612	0	FALSE
PRG1	C33B4.4	19.722	11.3236651069587	0	FALSE
PRG1	C33B4.5	25.18	10.9902155057681	0	FALSE
PRG1	C33C12.1	18.078	3.60560088198924	0	FALSE
PRG1	C33C12.11	22.262	11.9407315698777	0	FALSE
PRG1	C33C12.12	10.732	69.7147710073649	0	FALSE
PRG1	C33C12.4	19.106	21.6574449569706	0	FALSE
PRG1	C33C12.7	12.382	5.94671248956641	0	FALSE
PRG1	C33D3.3	19.238	2.42654653679512	0	FALSE
PRG1	C33D3.4	15.436	31.9491849289914	0	FALSE
PRG1	C33D3.5	23.482	6.44787703801832	0	FALSE
PRG1	C33D9.10	28.006	3.45622882619165	0	FALSE
PRG1	C33D9.13	11.716	1.59178873105891	0	FALSE
PRG1	C33D9.3	5	2.35372045918796	0	FALSE
PRG1	C33D9.6	22.958	8.78504808553041	0	FALSE
PRG1	C33D9.8	26.516	8.36085435375134	0	FALSE
PRG1	C33E10.1	25.184	13.7374070552047	0	FALSE
PRG1	C33E10.10	24.51	8.84901561495689	0	FALSE
PRG1	C33E10.8	26.028	3.43365361457358	0	FALSE
PRG1	C33F10.1	21.924	5.55987167600814	0	FALSE
PRG1	C33F10.11	13.99	6.9252288205404	0	FALSE
PRG1	C33F10.12	27.316	6.3493781978317	0	FALSE
PRG1	C33F10.14	23.222	7.77380956354717	0	FALSE
PRG1	C33F10.4	22.528	13.9947976193673	0	FALSE
PRG1	C33F10.8	5.452	5.25935987932161	0	FALSE
PRG1	C33G3.4	15.194	12.3885769156019	0	FALSE
PRG1	C33G3.5	23.562	2.53591166354878	0	FALSE
PRG1	C33G3.6	7.008	3.48857074709222	0	FALSE
PRG1	C33G8.13	20.002	27.1283901610464	0	FALSE
PRG1	C33G8.2	21.134	4.72894307176742	0	FALSE
PRG1	C33H5.1	24.282	13.6096871047316	0	FALSE
PRG1	C33H5.13	14.336	11.9009170681292	0	FALSE
PRG1	C33H5.16	3.278	8.50466960912889	2	FALSE
PRG1	C33H5.2	25.05	2.58404029264388	0	FALSE
PRG1	C34B2.11	21.614	5.75235550847283	0	FALSE
PRG1	C34B2.3	24.976	6.57823110863126	0	FALSE
PRG1	C34B2.4	17.092	2.09296131329559	0	FALSE
PRG1	C34B2.9	15.622	8.33370203848237	0	FALSE
PRG1	C34B4.2	20.374	2.2408036975296	0	FALSE
PRG1	C34B4.3	10.972	72.9743178905923	0	FALSE
PRG1	C34B4.4	23.128	13.9436978900619	0	FALSE
PRG1	C34B4.5	20.652	0.896385733439827	0	FALSE
PRG1	C34B7.1	26.596	6.17731288732801	0	FALSE
PRG1	C34C12.1	27.152	4.26441164568408	0	FALSE
PRG1	C34C12.12	16.63	2.99818421222319	0	FALSE
PRG1	C34C12.2	16.468	3.84036807448696	0	FALSE
PRG1	C34C12.4	1.998	5.04736826245394	2	FALSE
PRG1	C34C12.6	7.944	4.43058795870986	0	FALSE
PRG1	C34C12.7	23.808	4.15193969978001	0	FALSE
PRG1	C34C12.8	23.324	6.26600121943181	0	FALSE
PRG1	C34C12.9	6.46	0.826399245513261	0	FALSE
PRG1	C34C6.10	16.736	6.67260612771622	0	FALSE
PRG1	C34C6.3	18.176	5.71502909461448	0	FALSE
PRG1	C34C6.9	20.95	6.39244004139173	0	FALSE
PRG1	C34D1.4	17.148	24.9301880970068	0	FALSE
PRG1	C34D10.1	27.364	3.36749927346271	0	FALSE
PRG1	C34D10.5	14.748	34.1098376723551	0	FALSE
PRG1	C34D4.10	24.752	7.47591219311066	0	FALSE
PRG1	C34D4.2	23.162	14.5603997918627	0	FALSE
PRG1	C34D4.3	25.066	5.97306072154555	0	FALSE
PRG1	C34D4.4	19.558	1.51994539424172	0	FALSE
PRG1	C34E10.10	28.506	3.49508238704811	0	FALSE
PRG1	C34E10.12	22.974	10.3388772989615	0	FALSE
PRG1	C34E10.9	7.632	49.911357852482	0	FALSE
PRG1	C34E11.2	5.802	3.72341270211412	0	FALSE
PRG1	C34E11.4	25.46	9.31112229142412	0	FALSE
PRG1	C34E7.3	25.57	4.60300227015754	0	FALSE
PRG1	C34F11.1	18.914	16.33114075491	0	FALSE
PRG1	C34F11.2	27.21	4.66515846049061	0	FALSE
PRG1	C34F11.5	27.27	4.64716007699036	0	FALSE
PRG1	C34F11.8	21.826	7.94501514832739	0	FALSE
PRG1	C34F6.1	21.494	8.9265199747926	0	FALSE
PRG1	C34F6.10	11.538	9.14799050502791	0	FALSE
PRG1	C34F6.11	24.708	9.60037350619964	0	FALSE
PRG1	C34F6.12	21.364	9.84201614904888	0	FALSE
PRG1	C34F6.5	7.938	2.28396138743453	0	FALSE
PRG1	C34F6.7	21.814	28.8585082653734	0	FALSE
PRG1	C34F6.9	24.466	4.37223183658994	0	FALSE
PRG1	C34G6.3	19.716	3.95984998449384	0	FALSE
PRG1	C34H4.1	25.086	4.78168397734707	0	FALSE
PRG1	C34H4.2	25.38	9.27739116302538	0	FALSE
PRG1	C34H4.5	14.512	3.28144802860096	0	FALSE
PRG1	C35A11.2	26.34	8.36951187640624	0	FALSE
PRG1	C35A11.3	17.872	6.7551361341216	0	FALSE
PRG1	C35A11.4	22.056	14.342066856615	0	FALSE
PRG1	C35A5.10	21.034	2.92211707190271	0	FALSE
PRG1	C35A5.11	25.908	9.65282481930912	0	FALSE
PRG1	C35A5.3	24.634	2.7149060326282	0	FALSE
PRG1	C35A5.4	12.67	1.9533336496866	0	FALSE
PRG1	C35A5.5	20.624	2.56973008019595	0	FALSE
PRG1	C35A5.6	2.806	6.74112688019993	2	FALSE
PRG1	C35B1.2	7.084	4.59875771683063	0	FALSE
PRG1	C35B1.3	17.676	6.96440385650657	0	FALSE
PRG1	C35B1.4	19.182	3.60361408168209	0	FALSE
PRG1	C35B1.5	3.722	4.24553966149989	2	FALSE
PRG1	C35B1.7	20.234	8.085452165489	0	FALSE
PRG1	C35B1.8	17.138	21.1108572614126	0	FALSE
PRG1	C35B1.9	12.514	2.45820597191453	0	FALSE
PRG1	C35B8.3	17.384	2.41793143789161	0	FALSE
PRG1	C35C5.10	23.398	15.5741765470187	0	FALSE
PRG1	C35C5.8	26.64	4.08219642054424	0	FALSE
PRG1	C35C5.9	14.034	5.14191421905633	0	FALSE
PRG1	C35D10.1	23.34	18.0077329797157	0	FALSE
PRG1	C35D10.10	27.764	7.53142080661931	0	FALSE
PRG1	C35D10.12	24.126	10.561444746539	0	FALSE
PRG1	C35D10.17	25.718	3.95094995529554	0	FALSE
PRG1	C35D10.3	22.596	8.87485754145444	0	FALSE
PRG1	C35D10.5	24.916	10.2297670562469	0	FALSE
PRG1	C35D10.6	28.31	4.80674748006007	0	FALSE
PRG1	C35D10.7	26.05	3.11082643275864	0	FALSE
PRG1	C35D10.8	14.382	4.71338510122428	0	FALSE
PRG1	C35D6.13	27.026	4.92310625267372	0	FALSE
PRG1	C35D6.3	27.656	9.34726039691253	0	FALSE
PRG1	C35D6.4	14.066	19.9621022248862	0	FALSE
PRG1	C35E7.10	11.724	1.45327468375872	0	FALSE
PRG1	C35E7.11	3.752	5.87080379627222	2	FALSE
PRG1	C35E7.12	16.232	2.63306500062968	0	FALSE
PRG1	C35E7.2	24.224	2.59885839048638	0	FALSE
PRG1	C35E7.3	26.558	7.46513946119604	0	FALSE
PRG1	C35E7.4	23.062	9.97332332664001	0	FALSE
PRG1	C35E7.5	17.712	25.8763331058792	1	TRUE
PRG1	C35E7.6	16.548	2.07866052332547	0	FALSE
PRG1	C35E7.7	28.422	5.05012542405947	0	FALSE
PRG1	C35E7.9	14.65	6.22022430028369	0	FALSE
PRG1	C36A4.10	13.932	3.33991599327309	0	FALSE
PRG1	C36A4.11	11.66	3.73094969711084	0	FALSE
PRG1	C36A4.4	26.002	3.52451432748507	1	TRUE
PRG1	C36B1.11	25.942	10.0287825666326	0	FALSE
PRG1	C36B1.13	21.046	4.49482548857026	0	FALSE
PRG1	C36B1.14	2.566	4.02743902814148	2	FALSE
PRG1	C36B1.6	28.752	0.846738688884172	0	FALSE
PRG1	C36B1.9	17.848	3.81270993238058	0	FALSE
PRG1	C36B7.1	27.74	1.96177597559853	0	FALSE
PRG1	C36B7.2	27.85	3.99363552859963	0	FALSE
PRG1	C36B7.3	22.612	7.19344731361968	0	FALSE
PRG1	C36B7.4	3.624	17.1366280400752	0	FALSE
PRG1	C36B7.5	22.432	7.84500981373229	0	FALSE
PRG1	C36B7.6	23.486	16.1867581633425	0	FALSE
PRG1	C36C5.12	24.778	11.9893064523398	0	FALSE
PRG1	C36C5.14	19.752	2.94738943159235	0	FALSE
PRG1	C36C5.15	14.424	2.97936848244093	0	FALSE
PRG1	C36C5.4	22.09	13.8139412916652	0	FALSE
PRG1	C36C9.11	24.558	6.10625161916518	0	FALSE
PRG1	C36C9.12	25.476	3.07157785983551	0	FALSE
PRG1	C36C9.4	20.358	11.3848584950033	0	FALSE
PRG1	C36C9.5	25.544	9.53394173780246	0	FALSE
PRG1	C36C9.6	17.078	27.9279825413137	0	FALSE
PRG1	C36E6.2	10.332	7.87976752333345	0	FALSE
PRG1	C36E6.8	23.726	14.0691344505988	0	FALSE
PRG1	C36E8.4	24.388	16.7130842915991	0	FALSE
PRG1	C36E8.6	14.978	7.51070458249026	0	FALSE
PRG1	C36F7.5	18.672	5.13935152284711	0	FALSE
PRG1	C36H8.1	23.696	18.4341217664534	0	FALSE
PRG1	C37A2.6	9.282	5.33882998570884	0	FALSE
PRG1	C37A2.7	20.656	6.91815281681387	1	TRUE
PRG1	C37A2.8	21.182	5.45344793218057	0	FALSE
PRG1	C37A5.11	20.476	32.1599370796153	0	FALSE
PRG1	C37A5.3	15.988	3.66857756789644	0	FALSE
PRG1	C37A5.5	17.4	1.81558264355532	0	FALSE
PRG1	C37A5.6	16.69	2.49030586466392	0	FALSE
PRG1	C37A5.7	26.262	9.03586209605318	0	FALSE
PRG1	C37C3.1	28.002	1.03453142252696	0	FALSE
PRG1	C37C3.10	15.754	40.98004102417	0	FALSE
PRG1	C37C3.11	22.238	8.19840852703119	0	FALSE
PRG1	C37C3.12	25.582	6.24714956065863	0	FALSE
PRG1	C37C3.17	24.112	8.9157284827941	0	FALSE
PRG1	C37C3.2	20.98	4.3075050367241	1	TRUE
PRG1	C37C3.9	24.918	17.8608395906635	0	FALSE
PRG1	C37E2.10	24.998	11.3745778003046	0	FALSE
PRG1	C37E2.2	28.882	1.44663025020931	0	FALSE
PRG1	C37E2.3	29.5	1.88981150708696	0	FALSE
PRG1	C37H5.13	19.338	21.0168409644483	0	FALSE
PRG1	C37H5.14	19.898	2.33121019331954	0	FALSE
PRG1	C37H5.5	22.236	18.7962630675646	0	FALSE
PRG1	C38C10.2	2.226	0.751716106499619	2	FALSE
PRG1	C38C10.3	26.142	8.12404067192603	0	FALSE
PRG1	C38C3.3	18.312	21.1754238442644	0	FALSE
PRG1	C38C3.4	25.472	2.89617101600882	0	FALSE
PRG1	C38C3.6	10.532	12.4225815081367	0	FALSE
PRG1	C38C5.1	7.174	6.14797256839496	0	FALSE
PRG1	C38C6.3	14.874	2.99561015488353	0	FALSE
PRG1	C38D4.10	14.434	13.1664268660043	0	FALSE
PRG1	C38D4.7	21.038	24.7610709609878	0	FALSE
PRG1	C38D9.2	14.272	2.97328024442406	0	FALSE
PRG1	C38D9.8	23.8	6.01611129261194	0	FALSE
PRG1	C38H2.2	25.95	6.56244052807264	0	FALSE
PRG1	C38H2.3	23.094	2.85962324886821	0	FALSE
PRG1	C39B10.1	23.906	14.9271198288547	0	FALSE
PRG1	C39B10.3	10.542	2.82783833890379	0	FALSE
PRG1	C39B10.4	17.566	35.7965543760057	0	FALSE
PRG1	C39B10.5	10.546	18.0867398738109	0	FALSE
PRG1	C39B10.7	19.926	1.70948392044489	0	FALSE
PRG1	C39B5.10	6.568	8.47669754622219	0	FALSE
PRG1	C39B5.14	26.218	8.12062522965819	0	FALSE
PRG1	C39B5.2	27.414	4.53349138835952	0	FALSE
PRG1	C39B5.5	25.782	4.82598209815894	0	FALSE
PRG1	C39B5.6	18.37	2.58129291660941	0	FALSE
PRG1	C39D10.1	20.598	9.16931409301303	0	FALSE
PRG1	C39D10.11	18.112	2.71421947013535	0	FALSE
PRG1	C39D10.2	13.402	33.2796774691027	0	FALSE
PRG1	C39D10.5	15.614	7.9279696173717	0	FALSE
PRG1	C39D10.7	21.158	7.04498095027891	0	FALSE
PRG1	C39D10.8	29.116	1.28200762382705	0	FALSE
PRG1	C39E6.2	17.306	13.0786377663376	0	FALSE
PRG1	C39E9.12	16.922	8.9260733098377	0	FALSE
PRG1	C39E9.7	24.974	2.39290280897292	0	FALSE
PRG1	C39E9.8	27.57	2.45816741020782	0	FALSE
PRG1	C39F7.1	20.052	16.1322408518455	0	FALSE
PRG1	C39F7.5	25.972	6.22912672081748	0	FALSE
PRG1	C39H7.4	21.928	8.17894863966983	0	FALSE
PRG1	C40A11.2	23.042	11.9655172517226	0	FALSE
PRG1	C40A11.3	23.508	12.9426918253789	0	FALSE
PRG1	C40A11.4	23.52	12.2057877630628	0	FALSE
PRG1	C40A11.6	23.398	14.9894787149271	0	FALSE
PRG1	C40A11.7	26.992	8.0469873194188	0	FALSE
PRG1	C40A11.8	20.126	16.6779042079402	0	FALSE
PRG1	C40C9.3	12.6	1.14461945252825	0	FALSE
PRG1	C40C9.4	25.704	7.85554945468227	0	FALSE
PRG1	C40H1.2	22.998	14.4878548817705	0	FALSE
PRG1	C40H1.3	24.802	2.64689562880383	0	FALSE
PRG1	C40H1.7	20.576	23.4663923222451	0	FALSE
PRG1	C40H1.8	25.958	9.77932538627858	0	FALSE
PRG1	C40H1.9	28.83	1.59612561426896	0	FALSE
PRG1	C40H5.2	13.926	5.39603567382482	0	FALSE
PRG1	C41A3.2	18.302	3.02405110080347	0	FALSE
PRG1	C41C4.9	12.126	5.84896980532177	0	FALSE
PRG1	C41D11.10	14.69	11.1021419804713	0	FALSE
PRG1	C41D11.3	9.194	18.150761281505	0	FALSE
PRG1	C41D11.9	22.772	12.8953252006826	0	FALSE
PRG1	C41G11.1	11.56	9.88660095955847	0	FALSE
PRG1	C41G6.12	28.402	2.23213720229944	0	FALSE
PRG1	C41G6.13	14.858	19.4486698994399	0	FALSE
PRG1	C41G7.15	10.26	2.41018772297822	0	FALSE
PRG1	C41G7.7	11.678	2.92991039274804	0	FALSE
PRG1	C41G7.8	21.442	11.1277167677106	0	FALSE
PRG1	C41H7.2	15.512	45.0345203133153	0	FALSE
PRG1	C41H7.9	21.484	2.03546139004622	0	FALSE
PRG1	C42C1.12	19.85	8.4571764968459	0	FALSE
PRG1	C42C1.19	30.412	0.576322564782498	0	FALSE
PRG1	C42C1.3	24.032	3.06392285476911	0	FALSE
PRG1	C42C1.8	23.97	4.94768263301644	0	FALSE
PRG1	C42C1.9	6.472	4.09732980073355	0	FALSE
PRG1	C42D4.13	22.318	16.3392337490243	0	FALSE
PRG1	C42D4.18	24.702	5.87941302944444	0	FALSE
PRG1	C42D4.19	18.69	7.00756398702323	0	FALSE
PRG1	C42D4.3	18.494	11.5278805484243	0	FALSE
PRG1	C42D8.1	18.302	19.2129296291196	0	FALSE
PRG1	C42D8.9	18.564	7.53162159469969	0	FALSE
PRG1	C43C3.4	10.86	2.67193704024805	0	FALSE
PRG1	C43D7.4	18.318	3.03788627920977	0	FALSE
PRG1	C43D7.7	15.462	5.95119581301694	0	FALSE
PRG1	C43D7.8	13.388	5.89309590638181	0	FALSE
PRG1	C43E11.12	5.362	4.54036381626218	0	FALSE
PRG1	C43E11.5	27.382	5.37168172486871	0	FALSE
PRG1	C43E11.9	25.192	5.36878804052772	0	FALSE
PRG1	C43F9.11	21.156	5.26476304503604	0	FALSE
PRG1	C43F9.4	27.102	5.93085327850826	0	FALSE
PRG1	C43F9.5	17.766	10.2171587965938	0	FALSE
PRG1	C43F9.7	22.232	10.7077651877259	0	FALSE
PRG1	C43G2.3	24.84	16.6759505675969	0	FALSE
PRG1	C43H6.12	14.52	2.25018033783809	0	FALSE
PRG1	C43H6.4	18.72	4.93553320334439	0	FALSE
PRG1	C43H6.6	15.692	7.42223671673414	0	FALSE
PRG1	C44B11.1	26.284	11.8533650765956	0	FALSE
PRG1	C44B11.4	24.162	12.0032952457484	0	FALSE
PRG1	C44B11.6	12.652	11.2220468543873	0	FALSE
PRG1	C44B12.3	20.204	10.2066030991769	0	FALSE
PRG1	C44B12.6	22.512	18.0955668860835	0	FALSE
PRG1	C44B12.9	27.262	9.01479971103249	0	FALSE
PRG1	C44B7.11	21.054	17.8986681674807	0	FALSE
PRG1	C44B7.5	25.202	8.39917195285147	0	FALSE
PRG1	C44B7.7	26.278	3.17971564294333	0	FALSE
PRG1	C44B9.2	21.448	10.3100757391747	0	FALSE
PRG1	C44B9.3	21.186	5.73288909051113	0	FALSE
PRG1	C44C1.1	28.004	5.045153007494	0	FALSE
PRG1	C44C1.6	20.59	2.15701000400218	0	FALSE
PRG1	C44C10.10	23.854	7.4132437660167	0	FALSE
PRG1	C44C10.11	17.05	15.2689924304338	0	FALSE
PRG1	C44C10.12	23.426	18.2731552129472	0	FALSE
PRG1	C44C10.15	23.45	12.8821356267496	0	FALSE
PRG1	C44C10.3	26.298	3.83601913622213	0	FALSE
PRG1	C44C10.5	19.112	20.8232126573059	0	FALSE
PRG1	C44C10.7	25.664	1.20810623176845	0	FALSE
PRG1	C44C10.9	17.166	10.4512874471074	0	FALSE
PRG1	C44C11.6	24.636	4.3895188664854	0	FALSE
PRG1	C44E12.1	28.474	4.92282060330196	0	FALSE
PRG1	C44E4.5	24.068	13.6547052499553	0	FALSE
PRG1	C44F1.1	25.758	7.07271654717414	0	FALSE
PRG1	C44H4.4	26.26	5.47701005738402	1	TRUE
PRG1	C44H4.6	23.01	23.3182480004042	0	FALSE
PRG1	C44H4.8	17.29	12.9197847910287	0	FALSE
PRG1	C44H9.4	25.792	7.84523344834602	0	FALSE
PRG1	C44H9.5	25.708	9.95458553918133	0	FALSE
PRG1	C44H9.6	10.842	4.61971263986486	0	FALSE
PRG1	C44H9.7	25.314	11.5218395988553	0	FALSE
PRG1	C45B11.2	22.172	13.1894193090995	0	FALSE
PRG1	C45B11.5	22.324	4.37255919314552	0	FALSE
PRG1	C45B11.6	26.846	8.51522200862239	0	FALSE
PRG1	C45B11.8	20.702	10.5736358233188	0	FALSE
PRG1	C45B11.9	21.108	5.43429117367467	0	FALSE
PRG1	C45B2.2	28.292	6.54240817123515	0	FALSE
PRG1	C45B2.3	27.904	7.38204529519514	0	FALSE
PRG1	C45B2.6	27.576	0.754418545050526	0	FALSE
PRG1	C45B2.8	17.312	8.04503384983169	0	FALSE
PRG1	C45E1.4	22.426	12.6239521506967	0	FALSE
PRG1	C45E1.5	24.052	7.18032542098169	0	FALSE
PRG1	C45E5.1	28.044	3.6675685914551	0	FALSE
PRG1	C45G7.13	21.652	4.50717929755672	0	FALSE
PRG1	C45G7.4	23.694	14.6943738369355	0	FALSE
PRG1	C45G9.10	19.762	22.0300351280812	0	FALSE
PRG1	C45G9.11	23.174	9.51796252256349	0	FALSE
PRG1	C45G9.12	23.074	5.49272350245316	0	FALSE
PRG1	C45G9.14	24.908	8.83963608246606	0	FALSE
PRG1	C45G9.15	2.794	3.06425981288533	2	FALSE
PRG1	C45G9.2	27.486	4.59212885402886	0	FALSE
PRG1	C45G9.4	21.428	4.83225882537494	0	FALSE
PRG1	C45G9.5	17.436	1.85382921319908	0	FALSE
PRG1	C45G9.6	23.732	8.43825153420777	0	FALSE
PRG1	C45G9.8	4.798	5.77854097159798	2	FALSE
PRG1	C45G9.9	22.164	2.85024268849928	0	FALSE
PRG1	C45H4.13	25.276	11.3838522356566	0	FALSE
PRG1	C45H4.14	18.06	3.58652709999001	0	FALSE
PRG1	C45H4.18	21.1	12.1577607026219	0	FALSE
PRG1	C45H4.21	20.604	6.16467326760239	0	FALSE
PRG1	C46A5.1	3.078	2.75100235607752	2	FALSE
PRG1	C46A5.4	20.18	3.77017801771224	0	FALSE
PRG1	C46A5.6	18.148	2.03633339756122	0	FALSE
PRG1	C46C11.3	26.872	9.40986966765644	0	FALSE
PRG1	C46C11.4	27.612	5.32632157430609	0	FALSE
PRG1	C46C2.2	25	11.7573126181113	0	FALSE
PRG1	C46C2.3	23.326	20.4159940389152	0	FALSE
PRG1	C46C2.5	28.076	5.30711940944489	0	FALSE
PRG1	C46C2.6	25.628	3.40585160111735	0	FALSE
PRG1	C46C2.7	22.384	11.4000606152906	0	FALSE
PRG1	C46E10.1	22.496	8.06675996637591	0	FALSE
PRG1	C46E10.3	24.876	7.94553914199719	0	FALSE
PRG1	C46E10.8	22.514	7.55585901047734	0	FALSE
PRG1	C46F11.4	19.05	5.44098982905241	0	FALSE
PRG1	C46F11.5	22.248	2.65466493304189	0	FALSE
PRG1	C46F11.6	10.136	3.86445754635089	0	FALSE
PRG1	C46F2.1	23.842	7.68265525196687	0	FALSE
PRG1	C46F4.3	16.96	1.27623000129207	0	FALSE
PRG1	C46F9.5	14.688	3.43207491860581	0	FALSE
PRG1	C46F9.6	25.938	2.79471468720222	0	FALSE
PRG1	C46G7.1	28.216	1.55124229651778	0	FALSE
PRG1	C46G7.2	23.348	5.55567568889709	0	FALSE
PRG1	C46G7.5	21.284	11.0291853502256	0	FALSE
PRG1	C46H11.1	18.37	6.0139489270445	0	FALSE
PRG1	C46H11.10	20.812	24.2790770126294	0	FALSE
PRG1	C46H11.2	26.826	3.79337189636904	0	FALSE
PRG1	C46H11.3	24.746	12.4785135601457	0	FALSE
PRG1	C46H11.6	23.904	9.26236373746137	0	FALSE
PRG1	C46H11.7	17.202	22.5855520468074	0	FALSE
PRG1	C46H3.1	22.784	2.42086764865554	0	FALSE
PRG1	C46H3.2	13.14	26.7146594706668	0	FALSE
PRG1	C47A10.12	23.196	6.47069769311005	0	FALSE
PRG1	C47A10.16	21.302	11.9916018089479	0	FALSE
PRG1	C47A4.1	3.574	3.72563083735402	2	FALSE
PRG1	C47A4.3	5.266	6.62412845594317	0	FALSE
PRG1	C47A4.5	17.382	8.74802741555475	0	FALSE
PRG1	C47B2.2	27.522	4.06609637134365	1	TRUE
PRG1	C47B2.9	25.39	14.8440031911961	0	FALSE
PRG1	C47D12.2	16.204	4.07881486865664	0	FALSE
PRG1	C47D12.4	21.47	7.13101567626479	0	FALSE
PRG1	C47D12.5	24.106	5.20353596976621	0	FALSE
PRG1	C47D2.1	21.198	9.54474168974191	0	FALSE
PRG1	C47E12.10	19.436	5.21238662180068	0	FALSE
PRG1	C47E12.11	22.382	6.31492820468459	0	FALSE
PRG1	C47E12.12	13.352	5.29519810761807	0	FALSE
PRG1	C47E12.13	21.214	16.8693135305183	0	FALSE
PRG1	C47E12.14	21.176	23.5066280414013	0	FALSE
PRG1	C47E12.2	20.904	13.8474996632762	0	FALSE
PRG1	C47E12.3	17.378	32.5533246449191	0	FALSE
PRG1	C47E12.9	23.88	17.4963215557285	0	FALSE
PRG1	C47E8.1	10.8	4.93050121688019	0	FALSE
PRG1	C47E8.11	19.316	3.76033870625388	0	FALSE
PRG1	C47E8.3	5.164	5.15009921241442	0	FALSE
PRG1	C47E8.4	18.552	6.68960760004108	0	FALSE
PRG1	C47E8.9	23.758	3.97748505355174	0	FALSE
PRG1	C47F8.1	28.344	2.71657851001091	0	FALSE
PRG1	C47F8.3	21.784	6.83314742336904	0	FALSE
PRG1	C47F8.5	25.648	11.2896147645483	0	FALSE
PRG1	C47F8.6	24.456	9.38652055924731	0	FALSE
PRG1	C47F8.7	24.512	17.7465365305648	0	FALSE
PRG1	C47G2.3	26.738	8.80208559534514	0	FALSE
PRG1	C47G2.4	20.746	6.1341362886742	0	FALSE
PRG1	C48A7.16	14.262	7.73371421119898	0	FALSE
PRG1	C48B4.10	12.578	7.44336514810869	0	FALSE
PRG1	C48B4.11	26.768	6.57455856496321	0	FALSE
PRG1	C48B4.12	19.086	17.6561283731023	0	FALSE
PRG1	C48B4.13	10.074	2.92673157716594	0	FALSE
PRG1	C48B4.3	5.292	10.2280240375015	0	FALSE
PRG1	C48B4.6	21.314	13.5200058126858	0	FALSE
PRG1	C48B4.7	23.122	12.4618778919736	0	FALSE
PRG1	C48B4.8	10.506	6.21419118492989	0	FALSE
PRG1	C48B4.9	6.748	9.34691369441887	0	FALSE
PRG1	C48B6.10	21.128	3.26124364759233	0	FALSE
PRG1	C48B6.2	24.992	5.32661954104927	0	FALSE
PRG1	C48B6.4	24.138	5.75537990581971	0	FALSE
PRG1	C48B6.9	14.716	2.36062972577613	0	FALSE
PRG1	C48D1.1	28.546	0.802129830004713	0	FALSE
PRG1	C48D1.5	23.894	2.56126459355745	0	FALSE
PRG1	C48D1.9	21.382	3.84388849151205	0	FALSE
PRG1	C48D5.3	25.814	6.9469030099689	0	FALSE
PRG1	C48E7.1	23.688	9.32395290256956	0	FALSE
PRG1	C48E7.6	27.688	12.9230885968208	0	FALSE
PRG1	C48E7.7	20.556	5.58839996200885	0	FALSE
PRG1	C49A1.1	24.534	6.67487616434715	0	FALSE
PRG1	C49A1.10	20.806	8.80758665868895	0	FALSE
PRG1	C49A1.5	27.096	3.80582899319202	0	FALSE
PRG1	C49A9.1	26.842	7.71158797294878	0	FALSE
PRG1	C49A9.10	22.732	6.88203068976061	0	FALSE
PRG1	C49A9.2	9.372	6.65209174360799	0	FALSE
PRG1	C49A9.3	27.398	2.86085692685011	0	FALSE
PRG1	C49A9.4	11.798	36.3839406203439	0	FALSE
PRG1	C49A9.5	23.814	12.1857660663287	0	FALSE
PRG1	C49A9.6	15.742	3.31131803805927	0	FALSE
PRG1	C49A9.9	24.334	13.1838832203086	0	FALSE
PRG1	C49C3.10	27.586	5.75127442935501	0	FALSE
PRG1	C49C3.11	21.474	18.1389638662933	0	FALSE
PRG1	C49C3.15	20.244	14.7160424846308	0	FALSE
PRG1	C49C3.20	17.122	4.73515206552368	0	FALSE
PRG1	C49C3.21	14.198	6.46798535963948	0	FALSE
PRG1	C49C3.4	26.788	4.36478672837261	0	FALSE
PRG1	C49C3.6	20.002	13.3543468765984	0	FALSE
PRG1	C49C3.7	24.588	11.1721986488712	0	FALSE
PRG1	C49C3.8	24.986	6.13405330947645	0	FALSE
PRG1	C49C3.9	28.726	1.05520134746686	0	FALSE
PRG1	C49C8.1	22.478	2.47006262500402	0	FALSE
PRG1	C49C8.2	21.778	12.6956720938572	0	FALSE
PRG1	C49C8.3	19.218	22.0708827762684	0	FALSE
PRG1	C49C8.5	25.646	6.92928601452522	0	FALSE
PRG1	C49C8.6	22.298	18.4001309389845	0	FALSE
PRG1	C49C8.8	25.764	5.64081545489941	0	FALSE
PRG1	C49F5.13	9.47	7.14905500975215	0	FALSE
PRG1	C49F5.3	16.186	10.3139137244892	0	FALSE
PRG1	C49F5.5	20.848	2.96953203651888	0	FALSE
PRG1	C49F5.6	23.68	4.29686203016171	0	FALSE
PRG1	C49F5.8	22.786	5.37298142685544	0	FALSE
PRG1	C49F8.1	20.1	6.8480739213856	0	FALSE
PRG1	C49F8.14	18.414	4.45935451994083	0	FALSE
PRG1	C49F8.15	25.424	7.1755676144301	0	FALSE
PRG1	C49F8.3	13.11	40.812641923657	0	FALSE
PRG1	C49G7.10	15.692	5.60712024265306	0	FALSE
PRG1	C49G7.12	14.872	3.86746597782885	0	FALSE
PRG1	C49G7.13	28.256	2.16181936175455	0	FALSE
PRG1	C49G7.7	9.88	8.84918744712324	0	FALSE
PRG1	C49G9.2	20.968	11.2638515592756	0	FALSE
PRG1	C49H3.12	20.58	6.27593862807486	0	FALSE
PRG1	C49H3.16	17.792	18.5566610090279	0	FALSE
PRG1	C49H3.3	10.876	1.20515354011114	0	FALSE
PRG1	C49H3.4	10.296	6.79410707911999	0	FALSE
PRG1	C49H3.6	26.472	3.96028027469142	0	FALSE
PRG1	C50A2.3	17.796	10.5566667746038	0	FALSE
PRG1	C50A2.7	24.816	12.7964525539502	0	FALSE
PRG1	C50B6.1	5.022	5.93943435785517	0	FALSE
PRG1	C50B6.3	21.708	4.24812140491888	0	FALSE
PRG1	C50B6.7	27.508	3.09187004048973	0	FALSE
PRG1	C50B6.9	26.196	7.66986885521162	0	FALSE
PRG1	C50B8.4	19.568	21.7485551763759	0	FALSE
PRG1	C50B8.5	12.88	7.80868338740556	0	FALSE
PRG1	C50B8.6	22.378	2.95463546409793	0	FALSE
PRG1	C50C3.1	21.046	9.48037315411406	0	FALSE
PRG1	C50C3.12	26.552	9.47156394850616	0	FALSE
PRG1	C50C3.19	27.438	5.5752195281088	0	FALSE
PRG1	C50C3.2	26.484	3.30507886045882	0	FALSE
PRG1	C50C3.5	25.52	12.3388744260881	0	FALSE
PRG1	C50D2.1	23.118	6.84116441022409	0	FALSE
PRG1	C50D2.10	16.3	7.14664680658821	0	FALSE
PRG1	C50D2.2	9.89	1.14618645589026	0	FALSE
PRG1	C50D2.5	24.93	4.89246925078011	0	FALSE
PRG1	C50D2.6	27.3	7.83664513790197	0	FALSE
PRG1	C50D2.7	26.192	6.2609533338378	0	FALSE
PRG1	C50E10.1	23.268	7.21589198154504	0	FALSE
PRG1	C50E10.2	24.372	6.83339027327475	0	FALSE
PRG1	C50E3.11	20.494	12.1396835691622	0	FALSE
PRG1	C50E3.12	12.962	8.8243956747996	0	FALSE
PRG1	C50E3.13	10.878	4.25531417729904	0	FALSE
PRG1	C50E3.15	18.554	20.19745853778	0	FALSE
PRG1	C50E3.5	20.016	27.8124092226815	0	FALSE
PRG1	C50E3.6	22.238	9.71671504382319	0	FALSE
PRG1	C50E3.7	21.712	11.2363921612299	0	FALSE
PRG1	C50E3.9	17.15	5.0656763213056	0	FALSE
PRG1	C50F2.2	19.562	7.26952969706568	0	FALSE
PRG1	C50F2.4	18.702	6.94437947190848	0	FALSE
PRG1	C50F2.5	27.984	5.8423019705679	0	FALSE
PRG1	C50F2.7	17.166	11.8752152401465	0	FALSE
PRG1	C50F4.1	11.048	7.64761295298443	0	FALSE
PRG1	C50F4.10	27.868	7.32274763218025	0	FALSE
PRG1	C50F4.12	25.134	9.35710270287643	0	FALSE
PRG1	C50F4.16	24.144	11.7246530824005	0	FALSE
PRG1	C50F4.4	25.938	7.14194124643959	0	FALSE
PRG1	C50F4.6	21.298	23.172899904288	0	FALSE
PRG1	C50F4.8	24.928	3.69448593603044	0	FALSE
PRG1	C50F4.9	23.664	20.8895219361886	0	FALSE
PRG1	C50F7.3	24.936	0.967713067959106	0	FALSE
PRG1	C50F7.5	18.68	5.38268178597406	0	FALSE
PRG1	C50F7.9	24.626	9.4535941518693	0	FALSE
PRG1	C50H11.13	24.954	11.1097737941294	0	FALSE
PRG1	C50H11.8	22.654	17.3862059490023	0	FALSE
PRG1	C50H2.13	21.526	8.67981251418311	0	FALSE
PRG1	C50H2.4	25.18	4.77444918622228	0	FALSE
PRG1	C50H2.5	24.322	2.9045673291958	0	FALSE
PRG1	C50H2.7	20.972	9.58559519219798	0	FALSE
PRG1	C51E3.10	22.516	3.915214832603	0	FALSE
PRG1	C51E3.6	16.058	2.59108803067796	0	FALSE
PRG1	C51E3.9	29.48	1.35706409470132	0	FALSE
PRG1	C52A10.3	25.274	11.1934184018285	0	FALSE
PRG1	C52A11.3	19.234	28.6334218490105	0	FALSE
PRG1	C52B11.5	3.202	2.45313390214309	2	FALSE
PRG1	C52B9.10	25.224	4.21416767972229	0	FALSE
PRG1	C52B9.19	18.992	5.26529591347672	0	FALSE
PRG1	C52B9.4	10.936	4.51806083156806	0	FALSE
PRG1	C52B9.8	24.998	8.4173425623221	0	FALSE
PRG1	C52D10.3	20.244	2.47001580270724	0	FALSE
PRG1	C52E2.2	18.786	3.50651353972523	0	FALSE
PRG1	C52E2.3	23.656	4.27565714825082	0	FALSE
PRG1	C52E2.4	24.22	14.6019003680019	0	FALSE
PRG1	C52E2.5	24.522	11.7842208248488	0	FALSE
PRG1	C52E4.12	14.096	12.963067010677	0	FALSE
PRG1	C52E4.7	23.91	20.6438506555771	0	FALSE
PRG1	C52G5.2	26.908	7.18689049569926	0	FALSE
PRG1	C52G5.3	10.272	2.59256320340796	0	FALSE
PRG1	C53A3.1	29.15	1.5767389631947	0	FALSE
PRG1	C53A3.3	2.874	8.07282291837623	2	FALSE
PRG1	C53A3.4	18.054	1.51366133177321	0	FALSE
PRG1	C53A5.11	23.892	15.3359765019775	0	FALSE
PRG1	C53A5.13	24.448	9.4603669455937	0	FALSE
PRG1	C53A5.16	16.846	31.9802651942543	0	FALSE
PRG1	C53A5.17	28.62	1.94572407998963	0	FALSE
PRG1	C53A5.2	16.114	10.8396764943955	0	FALSE
PRG1	C53A5.9	25.218	15.0690557219447	0	FALSE
PRG1	C53B4.2	9.854	14.3974505734881	0	FALSE
PRG1	C53B4.3	28.814	4.47884629997634	0	FALSE
PRG1	C53B7.2	20.144	27.1624864974817	0	FALSE
PRG1	C53B7.3	24.958	6.82906184054603	0	FALSE
PRG1	C53B7.6	18.936	18.5405821066823	0	FALSE
PRG1	C53C11.1	12.91	46.0898007294489	0	FALSE
PRG1	C53C11.2	11.048	12.2479351572819	0	FALSE
PRG1	C53C11.4	16.794	21.6581082948476	0	FALSE
PRG1	C53C11.5	14.048	3.28237017916597	0	FALSE
PRG1	C53C7.3	22.274	4.64581647279346	0	FALSE
PRG1	C53D5.1	19.916	6.33489475684857	0	FALSE
PRG1	C53D5.5	19.088	5.41147526806639	0	FALSE
PRG1	C53D6.10	21.186	13.5688086903467	0	FALSE
PRG1	C53D6.11	27.4	6.06690765820774	0	FALSE
PRG1	C53D6.6	26.55	11.150907059502	0	FALSE
PRG1	C53D6.7	15.128	34.1803261813878	0	FALSE
PRG1	C53D6.8	14.688	3.40903786999697	0	FALSE
PRG1	C53H9.2	23.628	4.67635797370683	0	FALSE
PRG1	C53H9.3	25.332	5.88899780931901	0	FALSE
PRG1	C53H9.4	23.274	6.63400385405859	0	FALSE
PRG1	C54C6.11	5.43	4.4102872982792	0	FALSE
PRG1	C54C6.4	3.64	4.65008540654141	2	FALSE
PRG1	C54C6.5	6.504	1.50488121811097	0	FALSE
PRG1	C54C6.6	28.134	1.79535064227442	0	FALSE
PRG1	C54C6.7	23.246	9.52046264900221	0	FALSE
PRG1	C54C8.12	20.64	4.79296223696658	0	FALSE
PRG1	C54C8.3	22.176	27.8102724226644	0	FALSE
PRG1	C54C8.4	26.274	7.30054402516698	0	FALSE
PRG1	C54D1.7	20.724	26.9468191084764	0	FALSE
PRG1	C54D10.10	22.512	9.48543797105101	0	FALSE
PRG1	C54D10.13	26.204	8.92298419497518	0	FALSE
PRG1	C54D10.3	22.35	6.70566495398209	0	FALSE
PRG1	C54D10.4	24.078	12.972634205502	0	FALSE
PRG1	C54D10.5	23.866	20.9136023079383	0	FALSE
PRG1	C54D10.9	26.106	7.15380867131882	0	FALSE
PRG1	C54D2.6	19.876	27.8224221637824	0	FALSE
PRG1	C54E10.10	22.956	11.209203681368	0	FALSE
PRG1	C54E10.11	9.326	5.79800278682772	0	FALSE
PRG1	C54E10.3	17.898	6.05529001606049	0	FALSE
PRG1	C54E10.6	22.75	6.29324071030543	0	FALSE
PRG1	C54E10.7	19.932	7.34509970402318	0	FALSE
PRG1	C54E4.1	22.056	6.01436936036364	0	FALSE
PRG1	C54E4.12	18.618	7.33258839102083	0	FALSE
PRG1	C54E4.4	20.944	10.474350336478	0	FALSE
PRG1	C54E4.5	22.778	17.8703942159301	0	FALSE
PRG1	C54F6.12	22.282	3.08843113089473	0	FALSE
PRG1	C54F6.15	12.252	2.54162638121179	0	FALSE
PRG1	C54F6.17	12.98	9.25221212692516	0	FALSE
PRG1	C54F6.18	23.166	3.5613974473796	0	FALSE
PRG1	C54F6.19	23.972	8.19753557604669	0	FALSE
PRG1	C54F6.20	9.226	5.21374105911853	0	FALSE
PRG1	C54F6.3	27.882	5.37852362380614	0	FALSE
PRG1	C54F6.5	8.416	5.43053606927896	0	FALSE
PRG1	C54F6.6	24.728	11.5230690039585	0	FALSE
PRG1	C54G10.1	11.71	4.83607007165423	0	FALSE
PRG1	C54G4.2	21.858	8.37668199296607	0	FALSE
PRG1	C54G4.3	23.586	8.20435347140085	0	FALSE
PRG1	C54G4.4	18.97	4.921288470077	0	FALSE
PRG1	C54G4.5	20.134	2.76504207250541	0	FALSE
PRG1	C54G4.7	25.178	12.0308546650426	0	FALSE
PRG1	C54G4.9	23.578	0.729320966619792	0	FALSE
PRG1	C54G6.2	28.216	1.26017140978804	0	FALSE
PRG1	C54G6.3	15.56	4.05495926846976	0	FALSE
PRG1	C54G6.8	21.25	6.90330646418137	0	FALSE
PRG1	C54G7.1	22.744	22.6128268780879	0	FALSE
PRG1	C54H2.4	15.11	15.610380350893	0	FALSE
PRG1	C55A1.1	28.65	1.4519818094207	0	FALSE
PRG1	C55A1.11	23.39	2.59231076503733	0	FALSE
PRG1	C55A1.4	28.872	2.45074946012078	0	FALSE
PRG1	C55A1.6	27.544	2.659316300073	0	FALSE
PRG1	C55A6.1	24.976	9.17913802996168	0	FALSE
PRG1	C55A6.10	26.904	2.08356459179984	0	FALSE
PRG1	C55A6.11	12.344	6.51788891102554	0	FALSE
PRG1	C55A6.12	16.364	8.27722526300032	0	FALSE
PRG1	C55A6.3	27.676	8.55180450292229	0	FALSE
PRG1	C55A6.4	25.836	11.2678948095016	0	FALSE
PRG1	C55A6.6	29.072	2.75494710732502	0	FALSE
PRG1	C55A6.7	28.346	2.56558725379262	0	FALSE
PRG1	C55B6.1	29.834	0.941096759251111	0	FALSE
PRG1	C55B6.4	22.018	15.9251061919575	0	FALSE
PRG1	C55B6.5	26.202	4.90427261128285	0	FALSE
PRG1	C55B6.7	14.132	3.91701221032736	0	FALSE
PRG1	C55B7.10	19.15	18.8434344711096	0	FALSE
PRG1	C55B7.11	24.104	7.32038498372628	0	FALSE
PRG1	C55B7.3	13.992	2.48267493648487	0	FALSE
PRG1	C55C2.3	25.082	4.59815120361922	0	FALSE
PRG1	C55C2.4	25.944	7.98959041039722	0	FALSE
PRG1	C55C3.1	24.616	6.62753880078378	0	FALSE
PRG1	C55C3.3	20.672	2.38619761657758	0	FALSE
PRG1	C55C3.4	18.028	37.5137446992979	0	FALSE
PRG1	C55C3.6	20.616	13.1817984427845	0	FALSE
PRG1	C55C3.7	27.76	4.2611634773655	0	FALSE
PRG1	C55C3.73	23.926	3.8529726894361	0	FALSE
PRG1	C55C3.8	26.576	6.25996990717389	0	FALSE
PRG1	C56A3.4	12.51	4.91037734592337	0	FALSE
PRG1	C56A3.5	24.846	10.1847377871796	0	FALSE
PRG1	C56A3.8	26.392	3.12283411166497	0	FALSE
PRG1	C56C10.4	23.624	7.80182594472526	0	FALSE
PRG1	C56C10.6	26.458	7.19423047943715	0	FALSE
PRG1	C56C10.7	14.5	3.45482137386682	0	FALSE
PRG1	C56C10.9	16.978	2.5146124853286	0	FALSE
PRG1	C56E10.3	28.434	1.75645239758418	0	FALSE
PRG1	C56E6.2	20.076	19.0931250847357	0	FALSE
PRG1	C56E6.4	25.814	8.23452350483343	0	FALSE
PRG1	C56E6.7	21.748	4.09393160968539	0	FALSE
PRG1	C56G2.15	16.336	3.44616407355113	0	FALSE
PRG1	C56G2.22	14.562	1.48114926131498	0	FALSE
PRG1	C56G2.3	26.068	18.858688009014	0	FALSE
PRG1	C56G2.4	21.036	6.43845242871718	0	FALSE
PRG1	C56G2.5	18.3	4.48204036540731	0	FALSE
PRG1	C56G2.9	18.49	4.80550635606911	0	FALSE
PRG1	C56G3.2	20.716	2.52323841948029	0	FALSE
PRG1	C56G7.3	23.054	5.4893541474685	0	FALSE
PRG1	CC8.2	18.262	10.6569271150181	0	FALSE
PRG1	CC8.3	7.784	4.35904572920051	0	FALSE
PRG1	CD4.1	20.996	9.96245474407707	0	FALSE
PRG1	CD4.11	22.666	8.42028292517782	0	FALSE
PRG1	CD4.8	17.528	4.51418218319091	0	FALSE
PRG1	CTEL54X.2	14.234	4.30464682195057	0	FALSE
PRG1	CTEL55X.1	29.314	2.24249831451869	0	FALSE
PRG1	D1005.10	22.152	5.97312502785285	0	FALSE
PRG1	D1005.2	28.414	1.40502656352706	0	FALSE
PRG1	D1005.4	12.06	10.8260568566725	0	FALSE
PRG1	D1005.5	27.702	3.69964479895823	0	FALSE
PRG1	D1005.6	20.57	13.4225734613623	0	FALSE
PRG1	D1007.10	26.496	10.9822905139901	0	FALSE
PRG1	D1007.15	10.322	2.46179303408978	0	FALSE
PRG1	D1007.18	17.064	2.49272545816625	0	FALSE
PRG1	D1007.19	21.378	7.23786401903407	0	FALSE
PRG1	D1007.3	18.838	2.04060216976114	0	FALSE
PRG1	D1007.4	26.666	2.85532148153979	0	FALSE
PRG1	D1007.8	11.794	40.7848858375885	0	FALSE
PRG1	D1014.13	8.098	88.6778577300067	0	FALSE
PRG1	D1014.2	16.75	5.117466236495	0	FALSE
PRG1	D1014.4	22.178	5.05421465514787	1	TRUE
PRG1	D1014.5	22.724	15.0544643055264	0	FALSE
PRG1	D1014.6	27.232	5.5973137354136	0	FALSE
PRG1	D1014.7	26.124	2.94892256666053	0	FALSE
PRG1	D1022.2	24.32	12.1447347817292	0	FALSE
PRG1	D1022.3	28.066	3.45536763696088	0	FALSE
PRG1	D1022.4	29.23	1.98116359957799	0	FALSE
PRG1	D1022.5	27.918	8.13089182171442	0	FALSE
PRG1	D1022.9	15.622	3.3824908301441	0	FALSE
PRG1	D1025.1	8.714	8.38227426430638	0	FALSE
PRG1	D1025.10	24.668	10.1801069518687	0	FALSE
PRG1	D1037.1	15.674	4.55278506687123	0	FALSE
PRG1	D1044.1	29.032	4.87520394661884	0	FALSE
PRG1	D1044.4	14.702	2.93519353879944	0	FALSE
PRG1	D1044.5	23.796	3.82239378333659	0	FALSE
PRG1	D1044.6	22.848	9.32552988898953	0	FALSE
PRG1	D1044.7	25.254	7.34067864645108	0	FALSE
PRG1	D1046.16	18.368	26.7121213345106	0	FALSE
PRG1	D1046.18	15.236	6.71917408587025	0	FALSE
PRG1	D1046.2	19.348	11.8097743528614	0	FALSE
PRG1	D1046.4	23.288	8.81173564327603	0	FALSE
PRG1	D1053.2	26.958	4.41633093205348	0	FALSE
PRG1	D1053.3	17.454	17.6807924186105	0	FALSE
PRG1	D1053.4	24.79	5.48445150499857	0	FALSE
PRG1	D1054.1	25.408	14.9129110747136	0	FALSE
PRG1	D1054.10	21.868	19.249713231095	0	FALSE
PRG1	D1054.18	20.292	4.66494056806837	0	FALSE
PRG1	D1054.19	14.384	4.6038374364118	0	FALSE
PRG1	D1054.3	21.47	7.93246443640936	0	FALSE
PRG1	D1054.5	18.17	23.1177436354703	0	FALSE
PRG1	D1054.8	13.44	7.54465753262403	0	FALSE
PRG1	D1054.9	19.564	6.96174023967271	0	FALSE
PRG1	D1069.3	21.738	17.2926901971141	0	FALSE
PRG1	D1079.1	26.85	5.55534401700124	0	FALSE
PRG1	D1081.10	24.73	7.1567276644813	0	FALSE
PRG1	D1081.11	7.518	6.58614582314838	0	FALSE
PRG1	D1081.12	9.75	2.44007738530673	0	FALSE
PRG1	D1081.19	20.012	7.47861045436551	0	FALSE
PRG1	D1081.20	23.404	1.07865328341523	0	FALSE
PRG1	D1081.3	15.516	2.36038687662656	0	FALSE
PRG1	D1081.4	26.496	10.2828779408652	0	FALSE
PRG1	D1081.5	17.654	6.42365824966911	0	FALSE
PRG1	D1081.6	21.288	2.19035689479236	0	FALSE
PRG1	D1086.1	21.314	0.986719039307509	0	FALSE
PRG1	D1086.10	19.836	8.58994457349436	0	FALSE
PRG1	D1086.11	26.882	3.74816331460267	0	FALSE
PRG1	D1086.12	16.542	31.4591437568643	0	FALSE
PRG1	D1086.17	28.228	0.758724767635497	0	FALSE
PRG1	D1086.18	26.664	2.93376668062023	0	FALSE
PRG1	D1086.19	20.338	1.78145353636376	0	FALSE
PRG1	D1086.2	19.698	21.706418656564	0	FALSE
PRG1	D1086.21	26.572	2.10738075284165	0	FALSE
PRG1	D1086.3	18.328	1.45710413642955	0	FALSE
PRG1	D1086.5	28.158	2.99449666156681	0	FALSE
PRG1	D1086.6	23.016	2.93533208700064	0	FALSE
PRG1	D1086.7	19.806	4.48927424698976	0	FALSE
PRG1	D1086.8	26.306	9.79558110874854	0	FALSE
PRG1	D1086.9	23.652	5.45608312861685	0	FALSE
PRG1	D2005.1	26.872	5.68863400927266	0	FALSE
PRG1	D2005.3	18.534	10.6232650555045	0	FALSE
PRG1	D2005.4	22.926	18.2779001563055	0	FALSE
PRG1	D2005.6	13.914	4.28293695545218	0	FALSE
PRG1	D2005.7	22.796	20.271450957868	0	FALSE
PRG1	D2007.1	15.55	47.1961103718786	0	FALSE
PRG1	D2007.2	20.338	25.4764546899695	0	FALSE
PRG1	D2021.4	28.076	5.07838916707152	0	FALSE
PRG1	D2023.1	22.762	3.01050776972879	0	FALSE
PRG1	D2023.3	24.588	10.5580380697718	0	FALSE
PRG1	D2023.4	27.806	0.951707615997563	0	FALSE
PRG1	D2023.6	18.916	12.5231968954559	0	FALSE
PRG1	D2024.1	24.908	6.20353446819606	0	FALSE
PRG1	D2024.18	24.702	5.50930202115974	0	FALSE
PRG1	D2024.4	27.096	6.83418594968612	0	FALSE
PRG1	D2024.5	21.844	4.86774797224085	0	FALSE
PRG1	D2030.11	22.686	21.8429121014853	0	FALSE
PRG1	D2030.12	23.728	9.37189218330683	0	FALSE
PRG1	D2030.2	25.124	4.35466411219881	0	FALSE
PRG1	D2030.3	26.586	3.2400949076509	0	FALSE
PRG1	D2030.4	16.246	6.94050767397097	0	FALSE
PRG1	D2030.7	20.088	2.52326147500937	0	FALSE
PRG1	D2030.8	28.876	1.98782201243241	0	FALSE
PRG1	D2045.5	7.128	9.36199509319817	0	FALSE
PRG1	D2045.7	26.496	12.1530883796987	0	FALSE
PRG1	D2045.8	26.026	7.2496894504675	0	FALSE
PRG1	D2045.9	14.988	68.7250349605549	0	FALSE
PRG1	D2062.1	27.78	4.65484661893386	0	FALSE
PRG1	D2062.13	18.262	21.2314940814264	0	FALSE
PRG1	D2062.4	18.092	15.7938517840602	0	FALSE
PRG1	D2062.5	14.342	4.43548164652882	0	FALSE
PRG1	D2063.1	28.506	3.04549025788741	0	FALSE
PRG1	D2085.7	25.338	6.36116082315172	0	FALSE
PRG1	D2089.3	15.416	13.6309032734538	0	FALSE
PRG1	D2089.8	7.942	1.87690436607546	0	FALSE
PRG1	D2092.10	25.452	2.75845755233851	0	FALSE
PRG1	D2092.4	26.14	6.17581276709467	0	FALSE
PRG1	D2092.8	22.59	5.29249745633602	0	FALSE
PRG1	D2096.10	20.188	17.8850451184261	0	FALSE
PRG1	D2096.11	6.952	4.91852224487539	0	FALSE
PRG1	D2096.12	22.91	4.48683903464228	0	FALSE
PRG1	D2096.13	26.134	4.89376696508215	0	FALSE
PRG1	D2096.5	24.992	16.2546913393743	0	FALSE
PRG1	D2096.6	12.78	3.70250959759655	0	FALSE
PRG1	D2096.7	24.894	7.50898192308305	0	FALSE
PRG1	D2096.9	22.616	7.18396087745974	0	FALSE
PRG1	DC2.5	26.896	11.8910728140757	0	FALSE
PRG1	DH11.2	27.004	2.1347974455347	0	FALSE
PRG1	DH11.5	23.39	4.1766070489304	0	FALSE
PRG1	DY3.8	26.394	5.30589988943454	0	FALSE
PRG1	E01A2.1	22.738	8.88649526626609	0	FALSE
PRG1	E01A2.2	17.154	5.03042709116092	0	FALSE
PRG1	E01A2.8	19.15	12.7171470115171	0	FALSE
PRG1	E01B7.2	25.082	1.79154410908012	0	FALSE
PRG1	E01G4.3	21.302	10.5589140844572	0	FALSE
PRG1	E01G4.5	26.428	10.4903331868238	0	FALSE
PRG1	E01G4.6	10.504	4.29812794401197	0	FALSE
PRG1	E01G6.1	24.148	6.20170639742358	0	FALSE
PRG1	E01G6.2	12.952	9.28304035178429	0	FALSE
PRG1	E02A10.3	21.602	11.3859242837077	0	FALSE
PRG1	E02A10.4	11.456	6.06672134351426	0	FALSE
PRG1	E02C12.10	27.622	7.46552582045943	0	FALSE
PRG1	E02C12.11	24.442	14.5011520927679	0	FALSE
PRG1	E02C12.12	26.844	3.19975118722338	0	FALSE
PRG1	E02C12.19	26.252	11.2441903828399	0	FALSE
PRG1	E02C12.6	24.66	10.7003722908515	0	FALSE
PRG1	E02C12.8	23.666	3.68738638844767	0	FALSE
PRG1	E02C12.9	27.78	5.73750509846901	0	FALSE
PRG1	E02D9.1	20.024	9.96718012841905	0	FALSE
PRG1	E02H1.1	17.706	2.91467130037735	0	FALSE
PRG1	E02H1.5	26.484	6.58829418725836	0	FALSE
PRG1	E02H1.6	23.914	9.56321714286505	0	FALSE
PRG1	E02H4.2	18.354	9.29273114956645	0	FALSE
PRG1	E02H4.4	28.35	3.58341663840889	0	FALSE
PRG1	E02H4.5	4.194	8.47470953428333	2	FALSE
PRG1	E02H4.6	27.268	4.24088275148713	0	FALSE
PRG1	E02H4.7	28.938	1.81404249234311	0	FALSE
PRG1	E02H4.8	20.82	16.6694347791376	0	FALSE
PRG1	E02H9.1	5.492	4.92365441548596	0	FALSE
PRG1	E02H9.13	20.392	5.64675361142174	0	FALSE
PRG1	E02H9.3	22.878	10.0804375657227	0	FALSE
PRG1	E02H9.6	23.08	5.16843448476648	0	FALSE
PRG1	E02H9.7	19.124	7.25051945614266	0	FALSE
PRG1	E02H9.9	23.628	17.2275458617903	0	FALSE
PRG1	E03H12.4	24.212	15.0974558540321	0	FALSE
PRG1	E03H12.5	23.616	2.59659912976393	0	FALSE
PRG1	E03H12.7	4.056	3.7006895140254	2	FALSE
PRG1	E03H4.11	21.952	20.8951439714897	0	FALSE
PRG1	E03H4.2	17.234	2.10598977031629	0	FALSE
PRG1	E03H4.3	24.808	4.42170527074727	0	FALSE
PRG1	E03H4.4	19.782	22.5769643985887	0	FALSE
PRG1	E03H4.5	18.73	5.0131457184309	0	FALSE
PRG1	E03H4.8	24.002	6.96027281454209	0	FALSE
PRG1	E04D5.4	15.834	3.70377323736155	0	FALSE
PRG1	E04D5.5	19.55	20.6444721293319	0	FALSE
PRG1	E04F6.10	24.262	9.0916455449274	0	FALSE
PRG1	E04F6.15	27.892	5.74969555825186	0	FALSE
PRG1	E04F6.4	22.316	3.74480789826165	0	FALSE
PRG1	E04F6.6	11.33	66.8199187777701	0	FALSE
PRG1	E04F6.8	26.59	8.25410493564117	0	FALSE
PRG1	E04F6.9	27.354	6.51561835476975	0	FALSE
PRG1	EEED8.10	22.872	7.6337304432648	1	TRUE
PRG1	EEED8.12	4.234	13.2521761818617	0	FALSE
PRG1	EEED8.13	24.962	4.45778920735763	0	FALSE
PRG1	EEED8.14	14.9	2.25756888477237	0	FALSE
PRG1	EEED8.15	21.848	11.7036519746406	0	FALSE
PRG1	EEED8.18	26.036	4.48182910750046	0	FALSE
PRG1	EEED8.2	26.962	1.91187730324416	0	FALSE
PRG1	EEED8.3	14.584	28.4477696419435	0	FALSE
PRG1	EEED8.4	15.602	10.666212163759	0	FALSE
PRG1	EGAP1.1	27.402	7.26689096373668	0	FALSE
PRG1	EGAP1.5	26.116	1.70675198149687	0	FALSE
PRG1	EGAP2.1	23.91	15.3147144138765	0	FALSE
PRG1	EGAP2.2	22.304	2.64651898658736	0	FALSE
PRG1	EGAP4.1	26.318	7.97314833723679	0	FALSE
PRG1	EGAP5.1	22.148	2.20717707643893	0	FALSE
PRG1	EGAP9.3	22.5	5.09533798052715	0	FALSE
PRG1	EGAP9.4	23.674	8.03682370048441	0	FALSE
PRG1	E_BE45912.2	24.624	11.2365943235457	0	FALSE
PRG1	F01D4.5	25.53	10.5384799684493	0	FALSE
PRG1	F01D5.1	26.21	4.05333615002236	0	FALSE
PRG1	F01D5.10	23.662	9.02438546358297	0	FALSE
PRG1	F01D5.2	6.1	5.28036833062505	0	FALSE
PRG1	F01D5.3	5.35	8.43506483704399	0	FALSE
PRG1	F01D5.5	23.686	8.02875687095516	0	FALSE
PRG1	F01D5.6	8.524	34.2160778373667	0	FALSE
PRG1	F01D5.7	15.816	2.60561681661532	0	FALSE
PRG1	F01D5.8	28.568	3.1448697917438	0	FALSE
PRG1	F01E11.18	17.954	3.19319483629487	0	FALSE
PRG1	F01E11.20	20.884	6.59982250735294	0	FALSE
PRG1	F01E11.3	16.166	12.5775881218159	0	FALSE
PRG1	F01F1.11	18.85	11.1223167155377	0	FALSE
PRG1	F01F1.14	21.39	15.5291553002537	0	FALSE
PRG1	F01F1.15	22.848	11.404497208514	0	FALSE
PRG1	F01F1.2	22.016	4.67053747233589	0	FALSE
PRG1	F01F1.3	15.642	3.14606643515381	0	FALSE
PRG1	F01G10.10	21.536	1.25697803236914	0	FALSE
PRG1	F01G10.4	22.602	20.7913578803988	0	FALSE
PRG1	F01G10.5	13.654	29.3422615509397	0	FALSE
PRG1	F01G10.6	14.848	9.57523800442044	0	FALSE
PRG1	F01G10.9	22.806	2.02879856050811	0	FALSE
PRG1	F01G12.18	23.068	5.87032963856984	0	FALSE
PRG1	F01G4.4	2.556	6.51499497836221	2	FALSE
PRG1	F01G4.6	29.824	1.71898298072305	0	FALSE
PRG1	F02A9.1	16.682	10.941815559729	0	FALSE
PRG1	F02A9.7	12.038	5.30200560524564	0	FALSE
PRG1	F02C12.1	24.192	2.96027375061411	0	FALSE
PRG1	F02C12.2	29.38	1.11830310796097	0	FALSE
PRG1	F02C12.3	24.566	3.85604102929798	0	FALSE
PRG1	F02C9.1	21.974	4.51469220906078	0	FALSE
PRG1	F02C9.2	27.726	3.42720294611055	0	FALSE
PRG1	F02D10.2	23.296	2.73019715400962	0	FALSE
PRG1	F02D10.3	21.996	2.71306731183394	0	FALSE
PRG1	F02D10.6	15.948	8.05181088301446	0	FALSE
PRG1	F02D8.1	19.012	7.17272695046839	0	FALSE
PRG1	F02D8.4	23.398	12.9178865218459	0	FALSE
PRG1	F02D8.9	22.914	6.35957790277944	0	FALSE
PRG1	F02E11.2	15.644	5.34288477339886	0	FALSE
PRG1	F02E11.3	17.48	5.28348353629067	0	FALSE
PRG1	F02E11.4	26.548	5.48257365917315	0	FALSE
PRG1	F02E11.7	22.452	12.1095908745582	0	FALSE
PRG1	F02E8.4	13.658	34.7889556324975	0	FALSE
PRG1	F02E9.1	23.116	5.08095113728816	0	FALSE
PRG1	F02E9.10	6.496	2.16230785707123	0	FALSE
PRG1	F02E9.3	23.404	6.39423145826679	0	FALSE
PRG1	F02E9.5	17.798	1.00931860846568	0	FALSE
PRG1	F02E9.7	24.826	8.74346240147331	0	FALSE
PRG1	F02H6.2	11.932	44.208568141163	0	FALSE
PRG1	F02H6.3	19.436	13.8861532416692	0	FALSE
PRG1	F02H6.6	18.288	33.6974538738464	0	FALSE
PRG1	F02H6.7	25.69	9.97355422617623	0	FALSE
PRG1	F07A11.1	26.242	8.13089849609917	0	FALSE
PRG1	F07A11.4	7.59	5.80533012829204	0	FALSE
PRG1	F07A11.5	28.694	3.49944749946478	0	FALSE
PRG1	F07A5.4	9.098	10.6081219461067	0	FALSE
PRG1	F07B10.4	26.75	4.64010926891016	0	FALSE
PRG1	F07B10.7	25.806	7.46594946177158	0	FALSE
PRG1	F07B7.1	14.968	5.49775117929902	0	FALSE
PRG1	F07B7.12	28.416	6.40873735329789	0	FALSE
PRG1	F07B7.14	24.032	11.6025982922612	0	FALSE
PRG1	F07B7.2	26.31	3.73314871672538	0	FALSE
PRG1	F07B7.7	25.274	12.1340915094738	0	FALSE
PRG1	F07B7.8	23.714	10.9899718688015	0	FALSE
PRG1	F07C3.16	25.112	15.0173211694411	0	FALSE
PRG1	F07C3.2	23.474	13.7362298180413	0	FALSE
PRG1	F07C3.3	11.138	3.55487443824723	0	FALSE
PRG1	F07C3.9	22.978	13.7088823396789	0	FALSE
PRG1	F07C4.10	24.01	10.6723468840568	0	FALSE
PRG1	F07C4.11	19.82	9.58840063566036	0	FALSE
PRG1	F07C4.6	25.936	9.50702216168397	0	FALSE
PRG1	F07C6.2	23.048	9.3749793552974	0	FALSE
PRG1	F07C6.3	26.178	6.70061370969646	0	FALSE
PRG1	F07C6.4	17.974	17.3892553272458	0	FALSE
PRG1	F07C6.6	21.108	20.158203226314	0	FALSE
PRG1	F07D3.3	25.762	8.24076587424707	0	FALSE
PRG1	F07E5.12	16.456	34.5947138551038	0	FALSE
PRG1	F07E5.13	22	15.1597894073774	0	FALSE
PRG1	F07E5.5	15.77	35.0371286759834	0	FALSE
PRG1	F07E5.7	25.466	3.26451852709502	0	FALSE
PRG1	F07E5.8	27.92	1.42210470602377	0	FALSE
PRG1	F07E5.9	20.09	3.46166995983651	0	FALSE
PRG1	F07F6.1	23.778	6.90132327521957	0	FALSE
PRG1	F07F6.2	18.438	35.8233916683772	0	FALSE
PRG1	F07F6.4	8.482	41.7751693583255	0	FALSE
PRG1	F07F6.7	27.566	3.50633294914754	0	FALSE
PRG1	F07F6.8	21.578	17.8906131421663	0	FALSE
PRG1	F07G11.1	24.62	3.04738675579248	0	FALSE
PRG1	F07G11.2	16.412	45.8321096361035	0	FALSE
PRG1	F07G11.3	22.742	5.00149550749011	0	FALSE
PRG1	F07G11.4	23.904	4.15870808535534	0	FALSE
PRG1	F07G6.10	9.736	10.0443843952785	0	FALSE
PRG1	F07G6.12	20.4	13.7283785476325	0	FALSE
PRG1	F07G6.2	21.558	4.41591122873022	0	FALSE
PRG1	F07G6.5	21.972	6.97903720491048	0	FALSE
PRG1	F07G6.8	18.814	5.44549016251097	0	FALSE
PRG1	F07H5.10	26.128	7.13315827039956	0	FALSE
PRG1	F07H5.13	21.396	2.76001896129108	0	FALSE
PRG1	F07H5.7	5.078	11.7013969486084	0	FALSE
PRG1	F08A7.1	23.538	8.75744431275741	0	FALSE
PRG1	F08A8.5	27.098	6.05004789370167	0	FALSE
PRG1	F08A8.8	19.59	4.05409754151348	0	FALSE
PRG1	F08B12.11	18.212	9.21466397732232	0	FALSE
PRG1	F08B12.4	20.39	10.6311654141246	0	FALSE
PRG1	F08B4.8	15.946	14.427673826336	0	FALSE
PRG1	F08B6.1	25.072	9.75774054268054	0	FALSE
PRG1	F08C6.18	20.902	9.09881028624265	0	FALSE
PRG1	F08C6.2	13.156	9.1115852145602	0	FALSE
PRG1	F08C6.5	29.05	2.54756476586277	0	FALSE
PRG1	F08D12.12	13.462	35.2056528093705	0	FALSE
PRG1	F08D12.15	25	5.27492180036823	0	FALSE
PRG1	F08D12.2	27.456	5.87447156498326	0	FALSE
PRG1	F08D12.3	19.766	5.51818541860991	0	FALSE
PRG1	F08D12.4	25.994	8.68454629190442	0	FALSE
PRG1	F08D12.7	15.366	40.103786065875	0	FALSE
PRG1	F08F1.3	12.77	5.25280441985151	0	FALSE
PRG1	F08F1.4	13.95	5.02022476564817	0	FALSE
PRG1	F08F1.9	26.206	1.70772546564186	0	FALSE
PRG1	F08F3.1	19.124	2.03885299143669	0	FALSE
PRG1	F08F3.10	23.552	2.02815656926669	0	FALSE
PRG1	F08F3.4	25.498	7.7994769690721	0	FALSE
PRG1	F08F3.6	25.86	9.60034723151912	0	FALSE
PRG1	F08F3.8	27.78	8.99052850205432	0	FALSE
PRG1	F08F8.10	24.462	9.18513994169328	0	FALSE
PRG1	F08F8.11	26.164	5.69020310086077	0	FALSE
PRG1	F08F8.6	17.54	4.9239168969319	0	FALSE
PRG1	F08F8.7	27.894	8.24482276399377	0	FALSE
PRG1	F08F8.9	4.792	9.94951736434771	2	FALSE
PRG1	F08G12.1	18.77	8.39802333438485	0	FALSE
PRG1	F08G12.11	7.332	3.86415176637575	0	FALSE
PRG1	F08G12.3	20.71	18.2174016228426	0	FALSE
PRG1	F08G12.5	25.332	8.04518545236367	0	FALSE
PRG1	F08G2.4	18.864	4.26443971217619	0	FALSE
PRG1	F08G2.5	13.702	4.90377443597703	0	FALSE
PRG1	F08G2.7	6.25	3.91918358845308	0	FALSE
PRG1	F08G2.8	11.364	3.92234554283458	0	FALSE
PRG1	F08G5.3	19.794	8.58835713670827	0	FALSE
PRG1	F08H9.2	8.414	74.8595766977611	0	FALSE
PRG1	F08H9.3	12.074	7.34011004762525	0	FALSE
PRG1	F08H9.4	5.71	2.34963360157596	0	FALSE
PRG1	F09A5.2	18.942	28.334466693552	0	FALSE
PRG1	F09A5.3	27.32	4.41596283692188	0	FALSE
PRG1	F09B12.3	21.496	9.42403797662855	0	FALSE
PRG1	F09B12.5	19.696	4.48771551016967	0	FALSE
PRG1	F09B12.7	19.848	4.55058377236523	0	FALSE
PRG1	F09B9.4	20.206	9.30065208085229	0	FALSE
PRG1	F09B9.5	23.964	11.1509532528088	0	FALSE
PRG1	F09C12.2	25.78	7.22875034615112	0	FALSE
PRG1	F09C12.8	26.222	8.99819351801288	0	FALSE
PRG1	F09C6.10	27.47	2.138522481649	0	FALSE
PRG1	F09C6.11	19.15	3.56241418293693	0	FALSE
PRG1	F09C6.12	16.322	4.96175721263688	0	FALSE
PRG1	F09C6.13	19.042	13.5609704879204	0	FALSE
PRG1	F09C6.14	18.214	5.32622460446203	0	FALSE
PRG1	F09C6.15	17.49	21.5077286595929	0	FALSE
PRG1	F09C6.16	18.96	15.8135961364582	0	FALSE
PRG1	F09C6.3	20.736	7.57932492155965	0	FALSE
PRG1	F09C8.1	25.014	10.8339182456248	0	FALSE
PRG1	F09C8.2	15.116	8.82142538932528	0	FALSE
PRG1	F09D12.2	19.856	3.24782225575828	0	FALSE
PRG1	F09E10.1	16.632	5.79067072941589	0	FALSE
PRG1	F09E10.5	23.118	16.4200793363859	0	FALSE
PRG1	F09E10.6	27.122	10.7593912426254	0	FALSE
PRG1	F09E10.7	26.918	9.5851109006649	0	FALSE
PRG1	F09E5.11	14.956	48.9252181939748	0	FALSE
PRG1	F09E5.12	18.758	24.8932588059958	0	FALSE
PRG1	F09E5.14	10.072	1.75849663761822	0	FALSE
PRG1	F09E5.16	16.5	13.3287182095382	0	FALSE
PRG1	F09E5.3	29.326	2.02950366219901	1	TRUE
PRG1	F09E5.7	18.98	2.47488918473299	0	FALSE
PRG1	F09E5.8	8.23	3.73818227531353	0	FALSE
PRG1	F09F7.5	12.076	11.2264224062934	0	FALSE
PRG1	F09F7.6	27.286	3.28958730278574	0	FALSE
PRG1	F09F9.1	29.67	0.887896182832455	0	FALSE
PRG1	F09F9.3	22.524	15.0017686569841	0	FALSE
PRG1	F09F9.4	12.808	23.2664725055018	0	FALSE
PRG1	F09F9.5	24.946	14.112118444399	0	FALSE
PRG1	F09G2.1	21.374	19.2802860148181	0	FALSE
PRG1	F09G2.2	23.218	10.7288651058891	0	FALSE
PRG1	F09G2.8	22.66	12.0395758314087	0	FALSE
PRG1	F09G8.10	14.578	5.21590689757974	0	FALSE
PRG1	F09G8.5	16.826	7.97301889734482	0	FALSE
PRG1	F09G8.7	14.492	4.04992869759266	0	FALSE
PRG1	F10A3.11	28.27	4.89397983282233	0	FALSE
PRG1	F10A3.12	24.786	8.45394557749788	0	FALSE
PRG1	F10A3.17	27.47	3.66618054767098	0	FALSE
PRG1	F10A3.4	27.798	7.54671912106557	0	FALSE
PRG1	F10B5.2	19.73	1.1913491407545	0	FALSE
PRG1	F10C1.1	17.964	8.15853291979148	0	FALSE
PRG1	F10C1.23	23.98	3.59310412486039	0	FALSE
PRG1	F10C1.3	22.666	5.39556836268677	0	FALSE
PRG1	F10C1.8	11.072	4.53814964824439	0	FALSE
PRG1	F10C1.9	12.648	10.3500331319002	0	FALSE
PRG1	F10C2.3	24.15	3.07465615194615	0	FALSE
PRG1	F10C2.4	27.008	8.74514615835557	0	FALSE
PRG1	F10C2.5	25.722	6.46475778526887	0	FALSE
PRG1	F10C2.7	2.948	2.72850441685077	2	FALSE
PRG1	F10C5.3	24.616	3.14653673674768	0	FALSE
PRG1	F10D11.2	11.378	42.2370630569173	0	FALSE
PRG1	F10D11.3	26.478	4.2145897214173	0	FALSE
PRG1	F10D11.4	21.804	11.0844493034521	0	FALSE
PRG1	F10D11.5	23.576	3.47379145852733	0	FALSE
PRG1	F10D11.6	23.808	8.06825612621768	0	FALSE
PRG1	F10D2.10	27.27	7.78202024798236	0	FALSE
PRG1	F10D2.16	24.772	14.0236039581944	0	FALSE
PRG1	F10D2.8	27.584	2.94861131551733	0	FALSE
PRG1	F10D7.10	27.378	4.71212385309271	0	FALSE
PRG1	F10D7.11	11.288	5.33652479490321	0	FALSE
PRG1	F10D7.3	27.764	3.99137426216271	0	FALSE
PRG1	F10D7.4	16.432	15.400238133589	0	FALSE
PRG1	F10D7.5	21.44	10.7213743221807	0	FALSE
PRG1	F10E7.1	16.104	2.38186342499328	0	FALSE
PRG1	F10E7.11	14.196	2.62089196125536	0	FALSE
PRG1	F10E7.2	8.906	4.75823944411048	0	FALSE
PRG1	F10E7.5	17.13	29.960259859464	0	FALSE
PRG1	F10E7.6	22.202	12.5666937531794	0	FALSE
PRG1	F10E7.9	18.442	26.8630362535715	0	FALSE
PRG1	F10E9.1	18.424	4.45776027767235	0	FALSE
PRG1	F10E9.10	26.36	13.904767502935	0	FALSE
PRG1	F10E9.11	20.54	3.93916476726535	0	FALSE
PRG1	F10E9.12	26.368	3.27993245068001	0	FALSE
PRG1	F10E9.2	21.802	3.89027073259973	0	FALSE
PRG1	F10E9.3	3.962	6.37872658117276	2	FALSE
PRG1	F10E9.4	16.632	9.82317263223965	0	FALSE
PRG1	F10E9.5	19.7	12.824268073943	1	TRUE
PRG1	F10E9.7	25.96	4.34585663364266	0	FALSE
PRG1	F10G2.1	10.102	2.14879644446092	0	FALSE
PRG1	F10G2.10	11.938	12.1605796820687	0	FALSE
PRG1	F10G2.2	11.85	4.77222464661559	0	FALSE
PRG1	F10G2.4	23.466	1.79478842061603	0	FALSE
PRG1	F10G2.7	28.504	2.7492021013184	0	FALSE
PRG1	F10G7.10	16.082	3.32347380131196	0	FALSE
PRG1	F10G7.12	14.12	1.55000486035689	0	FALSE
PRG1	F10G7.5	19.924	6.20039320631604	0	FALSE
PRG1	F10G7.9	10.152	35.4093371030387	0	FALSE
PRG1	F10G8.1	27.972	5.85118990497338	0	FALSE
PRG1	F10G8.2	22.072	7.64484748001928	0	FALSE
PRG1	F10G8.8	9.006	4.72240610917523	0	FALSE
PRG1	F10G8.9	29.116	2.75958212425761	0	FALSE
PRG1	F11A10.5	20.212	4.92131374153452	0	FALSE
PRG1	F11A10.6	22.986	8.46564720764684	0	FALSE
PRG1	F11A5.13	22.528	20.4470572588328	0	FALSE
PRG1	F11A5.15	21.512	7.65641909641307	0	FALSE
PRG1	F11A5.16	25.24	2.97767446029918	0	FALSE
PRG1	F11A5.17	26.91	8.11495849850779	0	FALSE
PRG1	F11A5.18	25.186	10.7177264844334	0	FALSE
PRG1	F11A5.5	21.832	21.6192139004234	0	FALSE
PRG1	F11A5.9	18.102	22.3172716978305	0	FALSE
PRG1	F11A6.15	18.476	9.46498691732308	0	FALSE
PRG1	F11A6.16	24.24	15.1577054869236	0	FALSE
PRG1	F11C1.1	11.454	4.20728548770042	0	FALSE
PRG1	F11C1.10	22.058	19.9873332160741	0	FALSE
PRG1	F11C1.4	15.886	5.31376392664494	0	FALSE
PRG1	F11C1.7	13.91	4.56831484265054	0	FALSE
PRG1	F11C1.9	20.858	7.83709868915005	0	FALSE
PRG1	F11C3.1	19.266	5.55450448003091	0	FALSE
PRG1	F11C7.2	25.17	10.7040395225277	0	FALSE
PRG1	F11C7.6	27.466	2.07618714461556	0	FALSE
PRG1	F11C7.7	19.842	18.1451661652039	0	FALSE
PRG1	F11D11.12	14.282	2.461316678521	0	FALSE
PRG1	F11D11.21	28.4	1.94572125040789	0	FALSE
PRG1	F11D11.22	27.346	3.15513628964181	0	FALSE
PRG1	F11D11.3	26.49	4.63381447403742	0	FALSE
PRG1	F11D11.4	22.634	9.10084792423457	0	FALSE
PRG1	F11D11.6	24.506	20.4820477950872	0	FALSE
PRG1	F11D5.1	20.702	7.73260034554904	0	FALSE
PRG1	F11D5.5	27.978	4.79410304948119	0	FALSE
PRG1	F11D5.6	16.544	40.054173460242	0	FALSE
PRG1	F11D5.7	17.904	2.19951955259094	0	FALSE
PRG1	F11E6.10	3.352	1.91489338137007	2	FALSE
PRG1	F11E6.11	17.32	6.49377706651385	0	FALSE
PRG1	F11E6.4	24.772	8.58103030935215	0	FALSE
PRG1	F11E6.6	21.458	10.2767806955578	0	FALSE
PRG1	F11E6.8	21.59	4.62760349529916	0	FALSE
PRG1	F11E6.9	16.722	35.7450785133623	0	FALSE
PRG1	F11F1.1	22.804	9.59764946714272	0	FALSE
PRG1	F11G11.13	3.688	3.12352185527857	2	FALSE
PRG1	F11G11.14	19.792	8.14411878972749	0	FALSE
PRG1	F11G11.15	26.518	5.4060879846367	0	FALSE
PRG1	F11G11.4	21.108	8.63230019174298	0	FALSE
PRG1	F11G11.5	20.438	2.31840402418884	0	FALSE
PRG1	F12A10.1	15.106	2.91748528810342	0	FALSE
PRG1	F12A10.6	26.082	8.29179136034511	0	FALSE
PRG1	F12A10.8	5.358	2.28353772589515	0	FALSE
PRG1	F12A10.9	19.76	8.35196583024162	0	FALSE
PRG1	F12D9.2	12.452	73.0831535519374	0	FALSE
PRG1	F12E12.1	22.558	7.21529881714542	0	FALSE
PRG1	F12E12.2	13.094	4.99123135948197	0	FALSE
PRG1	F12E12.6	24.576	5.28678617416101	0	FALSE
PRG1	F12F6.1	16.522	5.14615072587592	0	FALSE
PRG1	F12F6.7	28.014	3.49502578107459	0	FALSE
PRG1	F13A2.1	23.638	12.6015800304531	0	FALSE
PRG1	F13A2.10	20.426	2.72177439541221	0	FALSE
PRG1	F13A2.2	11.592	3.10343265298577	0	FALSE
PRG1	F13A2.3	13.596	4.54995107459206	0	FALSE
PRG1	F13A2.4	21.176	17.4829965353917	0	FALSE
PRG1	F13A2.5	23.306	7.2759751868731	0	FALSE
PRG1	F13A2.9	19.374	6.97685161516337	0	FALSE
PRG1	F13A7.1	13.016	2.54208374985553	0	FALSE
PRG1	F13A7.11	13.446	16.5622141946418	0	FALSE
PRG1	F13A7.12	17.06	5.36286264119005	0	FALSE
PRG1	F13A7.14	11.614	13.7665981889693	0	FALSE
PRG1	F13A7.7	16.416	33.4626884158651	0	FALSE
PRG1	F13B12.1	18.298	4.63846395240908	0	FALSE
PRG1	F13B12.2	20.188	17.4177759701806	0	FALSE
PRG1	F13B12.3	22.222	26.4211166292848	0	FALSE
PRG1	F13B12.4	18.076	1.68100530930195	0	FALSE
PRG1	F13B12.6	24.136	10.773947502633	0	FALSE
PRG1	F13B12.7	22.038	17.7328359409681	0	FALSE
PRG1	F13B6.1	27.316	5.02682609583239	0	FALSE
PRG1	F13B6.2	26.84	7.9499850810018	0	FALSE
PRG1	F13B6.3	26.272	8.41102439518252	0	FALSE
PRG1	F13B9.2	21.622	7.88018894587934	0	FALSE
PRG1	F13C5.1	20.022	1.44383559412753	0	FALSE
PRG1	F13C5.2	19.136	8.01336389692123	0	FALSE
PRG1	F13C5.3	28.078	3.82156530074123	0	FALSE
PRG1	F13C5.5	23.428	21.5108014990615	0	FALSE
PRG1	F13D11.3	23.616	2.32210598062828	0	FALSE
PRG1	F13D11.4	27.73	5.53948415126504	0	FALSE
PRG1	F13D12.10	6.904	3.71065364953419	0	FALSE
PRG1	F13D12.3	22.894	8.63975866952578	0	FALSE
PRG1	F13D12.5	23.534	6.90366790494685	0	FALSE
PRG1	F13D12.8	16.036	17.5602386622174	0	FALSE
PRG1	F13D2.1	28.374	1.98612239208018	0	FALSE
PRG1	F13E6.1	17.936	4.10587968650148	0	FALSE
PRG1	F13E6.2	20.4	24.0334094001903	0	FALSE
PRG1	F13E9.11	12.972	6.55787817523406	0	FALSE
PRG1	F13E9.12	18.994	2.20073274177045	0	FALSE
PRG1	F13E9.13	28.75	1.79695184042984	0	FALSE
PRG1	F13E9.15	13.012	22.7705760525644	0	FALSE
PRG1	F13E9.16	20.22	15.5548701659122	0	FALSE
PRG1	F13E9.19	20.366	12.8604826562021	0	FALSE
PRG1	F13E9.5	20.326	14.9935350284344	0	FALSE
PRG1	F13E9.9	14.992	8.599468581389	0	FALSE
PRG1	F13G3.10	23.038	9.62404465450683	0	FALSE
PRG1	F13G3.12	25.926	4.82439158278762	0	FALSE
PRG1	F13G3.15	19.934	11.3323402818862	0	FALSE
PRG1	F13G3.3	20.732	24.2733568042503	0	FALSE
PRG1	F13G3.6	28.854	3.60590219489254	0	FALSE
PRG1	F13G3.7	29.72	3.34135550030192	0	FALSE
PRG1	F13H10.1	21.124	9.27556237759803	0	FALSE
PRG1	F13H10.3	23.85	4.50075087947988	0	FALSE
PRG1	F13H10.5	27.178	3.95667987268838	0	FALSE
PRG1	F13H10.6	16.344	3.83261396573541	0	FALSE
PRG1	F13H10.8	21.446	13.7003068004928	0	FALSE
PRG1	F13H10.9	21.94	3.13402250458908	0	FALSE
PRG1	F13H6.3	24.94	7.81079313129807	0	FALSE
PRG1	F13H6.5	24.594	11.6512084715006	0	FALSE
PRG1	F13H8.1	17.938	8.76739401787006	0	FALSE
PRG1	F13H8.11	22.512	7.18583091886929	0	FALSE
PRG1	F13H8.12	17.494	10.589767264012	0	FALSE
PRG1	F13H8.2	7.894	2.49945360520164	0	FALSE
PRG1	F13H8.3	25.57	15.94687416858	0	FALSE
PRG1	F13H8.5	22.674	2.84946736027625	0	FALSE
PRG1	F13H8.6	20.982	7.5921037261681	0	FALSE
PRG1	F13H8.8	14.35	65.4434804249737	0	FALSE
PRG1	F14B4.1	23.062	6.04470613476381	0	FALSE
PRG1	F14B6.2	17.878	6.45087038772064	0	FALSE
PRG1	F14B6.3	17.648	14.7287550038519	0	FALSE
PRG1	F14B6.4	26.308	9.69999916632147	0	FALSE
PRG1	F14B6.6	25.54	4.51166933371994	0	FALSE
PRG1	F14B8.4	15.02	6.10886210716308	0	FALSE
PRG1	F14B8.5	19.982	5.84760826687578	0	FALSE
PRG1	F14B8.6	16.65	26.2563802839181	0	FALSE
PRG1	F14D12.1	16.004	28.8120274976862	0	FALSE
PRG1	F14D2.11	25.074	4.27803393264935	0	FALSE
PRG1	F14D2.14	21.37	10.4474580121376	0	FALSE
PRG1	F14D2.15	27.308	8.63635096601498	0	FALSE
PRG1	F14D2.19	23.098	4.0911373236766	0	FALSE
PRG1	F14D2.5	21.692	12.8078805204622	0	FALSE
PRG1	F14D2.7	14.03	9.88269752235356	0	FALSE
PRG1	F14D2.8	22.406	7.00339781848017	0	FALSE
PRG1	F14D7.1	26.21	10.7589139493483	0	FALSE
PRG1	F14D7.12	18.258	1.22617463634183	0	FALSE
PRG1	F14D7.14	28.432	2.95037423968265	0	FALSE
PRG1	F14D7.18	11.588	4.08992858637132	0	FALSE
PRG1	F14D7.2	17.886	2.39747463522333	0	FALSE
PRG1	F14D7.3	12.472	2.79791199940898	0	FALSE
PRG1	F14D7.6	24.522	12.6096831565303	0	FALSE
PRG1	F14D7.8	25.65	5.90144476365554	0	FALSE
PRG1	F14D7.9	24.782	11.6471388265957	0	FALSE
PRG1	F14E5.2	21.994	7.96441514201506	0	FALSE
PRG1	F14E5.8	17.696	6.25138960187171	0	FALSE
PRG1	F14F3.4	24.682	1.81402950781843	0	FALSE
PRG1	F14F3.5	21.596	10.9974605432448	0	FALSE
PRG1	F14F7.4	18.438	11.2939106438827	0	FALSE
PRG1	F14F7.5	27.402	3.7231967233883	0	FALSE
PRG1	F14F7.7	8.454	111.337151981448	0	FALSE
PRG1	F14F8.14	2.49	0.634995514090031	2	FALSE
PRG1	F14F8.15	14.144	9.43294957114913	0	FALSE
PRG1	F14F8.8	20.122	3.6769623714455	0	FALSE
PRG1	F14F8.9	16.364	26.8372231755275	0	FALSE
PRG1	F14F9.2	16.734	5.28104893163534	0	FALSE
PRG1	F14F9.3	24.848	6.71751230339434	0	FALSE
PRG1	F14F9.4	7.374	5.36874693856584	0	FALSE
PRG1	F14F9.5	21.158	21.1200030302475	0	FALSE
PRG1	F14F9.6	9.83	2.81185655362874	0	FALSE
PRG1	F14F9.8	22.102	3.64190923883212	0	FALSE
PRG1	F14H12.17	9.27	3.89620955951633	0	FALSE
PRG1	F14H12.2	4.082	3.94026303095954	2	FALSE
PRG1	F14H12.3	22.696	10.0222480769193	0	FALSE
PRG1	F14H12.6	23.22	8.65381282451885	0	FALSE
PRG1	F14H12.7	20.768	15.2605406055876	0	FALSE
PRG1	F14H12.8	21.23	3.43869168992969	0	FALSE
PRG1	F14H3.12	16.396	2.53407944181636	0	FALSE
PRG1	F14H3.14	4.038	6.18474157155049	2	FALSE
PRG1	F14H3.15	15.484	19.4996517937731	0	FALSE
PRG1	F14H3.3	21.918	5.13174346729657	0	FALSE
PRG1	F14H3.4	15.422	2.90614206694814	0	FALSE
PRG1	F14H3.5	18.816	25.8764324449247	0	FALSE
PRG1	F14H3.6	13.81	11.1441667029223	0	FALSE
PRG1	F14H8.2	23.754	13.758395269283	0	FALSE
PRG1	F14H8.4	25.906	6.61795504071745	0	FALSE
PRG1	F14H8.5	23.228	13.0312172567256	0	FALSE
PRG1	F14H8.8	21.66	9.95727254378662	0	FALSE
PRG1	F15A4.10	22.912	3.31178027892182	0	FALSE
PRG1	F15A4.2	24.592	17.3959657419024	0	FALSE
PRG1	F15A4.5	17.942	5.26312156600416	0	FALSE
PRG1	F15A8.1	22.498	14.2171442767216	0	FALSE
PRG1	F15B10.3	25.258	7.83376982586198	0	FALSE
PRG1	F15B9.10	21.594	2.0664992397094	0	FALSE
PRG1	F15B9.11	18.574	7.55140298367383	0	FALSE
PRG1	F15B9.6	19.458	2.23644071718786	0	FALSE
PRG1	F15B9.8	19.426	15.0584641904898	0	FALSE
PRG1	F15D3.4	27.168	2.68211455802589	0	FALSE
PRG1	F15D3.5	15.822	6.86785749303535	0	FALSE
PRG1	F15D3.9	13.1	1.52957747400869	0	FALSE
PRG1	F15D4.2	15.14	20.8732211988653	0	FALSE
PRG1	F15D4.4	15.93	5.39076641711847	0	FALSE
PRG1	F15D4.5	16.32	2.38970588235294	0	FALSE
PRG1	F15D4.6	24.746	9.3588475460327	0	FALSE
PRG1	F15E6.10	17.676	2.04708365680476	0	FALSE
PRG1	F15E6.3	14.364	7.58962891945783	0	FALSE
PRG1	F15E6.4	12.306	7.6927339539644	0	FALSE
PRG1	F15E6.5	24.58	10.0120637013017	0	FALSE
PRG1	F15E6.6	29.66	0.692193700864725	0	FALSE
PRG1	F15E6.9	28.752	1.94573322624616	0	FALSE
PRG1	F15G9.1	12.198	34.3013065594165	0	FALSE
PRG1	F15G9.2	14.36	6.8378231288197	0	FALSE
PRG1	F15G9.5	25.234	3.15289055326965	0	FALSE
PRG1	F15G9.6	15.342	10.2765772865135	0	FALSE
PRG1	F15H10.10	24.168	16.0925627709479	0	FALSE
PRG1	F15H10.12	23.17	7.69089010225121	0	FALSE
PRG1	F15H10.5	12.348	5.09380714783552	0	FALSE
PRG1	F15H10.7	25.67	8.10335881315478	0	FALSE
PRG1	F15H10.8	25.18	11.9672173037542	0	FALSE
PRG1	F15H10.9	24.948	8.47796039246093	0	FALSE
PRG1	F15H9.1	13.368	2.80515659241527	0	FALSE
PRG1	F16A11.1	21.712	15.3350452006361	0	FALSE
PRG1	F16B12.1	26.87	7.7324714966573	0	FALSE
PRG1	F16B12.4	13.516	2.94722242352993	0	FALSE
PRG1	F16B12.6	19.266	0.456350143056856	0	FALSE
PRG1	F16B12.7	27.32	4.32336571639386	0	FALSE
PRG1	F16B3.2	21.472	5.60315049325854	0	FALSE
PRG1	F16B3.3	23.096	5.3059895128772	0	FALSE
PRG1	F16B4.2	17.596	39.7330791900358	0	FALSE
PRG1	F16B4.4	20.016	7.07597039171564	0	FALSE
PRG1	F16B4.5	21	1.55765973655201	0	FALSE
PRG1	F16B4.6	11.386	5.07067787134255	0	FALSE
PRG1	F16B4.7	14.374	3.5239826365457	0	FALSE
PRG1	F16C3.1	25.838	4.43558784835244	0	FALSE
PRG1	F16C3.2	26.062	4.46606505652014	0	FALSE
PRG1	F16C3.3	25.562	8.9071875731649	0	FALSE
PRG1	F16C3.4	12.36	2.05714921279792	0	FALSE
PRG1	F16D3.6	10.056	1.37361150754432	0	FALSE
PRG1	F16F9.1	18.608	5.24655335741281	0	FALSE
PRG1	F16F9.3	21.844	2.3903123421326	0	FALSE
PRG1	F16F9.4	25.764	10.3981134579487	0	FALSE
PRG1	F16G10.1	27.758	2.2765246637455	0	FALSE
PRG1	F16G10.10	24.376	9.31323360815662	0	FALSE
PRG1	F16G10.11	21.572	12.5182591007958	0	FALSE
PRG1	F16G10.13	22.902	15.2576740974536	0	FALSE
PRG1	F16G10.14	21.924	2.5486929704791	0	FALSE
PRG1	F16G10.2	17.652	10.0044743227119	0	FALSE
PRG1	F16G10.3	14.422	5.87404007203414	0	FALSE
PRG1	F16G10.5	16.522	11.5317410632674	0	FALSE
PRG1	F16G10.6	28.486	2.33726307852772	0	FALSE
PRG1	F16G10.7	19.016	7.92242913081286	0	FALSE
PRG1	F16G10.8	17.508	14.0612451776599	0	FALSE
PRG1	F16G10.9	5.864	7.85706919453743	0	FALSE
PRG1	F16H6.10	24.418	7.91648299553607	0	FALSE
PRG1	F16H6.3	24.614	2.16768554873725	0	FALSE
PRG1	F16H6.4	19.224	5.51573181289879	0	FALSE
PRG1	F16H6.7	22.742	4.16157264860044	0	FALSE
PRG1	F16H6.8	22.318	15.827025139221	0	FALSE
PRG1	F16H6.9	18.89	19.8475732278024	0	FALSE
PRG1	F17A2.13	13.824	2.53626842875635	0	FALSE
PRG1	F17A2.16	23.248	1.74497712288299	0	FALSE
PRG1	F17A9.2	28.52	3.61030903963475	0	FALSE
PRG1	F17A9.4	27.72	2.0624385548699	0	FALSE
PRG1	F17A9.5	26.402	2.8519585756395	0	FALSE
PRG1	F17B5.1	27.284	5.03178749509707	0	FALSE
PRG1	F17B5.10	25.392	10.0822386182095	0	FALSE
PRG1	F17B5.4	24.592	17.2249813840722	0	FALSE
PRG1	F17B5.6	22.76	19.8782027595588	0	FALSE
PRG1	F17B5.8	20.466	22.4045577198753	0	FALSE
PRG1	F17C11.11	8.196	4.02875684417525	0	FALSE
PRG1	F17C11.12	22.062	11.8919348815971	0	FALSE
PRG1	F17C11.13	30.486	1.33737825377638	0	FALSE
PRG1	F17C11.2	13.778	2.10317735074059	0	FALSE
PRG1	F17C11.22	19.158	9.62258046389786	0	FALSE
PRG1	F17C11.26	11.64	3.89261538117155	0	FALSE
PRG1	F17C11.4	22.238	10.3729365112822	0	FALSE
PRG1	F17C11.6	27.224	7.62394689379547	0	FALSE
PRG1	F17C8.3	20.016	2.98081832201025	0	FALSE
PRG1	F17C8.6	13.97	5.31854454507663	0	FALSE
PRG1	F17C8.7	14.34	6.08475399772935	0	FALSE
PRG1	F17C8.9	26.402	7.8440835163219	0	FALSE
PRG1	F17E5.2	22.218	6.6382960056967	0	FALSE
PRG1	F17E9.15	22.74	12.3906809901984	0	FALSE
PRG1	F17E9.16	21.772	3.50405269548247	0	FALSE
PRG1	F17E9.18	19.65	32.0350676101321	0	FALSE
PRG1	F17E9.2	24.592	6.45562508704941	0	FALSE
PRG1	F17E9.3	25.88	8.48824952206464	0	FALSE
PRG1	F17E9.4	22.678	17.5274709956727	0	FALSE
PRG1	F17E9.5	12.31	10.0330694408632	0	FALSE
PRG1	F17H10.1	17.74	4.56264581632734	0	FALSE
PRG1	F17H10.2	7.786	4.73960627227572	0	FALSE
PRG1	F17H10.4	16.184	4.24588203824992	0	FALSE
PRG1	F18A1.1	21.91	14.3681556204892	0	FALSE
PRG1	F18A1.7	15.722	2.28288405881927	0	FALSE
PRG1	F18A11.2	25.972	9.40397527554791	0	FALSE
PRG1	F18A11.3	11.86	8.86432300362471	0	FALSE
PRG1	F18A11.5	16.066	34.5642470529558	0	FALSE
PRG1	F18A12.2	17.024	9.6215957698776	0	FALSE
PRG1	F18A12.7	23.104	5.20089845536142	0	FALSE
PRG1	F18C12.3	17.866	2.39721978484113	0	FALSE
PRG1	F18C12.4	23	7.99036518112835	0	FALSE
PRG1	F18C5.10	26.72	5.47642613273275	0	FALSE
PRG1	F18C5.5	21.03	8.65900495679699	0	FALSE
PRG1	F18C5.9	26.558	3.20136162060813	0	FALSE
PRG1	F18E2.15	16.294	7.58060756591443	0	FALSE
PRG1	F18E3.10	13.53	2.83711717925635	0	FALSE
PRG1	F18E3.11	17.176	4.16076945925307	0	FALSE
PRG1	F18E3.12	19.938	7.09122958914188	0	FALSE
PRG1	F18E3.13	21.04	4.94627795580674	0	FALSE
PRG1	F18E9.1	17.434	2.56665521067943	0	FALSE
PRG1	F18E9.3	21.418	20.5553864442201	0	FALSE
PRG1	F18E9.4	19.218	7.96404058800424	0	FALSE
PRG1	F18E9.7	20.878	7.86029705831322	0	FALSE
PRG1	F18E9.8	27.992	4.62217507905609	0	FALSE
PRG1	F18F11.4	23	4.10288293681342	0	FALSE
PRG1	F18G5.1	20.09	11.7439737240811	0	FALSE
PRG1	F18G5.6	14.61	7.50618755614794	0	FALSE
PRG1	F18H3.1	25.292	9.74259126675494	0	FALSE
PRG1	F18H3.4	18.274	25.3515672887373	0	FALSE
PRG1	F19B10.1	16.516	8.69857010833735	0	FALSE
PRG1	F19B10.10	27.394	1.67693661743231	0	FALSE
PRG1	F19B10.13	16.046	9.10167897560602	0	FALSE
PRG1	F19B10.2	26.384	3.34369993547333	0	FALSE
PRG1	F19B10.3	17.974	31.2659903456097	0	FALSE
PRG1	F19B10.4	24.792	8.03227389239694	0	FALSE
PRG1	F19B10.5	14.348	55.3023577547337	0	FALSE
PRG1	F19B10.6	25.154	5.2985223268156	0	FALSE
PRG1	F19B2.5	28.39	0.629114867893331	0	FALSE
PRG1	F19B2.6	21.128	4.82335296610173	0	FALSE
PRG1	F19B2.7	11.986	1.24951180462481	0	FALSE
PRG1	F19B6.1	22.696	14.7438144030505	0	FALSE
PRG1	F19B6.10	17.206	6.2192497317435	0	FALSE
PRG1	F19B6.3	22.944	18.3665267579891	0	FALSE
PRG1	F19C6.2	21.162	12.7237722659277	0	FALSE
PRG1	F19C6.3	16.696	12.4152099764537	0	FALSE
PRG1	F19C6.4	26.474	9.44831018301637	0	FALSE
PRG1	F19C6.5	22.928	5.95141405968151	0	FALSE
PRG1	F19C7.2	21.398	10.3850271560394	0	FALSE
PRG1	F19C7.3	27.386	1.95561645399355	0	FALSE
PRG1	F19C7.4	18.942	7.48237162886018	0	FALSE
PRG1	F19C7.8	16.656	0.87684880725058	0	FALSE
PRG1	F19D8.2	21.902	4.35541720854167	0	FALSE
PRG1	F19F10.1	7.86	10.3597814507121	0	FALSE
PRG1	F19F10.11	18.538	20.6331844778748	0	FALSE
PRG1	F19F10.14	10.808	7.37219928844895	0	FALSE
PRG1	F19F10.3	2.578	4.23501755281806	2	FALSE
PRG1	F19G12.1	24.124	12.9715052045771	0	FALSE
PRG1	F19G12.11	10.382	3.52024944299515	0	FALSE
PRG1	F19G12.3	21.628	1.63646672038637	0	FALSE
PRG1	F19G12.4	20.54	1.88400901371853	0	FALSE
PRG1	F19G12.8	23.508	4.90141201534749	0	FALSE
PRG1	F19G12.9	18.146	1.85069622279463	0	FALSE
PRG1	F19H6.5	4.09	2.78771497579251	2	FALSE
PRG1	F19H6.6	19.186	8.74339142589206	0	FALSE
PRG1	F20A1.2	23.326	6.23628235224284	0	FALSE
PRG1	F20A1.4	21.038	11.2066830376859	0	FALSE
PRG1	F20A1.6	14.37	18.1831581261451	0	FALSE
PRG1	F20A1.8	17.962	5.53315993862741	0	FALSE
PRG1	F20B10.3	12.466	19.7999725054439	0	FALSE
PRG1	F20B6.10	12.574	11.026715353938	0	FALSE
PRG1	F20B6.4	16.898	1.77407536416164	0	FALSE
PRG1	F20B6.5	7.174	16.0151322143521	0	FALSE
PRG1	F20B6.6	8.05	3.32863627502466	0	FALSE
PRG1	F20B6.9	24.24	6.71777547119738	0	FALSE
PRG1	F20C5.11	11.916	42.4541940640569	0	FALSE
PRG1	F20C5.5	27.806	5.66972832792209	0	FALSE
PRG1	F20C5.6	22.132	18.1592596246505	0	FALSE
PRG1	F20C5.7	23.378	10.3941854497231	0	FALSE
PRG1	F20D1.22	18.7	2.13803452424639	0	FALSE
PRG1	F20D1.3	13.566	27.4573177716538	0	FALSE
PRG1	F20D12.12	21.342	8.6773021507754	0	FALSE
PRG1	F20D12.7	19.146	5.33382932559939	0	FALSE
PRG1	F20D6.1	22.588	3.045144280319	0	FALSE
PRG1	F20D6.10	23.99	3.21872555470623	0	FALSE
PRG1	F20D6.11	26.202	0.160565483306333	0	FALSE
PRG1	F20D6.12	24.092	12.362507870182	0	FALSE
PRG1	F20D6.15	23.992	24.783718124948	0	FALSE
PRG1	F20D6.2	27.288	5.89823087794667	0	FALSE
PRG1	F20D6.5	13.672	37.0592204675547	0	FALSE
PRG1	F20D6.6	25.78	8.8999466302352	0	FALSE
PRG1	F20D6.8	23.946	4.41089900449583	0	FALSE
PRG1	F20D6.9	22.754	6.05902104513744	0	FALSE
PRG1	F20E11.17	15.828	0.688334152133681	0	FALSE
PRG1	F20E11.18	15.782	4.1964511914097	0	FALSE
PRG1	F20E11.7	24.56	12.2296667993806	0	FALSE
PRG1	F20G2.1	4.436	1.59879379860208	2	FALSE
PRG1	F20G2.2	28.872	4.10811315917323	0	FALSE
PRG1	F20G2.3	27.806	4.9893129819572	0	FALSE
PRG1	F20G2.5	27.818	4.37520634770693	0	FALSE
PRG1	F20G2.6	22.852	2.37322034765832	0	FALSE
PRG1	F20G4.2	18.47	6.62856370282516	0	FALSE
PRG1	F20H11.1	27.348	1.76340178150355	0	FALSE
PRG1	F20H11.4	16.774	3.73365138773018	0	FALSE
PRG1	F21A3.11	26.42	4.21072944289882	0	FALSE
PRG1	F21A3.2	22.962	14.1337183817903	0	FALSE
PRG1	F21A3.3	26.448	7.7731322921938	0	FALSE
PRG1	F21A3.4	27.482	3.56897672061177	0	FALSE
PRG1	F21A9.1	24.312	9.54400434928527	0	FALSE
PRG1	F21A9.2	18.058	21.4133871447361	0	FALSE
PRG1	F21C10.1	25.554	3.27742889169778	0	FALSE
PRG1	F21C10.10	21.934	7.30113344772075	0	FALSE
PRG1	F21C10.11	22.746	6.55020396209557	0	FALSE
PRG1	F21C10.13	24.438	12.7262270626639	0	FALSE
PRG1	F21C10.18	22.446	7.71167317200044	0	FALSE
PRG1	F21C10.19	17.686	22.0150871835106	0	FALSE
PRG1	F21C10.3	23.526	7.81700941695475	0	FALSE
PRG1	F21C10.4	25.92	3.36600217765235	0	FALSE
PRG1	F21C10.5	17.844	14.5250434937224	0	FALSE
PRG1	F21C10.6	26.188	9.32496450063104	0	FALSE
PRG1	F21C10.9	28.508	4.37731939371897	0	FALSE
PRG1	F21C3.6	23.896	6.52953652682876	0	FALSE
PRG1	F21C3.7	12.1	4.83064744134238	0	FALSE
PRG1	F21D12.2	16.164	8.08109002814189	0	FALSE
PRG1	F21D12.3	25.808	6.24994114553561	0	FALSE
PRG1	F21D5.3	23.816	3.29464557211669	0	FALSE
PRG1	F21D5.4	5.674	5.59635881868356	0	FALSE
PRG1	F21D5.5	8.77	4.83431400814141	0	FALSE
PRG1	F21D5.6	25.106	10.4958807603146	0	FALSE
PRG1	F21D5.7	25.018	7.11085657445826	0	FALSE
PRG1	F21D5.9	23.224	7.75781183854676	0	FALSE
PRG1	F21D9.1	27.514	7.35540557845007	0	FALSE
PRG1	F21D9.11	11.398	5.37742800730697	0	FALSE
PRG1	F21D9.2	15.786	2.75491442346973	0	FALSE
PRG1	F21D9.3	21.226	10.6806520695396	0	FALSE
PRG1	F21D9.4	27.558	9.62297452411585	0	FALSE
PRG1	F21D9.8	22.378	11.8770696013134	0	FALSE
PRG1	F21E9.2	10.3	3.02999738530626	0	FALSE
PRG1	F21F3.2	21.428	8.78896908108763	0	FALSE
PRG1	F21F3.4	25.98	10.4454009453373	0	FALSE
PRG1	F21F3.6	21.662	17.0880364709016	0	FALSE
PRG1	F21F3.7	13.98	11.2909891401291	0	FALSE
PRG1	F21F8.5	27.052	5.40753563559126	0	FALSE
PRG1	F21G4.1	24.5	7.55945474896333	0	FALSE
PRG1	F21G4.3	26.652	7.96071725888221	0	FALSE
PRG1	F21G4.5	12.454	2.96038910391014	0	FALSE
PRG1	F21H12.3	19.378	4.68986174243788	0	FALSE
PRG1	F21H7.12	25.764	12.3133716022105	0	FALSE
PRG1	F21H7.2	20.174	25.7932275592935	0	FALSE
PRG1	F21H7.3	28.328	2.78779935472846	0	FALSE
PRG1	F21H7.5	18.518	12.2815989183565	0	FALSE
PRG1	F22B3.10	28.418	3.75133179526473	0	FALSE
PRG1	F22B3.5	25.916	7.35249920661668	0	FALSE
PRG1	F22B3.7	28.938	2.80733076415139	0	FALSE
PRG1	F22B3.8	2.078	3.37549141804624	2	FALSE
PRG1	F22B5.10	28.032	5.75065486953708	0	FALSE
PRG1	F22B5.4	27.274	6.1163256520526	0	FALSE
PRG1	F22B5.5	10.446	10.6498966320566	0	FALSE
PRG1	F22B5.6	29.584	0.358206105779855	0	FALSE
PRG1	F22B7.1	25.56	14.5270682133228	0	FALSE
PRG1	F22B7.3	14.772	3.68969186867125	0	FALSE
PRG1	F22B7.9	27.202	5.2616174347182	0	FALSE
PRG1	F22B8.3	14.054	1.88027370151217	0	FALSE
PRG1	F22B8.7	15.706	5.50544323004805	0	FALSE
PRG1	F22D3.4	27.314	5.40599712197281	0	FALSE
PRG1	F22D6.15	24.926	8.78539286937659	0	FALSE
PRG1	F22D6.8	20.99	2.07965855985871	0	FALSE
PRG1	F22D6.9	23.438	1.19783683854112	0	FALSE
PRG1	F22E12.1	17.05	2.69475777305809	0	FALSE
PRG1	F22E12.3	25.412	7.67431696011072	0	FALSE
PRG1	F22E5.1	17.864	13.9755019353562	0	FALSE
PRG1	F22E5.11	26.708	5.27741806418798	0	FALSE
PRG1	F22E5.12	19.686	15.5846430417368	0	FALSE
PRG1	F22E5.13	27.08	8.88828757498636	0	FALSE
PRG1	F22E5.17	27.83	2.93031253289882	0	FALSE
PRG1	F22E5.2	21.168	9.02233636386973	0	FALSE
PRG1	F22E5.20	25.916	11.0744280756029	0	FALSE
PRG1	F22E5.21	23.462	8.58411882313163	0	FALSE
PRG1	F22E5.22	16.896	7.25181887885844	0	FALSE
PRG1	F22E5.23	23.476	10.8272133613062	0	FALSE
PRG1	F22E5.6	24.21	3.45436340802232	0	FALSE
PRG1	F22E5.7	18.574	28.2314194231646	0	FALSE
PRG1	F22E5.8	6.504	3.15209401536344	0	FALSE
PRG1	F22E5.9	3.092	3.08857345053385	2	FALSE
PRG1	F22F1.2	27.394	7.7984677049557	0	FALSE
PRG1	F22F1.3	25.52	6.39807611657863	0	FALSE
PRG1	F22F4.4	24.002	11.8009629301405	0	FALSE
PRG1	F22F4.5	25.416	4.00903257502323	0	FALSE
PRG1	F22F4.9	18.482	9.56391568326244	0	FALSE
PRG1	F22F7.11	19.944	18.2478863816119	0	FALSE
PRG1	F22F7.12	18.934	2.28439556235307	0	FALSE
PRG1	F22F7.2	26.942	5.95214586410715	0	FALSE
PRG1	F22F7.3	26.798	1.33282120898218	0	FALSE
PRG1	F22F7.4	25.16	6.85603442262552	0	FALSE
PRG1	F22F7.7	27.558	5.52216517292114	0	FALSE
PRG1	F22F7.8	23.474	12.0009202628551	0	FALSE
PRG1	F22G12.3	28.834	4.04037645113675	0	FALSE
PRG1	F22G12.4	29.02	0.521459198842922	0	FALSE
PRG1	F22H10.1	26.186	8.82087118047962	0	FALSE
PRG1	F22H10.11	18.668	7.6903005105175	0	FALSE
PRG1	F22H10.2	12.446	13.5844350157232	0	FALSE
PRG1	F22H10.3	14.448	1.92521202417497	0	FALSE
PRG1	F22H10.6	13.104	7.43266472642477	0	FALSE
PRG1	F23A7.1	21.938	7.2112979236575	0	FALSE
PRG1	F23A7.3	27.36	1.48825095551917	0	FALSE
PRG1	F23A7.4	12.372	5.8485400152227	0	FALSE
PRG1	F23A7.5	26.094	10.391806091166	0	FALSE
PRG1	F23A7.8	3.996	4.51699968663403	2	FALSE
PRG1	F23B12.1	21.73	21.5534852946039	0	FALSE
PRG1	F23B12.4	7.112	6.35803699428506	0	FALSE
PRG1	F23B12.7	13.03	35.2091327182531	0	FALSE
PRG1	F23B2.10	22.716	1.9101621480998	0	FALSE
PRG1	F23B2.7	21.572	4.43296517670464	0	FALSE
PRG1	F23C8.13	3.128	3.65486255422706	2	FALSE
PRG1	F23C8.14	17.118	5.51847981997203	0	FALSE
PRG1	F23C8.3	23.462	13.1852729070877	0	FALSE
PRG1	F23C8.7	28.804	3.69349740541787	0	FALSE
PRG1	F23C8.8	16.554	62.1936651284181	0	FALSE
PRG1	F23D12.1	14.288	22.9069509860619	0	FALSE
PRG1	F23D12.10	19.93	33.3042319488767	0	FALSE
PRG1	F23D12.11	2.59	5.48751753032891	2	FALSE
PRG1	F23D12.2	25.316	4.66916115660073	0	FALSE
PRG1	F23D12.3	24.862	5.25620469988875	0	FALSE
PRG1	F23D12.4	25.468	16.6497413111369	0	FALSE
PRG1	F23D12.7	19.698	9.88211519209915	0	FALSE
PRG1	F23F1.10	21.348	13.9960598007872	0	FALSE
PRG1	F23F1.2	12.968	3.97726146771298	0	FALSE
PRG1	F23F1.4	25.222	7.08774748266652	0	FALSE
PRG1	F23F1.5	26.55	8.03757123866938	0	FALSE
PRG1	F23F1.6	8.59	8.50741847196141	0	FALSE
PRG1	F23F12.12	16.12	2.34381333589486	0	FALSE
PRG1	F23F12.13	26.854	4.95960413305396	0	FALSE
PRG1	F23F12.3	14.69	5.94017035027072	0	FALSE
PRG1	F23F12.8	17.94	5.31534131069849	0	FALSE
PRG1	F23G4.1	23.172	13.7226925689637	0	FALSE
PRG1	F23H11.2	17.636	10.5309434985605	0	FALSE
PRG1	F23H11.4	21.74	3.15632523560877	0	FALSE
PRG1	F23H11.5	25.436	9.82176992542594	0	FALSE
PRG1	F23H11.7	20.17	2.6180589801752	0	FALSE
PRG1	F23H12.10	22.218	6.69897520984623	0	FALSE
PRG1	F23H12.3	22.432	8.60611289734886	0	FALSE
PRG1	F23H12.5	10.028	51.618938648248	0	FALSE
PRG1	F23H12.7	23.402	8.33822912096233	0	FALSE
PRG1	F25A2.1	27.298	4.85071720705218	0	FALSE
PRG1	F25B3.2	23.652	8.15995361053453	0	FALSE
PRG1	F25B3.4	24.076	5.08136208779198	0	FALSE
PRG1	F25B3.5	25.054	9.07745156997847	0	FALSE
PRG1	F25B4.4	28.1	5.05087402112745	0	FALSE
PRG1	F25B4.7	25.876	8.114735797333	0	FALSE
PRG1	F25B4.8	27.992	5.72408497831018	0	FALSE
PRG1	F25B5.3	23.57	19.4546719152006	0	FALSE
PRG1	F25B5.5	14.862	12.9308856799121	0	FALSE
PRG1	F25B5.6	7.026	6.99989997981864	0	FALSE
PRG1	F25D1.3	15.38	37.8826373800775	0	FALSE
PRG1	F25D1.5	29.078	2.54829279029048	0	FALSE
PRG1	F25D1.8	24.278	3.65072851376454	0	FALSE
PRG1	F25E2.2	28.164	3.68108252785556	0	FALSE
PRG1	F25E2.3	20.052	3.32141686828035	0	FALSE
PRG1	F25E5.1	22.116	17.8349590596491	0	FALSE
PRG1	F25E5.16	22.66	18.0708315296501	0	FALSE
PRG1	F25E5.2	4.42	2.86178973770894	2	FALSE
PRG1	F25E5.5	24.892	4.29813802814629	0	FALSE
PRG1	F25E5.8	19.414	8.23645154398126	0	FALSE
PRG1	F25E5.9	13.21	2.2979726323483	0	FALSE
PRG1	F25F2.1	14.252	1.43488204288621	0	FALSE
PRG1	F25F8.1	25.782	8.52375354531448	0	FALSE
PRG1	F25G6.1	25.484	7.15915727514946	0	FALSE
PRG1	F25G6.8	26.56	6.47945974439666	0	FALSE
PRG1	F25G6.9	28.166	1.77511893630613	0	FALSE
PRG1	F25H2.12	21.598	8.45986541994465	0	FALSE
PRG1	F25H2.3	15.976	6.68094127914843	0	FALSE
PRG1	F25H2.4	27.928	2.01319642645763	0	FALSE
PRG1	F25H2.6	16.09	6.05113262107855	0	FALSE
PRG1	F25H2.7	20.778	21.8604836218634	0	FALSE
PRG1	F25H5.10	20.486	3.55094988096293	0	FALSE
PRG1	F25H5.2	11.764	3.02192832694989	0	FALSE
PRG1	F25H5.7	18.316	19.7181093642283	0	FALSE
PRG1	F25H5.8	30.074	1.13337724940593	0	FALSE
PRG1	F25H8.2	17.65	3.01243853553732	0	FALSE
PRG1	F25H9.2	24.952	16.1800570092263	0	FALSE
PRG1	F25H9.6	25.022	9.85618945146837	0	FALSE
PRG1	F25H9.7	23.134	6.04664846263812	0	FALSE
PRG1	F26A1.1	11.336	3.98266901234137	0	FALSE
PRG1	F26A1.19	22.636	8.69401006247248	0	FALSE
PRG1	F26A1.3	10.39	3.0663199849998	0	FALSE
PRG1	F26A1.4	21.91	13.6394076569418	0	FALSE
PRG1	F26A1.7	26.754	9.88443240449407	0	FALSE
PRG1	F26A1.8	21.372	6.00779515830003	0	FALSE
PRG1	F26A1.9	8.378	2.6087788484053	0	FALSE
PRG1	F26A10.2	21.19	5.87839721341011	0	FALSE
PRG1	F26A3.1	29.27	2.15251001465663	0	FALSE
PRG1	F26A3.4	18.704	2.38759549517015	0	FALSE
PRG1	F26A3.5	21.256	10.2199113462527	0	FALSE
PRG1	F26A3.7	15.584	10.563701537025	0	FALSE
PRG1	F26B1.1	21.346	6.95160759702017	0	FALSE
PRG1	F26B1.5	17.522	10.5337872834377	0	FALSE
PRG1	F26B1.8	18.404	6.04029787949303	0	FALSE
PRG1	F26C11.1	13.392	8.5319111486595	0	FALSE
PRG1	F26C11.3	20.494	9.02199316541954	0	FALSE
PRG1	F26C11.4	19.878	1.1545399705053	0	FALSE
PRG1	F26D10.13	27.608	8.51431407546911	0	FALSE
PRG1	F26D11.1	21.074	1.763587574025	0	FALSE
PRG1	F26D11.12	24.046	3.20875117942554	0	FALSE
PRG1	F26D11.13	13.944	5.32595136342451	0	FALSE
PRG1	F26D11.2	14.32	31.9332282618962	0	FALSE
PRG1	F26D2.10	25.818	9.38803469385268	0	FALSE
PRG1	F26D2.13	9.908	7.20611417526176	0	FALSE
PRG1	F26D2.14	25.186	6.03846759077854	0	FALSE
PRG1	F26D2.15	30.05	1.0796091978375	0	FALSE
PRG1	F26D2.16	24.812	7.98852373617681	0	FALSE
PRG1	F26D2.3	23.424	4.98251046638003	0	FALSE
PRG1	F26E4.2	8.586	3.59980523941325	0	FALSE
PRG1	F26E4.3	4.622	4.09194256178036	2	FALSE
PRG1	F26E4.4	10.26	6.88256863362132	0	FALSE
PRG1	F26E4.5	25.836	6.0482876378563	0	FALSE
PRG1	F26E4.7	22.936	22.5223301098812	0	FALSE
PRG1	F26F12.2	23.6	5.83231581664773	0	FALSE
PRG1	F26F12.3	26.096	1.77384992991696	0	FALSE
PRG1	F26F12.4	24.296	3.46819550071809	0	FALSE
PRG1	F26F12.5	18.3	6.34444820708196	0	FALSE
PRG1	F26F12.8	20.544	10.1833312624602	0	FALSE
PRG1	F26F2.1	21.05	3.14832143007713	0	FALSE
PRG1	F26F2.10	18.73	26.9386914562437	0	FALSE
PRG1	F26F2.11	24.138	10.8128421220267	0	FALSE
PRG1	F26F2.13	22.686	8.67148799131744	0	FALSE
PRG1	F26F2.2	17.662	3.44849431675013	0	FALSE
PRG1	F26F2.3	18.078	5.18678680386341	0	FALSE
PRG1	F26F2.4	23.89	9.18381994635401	0	FALSE
PRG1	F26F2.5	9.304	7.47264992234332	0	FALSE
PRG1	F26F2.7	23.068	7.45479226744536	0	FALSE
PRG1	F26F2.8	27.678	4.11446637078445	0	FALSE
PRG1	F26F4.12	24.384	8.39502037407929	0	FALSE
PRG1	F26F4.2	10.818	8.66790515743778	0	FALSE
PRG1	F26F4.5	25.82	5.6242757721052	0	FALSE
PRG1	F26F4.6	4.216	4.46777407133629	2	FALSE
PRG1	F26F4.8	27.092	3.85271222524442	0	FALSE
PRG1	F26F4.9	26.646	6.54533495731262	0	FALSE
PRG1	F26G1.1	26.99	8.35303601331959	0	FALSE
PRG1	F26G1.10	19.4	16.8456967877765	0	FALSE
PRG1	F26G1.11	21.642	23.6245000162545	0	FALSE
PRG1	F26G1.15	20.578	5.3273044420859	0	FALSE
PRG1	F26G1.2	11.854	22.2665372587406	0	FALSE
PRG1	F26G1.3	25.202	5.50682184039574	0	FALSE
PRG1	F26G1.5	21.44	1.08986207514439	0	FALSE
PRG1	F26G1.9	17.93	2.82601808369397	0	FALSE
PRG1	F26G5.1	16.69	5.05750240147817	0	FALSE
PRG1	F26H11.4	17.19	3.33115492779997	0	FALSE
PRG1	F26H11.8	25.178	7.75434220770026	0	FALSE
PRG1	F26H9.5	29.702	1.98916390153527	0	FALSE
PRG1	F27B10.1	23.966	10.8173868702088	0	FALSE
PRG1	F27B3.6	20.242	15.0381078826372	0	FALSE
PRG1	F27B3.8	17.15	8.60893008011608	0	FALSE
PRG1	F27C1.1	16.19	3.05603875895071	0	FALSE
PRG1	F27C1.11	25.254	11.7498623181315	0	FALSE
PRG1	F27C1.13	6.4	14.5018183127151	0	FALSE
PRG1	F27C1.2	9.582	90.1996035187929	0	FALSE
PRG1	F27C1.3	19.53	4.14525236006331	0	FALSE
PRG1	F27C1.4	21.416	8.306793310862	0	FALSE
PRG1	F27C1.6	24.578	6.06386114222946	0	FALSE
PRG1	F27C8.2	27.188	7.8184099836684	0	FALSE
PRG1	F27C8.3	9.518	14.0494299015573	0	FALSE
PRG1	F27D4.1	26.312	4.22326143875345	0	FALSE
PRG1	F27D4.12	19.402	3.82940152698642	0	FALSE
PRG1	F27D4.4	19.402	8.95283513488951	1	TRUE
PRG1	F27D4.6	21.156	15.5555826985474	0	FALSE
PRG1	F27D4.7	16.412	10.837452723425	0	FALSE
PRG1	F27D4.8	29.456	2.09063189543541	0	FALSE
PRG1	F27D9.12	9.384	10.94701856387	0	FALSE
PRG1	F27D9.13	21.066	13.717170556584	0	FALSE
PRG1	F27D9.7	16.162	16.6722128718866	0	FALSE
PRG1	F27E5.3	21.298	1.8459663530898	0	FALSE
PRG1	F27E5.5	24.18	10.0271800132382	0	FALSE
PRG1	F27E5.7	19.904	18.8494284532711	0	FALSE
PRG1	F27E5.8	20.996	11.0969226019308	0	FALSE
PRG1	F27E5.9	20.314	1.51991516565637	0	FALSE
PRG1	F28A10.1	23.264	15.4112176776647	0	FALSE
PRG1	F28A10.13	21.968	4.77679568256591	0	FALSE
PRG1	F28A10.4	11.574	8.86871269220105	0	FALSE
PRG1	F28A10.5	14.446	2.70086273756986	0	FALSE
PRG1	F28A10.7	22.728	14.8082358439191	0	FALSE
PRG1	F28A10.8	14.072	9.09765944348933	0	FALSE
PRG1	F28A12.10	20.76	20.4920847337022	0	FALSE
PRG1	F28A12.3	6.54	3.67131718762782	0	FALSE
PRG1	F28B1.2	23.174	4.8515184587318	0	FALSE
PRG1	F28B1.9	28.686	1.52721941893648	0	FALSE
PRG1	F28B12.1	25.754	7.63294990123843	0	FALSE
PRG1	F28B12.6	18.26	29.128131743882	0	FALSE
PRG1	F28B3.10	4.738	7.79407111105624	2	FALSE
PRG1	F28B3.6	10.614	2.91199621119297	0	FALSE
PRG1	F28B4.1	18.932	15.5265854299048	0	FALSE
PRG1	F28B4.3	27.928	4.93032893363231	0	FALSE
PRG1	F28B4.4	24.294	9.51852086269672	0	FALSE
PRG1	F28C1.1	24.342	10.3805764674191	0	FALSE
PRG1	F28C1.3	26.494	5.29321236889989	0	FALSE
PRG1	F28C10.1	5.122	5.08064558588806	0	FALSE
PRG1	F28C10.3	26.736	7.9873313784329	0	FALSE
PRG1	F28C6.10	19.05	16.3292144452083	0	FALSE
PRG1	F28C6.5	12.966	8.08093344560356	0	FALSE
PRG1	F28C6.8	26.564	4.16666661942863	0	FALSE
PRG1	F28D1.6	21.75	5.20282249080139	0	FALSE
PRG1	F28D9.4	24.04	16.9336166238011	0	FALSE
PRG1	F28E10.1	12.794	5.35438599975806	0	FALSE
PRG1	F28E10.4	19.728	2.69832263100237	0	FALSE
PRG1	F28F5.4	22.26	8.75365486750862	0	FALSE
PRG1	F28F5.6	21.932	4.84422706738192	0	FALSE
PRG1	F28F8.7	2.436	5.75152306608978	2	FALSE
PRG1	F28F8.9	2.78	2.70383028388002	2	FALSE
PRG1	F28F9.2	14.592	3.34412972324897	0	FALSE
PRG1	F28F9.3	17.472	2.85897303902558	0	FALSE
PRG1	F28G4.2	16.804	6.06729897563697	0	FALSE
PRG1	F28G4.3	25.282	15.5089211389007	0	FALSE
PRG1	F28G4.4	26.706	8.24910045017118	0	FALSE
PRG1	F28H1.1	21.398	9.00956489688974	0	FALSE
PRG1	F28H1.4	19.008	6.4200101692276	0	FALSE
PRG1	F28H1.5	2.874	4.98548840906947	2	FALSE
PRG1	F28H6.4	18.894	2.1409550742903	0	FALSE
PRG1	F28H6.6	15.442	17.545381799641	0	FALSE
PRG1	F28H6.7	10.004	5.72640911429168	0	FALSE
PRG1	F28H6.8	20.75	7.77645280149635	0	FALSE
PRG1	F28H7.2	29.244	2.42177242744465	0	FALSE
PRG1	F28H7.3	28.184	4.83518033379556	0	FALSE
PRG1	F28H7.7	21.69	20.0508996034181	0	FALSE
PRG1	F28H7.8	26.222	8.48313723665242	0	FALSE
PRG1	F29A7.3	22.394	29.3468394347236	0	FALSE
PRG1	F29A7.4	28.334	3.01459219580584	0	FALSE
PRG1	F29A7.6	17.88	13.982494401678	0	FALSE
PRG1	F29A7.8	14.756	6.10647590323758	0	FALSE
PRG1	F29B9.1	27.092	6.42528550528618	0	FALSE
PRG1	F29B9.11	23.048	14.8583880847396	0	FALSE
PRG1	F29B9.12	22.402	4.29779846711455	0	FALSE
PRG1	F29B9.5	27.71	8.31541927844565	0	FALSE
PRG1	F29B9.7	15.848	2.32073890302023	0	FALSE
PRG1	F29B9.8	15.512	2.63263813707875	0	FALSE
PRG1	F29C12.6	27.292	3.32416845268737	0	FALSE
PRG1	F29C4.4	21.292	12.0636987272443	0	FALSE
PRG1	F29C6.1	18.298	3.45499284236733	0	FALSE
PRG1	F29D10.1	17.434	17.3227867114109	0	FALSE
PRG1	F29D10.2	13.13	5.12069030303046	0	FALSE
PRG1	F29D10.3	27.926	3.57108518807988	0	FALSE
PRG1	F29F11.20	11.774	3.9039582326335	0	FALSE
PRG1	F29G6.1	26.754	6.49841381497506	0	FALSE
PRG1	F29G9.1	2.682	3.48176510959843	2	FALSE
PRG1	F30A10.11	16.932	2.74624748183813	0	FALSE
PRG1	F30A10.12	20.74	14.8865313356298	0	FALSE
PRG1	F30A10.13	26.406	7.35474600645156	0	FALSE
PRG1	F30A10.14	28.034	1.34527334117764	0	FALSE
PRG1	F30A10.15	22.528	14.9931199870616	0	FALSE
PRG1	F30A10.2	21.908	5.45557374030397	0	FALSE
PRG1	F30A10.3	25.922	9.91763773617188	0	FALSE
PRG1	F30A10.4	24.55	4.62415989398889	0	FALSE
PRG1	F30A10.9	25.032	10.4653599905287	0	FALSE
PRG1	F30B5.11	28.466	1.41668692592481	0	FALSE
PRG1	F30B5.4	25.386	10.7279042007771	0	FALSE
PRG1	F30F8.1	18.566	1.93813042516005	0	FALSE
PRG1	F30F8.10	21.302	8.13278681514591	0	FALSE
PRG1	F30F8.5	21.822	20.2590235154453	0	FALSE
PRG1	F30F8.9	27.106	6.60023025000878	0	FALSE
PRG1	F30H5.3	25.21	6.09256722170374	0	FALSE
PRG1	F30H5.5	22.298	15.2246197305706	0	FALSE
PRG1	F31A3.3	15.864	17.5563259220743	0	FALSE
PRG1	F31A3.5	19.622	1.14207620407602	0	FALSE
PRG1	F31B12.3	20.104	17.2874468452409	0	FALSE
PRG1	F31B12.4	20.466	7.74417429419204	0	FALSE
PRG1	F31B9.2	12.63	3.71497584539291	0	FALSE
PRG1	F31B9.3	9.93	1.58109954361607	0	FALSE
PRG1	F31B9.4	20.924	17.4110756343141	0	FALSE
PRG1	F31B9.7	24.64	4.25827036773255	0	FALSE
PRG1	F31C3.6	15.936	8.1564960981376	0	FALSE
PRG1	F31D4.2	26.422	15.0024459391166	0	FALSE
PRG1	F31D4.5	4.28	4.29233015674622	2	FALSE
PRG1	F31D4.8	19.37	8.97799220385255	0	FALSE
PRG1	F31D5.1	23.042	16.8631935947903	0	FALSE
PRG1	F31D5.2	24.664	4.95848007252101	0	FALSE
PRG1	F31D5.6	8.37	14.2332472426307	0	FALSE
PRG1	F31D5.7	23.386	2.06905762936343	0	FALSE
PRG1	F31E3.12	20.946	5.48476341030098	0	FALSE
PRG1	F31E3.2	18.272	8.74445035105445	0	FALSE
PRG1	F31E3.4	25.786	9.28086240100801	0	FALSE
PRG1	F31E3.6	26.822	7.08311909362645	0	FALSE
PRG1	F31E8.4	23.124	12.8169279949515	0	FALSE
PRG1	F31E8.5	6.758	26.4178854614133	0	FALSE
PRG1	F31E9.3	23.388	7.97302267631715	0	FALSE
PRG1	F31E9.6	7.42	4.51130328930352	0	FALSE
PRG1	F31F4.1	25.77	11.9075459357961	0	FALSE
PRG1	F31F4.11	28.414	2.93838660216078	0	FALSE
PRG1	F31F4.17	23.606	14.9117219309308	0	FALSE
PRG1	F31F6.1	23.332	11.8886281442573	0	FALSE
PRG1	F31F6.2	26.192	7.92750395417977	0	FALSE
PRG1	F31F6.3	27.21	2.16255095478497	0	FALSE
PRG1	F31F7.1	27.738	4.50871671470764	0	FALSE
PRG1	F31F7.2	24.014	8.83189523637252	0	FALSE
PRG1	F32A11.1	25.522	7.77058819820108	0	FALSE
PRG1	F32A5.4	26.292	10.5376315845326	0	FALSE
PRG1	F32A5.8	15.278	2.38676867141817	0	FALSE
PRG1	F32A7.8	13.528	6.0768977003147	0	FALSE
PRG1	F32B4.1	26.122	9.79064567534163	0	FALSE
PRG1	F32B4.2	24.608	2.49569927448548	0	FALSE
PRG1	F32B4.5	27.444	5.06030912994903	0	FALSE
PRG1	F32B4.8	3.744	6.11581146562889	2	FALSE
PRG1	F32B5.1	20.768	10.8677567834591	0	FALSE
PRG1	F32B5.2	25.202	2.95809789829093	0	FALSE
PRG1	F32B5.3	14.768	2.51564484385142	0	FALSE
PRG1	F32B5.6	26.814	5.94441478845115	0	FALSE
PRG1	F32B5.7	23.388	5.14003863782985	0	FALSE
PRG1	F32B6.4	25.006	6.44556714694546	0	FALSE
PRG1	F32D1.11	20.858	8.36512600717056	0	FALSE
PRG1	F32D1.3	18.966	1.23799317377828	0	FALSE
PRG1	F32D1.5	25.448	3.28224781735951	0	FALSE
PRG1	F32D1.7	16.744	9.02078555391734	0	FALSE
PRG1	F32D1.8	16.232	12.9331824403916	0	FALSE
PRG1	F32D8.1	26.576	5.69790564523469	0	FALSE
PRG1	F32D8.11	16.734	22.0946210699145	0	FALSE
PRG1	F32D8.12	24.626	6.22471864658522	0	FALSE
PRG1	F32D8.13	13.532	8.12659522356419	0	FALSE
PRG1	F32D8.14	17.51	13.0660776049413	0	FALSE
PRG1	F32D8.15	22.64	15.7708090454337	0	FALSE
PRG1	F32D8.2	21.578	9.97249192691492	0	FALSE
PRG1	F32D8.3	14.75	9.9038758412611	0	FALSE
PRG1	F32D8.4	27.216	5.5614891180276	0	FALSE
PRG1	F32D8.5	24.798	10.9661948220899	0	FALSE
PRG1	F32D8.7	24.45	8.81155696331232	0	FALSE
PRG1	F32D8.8	26.246	7.90110380199593	0	FALSE
PRG1	F32E10.5	19.358	8.53443351006348	0	FALSE
PRG1	F32E10.8	23.944	7.27862401524195	0	FALSE
PRG1	F32E10.9	22.068	19.692659553207	0	FALSE
PRG1	F32F2.4	25.262	10.8215759381149	0	FALSE
PRG1	F32G8.2	27.642	2.13296100142416	0	FALSE
PRG1	F32G8.3	20.358	7.67718019186384	0	FALSE
PRG1	F32H2.10	23.872	16.6677361115646	0	FALSE
PRG1	F32H2.11	25.056	14.1474099142815	0	FALSE
PRG1	F32H2.12	11.618	7.64561867432726	0	FALSE
PRG1	F32H2.6	19.938	28.3787500069233	0	FALSE
PRG1	F32H2.7	20.584	1.77258958320017	0	FALSE
PRG1	F32H2.8	25.264	11.0752073531449	0	FALSE
PRG1	F32H5.1	19.004	17.9323842490865	0	FALSE
PRG1	F32H5.3	15.138	1.32562996938627	0	FALSE
PRG1	F32H5.4	25.81	9.07146751980412	0	FALSE
PRG1	F33A8.4	26.356	10.1092749105367	0	FALSE
PRG1	F33A8.7	26.494	4.42669508109131	0	FALSE
PRG1	F33C8.2	15.612	2.49207645982154	0	FALSE
PRG1	F33C8.4	25.204	10.9117455825512	0	FALSE
PRG1	F33D11.1	21.486	10.7007285754809	0	FALSE
PRG1	F33D11.10	26.458	5.39364049999845	0	FALSE
PRG1	F33D11.16	23.676	5.80634768835164	0	FALSE
PRG1	F33D11.17	12.898	3.13374592279861	0	FALSE
PRG1	F33D11.2	22.602	5.10450433605133	0	FALSE
PRG1	F33D11.6	25.464	11.1456553008902	0	FALSE
PRG1	F33D11.7	26.434	8.33432529866289	0	FALSE
PRG1	F33D4.4	16.674	6.34978667186573	0	FALSE
PRG1	F33D4.6	23.85	4.22690589809351	0	FALSE
PRG1	F33E11.2	14.714	18.447189315487	0	FALSE
PRG1	F33E11.3	27.068	18.8578620555435	0	FALSE
PRG1	F33E2.10	18.972	7.33051025187671	0	FALSE
PRG1	F33E2.4	7.886	5.00574546519164	0	FALSE
PRG1	F33E2.5	26.294	4.2431622861043	0	FALSE
PRG1	F33E2.6	19.016	16.0397973610232	0	FALSE
PRG1	F33E2.7	11.384	3.7642367470552	0	FALSE
PRG1	F33G12.3	26.36	7.50006811994765	0	FALSE
PRG1	F33G12.6	17.364	2.14426686447769	0	FALSE
PRG1	F33G12.7	21.418	12.6392649184918	0	FALSE
PRG1	F33H1.3	15.392	32.0770126894647	0	FALSE
PRG1	F33H12.1	26.002	11.4237650160309	0	FALSE
PRG1	F33H12.7	12.662	4.31684230765159	0	FALSE
PRG1	F33H2.2	2.416	3.33188937044671	2	FALSE
PRG1	F33H2.3	19.228	1.85098445651806	0	FALSE
PRG1	F33H2.6	25.714	7.90298558391222	0	FALSE
PRG1	F33H2.8	28.942	1.60868513820713	0	FALSE
PRG1	F34D10.3	17.486	2.3400555361199	0	FALSE
PRG1	F34D10.4	22.094	3.91039107771927	0	FALSE
PRG1	F34D10.8	20.63	7.77234035523599	0	FALSE
PRG1	F34D10.9	27.64	5.07667434115343	0	FALSE
PRG1	F34D6.1	27.802	6.61585337523899	0	FALSE
PRG1	F34H10.1	19.264	9.44415127712036	0	FALSE
PRG1	F34H10.3	14.116	43.6327487357173	0	FALSE
PRG1	F34H10.4	15.892	4.60822249840254	0	FALSE
PRG1	F34H10.5	20.302	10.3086478042838	0	FALSE
PRG1	F35A5.2	26.074	2.88849709308735	0	FALSE
PRG1	F35A5.5	5.044	0.997206688339355	0	FALSE
PRG1	F35A5.8	26.27	9.78724290165547	0	FALSE
PRG1	F35B12.10	22.984	5.60235440937405	0	FALSE
PRG1	F35B12.9	20.844	6.49873287611076	0	FALSE
PRG1	F35B3.3	23.716	2.25312056214373	0	FALSE
PRG1	F35B3.4	20.682	10.9282001139267	0	FALSE
PRG1	F35B3.7	17.01	4.06601124634868	0	FALSE
PRG1	F35C11.2	13.066	43.5723313121977	0	FALSE
PRG1	F35C11.3	10.748	12.7668133817655	0	FALSE
PRG1	F35C11.4	27.892	8.36999826366506	0	FALSE
PRG1	F35C11.5	22.692	11.4356591252744	0	FALSE
PRG1	F35C11.6	19.252	3.85644045771922	0	FALSE
PRG1	F35C11.7	21.824	20.1880518784771	0	FALSE
PRG1	F35C12.3	12.136	4.77867214924905	0	FALSE
PRG1	F35C12.7	20.034	3.24805326632162	0	FALSE
PRG1	F35C5.1	21.812	11.0125406651677	0	FALSE
PRG1	F35C5.3	19.224	8.40088466526925	0	FALSE
PRG1	F35C8.5	19.252	4.60204304587718	0	FALSE
PRG1	F35C8.8	22.25	4.40495296855941	0	FALSE
PRG1	F35D11.1	26.034	1.16462934708987	0	FALSE
PRG1	F35D11.3	10.568	44.768780861577	0	FALSE
PRG1	F35D11.4	22.992	6.68719872811215	0	FALSE
PRG1	F35D2.1	21.696	5.40780540556289	0	FALSE
PRG1	F35D2.2	25.162	10.2206704631987	0	FALSE
PRG1	F35D2.3	22.014	10.3825958076644	0	FALSE
PRG1	F35D2.6	12.37	23.5325030598365	0	FALSE
PRG1	F35E12.10	29.636	0.437095557152418	0	FALSE
PRG1	F35E12.2	26.99	2.62812401045227	0	FALSE
PRG1	F35E12.6	26.2	7.48072129361744	0	FALSE
PRG1	F35E12.9	27.484	5.35379883601871	0	FALSE
PRG1	F35E2.1	9.234	5.79840875877171	0	FALSE
PRG1	F35E2.2	28.07	4.76772768764281	0	FALSE
PRG1	F35E2.5	23.096	11.4587495665634	0	FALSE
PRG1	F35E2.8	24.93	11.7675817326839	0	FALSE
PRG1	F35E8.1	26.972	2.38948557040725	0	FALSE
PRG1	F35E8.10	23.404	6.77302725170352	0	FALSE
PRG1	F35E8.2	24.206	8.55711525282147	0	FALSE
PRG1	F35E8.6	23.79	11.2269020798337	0	FALSE
PRG1	F35E8.7	25.394	3.91509084579323	0	FALSE
PRG1	F35E8.9	24.286	11.2154724510194	0	FALSE
PRG1	F35F10.1	26.082	8.14764746043669	0	FALSE
PRG1	F35F10.13	27.87	3.77244365075011	0	FALSE
PRG1	F35F10.14	25.786	12.1300221153981	0	FALSE
PRG1	F35F10.5	19.224	0.559771163225744	0	FALSE
PRG1	F35F10.6	23.874	14.4880497000136	0	FALSE
PRG1	F35F10.7	18.882	10.0756134536715	0	FALSE
PRG1	F35F11.2	18.43	7.70798083076697	0	FALSE
PRG1	F35G12.12	26.242	12.5759942787615	0	FALSE
PRG1	F35G12.5	22.412	16.1395583190276	0	FALSE
PRG1	F35G12.7	17.422	2.94930986827928	0	FALSE
PRG1	F35G2.1	5.06	5.25669410208316	0	FALSE
PRG1	F35G2.3	26.55	1.43225260578769	0	FALSE
PRG1	F35G2.5	17.76	2.66341327821291	0	FALSE
PRG1	F35H10.10	4.804	6.40679414361729	2	FALSE
PRG1	F35H10.2	24.248	4.07252953645981	0	FALSE
PRG1	F35H10.5	27.13	5.8255023743018	0	FALSE
PRG1	F35H10.6	25.034	5.32856424373735	0	FALSE
PRG1	F35H12.1	22.328	11.3986359048036	0	FALSE
PRG1	F35H12.5	28.34	5.83860298496508	0	FALSE
PRG1	F35H12.6	9.388	97.912115970808	0	FALSE
PRG1	F35H8.1	21.092	2.01523296927511	0	FALSE
PRG1	F35H8.12	15.686	3.97067619818754	0	FALSE
PRG1	F35H8.2	23.156	16.1382277696541	0	FALSE
PRG1	F35H8.4	24.682	8.78928318833411	0	FALSE
PRG1	F36A2.10	20.358	7.30359480893674	0	FALSE
PRG1	F36A2.11	8.578	3.01685271120075	0	FALSE
PRG1	F36A2.12	22.658	6.889468156891	0	FALSE
PRG1	F36A2.14	2.806	4.63018724701688	2	FALSE
PRG1	F36A2.2	24.202	3.7780705505027	0	FALSE
PRG1	F36A2.3	26.764	20.185497937326	0	FALSE
PRG1	F36A2.7	3.702	3.15825973053788	2	FALSE
PRG1	F36A2.9	20.35	4.90994918627249	0	FALSE
PRG1	F36A4.1	9.796	2.62711207796605	0	FALSE
PRG1	F36A4.2	24.944	4.72537858689534	0	FALSE
PRG1	F36A4.3	23.092	5.64200034875952	0	FALSE
PRG1	F36A4.4	24.62	5.5581295199871	0	FALSE
PRG1	F36A4.5	19.326	16.2455068988002	0	FALSE
PRG1	F36D1.10	9.398	3.41610095937158	0	FALSE
PRG1	F36D1.12	8.892	4.32308408389117	0	FALSE
PRG1	F36D1.13	12.784	5.83155928666093	0	FALSE
PRG1	F36D1.15	17.178	4.18744395450025	0	FALSE
PRG1	F36D1.4	10.566	7.04109752640074	0	FALSE
PRG1	F36D1.5	13.48	7.68386295748239	0	FALSE
PRG1	F36D1.6	27.79	6.0166237377676	0	FALSE
PRG1	F36D1.8	27.42	4.85253023442156	0	FALSE
PRG1	F36D1.9	21.552	25.8796280211002	0	FALSE
PRG1	F36D3.1	12.514	2.51787829225609	0	FALSE
PRG1	F36D3.14	15.102	16.4624266116285	0	FALSE
PRG1	F36D3.16	23.11	13.723794947358	0	FALSE
PRG1	F36D3.4	11.64	2.82135083740086	0	FALSE
PRG1	F36D3.5	22.968	12.430829665122	0	FALSE
PRG1	F36D3.8	28.928	4.46760667950189	0	FALSE
PRG1	F36D4.1	25.9	8.14539139043579	0	FALSE
PRG1	F36D4.4	9.796	6.63049103540954	0	FALSE
PRG1	F36D4.5	24.69	3.02400057888268	0	FALSE
PRG1	F36D4.6	14.638	2.07795466959474	0	FALSE
PRG1	F36F12.1	20.116	6.35314394041467	0	FALSE
PRG1	F36F12.2	25.236	5.85811465451591	0	FALSE
PRG1	F36F12.3	25.662	11.052029130757	0	FALSE
PRG1	F36F12.7	17.396	0.524654137001828	0	FALSE
PRG1	F36F2.1	27.41	1.47022558771324	0	FALSE
PRG1	F36F2.2	14.88	3.21879839108281	0	FALSE
PRG1	F36F2.7	21.698	8.7772458637448	0	FALSE
PRG1	F36F2.8	20.054	10.2429695716715	0	FALSE
PRG1	F36G3.1	20.836	5.59891075560018	0	FALSE
PRG1	F36G3.2	27.856	3.30461105189282	0	FALSE
PRG1	F36G3.3	8.544	6.38791947560026	0	FALSE
PRG1	F36G9.13	24.504	10.169822242656	0	FALSE
PRG1	F36G9.15	23.194	10.4418626757305	0	FALSE
PRG1	F36G9.3	29.416	2.32743605789635	0	FALSE
PRG1	F36G9.7	19.484	6.56975354261302	0	FALSE
PRG1	F36H1.11	22.294	3.96740919416431	0	FALSE
PRG1	F36H1.12	26.64	3.6455887514051	0	FALSE
PRG1	F36H1.3	23.028	6.56638787732285	0	FALSE
PRG1	F36H12.10	15.49	2.75147951208859	0	FALSE
PRG1	F36H12.17	26.95	10.1368335597776	0	FALSE
PRG1	F36H12.3	16.646	9.6428075110525	0	FALSE
PRG1	F36H12.4	20.532	11.4584633519771	0	FALSE
PRG1	F36H12.5	7.666	4.99167402183721	0	FALSE
PRG1	F36H12.9	22.052	17.5628226610796	0	FALSE
PRG1	F36H2.6	29.078	3.77419597443737	0	FALSE
PRG1	F36H5.10	21.774	11.043378356364	0	FALSE
PRG1	F36H5.12	20.53	11.1641351480601	0	FALSE
PRG1	F36H5.13	25.926	8.02406729526812	0	FALSE
PRG1	F36H5.14	27.758	5.038725226885	0	FALSE
PRG1	F36H5.17	24.84	11.9231643750398	0	FALSE
PRG1	F36H5.18	28.374	1.54963373077186	0	FALSE
PRG1	F36H5.4	7.952	2.98438570909282	0	FALSE
PRG1	F36H5.8	26.02	6.08494814946591	0	FALSE
PRG1	F36H5.9	22.704	19.7243783553814	0	FALSE
PRG1	F36H9.1	25.978	7.9793564840654	0	FALSE
PRG1	F36H9.10	25.076	10.6988351939156	0	FALSE
PRG1	F36H9.2	25.366	9.76738787609258	0	FALSE
PRG1	F36H9.4	26.456	4.22682427680711	0	FALSE
PRG1	F36H9.5	28.634	0.654571442789875	0	FALSE
PRG1	F36H9.7	23.092	12.8195136027791	0	FALSE
PRG1	F37A4.1	26.698	4.21894791978916	0	FALSE
PRG1	F37A4.2	22.172	3.91223825629553	0	FALSE
PRG1	F37A4.3	14.708	3.00905648651153	0	FALSE
PRG1	F37A4.4	23.618	14.1495630555253	0	FALSE
PRG1	F37A4.5	8.016	6.55243015216799	0	FALSE
PRG1	F37A4.6	20.976	1.95013299873421	0	FALSE
PRG1	F37A8.1	11.066	2.94462974399562	0	FALSE
PRG1	F37A8.2	8.732	9.49539746576751	0	FALSE
PRG1	F37A8.5	18.162	17.8444744603153	0	FALSE
PRG1	F37B12.1	15.786	4.77224040353587	0	FALSE
PRG1	F37B12.3	8.914	48.169187190114	0	FALSE
PRG1	F37B4.10	18.7	5.56522396738897	0	FALSE
PRG1	F37B4.15	23.768	8.55706686220159	0	FALSE
PRG1	F37C12.10	15.57	44.7774140766514	0	FALSE
PRG1	F37C12.14	18.686	5.77261306833775	0	FALSE
PRG1	F37C12.18	24.96	8.25626771344842	0	FALSE
PRG1	F37C12.21	20.94	8.22677581130308	0	FALSE
PRG1	F37C4.4	13.492	7.63854182363942	0	FALSE
PRG1	F37C4.5	25.002	4.14496935654395	1	TRUE
PRG1	F37C4.6	25.488	8.61778783807895	0	FALSE
PRG1	F37C4.8	20.358	21.5028635888157	0	FALSE
PRG1	F37D6.3	4.9	3.22681393894733	2	FALSE
PRG1	F37D6.4	24.42	2.58585809588761	0	FALSE
PRG1	F37F2.2	25.532	10.9138520964976	0	FALSE
PRG1	F37H8.5	21.978	28.5838695246004	0	FALSE
PRG1	F37H8.6	19.698	15.5159547661709	0	FALSE
PRG1	F38A1.11	19.666	26.5518581524211	0	FALSE
PRG1	F38A1.13	17.206	12.9611554717655	0	FALSE
PRG1	F38A1.15	25.674	8.00710124881514	0	FALSE
PRG1	F38A1.6	25.936	8.17940279352181	0	FALSE
PRG1	F38A1.8	25.4	9.0189709880715	0	FALSE
PRG1	F38A1.9	18.126	33.2432559669409	0	FALSE
PRG1	F38A5.2	11.714	4.66276195611763	0	FALSE
PRG1	F38A5.22	26.778	0.203516716609733	0	FALSE
PRG1	F38A5.6	26.554	7.74998493565981	0	FALSE
PRG1	F38A5.8	14.828	32.4511547734167	0	FALSE
PRG1	F38A6.4	14.422	4.14769501277987	0	FALSE
PRG1	F38A6.5	22.126	18.5969613247538	0	FALSE
PRG1	F38B2.2	24.842	5.66031942266852	0	FALSE
PRG1	F38B2.3	14.772	13.6992461290064	0	FALSE
PRG1	F38B2.4	26.97	9.32254046703253	0	FALSE
PRG1	F38B2.6	18.328	9.78021487526503	0	FALSE
PRG1	F38B6.2	24.804	6.16826771493303	0	FALSE
PRG1	F38B6.3	19.86	5.92182264483905	0	FALSE
PRG1	F38B6.4	26.138	15.9723837874176	0	FALSE
PRG1	F38B6.6	15.062	3.8376785355837	0	FALSE
PRG1	F38B6.7	22.852	5.84414340238598	0	FALSE
PRG1	F38B6.8	11.972	11.2063949725476	0	FALSE
PRG1	F38B7.10	16.326	8.29230707752994	0	FALSE
PRG1	F38B7.11	26.374	5.67227071789288	0	FALSE
PRG1	F38B7.17	13.778	9.03088176253975	0	FALSE
PRG1	F38B7.2	28.068	3.70703387863721	0	FALSE
PRG1	F38B7.3	14.476	3.03974916819925	0	FALSE
PRG1	F38C2.1	21.436	22.9866637070682	0	FALSE
PRG1	F38C2.4	28.136	5.6063285091005	0	FALSE
PRG1	F38C2.7	20.634	4.67223756697395	0	FALSE
PRG1	F38E1.10	14.806	6.03674775549119	0	FALSE
PRG1	F38E1.3	26.184	11.4559335579271	0	FALSE
PRG1	F38E1.6	26.544	3.83394983559771	0	FALSE
PRG1	F38E11.6	21.404	18.0203481445944	0	FALSE
PRG1	F38E11.9	26.982	7.75403094564794	0	FALSE
PRG1	F38E9.1	17.78	13.3628845562618	0	FALSE
PRG1	F38E9.4	21.642	11.6351016744496	0	FALSE
PRG1	F38E9.6	23.06	1.55993978738985	0	FALSE
PRG1	F38G1.3	21.566	10.4820535343396	0	FALSE
PRG1	F38H12.5	22.874	7.15427454424072	0	FALSE
PRG1	F38H4.3	14.952	28.9578073605531	0	FALSE
PRG1	F38H4.4	20.766	12.5236884554685	0	FALSE
PRG1	F38H4.5	21.146	26.1667695987093	0	FALSE
PRG1	F38H4.6	18.672	31.7548407595305	0	FALSE
PRG1	F39B2.3	28.704	3.38637006083969	0	FALSE
PRG1	F39B2.5	25.78	13.3568637822693	0	FALSE
PRG1	F39B3.3	17.86	13.9407573938946	0	FALSE
PRG1	F39B3.7	23.69	18.9643995197484	0	FALSE
PRG1	F39D8.3	25.198	12.4301255509371	0	FALSE
PRG1	F39E9.14	14.472	9.6496874985584	0	FALSE
PRG1	F39E9.6	25.844	4.53819542915983	0	FALSE
PRG1	F39F10.2	18.686	34.1638917738653	0	FALSE
PRG1	F39F10.3	25.928	8.51515299498273	0	FALSE
PRG1	F39F10.4	19.908	15.2258712183409	0	FALSE
PRG1	F39F10.5	13.124	1.34222296777031	0	FALSE
PRG1	F39G3.2	24.226	10.9061197712286	0	FALSE
PRG1	F39G3.3	21.322	14.0948253167818	0	FALSE
PRG1	F39G3.4	21.756	12.0149303534799	0	FALSE
PRG1	F39G3.5	26.506	14.2753519373987	0	FALSE
PRG1	F39H11.1	13.502	3.13760181647637	0	FALSE
PRG1	F39H12.1	21.43	5.46013454376756	0	FALSE
PRG1	F39H12.3	25.092	6.21056472904321	0	FALSE
PRG1	F39H2.3	25.892	20.4610497630927	0	FALSE
PRG1	F40A3.1	26.926	6.86117049540036	0	FALSE
PRG1	F40A3.2	24.58	5.0176936493016	0	FALSE
PRG1	F40A3.3	26.856	8.31470801598502	0	FALSE
PRG1	F40A3.4	19.542	4.47547359571724	0	FALSE
PRG1	F40A3.6	17.292	15.605876352342	0	FALSE
PRG1	F40A3.7	11.192	4.03133776373244	0	FALSE
PRG1	F40B5.2	21.574	3.31062322823912	0	FALSE
PRG1	F40C5.1	28.62	2.51171646908814	0	FALSE
PRG1	F40C5.2	23.096	10.2495256723257	0	FALSE
PRG1	F40D4.12	22.26	20.0040086185195	0	FALSE
PRG1	F40D4.13	19.79	5.97725609558699	0	FALSE
PRG1	F40D4.17	21.568	8.77814196287875	0	FALSE
PRG1	F40E10.5	25.378	1.7554563772413	0	FALSE
PRG1	F40E12.1	23.862	3.19109515391242	0	FALSE
PRG1	F40E3.3	22.174	9.77519443559581	0	FALSE
PRG1	F40E3.5	5.276	6.11475210050924	0	FALSE
PRG1	F40E3.6	23.078	12.9085641540373	0	FALSE
PRG1	F40F11.3	22.484	14.5156162687223	0	FALSE
PRG1	F40F12.3	23.192	20.911592322239	0	FALSE
PRG1	F40F12.9	19.232	6.4483630645496	0	FALSE
PRG1	F40F4.7	20.17	22.7522481782916	0	FALSE
PRG1	F40F8.1	19.444	9.9968104449822	0	FALSE
PRG1	F40F8.11	3.8	3.03488489333442	2	FALSE
PRG1	F40F8.12	21.486	7.99482873407134	0	FALSE
PRG1	F40F8.3	29.892	1.02195645578068	0	FALSE
PRG1	F40F8.4	13.992	5.80629037678276	0	FALSE
PRG1	F40F8.5	21.382	17.1106321152254	0	FALSE
PRG1	F40F9.10	7.62	2.61481087206972	0	FALSE
PRG1	F40F9.3	21.146	2.7757816102263	0	FALSE
PRG1	F40G12.10	26.44	8.06724333306802	0	FALSE
PRG1	F40G12.11	19.868	1.71993283956027	0	FALSE
PRG1	F40G12.2	23.516	7.68563709874176	0	FALSE
PRG1	F40G12.4	4.894	17.9012647146264	0	FALSE
PRG1	F40G12.5	26.16	9.45438482450957	0	FALSE
PRG1	F40G12.6	18.668	1.71642166956605	0	FALSE
PRG1	F40G12.7	9.678	4.00677524661715	0	FALSE
PRG1	F40G12.9	15.824	1.56310611495101	0	FALSE
PRG1	F40G9.12	20.384	17.4663868601288	0	FALSE
PRG1	F40G9.14	27.348	5.4773850849442	0	FALSE
PRG1	F40G9.15	25.216	5.52068346564931	0	FALSE
PRG1	F40G9.17	28.3	4.62411743049555	0	FALSE
PRG1	F40G9.18	28.21	3.99931421968949	0	FALSE
PRG1	F40G9.19	26.404	1.85570213381201	0	FALSE
PRG1	F40G9.5	26.87	4.62852267762293	0	FALSE
PRG1	F40G9.6	17.73	31.3522017035527	0	FALSE
PRG1	F40G9.7	26.398	10.2338824963393	0	FALSE
PRG1	F40G9.8	22.01	14.4426551591434	0	FALSE
PRG1	F40G9.9	7.058	3.75580748176397	0	FALSE
PRG1	F40H3.1	18.422	4.65670283939647	0	FALSE
PRG1	F40H3.3	21.722	15.6428327884409	0	FALSE
PRG1	F40H6.5	23.482	0.623994753958614	0	FALSE
PRG1	F41B4.1	16.21	5.89634852457774	0	FALSE
PRG1	F41B4.2	14.124	4.87980884698654	0	FALSE
PRG1	F41B4.3	22.748	16.7609913698577	0	FALSE
PRG1	F41B5.1	10.646	2.37036412482998	0	FALSE
PRG1	F41B5.12	23.224	11.7581404161499	0	FALSE
PRG1	F41C3.1	24.23	19.8794615735652	0	FALSE
PRG1	F41C3.11	25.312	8.29332724845368	0	FALSE
PRG1	F41C3.2	5.278	6.38783285960726	0	FALSE
PRG1	F41C3.7	26.402	7.81793272777361	0	FALSE
PRG1	F41C3.8	12.95	1.66695236640331	0	FALSE
PRG1	F41C6.4	27.23	6.47820531052532	0	FALSE
PRG1	F41C6.6	20.642	15.1862030498214	0	FALSE
PRG1	F41C6.7	24.684	8.69951836164079	0	FALSE
PRG1	F41D3.11	19.014	5.57590623112807	0	FALSE
PRG1	F41D3.6	24.442	9.00222037314903	0	FALSE
PRG1	F41D3.7	17.438	4.20534482328166	0	FALSE
PRG1	F41D3.8	17.318	2.49181287720461	0	FALSE
PRG1	F41D3.9	25.872	8.68705234376998	0	FALSE
PRG1	F41D9.2	24.448	1.30774961671736	0	FALSE
PRG1	F41E6.1	22.162	6.72272023115952	0	FALSE
PRG1	F41E6.12	23.072	1.19542260820562	0	FALSE
PRG1	F41E6.15	21.384	13.2579922552222	0	FALSE
PRG1	F41E6.17	20.88	3.68104706968675	0	FALSE
PRG1	F41E6.5	26.128	5.01913661685118	0	FALSE
PRG1	F41E6.7	14.66	4.34799905333787	0	FALSE
PRG1	F41E6.8	24.272	11.8965050136063	0	FALSE
PRG1	F41E7.2	11.704	8.1768301120145	0	FALSE
PRG1	F41E7.6	28.01	1.06597633893849	0	FALSE
PRG1	F41E7.7	20.788	6.33334184289697	0	FALSE
PRG1	F41E7.9	8.178	7.54939675050437	0	FALSE
PRG1	F41F3.1	7.3	3.99262784706567	0	FALSE
PRG1	F41F3.3	21.108	14.1032523688907	0	FALSE
PRG1	F41F3.8	14.574	17.7607470454989	0	FALSE
PRG1	F41F3.9	11.348	3.84384469196253	0	FALSE
PRG1	F41G3.10	20.812	2.24380000453823	0	FALSE
PRG1	F41G3.18	20.536	1.88990460128218	0	FALSE
PRG1	F41G3.19	13.062	9.62826997312992	0	FALSE
PRG1	F41G3.20	14.476	11.1225648052669	0	FALSE
PRG1	F41G3.21	22.776	2.24663359455253	0	FALSE
PRG1	F41G3.3	4.184	2.70720817201609	2	FALSE
PRG1	F41G3.5	4.42	2.06118406767971	2	FALSE
PRG1	F41G3.6	17.216	36.0954684305226	0	FALSE
PRG1	F41G4.13	17.252	13.2438835274157	0	FALSE
PRG1	F41G4.7	14.82	1.31795040382083	0	FALSE
PRG1	F41G4.8	21.538	5.61436944447509	0	FALSE
PRG1	F41H10.1	20.42	3.74608706572732	0	FALSE
PRG1	F41H10.12	20.06	4.71225192903348	0	FALSE
PRG1	F41H10.2	21.228	4.38308251258317	0	FALSE
PRG1	F41H10.3	17.58	2.13784078190741	0	FALSE
PRG1	F41H10.4	23.89	8.6305220172136	0	FALSE
PRG1	F41H10.5	28.582	2.29657436851506	0	FALSE
PRG1	F41H8.1	23.458	1.71219460670527	0	FALSE
PRG1	F41H8.2	24.424	5.53557818273183	0	FALSE
PRG1	F42A10.5	19.922	4.67028353778136	0	FALSE
PRG1	F42A10.6	13.246	4.68692503002404	0	FALSE
PRG1	F42A10.7	27.78	4.16517947917652	0	FALSE
PRG1	F42A10.9	25.306	9.92039098309589	0	FALSE
PRG1	F42A6.1	27.358	5.8792772593093	0	FALSE
PRG1	F42A6.2	21.982	14.881628451295	0	FALSE
PRG1	F42A6.5	25.812	7.22064091844826	0	FALSE
PRG1	F42A6.6	25.97	6.2596186273202	0	FALSE
PRG1	F42A8.1	26.86	3.46779777280566	0	FALSE
PRG1	F42A9.11	23.15	3.59661493837879	0	FALSE
PRG1	F42A9.17	21.138	7.19056101958741	0	FALSE
PRG1	F42A9.3	22.798	2.21747221676678	0	FALSE
PRG1	F42A9.6	22.89	6.8962150834121	0	FALSE
PRG1	F42A9.7	5.972	4.26483417784388	0	FALSE
PRG1	F42A9.8	25.394	4.22394114666968	0	FALSE
PRG1	F42A9.9	17.178	4.99613787474891	0	FALSE
PRG1	F42C5.3	26.584	5.22536573370515	0	FALSE
PRG1	F42C5.4	4.858	3.46103023929261	2	FALSE
PRG1	F42C5.5	23.28	4.27238177198591	0	FALSE
PRG1	F42C5.6	24.85	7.34839044604001	0	FALSE
PRG1	F42C5.9	24.886	4.01798198339304	0	FALSE
PRG1	F42D1.4	12.698	4.60530800651459	0	FALSE
PRG1	F42E11.3	28.158	4.53872464105914	0	FALSE
PRG1	F42E8.1	14.1	2.84086599324393	0	FALSE
PRG1	F42F12.11	15.152	39.5674649959095	0	FALSE
PRG1	F42F12.14	9.622	3.10431481044753	0	FALSE
PRG1	F42F12.4	29.124	1.97731510075222	0	FALSE
PRG1	F42G10.1	23.734	3.22791593749284	0	FALSE
PRG1	F42G2.2	21.772	10.6669889977144	0	FALSE
PRG1	F42G2.5	26.976	2.42243225350792	0	FALSE
PRG1	F42G2.7	14.98	2.34549079983456	0	FALSE
PRG1	F42G4.2	22.718	9.08063936134773	0	FALSE
PRG1	F42G4.5	26.408	3.06788340473878	0	FALSE
PRG1	F42G4.6	23.7	3.13942198105287	0	FALSE
PRG1	F42G4.7	22.492	5.1050360869742	0	FALSE
PRG1	F42G8.8	21.056	24.0760150506809	0	FALSE
PRG1	F42H10.2	5.698	11.1241364571683	0	FALSE
PRG1	F42H10.3	8.098	8.42858362186794	0	FALSE
PRG1	F42H10.6	26.936	7.41681683676791	1	TRUE
PRG1	F42H11.1	15.638	8.47185247960564	0	FALSE
PRG1	F43B10.1	7.088	10.4997803120206	0	FALSE
PRG1	F43C1.5	15.012	3.45536622316262	0	FALSE
PRG1	F43C1.7	26.504	6.12337267061213	0	FALSE
PRG1	F43C11.1	22.97	9.6196197879796	0	FALSE
PRG1	F43C11.10	19.434	2.59193264347219	0	FALSE
PRG1	F43C11.11	11.162	2.00668882585968	0	FALSE
PRG1	F43C11.12	20.928	3.42596879886397	0	FALSE
PRG1	F43C11.16	22.88	7.06718741113139	0	FALSE
PRG1	F43C11.2	18.842	7.00998680572217	0	FALSE
PRG1	F43C11.3	21.474	24.7622511661861	0	FALSE
PRG1	F43C11.4	23.342	11.4728703029207	0	FALSE
PRG1	F43C11.6	28.096	6.56069635716582	0	FALSE
PRG1	F43C11.7	10.708	3.12843236113475	0	FALSE
PRG1	F43C11.8	27.136	6.22595905882593	0	FALSE
PRG1	F43C9.1	26.006	5.53141281986902	0	FALSE
PRG1	F43C9.2	13.918	3.45452948920394	0	FALSE
PRG1	F43D2.3	2.158	3.16670056779794	2	FALSE
PRG1	F43D2.6	19.54	10.8044848685194	0	FALSE
PRG1	F43D2.7	24.006	6.20682357360695	0	FALSE
PRG1	F43E12.1	23.348	8.38107648048992	0	FALSE
PRG1	F43E2.1	17.744	9.06066896348131	0	FALSE
PRG1	F43E2.11	6.936	10.6145742100453	0	FALSE
PRG1	F43E2.6	17.26	12.7477482509443	0	FALSE
PRG1	F43G6.10	14.756	13.8595232035649	0	FALSE
PRG1	F43G6.16	23.388	0.884252996020533	0	FALSE
PRG1	F43G6.17	28.626	4.14114813142038	0	FALSE
PRG1	F43G6.4	22.304	6.67120198822022	0	FALSE
PRG1	F43G6.7	11.02	15.7765608378792	0	FALSE
PRG1	F43G6.8	15.684	2.43398360651611	0	FALSE
PRG1	F43G9.13	27.54	5.8499876174717	0	FALSE
PRG1	F43G9.21	20.14	7.06976372140779	0	FALSE
PRG1	F43G9.4	11.526	9.64496712196167	0	FALSE
PRG1	F43G9.8	21.438	2.8728873985293	0	FALSE
PRG1	F43H9.3	28.37	0.695209126659008	0	FALSE
PRG1	F43H9.4	19.758	24.5537854496211	0	FALSE
PRG1	F44A2.3	12.958	6.16737395964142	0	FALSE
PRG1	F44A2.5	11.868	47.7791492837912	0	FALSE
PRG1	F44A2.7	25.344	6.95131240747096	0	FALSE
PRG1	F44A6.3	12.33	6.50393478891835	0	FALSE
PRG1	F44A6.4	17.94	8.84453976348959	0	FALSE
PRG1	F44A6.5	24.886	14.3796088814767	0	FALSE
PRG1	F44B9.10	18.846	21.4738699452162	0	FALSE
PRG1	F44B9.2	20.456	5.17246014370941	0	FALSE
PRG1	F44B9.5	24.366	12.4701763696012	0	FALSE
PRG1	F44B9.8	27.786	11.8558709495495	0	FALSE
PRG1	F44B9.9	26.028	8.13017309086778	0	FALSE
PRG1	F44D12.10	9.882	7.27978778914733	0	FALSE
PRG1	F44D12.16	23.276	4.62039909914242	0	FALSE
PRG1	F44D12.19	8.186	3.28993333980468	0	FALSE
PRG1	F44D12.2	20.71	15.3400512482941	0	FALSE
PRG1	F44D12.6	11.318	3.72056735974117	0	FALSE
PRG1	F44D12.8	13.592	52.0540012976099	0	FALSE
PRG1	F44E2.10	20.266	4.08043098261422	0	FALSE
PRG1	F44E2.3	21.048	15.7626406454993	0	FALSE
PRG1	F44E2.4	19.404	23.35009853922	0	FALSE
PRG1	F44E2.6	27.976	4.87958148784686	0	FALSE
PRG1	F44E2.7	18.45	6.41320913435037	0	FALSE
PRG1	F44E2.8	23.562	6.69155504685092	0	FALSE
PRG1	F44E2.9	12.812	64.1395935405718	0	FALSE
PRG1	F44E5.1	16.598	4.77928306575593	0	FALSE
PRG1	F44E5.15	22.008	16.3388520432646	0	FALSE
PRG1	F44E5.17	19.794	18.4286680407939	0	FALSE
PRG1	F44E5.2	23.61	14.4963127345353	0	FALSE
PRG1	F44E5.4	20.308	2.17205483300986	0	FALSE
PRG1	F44E7.3	16.136	9.7012946648248	0	FALSE
PRG1	F44E7.4	21.542	2.8201249501765	0	FALSE
PRG1	F44E7.5	26.766	3.74639911798787	0	FALSE
PRG1	F44E7.7	24.836	8.45990534611217	0	FALSE
PRG1	F44E7.9	15.444	3.16302575127105	0	FALSE
PRG1	F44F1.4	19.558	10.758480065579	0	FALSE
PRG1	F44F1.6	25.354	10.5040593356671	0	FALSE
PRG1	F44F4.10	25.268	4.30852500202201	0	FALSE
PRG1	F44F4.15	26.158	6.99110992864994	0	FALSE
PRG1	F44F4.3	22.956	10.3305569724319	0	FALSE
PRG1	F44F4.9	22.64	2.12932346169504	0	FALSE
PRG1	F44G3.7	21.812	4.55258836402819	0	FALSE
PRG1	F44G4.1	19.142	6.06564464955666	0	FALSE
PRG1	F44G4.2	26.226	12.5342402074578	0	FALSE
PRG1	F44G4.3	5.096	3.78631811074509	0	FALSE
PRG1	F44G4.5	16.626	4.47307521501135	0	FALSE
PRG1	F44G4.6	24.95	5.02410844788622	0	FALSE
PRG1	F44G4.7	18.378	15.6658749813497	0	FALSE
PRG1	F45B8.5	4.246	4.29324013634406	2	FALSE
PRG1	F45C12.17	28.324	2.21662744883813	0	FALSE
PRG1	F45D11.11	26.136	10.0987489469044	0	FALSE
PRG1	F45D11.14	26.792	2.87827894196278	0	FALSE
PRG1	F45D11.15	25.81	6.49981579189294	0	FALSE
PRG1	F45D11.5	20.002	24.7954135143096	0	FALSE
PRG1	F45D11.7	28.466	3.44795109791284	0	FALSE
PRG1	F45D3.1	16.476	4.32052502572214	0	FALSE
PRG1	F45D3.2	22.726	10.762430644936	0	FALSE
PRG1	F45D3.3	17.592	3.75824529538779	0	FALSE
PRG1	F45D3.4	21.696	3.89460440800848	0	FALSE
PRG1	F45E1.1	18.668	7.15718095658375	0	FALSE
PRG1	F45E1.2	20.346	9.44158125816901	0	FALSE
PRG1	F45E1.4	28.14	4.45215629377848	0	FALSE
PRG1	F45E1.5	16.478	13.4409939879438	0	FALSE
PRG1	F45E10.2	16.686	1.12167703786138	0	FALSE
PRG1	F45E12.5	24.628	7.06678576475136	0	FALSE
PRG1	F45E12.6	13.82	1.97832461859513	0	FALSE
PRG1	F45E4.5	14.872	4.23331915385912	0	FALSE
PRG1	F45E4.6	14.872	39.6626171053831	0	FALSE
PRG1	F45E6.1	13.806	25.7217505853104	0	FALSE
PRG1	F45F2.10	25.46	4.91146863861404	0	FALSE
PRG1	F45F2.11	11.662	3.87598781314125	0	FALSE
PRG1	F45F2.9	28.436	2.92419010982565	0	FALSE
PRG1	F45G2.10	21.57	5.41011528704079	0	FALSE
PRG1	F45G2.7	25.874	11.4138331801626	0	FALSE
PRG1	F45G2.8	5.394	6.17327560645677	0	FALSE
PRG1	F45G2.9	27.058	2.08841771210959	0	FALSE
PRG1	F45H10.2	23.514	7.44180364520342	0	FALSE
PRG1	F45H10.5	19.014	20.1704494116762	0	FALSE
PRG1	F45H11.11	17.834	22.4964503146616	0	FALSE
PRG1	F45H11.8	18.148	18.3833668857708	0	FALSE
PRG1	F46A8.11	27.276	7.23950287381357	0	FALSE
PRG1	F46A8.3	18.27	7.09145027584533	0	FALSE
PRG1	F46A8.4	17.528	2.34931983574169	0	FALSE
PRG1	F46A8.5	16.938	2.29204591966956	0	FALSE
PRG1	F46A8.6	19.094	5.62152083201987	0	FALSE
PRG1	F46A8.7	12.012	9.27657735931949	0	FALSE
PRG1	F46A8.8	16.67	1.58202363458196	0	FALSE
PRG1	F46A9.1	11.644	2.49691200673717	0	FALSE
PRG1	F46A9.2	20.064	4.1000598434617	0	FALSE
PRG1	F46B3.1	20.066	12.052301256109	0	FALSE
PRG1	F46B3.14	22.166	13.8044325585012	0	FALSE
PRG1	F46B3.15	23.65	21.6543127519077	0	FALSE
PRG1	F46B3.16	24.662	8.36514621929615	0	FALSE
PRG1	F46B3.23	14.93	5.80289179297802	0	FALSE
PRG1	F46B3.7	20.846	23.8650100690538	0	FALSE
PRG1	F46B3.8	24.718	11.2485526129817	0	FALSE
PRG1	F46B3.9	22.688	14.4225531992884	0	FALSE
PRG1	F46B6.10	21.016	14.8379601983212	0	FALSE
PRG1	F46B6.12	19.002	5.93023314410408	0	FALSE
PRG1	F46B6.13	18.004	7.5078522944273	0	FALSE
PRG1	F46B6.2	28.556	1.59126174612973	0	FALSE
PRG1	F46B6.4	18.48	1.81297246404231	0	FALSE
PRG1	F46B6.5	17.684	7.19215585526202	0	FALSE
PRG1	F46B6.6	28.708	1.37303195652856	0	FALSE
PRG1	F46B6.9	13.038	4.47109081395908	0	FALSE
PRG1	F46C3.2	20.606	1.84750426911766	0	FALSE
PRG1	F46C3.6	23.42	3.96809442355015	0	FALSE
PRG1	F46C3.7	2.758	2.45111584933366	2	FALSE
PRG1	F46C5.1	25.748	4.728145772668	0	FALSE
PRG1	F46C5.10	24.856	10.2406006629824	0	FALSE
PRG1	F46C5.2	25.51	3.67553896898438	0	FALSE
PRG1	F46C5.4	22.958	20.2143022044001	0	FALSE
PRG1	F46C5.6	21.858	2.7833053546789	0	FALSE
PRG1	F46C5.7	25.054	4.29417436233377	0	FALSE
PRG1	F46C5.9	27.498	7.19286983078276	0	FALSE
PRG1	F46C8.1	17.084	5.65342570943704	0	FALSE
PRG1	F46C8.3	19.714	6.7985815176044	0	FALSE
PRG1	F46C8.8	3.9	9.7030194504741	2	FALSE
PRG1	F46E10.18	21.856	2.52821530952923	0	FALSE
PRG1	F46E10.3	27.308	5.63493659180575	0	FALSE
PRG1	F46F11.1	18.114	6.88887132196179	1	TRUE
PRG1	F46F11.7	16.452	2.23223019216849	0	FALSE
PRG1	F46F11.8	10.684	2.00373852970261	0	FALSE
PRG1	F46F2.3	21.67	6.15786793713453	0	FALSE
PRG1	F46F2.5	2.848	3.62695547994852	2	FALSE
PRG1	F46F3.3	7.004	6.8573897502351	0	FALSE
PRG1	F46F5.1	26.178	4.1319987302428	0	FALSE
PRG1	F46F5.10	27.53	4.33307532392202	0	FALSE
PRG1	F46F5.11	25.572	3.45073831204442	0	FALSE
PRG1	F46F5.13	23.466	20.9572911428569	0	FALSE
PRG1	F46F5.14	27.802	5.12224182281918	0	FALSE
PRG1	F46F5.15	21.36	13.631235228743	0	FALSE
PRG1	F46F5.16	25.034	12.04011249755	0	FALSE
PRG1	F46F5.5	20.392	13.950812732499	0	FALSE
PRG1	F46F5.7	23.436	9.18773296617492	0	FALSE
PRG1	F46F5.8	13.356	5.81833754508958	0	FALSE
PRG1	F46G10.1	24.486	7.92923916405044	0	FALSE
PRG1	F46G10.2	17.686	9.2804185380343	0	FALSE
PRG1	F46G10.4	25.298	10.953063439886	0	FALSE
PRG1	F46G11.2	17.278	16.3641412708661	0	FALSE
PRG1	F46G11.4	18.394	17.5891514238975	0	FALSE
PRG1	F46G11.6	8.88	5.55409698002599	0	FALSE
PRG1	F46H5.11	26.544	10.9561176843216	0	FALSE
PRG1	F46H5.2	5.568	3.18855474442129	0	FALSE
PRG1	F46H5.3	24.884	8.60476586693964	0	FALSE
PRG1	F46H5.4	21.762	29.3850061874131	0	FALSE
PRG1	F46H5.5	25.2	8.23950388605005	0	FALSE
PRG1	F46H5.7	24.236	5.71196498552545	0	FALSE
PRG1	F46H6.5	12.448	3.21657937178463	0	FALSE
PRG1	F47B10.3	22.234	8.65850123397757	0	FALSE
PRG1	F47B10.4	19.044	10.112131892629	0	FALSE
PRG1	F47B10.5	24.64	11.4993633730816	0	FALSE
PRG1	F47B10.6	13.794	5.0864628197961	0	FALSE
PRG1	F47B10.8	24.8	7.49219156477517	0	FALSE
PRG1	F47B10.9	23.666	14.5832818088869	0	FALSE
PRG1	F47B3.1	26.796	14.9186325498789	0	FALSE
PRG1	F47B3.2	23.436	20.8958883841193	0	FALSE
PRG1	F47B3.3	13.16	1.7286190222002	0	FALSE
PRG1	F47B3.4	19.014	2.65309828253713	0	FALSE
PRG1	F47B3.5	21.138	8.71096080049458	0	FALSE
PRG1	F47B3.7	25.156	10.0409123933788	0	FALSE
PRG1	F47B7.2	24.95	4.51973786955797	0	FALSE
PRG1	F47B7.3	21.09	4.68517897350682	0	FALSE
PRG1	F47B7.4	21.95	11.9295656918347	0	FALSE
PRG1	F47B7.5	23.198	14.2160997297345	0	FALSE
PRG1	F47B8.1	25.396	3.92279455227489	0	FALSE
PRG1	F47B8.10	29.958	1.34069901475707	0	FALSE
PRG1	F47B8.13	17.322	17.2186794476874	0	FALSE
PRG1	F47B8.14	18.944	6.6940490747467	0	FALSE
PRG1	F47B8.18	21.558	6.35489865039029	0	FALSE
PRG1	F47B8.2	9.886	4.17285845513172	0	FALSE
PRG1	F47B8.3	22.87	9.30031232689984	0	FALSE
PRG1	F47B8.4	22.608	3.15359889119171	0	FALSE
PRG1	F47B8.5	25.528	12.8759986706397	0	FALSE
PRG1	F47B8.8	28.492	1.44143806572559	0	FALSE
PRG1	F47C12.13	12.594	21.2322645596305	0	FALSE
PRG1	F47C12.6	25.34	10.8996603465287	0	FALSE
PRG1	F47C12.7	24.502	12.4525256221711	0	FALSE
PRG1	F47C12.8	26.516	1.72753072384601	0	FALSE
PRG1	F47D12.3	27.546	1.59868888526433	0	FALSE
PRG1	F47D12.6	20.618	24.798435461665	0	FALSE
PRG1	F47D12.7	28.204	1.80383413121246	0	FALSE
PRG1	F47D12.9	27.372	4.33616509242176	0	FALSE
PRG1	F47D2.11	24.694	9.49036496663863	0	FALSE
PRG1	F47E1.1	13.588	3.04301727376439	0	FALSE
PRG1	F47E1.2	28.096	1.51749949533742	0	FALSE
PRG1	F47E1.20	17.75	33.3987350193489	0	FALSE
PRG1	F47E1.4	24.8	5.27871710914862	0	FALSE
PRG1	F47F2.1	19.376	9.51027023585869	0	FALSE
PRG1	F47F2.3	3.188	2.72013593333486	2	FALSE
PRG1	F47G3.1	28.606	0.768910510934274	0	FALSE
PRG1	F47G3.3	19.044	43.8382774246307	0	FALSE
PRG1	F47G3.4	25.67	5.09385745584246	0	FALSE
PRG1	F47G4.14	19.126	3.01230610188527	0	FALSE
PRG1	F47G4.4	25.234	13.0956724982481	0	FALSE
PRG1	F47G4.5	23.478	8.38561091241041	0	FALSE
PRG1	F47G6.3	16.752	12.5014737424752	0	FALSE
PRG1	F47G9.4	22.658	12.0838112941115	0	FALSE
PRG1	F47G9.6	24.214	6.99582354347133	0	FALSE
PRG1	F47H4.2	28.464	1.65132066403216	0	FALSE
PRG1	F48A11.4	20.398	14.660078704956	0	FALSE
PRG1	F48A9.2	20.136	8.42084242280779	0	FALSE
PRG1	F48B9.3	21.124	2.96668120340576	0	FALSE
PRG1	F48B9.8	24.38	5.89457657839408	0	FALSE
PRG1	F48C1.11	15.06	26.7346543144427	0	FALSE
PRG1	F48C1.3	22.704	14.9091402234514	0	FALSE
PRG1	F48C1.5	21.182	6.3172590788022	0	FALSE
PRG1	F48C1.6	7.25	4.81969798887066	0	FALSE
PRG1	F48C1.8	9.338	6.62717605129533	0	FALSE
PRG1	F48C1.9	16.028	6.47113381688187	0	FALSE
PRG1	F48C5.2	12.008	1.97545789863046	0	FALSE
PRG1	F48D6.4	21.902	6.65662254127287	0	FALSE
PRG1	F48E3.2	27.334	10.8456644814	0	FALSE
PRG1	F48E3.6	15.13	4.98515927908343	0	FALSE
PRG1	F48E3.9	25.848	3.44585704715707	0	FALSE
PRG1	F48E8.2	15.934	13.4669794861393	0	FALSE
PRG1	F48E8.3	28.248	3.85716975000013	0	FALSE
PRG1	F48E8.4	27.702	5.01375223554026	0	FALSE
PRG1	F48E8.8	18.192	4.41321003337245	0	FALSE
PRG1	F48F5.6	16.114	3.45094033727857	0	FALSE
PRG1	F48F5.8	20.734	14.3647818195726	0	FALSE
PRG1	F48F7.3	21.82	12.6923761907665	0	FALSE
PRG1	F48F7.5	23.616	7.4109925082309	0	FALSE
PRG1	F48F7.6	27.946	1.40209348155301	0	FALSE
PRG1	F48G7.10	25.388	6.56772556210371	0	FALSE
PRG1	F48G7.12	27.728	6.36075144149328	0	FALSE
PRG1	F48G7.13	29.124	1.67976120984852	0	FALSE
PRG1	F48G7.4	26.076	13.0508334065211	0	FALSE
PRG1	F48G7.5	21.114	12.1189477981718	0	FALSE
PRG1	F48G7.7	14.906	41.4281752257239	0	FALSE
PRG1	F48G7.8	24.858	4.74622971494495	0	FALSE
PRG1	F48G7.9	25.914	2.65251140784934	0	FALSE
PRG1	F49A5.10	25.366	3.4377764556804	0	FALSE
PRG1	F49B2.3	19.576	30.7016783999744	0	FALSE
PRG1	F49B2.6	16.586	56.6536563367942	0	FALSE
PRG1	F49B2.7	22.016	19.5963846394952	0	FALSE
PRG1	F49B2.9	22.25	3.0949294922583	0	FALSE
PRG1	F49C12.1	27.424	5.88030880728037	0	FALSE
PRG1	F49C12.11	22.698	2.25775236992695	0	FALSE
PRG1	F49C12.12	21.996	17.5829326012781	0	FALSE
PRG1	F49C12.15	18.374	6.97970381399022	0	FALSE
PRG1	F49C12.2	24.766	18.5924640509762	0	FALSE
PRG1	F49C12.3	22.936	19.6990657918321	0	FALSE
PRG1	F49C12.4	10.842	7.29359689092046	0	FALSE
PRG1	F49C12.5	24.634	1.37020046826056	0	FALSE
PRG1	F49C12.6	25.498	2.24857277127191	0	FALSE
PRG1	F49C12.7	27.208	4.17058750689823	0	FALSE
PRG1	F49C12.9	16.598	39.5435481589518	0	FALSE
PRG1	F49C5.10	3.898	8.23215467014861	2	FALSE
PRG1	F49C5.11	16.268	19.1921190197038	0	FALSE
PRG1	F49C5.12	26.266	8.23358202577779	0	FALSE
PRG1	F49C5.16	14.85	5.90369260452625	0	FALSE
PRG1	F49C5.3	20.33	2.34768314093099	0	FALSE
PRG1	F49C5.5	17.05	25.2780820654616	0	FALSE
PRG1	F49C5.7	18.556	6.63532763493369	0	FALSE
PRG1	F49C5.9	18.872	15.364369225796	0	FALSE
PRG1	F49D11.10	28.216	6.49146991438574	0	FALSE
PRG1	F49D11.11	8.878	7.62135585019739	0	FALSE
PRG1	F49D11.14	14.658	4.38573334452468	0	FALSE
PRG1	F49D11.2	26.84	7.94159938702546	0	FALSE
PRG1	F49D11.3	28.034	1.75488851373716	0	FALSE
PRG1	F49D11.4	27.192	6.94830647739966	0	FALSE
PRG1	F49D11.6	28.294	3.08394328841313	0	FALSE
PRG1	F49D11.7	16.724	4.45790524216085	0	FALSE
PRG1	F49E10.2	22.426	23.8708113826182	0	FALSE
PRG1	F49E10.4	18.886	10.9070750408616	0	FALSE
PRG1	F49E11.2	2.404	3.59762867062223	2	FALSE
PRG1	F49E11.7	18.696	20.0279910217899	0	FALSE
PRG1	F49E12.10	19.546	44.3258605842798	0	FALSE
PRG1	F49E12.12	25.368	9.11037045370817	0	FALSE
PRG1	F49E12.7	7.376	5.93176710975072	0	FALSE
PRG1	F49E12.8	17.37	2.94483218557493	0	FALSE
PRG1	F49E2.2	3.97	8.54754634808925	2	FALSE
PRG1	F49E2.5	19.434	14.2541412753072	0	FALSE
PRG1	F49E8.6	21.566	10.9028280329572	0	FALSE
PRG1	F49E8.7	24.788	4.11473609633628	0	FALSE
PRG1	F49E8.8	29.19	2.24764263271722	0	FALSE
PRG1	F49F1.10	23.948	10.6209104146568	0	FALSE
PRG1	F49F1.11	17.922	3.08892604945397	0	FALSE
PRG1	F49F1.12	21.104	4.02022345550358	0	FALSE
PRG1	F49F1.14	27.678	1.75469504027065	0	FALSE
PRG1	F49F1.15	20.75	5.66956767994323	0	FALSE
PRG1	F49F1.17	12.408	1.23468098572035	0	FALSE
PRG1	F49F1.18	19.686	4.51721079832796	0	FALSE
PRG1	F49F1.2	19.19	7.4660871606793	0	FALSE
PRG1	F49F1.4	20.916	5.45598983185642	0	FALSE
PRG1	F49F1.5	1.704	6.92637447127726	2	FALSE
PRG1	F49F1.7	23.746	3.83368183287567	0	FALSE
PRG1	F49F1.9	13.88	25.1672539746421	0	FALSE
PRG1	F49H12.2	18.634	19.1583620668783	0	FALSE
PRG1	F49H12.3	22.882	12.8211989824749	0	FALSE
PRG1	F49H12.4	19.864	4.88872995102358	0	FALSE
PRG1	F49H12.7	26.72	6.41123509687397	0	FALSE
PRG1	F49H6.12	12.65	3.20572610213306	0	FALSE
PRG1	F49H6.15	22.174	5.07592418210859	0	FALSE
PRG1	F49H6.17	11.27	6.00625306149794	0	FALSE
PRG1	F49H6.5	26.742	8.20882455676599	0	FALSE
PRG1	F49H6.8	14.47	3.00125096760311	0	FALSE
PRG1	F52A8.1	25.852	8.30078672206376	0	FALSE
PRG1	F52A8.3	16.302	7.16173407334139	0	FALSE
PRG1	F52B10.3	21.182	8.29856767787606	0	FALSE
PRG1	F52B11.2	28.224	4.66050904822748	0	FALSE
PRG1	F52B11.5	15.94	28.4968302563624	0	FALSE
PRG1	F52B5.2	25.564	10.3318220450437	0	FALSE
PRG1	F52B5.7	25.322	11.5577969271339	0	FALSE
PRG1	F52C12.1	29.428	2.08817430076077	0	FALSE
PRG1	F52C12.2	13.408	9.06311988196147	0	FALSE
PRG1	F52C12.6	23.942	14.9771782860776	0	FALSE
PRG1	F52C6.2	22.844	12.0642734492306	0	FALSE
PRG1	F52C6.3	22.282	14.2190617431739	0	FALSE
PRG1	F52C6.4	21.84	11.8283951710131	0	FALSE
PRG1	F52C9.3	28.498	3.97940298770555	0	FALSE
PRG1	F52C9.5	23.008	6.11406094674093	0	FALSE
PRG1	F52C9.6	24.566	13.6390908346179	0	FALSE
PRG1	F52D1.2	12.068	4.45210629442858	0	FALSE
PRG1	F52D10.2	19.678	7.17107259749937	0	FALSE
PRG1	F52D10.4	13.77	3.26272474426075	0	FALSE
PRG1	F52D2.12	16.588	13.0876062965933	0	FALSE
PRG1	F52D2.5	19.626	11.8922501149292	0	FALSE
PRG1	F52D2.6	23.05	14.7412245675801	0	FALSE
PRG1	F52D2.7	21.192	10.6822595415018	0	FALSE
PRG1	F52E1.14	19.52	23.1824987263016	0	FALSE
PRG1	F52E1.2	20.386	4.21253093955039	0	FALSE
PRG1	F52E1.3	21.004	3.96488519294697	0	FALSE
PRG1	F52E1.5	13.032	35.2561425963631	0	FALSE
PRG1	F52E1.9	10.504	54.9873840966627	0	FALSE
PRG1	F52E10.2	26.49	5.31579773889596	0	FALSE
PRG1	F52E10.4	8.676	1.33572933202565	0	FALSE
PRG1	F52E4.5	26.498	5.80853599151427	0	FALSE
PRG1	F52F10.2	29.114	1.44558683236557	0	FALSE
PRG1	F52F12.8	25.284	4.31760745009053	0	FALSE
PRG1	F52F12.9	10.508	3.29553361447003	0	FALSE
PRG1	F52G2.3	25.712	14.331272749388	0	FALSE
PRG1	F52G3.1	12.51	7.36627084476948	0	FALSE
PRG1	F52G3.5	21.932	14.6975377315848	0	FALSE
PRG1	F52G3.8	19.32	14.9274859795331	0	FALSE
PRG1	F52H2.1	22.42	14.4696803798946	0	FALSE
PRG1	F52H2.15	22.37	3.13413620336414	0	FALSE
PRG1	F52H2.3	17.132	8.6245354512752	0	FALSE
PRG1	F52H2.4	27.252	3.8170627366666	0	FALSE
PRG1	F52H2.5	6.652	2.2932212162602	0	FALSE
PRG1	F52H2.6	24.994	9.78824106362634	0	FALSE
PRG1	F52H3.11	17.152	6.12858869192954	0	FALSE
PRG1	F52H3.6	27.184	9.04011234595695	0	FALSE
PRG1	F53A10.2	12.316	3.97466850625925	0	FALSE
PRG1	F53A2.1	25.848	12.5232729837024	0	FALSE
PRG1	F53A2.11	26.796	3.63516589130259	0	FALSE
PRG1	F53A2.3	24.072	6.10522440223622	0	FALSE
PRG1	F53A2.9	20.14	35.4056490656513	0	FALSE
PRG1	F53A3.1	28.748	2.54245008490563	0	FALSE
PRG1	F53A3.7	23.948	14.7757569276772	0	FALSE
PRG1	F53A9.1	16.698	7.70855911935526	0	FALSE
PRG1	F53A9.3	25.62	5.95912774623939	0	FALSE
PRG1	F53A9.6	16.398	4.844104164301	0	FALSE
PRG1	F53A9.7	16.538	7.41358523499106	0	FALSE
PRG1	F53A9.8	10.528	4.52121673097707	0	FALSE
PRG1	F53A9.9	15.95	14.2244466576167	0	FALSE
PRG1	F53B1.2	18.128	23.2562606067367	0	FALSE
PRG1	F53B1.3	11.562	3.22366142404748	0	FALSE
PRG1	F53B1.8	26.876	12.0712773429728	0	FALSE
PRG1	F53B1.9	13.238	32.5526787491998	0	FALSE
PRG1	F53B2.5	21.942	3.36981663628223	0	FALSE
PRG1	F53B2.8	19.71	1.94291772083883	0	FALSE
PRG1	F53B3.3	24.466	3.33417366477829	0	FALSE
PRG1	F53B3.5	14.03	8.58600229099245	0	FALSE
PRG1	F53B3.6	14.394	26.0595886853907	0	FALSE
PRG1	F53B6.13	17.502	2.10452569695106	0	FALSE
PRG1	F53B6.4	19.664	2.7959721502397	0	FALSE
PRG1	F53B6.5	25.144	3.94490635431473	0	FALSE
PRG1	F53B6.7	10.608	4.16992852947215	0	FALSE
PRG1	F53B7.4	16.8	6.06617419695109	0	FALSE
PRG1	F53B7.7	14.152	6.10217466725939	0	FALSE
PRG1	F53C11.1	27.644	5.80202157937554	0	FALSE
PRG1	F53C11.3	28.716	1.10797681784995	1	TRUE
PRG1	F53C11.4	4.364	22.5385012603555	0	FALSE
PRG1	F53C11.5	12.146	26.0545210020801	0	FALSE
PRG1	F53C3.1	27.294	7.41338028942061	0	FALSE
PRG1	F53C3.11	19.402	2.56216708317427	0	FALSE
PRG1	F53C3.3	26.484	7.42447724331499	0	FALSE
PRG1	F53C3.4	24.376	8.12365527466869	0	FALSE
PRG1	F53C3.6	21.7	2.01003027535155	0	FALSE
PRG1	F53C3.7	10.79	39.5587003620292	0	FALSE
PRG1	F53C3.8	22.4	14.9323517086566	0	FALSE
PRG1	F53E10.1	23.564	13.9416645895299	0	FALSE
PRG1	F53E10.5	17.392	5.78408001543384	0	FALSE
PRG1	F53E10.6	12.662	23.0632508548581	0	FALSE
PRG1	F53E4.1	21.524	14.9588036990212	0	FALSE
PRG1	F53E4.2	18.746	8.56108697711007	0	FALSE
PRG1	F53F1.2	22.37	15.6323780422996	0	FALSE
PRG1	F53F1.3	28.55	3.81730100776001	0	FALSE
PRG1	F53F1.4	15.742	15.2557880552509	0	FALSE
PRG1	F53F1.6	26.578	7.36767355597423	0	FALSE
PRG1	F53F10.1	18.924	12.3631953011555	0	FALSE
PRG1	F53F10.8	24.452	12.7074293432053	0	FALSE
PRG1	F53F4.1	16.266	7.94905110491011	0	FALSE
PRG1	F53F4.10	11.45	22.8050471190133	0	FALSE
PRG1	F53F4.11	17.442	26.1812127440768	0	FALSE
PRG1	F53F4.12	9.758	4.23305737576134	0	FALSE
PRG1	F53F4.15	17.108	5.16589693266888	0	FALSE
PRG1	F53F4.16	24.79	3.10071673464759	0	FALSE
PRG1	F53F4.17	5.074	1.94404340491253	0	FALSE
PRG1	F53F4.18	9.59	1.94941804961834	0	FALSE
PRG1	F53F4.2	21.056	12.20363433086	0	FALSE
PRG1	F53F4.4	14.856	16.1374516674734	0	FALSE
PRG1	F53F4.7	26.488	9.84141138983553	0	FALSE
PRG1	F53F8.3	24.634	4.62878281070346	0	FALSE
PRG1	F53F8.4	22.188	9.60218495228475	0	FALSE
PRG1	F53F8.5	16.224	3.42809685077255	0	FALSE
PRG1	F53F8.6	8.792	11.1416792433993	0	FALSE
PRG1	F53F8.7	13.706	4.79591364549032	0	FALSE
PRG1	F53G12.18	22.748	4.84501216087062	0	FALSE
PRG1	F53G12.4	10.944	25.3270453145653	0	FALSE
PRG1	F53G12.8	20.38	5.54139395559818	0	FALSE
PRG1	F53G12.9	14.342	1.6138051795814	0	FALSE
PRG1	F53G2.1	12.982	2.92783927055555	0	FALSE
PRG1	F53G2.12	23.506	2.77808252971367	0	FALSE
PRG1	F53G2.13	9.556	97.3704567268575	0	FALSE
PRG1	F53G2.2	27.628	5.46812987003763	0	FALSE
PRG1	F53G2.3	18.214	27.9099887535116	0	FALSE
PRG1	F53H1.3	26.37	8.86090820124543	0	FALSE
PRG1	F53H1.4	25.016	13.9263259365811	0	FALSE
PRG1	F53H2.1	11.024	4.3534749437057	0	FALSE
PRG1	F53H2.3	19.212	9.24040275465992	0	FALSE
PRG1	F53H4.2	20.37	12.0728408775843	0	FALSE
PRG1	F53H4.3	21.732	3.87394068754721	0	FALSE
PRG1	F53H4.4	22.804	17.4280383865793	0	FALSE
PRG1	F53H4.6	26.068	6.96947267002385	0	FALSE
PRG1	F53H8.3	18.666	29.4952898040254	0	FALSE
PRG1	F54A3.2	27.868	11.0191819358435	0	FALSE
PRG1	F54A3.5	23.084	0.784320215647664	0	FALSE
PRG1	F54A3.6	16.158	11.012859156977	0	FALSE
PRG1	F54B11.10	26.422	1.85014601048253	0	FALSE
PRG1	F54B11.11	27.848	3.07735952436943	0	FALSE
PRG1	F54B11.5	15.536	43.1098517361027	0	FALSE
PRG1	F54B11.7	13.596	17.1135120807695	0	FALSE
PRG1	F54B11.8	24.464	8.21293037950927	0	FALSE
PRG1	F54B11.9	22.57	4.73479840758265	0	FALSE
PRG1	F54B3.2	19.214	7.13283833190035	0	FALSE
PRG1	F54B3.4	22.078	5.89521349524294	0	FALSE
PRG1	F54B8.1	18.162	24.8071003729078	0	FALSE
PRG1	F54B8.4	23.116	5.36970693516805	0	FALSE
PRG1	F54C1.1	26.73	5.79752108410275	0	FALSE
PRG1	F54C1.6	22.134	3.03620775873732	0	FALSE
PRG1	F54C1.8	15.42	4.02702326751233	0	FALSE
PRG1	F54C4.4	14.894	5.65314764156154	0	FALSE
PRG1	F54C8.1	7.148	1.80084655904097	0	FALSE
PRG1	F54C8.4	20.89	14.1842489410009	0	FALSE
PRG1	F54C8.6	18.71	21.2023707873987	0	FALSE
PRG1	F54C8.7	13.732	23.413310960194	0	FALSE
PRG1	F54C9.14	19.672	6.03856100124387	0	FALSE
PRG1	F54C9.3	20.058	16.7404891826765	0	FALSE
PRG1	F54C9.7	16.854	2.67051667326138	0	FALSE
PRG1	F54C9.9	23.592	28.6169725668782	0	FALSE
PRG1	F54D1.1	7.082	1.0725856546079	0	FALSE
PRG1	F54D1.6	24.122	16.9291887015418	0	FALSE
PRG1	F54D10.10	18.19	34.3313353191944	0	FALSE
PRG1	F54D10.4	21.024	4.47798234281515	0	FALSE
PRG1	F54D10.5	17.642	7.69504768017076	0	FALSE
PRG1	F54D10.7	24.242	21.3682999786472	0	FALSE
PRG1	F54D10.8	24.416	2.50868032211774	0	FALSE
PRG1	F54D10.9	22.72	14.7878809069089	0	FALSE
PRG1	F54D11.4	15.94	3.29315286429626	0	FALSE
PRG1	F54D12.1	24.804	4.55657301009691	0	FALSE
PRG1	F54D12.10	5.338	4.70657437165746	0	FALSE
PRG1	F54D12.2	27.822	3.21636665430247	0	FALSE
PRG1	F54D12.7	24.212	10.8747971535377	0	FALSE
PRG1	F54D12.8	23.878	13.7422829829338	0	FALSE
PRG1	F54D12.9	12.582	7.01945167167815	0	FALSE
PRG1	F54D5.15	20.178	8.58553139335988	0	FALSE
PRG1	F54D5.17	17.626	6.41820956846689	0	FALSE
PRG1	F54D5.2	28.166	5.915970642925	0	FALSE
PRG1	F54D5.23	19.454	4.51393070803789	0	FALSE
PRG1	F54D5.24	21.502	20.2117008912259	0	FALSE
PRG1	F54D5.3	20.768	9.25435442997811	0	FALSE
PRG1	F54D5.4	21.97	3.1939562663357	0	FALSE
PRG1	F54D5.5	16.162	5.81387345783913	0	FALSE
PRG1	F54D5.7	28.896	3.32834581091662	0	FALSE
PRG1	F54D5.9	26.866	3.1630399950465	0	FALSE
PRG1	F54D8.10	15.312	13.5564112655974	0	FALSE
PRG1	F54D8.6	19.186	12.3077894415998	0	FALSE
PRG1	F54E12.2	10.424	1.09084955734457	0	FALSE
PRG1	F54E2.1	22.702	1.99449979153124	0	FALSE
PRG1	F54E2.2	20.974	8.0251283635766	0	FALSE
PRG1	F54E2.5	16.668	1.06852108763586	0	FALSE
PRG1	F54E2.9	22.772	17.4388443265828	0	FALSE
PRG1	F54E4.2	4.558	6.38207920406915	2	FALSE
PRG1	F54E4.3	23.458	5.07033424802938	0	FALSE
PRG1	F54E4.4	12.404	8.62391358545707	0	FALSE
PRG1	F54E7.6	22.242	18.3811685830139	0	FALSE
PRG1	F54E7.9	16.964	5.2109484437357	0	FALSE
PRG1	F54F11.1	25.202	11.7013641337886	0	FALSE
PRG1	F54F12.1	22.668	13.6586997791338	0	FALSE
PRG1	F54F12.2	25.074	7.18487459605591	0	FALSE
PRG1	F54F2.14	20.672	16.5851357135903	0	FALSE
PRG1	F54F2.6	15.02	2.30680640999606	0	FALSE
PRG1	F54F2.7	5.022	6.86962870464128	0	FALSE
PRG1	F54F2.9	19.806	4.97876048608306	0	FALSE
PRG1	F54F7.10	24.912	5.25079778342612	0	FALSE
PRG1	F54F7.14	25.896	3.56687300306464	0	FALSE
PRG1	F54F7.2	25.894	6.93818845429175	0	FALSE
PRG1	F54F7.3	24.026	9.45334955409168	0	FALSE
PRG1	F54F7.6	17.168	21.9444442894533	0	FALSE
PRG1	F54F7.8	22.288	0.817765369032615	0	FALSE
PRG1	F54F7.9	28.172	3.92401231560084	0	FALSE
PRG1	F54G2.1	25.998	9.0926605768137	0	FALSE
PRG1	F54H12.10	24.168	11.8977626155724	0	FALSE
PRG1	F54H12.2	28.432	2.44656601024043	0	FALSE
PRG1	F54H12.3	19.218	9.11209528070569	0	FALSE
PRG1	F54H12.4	12.722	28.8160780626161	0	FALSE
PRG1	F54H12.5	27.242	8.36308374735153	0	FALSE
PRG1	F54H12.7	18.446	10.7866529786101	0	FALSE
PRG1	F54H12.8	14.276	2.53268449305232	0	FALSE
PRG1	F54H5.14	6.118	5.57704726127481	0	FALSE
PRG1	F54H5.2	26.004	9.15028076263128	0	FALSE
PRG1	F54H5.3	25.308	5.14957175893304	0	FALSE
PRG1	F54H5.5	10.434	1.76539176917869	0	FALSE
PRG1	F55A11.1	21.206	2.82871978027372	0	FALSE
PRG1	F55A11.11	25.488	21.0820568266807	0	FALSE
PRG1	F55A11.4	20.856	6.20156609024524	0	FALSE
PRG1	F55A11.6	21.038	12.9719648086234	0	FALSE
PRG1	F55A11.7	12.458	4.55575665934835	0	FALSE
PRG1	F55A11.8	11.812	33.8047337579276	0	FALSE
PRG1	F55A12.18	11.57	1.81400966826408	0	FALSE
PRG1	F55A12.2	15.672	3.38706049126715	0	FALSE
PRG1	F55A12.5	24.312	5.14851445658992	0	FALSE
PRG1	F55A12.6	9.608	7.56260867630691	0	FALSE
PRG1	F55A3.2	25.672	3.6885579912142	0	FALSE
PRG1	F55A3.6	26.2	7.08274987856531	0	FALSE
PRG1	F55A4.13	16.34	10.4712880939736	0	FALSE
PRG1	F55A4.3	11.926	23.0039594566157	0	FALSE
PRG1	F55A4.7	20.268	13.1339357639624	0	FALSE
PRG1	F55B11.2	20.848	21.8331043337684	0	FALSE
PRG1	F55B11.3	19.63	11.5811438769739	0	FALSE
PRG1	F55B11.4	25.388	6.00095413117606	0	FALSE
PRG1	F55B11.5	21.874	3.91544143491925	0	FALSE
PRG1	F55B11.6	21.896	6.09675599095386	0	FALSE
PRG1	F55B11.7	24.466	8.71179086160976	0	FALSE
PRG1	F55B12.10	22.798	4.86256093565415	0	FALSE
PRG1	F55B12.2	26.586	1.65940307641564	0	FALSE
PRG1	F55C10.4	24.286	6.97951792018938	0	FALSE
PRG1	F55C10.5	25.236	4.15615385156253	0	FALSE
PRG1	F55C12.19	22.248	16.2580642644913	0	FALSE
PRG1	F55C12.2	11.438	2.47314273128384	0	FALSE
PRG1	F55C12.4	22.78	8.12821514395482	0	FALSE
PRG1	F55C12.6	27.186	10.6463886200659	0	FALSE
PRG1	F55C5.10	14.072	4.37208492503388	0	FALSE
PRG1	F55C5.17	22.028	9.91352532900382	0	FALSE
PRG1	F55C7.2	19.454	7.66104218357125	0	FALSE
PRG1	F55C9.11	21.576	14.1354920646996	0	FALSE
PRG1	F55C9.14	17.806	4.10350962912391	0	FALSE
PRG1	F55C9.15	20.248	12.6275588359938	0	FALSE
PRG1	F55C9.3	21.398	2.31516417061185	0	FALSE
PRG1	F55C9.5	19.706	4.93354147144478	0	FALSE
PRG1	F55C9.6	26.342	4.09344374145107	0	FALSE
PRG1	F55D1.1	19.354	2.8424003778221	0	FALSE
PRG1	F55D10.4	26.224	1.20484616412919	0	FALSE
PRG1	F55D12.1	7.278	4.67403716426387	0	FALSE
PRG1	F55D12.2	27.87	3.98560462352958	0	FALSE
PRG1	F55D12.5	9.146	11.8159301112148	0	FALSE
PRG1	F55D12.6	23.88	9.17955042293103	0	FALSE
PRG1	F55E10.1	15.406	2.73800789355412	0	FALSE
PRG1	F55E10.2	15.162	3.32968283424316	0	FALSE
PRG1	F55E10.4	15.806	5.70923920845073	0	FALSE
PRG1	F55F1.2	19.274	32.2931465737828	0	FALSE
PRG1	F55F10.3	26.924	2.52106279940337	0	FALSE
PRG1	F55F3.4	23.374	18.3942602313694	0	FALSE
PRG1	F55F8.2	10.482	9.38516521450528	0	FALSE
PRG1	F55F8.3	30.022	0.674207161539166	0	FALSE
PRG1	F55F8.7	24.206	16.5986278621492	0	FALSE
PRG1	F55F8.8	18.848	27.6083449424398	0	FALSE
PRG1	F55G1.1	17.982	16.1692945894085	0	FALSE
PRG1	F55G1.15	27.42	3.53746982662915	0	FALSE
PRG1	F55G1.6	13.988	4.2192337091045	0	FALSE
PRG1	F55G1.7	26.302	2.80477789216701	0	FALSE
PRG1	F55G11.1	26.17	6.56935573378968	0	FALSE
PRG1	F55G11.10	27	8.98241690432328	0	FALSE
PRG1	F55G11.2	27.336	4.57247584924751	0	FALSE
PRG1	F55G11.4	28.026	3.1846903431468	0	FALSE
PRG1	F55G11.6	23.862	8.08814109447501	0	FALSE
PRG1	F55G11.7	18.738	1.93871680010906	0	FALSE
PRG1	F55G11.8	28.456	2.67939976933001	0	FALSE
PRG1	F55G7.1	14.27	17.5683265553017	0	FALSE
PRG1	F55G7.3	15.852	12.2209082262801	0	FALSE
PRG1	F55G7.4	18.122	4.98399661813846	0	FALSE
PRG1	F55G7.5	19.88	1.26256543239548	0	FALSE
PRG1	F55H12.2	18.338	2.53774032001599	0	FALSE
PRG1	F55H12.4	26.94	8.49059941536879	0	FALSE
PRG1	F55H12.7	15.332	30.0065574937733	0	FALSE
PRG1	F55H2.5	12.764	10.1955263559597	0	FALSE
PRG1	F55H2.7	19.054	15.4975436258891	0	FALSE
PRG1	F55H2.8	20.724	16.3947273734696	0	FALSE
PRG1	F56A11.4	21.452	10.2133286335907	0	FALSE
PRG1	F56A11.5	23.978	12.746404078073	0	FALSE
PRG1	F56A11.6	16.292	6.18908264375748	0	FALSE
PRG1	F56A4.10	17.03	2.6009670687434	0	FALSE
PRG1	F56A4.12	23.118	2.13854360754984	0	FALSE
PRG1	F56A4.3	26.1	9.50778461688503	0	FALSE
PRG1	F56A4.4	28.852	3.89912503566471	0	FALSE
PRG1	F56A6.5	26.344	3.69402772535161	0	FALSE
PRG1	F56A6.8	11.654	7.0303482799903	0	FALSE
PRG1	F56A8.3	4.584	3.37463448609986	2	FALSE
PRG1	F56A8.4	5.836	4.76803403063792	0	FALSE
PRG1	F56A8.5	24.906	10.1903836120527	0	FALSE
PRG1	F56A8.8	26.072	4.75137167576144	0	FALSE
PRG1	F56A8.9	28.124	3.37008505934206	0	FALSE
PRG1	F56B3.11	21.434	2.64364661295764	0	FALSE
PRG1	F56B3.2	24.364	6.26435327170885	0	FALSE
PRG1	F56B3.4	21.964	24.8726065912372	0	FALSE
PRG1	F56B3.6	27.734	19.3227010928419	0	FALSE
PRG1	F56B3.9	24.628	5.73938471162065	0	FALSE
PRG1	F56B6.6	27.78	2.95560251899544	0	FALSE
PRG1	F56C11.3	27.7	4.62573081835493	0	FALSE
PRG1	F56C11.5	18.142	27.0197896155972	0	FALSE
PRG1	F56C3.1	16.788	1.95092322905446	0	FALSE
PRG1	F56C3.10	26.104	3.58009507775821	0	FALSE
PRG1	F56C3.3	20.622	3.78569293049603	0	FALSE
PRG1	F56C3.4	13.078	2.88007602111477	0	FALSE
PRG1	F56C3.7	20.962	3.59367449052315	0	FALSE
PRG1	F56C3.8	23.54	6.38684226836118	0	FALSE
PRG1	F56C3.9	25.748	2.6069796167238	0	FALSE
PRG1	F56C4.1	25.574	14.9995753393259	0	FALSE
PRG1	F56C4.2	25.466	9.48945404231019	0	FALSE
PRG1	F56C4.4	27.286	4.22921792118415	0	FALSE
PRG1	F56C9.10	9.4	52.8488967246795	0	FALSE
PRG1	F56C9.3	26.146	4.11962258505189	0	FALSE
PRG1	F56C9.6	3.97	1.43598920037675	2	FALSE
PRG1	F56C9.8	18.416	6.76414286902226	0	FALSE
PRG1	F56D1.1	18.016	34.6587235231745	0	FALSE
PRG1	F56D2.2	17.324	11.3649570270281	0	FALSE
PRG1	F56D2.3	13.73	7.10394554997016	0	FALSE
PRG1	F56D2.5	25.324	2.53765281860249	0	FALSE
PRG1	F56D2.8	24.102	20.294740846161	0	FALSE
PRG1	F56D3.1	7.442	4.05061156501613	0	FALSE
PRG1	F56D5.2	19.966	34.6212562258555	0	FALSE
PRG1	F56D5.3	27.802	6.85815395417308	0	FALSE
PRG1	F56D5.5	17.55	2.74185997486828	0	FALSE
PRG1	F56D5.6	20.208	6.71729709965485	0	FALSE
PRG1	F56D5.9	27.41	2.85140071105268	0	FALSE
PRG1	F56D6.11	25.996	1.87123517902273	0	FALSE
PRG1	F56D6.12	26.688	4.13780034445892	0	FALSE
PRG1	F56D6.13	27.35	2.95166135878229	0	FALSE
PRG1	F56D6.14	22.336	1.99182147932447	0	FALSE
PRG1	F56D6.18	17.396	3.81386884515178	0	FALSE
PRG1	F56D6.19	14.46	8.52910482925118	0	FALSE
PRG1	F56D6.20	21.218	11.2213162901215	0	FALSE
PRG1	F56D6.21	25.882	14.4781507635514	0	FALSE
PRG1	F56D6.22	21.814	12.9437479828541	0	FALSE
PRG1	F56D6.23	19.224	4.74460033283314	0	FALSE
PRG1	F56D6.6	21.398	5.55452822593799	0	FALSE
PRG1	F56D6.8	17.102	8.68190530289337	0	FALSE
PRG1	F56D6.9	16.332	3.80446555608509	0	FALSE
PRG1	F56F10.1	21.88	3.58039336776671	0	FALSE
PRG1	F56F10.2	6.778	5.13777551005879	0	FALSE
PRG1	F56F11.1	17.402	14.5267089691228	0	FALSE
PRG1	F56F11.2	23.4	15.6936262317772	0	FALSE
PRG1	F56F11.4	27.328	6.36285702722927	0	FALSE
PRG1	F56F4.3	10.398	15.9637974659366	0	FALSE
PRG1	F56F4.4	21.036	8.43504312498144	0	FALSE
PRG1	F56F4.8	22.582	6.43205881436998	0	FALSE
PRG1	F56G4.6	28.876	1.78887623668609	0	FALSE
PRG1	F56G4.7	26.082	3.20452803152172	0	FALSE
PRG1	F56H1.10	24.582	5.34912558344175	0	FALSE
PRG1	F56H11.2	9.194	7.16564642608592	0	FALSE
PRG1	F56H6.1	27.666	6.22109281211954	0	FALSE
PRG1	F56H6.13	10.026	6.1470526298003	0	FALSE
PRG1	F56H6.2	21.946	19.6626128113199	0	FALSE
PRG1	F56H6.3	20.454	10.7280613161132	0	FALSE
PRG1	F56H6.4	19.176	0.920092603148486	0	FALSE
PRG1	F56H6.7	26.228	2.99782550648051	0	FALSE
PRG1	F56H6.9	23.77	8.53898497687977	0	FALSE
PRG1	F56H9.2	19.484	2.06212032336047	0	FALSE
PRG1	F56H9.6	19.076	12.3031063203369	0	FALSE
PRG1	F56H9.8	17.174	25.2177610934749	0	FALSE
PRG1	F57A10.2	26.89	7.20776957700435	0	FALSE
PRG1	F57A10.4	25.054	10.143741489604	0	FALSE
PRG1	F57A8.1	15.818	4.02433258266106	0	FALSE
PRG1	F57A8.6	25.59	5.39860416146674	0	FALSE
PRG1	F57B1.1	26.634	8.66501833141943	0	FALSE
PRG1	F57B1.5	23.73	5.21456664079495	0	FALSE
PRG1	F57B1.6	28.732	3.25457424565149	0	FALSE
PRG1	F57B1.9	27.28	6.05931874473487	0	FALSE
PRG1	F57B10.8	22.418	4.53078585615696	0	FALSE
PRG1	F57B7.2	20.192	14.9592223261402	0	FALSE
PRG1	F57B9.1	28.342	3.79770541734251	0	FALSE
PRG1	F57B9.3	26.758	9.06944623268774	0	FALSE
PRG1	F57B9.8	15.752	33.4115404047505	0	FALSE
PRG1	F57C12.2	21.034	4.80158479575995	0	FALSE
PRG1	F57C12.6	20.066	8.37612283227378	0	FALSE
PRG1	F57C2.4	20.208	2.59559989665883	0	FALSE
PRG1	F57C2.5	27.384	9.6613096643168	0	FALSE
PRG1	F57C7.4	28.662	4.69281244248702	0	FALSE
PRG1	F57C9.4	23.88	6.84478045482956	0	FALSE
PRG1	F57C9.6	25.292	3.54693080460554	0	FALSE
PRG1	F57E7.2	23.95	9.83867943234243	0	FALSE
PRG1	F57E7.4	26.824	6.50403828662521	0	FALSE
PRG1	F57F4.1	21.79	24.8663218291653	0	FALSE
PRG1	F57F4.2	19.614	24.9192985858173	0	FALSE
PRG1	F57F5.3	4.58	4.60331193063494	2	FALSE
PRG1	F57G12.1	21.212	5.4455310943658	0	FALSE
PRG1	F57G12.2	20.602	3.8672194186003	0	FALSE
PRG1	F57G4.1	26.082	13.667163906785	0	FALSE
PRG1	F57G4.10	25.244	8.4125786299248	0	FALSE
PRG1	F57G4.11	27.018	4.82528221758966	0	FALSE
PRG1	F57G8.7	25.476	7.53275252333773	0	FALSE
PRG1	F57G9.3	26.116	8.51783552345025	0	FALSE
PRG1	F57G9.7	18.03	20.0989336922467	0	FALSE
PRG1	F57H12.5	10.932	3.051331700726	0	FALSE
PRG1	F57H12.6	24.618	7.69959681889608	0	FALSE
PRG1	F58A3.3	9.508	1.53028124622354	0	FALSE
PRG1	F58A3.4	21.822	10.5606421900449	0	FALSE
PRG1	F58A4.1	21.164	2.27183809061989	0	FALSE
PRG1	F58A4.2	20.09	3.04163586211094	0	FALSE
PRG1	F58A4.6	22.966	3.1722829320426	0	FALSE
PRG1	F58A6.1	29.024	4.14902644787521	0	FALSE
PRG1	F58A6.2	24.304	6.16184457695431	0	FALSE
PRG1	F58A6.5	14.968	1.90634620645992	0	FALSE
PRG1	F58B3.4	15.834	10.6654403280252	0	FALSE
PRG1	F58B3.6	14.862	3.04180462221887	0	FALSE
PRG1	F58B4.2	27.578	2.6521735950797	0	FALSE
PRG1	F58B4.3	26.582	3.99832905454588	0	FALSE
PRG1	F58B4.5	28.666	3.34987791108315	0	FALSE
PRG1	F58B4.6	26.01	7.97336865829618	0	FALSE
PRG1	F58B4.7	21.18	4.14613535208995	0	FALSE
PRG1	F58B6.1	27.012	4.72592072160645	0	FALSE
PRG1	F58B6.11	18.488	3.32095860556308	0	FALSE
PRG1	F58D12.1	22.024	3.39834605544335	0	FALSE
PRG1	F58D12.3	26.85	10.6514435235632	0	FALSE
PRG1	F58D12.5	15.614	3.22414701627853	0	FALSE
PRG1	F58D2.2	18.386	2.07343478876663	0	FALSE
PRG1	F58D2.3	27.034	8.06347832611638	0	FALSE
PRG1	F58D2.4	11.766	2.21106408859549	0	FALSE
PRG1	F58D2.5	19.1	12.380676881977	0	FALSE
PRG1	F58D5.2	16.722	8.81127370490437	0	FALSE
PRG1	F58D5.3	7.954	3.26710271245503	0	FALSE
PRG1	F58D5.5	24.254	4.7586282738087	0	FALSE
PRG1	F58D5.7	23.62	11.7579544227263	0	FALSE
PRG1	F58D5.8	20.802	8.6942713091455	0	FALSE
PRG1	F58D5.9	23.272	16.3310493321431	0	FALSE
PRG1	F58E1.13	22.244	15.2059316070452	0	FALSE
PRG1	F58E2.2	27.904	6.30344910386241	0	FALSE
PRG1	F58E2.3	4.558	7.78062007913865	2	FALSE
PRG1	F58E2.4	17.572	2.63026654303045	0	FALSE
PRG1	F58E2.5	24.6	9.43378495088639	0	FALSE
PRG1	F58E6.11	7.488	1.47326018915829	0	FALSE
PRG1	F58E6.13	25.376	11.0517880606763	0	FALSE
PRG1	F58E6.4	20.284	24.7888171993142	0	FALSE
PRG1	F58E6.5	20.512	18.2736395425662	0	FALSE
PRG1	F58E6.6	20.62	12.0182572426808	0	FALSE
PRG1	F58E6.8	10.122	5.38924887228197	0	FALSE
PRG1	F58F12.1	27.378	6.74536411173952	0	FALSE
PRG1	F58F12.12	22.234	16.6689207166567	0	FALSE
PRG1	F58F12.2	25.38	11.5401519895379	0	FALSE
PRG1	F58F12.3	21.976	11.6036835186962	0	FALSE
PRG1	F58F6.5	29.356	2.02112399824168	0	FALSE
PRG1	F58F6.6	27.544	2.4541314822651	0	FALSE
PRG1	F58F9.1	19.204	3.5608976013648	0	FALSE
PRG1	F58F9.3	26.172	3.68545351171537	0	FALSE
PRG1	F58F9.4	24.232	14.929213541378	0	FALSE
PRG1	F58F9.6	27.886	2.55120182577581	0	FALSE
PRG1	F58F9.8	27.672	3.23440712384988	0	FALSE
PRG1	F58F9.9	25.348	9.0342605602338	0	FALSE
PRG1	F58G1.2	23.504	5.27489137757977	0	FALSE
PRG1	F58G1.3	18.718	3.86237416730209	0	FALSE
PRG1	F58G1.7	17.614	59.9825121086142	0	FALSE
PRG1	F58G1.8	17.746	26.7618970056105	0	FALSE
PRG1	F58G11.4	23.196	6.77825901642274	0	FALSE
PRG1	F58G6.3	29.406	6.23587112221733	0	FALSE
PRG1	F58G6.7	15.368	28.6124073522166	0	FALSE
PRG1	F58H1.2	19.696	1.09046992353083	0	FALSE
PRG1	F58H1.3	27.8	2.98138298111789	0	FALSE
PRG1	F58H1.5	12.094	3.69716658071431	0	FALSE
PRG1	F58H1.6	8.622	77.2092211155383	0	FALSE
PRG1	F58H1.7	26.046	3.14717562979595	0	FALSE
PRG1	F58H1.8	24.658	10.8701362033389	0	FALSE
PRG1	F58H10.1	21.048	5.57791730040375	0	FALSE
PRG1	F58H7.1	23.694	25.9618324866774	0	FALSE
PRG1	F58H7.5	21.684	4.74765011755199	0	FALSE
PRG1	F59A1.11	10.272	7.41775157732077	0	FALSE
PRG1	F59A1.12	28.438	1.65428861499266	0	FALSE
PRG1	F59A1.13	20.026	2.80961961074364	0	FALSE
PRG1	F59A1.15	23.584	10.1949510611097	0	FALSE
PRG1	F59A1.16	23.854	11.4075767341147	0	FALSE
PRG1	F59A1.18	13.466	4.49957325814742	0	FALSE
PRG1	F59A1.6	24.394	8.92809187204296	0	FALSE
PRG1	F59A2.5	26.05	5.70209431942484	0	FALSE
PRG1	F59A3.10	8.828	6.00009727862478	0	FALSE
PRG1	F59A3.12	22.616	3.05807416972005	0	FALSE
PRG1	F59A3.13	12.636	4.91031628387901	0	FALSE
PRG1	F59A3.2	20.898	5.36911821115021	0	FALSE
PRG1	F59A3.7	21.778	7.23716196747755	0	FALSE
PRG1	F59A3.8	5.388	3.47320552994107	0	FALSE
PRG1	F59A6.10	22.346	3.4644413554946	0	FALSE
PRG1	F59A6.11	23.176	11.1675877926311	0	FALSE
PRG1	F59A6.12	28.696	1.58943078662371	0	FALSE
PRG1	F59A6.13	17.424	11.8506423736082	0	FALSE
PRG1	F59A6.2	25.806	12.085509660666	0	FALSE
PRG1	F59A6.3	11.636	4.85299594130788	0	FALSE
PRG1	F59A6.4	26.018	10.4041373912178	0	FALSE
PRG1	F59A7.11	17.652	6.05493486945711	0	FALSE
PRG1	F59A7.12	14.58	15.2223978145834	0	FALSE
PRG1	F59A7.14	21.454	3.52688133597179	0	FALSE
PRG1	F59A7.2	6.13	3.75381190832099	0	FALSE
PRG1	F59A7.5	12.346	15.3115587567783	0	FALSE
PRG1	F59A7.7	26.584	1.41615426710661	0	FALSE
PRG1	F59B1.10	17.088	40.5162795051214	0	FALSE
PRG1	F59B1.2	19.67	10.0635225473583	0	FALSE
PRG1	F59B1.4	25.748	7.85211126341149	0	FALSE
PRG1	F59B1.6	18.498	4.00616310708066	0	FALSE
PRG1	F59B1.8	28.974	1.59597418451093	0	FALSE
PRG1	F59B10.2	20.178	12.7663734532831	0	FALSE
PRG1	F59B10.3	19.944	11.6080478775821	0	FALSE
PRG1	F59B10.4	23.812	8.48802275812415	0	FALSE
PRG1	F59B10.5	23.098	8.98778489441853	0	FALSE
PRG1	F59B10.6	29.514	0.944943618548032	0	FALSE
PRG1	F59B2.12	20.908	5.19434699372096	0	FALSE
PRG1	F59B2.13	11.748	1.40694269740513	0	FALSE
PRG1	F59B2.14	21.718	5.48381246428087	0	FALSE
PRG1	F59B2.15	20.266	13.7898109637485	0	FALSE
PRG1	F59B2.3	20.618	2.34552854431866	0	FALSE
PRG1	F59B2.8	20.436	19.3047923975805	0	FALSE
PRG1	F59B2.9	23.898	10.6457225595657	0	FALSE
PRG1	F59B8.1	27.22	2.93981895702038	0	FALSE
PRG1	F59C12.3	25.36	7.99933968592664	0	FALSE
PRG1	F59C12.4	21.154	5.49851182617553	0	FALSE
PRG1	F59C6.12	26.206	10.5303353359513	0	FALSE
PRG1	F59C6.16	20.768	3.93461748189515	0	FALSE
PRG1	F59C6.18	19.016	11.375496154915	0	FALSE
PRG1	F59C6.3	16.824	14.2164993646605	0	FALSE
PRG1	F59C6.8	25.69	0.360981646379749	0	FALSE
PRG1	F59D12.2	21.298	1.99353060159923	0	FALSE
PRG1	F59D12.3	26.384	8.03354575217038	0	FALSE
PRG1	F59D12.5	11.852	4.22476782268946	0	FALSE
PRG1	F59D6.1	23.61	18.0089923520484	0	FALSE
PRG1	F59E11.2	11.324	8.38684454570343	0	FALSE
PRG1	F59E11.5	26.88	7.6345141420036	0	FALSE
PRG1	F59E11.6	14.702	10.0517561509109	0	FALSE
PRG1	F59E11.7	26.686	10.8011043053454	0	FALSE
PRG1	F59E12.1	16.47	52.8313576915896	0	FALSE
PRG1	F59E12.15	19.474	21.7505243355012	0	FALSE
PRG1	F59E12.17	15.794	4.77968828290792	0	FALSE
PRG1	F59E12.3	21.936	22.6097299049453	0	FALSE
PRG1	F59E12.6	12.684	59.2562398976274	0	FALSE
PRG1	F59E12.8	26.984	3.12974153122342	0	FALSE
PRG1	F59E12.9	22.846	9.264883920806	0	FALSE
PRG1	F59F3.6	24.276	13.6455828660081	0	FALSE
PRG1	F59F4.3	5.958	7.16469194793929	0	FALSE
PRG1	F59F5.3	28.19	1.04782231200723	0	FALSE
PRG1	F59F5.4	23.32	3.01272179592629	0	FALSE
PRG1	F59F5.5	25.074	7.39945060259468	0	FALSE
PRG1	F59F5.7	22.484	8.73638443036134	0	FALSE
PRG1	F59G1.4	8.938	3.32498109125204	0	FALSE
PRG1	F59G1.8	20.494	14.4715200407012	0	FALSE
PRG1	F59H6.14	27.366	3.58710288647273	0	FALSE
PRG1	F59H6.15	22.166	4.54496680936936	0	FALSE
PRG1	H01G02.1	21.726	4.60031693275745	0	FALSE
PRG1	H01G02.3	22.22	2.39138687565406	0	FALSE
PRG1	H01G02.4	24.656	10.1500837247193	0	FALSE
PRG1	H01M10.1	22.06	3.67571956940772	0	FALSE
PRG1	H01M10.2	17.306	18.6272298075475	0	FALSE
PRG1	H02F09.2	24.586	7.29977556261626	0	FALSE
PRG1	H02F09.3	17.732	2.0977959751847	0	FALSE
PRG1	H03A11.2	25.18	3.2464876711927	0	FALSE
PRG1	H03E18.1	24.65	4.97582088647853	0	FALSE
PRG1	H03E18.2	19.416	5.66304216052055	0	FALSE
PRG1	H03G16.1	20.38	6.76591994466721	0	FALSE
PRG1	H03G16.5	15.63	7.81637642836471	0	FALSE
PRG1	H03G16.6	21.814	8.83556168580254	0	FALSE
PRG1	H03G16.7	19.422	12.4415409165137	0	FALSE
PRG1	H04D03.2	19.682	8.27383560742367	0	FALSE
PRG1	H04D03.4	27.908	4.98692380702999	0	FALSE
PRG1	H04D03.6	18.696	4.26200764553161	0	FALSE
PRG1	H04D03.7	20.134	25.1344056506273	0	FALSE
PRG1	H04J21.1	24.718	13.2202343725523	0	FALSE
PRG1	H04J21.4	17.554	26.5363425001724	0	FALSE
PRG1	H04M03.11	23.518	8.81846342459466	0	FALSE
PRG1	H04M03.12	20.058	10.2722975044087	0	FALSE
PRG1	H04M03.3	26.266	9.02542474251442	0	FALSE
PRG1	H05C05.1	8.592	47.2371596768984	0	FALSE
PRG1	H05C05.2	19.378	19.8746056293546	0	FALSE
PRG1	H05C05.4	10.05	4.78388671890373	0	FALSE
PRG1	H05L14.1	21.51	14.9549392074287	0	FALSE
PRG1	H05L14.2	21.73	9.43295202968722	0	FALSE
PRG1	H05L14.3	25.168	12.1370282865026	0	FALSE
PRG1	H06A10.1	25.572	3.66646069633161	0	FALSE
PRG1	H06H21.11	19.194	7.0081825007562	0	FALSE
PRG1	H06H21.37	16.626	4.52713744562386	0	FALSE
PRG1	H06H21.8	27.062	4.99684531573466	0	FALSE
PRG1	H06I04.3	24.432	8.59471963089825	0	FALSE
PRG1	H06I04.6	25.434	8.44550337897579	0	FALSE
PRG1	H08J19.1	24.436	7.81706499499411	0	FALSE
PRG1	H08M01.1	23.316	11.5211710113381	0	FALSE
PRG1	H09F14.1	18.994	2.81177889804617	0	FALSE
PRG1	H10D18.1	11.364	1.98784061214537	0	FALSE
PRG1	H10D18.5	24.24	8.9442521210107	0	FALSE
PRG1	H10E21.1	22.136	8.16664864335944	0	FALSE
PRG1	H10E21.4	27.028	2.33727939406537	0	FALSE
PRG1	H10E21.5	23.68	7.11411156772295	0	FALSE
PRG1	H11E01.2	23.02	5.31458446994289	0	FALSE
PRG1	H11E01.3	20.892	14.0648566572352	0	FALSE
PRG1	H11L12.1	17.89	2.73410779237464	0	FALSE
PRG1	H12C20.7	26.938	7.6307464564047	0	FALSE
PRG1	H12D21.10	24.714	4.03683040990284	0	FALSE
PRG1	H12D21.11	18.552	2.2443792195288	0	FALSE
PRG1	H12D21.2	19.916	6.19688585594587	0	FALSE
PRG1	H12D21.3	16.488	3.24333836207886	0	FALSE
PRG1	H12D21.5	19.782	3.79610792623468	0	FALSE
PRG1	H12D21.6	20.582	9.75428993091557	0	FALSE
PRG1	H12D21.9	17.664	2.20192084013274	0	FALSE
PRG1	H12I13.1	20.118	31.1039125054224	0	FALSE
PRG1	H12I13.6	23.598	4.97011171959076	0	FALSE
PRG1	H12I19.115	18.096	5.53196526022697	0	FALSE
PRG1	H13N06.2	20.614	3.96849126617936	0	FALSE
PRG1	H13N06.7	19.64	1.32431841177596	0	FALSE
PRG1	H14A12.3	5.636	1.98214904808643	0	FALSE
PRG1	H14A12.5	27.092	3.33198546084139	0	FALSE
PRG1	H14E04.2	28.342	3.42669938614349	0	FALSE
PRG1	H14E04.3	7.124	3.45066172243736	0	FALSE
PRG1	H14N18.2	26.798	7.7474704889687	0	FALSE
PRG1	H14N18.4	25.74	7.47371153654076	0	FALSE
PRG1	H16D19.3	26.526	4.71473965283544	0	FALSE
PRG1	H17B01.2	5.118	4.73671837065344	0	FALSE
PRG1	H17B01.5	21.366	11.1990408961222	0	FALSE
PRG1	H18N23.2	20.104	11.1427052354986	0	FALSE
PRG1	H19J13.2	14.498	6.02168217636449	0	FALSE
PRG1	H20E11.1	20.732	4.51147080695416	0	FALSE
PRG1	H20E11.2	18.988	10.0908776316497	0	FALSE
PRG1	H20E11.3	27.68	2.28944790719001	0	FALSE
PRG1	H20J04.1	27.94	6.08572979436859	0	FALSE
PRG1	H20J04.4	22.142	26.0291051792086	0	FALSE
PRG1	H20J04.6	27.84	1.44974397058984	0	FALSE
PRG1	H20J04.7	28.176	2.22756399398678	0	FALSE
PRG1	H20J04.9	15.472	18.3192561135294	0	FALSE
PRG1	H21P03.10	12.374	6.42631162730369	0	FALSE
PRG1	H23L24.1	27.04	6.51407429233567	0	FALSE
PRG1	H23L24.4	7.888	2.03512133567787	0	FALSE
PRG1	H23N18.5	26.622	5.92842337179493	0	FALSE
PRG1	H23N18.6	17.072	5.50662149240267	0	FALSE
PRG1	H24K24.2	27.38	1.72723332035439	0	FALSE
PRG1	H25K10.1	25.886	13.6475884331958	0	FALSE
PRG1	H25K10.2	22.42	14.3255957250399	0	FALSE
PRG1	H25K10.4	18.466	25.5958771331403	0	FALSE
PRG1	H25P06.5	16.174	2.40635783679254	0	FALSE
PRG1	H25P19.1	20.11	10.0534276300029	0	FALSE
PRG1	H27A22.1	24.144	9.49603740710029	0	FALSE
PRG1	H27M09.5	22.798	5.19920301916483	0	FALSE
PRG1	H28G03.2	19.366	2.84532848890366	0	FALSE
PRG1	H28G03.3	16.564	7.67798970091918	0	FALSE
PRG1	H29C22.1	20.294	18.499990634069	0	FALSE
PRG1	H31B20.2	16.798	2.98350181148879	0	FALSE
PRG1	H31G24.1	12.49	8.78718920321764	0	FALSE
PRG1	H31G24.3	24.918	19.7640728450362	0	FALSE
PRG1	H32C10.1	25.306	5.29921073983777	0	FALSE
PRG1	H32K16.2	6.216	7.12006636885426	0	FALSE
PRG1	H34I24.1	26.226	4.88516375745878	0	FALSE
PRG1	H34I24.2	21.596	3.52686911921554	0	FALSE
PRG1	H35B03.1	12.658	5.6144949462719	0	FALSE
PRG1	H35B03.2	28.902	0.925630405162437	0	FALSE
PRG1	H35N09.1	12.11	5.20296746557337	0	FALSE
PRG1	H35N09.2	26.86	8.32706358754463	0	FALSE
PRG1	H37A05.2	26.968	3.35704787006883	0	FALSE
PRG1	H37A05.4	16.976	6.47740618723614	0	FALSE
PRG1	H38K22.6	21.648	3.60345953106175	0	FALSE
PRG1	H38K22.7	18.918	12.7377863685445	0	FALSE
PRG1	H38K22.9	11.61	4.23322450204416	0	FALSE
PRG1	H39E20.1	22.792	7.85739442166072	0	FALSE
PRG1	H39E23.2	26.636	9.29762613570839	0	FALSE
PRG1	H39E23.3	22.976	1.71369468965581	0	FALSE
PRG1	H40L08.1	3.752	3.77581629630627	2	FALSE
PRG1	H40L08.2	18.824	9.2186486112709	0	FALSE
PRG1	H40L08.3	27.628	5.22700031250404	0	FALSE
PRG1	H40L08.7	19.302	14.5448146053397	0	FALSE
PRG1	H40L08.8	19.072	5.16169739144136	0	FALSE
PRG1	H40L08.9	22.932	3.47538606695503	0	FALSE
PRG1	H41C03.1	26.538	3.79216498986538	0	FALSE
PRG1	H41C03.2	26.326	5.80420516706633	0	FALSE
PRG1	H41C03.3	24.146	5.28476908556587	0	FALSE
PRG1	H42K12.3	21.282	6.85207798239273	0	FALSE
PRG1	H43E16.1	27.592	3.26245926436267	0	FALSE
PRG1	H43I07.1	24.648	5.6580086013521	0	FALSE
PRG1	H43I07.4	23.7	9.20943468760257	0	FALSE
PRG1	JC8.16	27.804	3.10784949978697	0	FALSE
PRG1	JC8.4	27.984	7.52606325108228	0	FALSE
PRG1	JC8.7	28.66	3.17333521349691	0	FALSE
PRG1	K01A11.1	10.8	5.46845298527163	0	FALSE
PRG1	K01A11.3	27.554	0.555522291016245	0	FALSE
PRG1	K01A12.2	20.572	3.27086263778439	0	FALSE
PRG1	K01A12.3	19.232	6.85867445693111	0	FALSE
PRG1	K01A12.4	12.808	9.24954240917726	0	FALSE
PRG1	K01A2.10	23.278	5.78755383283138	0	FALSE
PRG1	K01A2.12	24.066	18.2678111243129	0	FALSE
PRG1	K01A2.4	23.9	22.0839856270579	0	FALSE
PRG1	K01A2.5	20.63	26.4145470607242	0	FALSE
PRG1	K01A2.6	23.91	4.66571142770205	0	FALSE
PRG1	K01A6.4	11.398	4.77465372022227	0	FALSE
PRG1	K01A6.5	18.746	11.2562149016963	0	FALSE
PRG1	K01A6.6	6.474	4.169956138745	0	FALSE
PRG1	K01A6.7	16.23	13.6764304515636	0	FALSE
PRG1	K01A6.8	17.038	19.8019622339426	0	FALSE
PRG1	K01B6.3	18.624	16.9416173099333	0	FALSE
PRG1	K01B6.4	21.132	29.821513621523	0	FALSE
PRG1	K01C8.2	24.814	2.56808280113196	0	FALSE
PRG1	K01D12.1	16.126	4.65161844475714	0	FALSE
PRG1	K01D12.10	21.676	8.86382386613304	0	FALSE
PRG1	K01D12.15	18.466	3.91530754664032	0	FALSE
PRG1	K01D12.20	21.208	3.82271737330551	0	FALSE
PRG1	K01D12.5	18.966	3.61097569040688	0	FALSE
PRG1	K01D12.8	27.206	6.33796095478544	0	FALSE
PRG1	K01D12.9	18.534	13.9891836149304	0	FALSE
PRG1	K01F9.2	2.58	4.72327814223021	2	FALSE
PRG1	K01G12.22	19.218	7.98008835582954	0	FALSE
PRG1	K01G12.3	17.88	8.66619716712811	0	FALSE
PRG1	K01G5.10	23.678	12.0176328197613	0	FALSE
PRG1	K01G5.8	21.442	8.64243493108261	0	FALSE
PRG1	K01H12.4	21.806	11.9234385026131	0	FALSE
PRG1	K02A11.2	19.968	2.52902168209478	0	FALSE
PRG1	K02A2.1	12.694	6.41772156576699	0	FALSE
PRG1	K02A2.5	23.392	7.09955863413701	0	FALSE
PRG1	K02A2.6	25.162	18.657669070062	0	FALSE
PRG1	K02A6.3	16.42	2.13762835259248	0	FALSE
PRG1	K02B12.2	14.022	4.11119689637516	0	FALSE
PRG1	K02B12.6	18.49	5.35124006748038	0	FALSE
PRG1	K02B12.7	8.522	2.18649419363569	0	FALSE
PRG1	K02B12.9	18.98	3.64836346201561	0	FALSE
PRG1	K02B2.6	25.278	4.95318574323388	0	FALSE
PRG1	K02B7.3	22.776	17.1616510708018	0	FALSE
PRG1	K02C4.2	11.442	5.08461585403087	0	FALSE
PRG1	K02C4.3	2.872	3.96538676253703	2	FALSE
PRG1	K02C4.5	22.92	7.07337991891463	0	FALSE
PRG1	K02D10.1	27.486	4.11589797463528	0	FALSE
PRG1	K02D10.2	18.248	5.6374534674796	0	FALSE
PRG1	K02D10.3	15.572	4.09672491416362	0	FALSE
PRG1	K02D10.4	12.054	6.39400545003965	0	FALSE
PRG1	K02D10.8	14.082	7.15739074881023	0	FALSE
PRG1	K02D3.1	26.082	8.82315008807425	0	FALSE
PRG1	K02D3.2	25.846	13.3476657020072	0	FALSE
PRG1	K02E10.4	2.494	2.52956059271652	2	FALSE
PRG1	K02E10.5	22.984	29.6911769142028	0	FALSE
PRG1	K02E10.6	18.452	1.888044516992	0	FALSE
PRG1	K02E10.7	23.68	18.4288866439618	0	FALSE
PRG1	K02E11.10	21.382	2.6138841396733	0	FALSE
PRG1	K02E11.3	25.768	7.98788137958501	0	FALSE
PRG1	K02E11.4	27.278	4.16609948062162	0	FALSE
PRG1	K02E11.5	23.944	8.99367722803187	0	FALSE
PRG1	K02E11.6	26.42	7.21290497948096	0	FALSE
PRG1	K02E11.7	18.828	17.3954374876493	0	FALSE
PRG1	K02E2.1	18.918	36.6885499212689	0	FALSE
PRG1	K02E2.11	21.898	8.12669751166018	0	FALSE
PRG1	K02E2.6	25.116	5.8894020006814	0	FALSE
PRG1	K02E2.7	19.31	9.92048733870517	0	FALSE
PRG1	K02E2.8	24.036	10.7867258987913	0	FALSE
PRG1	K02E7.1	22.478	18.9433352698826	0	FALSE
PRG1	K02E7.10	19.962	7.19475630578462	0	FALSE
PRG1	K02E7.11	28.346	4.42448691493352	0	FALSE
PRG1	K02E7.12	17.894	5.55604207768376	0	FALSE
PRG1	K02E7.4	19.71	16.2573576964643	0	FALSE
PRG1	K02E7.7	21.44	10.4410959549502	0	FALSE
PRG1	K02F2.5	3.364	4.81441095003821	2	FALSE
PRG1	K02F3.12	28.054	2.28821050868217	0	FALSE
PRG1	K02F3.2	28	4.61295314681321	0	FALSE
PRG1	K02F3.9	28.306	2.77068593777405	0	FALSE
PRG1	K02F6.1	14.478	36.5160383546195	0	FALSE
PRG1	K02F6.3	19.938	20.1783863136445	0	FALSE
PRG1	K02F6.4	17.51	4.17978947967203	0	FALSE
PRG1	K02F6.5	20.818	22.6585214022505	0	FALSE
PRG1	K02F6.6	13.472	5.40780608046794	0	FALSE
PRG1	K02F6.7	11.44	4.98711602293564	0	FALSE
PRG1	K02F6.8	22.184	5.35281236162473	0	FALSE
PRG1	K02G10.15	10.892	4.10609580995909	0	FALSE
PRG1	K02G10.5	20.342	13.6194270970323	0	FALSE
PRG1	K02H11.4	4.584	7.52633608858446	2	FALSE
PRG1	K02H11.9	28.516	1.3209062158354	0	FALSE
PRG1	K03A1.4	14.514	1.69371049405014	0	FALSE
PRG1	K03A11.1	14.222	3.37739570857051	0	FALSE
PRG1	K03A11.4	18.982	12.3633473904036	0	FALSE
PRG1	K03A11.5	21.334	6.35422594706534	0	FALSE
PRG1	K03A11.6	21.284	6.05283632119455	0	FALSE
PRG1	K03B4.1	27	9.92174455875393	0	FALSE
PRG1	K03B4.2	15.112	10.7672768939551	0	FALSE
PRG1	K03B4.4	25.202	6.34630886946354	0	FALSE
PRG1	K03B4.6	23.158	10.435283649999	0	FALSE
PRG1	K03B4.8	11.768	5.64737063015928	0	FALSE
PRG1	K03B4.9	26.796	7.22065325840223	0	FALSE
PRG1	K03B8.11	10.02	14.8464624923266	0	FALSE
PRG1	K03B8.14	4.292	5.21349645300684	2	FALSE
PRG1	K03B8.4	10.47	3.1125445533525	0	FALSE
PRG1	K03B8.6	21.484	8.43827465047305	0	FALSE
PRG1	K03B8.8	19.24	6.1977933986569	0	FALSE
PRG1	K03D3.2	28.728	2.76195513973806	0	FALSE
PRG1	K03D3.5	16.126	5.56182697144683	0	FALSE
PRG1	K03H1.11	28.702	2.6556124337843	0	FALSE
PRG1	K03H1.12	18.996	9.53294504090793	0	FALSE
PRG1	K03H1.13	6.69	3.66141964541581	0	FALSE
PRG1	K03H1.5	24.716	6.81847260924618	0	FALSE
PRG1	K03H1.7	14.524	3.0491990369093	0	FALSE
PRG1	K03H1.9	25.216	12.485287167093	0	FALSE
PRG1	K03H6.1	19.29	3.74795201864593	0	FALSE
PRG1	K03H6.4	25.028	10.9802595914816	0	FALSE
PRG1	K03H6.5	25.808	7.14100835877721	0	FALSE
PRG1	K03H9.3	27.148	5.55236223609357	0	FALSE
PRG1	K04A8.1	24.874	12.7001664829148	0	FALSE
PRG1	K04A8.19	12.586	14.7510251920866	0	FALSE
PRG1	K04A8.20	24.638	12.0099644404021	0	FALSE
PRG1	K04B12.2	20.796	1.53635126352882	0	FALSE
PRG1	K04C1.2	24.5	9.64488154972824	0	FALSE
PRG1	K04C1.3	20.36	14.807653753054	0	FALSE
PRG1	K04C1.5	20.496	6.02192042548781	0	FALSE
PRG1	K04C2.2	11.014	5.60814551950867	0	FALSE
PRG1	K04C2.3	15.158	3.14367743125409	0	FALSE
PRG1	K04C2.5	27.138	3.12339191102484	0	FALSE
PRG1	K04C2.7	29.57	1.29660395757056	0	FALSE
PRG1	K04C2.8	27.26	6.6018075725661	0	FALSE
PRG1	K04D7.6	23.338	6.88779318024013	0	FALSE
PRG1	K04E7.1	27.418	5.40169523306822	0	FALSE
PRG1	K04F1.8	25.318	8.65936371231942	0	FALSE
PRG1	K04F1.9	10.158	7.70148721470466	0	FALSE
PRG1	K04F10.1	23.516	5.62877014871252	0	FALSE
PRG1	K04F10.2	22.536	20.3583372474255	0	FALSE
PRG1	K04F10.3	11.67	57.6786268236657	0	FALSE
PRG1	K04F10.7	21.46	2.39449187803838	0	FALSE
PRG1	K04G11.1	27.516	1.14452886803408	0	FALSE
PRG1	K04G11.3	25.102	13.8476993140435	0	FALSE
PRG1	K04G2.10	19.524	7.0876454203449	0	FALSE
PRG1	K04G2.12	25.214	4.34971074284022	0	FALSE
PRG1	K04G2.4	22.026	2.69487842213758	0	FALSE
PRG1	K04G2.7	24.724	9.68475240681049	0	FALSE
PRG1	K04G2.9	25.498	6.12097966318275	0	FALSE
PRG1	K04G7.1	22.046	4.22826884076376	0	FALSE
PRG1	K04H4.2	11.33	4.85958157105904	0	FALSE
PRG1	K04H4.5	18.184	8.16143571149956	0	FALSE
PRG1	K04H8.2	26.982	8.63015178534087	0	FALSE
PRG1	K04H8.3	24.066	3.8588510494162	0	FALSE
PRG1	K05B2.2	21.338	16.2597850506901	0	FALSE
PRG1	K05B2.4	5.65	7.21225364984396	0	FALSE
PRG1	K05C4.10	14.228	11.0082926361101	0	FALSE
PRG1	K05C4.2	24.414	8.27782336956478	0	FALSE
PRG1	K05C4.3	26.82	4.23721035344173	0	FALSE
PRG1	K05C4.4	22.326	24.6204260334529	0	FALSE
PRG1	K05C4.5	15.528	1.88164251978448	0	FALSE
PRG1	K05C4.7	20.914	7.00725113749575	0	FALSE
PRG1	K05C4.8	25.144	6.43703113349792	0	FALSE
PRG1	K05C4.9	27.274	4.32247016936139	0	FALSE
PRG1	K05D4.9	23.364	5.21860286925143	0	FALSE
PRG1	K05F1.1	27.426	3.04118113182606	0	FALSE
PRG1	K05F1.10	24.206	5.11274229834945	0	FALSE
PRG1	K05F1.13	24.686	6.00368427061966	0	FALSE
PRG1	K05F1.14	12.43	4.21195176595605	0	FALSE
PRG1	K05F1.6	18.122	1.76727466530552	0	FALSE
PRG1	K05F1.8	18.628	24.0881137485062	0	FALSE
PRG1	K05F1.9	26.9	3.3707244445444	0	FALSE
PRG1	K05F6.10	26.97	3.28336093682576	0	FALSE
PRG1	K05F6.12	7.49	11.2050149874613	0	FALSE
PRG1	K05F6.14	24.05	9.9630413020164	0	FALSE
PRG1	K05F6.4	27.708	6.09758078047438	0	FALSE
PRG1	K05F6.8	26.914	8.58175158000269	0	FALSE
PRG1	K05G3.1	24.032	3.96076410057053	0	FALSE
PRG1	K05G3.2	14.152	5.88304349572717	0	FALSE
PRG1	K06A1.2	23.188	14.4826596598279	0	FALSE
PRG1	K06A4.10	11.268	4.69830783420519	0	FALSE
PRG1	K06A4.2	17.294	14.9974087291166	0	FALSE
PRG1	K06A4.6	24.654	8.92463506001633	0	FALSE
PRG1	K06A4.7	8.268	4.85257218014252	0	FALSE
PRG1	K06A5.2	6.932	4.45382822110103	0	FALSE
PRG1	K06A5.3	28.04	2.91317303878308	0	FALSE
PRG1	K06A9.2	13.962	2.38752805042265	0	FALSE
PRG1	K06A9.3	12.962	37.7954232652577	0	FALSE
PRG1	K06B4.15	21.334	3.58292914315727	0	FALSE
PRG1	K06B4.4	23.236	10.5741362906619	0	FALSE
PRG1	K06B9.6	15.144	9.09367141239555	0	FALSE
PRG1	K06G5.1	4.244	2.04466476436538	2	FALSE
PRG1	K06G5.3	14.74	29.5540017889444	0	FALSE
PRG1	K06H6.1	25.156	9.73020178178227	0	FALSE
PRG1	K06H6.2	28.796	2.88491677111729	0	FALSE
PRG1	K06H6.4	21.918	11.1106629326887	0	FALSE
PRG1	K06H6.5	22.208	25.0325687173368	0	FALSE
PRG1	K06H7.1	23.52	7.68799895489665	0	FALSE
PRG1	K06H7.2	26.978	2.43311915638289	0	FALSE
PRG1	K06H7.7	16.16	20.2894818131913	0	FALSE
PRG1	K06H7.8	24.048	13.0335053618907	0	FALSE
PRG1	K07A1.1	21.078	2.96401913062244	0	FALSE
PRG1	K07A1.10	27.384	2.91622841707484	0	FALSE
PRG1	K07A1.13	21.902	12.240984056975	0	FALSE
PRG1	K07A1.15	23.588	19.3883396219833	0	FALSE
PRG1	K07A1.17	26.48	8.39409855246434	0	FALSE
PRG1	K07A1.20	18.008	1.94334262679318	0	FALSE
PRG1	K07A1.21	20.426	18.2583030298431	0	FALSE
PRG1	K07A1.3	26.134	4.04667677745356	0	FALSE
PRG1	K07A1.4	25.848	3.61211492892802	0	FALSE
PRG1	K07A1.5	19.056	2.40124157217731	0	FALSE
PRG1	K07A1.6	27.516	4.44676783620837	0	FALSE
PRG1	K07A12.1	14.674	40.2199477017482	0	FALSE
PRG1	K07A12.5	2.998	2.24252652621369	2	FALSE
PRG1	K07A12.8	22.014	6.51803300583913	0	FALSE
PRG1	K07A3.3	3.014	2.23308807836282	2	FALSE
PRG1	K07B1.4	23.976	11.9721781871896	0	FALSE
PRG1	K07B1.7	13.598	7.76161262965069	0	FALSE
PRG1	K07C11.10	12.61	5.73283729482246	0	FALSE
PRG1	K07C11.7	10.342	9.9512652439508	0	FALSE
PRG1	K07C11.8	22.852	5.99049755639764	0	FALSE
PRG1	K07C5.13	15.992	2.39927829715794	0	FALSE
PRG1	K07C5.2	6.792	9.60309608761754	0	FALSE
PRG1	K07C5.3	17.648	18.1458365933113	0	FALSE
PRG1	K07C5.6	30.674	1.4593409623852	0	FALSE
PRG1	K07C5.9	18.244	1.04690518625857	0	FALSE
PRG1	K07D4.2	26.044	21.268169459049	0	FALSE
PRG1	K07D4.4	21.592	7.45965771322389	0	FALSE
PRG1	K07D4.5	23.406	7.36179549780074	0	FALSE
PRG1	K07D4.6	14.902	1.53126102908527	0	FALSE
PRG1	K07D4.9	21.266	7.48799757088503	0	FALSE
PRG1	K07E1.1	26.582	6.23645932627342	0	FALSE
PRG1	K07E12.2	22.878	2.75744660712036	0	FALSE
PRG1	K07E3.1	24.16	7.07369850495563	0	FALSE
PRG1	K07E3.2	23.04	12.8395584663275	0	FALSE
PRG1	K07E3.4	24.386	11.913070368157	0	FALSE
PRG1	K07E3.9	23.58	13.2802936981525	0	FALSE
PRG1	K07E8.6	17.208	23.8822037430349	0	FALSE
PRG1	K07E8.7	26.052	7.59782845278137	0	FALSE
PRG1	K07F5.12	17.502	18.8618863838022	0	FALSE
PRG1	K07F5.14	8.008	7.83406064025951	0	FALSE
PRG1	K07F5.15	25.27	6.34995613231493	0	FALSE
PRG1	K07F5.16	16.576	10.8285815735364	0	FALSE
PRG1	K07F5.17	19.01	4.77190088213639	0	FALSE
PRG1	K07F5.22	17.518	2.541174172481	0	FALSE
PRG1	K07F5.6	22.324	3.74735005345503	0	FALSE
PRG1	K07F5.7	25.874	3.95594962703859	0	FALSE
PRG1	K07F5.8	29.158	3.04204871286672	0	FALSE
PRG1	K07G5.4	17.648	9.15713248967374	0	FALSE
PRG1	K07G5.5	23.624	12.273703092741	0	FALSE
PRG1	K07G6.1	17.668	30.3499596956524	0	FALSE
PRG1	K07H8.11	28.136	1.75339630928506	0	FALSE
PRG1	K07H8.12	19.534	15.3655828393031	0	FALSE
PRG1	K07H8.2	22.1	8.96727098828254	0	FALSE
PRG1	K07H8.5	20.408	16.1909559642445	0	FALSE
PRG1	K07H8.7	19.812	3.32813906879469	0	FALSE
PRG1	K07H8.8	26.904	9.41638088591286	0	FALSE
PRG1	K07H8.9	19.286	22.7347520027277	0	FALSE
PRG1	K08A2.2	26.054	6.88462270302262	0	FALSE
PRG1	K08B12.1	26.464	6.36636092776546	0	FALSE
PRG1	K08B12.3	27.796	5.08201503572873	0	FALSE
PRG1	K08B4.7	23.244	4.16141666958771	0	FALSE
PRG1	K08B5.1	28.048	4.46023814140691	0	FALSE
PRG1	K08B5.2	9.806	8.90301049493523	0	FALSE
PRG1	K08C7.1	17.76	1.31629163598659	0	FALSE
PRG1	K08C7.4	17.338	3.09993239134809	0	FALSE
PRG1	K08C7.6	25.63	15.5700163624749	0	FALSE
PRG1	K08C7.7	28.574	2.61150145617123	0	FALSE
PRG1	K08C9.1	24.01	17.1712646247772	0	FALSE
PRG1	K08C9.10	13.226	4.38321542640608	0	FALSE
PRG1	K08C9.2	20.72	9.23398899445201	0	FALSE
PRG1	K08C9.5	27.176	4.41018390092472	0	FALSE
PRG1	K08C9.6	18.05	26.5010826094085	0	FALSE
PRG1	K08C9.7	17.406	3.43331924343846	0	FALSE
PRG1	K08C9.9	11.194	1.09702207847124	0	FALSE
PRG1	K08D10.10	21.492	6.37186623858141	0	FALSE
PRG1	K08D10.11	14.532	9.72580626557336	0	FALSE
PRG1	K08D10.13	10.488	4.62624894433411	0	FALSE
PRG1	K08D10.14	26.248	4.78540554050552	0	FALSE
PRG1	K08D12.3	9.304	23.5211532375861	0	FALSE
PRG1	K08D12.8	27.004	7.14471929163135	0	FALSE
PRG1	K08D8.1	19.864	3.38673310137633	0	FALSE
PRG1	K08D8.10	17.556	12.3380226094063	0	FALSE
PRG1	K08D8.11	21.296	7.25625869883554	0	FALSE
PRG1	K08D8.12	19.168	7.05528590011492	0	FALSE
PRG1	K08D8.2	23.366	6.36209241554531	0	FALSE
PRG1	K08D8.3	29.152	2.14652697352988	0	FALSE
PRG1	K08D8.4	25.7	13.2784631038741	0	FALSE
PRG1	K08D8.5	26.596	7.47418029392703	0	FALSE
PRG1	K08D8.6	27.908	2.75375539071178	0	FALSE
PRG1	K08D8.7	19.68	5.96777094252732	0	FALSE
PRG1	K08D8.9	21.322	8.99423734788215	0	FALSE
PRG1	K08D9.10	20.632	12.4823489119297	0	FALSE
PRG1	K08D9.2	25.902	15.4194334880229	0	FALSE
PRG1	K08D9.4	28.962	3.05044689459524	0	FALSE
PRG1	K08D9.6	13.266	3.70540287364466	0	FALSE
PRG1	K08D9.9	10.83	4.01316967905831	0	FALSE
PRG1	K08E3.2	21.752	27.927499578404	0	FALSE
PRG1	K08E4.2	26.724	10.8445891464919	0	FALSE
PRG1	K08E4.3	23.26	13.6815737278176	0	FALSE
PRG1	K08E4.7	26.93	8.31624467079421	0	FALSE
PRG1	K08E4.8	27.962	3.7970449924392	0	FALSE
PRG1	K08E5.1	18.684	9.69065569362357	0	FALSE
PRG1	K08E5.5	20.946	15.1104381996579	0	FALSE
PRG1	K08E5.6	23.464	5.7541734140235	0	FALSE
PRG1	K08E7.4	20.5	12.9126014660509	0	FALSE
PRG1	K08E7.5	14.432	31.6228203276231	0	FALSE
PRG1	K08E7.6	15.718	17.3358131743855	0	FALSE
PRG1	K08E7.8	26.29	6.63900318882356	0	FALSE
PRG1	K08F11.1	17.88	19.8204088736979	0	FALSE
PRG1	K08F4.12	20.694	6.16576200196228	0	FALSE
PRG1	K08F4.3	22.264	13.7680877761612	0	FALSE
PRG1	K08F4.5	25.516	10.9794048937903	0	FALSE
PRG1	K08F8.7	19.312	1.75346722838874	0	FALSE
PRG1	K08F9.1	28.932	1.9402581996869	0	FALSE
PRG1	K08F9.3	5.12	2.08536684609986	0	FALSE
PRG1	K08F9.4	6.472	6.16441827859889	0	FALSE
PRG1	K08H10.10	21.02	5.74569854514099	0	FALSE
PRG1	K08H10.6	28.558	9.61536244558205	0	FALSE
PRG1	K08H2.10	18.744	11.5427889776328	0	FALSE
PRG1	K08H2.2	20.914	3.87574768473455	0	FALSE
PRG1	K08H2.3	14.438	38.8964378575413	0	FALSE
PRG1	K08H2.4	24.888	7.3199547099852	0	FALSE
PRG1	K08H2.5	25.49	15.1359247694514	0	FALSE
PRG1	K08H2.7	13.976	6.54891181084469	0	FALSE
PRG1	K09A11.1	18.296	17.2425648707269	0	FALSE
PRG1	K09A9.6	18.252	2.6308188181036	0	FALSE
PRG1	K09A9.8	15.36	3.64379826014472	0	FALSE
PRG1	K09B11.4	18.106	18.9494140577862	0	FALSE
PRG1	K09B11.5	22.952	7.59744701704757	0	FALSE
PRG1	K09B3.1	15.306	2.1354278635774	0	FALSE
PRG1	K09C4.1	16.132	1.51168309320036	0	FALSE
PRG1	K09C4.10	13.01	6.30307830313702	0	FALSE
PRG1	K09C4.2	25.254	8.14440785304084	0	FALSE
PRG1	K09C4.4	26.458	1.76862311639536	0	FALSE
PRG1	K09C4.5	21.156	6.45277152385901	0	FALSE
PRG1	K09C4.7	16.076	3.67075242104742	0	FALSE
PRG1	K09C4.9	9.952	13.0606525106675	0	FALSE
PRG1	K09C6.10	29.072	6.50134640623876	0	FALSE
PRG1	K09C6.2	25.958	9.08974843865621	0	FALSE
PRG1	K09C6.3	24.4	5.09920727249318	0	FALSE
PRG1	K09C6.7	27.638	2.16570156001469	0	FALSE
PRG1	K09C6.8	25.57	6.61110096863874	0	FALSE
PRG1	K09C6.9	28.116	1.90234908526923	0	FALSE
PRG1	K09C8.2	19.674	12.3986966415533	0	FALSE
PRG1	K09C8.7	8.492	1.60254600435271	0	FALSE
PRG1	K09C8.8	11.888	1.53547835923347	0	FALSE
PRG1	K09C8.9	8.896	5.68121437752077	0	FALSE
PRG1	K09D9.1	17.428	3.12449219734927	0	FALSE
PRG1	K09D9.14	29.472	1.56272010914281	0	FALSE
PRG1	K09D9.3	20.036	7.74175629720051	0	FALSE
PRG1	K09D9.9	26.686	7.15017578332886	0	FALSE
PRG1	K09E2.1	18.986	6.88216783011609	0	FALSE
PRG1	K09E2.2	20.1	5.09992717561771	0	FALSE
PRG1	K09E2.3	22.876	18.6605417974284	0	FALSE
PRG1	K09E3.2	15.656	4.37907089575687	0	FALSE
PRG1	K09E3.7	3.96	6.46780226003317	2	FALSE
PRG1	K09E4.1	22.83	14.8392214965461	0	FALSE
PRG1	K09E4.3	23.71	15.501869102442	0	FALSE
PRG1	K09E4.4	25.266	7.02152100154266	0	FALSE
PRG1	K09E9.1	24.154	3.71913826051785	0	FALSE
PRG1	K09E9.3	10.398	2.87907286721577	0	FALSE
PRG1	K09E9.4	6.698	3.51469883568057	0	FALSE
PRG1	K09E9.7	17.07	5.4962881836552	0	FALSE
PRG1	K09F5.1	15.306	12.4265440670217	0	FALSE
PRG1	K09F5.4	10.976	2.47471520718983	0	FALSE
PRG1	K09F5.6	19.588	7.23776857081921	0	FALSE
PRG1	K09F6.10	20.688	13.7942970846244	0	FALSE
PRG1	K09F6.11	22.744	5.34632760111872	0	FALSE
PRG1	K09F6.13	20.82	1.68416074853859	0	FALSE
PRG1	K09F6.15	16.044	7.3453397985112	0	FALSE
PRG1	K09F6.3	28.146	1.927036268285	0	FALSE
PRG1	K09F6.6	28.376	2.02545609323011	0	FALSE
PRG1	K09F6.7	8.76	8.22987317856022	0	FALSE
PRG1	K09F6.9	16.318	24.935735959874	0	FALSE
PRG1	K09G1.1	18.976	4.46934953223051	0	FALSE
PRG1	K09G1.2	28.56	3.54809549915159	0	FALSE
PRG1	K09H11.11	21.732	5.41713158131414	0	FALSE
PRG1	K09H11.15	20.642	8.76273361065667	0	FALSE
PRG1	K09H11.4	13.428	6.99502745589557	0	FALSE
PRG1	K09H11.6	23.85	10.5285765655922	0	FALSE
PRG1	K09H11.9	18.258	1.88318191482907	0	FALSE
PRG1	K09H9.1	17.598	6.60760852780798	0	FALSE
PRG1	K09H9.5	29.212	1.21354117277323	0	FALSE
PRG1	K09H9.7	25.74	15.3223144608658	0	FALSE
PRG1	K09H9.8	17.314	6.12352079772709	0	FALSE
PRG1	K09H9.9	15.808	3.53555609023878	0	FALSE
PRG1	K10B2.4	24.078	12.1604330551452	0	FALSE
PRG1	K10B3.1	22.808	16.9703191610058	0	FALSE
PRG1	K10B3.5	20.246	3.19004258177849	0	FALSE
PRG1	K10B4.1	28.192	4.17266880251676	0	FALSE
PRG1	K10B4.3	24.732	5.57610799240848	0	FALSE
PRG1	K10C2.12	4.042	9.83622416112183	2	FALSE
PRG1	K10C2.14	21.218	23.592250126241	0	FALSE
PRG1	K10C2.2	27.31	1.7703295135311	0	FALSE
PRG1	K10C2.6	21.794	16.1898897752899	0	FALSE
PRG1	K10C2.7	14.624	8.23109328889017	0	FALSE
PRG1	K10C2.8	15.286	2.32795428793019	0	FALSE
PRG1	K10C3.4	13.912	15.3847043525181	0	FALSE
PRG1	K10C3.5	25.212	4.7459345800228	0	FALSE
PRG1	K10C8.4	22.798	12.3426221562213	0	FALSE
PRG1	K10C9.1	24.678	6.812167834858	0	FALSE
PRG1	K10C9.4	24.832	16.2816207513	0	FALSE
PRG1	K10C9.7	16.654	3.95267237150893	0	FALSE
PRG1	K10D11.2	26.57	8.60492636512873	0	FALSE
PRG1	K10D11.3	27.114	3.44081133160766	0	FALSE
PRG1	K10D11.4	9.148	6.97099725834585	0	FALSE
PRG1	K10D11.5	28.378	1.86754421508743	0	FALSE
PRG1	K10D11.6	27.226	2.54901813420982	0	FALSE
PRG1	K10D11.7	19.088	10.2140556608007	0	FALSE
PRG1	K10D2.5	10.166	1.40943278454315	0	FALSE
PRG1	K10D2.8	27.146	3.64821106164747	0	FALSE
PRG1	K10D3.4	26.362	2.49473684637333	0	FALSE
PRG1	K10D3.6	22.166	16.8347264004891	0	FALSE
PRG1	K10D3.8	13.922	6.17192566937462	0	FALSE
PRG1	K10D6.3	20.006	8.48881661423388	0	FALSE
PRG1	K10D6.4	26.816	6.65355353171189	0	FALSE
PRG1	K10F12.7	15.966	12.5731629358492	0	FALSE
PRG1	K10G4.10	26.778	9.35047801578554	0	FALSE
PRG1	K10G4.15	4.744	3.7636954672286	2	FALSE
PRG1	K10G4.3	24.044	12.6386839768402	0	FALSE
PRG1	K10G4.5	21.824	9.79096539676788	0	FALSE
PRG1	K10G6.5	12.85	15.9602338574732	0	FALSE
PRG1	K10G6.9	26.078	10.6382131582106	0	FALSE
PRG1	K10G9.2	18.136	5.20772716281976	0	FALSE
PRG1	K10H10.10	24.776	3.05452563180921	0	FALSE
PRG1	K10H10.12	16.168	3.9340559960424	0	FALSE
PRG1	K10H10.13	14.054	10.294946311889	0	FALSE
PRG1	K10H10.4	16.012	7.31534208383589	0	FALSE
PRG1	K10H10.5	11.46	5.70503145250768	0	FALSE
PRG1	K10H10.6	24.418	8.30366820413105	0	FALSE
PRG1	K10H10.7	15.386	36.4373693686331	0	FALSE
PRG1	K10H10.9	26.48	6.87202233987163	0	FALSE
PRG1	K11C4.1	19.248	2.81182898052128	0	FALSE
PRG1	K11C4.2	29.02	3.3613860911007	0	FALSE
PRG1	K11D12.11	27.968	3.5977391398907	0	FALSE
PRG1	K11D12.12	11.998	6.55704857309419	0	FALSE
PRG1	K11D12.13	25.726	2.93156746479813	0	FALSE
PRG1	K11D12.14	20.026	8.67359622954129	0	FALSE
PRG1	K11D12.6	27.204	4.79103575680031	0	FALSE
PRG1	K11D12.7	25.108	15.1251144035079	0	FALSE
PRG1	K11D12.8	9.404	74.9054992027978	0	FALSE
PRG1	K11D2.1	26.82	3.15146109009924	0	FALSE
PRG1	K11D2.4	10.678	3.78758083451613	0	FALSE
PRG1	K11D9.3	22.264	11.9385267885645	0	FALSE
PRG1	K11E4.1	14.874	30.7420945335656	0	FALSE
PRG1	K11E4.6	13.292	6.37607667811896	0	FALSE
PRG1	K11G12.6	25.16	10.1406668404226	0	FALSE
PRG1	K11G9.5	21.84	14.2319374429165	0	FALSE
PRG1	K11H12.1	22.668	2.93943329062817	0	FALSE
PRG1	K11H12.10	5.746	1.13856089340732	0	FALSE
PRG1	K11H12.11	27.856	2.65562161744686	0	FALSE
PRG1	K11H12.3	21.578	12.7922494050234	0	FALSE
PRG1	K11H12.4	25.89	6.3705415164108	0	FALSE
PRG1	K11H12.5	24.76	17.711086834856	0	FALSE
PRG1	K11H12.6	2.57	3.68110660086079	2	FALSE
PRG1	K11H12.7	26.59	1.16007497669705	0	FALSE
PRG1	K11H12.8	25.85	1.8941691562623	0	FALSE
PRG1	K11H12.9	23.942	12.4539064072567	0	FALSE
PRG1	K11H3.2	9.806	19.8014864507306	0	FALSE
PRG1	K11H3.3	25.868	15.6149142664113	0	FALSE
PRG1	K11H3.4	23.648	4.86679485834503	0	FALSE
PRG1	K11H3.5	24.152	4.87645158527921	0	FALSE
PRG1	K11H3.8	6.514	8.53813989974422	0	FALSE
PRG1	K12B6.11	8.688	9.38495567408578	0	FALSE
PRG1	K12B6.4	26.538	8.0568355136871	0	FALSE
PRG1	K12B6.9	22.596	12.4200148409726	0	FALSE
PRG1	K12C11.1	18.858	31.95156939138	0	FALSE
PRG1	K12C11.3	19.504	22.7697165544097	0	FALSE
PRG1	K12C11.5	17.08	5.45219987204816	0	FALSE
PRG1	K12C11.6	29.54	1.80293845935748	0	FALSE
PRG1	K12C11.7	24.168	1.12686898848887	0	FALSE
PRG1	K12D12.4	27.516	3.777049821698	0	FALSE
PRG1	K12D12.5	22.728	12.5189487058062	0	FALSE
PRG1	K12D9.1	28.708	4.89837482315051	0	FALSE
PRG1	K12G11.6	27.794	4.05722720951812	0	FALSE
PRG1	K12H4.2	21.204	3.50558204714117	0	FALSE
PRG1	K12H4.3	24.376	6.27998951007516	0	FALSE
PRG1	K12H4.5	10.486	5.04472251499525	0	FALSE
PRG1	K12H4.6	15.03	2.49478819151732	0	FALSE
PRG1	K12H4.7	17.038	0.597682808691208	0	FALSE
PRG1	K12H6.10	21.916	6.80286469212967	0	FALSE
PRG1	K12H6.12	16.106	3.6226486708993	0	FALSE
PRG1	K12H6.2	3.588	5.37694692970198	2	FALSE
PRG1	K12H6.4	26.686	5.01293504252483	0	FALSE
PRG1	K12H6.5	4.898	5.48098331789617	2	FALSE
PRG1	K12H6.6	4.254	2.58366368858187	2	FALSE
PRG1	K12H6.7	28.064	0.924945048091049	0	FALSE
PRG1	K12H6.8	26.742	2.8330269916178	0	FALSE
PRG1	K12H6.9	23.598	20.8176853072284	0	FALSE
PRG1	M01A12.4	22.406	22.8143726536467	0	FALSE
PRG1	M01A8.1	2.524	5.04742540544884	2	FALSE
PRG1	M01B12.4	19.112	5.47638670686792	0	FALSE
PRG1	M01B2.10	27.212	8.96860512344605	0	FALSE
PRG1	M01B2.12	27.806	3.37315410501641	0	FALSE
PRG1	M01B2.13	23.642	25.3154864264892	0	FALSE
PRG1	M01B2.8	20.918	11.4320854179354	0	FALSE
PRG1	M01D1.12	24.424	17.8294612296789	0	FALSE
PRG1	M01D7.9	23.09	4.76819765696599	0	FALSE
PRG1	M01E10.3	12.25	1.54779471231498	0	FALSE
PRG1	M01E11.1	27.172	5.47007098964658	0	FALSE
PRG1	M01E5.2	28.97	2.38339956450867	0	FALSE
PRG1	M01E5.3	17.728	6.24415792758023	0	FALSE
PRG1	M01E5.4	21.342	12.7858586787499	0	FALSE
PRG1	M01F1.4	27.842	0.887955585970117	0	FALSE
PRG1	M01F1.8	24.054	14.0179936603568	0	FALSE
PRG1	M01F1.9	27.79	3.33344317883653	0	FALSE
PRG1	M01G12.10	26.01	10.695593213328	0	FALSE
PRG1	M01G12.14	21.056	2.28225572854362	0	FALSE
PRG1	M01G12.15	23.772	5.46929803309091	0	FALSE
PRG1	M01G12.16	25.592	13.8040341018138	0	FALSE
PRG1	M01G12.2	24.146	6.96485639007952	0	FALSE
PRG1	M01G12.5	23.832	12.6322517112032	0	FALSE
PRG1	M01G12.6	11.818	8.9394635839928	0	FALSE
PRG1	M01G12.7	25.88	12.2144799107268	0	FALSE
PRG1	M01G12.9	20.774	20.2434253736525	0	FALSE
PRG1	M01G5.1	25.322	13.4247769121522	0	FALSE
PRG1	M01H9.10	21.73	7.69383437769679	0	FALSE
PRG1	M01H9.2	21.868	5.26115137732151	0	FALSE
PRG1	M01H9.3	17.402	10.2566287657274	0	FALSE
PRG1	M01H9.4	17.396	9.11764367008428	0	FALSE
PRG1	M01H9.5	16.058	35.3046536736462	0	FALSE
PRG1	M02A10.1	22.62	13.3771212349889	0	FALSE
PRG1	M02B1.3	24.312	17.4587667060071	0	FALSE
PRG1	M02B1.4	29.524	1.00778997862402	0	FALSE
PRG1	M02B7.2	24.102	3.8485946009967	0	FALSE
PRG1	M02B7.7	21.6	8.45715620546742	0	FALSE
PRG1	M02D8.2	16.758	26.4388193010832	0	FALSE
PRG1	M02D8.3	10.33	8.06250271308776	0	FALSE
PRG1	M02D8.5	26.054	5.35887768142063	0	FALSE
PRG1	M02D8.7	19.896	7.86269848191579	0	FALSE
PRG1	M02E1.1	22.456	5.90396375873414	0	FALSE
PRG1	M02E1.3	23.17	13.2021834133519	0	FALSE
PRG1	M02E1.4	17.654	2.6055186380189	0	FALSE
PRG1	M02F4.1	24.016	15.3026128806976	0	FALSE
PRG1	M02F4.2	26.986	7.51518684834983	0	FALSE
PRG1	M02G9.4	18.268	8.51258362239792	0	FALSE
PRG1	M02H5.8	27.43	5.07537206715513	0	FALSE
PRG1	M03A1.3	25.75	5.22145995635174	0	FALSE
PRG1	M03A1.8	27.916	3.24642708814102	0	FALSE
PRG1	M03A8.3	14.306	6.59712661210895	0	FALSE
PRG1	M03B6.1	24.184	18.7590664401892	0	FALSE
PRG1	M03B6.3	24.53	12.4087014444616	0	FALSE
PRG1	M03B6.4	16.432	4.68921788920817	0	FALSE
PRG1	M03B6.5	19.626	3.15488063259512	0	FALSE
PRG1	M03C11.1	24.522	9.78621233770547	0	FALSE
PRG1	M03C11.3	17.544	1.56390794707182	0	FALSE
PRG1	M03C11.6	23.614	12.8614754914381	0	FALSE
PRG1	M03C11.8	9.132	4.57791305631135	0	FALSE
PRG1	M03C11.9	17.404	6.78474783624602	0	FALSE
PRG1	M03D4.3	20.862	5.58615692103869	0	FALSE
PRG1	M03D4.4	16.118	22.594838536967	0	FALSE
PRG1	M03E7.1	24.538	2.97182173227113	0	FALSE
PRG1	M03E7.2	19.648	4.08648943861595	0	FALSE
PRG1	M03E7.3	20.362	4.12860427426655	0	FALSE
PRG1	M03F4.4	25.766	3.94542261789288	0	FALSE
PRG1	M03F4.6	26.824	1.16484490447816	0	FALSE
PRG1	M03F8.1	27.49	5.70369048499239	0	FALSE
PRG1	M03F8.5	27.362	2.01728383173521	0	FALSE
PRG1	M03F8.6	27.772	3.97417322756176	0	FALSE
PRG1	M03F8.7	29.224	1.6125569641416	0	FALSE
PRG1	M04B2.2	26.888	7.53302659171248	0	FALSE
PRG1	M04B2.4	23.542	10.8008609337728	0	FALSE
PRG1	M04B2.7	20.994	4.99832054994047	0	FALSE
PRG1	M04C3.1	25.512	15.1504661708329	0	FALSE
PRG1	M04C3.2	27.52	3.50865815992676	0	FALSE
PRG1	M04C3.5	3.84	7.93737013235843	2	FALSE
PRG1	M04C7.3	20.734	13.774429420573	0	FALSE
PRG1	M04C7.4	22.906	13.2627827138669	0	FALSE
PRG1	M04C9.1	4.406	5.45089897495346	2	FALSE
PRG1	M04C9.2	25.622	4.6089218773553	0	FALSE
PRG1	M04C9.3	19.472	12.787870872418	0	FALSE
PRG1	M04C9.4	12.38	5.45518384649533	0	FALSE
PRG1	M04D5.1	25.584	9.92560218348467	0	FALSE
PRG1	M04D5.3	12.394	22.1365015541678	0	FALSE
PRG1	M04D8.4	24.624	17.9505325620594	0	FALSE
PRG1	M04D8.5	13.732	2.66494914336911	0	FALSE
PRG1	M04D8.7	22.818	14.0125553024815	0	FALSE
PRG1	M04D8.8	22.224	8.06186830633855	0	FALSE
PRG1	M04F3.4	26.428	2.82872742199381	0	FALSE
PRG1	M04F3.5	23.274	8.73701438830903	0	FALSE
PRG1	M04G7.1	24.348	8.70424203056383	0	FALSE
PRG1	M04G7.2	6.298	6.56534117432685	0	FALSE
PRG1	M04G7.5	15.626	23.9520691516033	0	FALSE
PRG1	M05B5.1	18.25	1.31791928447186	0	FALSE
PRG1	M05B5.3	8.012	3.4750890774428	0	FALSE
PRG1	M05B5.7	21.188	11.0808056395169	0	FALSE
PRG1	M05D6.1	19.652	13.9652120765458	0	FALSE
PRG1	M05D6.2	23.02	13.4346684048851	0	FALSE
PRG1	M05D6.3	5.632	5.24379125596957	0	FALSE
PRG1	M05D6.5	22.052	7.6145362182879	0	FALSE
PRG1	M05D6.8	15.064	5.02360751142496	0	FALSE
PRG1	M05D6.9	5.876	14.9909613550452	0	FALSE
PRG1	M106.2	11.622	2.73275148712381	0	FALSE
PRG1	M106.3	27.804	5.15912869807823	0	FALSE
PRG1	M106.7	25.628	1.78628125728033	0	FALSE
PRG1	M106.8	8.174	6.00247658424161	0	FALSE
PRG1	M110.10	4.488	2.05668106224854	2	FALSE
PRG1	M110.3	22.348	14.125034879131	0	FALSE
PRG1	M110.7	28.792	1.09760402584869	0	FALSE
PRG1	M110.8	19.894	7.17671644711396	0	FALSE
PRG1	M110.9	25.126	11.5133718299258	0	FALSE
PRG1	M116.5	25.898	8.70847314987468	0	FALSE
PRG1	M117.1	5.018	6.43654977702235	0	FALSE
PRG1	M117.3	26.938	4.62194012758896	0	FALSE
PRG1	M117.4	20.536	10.6356223524698	0	FALSE
PRG1	M117.6	21.93	7.26831580092566	0	FALSE
PRG1	M142.5	2.304	3.0934947363204	2	FALSE
PRG1	M142.8	16.756	3.84545612488187	0	FALSE
PRG1	M151.1	19.578	6.22031675676248	0	FALSE
PRG1	M151.10	24.59	10.4580073221236	0	FALSE
PRG1	M151.2	21.48	8.04787928733711	0	FALSE
PRG1	M151.3	21.756	28.0724987323682	0	FALSE
PRG1	M151.7	22.256	5.54334140725013	0	FALSE
PRG1	M153.3	24.604	2.86914698905384	0	FALSE
PRG1	M153.5	25.31	6.52131712531596	0	FALSE
PRG1	M162.15	20.618	9.62096553929639	0	FALSE
PRG1	M162.5	25.086	2.20052439696353	0	FALSE
PRG1	M162.7	21.42	1.77465712499983	0	FALSE
PRG1	M163.1	5.906	4.25594854026144	0	FALSE
PRG1	M163.10	15.112	4.60039834450531	0	FALSE
PRG1	M163.11	12.84	24.9983622487399	0	FALSE
PRG1	M163.21	20.934	9.65212883521992	0	FALSE
PRG1	M163.22	26.876	2.65243134807851	0	FALSE
PRG1	M163.5	16.188	2.13563532852305	0	FALSE
PRG1	M163.7	20.294	7.80825469030106	0	FALSE
PRG1	M163.8	15.504	21.6707996003391	0	FALSE
PRG1	M163.9	19.092	3.88470061386134	0	FALSE
PRG1	M176.10	12.704	5.31448232662912	0	FALSE
PRG1	M176.11	29.21	5.00683965507121	0	FALSE
PRG1	M176.16	18.71	3.18112798288679	0	FALSE
PRG1	M176.4	29.996	0.501509231928038	0	FALSE
PRG1	M176.5	23.754	10.9716270913796	0	FALSE
PRG1	M176.9	26.06	4.30368043372858	0	FALSE
PRG1	M18.3	28.706	1.94685752479514	0	FALSE
PRG1	M18.6	22.448	6.21459359567932	0	FALSE
PRG1	M195.2	2.45	2.69202162413733	2	FALSE
PRG1	M199.134	21.706	8.47902176872503	0	FALSE
PRG1	M199.135	13.84	3.96905894999198	0	FALSE
PRG1	M199.136	25.044	4.36592774691908	0	FALSE
PRG1	M199.2	16.41	1.6915223500039	0	FALSE
PRG1	M199.7	27.246	7.3068485283224	0	FALSE
PRG1	M199.8	20.452	10.2425575351296	0	FALSE
PRG1	M199.9	16.724	11.1391354669435	0	FALSE
PRG1	M28.10	4.204	1.94413099350167	2	FALSE
PRG1	M28.4	8.782	5.22460242789215	0	FALSE
PRG1	M28.8	21.712	8.01316763125734	0	FALSE
PRG1	M28.9	23.356	22.2194887752212	0	FALSE
PRG1	M57.1	20.154	5.04099730940135	0	FALSE
PRG1	M57.2	25.226	4.85643253235523	0	FALSE
PRG1	M6.11	24.624	8.30709490236972	0	FALSE
PRG1	M6.4	27.592	2.69322653346772	0	FALSE
PRG1	M60.4	22.578	5.53701829763237	0	FALSE
PRG1	M60.6	25.126	8.06601613831174	0	FALSE
PRG1	M60.7	26.782	6.4555359167516	0	FALSE
PRG1	M7.12	24.238	9.85633658451516	0	FALSE
PRG1	M7.7	7.984	5.33573014541346	0	FALSE
PRG1	M7.8	24.844	10.0022571416752	0	FALSE
PRG1	M70.1	16.132	38.0486121866685	0	FALSE
PRG1	M70.2	19.84	11.2582123670276	0	FALSE
PRG1	M70.3	25.748	3.71196304596501	0	FALSE
PRG1	M70.5	19.706	13.0480598216234	0	FALSE
PRG1	M79.2	22.59	12.3311856281079	0	FALSE
PRG1	M88.3	27.564	2.61670916328803	0	FALSE
PRG1	M88.4	8.074	99.0766114167753	0	FALSE
PRG1	PDB1.1	25.44	10.8491634189437	0	FALSE
PRG1	R01B10.2	17.772	10.4246322705097	0	FALSE
PRG1	R01B10.3	5.908	4.38842587853767	0	FALSE
PRG1	R01E6.2	26.424	7.4639161184907	0	FALSE
PRG1	R01E6.5	14.386	22.0215259957862	0	FALSE
PRG1	R01E6.7	23.06	4.70096859092149	0	FALSE
PRG1	R01H10.4	24.76	10.4742503115945	0	FALSE
PRG1	R01H2.1	21.776	18.444708108451	0	FALSE
PRG1	R01H2.2	15.388	20.6826839770014	0	FALSE
PRG1	R01H2.4	27.548	0.958835902182672	0	FALSE
PRG1	R01H2.7	17.34	5.99505864415686	0	FALSE
PRG1	R01H2.8	22.32	16.0475590603871	0	FALSE
PRG1	R02C2.1	27.548	8.77800418629333	0	FALSE
PRG1	R02C2.7	17.124	27.7372969483467	0	FALSE
PRG1	R02D1.2	20.416	3.91674995417011	0	FALSE
PRG1	R02D3.8	21.55	12.9574836672381	0	FALSE
PRG1	R02D5.1	9.418	38.8934644984239	0	FALSE
PRG1	R02D5.10	19.22	4.24555839501108	0	FALSE
PRG1	R02D5.24	19.722	12.9012274701865	0	FALSE
PRG1	R02D5.3	18.954	19.9252720761224	0	FALSE
PRG1	R02D5.4	13.614	5.43572991033241	0	FALSE
PRG1	R02D5.6	3.454	5.5712740620393	2	FALSE
PRG1	R02D5.7	20.23	3.96501327338714	0	FALSE
PRG1	R02D5.8	28.088	1.54520125581231	0	FALSE
PRG1	R02D5.9	24.398	7.70726086905454	0	FALSE
PRG1	R02E12.12	24.62	13.4128110976736	0	FALSE
PRG1	R02E12.4	26.348	16.6224914727555	0	FALSE
PRG1	R02E12.5	23.554	9.12695413777104	0	FALSE
PRG1	R02E4.1	8.088	6.55723221730382	0	FALSE
PRG1	R02E4.2	7.35	29.9454206030832	0	FALSE
PRG1	R02E4.3	24.24	4.49490153893025	0	FALSE
PRG1	R02F11.1	21.884	2.25455245120793	0	FALSE
PRG1	R02F11.10	19.734	3.21002661718118	0	FALSE
PRG1	R02F11.11	20.82	9.60752871920705	0	FALSE
PRG1	R02F11.12	26.176	10.1327332141426	0	FALSE
PRG1	R02F11.2	17.428	2.09861035903814	0	FALSE
PRG1	R02F11.3	22.94	5.79961752651701	0	FALSE
PRG1	R02F11.9	27.568	5.25699390925219	0	FALSE
PRG1	R02F2.1	23.724	7.08297939451121	0	FALSE
PRG1	R02F2.10	18.756	6.73829938326377	0	FALSE
PRG1	R02F2.4	19.844	14.4218668581742	0	FALSE
PRG1	R02F2.5	15.032	4.09746002427874	0	FALSE
PRG1	R02F2.6	15.492	6.27996768833913	0	FALSE
PRG1	R02F2.7	26.65	3.57508124239206	0	FALSE
PRG1	R02F2.8	28.934	1.50938846689248	0	FALSE
PRG1	R03A10.5	19.754	3.49655654482212	0	FALSE
PRG1	R03C1.1	16.786	3.82120871069558	0	FALSE
PRG1	R03D7.15	22.546	13.0307483554747	0	FALSE
PRG1	R03D7.2	27.196	4.66173404207402	0	FALSE
PRG1	R03D7.5	7.548	4.01564180380692	0	FALSE
PRG1	R03E9.2	24.788	2.0953440274122	0	FALSE
PRG1	R03G5.6	23.872	6.83305414123237	0	FALSE
PRG1	R03G8.1	17.612	3.72184977001011	0	FALSE
PRG1	R03G8.3	25.718	8.64304390403112	0	FALSE
PRG1	R03G8.6	8.198	4.86350843173037	0	FALSE
PRG1	R03H10.1	24.39	9.29104934672758	0	FALSE
PRG1	R03H10.11	13.884	4.40492596649192	0	FALSE
PRG1	R03H10.2	22.702	16.1578248488047	0	FALSE
PRG1	R03H10.4	24.166	15.7841501465368	0	FALSE
PRG1	R03H10.5	19.11	15.9854738558513	0	FALSE
PRG1	R03H10.6	20.562	11.8695094381591	0	FALSE
PRG1	R03H10.7	14.484	2.06410439713257	0	FALSE
PRG1	R04A9.1	14.826	5.87012373127012	0	FALSE
PRG1	R04A9.3	20.382	2.14405428399206	0	FALSE
PRG1	R04A9.6	19.682	17.2225254189617	0	FALSE
PRG1	R04A9.7	25.884	5.2306940504079	0	FALSE
PRG1	R04A9.9	25.354	10.128929492435	0	FALSE
PRG1	R04B3.1	15.654	2.22514731885177	0	FALSE
PRG1	R04B3.2	23.252	1.39206065135725	0	FALSE
PRG1	R04B3.3	22.784	4.96899205996611	0	FALSE
PRG1	R04B5.1	17.83	23.616185998737	0	FALSE
PRG1	R04B5.11	22.032	12.004359838365	0	FALSE
PRG1	R04B5.5	18.042	2.23718821152487	0	FALSE
PRG1	R04B5.6	19.222	32.7985416130773	0	FALSE
PRG1	R04B5.7	12.744	8.28344306941045	0	FALSE
PRG1	R04D3.2	19.784	22.3297499826598	0	FALSE
PRG1	R04D3.3	25.078	4.00580005106668	0	FALSE
PRG1	R04D3.4	22.702	5.89420815363647	0	FALSE
PRG1	R04E5.7	20.1	6.72396848478277	0	FALSE
PRG1	R04E5.8	12.518	10.051452591887	0	FALSE
PRG1	R04E5.9	5.186	107.753599025466	0	FALSE
PRG1	R04F11.2	7.036	1.47222446419313	0	FALSE
PRG1	R04F11.3	10.464	4.99352758771466	0	FALSE
PRG1	R04F11.5	22.196	3.73392610917254	0	FALSE
PRG1	R05A10.1	25.352	5.23837322153416	0	FALSE
PRG1	R05A10.2	15.974	7.93742017822445	0	FALSE
PRG1	R05A10.3	14.366	1.95190319853371	0	FALSE
PRG1	R05A10.4	26.37	10.7869255232321	0	FALSE
PRG1	R05A10.6	26.744	1.46654082239607	0	FALSE
PRG1	R05A10.7	25.458	7.32151996070695	0	FALSE
PRG1	R05A10.8	26.034	3.23050292494886	0	FALSE
PRG1	R05C11.2	25.602	11.3134396266126	0	FALSE
PRG1	R05C11.4	18.354	1.20888277784247	0	FALSE
PRG1	R05D11.9	25.432	5.70116659124742	0	FALSE
PRG1	R05D3.12	27.39	9.94538559947271	1	TRUE
PRG1	R05D3.2	18.062	13.2744902084334	0	FALSE
PRG1	R05D3.3	18.496	7.40667146842244	0	FALSE
PRG1	R05D3.5	21.712	6.1913828193716	0	FALSE
PRG1	R05D3.8	22.582	24.6686321680747	0	FALSE
PRG1	R05D3.9	16.954	3.34169498986044	0	FALSE
PRG1	R05D7.1	28.822	2.49283365549467	0	FALSE
PRG1	R05D7.2	21.694	16.1177009197943	0	FALSE
PRG1	R05D7.3	20.674	5.94149373242814	0	FALSE
PRG1	R05D7.7	24.832	3.94676716566304	0	FALSE
PRG1	R05D8.11	23.996	11.4341714981817	0	FALSE
PRG1	R05F9.7	14.132	2.20861711794969	0	FALSE
PRG1	R05F9.9	18.776	14.8069305313577	0	FALSE
PRG1	R05G6.1	10.172	11.7994246608538	0	FALSE
PRG1	R05G6.10	10.928	3.53841655150717	0	FALSE
PRG1	R05G6.3	23.442	13.7375329117883	0	FALSE
PRG1	R05G6.4	22.194	2.6493110530665	1	TRUE
PRG1	R05G6.5	25.416	6.17493026099097	0	FALSE
PRG1	R05G6.9	11.96	9.33407757598918	0	FALSE
PRG1	R05G9.1	19.376	18.6231671352192	0	FALSE
PRG1	R05G9.3	26.674	4.8860875914137	0	FALSE
PRG1	R05G9.5	24.95	5.01762949174637	0	FALSE
PRG1	R05G9R.1	21.99	13.4669997871004	0	FALSE
PRG1	R05H10.1	26.428	11.0680947002685	0	FALSE
PRG1	R05H10.3	26.748	2.58009263276172	0	FALSE
PRG1	R05H10.7	26.742	6.31817539097981	0	FALSE
PRG1	R05H11.1	22.16	17.835445636412	0	FALSE
PRG1	R05H11.2	18.066	15.1657830226802	0	FALSE
PRG1	R05H5.3	9.834	3.95578165498669	0	FALSE
PRG1	R05H5.4	28.076	6.86453075953067	0	FALSE
PRG1	R05H5.7	18.438	5.8097421704581	0	FALSE
PRG1	R06A10.1	7.094	2.1041001586744	0	FALSE
PRG1	R06A10.4	17.868	1.72153369750827	0	FALSE
PRG1	R06A10.5	22.96	11.6876997138134	0	FALSE
PRG1	R06B10.7	16.278	9.21759390272509	0	FALSE
PRG1	R06B9.5	11.676	3.3173780619896	0	FALSE
PRG1	R06C1.4	16.27	4.02569708514144	0	FALSE
PRG1	R06C1.6	3.818	4.15533157167403	2	FALSE
PRG1	R06C7.2	21.688	4.74350383423795	0	FALSE
PRG1	R06C7.6	26.168	7.62548645456954	0	FALSE
PRG1	R06F6.12	19.466	3.82081945036752	0	FALSE
PRG1	R06F6.14	17.616	2.87123297983094	0	FALSE
PRG1	R06F6.8	18.308	9.17813688153326	0	FALSE
PRG1	R07A4.2	29.732	0.95853366048425	0	FALSE
PRG1	R07A4.3	21.86	2.3949936162321	0	FALSE
PRG1	R07A4.4	14.268	7.19362816536728	0	FALSE
PRG1	R07B1.11	23.212	10.6649335885526	0	FALSE
PRG1	R07B1.13	19.7	22.0486661277464	0	FALSE
PRG1	R07B1.3	28.542	3.69621586899049	0	FALSE
PRG1	R07B1.5	8.294	8.74046877017123	0	FALSE
PRG1	R07B1.6	20.904	21.5601118518256	0	FALSE
PRG1	R07B1.7	19.462	10.8128912958839	0	FALSE
PRG1	R07B1.9	18.802	7.67687317772491	0	FALSE
PRG1	R07B7.10	13.246	9.46599744489617	0	FALSE
PRG1	R07B7.12	16.814	3.72714248487828	0	FALSE
PRG1	R07B7.2	23.514	6.06604370732815	0	FALSE
PRG1	R07B7.6	21.742	20.8080824179987	0	FALSE
PRG1	R07B7.8	26.006	2.90687903582128	0	FALSE
PRG1	R07B7.9	25.872	4.35724537886535	0	FALSE
PRG1	R07C12.1	28.124	4.83740046524963	0	FALSE
PRG1	R07C12.3	26.022	7.50942807990281	0	FALSE
PRG1	R07C3.13	20.3	23.3015861187494	0	FALSE
PRG1	R07C3.3	25.262	10.7928670961044	0	FALSE
PRG1	R07D5.2	24.174	15.227928901965	0	FALSE
PRG1	R07E3.1	23.384	9.04621784275996	0	FALSE
PRG1	R07E3.4	19.322	3.57357073054979	0	FALSE
PRG1	R07E3.6	17.048	7.39012811364013	0	FALSE
PRG1	R07E3.7	21.402	3.87467855859064	0	FALSE
PRG1	R07E4.1	28.978	1.27599101645514	0	FALSE
PRG1	R07E4.3	22.476	3.7539144624193	0	FALSE
PRG1	R07E4.5	12.61	6.1804814491352	0	FALSE
PRG1	R07E5.11	15.112	1.66710250562843	0	FALSE
PRG1	R07E5.15	18.3	14.8067266184923	0	FALSE
PRG1	R07E5.17	20.094	1.71371786869199	0	FALSE
PRG1	R07E5.19	30.236	1.00223128550057	0	FALSE
PRG1	R07E5.4	19.342	5.82633366007765	0	FALSE
PRG1	R07E5.5	24.456	14.0670168608834	0	FALSE
PRG1	R07E5.6	22.616	3.77922920629757	0	FALSE
PRG1	R07E5.7	11.242	0.910185180023946	0	FALSE
PRG1	R07G3.7	24.644	3.3296821831916	0	FALSE
PRG1	R07G3.8	21.792	8.63722809963773	0	FALSE
PRG1	R07H5.11	24.012	11.1974437096556	0	FALSE
PRG1	R07H5.16	8.45	2.44114217097471	0	FALSE
PRG1	R07H5.9	20.1	20.4865811551259	0	FALSE
PRG1	R08A2.1	18.264	9.68218992523886	0	FALSE
PRG1	R08A2.2	25.842	8.33311567842597	0	FALSE
PRG1	R08A2.5	25.408	6.82577283885459	0	FALSE
PRG1	R08A2.7	25.48	12.1296032753511	0	FALSE
PRG1	R08A2.9	19.85	2.80401411588428	0	FALSE
PRG1	R08B4.3	20.548	2.08313244115591	0	FALSE
PRG1	R08C7.1	17.686	3.461685036426	0	FALSE
PRG1	R08C7.11	16.956	20.3817765224586	0	FALSE
PRG1	R08C7.12	15.732	9.72429943796637	0	FALSE
PRG1	R08C7.4	19.588	1.69296124795688	0	FALSE
PRG1	R08C7.5	20.648	2.09078805899518	0	FALSE
PRG1	R08C7.8	22.558	8.7720772899233	0	FALSE
PRG1	R08D7.4	28.478	4.10516189643028	0	FALSE
PRG1	R08D7.5	24.184	22.265254091272	0	FALSE
PRG1	R08D7.7	24.204	4.66660186771117	0	FALSE
PRG1	R08E3.1	26.634	2.10769846539913	0	FALSE
PRG1	R08E3.3	27.032	8.48295946957196	0	FALSE
PRG1	R08E5.1	25.956	8.45052174808547	0	FALSE
PRG1	R08E5.4	16.082	10.139884158387	0	FALSE
PRG1	R08F11.1	29.108	2.55052990067581	0	FALSE
PRG1	R08F11.4	27.106	10.8911563441749	0	FALSE
PRG1	R08F11.7	23.808	2.48658042483988	0	FALSE
PRG1	R09A1.3	23.282	7.44950290211143	0	FALSE
PRG1	R09A8.1	25.398	5.15648866077684	0	FALSE
PRG1	R09A8.2	14.526	23.7078557776515	0	FALSE
PRG1	R09A8.5	20.408	4.61559243843448	0	FALSE
PRG1	R09A8.9	7.278	6.04514849917747	0	FALSE
PRG1	R09B5.11	26.27	6.06586384374627	0	FALSE
PRG1	R09D1.12	24.894	6.50514927758778	0	FALSE
PRG1	R09D1.13	27.736	3.3468926104008	0	FALSE
PRG1	R09D1.14	20.844	20.4470669064297	0	FALSE
PRG1	R09E10.1	18.788	27.7246527304156	0	FALSE
PRG1	R09E10.13	15.434	4.68088136521183	0	FALSE
PRG1	R09E10.2	24.04	3.80143684187769	0	FALSE
PRG1	R09E10.5	26.636	10.8470411745347	0	FALSE
PRG1	R09E10.6	8.606	7.0611681207838	0	FALSE
PRG1	R09E10.8	26.586	11.4688916913	0	FALSE
PRG1	R09E12.9	26.676	9.78273256059247	0	FALSE
PRG1	R09F10.1	22.876	9.49501507532654	0	FALSE
PRG1	R09F10.3	25.166	3.5864601325315	0	FALSE
PRG1	R09F10.5	17.734	11.3445777022709	0	FALSE
PRG1	R09F10.8	21.936	11.9214832081271	0	FALSE
PRG1	R09H10.1	25.13	15.8003317817382	0	FALSE
PRG1	R09H10.2	26.64	10.1626253807914	0	FALSE
PRG1	R09H10.3	27.628	5.88042774183843	0	FALSE
PRG1	R09H10.5	27.03	3.75950380739627	0	FALSE
PRG1	R09H10.6	22.868	12.8469224956446	0	FALSE
PRG1	R09H10.7	22.71	11.7504604035241	0	FALSE
PRG1	R09H3.2	13.326	2.65342799380809	0	FALSE
PRG1	R09H3.3	21.322	4.63519721810612	0	FALSE
PRG1	R102.1	26.254	8.6200268669586	0	FALSE
PRG1	R102.10	24.764	8.71652279514008	0	FALSE
PRG1	R102.11	19.526	13.3132941097399	0	FALSE
PRG1	R102.2	23.082	6.87808169059087	0	FALSE
PRG1	R102.3	16.382	6.09531147181361	0	FALSE
PRG1	R102.4	22.688	8.37652385575187	0	FALSE
PRG1	R102.6	19.744	18.649876723482	0	FALSE
PRG1	R102.8	23.238	21.97584773726	0	FALSE
PRG1	R105.1	25.686	6.86886073732412	0	FALSE
PRG1	R105.5	21.88	1.06304418186591	0	FALSE
PRG1	R107.2	29.236	1.44199055983668	0	FALSE
PRG1	R107.5	11.118	67.9037690740514	0	FALSE
PRG1	R107.9	22.53	5.77383878672763	0	FALSE
PRG1	R10A10.1	16.182	6.94583542634974	0	FALSE
PRG1	R10D12.1	25.884	10.0024739714106	0	FALSE
PRG1	R10D12.10	26.948	3.59764996940616	0	FALSE
PRG1	R10D12.13	22.39	14.9452620064196	0	FALSE
PRG1	R10D12.15	28.33	2.62171353833196	0	FALSE
PRG1	R10D12.6	23.198	7.74631066707563	0	FALSE
PRG1	R10D12.7	23.57	12.8630584811578	0	FALSE
PRG1	R10D12.8	26.358	3.43411096726624	0	FALSE
PRG1	R10E11.5	19.302	2.15468149295597	0	FALSE
PRG1	R10E11.6	23.078	16.4673634753875	0	FALSE
PRG1	R10E11.9	21.572	2.02895931229649	0	FALSE
PRG1	R10E12.2	25.19	6.8271254038335	0	FALSE
PRG1	R10E4.1	19.736	11.3552790113037	0	FALSE
PRG1	R10E4.11	25.032	12.4239494338775	0	FALSE
PRG1	R10E4.3	21.306	11.6588048419082	0	FALSE
PRG1	R10E4.6	27.436	5.26062558143491	0	FALSE
PRG1	R10E4.7	26.964	6.00970451617428	0	FALSE
PRG1	R10E4.9	29.494	2.17160099813094	0	FALSE
PRG1	R10E8.1	25.414	7.22102471050256	0	FALSE
PRG1	R10E8.2	27.328	7.61912739135505	0	FALSE
PRG1	R10E8.3	5.004	3.75625024519488	0	FALSE
PRG1	R10E8.5	15.306	2.90077906175245	0	FALSE
PRG1	R10E8.6	29.61	0.867299293373608	0	FALSE
PRG1	R10E8.8	28.212	2.07826111508279	0	FALSE
PRG1	R10E9.2	24.626	9.21895515721675	0	FALSE
PRG1	R10E9.3	21.486	9.18060152006341	0	FALSE
PRG1	R10E9.4	18.142	17.922896745371	0	FALSE
PRG1	R10F2.4	23.582	7.54285125394381	0	FALSE
PRG1	R10F2.5	2.752	9.99570516039746	2	FALSE
PRG1	R10F2.6	15.22	6.54182395871593	0	FALSE
PRG1	R10H1.1	14.82	11.0495539307794	0	FALSE
PRG1	R10H10.3	25.768	19.4416235521141	0	FALSE
PRG1	R10H10.4	25.12	8.00753178176098	0	FALSE
PRG1	R10H10.7	29.162	1.24051707248249	0	FALSE
PRG1	R11.3	26.936	4.46301008247495	0	FALSE
PRG1	R11.4	25.546	5.45667415405707	0	FALSE
PRG1	R119.3	20.836	2.68242298332812	0	FALSE
PRG1	R119.5	27.29	6.41998214659105	0	FALSE
PRG1	R11A5.3	21.458	14.8161080964381	0	FALSE
PRG1	R11A5.6	19.61	8.45838470953512	0	FALSE
PRG1	R11A8.1	13.638	3.39612141258947	0	FALSE
PRG1	R11D1.1	25.246	2.19945617836232	0	FALSE
PRG1	R11D1.12	17.902	6.05638476715677	0	FALSE
PRG1	R11D1.13	26.714	6.40587562145441	0	FALSE
PRG1	R11D1.2	26.84	7.27200765722256	0	FALSE
PRG1	R11D1.3	27.95	5.22630851648495	0	FALSE
PRG1	R11D1.4	4.31	7.77867963537829	2	FALSE
PRG1	R11D1.7	5.844	5.86629854080593	0	FALSE
PRG1	R11E3.1	25.168	8.91469740299606	0	FALSE
PRG1	R11E3.19	23.596	9.09092390030942	0	FALSE
PRG1	R11E3.2	28.112	3.4073443472237	0	FALSE
PRG1	R11F4.1	28.59	2.07518670502852	0	FALSE
PRG1	R11F4.2	2.384	3.4283249566615	2	FALSE
PRG1	R11G1.1	23.932	5.61806277104188	0	FALSE
PRG1	R11G1.11	22.166	8.5708315296734	0	FALSE
PRG1	R11G1.2	8.516	4.82562375091068	0	FALSE
PRG1	R11G1.7	4.13	1.83604732301491	2	FALSE
PRG1	R11G10.3	22.358	4.37126751042511	0	FALSE
PRG1	R11G10.4	16.306	2.56718278904304	0	FALSE
PRG1	R11G11.16	15.648	23.6659718444426	0	FALSE
PRG1	R11H6.2	23.372	14.2316964853023	0	FALSE
PRG1	R11H6.4	17.876	12.978813328278	0	FALSE
PRG1	R11H6.5	28.72	1.74512034625928	0	FALSE
PRG1	R12A1.3	25.128	3.82824553363836	0	FALSE
PRG1	R12B2.13	15.922	7.9331689178979	0	FALSE
PRG1	R12B2.2	26.096	7.71616793346907	0	FALSE
PRG1	R12B2.3	23.852	6.63713211906528	0	FALSE
PRG1	R12B2.6	26.27	14.0734171712827	0	FALSE
PRG1	R12B2.7	20.038	4.2091402883077	0	FALSE
PRG1	R12B2.8	19.03	21.6127190563935	0	FALSE
PRG1	R12C12.10	8.678	3.24440291779192	0	FALSE
PRG1	R12C12.5	13.896	21.1654025267599	0	FALSE
PRG1	R12C12.6	20.76	3.40899598615186	0	FALSE
PRG1	R12C12.7	11.09	5.43763747272273	0	FALSE
PRG1	R12C12.9	20.742	21.3142574476894	0	FALSE
PRG1	R12E2.11	24.704	11.8018295281373	0	FALSE
PRG1	R12E2.13	23.58	14.3423974326428	0	FALSE
PRG1	R12E2.14	12.7	13.0222747306021	0	FALSE
PRG1	R12E2.15	16.47	5.20092340589308	0	FALSE
PRG1	R12E2.6	17.212	1.74944571302459	0	FALSE
PRG1	R12E2.7	19.124	14.4627205756234	0	FALSE
PRG1	R12E2.8	25.412	7.18137153962314	0	FALSE
PRG1	R12G8.1	24.414	16.1951147463326	0	FALSE
PRG1	R12H7.4	23.61	13.0495820800823	0	FALSE
PRG1	R13A1.1	22.45	4.63412255874024	0	FALSE
PRG1	R13A1.10	26.6	8.09655222618054	0	FALSE
PRG1	R13A1.3	7.516	7.77776436907646	0	FALSE
PRG1	R13A1.5	22.694	12.3512201811948	0	FALSE
PRG1	R13A5.10	27.224	1.65572627947678	0	FALSE
PRG1	R13A5.11	27.216	3.27648683965758	0	FALSE
PRG1	R13A5.15	23.29	2.74157964625927	0	FALSE
PRG1	R13A5.7	24.856	5.52118083715523	0	FALSE
PRG1	R13D11.1	28.804	2.39091756913555	0	FALSE
PRG1	R13D11.10	18.742	7.38643837909998	0	FALSE
PRG1	R13D11.3	29.126	3.93996401943894	0	FALSE
PRG1	R13D11.4	26.116	10.7849896191341	0	FALSE
PRG1	R13D7.2	26.644	7.04298918753336	0	FALSE
PRG1	R13H4.2	4.98	6.88611574276395	2	FALSE
PRG1	R13H4.5	25.228	9.60636335179444	0	FALSE
PRG1	R13H4.6	24.558	8.83629012530466	0	FALSE
PRG1	R13H4.7	27.228	6.17330991244424	0	FALSE
PRG1	R13H7.2	21.292	8.74220019778703	0	FALSE
PRG1	R13H9.6	24.72	9.61694742518774	0	FALSE
PRG1	R144.10	23.244	3.58550448588017	0	FALSE
PRG1	R144.11	24.36	15.4385510065098	0	FALSE
PRG1	R144.12	23.746	5.00434078175505	0	FALSE
PRG1	R144.13	19.892	8.30038078962662	0	FALSE
PRG1	R144.3	18.118	22.7596818416885	0	FALSE
PRG1	R144.6	14.882	9.5539528097641	0	FALSE
PRG1	R148.3	20.602	6.77274415908811	0	FALSE
PRG1	R148.4	13.456	1.13146399186494	0	FALSE
PRG1	R148.5	12.152	1.52004606833691	0	FALSE
PRG1	R148.7	18.028	3.55466714156337	0	FALSE
PRG1	R148.8	23.556	16.3509654429125	0	FALSE
PRG1	R151.1	25.38	5.14572977693129	0	FALSE
PRG1	R151.6	12.912	4.69256724651353	0	FALSE
PRG1	R151.8	19.212	18.0495639342171	0	FALSE
PRG1	R151.8A	29.166	3.30421170822607	0	FALSE
PRG1	R155.3	13.752	41.6419572373285	0	FALSE
PRG1	R155.5	16.314	5.35684977308546	0	FALSE
PRG1	R160.10	14.984	4.68179243703999	0	FALSE
PRG1	R160.12	15.232	6.5569802405804	0	FALSE
PRG1	R160.13	8.83	3.4620150323064	0	FALSE
PRG1	R160.14	14.23	4.67969371514698	0	FALSE
PRG1	R160.2	17.192	3.15427067443978	0	FALSE
PRG1	R160.3	14.672	30.0948384169565	0	FALSE
PRG1	R160.4	23.424	1.92858668217728	0	FALSE
PRG1	R160.5	19.178	1.47363024994582	0	FALSE
PRG1	R160.6	23.204	14.4772667972872	0	FALSE
PRG1	R166.2	28.034	8.18377126251757	0	FALSE
PRG1	R166.3	27.448	3.4705113455515	0	FALSE
PRG1	R186.3	27.868	5.51365302586899	0	FALSE
PRG1	R186.8	23.64	10.45973236681	0	FALSE
PRG1	R193.1	23.116	14.2282460987919	0	FALSE
PRG1	R193.2	28.072	6.04596824023811	0	FALSE
PRG1	R193.6	17.22	21.7482969912499	0	FALSE
PRG1	R31.2	18.578	2.37309792064524	0	FALSE
PRG1	R52.4	24.82	3.98647980852991	0	FALSE
PRG1	R52.5	13.34	2.87947808345859	0	FALSE
PRG1	R52.6	22.548	4.2653610373415	0	FALSE
PRG1	R53.4	23.014	2.20142506292704	0	FALSE
PRG1	R53.5	26.206	2.91756969835748	0	FALSE
PRG1	R53.8	15.738	17.3166972814071	0	FALSE
PRG1	R57.2	16	3.59985893820856	0	FALSE
PRG1	R74.2	11.266	0.940632827391372	0	FALSE
PRG1	R74.7	21.01	18.3997421190354	0	FALSE
PRG1	R74.8	25.728	12.2199230152143	0	FALSE
PRG1	T01A4.9	24.732	3.40619090888376	0	FALSE
PRG1	T01B10.5	9.794	4.67483855850745	0	FALSE
PRG1	T01B11.1	25.43	9.6485645456208	0	FALSE
PRG1	T01B4.3	23.348	3.39433216991342	0	FALSE
PRG1	T01B6.1	20.568	11.0110123432535	0	FALSE
PRG1	T01B7.13	19.402	11.913985295703	0	FALSE
PRG1	T01B7.5	15.15	1.29682394088373	0	FALSE
PRG1	T01B7.9	16.352	30.308887972006	0	FALSE
PRG1	T01C1.4	18.598	8.53775001964546	0	FALSE
PRG1	T01C3.11	23.684	15.4152558336795	0	FALSE
PRG1	T01C3.2	23.524	10.3152407412203	0	FALSE
PRG1	T01C3.3	17.382	18.3293278476362	0	FALSE
PRG1	T01C4.8	23.338	8.83561059403428	0	FALSE
PRG1	T01C8.2	24.74	8.63786278555507	0	FALSE
PRG1	T01C8.3	24.718	7.58895735572204	0	FALSE
PRG1	T01D1.3	21.388	4.13702855263177	0	FALSE
PRG1	T01D1.4	27.424	6.81521690098139	0	FALSE
PRG1	T01D1.5	16.138	21.6965441572101	0	FALSE
PRG1	T01D1.7	22.688	25.6418816188395	0	FALSE
PRG1	T01D1.8	24.81	2.72656743656393	0	FALSE
PRG1	T01D3.3	20.29	7.77553716047723	0	FALSE
PRG1	T01D3.6	24.658	7.29656065789465	0	FALSE
PRG1	T01E8.1	27.974	4.71369527310108	0	FALSE
PRG1	T01G1.2	11.902	40.5273837835089	0	FALSE
PRG1	T01G1.4	28.108	5.6944082407928	0	FALSE
PRG1	T01G5.6	24.64	11.9301270446569	0	FALSE
PRG1	T01G5.7	18.858	12.2179763033075	0	FALSE
PRG1	T01G5.8	19.846	4.70319974622876	0	FALSE
PRG1	T01G6.1	29.996	1.52820172416105	0	FALSE
PRG1	T01G6.10	28.64	3.49572035788208	0	FALSE
PRG1	T01G9.2	28.186	6.20422334057908	0	FALSE
PRG1	T01H10.11	16.818	3.32376121367105	0	FALSE
PRG1	T01H3.2	9.746	3.0667068266031	0	FALSE
PRG1	T01H3.3	16.566	4.88330604243858	0	FALSE
PRG1	T01H3.5	19.704	3.57689174323986	0	FALSE
PRG1	T02B11.4	29.234	3.51170188555431	0	FALSE
PRG1	T02B11.6	9.918	3.44762720774084	0	FALSE
PRG1	T02B11.8	13.202	13.2976370519611	0	FALSE
PRG1	T02B11.9	14.578	4.2613842575535	0	FALSE
PRG1	T02C1.1	26.4	2.01684538060214	0	FALSE
PRG1	T02C1.2	21.858	2.33803615589913	0	FALSE
PRG1	T02C12.5	25.194	2.28575553680668	0	FALSE
PRG1	T02C5.1	20.418	7.52289199898513	0	FALSE
PRG1	T02D1.4	19.8	7.70429673260752	0	FALSE
PRG1	T02D1.7	18.53	22.8885262887438	0	FALSE
PRG1	T02D1.8	18.612	25.4423035181274	0	FALSE
PRG1	T02D1.9	25.792	13.704344175097	0	FALSE
PRG1	T02E1.2	25.678	10.3251651590881	0	FALSE
PRG1	T02E1.6	12.288	3.20259813560538	0	FALSE
PRG1	T02E1.7	17.322	41.2886018077358	0	FALSE
PRG1	T02E1.8	27.004	2.3026062302334	0	FALSE
PRG1	T02E9.5	16.804	4.60452358818215	0	FALSE
PRG1	T02E9.6	24.698	4.25264798429704	0	FALSE
PRG1	T02G5.14	23.906	18.3933577359444	0	FALSE
PRG1	T02G5.15	16.528	6.22603089343722	0	FALSE
PRG1	T02G5.3	27.872	2.81586381605757	0	FALSE
PRG1	T02G5.7	29.324	2.50254410345761	0	FALSE
PRG1	T02G6.11	29.154	1.95372014162412	0	FALSE
PRG1	T02G6.3	5.662	10.4124103914331	0	FALSE
PRG1	T02G6.4	11.506	3.58428268208782	0	FALSE
PRG1	T02G6.5	17.734	38.8621435306437	0	FALSE
PRG1	T02G6.6	16	4.58534520238117	0	FALSE
PRG1	T02H6.1	18.378	3.39141155554324	0	FALSE
PRG1	T02H6.10	15.966	5.62279870590068	0	FALSE
PRG1	T02H6.11	16.252	16.737894635963	0	FALSE
PRG1	T02H6.3	23.696	17.5027117888999	0	FALSE
PRG1	T02H6.4	8.874	45.7922505233907	0	FALSE
PRG1	T02H6.5	23.776	8.85691666037736	0	FALSE
PRG1	T02H6.6	20.176	10.3719126302702	0	FALSE
PRG1	T02H6.7	8.522	9.72195115130411	0	FALSE
PRG1	T02H6.8	19.43	21.5058891468445	0	FALSE
PRG1	T02H6.9	20.348	1.06622870444847	0	FALSE
PRG1	T03D3.5	16.562	11.3973121826145	0	FALSE
PRG1	T03D8.6	25.75	3.21099534295344	0	FALSE
PRG1	T03E6.8	20.768	12.3749666492544	0	FALSE
PRG1	T03E6.9	21.168	20.3000094618361	0	FALSE
PRG1	T03F1.11	13.334	2.28560223774417	0	FALSE
PRG1	T03F1.12	20.384	22.9762795019774	0	FALSE
PRG1	T03F1.6	29.352	1.26547809887827	0	FALSE
PRG1	T03F6.10	22.236	11.2314475334535	0	FALSE
PRG1	T03F6.3	25.36	9.16901981836333	0	FALSE
PRG1	T03F6.4	20.014	20.8079762883294	0	FALSE
PRG1	T03F6.6	12.99	4.17624510855084	0	FALSE
PRG1	T03F6.9	24.938	1.6244978224934	0	FALSE
PRG1	T03F7.5	23.86	9.08699035395557	0	FALSE
PRG1	T03F7.6	21.328	11.4616410882868	0	FALSE
PRG1	T03F7.7	25.32	8.69403295398568	0	FALSE
PRG1	T03G11.10	14.49	3.01493321722606	0	FALSE
PRG1	T03G11.3	8.608	1.90959124125994	0	FALSE
PRG1	T03G11.9	16.846	1.25264944756325	0	FALSE
PRG1	T03G6.1	27.248	2.07158084210055	0	FALSE
PRG1	T03G6.3	20.172	21.0688490743909	0	FALSE
PRG1	T03G6.7	17.074	3.12220545284415	0	FALSE
PRG1	T04A11.1	24.19	14.8887553810879	0	FALSE
PRG1	T04A11.2	23.916	10.6142724750924	0	FALSE
PRG1	T04A6.1	29.398	0.845074842471211	0	FALSE
PRG1	T04A6.2	11.03	1.81663326468847	0	FALSE
PRG1	T04A6.3	23.346	5.89667269386678	0	FALSE
PRG1	T04A8.13	21.054	15.1142311030764	0	FALSE
PRG1	T04A8.18	24.714	12.098629050082	0	FALSE
PRG1	T04A8.7	27.318	1.98878212059913	0	FALSE
PRG1	T04A8.8	18.886	8.64060131800617	0	FALSE
PRG1	T04B2.3	18.078	14.3760252423799	0	FALSE
PRG1	T04B2.7	22.894	4.69241353632184	0	FALSE
PRG1	T04B2.8	15.736	4.10062998930348	0	FALSE
PRG1	T04B8.1	27.028	3.60128393735901	0	FALSE
PRG1	T04B8.5	7.952	8.24454966487243	0	FALSE
PRG1	T04C10.11	17.702	8.69071866980031	0	FALSE
PRG1	T04C10.3	28.512	1.99875825442964	0	FALSE
PRG1	T04C12.1	25.414	6.09580106829809	0	FALSE
PRG1	T04C12.11	21.796	3.7258384085357	0	FALSE
PRG1	T04C12.33	25.328	6.57582099489557	0	FALSE
PRG1	T04C12.7	14.956	2.12051016744349	0	FALSE
PRG1	T04C12.8	24.67	5.27236369456071	0	FALSE
PRG1	T04C12.9	21.878	3.28611717194578	0	FALSE
PRG1	T04C4.3	13.212	4.35437421874005	0	FALSE
PRG1	T04C9.1	23.112	5.40545088416531	0	FALSE
PRG1	T04C9.2	13.794	3.35583498413172	0	FALSE
PRG1	T04C9.3	19.534	6.33846568441147	0	FALSE
PRG1	T04D1.2	24.286	10.8795262019411	0	FALSE
PRG1	T04D3.1	24.718	15.9888941909533	0	FALSE
PRG1	T04D3.5	24.626	8.89751669874197	0	FALSE
PRG1	T04D3.8	20.966	8.99638141488325	0	FALSE
PRG1	T04F3.3	25.664	8.23162715050577	0	FALSE
PRG1	T04F3.4	19.116	25.7970650264227	0	FALSE
PRG1	T04F3.5	18.448	7.8585659909381	0	FALSE
PRG1	T04F8.2	17.264	3.0097080450955	0	FALSE
PRG1	T04F8.3	3.346	3.61489948935052	2	FALSE
PRG1	T04F8.7	10.146	4.70137047325919	0	FALSE
PRG1	T04F8.8	20.794	6.92178421507074	0	FALSE
PRG1	T04F8.9	17.016	5.31642910332716	0	FALSE
PRG1	T04G9.4	27.582	2.58031391815684	0	FALSE
PRG1	T04G9.6	17.338	6.35981632048906	0	FALSE
PRG1	T04G9.7	19.826	6.06825305252023	0	FALSE
PRG1	T04H1.12	22.44	21.4586653111204	0	FALSE
PRG1	T04H1.13	18.638	2.67069967161949	0	FALSE
PRG1	T04H1.5	20.16	1.74846792976335	0	FALSE
PRG1	T05A1.5	23.502	9.24121420247262	0	FALSE
PRG1	T05A10.6	13.982	49.1764446634826	0	FALSE
PRG1	T05A12.3	16.808	7.18509824428447	0	FALSE
PRG1	T05A12.4	20.514	6.91708812755555	0	FALSE
PRG1	T05A7.1	27.422	6.67404175872891	0	FALSE
PRG1	T05A7.11	25.794	4.23232832543524	0	FALSE
PRG1	T05A7.13	27.136	3.69531687765564	0	FALSE
PRG1	T05A7.3	12.054	2.7995778071208	0	FALSE
PRG1	T05A7.6	23.48	7.5816376973915	0	FALSE
PRG1	T05A7.7	20.758	16.6530335498203	0	FALSE
PRG1	T05A8.1	22.098	27.5678479490734	0	FALSE
PRG1	T05A8.11	20.69	3.46649030005628	0	FALSE
PRG1	T05A8.2	8.594	2.79942548451396	0	FALSE
PRG1	T05A8.6	10.372	1.8323623630088	0	FALSE
PRG1	T05A8.7	25.834	6.19499717825917	0	FALSE
PRG1	T05A8.8	14.564	8.48760715383457	0	FALSE
PRG1	T05B11.4	23.804	14.0895140157201	0	FALSE
PRG1	T05B11.7	23.002	10.4046430634563	0	FALSE
PRG1	T05B4.10	24.324	5.03677392448051	0	FALSE
PRG1	T05B4.12	26.102	1.95225751663848	0	FALSE
PRG1	T05B4.13	17.576	14.6055212738177	0	FALSE
PRG1	T05B4.8	24.678	6.28125088875631	0	FALSE
PRG1	T05B4.9	23.618	11.7988412182713	0	FALSE
PRG1	T05B9.1	24.076	9.97261189210317	0	FALSE
PRG1	T05B9.2	25.488	5.67651843946145	0	FALSE
PRG1	T05C1.1	20.748	6.6185425355483	0	FALSE
PRG1	T05C1.2	24.434	3.61252111280697	0	FALSE
PRG1	T05C1.3	26.198	8.03885771022794	0	FALSE
PRG1	T05C1.5	26.134	6.53931690108069	0	FALSE
PRG1	T05C12.1	28.11	1.17315065441773	0	FALSE
PRG1	T05C12.11	26.668	3.68373992663576	0	FALSE
PRG1	T05C12.15	11.81	7.95935647756139	0	FALSE
PRG1	T05C12.4	22.754	2.94217487449315	0	FALSE
PRG1	T05C12.8	20.292	16.9048078055169	0	FALSE
PRG1	T05C12.9	18.136	1.86765643987921	0	FALSE
PRG1	T05C3.2	26.654	11.4868760389515	0	FALSE
PRG1	T05C3.6	25.186	0.570973652417932	0	FALSE
PRG1	T05C7.4	19.114	29.3620698480589	0	FALSE
PRG1	T05C7.5	15.524	14.3791893007421	0	FALSE
PRG1	T05C7.7	21.678	14.572844072249	0	FALSE
PRG1	T05C7.8	9.494	12.7954105668551	0	FALSE
PRG1	T05C7.9	20.618	5.36344226646734	0	FALSE
PRG1	T05D4.2	24.344	16.0729418073736	0	FALSE
PRG1	T05D4.5	23.258	8.22349831450375	0	FALSE
PRG1	T05E12.3	10.504	5.58316312265639	0	FALSE
PRG1	T05E12.6	28.366	3.19560623279262	0	FALSE
PRG1	T05E12.8	24.382	13.9338947259037	0	FALSE
PRG1	T05E12.9	24.67	11.7933001868904	0	FALSE
PRG1	T05E7.1	12.662	6.84489528004857	0	FALSE
PRG1	T05E7.4	20.47	11.3339222212248	0	FALSE
PRG1	T05F1.11	19.68	4.99856422309633	0	FALSE
PRG1	T05F1.13	15.926	4.95141267327062	0	FALSE
PRG1	T05F1.15	22.078	6.06967764894693	0	FALSE
PRG1	T05F1.2	23.748	0.702977531077992	0	FALSE
PRG1	T05F1.4	7.942	1.36602405994616	0	FALSE
PRG1	T05F1.5	19.924	17.0821681871186	0	FALSE
PRG1	T05F1.7	26.922	9.07988885069973	0	FALSE
PRG1	T05F1.8	28.74	3.77558692304133	0	FALSE
PRG1	T05F1.9	24.498	11.3214190040387	0	FALSE
PRG1	T05G5.1	17.812	3.88666792302095	0	FALSE
PRG1	T05G5.4	20.5	13.6797744292607	0	FALSE
PRG1	T05G5.5	27.05	8.50482174135862	0	FALSE
PRG1	T05H10.1	13.774	20.1103921530214	0	FALSE
PRG1	T05H10.4	21.73	16.5180863752087	0	FALSE
PRG1	T05H10.8	23.082	4.95895752821062	0	FALSE
PRG1	T05H4.11	15.814	2.98969010872714	0	FALSE
PRG1	T05H4.15	23.532	3.96089717359013	0	FALSE
PRG1	T05H4.3	26.746	2.73904309474231	0	FALSE
PRG1	T05H4.4	22.272	20.4471016541213	0	FALSE
PRG1	T05H4.7	26.884	4.84299502818597	0	FALSE
PRG1	T06A1.1	26.922	6.49098853795139	0	FALSE
PRG1	T06A1.5	20.734	6.7955141407445	0	FALSE
PRG1	T06A10.106	24.344	16.2320181210768	0	FALSE
PRG1	T06A10.107	14.17	32.2311150408732	0	FALSE
PRG1	T06A10.2	17.042	12.9099764032628	0	FALSE
PRG1	T06A4.1	24.06	5.72103499822876	0	FALSE
PRG1	T06A4.3	23.882	7.3167036863273	0	FALSE
PRG1	T06C10.3	24.63	7.65652544281206	0	FALSE
PRG1	T06C12.11	21.546	20.63855521638	0	FALSE
PRG1	T06C12.12	14.472	7.19532111108346	0	FALSE
PRG1	T06C12.14	23.394	8.38304597943875	0	FALSE
PRG1	T06C12.9	22.072	19.3326001962052	0	FALSE
PRG1	T06D10.3	18.932	8.32627922816588	0	FALSE
PRG1	T06D10.8	19.238	6.2374813712636	0	FALSE
PRG1	T06D4.1	25.084	6.02713503851139	0	FALSE
PRG1	T06D4.2	23.496	11.1820853085076	0	FALSE
PRG1	T06D4.6	15.096	1.17438448035651	0	FALSE
PRG1	T06D8.10	27.262	2.06351941828418	0	FALSE
PRG1	T06D8.2	22.702	10.1485548056157	0	FALSE
PRG1	T06D8.9	16.718	6.92267700275768	0	FALSE
PRG1	T06E4.21	18.7	22.228017473183	0	FALSE
PRG1	T06E4.5	25.758	2.26314473299163	0	FALSE
PRG1	T06E4.7	9.364	4.13300097848528	0	FALSE
PRG1	T06E6.1	14.182	12.9153696172385	0	FALSE
PRG1	T06E6.10	25.954	8.31499273598946	0	FALSE
PRG1	T06E6.15	27.09	4.85913481664884	0	FALSE
PRG1	T06E8.2	19.868	3.52314561657224	0	FALSE
PRG1	T06F4.1	20.518	3.16220883853712	0	FALSE
PRG1	T06G6.12	11.752	4.08901771088478	0	FALSE
PRG1	T06G6.3	7.148	124.535437574172	0	FALSE
PRG1	T06G6.4	21.778	1.89084755628984	0	FALSE
PRG1	T06G6.5	8.196	3.64463042891641	0	FALSE
PRG1	T06G6.6	24.068	5.55626069122147	0	FALSE
PRG1	T07A5.1	26.376	8.17167409260931	0	FALSE
PRG1	T07A5.7	18.332	3.63345832471702	0	FALSE
PRG1	T07A9.12	25.568	1.7114082097833	0	FALSE
PRG1	T07A9.14	23.178	3.03461622439669	0	FALSE
PRG1	T07A9.15	23.78	6.27669640650176	0	FALSE
PRG1	T07A9.8	3.836	3.30570750451457	2	FALSE
PRG1	T07C12.10	13.646	12.0672927314672	0	FALSE
PRG1	T07C4.12	25.896	6.25386130219216	0	FALSE
PRG1	T07C4.3	8.874	7.07906050642173	1	TRUE
PRG1	T07D1.3	28.79	3.63508831061498	0	FALSE
PRG1	T07D10.1	21.312	12.6870837965103	0	FALSE
PRG1	T07D10.3	27.57	6.61809774128785	0	FALSE
PRG1	T07D3.2	26.814	8.13933964134655	0	FALSE
PRG1	T07D3.4	26.528	4.64337845884569	0	FALSE
PRG1	T07D3.9	24.19	1.78622552298208	0	FALSE
PRG1	T07D4.2	21.038	3.54947989244841	0	FALSE
PRG1	T07D4.5	25.312	14.6642764506891	0	FALSE
PRG1	T07E3.2	20.87	20.0395217979611	0	FALSE
PRG1	T07E3.3	25.514	9.72594411902642	0	FALSE
PRG1	T07E3.4	26.49	8.60242570670783	0	FALSE
PRG1	T07F10.3	23.406	2.85142879608444	0	FALSE
PRG1	T07F10.5	18.076	6.73368648900461	0	FALSE
PRG1	T07F12.1	27.198	8.49300893567248	0	FALSE
PRG1	T07F12.2	24.378	9.49816735002886	0	FALSE
PRG1	T07F12.4	19.794	2.97418639561241	0	FALSE
PRG1	T07F8.1	8.188	2.82408170951966	0	FALSE
PRG1	T07F8.4	18.382	7.41755797996259	0	FALSE
PRG1	T07G12.2	27.388	5.52383575659622	0	FALSE
PRG1	T07G12.3	27.876	1.4735527844123	0	FALSE
PRG1	T07G12.4	25.28	6.09209322267483	0	FALSE
PRG1	T07H3.7	22.318	5.83895742949425	0	FALSE
PRG1	T07H3.8	12.72	2.60266436434699	0	FALSE
PRG1	T07H8.11	20.528	7.99765298069847	0	FALSE
PRG1	T08A9.13	26.494	10.2067920793375	0	FALSE
PRG1	T08B1.1	4.03	4.25831322623585	2	FALSE
PRG1	T08B1.4	22.834	16.7964175849123	0	FALSE
PRG1	T08B2.11	22.91	8.53777205905209	0	FALSE
PRG1	T08B2.12	20.802	4.09524089960478	0	FALSE
PRG1	T08B2.15	7.246	7.15351249573911	0	FALSE
PRG1	T08B2.4	25.828	6.47305729542016	0	FALSE
PRG1	T08B6.1	23.128	12.852105796984	0	FALSE
PRG1	T08B6.4	21.166	10.1233845164494	0	FALSE
PRG1	T08B6.9	24.41	7.09081046642655	0	FALSE
PRG1	T08D10.3	7.924	14.880930827534	0	FALSE
PRG1	T08D10.4	8.08	4.38964055717035	0	FALSE
PRG1	T08D10.5	14.274	3.40359526474573	0	FALSE
PRG1	T08D2.4	11.562	6.48832363263434	0	FALSE
PRG1	T08D2.5	26.226	5.43622106001624	0	FALSE
PRG1	T08D2.6	14.032	2.92597470532321	0	FALSE
PRG1	T08D2.8	5.248	6.57793599400153	0	FALSE
PRG1	T08E11.1	27.732	5.06659957198946	0	FALSE
PRG1	T08G11.2	16.898	3.44468261559943	0	FALSE
PRG1	T08G11.3	20.868	6.12399558310687	0	FALSE
PRG1	T08G2.2	26.928	4.8065318671229	0	FALSE
PRG1	T08G3.11	9.742	5.52606578698137	0	FALSE
PRG1	T08G3.13	21.65	2.6596017830225	0	FALSE
PRG1	T08G3.6	27.028	5.63069405308025	0	FALSE
PRG1	T08G5.1	16.908	4.15405385150673	0	FALSE
PRG1	T08G5.15	20.606	15.7398785283055	0	FALSE
PRG1	T08G5.2	25.48	2.92511273064585	0	FALSE
PRG1	T08G5.3	26.642	6.9148693126127	0	FALSE
PRG1	T08H10.3	18.858	4.08958176773952	0	FALSE
PRG1	T09A12.1	23.104	1.64234316997618	0	FALSE
PRG1	T09A12.8	22.618	11.6979820497065	0	FALSE
PRG1	T09A5.14	21.806	22.8375116522562	0	FALSE
PRG1	T09A5.15	23.268	11.5348465335918	0	FALSE
PRG1	T09A5.4	25.068	9.37770061756341	0	FALSE
PRG1	T09A5.5	17.856	30.3972215814794	0	FALSE
PRG1	T09B4.2	17.082	11.0095820171126	0	FALSE
PRG1	T09B4.3	23.212	7.63384384225892	0	FALSE
PRG1	T09B4.4	25.126	7.74088823630044	0	FALSE
PRG1	T09B4.5	14.008	3.06942543449447	0	FALSE
PRG1	T09B4.6	27.132	6.05941601707496	0	FALSE
PRG1	T09B4.8	23.696	9.19224428687381	0	FALSE
PRG1	T09B9.1	25.192	10.6695563077655	0	FALSE
PRG1	T09B9.3	23.966	4.94451351791189	0	FALSE
PRG1	T09B9.4	25.27	8.87057939843813	0	FALSE
PRG1	T09B9.5	24.4	4.35208466791859	0	FALSE
PRG1	T09D3.3	10.52	30.9367933481888	0	FALSE
PRG1	T09D3.8	16.814	3.07073782583551	0	FALSE
PRG1	T09D3.9	26.244	6.43209984712508	0	FALSE
PRG1	T09E11.10	28.172	2.63263893652707	0	FALSE
PRG1	T09E11.3	27.116	6.72296900085984	0	FALSE
PRG1	T09E11.6	17.9	16.3235596583237	0	FALSE
PRG1	T09E11.8	25.746	4.92382067060479	0	FALSE
PRG1	T09E11.9	22.512	5.62772553494626	0	FALSE
PRG1	T09E8.4	19.98	0.95095095095095	0	FALSE
PRG1	T09F3.2	29.336	2.65891474820075	0	FALSE
PRG1	T09F3.4	25.646	9.78825081262018	0	FALSE
PRG1	T09F3.5	26.078	3.74211536025202	0	FALSE
PRG1	T09F3.7	4.04	3.16502768627337	2	FALSE
PRG1	T09F5.1	21.078	6.80762476076937	0	FALSE
PRG1	T09F5.10	24.394	12.2563788836598	0	FALSE
PRG1	T09F5.2	21.596	6.58666245234944	0	FALSE
PRG1	T09F5.20	10.73	14.6720351574239	0	FALSE
PRG1	T10B10.4	27.644	2.02811245423031	0	FALSE
PRG1	T10B10.8	8.02	3.80452526244198	0	FALSE
PRG1	T10B10.9	18.448	5.6070768762461	0	FALSE
PRG1	T10B11.4	2.846	5.42409297763041	2	FALSE
PRG1	T10B11.5	28.124	2.77987483239005	0	FALSE
PRG1	T10B11.6	18.01	9.23598074547042	0	FALSE
PRG1	T10B11.8	16.704	4.04318708380375	0	FALSE
PRG1	T10B5.10	21.248	3.11319060935588	0	FALSE
PRG1	T10B5.3	9.736	2.68586378247084	0	FALSE
PRG1	T10B5.4	25.61	1.54174830319403	0	FALSE
PRG1	T10B5.7	25.38	5.09707754216099	0	FALSE
PRG1	T10B5.8	27.532	4.98644943396671	0	FALSE
PRG1	T10B9.14	13.358	1.41980525671161	0	FALSE
PRG1	T10B9.9	25.744	13.5342951109509	0	FALSE
PRG1	T10C6.10	27.394	7.75868037183987	0	FALSE
PRG1	T10C6.15	6.226	8.6529069712078	0	FALSE
PRG1	T10C6.16	23.192	5.67439340780522	0	FALSE
PRG1	T10C6.6	25.116	5.85464369869984	0	FALSE
PRG1	T10C6.7	22.412	19.6694803879148	0	FALSE
PRG1	T10D4.1	24.954	9.91861792692589	0	FALSE
PRG1	T10D4.11	26.414	5.66374418952605	0	FALSE
PRG1	T10D4.14	22.204	16.4966039911663	0	FALSE
PRG1	T10D4.15	19.452	15.4590100243985	0	FALSE
PRG1	T10D4.19	17.028	2.66492887966019	0	FALSE
PRG1	T10D4.6	22.12	29.9439841229384	0	FALSE
PRG1	T10D4.7	10.946	4.00548527174208	0	FALSE
PRG1	T10E9.1	9.28	8.64624445082652	0	FALSE
PRG1	T10E9.14	27.736	1.07668808086178	0	FALSE
PRG1	T10E9.2	24.918	15.2224415955766	0	FALSE
PRG1	T10E9.4	24.514	9.37629940661519	0	FALSE
PRG1	T10E9.5	23.422	3.9669974781403	0	FALSE
PRG1	T10E9.6	22.878	7.738073065431	0	FALSE
PRG1	T10E9.8	29.19	4.72721199924202	0	FALSE
PRG1	T10F2.2	5.592	5.9825548355097	0	FALSE
PRG1	T10F2.5	21.71	21.585606461016	0	FALSE
PRG1	T10G3.1	15.784	11.940549049676	0	FALSE
PRG1	T10G3.2	23.894	15.5489937688612	0	FALSE
PRG1	T10G3.3	25.128	5.45073440737902	0	FALSE
PRG1	T10G3.4	19.176	9.45180937314969	0	FALSE
PRG1	T10G3.8	19.5	3.39953974531074	0	FALSE
PRG1	T10H10.2	26.72	2.18304462321705	0	FALSE
PRG1	T10H4.13	28.19	2.67913552160329	0	FALSE
PRG1	T10H4.4	8.064	4.61219509266963	0	FALSE
PRG1	T10H9.1	22.56	9.94761243448512	0	FALSE
PRG1	T10H9.8	21.916	10.4823881088998	0	FALSE
PRG1	T11B7.1	26.764	5.28590290457806	0	FALSE
PRG1	T11B7.2	8.736	7.95727411137302	0	FALSE
PRG1	T11B7.5	2.34	2.34069469019302	2	FALSE
PRG1	T11F8.1	28.416	3.98057050625395	0	FALSE
PRG1	T11F8.12	25.844	7.9040159460244	0	FALSE
PRG1	T11F8.4	24.256	7.44842655115554	0	FALSE
PRG1	T11F8.5	20.634	7.70905004783099	0	FALSE
PRG1	T11F9.1	19.914	9.54826533291758	0	FALSE
PRG1	T11F9.10	13.304	1.89753468468506	0	FALSE
PRG1	T11F9.14	19.986	4.52002132948022	0	FALSE
PRG1	T11F9.21	22.848	13.1430988740229	0	FALSE
PRG1	T11F9.22	18.306	7.66146873701308	0	FALSE
PRG1	T11F9.7	27.254	4.46169116153053	0	FALSE
PRG1	T11G6.2	19.27	7.26999617897273	0	FALSE
PRG1	T11G6.3	26.326	4.34956956464732	0	FALSE
PRG1	T11G6.4	17.918	7.27171927926396	0	FALSE
PRG1	T11G6.5	8.67	5.16075140050682	0	FALSE
PRG1	T12A2.21	16.71	45.3846920287681	0	FALSE
PRG1	T12A2.3	23.866	6.38105185331894	0	FALSE
PRG1	T12A7.10	22.788	12.6446057512394	0	FALSE
PRG1	T12A7.2	17.926	3.47674621341047	0	FALSE
PRG1	T12A7.6	3.312	2.22284569073744	2	FALSE
PRG1	T12A7.9	20.79	8.11715924209217	0	FALSE
PRG1	T12B3.2	23.984	12.2824910344124	0	FALSE
PRG1	T12B3.3	22.634	6.4213258970294	0	FALSE
PRG1	T12B5.14	11.692	16.497416285966	0	FALSE
PRG1	T12B5.15	26.262	12.1995749319691	0	FALSE
PRG1	T12C9.7	22.674	15.0508747697863	0	FALSE
PRG1	T12D8.10	25.492	9.99680591392053	0	FALSE
PRG1	T12D8.5	23.8	9.23094039493367	0	FALSE
PRG1	T12D8.9	23.162	3.84557981775042	0	FALSE
PRG1	T12E12.6	24.25	1.9107518083634	0	FALSE
PRG1	T12F5.2	20.916	1.8354419052993	0	FALSE
PRG1	T12G3.11	19.34	12.429318908328	0	FALSE
PRG1	T12G3.2	25.282	3.83655866628437	0	FALSE
PRG1	T12G3.4	28.764	4.14744500402281	0	FALSE
PRG1	T12G3.6	20.608	14.5727064888478	0	FALSE
PRG1	T13A10.1	9.534	44.3672539877484	0	FALSE
PRG1	T13A10.2	13.36	4.81608022219922	0	FALSE
PRG1	T13A10.64	16.294	8.08002891422579	0	FALSE
PRG1	T13B5.9	26.828	7.55162203768569	0	FALSE
PRG1	T13C2.2	20.524	5.14241289612855	0	FALSE
PRG1	T13C2.3	24.194	8.63512299731509	0	FALSE
PRG1	T13C2.7	22.66	7.93652237281546	0	FALSE
PRG1	T13C5.10	16.136	4.12636532419659	0	FALSE
PRG1	T13C5.2	22.55	18.0854076835927	0	FALSE
PRG1	T13C5.3	25.02	7.38560016154873	0	FALSE
PRG1	T13C5.6	29.532	1.27676545014519	0	FALSE
PRG1	T13C5.7	23.352	19.9313134688556	0	FALSE
PRG1	T13C5.9	23.466	17.4625898981501	0	FALSE
PRG1	T13F2.2	24.85	20.5100167147516	0	FALSE
PRG1	T13F2.4	23.814	16.570198689736	0	FALSE
PRG1	T13F2.6	12.63	29.018237613932	0	FALSE
PRG1	T13F3.4	22.968	7.30437140531141	0	FALSE
PRG1	T13F3.6	25.278	2.93604116896217	0	FALSE
PRG1	T13F3.8	24.518	2.68778715216737	0	FALSE
PRG1	T13G4.1	13.836	6.71121282566316	0	FALSE
PRG1	T13G4.4	26.68	11.1026487717143	0	FALSE
PRG1	T13G4.7	13.474	2.56805871027483	0	FALSE
PRG1	T13H10.2	26.142	4.1575336883153	0	FALSE
PRG1	T13H5.1	17.304	1.73110068188164	0	FALSE
PRG1	T13H5.8	18.37	9.3098491245809	0	FALSE
PRG1	T14A8.2	14.594	10.3937590000863	0	FALSE
PRG1	T14B1.1	23.036	10.5436853017962	0	FALSE
PRG1	T14B4.1	28.624	2.00181970584015	0	FALSE
PRG1	T14B4.19	21.198	5.33407202070146	0	FALSE
PRG1	T14B4.20	17.968	2.54049214793721	0	FALSE
PRG1	T14B4.3	22.26	9.78433151239904	0	FALSE
PRG1	T14B4.5	24.556	15.620764704387	0	FALSE
PRG1	T14B4.8	19.344	5.29767836972013	0	FALSE
PRG1	T14B4.9	27.266	6.76831385235544	0	FALSE
PRG1	T14E8.2	21.04	18.1009722641912	0	FALSE
PRG1	T14F9.2	16.77	5.96764877710207	0	FALSE
PRG1	T14G10.8	10.5	1.52380952380953	0	FALSE
PRG1	T14G11.1	20.818	18.7319527812609	0	FALSE
PRG1	T14G12.11	23.44	2.32107005268523	0	FALSE
PRG1	T14G12.12	23.55	9.25967546392018	0	FALSE
PRG1	T14G12.6	19.002	10.5479703341515	0	FALSE
PRG1	T14G8.2	27.134	5.53846603112636	0	FALSE
PRG1	T14G8.3	24.784	6.96487638058204	0	FALSE
PRG1	T14G8.4	26.938	2.48710970215398	0	FALSE
PRG1	T14G8.6	24.556	6.69885618328158	0	FALSE
PRG1	T15B12.1	18.34	17.2013878798686	0	FALSE
PRG1	T15B12.2	25.618	10.7985873755987	0	FALSE
PRG1	T15B7.1	27.544	6.5473207318916	0	FALSE
PRG1	T15B7.14	25.266	16.7935667426159	0	FALSE
PRG1	T15B7.15	23.6	9.89282012239914	0	FALSE
PRG1	T15B7.8	24.806	12.2714193797402	0	FALSE
PRG1	T15D6.1	25.112	15.0537864998844	0	FALSE
PRG1	T15D6.10	20.8	27.9572371638772	0	FALSE
PRG1	T15D6.11	7.656	12.5264569893545	0	FALSE
PRG1	T15D6.12	18.124	1.30136905783505	0	FALSE
PRG1	T15D6.5	24.914	7.07459048741406	0	FALSE
PRG1	T15D6.8	21.61	15.1218680017732	0	FALSE
PRG1	T15D6.9	25.22	13.1715879097431	0	FALSE
PRG1	T15H9.4	5.446	9.09304126723812	0	FALSE
PRG1	T15H9.5	24.536	3.30838373761915	0	FALSE
PRG1	T16A1.10	10.542	2.62571788249378	0	FALSE
PRG1	T16A1.2	27.698	6.28138838940932	0	FALSE
PRG1	T16A1.4	11.084	1.5091323818193	0	FALSE
PRG1	T16A1.5	11.642	2.54039920591346	0	FALSE
PRG1	T16A9.3	28.12	2.94165736914292	0	FALSE
PRG1	T16A9.5	29	2.85895135561023	0	FALSE
PRG1	T16D1.1	13.776	3.78186297380348	0	FALSE
PRG1	T16G1.13	5.39	8.31367588215513	0	FALSE
PRG1	T16G1.18	21.48	14.2260180668784	0	FALSE
PRG1	T16G1.2	13.082	1.75764235865885	0	FALSE
PRG1	T16G1.3	23.314	13.7818267181547	0	FALSE
PRG1	T16G1.4	25.044	10.5444942791643	0	FALSE
PRG1	T16G1.5	25.38	4.91875078359852	0	FALSE
PRG1	T16G1.6	27.698	8.38575328613483	0	FALSE
PRG1	T16G1.7	27.434	4.78792074251501	0	FALSE
PRG1	T16G1.9	26.37	3.026275394519	0	FALSE
PRG1	T16G12.1	26.976	4.94676733924721	0	FALSE
PRG1	T16G12.10	17.684	1.99592242209091	0	FALSE
PRG1	T16G12.12	22.636	17.3949271702348	0	FALSE
PRG1	T16G12.13	15.146	40.7950151379934	0	FALSE
PRG1	T16G12.3	15.326	2.79184710572692	0	FALSE
PRG1	T16G12.4	5.476	2.34786427313735	0	FALSE
PRG1	T16G12.6	27.276	4.58744446936555	0	FALSE
PRG1	T16G12.7	26.044	8.52138093551987	0	FALSE
PRG1	T16G12.8	20.106	4.68534283893246	0	FALSE
PRG1	T16G12.9	19.642	4.60745971675412	0	FALSE
PRG1	T16H12.1	18.03	2.85810004092026	0	FALSE
PRG1	T16H12.13	11.522	2.10759758856986	0	FALSE
PRG1	T16H12.2	9.134	2.73658853513781	0	FALSE
PRG1	T16H12.3	4.46	6.6038907959745	2	FALSE
PRG1	T16H12.9	24.772	13.3050103798214	0	FALSE
PRG1	T17A3.12	14.582	5.86778296023686	0	FALSE
PRG1	T17H7.7	14.296	25.1481638045935	0	FALSE
PRG1	T18D3.1	12.49	2.57203817521361	0	FALSE
PRG1	T18D3.5	13.66	27.3688821825922	0	FALSE
PRG1	T18D3.6	8.596	9.8950241419186	0	FALSE
PRG1	T18D3.9	3.898	2.78911809644472	2	FALSE
PRG1	T19A5.3	19.228	7.22486795367835	0	FALSE
PRG1	T19A6.1	19.718	25.8153819160913	0	FALSE
PRG1	T19A6.4	25.014	8.78523839931743	0	FALSE
PRG1	T19B10.12	24.37	10.8155300638378	0	FALSE
PRG1	T19B10.2	24.494	10.9646846391442	0	FALSE
PRG1	T19B10.5	18.944	12.5581646181632	0	FALSE
PRG1	T19B4.3	27.804	4.01900270060603	0	FALSE
PRG1	T19B4.5	13.382	31.0561793499799	0	FALSE
PRG1	T19C3.2	28.304	1.59235251696165	0	FALSE
PRG1	T19C3.3	20.73	23.0023418764853	0	FALSE
PRG1	T19C3.4	18.086	19.0781962564698	0	FALSE
PRG1	T19C3.5	28.544	3.04919420423036	0	FALSE
PRG1	T19C3.6	25.23	14.0438974274375	0	FALSE
PRG1	T19C3.7	19.696	9.21115893662287	0	FALSE
PRG1	T19C4.1	18.122	13.7128865207246	0	FALSE
PRG1	T19C4.24	20.932	11.4719869372047	0	FALSE
PRG1	T19C4.5	13.624	31.359905478903	0	FALSE
PRG1	T19C9.10	25.536	4.4387584699312	0	FALSE
PRG1	T19C9.8	18.674	10.0896383243294	0	FALSE
PRG1	T19D12.1	26.19	4.43747493571885	0	FALSE
PRG1	T19D12.10	6.876	8.10691695978772	0	FALSE
PRG1	T19D12.2	27.238	3.10172956513693	0	FALSE
PRG1	T19D12.4	25.14	7.68560859781036	0	FALSE
PRG1	T19D12.5	24.612	16.5087078781547	0	FALSE
PRG1	T19D12.6	4.842	1.80872648044703	2	FALSE
PRG1	T19D12.9	18.68	2.14400261183092	0	FALSE
PRG1	T19D2.13	12.286	7.81389894898946	0	FALSE
PRG1	T19D2.3	11.628	1.11035736302576	0	FALSE
PRG1	T19D7.5	14.756	15.4822676580532	0	FALSE
PRG1	T19D7.6	25.54	3.10370129038723	0	FALSE
PRG1	T19D7.7	17.972	2.25450129535338	0	FALSE
PRG1	T19E7.6	26.986	5.51656701936002	0	FALSE
PRG1	T19H12.12	3.02	4.09580029034867	2	FALSE
PRG1	T19H12.15	4.86	2.12343286425415	2	FALSE
PRG1	T19H12.2	12.996	10.8071981454434	0	FALSE
PRG1	T19H12.3	24.718	7.7215155029868	0	FALSE
PRG1	T19H12.6	24.468	7.4942384677299	0	FALSE
PRG1	T19H5.4	17.408	12.3549443178197	0	FALSE
PRG1	T19H5.6	25.178	8.66360708971335	0	FALSE
PRG1	T19H5.7	24.156	23.5367118716213	0	FALSE
PRG1	T20B12.3	26.36	8.59522296887297	0	FALSE
PRG1	T20B12.4	23.834	8.99427459708039	0	FALSE
PRG1	T20B12.5	27.658	1.34541750468073	0	FALSE
PRG1	T20B12.7	10.39	60.4583637520797	0	FALSE
PRG1	T20B3.1	20.188	8.83389749653253	0	FALSE
PRG1	T20B3.14	21.492	4.53190452220824	0	FALSE
PRG1	T20B5.2	21.332	5.10919974829499	0	FALSE
PRG1	T20D3.14	26.732	6.07913879570141	0	FALSE
PRG1	T20D3.5	29.766	1.7964262178004	0	FALSE
PRG1	T20D3.6	21.186	3.55821526046266	0	FALSE
PRG1	T20D4.10	27.584	3.96771389890574	0	FALSE
PRG1	T20D4.11	27.724	2.21801601275842	0	FALSE
PRG1	T20D4.12	22.898	15.9367387180191	0	FALSE
PRG1	T20D4.15	25.284	8.66916788090889	0	FALSE
PRG1	T20D4.19	23.298	5.6753391825443	0	FALSE
PRG1	T20D4.3	24.502	13.9024541240395	0	FALSE
PRG1	T20D4.7	16.794	2.03832108976004	0	FALSE
PRG1	T20F10.2	15.248	3.60953361583036	0	FALSE
PRG1	T20F5.4	12.692	6.41626617969252	0	FALSE
PRG1	T20F5.5	20.13	14.4464300441177	0	FALSE
PRG1	T20F5.6	7.072	5.59872617268066	0	FALSE
PRG1	T20F5.7	24.298	5.07554470912072	0	FALSE
PRG1	T20F5.8	4.126	8.22008552735706	2	FALSE
PRG1	T20F7.1	16.474	5.11402465230636	0	FALSE
PRG1	T20F7.3	25.404	10.3910428182606	0	FALSE
PRG1	T20G5.12	17.672	3.03818364257704	0	FALSE
PRG1	T20G5.13	16.162	10.9178645415208	0	FALSE
PRG1	T20G5.8	8.078	1.04089244910017	0	FALSE
PRG1	T20G5.9	18.54	16.2888813861266	0	FALSE
PRG1	T20H4.5	28.9	2.35662748078195	0	FALSE
PRG1	T21B10.3	15.982	46.7714912552586	0	FALSE
PRG1	T21B10.4	23.374	8.31780699658389	0	FALSE
PRG1	T21B4.15	8.766	6.25273729691115	0	FALSE
PRG1	T21B6.3	24.504	5.05081211593363	0	FALSE
PRG1	T21C12.4	20.594	1.66822834155342	0	FALSE
PRG1	T21C12.8	28.574	1.4735294874435	0	FALSE
PRG1	T21C9.11	19.98	2.31775507878245	0	FALSE
PRG1	T21C9.13	22.862	11.1197957395623	0	FALSE
PRG1	T21C9.6	25.554	11.7446247868162	0	FALSE
PRG1	T21C9.9	14.4	5.31851057947153	0	FALSE
PRG1	T21D12.11	20.606	7.12431380713523	0	FALSE
PRG1	T21D12.12	23.238	18.9521831022242	0	FALSE
PRG1	T21D12.14	16.73	2.51188301129118	0	FALSE
PRG1	T21D12.7	25.982	1.15893540191592	0	FALSE
PRG1	T21D9.2	23.358	8.16907524177336	0	FALSE
PRG1	T21E12.5	13.164	2.68876594416638	0	FALSE
PRG1	T21E3.2	11.612	5.26531356018704	0	FALSE
PRG1	T21E8.4	22.736	6.76436788828751	0	FALSE
PRG1	T21E8.5	27.444	3.43634111869604	0	FALSE
PRG1	T21E8.6	12.5	5.18860289480704	0	FALSE
PRG1	T21E8.7	15.304	3.11032541598359	0	FALSE
PRG1	T21G5.1	22.528	16.7247601778218	0	FALSE
PRG1	T21G5.12	18.652	6.2516024236139	0	FALSE
PRG1	T21G5.2	24.608	1.32442335464898	0	FALSE
PRG1	T21H3.1	25.088	4.2724683458186	0	FALSE
PRG1	T21H3.5	22.26	2.03598727648242	0	FALSE
PRG1	T22A3.12	25.372	5.07741994916283	0	FALSE
PRG1	T22A3.6	26.686	3.59940159082549	0	FALSE
PRG1	T22B2.1	4.34	2.10549157632455	2	FALSE
PRG1	T22B2.2	26.958	6.0923748641683	0	FALSE
PRG1	T22B2.3	24.33	12.1342103438551	0	FALSE
PRG1	T22B2.5	21.48	17.1005914600607	0	FALSE
PRG1	T22B3.3	22.726	4.62869531430691	0	FALSE
PRG1	T22B7.22	19.854	6.47343299587565	0	FALSE
PRG1	T22B7.3	25.302	13.3257707754685	0	FALSE
PRG1	T22B7.4	21.9	8.82655606629277	0	FALSE
PRG1	T22B7.7	28.686	1.98987382878353	0	FALSE
PRG1	T22B7.8	14.028	52.8064579649	0	FALSE
PRG1	T22C1.1	26.394	3.77798351880806	0	FALSE
PRG1	T22C1.11	2.02	3.75389873467899	2	FALSE
PRG1	T22C1.12	17.36	28.0796850204097	0	FALSE
PRG1	T22C1.5	21.41	4.86931799627399	0	FALSE
PRG1	T22C1.6	25.892	9.84160958361207	0	FALSE
PRG1	T22C1.8	24.57	2.83924720791293	0	FALSE
PRG1	T22C1.9	6.248	56.0741897798642	0	FALSE
PRG1	T22C8.1	21.77	3.61209158627409	0	FALSE
PRG1	T22C8.3	17.438	2.55476384571796	0	FALSE
PRG1	T22C8.4	13.498	3.0516386456134	0	FALSE
PRG1	T22C8.6	22.166	10.5711871227975	0	FALSE
PRG1	T22D1.1	23.45	2.45267442977372	0	FALSE
PRG1	T22D1.17	19.928	0.813329120073326	0	FALSE
PRG1	T22D1.18	4.856	5.35538891903497	2	FALSE
PRG1	T22D1.3	22.95	2.6387750638152	0	FALSE
PRG1	T22D1.5	27.216	11.6854760669205	0	FALSE
PRG1	T22D1.8	24.412	8.43734929499592	0	FALSE
PRG1	T22E5.1	12.5	6.4965221465027	0	FALSE
PRG1	T22E5.6	26.872	5.30760957765743	0	FALSE
PRG1	T22F3.10	27.302	7.31742654080283	0	FALSE
PRG1	T22F3.11	26.83	5.77801683416055	0	FALSE
PRG1	T22F3.12	18.426	2.35082376507095	0	FALSE
PRG1	T22F3.2	18.69	30.8699217417463	0	FALSE
PRG1	T22F3.7	26.498	15.3432613345092	0	FALSE
PRG1	T22F3.8	24.452	13.3251969250606	0	FALSE
PRG1	T22F7.1	27.216	2.9878031333124	0	FALSE
PRG1	T22F7.3	26.132	4.75326489475414	0	FALSE
PRG1	T22F7.4	26.854	5.17450317189567	0	FALSE
PRG1	T22G5.1	28.744	5.659350477268	0	FALSE
PRG1	T22G5.3	25.464	11.5765130357223	0	FALSE
PRG1	T22H2.4	19.772	12.0087892638006	0	FALSE
PRG1	T22H9.1	15.672	9.14676987786566	0	FALSE
PRG1	T23B12.11	13.376	1.54900986691077	0	FALSE
PRG1	T23B12.5	6.936	8.23037776608961	0	FALSE
PRG1	T23B12.6	24.554	11.6019817680815	0	FALSE
PRG1	T23B3.1	8.046	7.44084311584584	0	FALSE
PRG1	T23B3.2	25.074	12.1407820549666	0	FALSE
PRG1	T23B3.5	18.92	4.71069317426328	0	FALSE
PRG1	T23B3.6	3.97	4.46348744248598	2	FALSE
PRG1	T23B3.8	11.692	41.0220452479248	0	FALSE
PRG1	T23B5.3	17.994	20.9789981491058	0	FALSE
PRG1	T23B5.4	25.228	7.16861970008487	0	FALSE
PRG1	T23B7.2	19.148	5.2340064932738	0	FALSE
PRG1	T23B7.3	13.772	5.04435501011184	0	FALSE
PRG1	T23C6.4	19.52	7.55465909061486	0	FALSE
PRG1	T23D5.3	19.09	18.8009145801363	0	FALSE
PRG1	T23D5.8	29.298	1.0345438028239	0	FALSE
PRG1	T23D8.3	9.274	9.33029823459922	0	FALSE
PRG1	T23E1.1	28.304	1.3183131860432	0	FALSE
PRG1	T23E1.3	20.168	3.29653831215082	0	FALSE
PRG1	T23E7.2	14.714	2.88043900515676	0	FALSE
PRG1	T23E7.6	2.778	3.69211847514991	2	FALSE
PRG1	T23F11.11	28.208	7.4553410922782	0	FALSE
PRG1	T23F11.2	20.218	8.1666931893418	0	FALSE
PRG1	T23F11.4	10.53	2.92090341865711	0	FALSE
PRG1	T23F11.6	24.806	5.95850320217463	0	FALSE
PRG1	T23F2.2	19.172	28.696426218877	0	FALSE
PRG1	T23F2.3	28.47	8.86068671809101	0	FALSE
PRG1	T23F2.4	29.204	6.34134373524346	0	FALSE
PRG1	T23F2.5	28.296	9.29414977554934	0	FALSE
PRG1	T23F4.2	17.7	12.5095641536484	0	FALSE
PRG1	T23F6.2	26.946	7.99080481850001	0	FALSE
PRG1	T23F6.3	16.496	2.70989021166173	0	FALSE
PRG1	T23F6.5	11.422	3.88954154580983	0	FALSE
PRG1	T23G11.1	22.058	7.64580284604333	0	FALSE
PRG1	T23G11.10	24.542	4.84929280405495	0	FALSE
PRG1	T23G11.11	21.672	23.8558537227572	0	FALSE
PRG1	T23G11.4	14.518	3.95247643913813	0	FALSE
PRG1	T23G11.7	19.83	18.2762267693618	0	FALSE
PRG1	T23G4.127	15.31	33.8918287643306	0	FALSE
PRG1	T23G4.2	24.168	15.1179507506037	0	FALSE
PRG1	T23G5.2	28.176	11.4233591635472	0	FALSE
PRG1	T23G5.3	20.758	23.2289668189179	0	FALSE
PRG1	T23G7.2	28.704	2.48277940442538	0	FALSE
PRG1	T23G7.3	25.936	10.2419668695082	0	FALSE
PRG1	T23H2.3	24.588	19.9792017744263	0	FALSE
PRG1	T24A6.1	27.354	3.90343382312775	0	FALSE
PRG1	T24A6.16	28.606	2.59307452446996	0	FALSE
PRG1	T24A6.20	20.012	23.9046193714134	0	FALSE
PRG1	T24A6.7	26.608	16.7716355143644	0	FALSE
PRG1	T24B1.1	21.536	17.5550030067763	0	FALSE
PRG1	T24B8.3	15.626	18.6266343064487	0	FALSE
PRG1	T24B8.4	15.614	5.81076390445947	0	FALSE
PRG1	T24C12.1	13.938	1.53995718325	0	FALSE
PRG1	T24C12.3	26.228	7.13566472801368	0	FALSE
PRG1	T24C12.4	24.414	11.7553574231465	0	FALSE
PRG1	T24C2.3	27.676	4.82787402542789	0	FALSE
PRG1	T24C2.5	18.236	5.75543876579148	0	FALSE
PRG1	T24C4.10	27.416	3.15446988239667	0	FALSE
PRG1	T24C4.2	23.394	2.38949775816406	0	FALSE
PRG1	T24C4.3	22.866	18.6798149735519	0	FALSE
PRG1	T24C4.5	28.486	2.89680835421268	0	FALSE
PRG1	T24D1.2	15.688	1.58680356464221	0	FALSE
PRG1	T24D1.3	17.726	2.629959708314	0	FALSE
PRG1	T24D1.7	16.02	10.3371992731508	0	FALSE
PRG1	T24D3.2	23.312	4.23104721076083	0	FALSE
PRG1	T24D5.1	18.136	3.93009612067167	0	FALSE
PRG1	T24D5.2	20.752	8.77549312230268	0	FALSE
PRG1	T24D5.3	23.296	1.96162092969187	0	FALSE
PRG1	T24D5.4	9.758	13.9862509764892	0	FALSE
PRG1	T24D5.6	20.2	4.17547185820981	0	FALSE
PRG1	T24D8.6	15.354	4.99476580961836	0	FALSE
PRG1	T24E12.1	25.136	6.59217597958416	0	FALSE
PRG1	T24E12.10	20.88	8.20196918776092	0	FALSE
PRG1	T24E12.11	17.772	8.95659641293749	0	FALSE
PRG1	T24E12.12	14.608	5.82545034186091	0	FALSE
PRG1	T24E12.13	18.268	17.2811266521604	0	FALSE
PRG1	T24E12.2	14.666	4.04842744014733	0	FALSE
PRG1	T24E12.3	20.73	5.81638345188516	0	FALSE
PRG1	T24E12.6	18.694	12.9056245848741	0	FALSE
PRG1	T24F1.4	18.79	45.1531172996898	0	FALSE
PRG1	T24F1.7	24.006	6.55564075951056	0	FALSE
PRG1	T24G10.2	14.498	5.51356042752504	0	FALSE
PRG1	T24H10.1	11.14	2.55006691406495	0	FALSE
PRG1	T24H10.4	19.468	3.49544107628562	0	FALSE
PRG1	T24H10.5	19.93	17.7281530866089	0	FALSE
PRG1	T24H7.2	27.724	3.40555369895197	0	FALSE
PRG1	T24H7.8	21.776	8.71417377981638	0	FALSE
PRG1	T24H7.9	14.344	2.73076838328309	0	FALSE
PRG1	T25B2.1	26.68	5.45020558858626	0	FALSE
PRG1	T25B2.2	10.124	4.10160919101015	0	FALSE
PRG1	T25B2.3	19.878	22.3709348121208	0	FALSE
PRG1	T25B2.4	17.906	26.8977657950172	0	FALSE
PRG1	T25B6.1	21.76	5.37241758319818	0	FALSE
PRG1	T25B6.3	14.17	3.01151563773492	0	FALSE
PRG1	T25B6.4	20.326	22.6232932941915	0	FALSE
PRG1	T25B6.5	27.026	11.7356187771238	0	FALSE
PRG1	T25B6.6	25.222	12.6115124319999	0	FALSE
PRG1	T25B9.1	29.892	1.3610380452157	0	FALSE
PRG1	T25B9.11	14.908	9.15774244226398	0	FALSE
PRG1	T25B9.12	25.094	8.7996975227729	0	FALSE
PRG1	T25B9.2	25.322	11.3785953182022	0	FALSE
PRG1	T25B9.3	19.59	25.4254123678388	0	FALSE
PRG1	T25B9.4	22.586	5.6989270510751	0	FALSE
PRG1	T25B9.5	22.464	7.25616337113861	0	FALSE
PRG1	T25B9.6	11.208	3.31168641801854	0	FALSE
PRG1	T25B9.8	20.274	4.47053042668206	0	FALSE
PRG1	T25B9.9	20.35	1.22357735606769	0	FALSE
PRG1	T25C12.3	24.842	7.16954622790135	0	FALSE
PRG1	T25D1.1	23.446	10.5259321290756	0	FALSE
PRG1	T25D1.2	22.396	2.84762399990721	0	FALSE
PRG1	T25D1.3	22.626	3.64358149537916	0	FALSE
PRG1	T25D10.1	28.426	2.84489657070119	0	FALSE
PRG1	T25D10.4	12.38	19.5547491108384	0	FALSE
PRG1	T25D3.3	26.536	9.90388290114063	0	FALSE
PRG1	T25D3.4	27.722	4.10730237864158	0	FALSE
PRG1	T25E12.14	18.834	28.7159501120012	0	FALSE
PRG1	T25E12.16	23.144	14.6020948844346	0	FALSE
PRG1	T25E12.6	26.064	12.3745811760793	0	FALSE
PRG1	T25E4.1	10.166	4.25692104282267	0	FALSE
PRG1	T25E4.2	25.902	11.425223602824	0	FALSE
PRG1	T25F10.1	14.546	9.20247864999768	0	FALSE
PRG1	T25F10.3	25.348	1.87119309292446	0	FALSE
PRG1	T25F10.4	27.742	3.4398756838786	0	FALSE
PRG1	T25G12.11	20.214	18.6044427729075	0	FALSE
PRG1	T25G12.13	29.446	2.83896123542697	0	FALSE
PRG1	T25G12.3	22.132	9.26874248478136	0	FALSE
PRG1	T25G12.6	24.73	18.3443249242562	0	FALSE
PRG1	T25G3.1	13.176	8.40363076700582	0	FALSE
PRG1	T25G3.3	23.39	19.5249518929553	0	FALSE
PRG1	T26A5.2	3.69	3.9131515117056	2	FALSE
PRG1	T26A5.6	18.462	0.823597781767877	0	FALSE
PRG1	T26A5.8	18.632	10.3649448276896	0	FALSE
PRG1	T26A8.3	25.466	8.00305465750183	0	FALSE
PRG1	T26A8.4	14.306	15.8511855934679	0	FALSE
PRG1	T26C11.2	20.472	11.0596266277631	0	FALSE
PRG1	T26C11.4	24.172	4.98964508945712	0	FALSE
PRG1	T26C11.8	27.494	4.04874577176935	0	FALSE
PRG1	T26C11.9	10.866	7.86160826771796	0	FALSE
PRG1	T26C12.1	28.35	1.21578045429376	0	FALSE
PRG1	T26C12.2	24.6	11.6790888797008	0	FALSE
PRG1	T26C12.3	7.942	7.53133694136317	0	FALSE
PRG1	T26C5.2	19.818	8.91646666574083	0	FALSE
PRG1	T26C5.3	19.98	3.7725588356096	0	FALSE
PRG1	T26C5.4	15.706	2.68872640142004	0	FALSE
PRG1	T26C5.5	20.32	2.20552616538352	0	FALSE
PRG1	T26E3.10	16.8	6.52933051923997	0	FALSE
PRG1	T26E3.4	13.14	3.57848339284893	0	FALSE
PRG1	T26E3.5	27.334	1.51739589412912	0	FALSE
PRG1	T26E3.6	18.734	9.98531877754098	0	FALSE
PRG1	T26E3.7	12.174	10.0032626224236	0	FALSE
PRG1	T26E3.8	28.028	3.14269598716367	0	FALSE
PRG1	T26E4.10	10.868	3.62805339062444	0	FALSE
PRG1	T26E4.18	16.226	8.85435746773275	0	FALSE
PRG1	T26E4.2	26.772	10.2333941744386	0	FALSE
PRG1	T26E4.3	21.222	21.0410940176376	0	FALSE
PRG1	T26E4.4	24.256	12.6526530890295	0	FALSE
PRG1	T26E4.7	26.976	4.61187005810406	0	FALSE
PRG1	T26E4.9	18.512	1.81643706179977	0	FALSE
PRG1	T26G10.1	9.782	6.04420824259945	1	TRUE
PRG1	T26G10.3	23.328	5.7770579001036	0	FALSE
PRG1	T26G10.4	23.738	16.3438900422241	0	FALSE
PRG1	T26G10.5	20.192	5.45033523021286	0	FALSE
PRG1	T26G10.8	21.946	20.1267988739437	0	FALSE
PRG1	T26H10.2	14.108	3.44867306483206	0	FALSE
PRG1	T26H5.10	25.684	14.6529092100758	0	FALSE
PRG1	T26H5.11	13.858	2.23254791229352	0	FALSE
PRG1	T26H5.14	17.834	21.6386969760217	0	FALSE
PRG1	T26H5.4	25.39	10.0852094799045	0	FALSE
PRG1	T26H5.8	24.49	12.7020474693504	0	FALSE
PRG1	T26H5.9	13.412	3.69106361809321	0	FALSE
PRG1	T26H8.4	26.502	7.30342685158359	0	FALSE
PRG1	T26H8.5	22.236	13.7585502717054	0	FALSE
PRG1	T27A1.1	17.9	5.19372828709562	0	FALSE
PRG1	T27A1.2	28.284	1.24565435042724	0	FALSE
PRG1	T27A1.3	28.156	2.08257632560809	0	FALSE
PRG1	T27A10.2	22.52	19.9888483244242	0	FALSE
PRG1	T27A10.5	25.032	13.6522113399863	0	FALSE
PRG1	T27A10.6	11.68	4.22089909415873	0	FALSE
PRG1	T27A3.5	23.384	6.97710781820324	0	FALSE
PRG1	T27A3.8	24.332	6.48572439703739	0	FALSE
PRG1	T27A8.2	23.458	21.5999203442967	0	FALSE
PRG1	T27A8.3	27.21	8.38817331582289	0	FALSE
PRG1	T27A8.7	23.982	5.99649144865329	0	FALSE
PRG1	T27C10.8	19.796	6.79656436057221	0	FALSE
PRG1	T27C10.9	20.03	20.5823806602076	0	FALSE
PRG1	T27C5.10	27.752	4.44355276946253	0	FALSE
PRG1	T27C5.12	25.17	12.4487597807657	0	FALSE
PRG1	T27D12.6	24.988	1.6939521935243	0	FALSE
PRG1	T27E4.1	27.412	5.5588835843129	0	FALSE
PRG1	T27E4.5	25.406	9.68533581235643	0	FALSE
PRG1	T27E4.7	11.104	59.4354681894769	0	FALSE
PRG1	T27E7.1	26.222	12.1098919715668	0	FALSE
PRG1	T27E7.3	19.668	32.2071705048298	0	FALSE
PRG1	T27E7.4	16.632	6.81530220588781	0	FALSE
PRG1	T27E7.5	14.726	1.83512585569884	0	FALSE
PRG1	T27E7.9	22.178	3.03098910603811	0	FALSE
PRG1	T27E9.2	25.342	6.8157346249377	0	FALSE
PRG1	T27E9.6	15.586	11.6031096586671	0	FALSE
PRG1	T27F2.1	13.36	4.16244392616745	0	FALSE
PRG1	T27F6.1	25.93	2.59937448484055	0	FALSE
PRG1	T27F6.10	21.958	1.36867137307674	0	FALSE
PRG1	T27F6.6	15.806	22.9990795766285	0	FALSE
PRG1	T27F6.7	13.962	3.29091795338197	0	FALSE
PRG1	T27F6.8	23.992	6.72837084519647	0	FALSE
PRG1	T27F7.12	11.068	12.048408961798	0	FALSE
PRG1	T28A11.13	28.144	2.00455904272761	0	FALSE
PRG1	T28A11.16	27.334	3.25124633586405	0	FALSE
PRG1	T28A11.17	27.266	2.15321110884868	0	FALSE
PRG1	T28A11.18	27.002	5.97845236138495	0	FALSE
PRG1	T28A11.19	16.204	2.75596063574812	0	FALSE
PRG1	T28A11.2	27.9	4.53224353766357	0	FALSE
PRG1	T28A11.20	27.282	5.3864472446321	0	FALSE
PRG1	T28A11.22	14.168	40.5010252201888	0	FALSE
PRG1	T28A11.25	27.66	1.82779821543955	0	FALSE
PRG1	T28A11.3	28.014	4.37806291824162	0	FALSE
PRG1	T28A11.4	19.57	14.4511108287264	0	FALSE
PRG1	T28A8.2	26.944	5.93073354323718	0	FALSE
PRG1	T28A8.3	15.622	1.69566128593232	0	FALSE
PRG1	T28A8.4	9.796	2.2912912948779	0	FALSE
PRG1	T28A8.5	23.69	12.4280906124386	0	FALSE
PRG1	T28A8.6	17.008	9.75527697013134	0	FALSE
PRG1	T28A8.8	15.656	37.0376224981475	0	FALSE
PRG1	T28B11.1	10.578	8.54109111743704	0	FALSE
PRG1	T28B8.1	13.028	30.214458629896	0	FALSE
PRG1	T28B8.3	28.114	3.54604575591754	0	FALSE
PRG1	T28B8.4	27.43	2.71018713611912	0	FALSE
PRG1	T28C12.1	26.948	8.47266898758529	0	FALSE
PRG1	T28C12.15	24.956	7.88140455761989	0	FALSE
PRG1	T28C12.2	28.122	2.40852579231811	0	FALSE
PRG1	T28C12.6	23.96	7.50979592576351	0	FALSE
PRG1	T28C6.10	23.668	7.66199712530946	0	FALSE
PRG1	T28C6.11	15.398	2.34490103037927	0	FALSE
PRG1	T28C6.3	18.758	8.92012146803361	0	FALSE
PRG1	T28C6.5	24.374	4.0288957700216	0	FALSE
PRG1	T28C6.8	20.836	9.69728910988913	0	FALSE
PRG1	T28D6.4	27.272	3.21886786975833	0	FALSE
PRG1	T28D6.5	16.802	13.5781898602498	0	FALSE
PRG1	T28D6.6	23.936	14.7143542153637	0	FALSE
PRG1	T28D6.7	9.684	8.70496417439365	0	FALSE
PRG1	T28D9.1	17.058	5.56018666359118	0	FALSE
PRG1	T28D9.11	14.796	2.32980045592849	0	FALSE
PRG1	T28D9.16	20.638	1.30395214208023	0	FALSE
PRG1	T28D9.4	22.294	14.6112956317619	0	FALSE
PRG1	T28F12.1	9.4	10.3929146738892	0	FALSE
PRG1	T28F2.1	22.66	17.8708605938788	0	FALSE
PRG1	T28F2.2	26.068	9.4378086350445	0	FALSE
PRG1	T28F3.11	19.46	21.1546644690953	0	FALSE
PRG1	T28F3.5	29.538	1.55573285599361	0	FALSE
PRG1	T28F3.8	22.732	12.6691127387096	0	FALSE
PRG1	T28F3.9	20.132	6.41852006029244	0	FALSE
PRG1	T28F4.1	15.936	11.0054778193674	0	FALSE
PRG1	T28F4.3	11.946	4.94052304594255	0	FALSE
PRG1	T28F4.4	23.536	7.15672972400494	0	FALSE
PRG1	T28F4.5	20.428	8.51458330409998	0	FALSE
PRG1	T28F4.8	23.046	8.53818158521004	0	FALSE
PRG1	T28H10.1	26.646	4.61055157985485	0	FALSE
PRG1	T28H10.2	25.34	3.87183033509425	0	FALSE
PRG1	T28H11.7	7.56	10.274976976687	0	FALSE
PRG1	T28H11.8	25.204	12.0244086149054	0	FALSE
PRG1	VB0395L.1	25.472	9.35519020522293	0	FALSE
PRG1	VC5.2	26.108	5.4569479409162	0	FALSE
PRG1	VF13D12L.3	27.542	4.81986183445572	0	FALSE
PRG1	VM106R.1	25.51	9.97403430590644	0	FALSE
PRG1	VW02B12L.2	20.814	14.4439955334032	0	FALSE
PRG1	VY10G11R.1	28.388	3.79294226979039	0	FALSE
PRG1	VZK822L.2	15.478	5.71521905442468	0	FALSE
PRG1	W01A11.1	27.716	4.94355940727068	0	FALSE
PRG1	W01A11.7	17.184	5.34853318883844	0	FALSE
PRG1	W01A8.2	18.736	19.4727880898682	0	FALSE
PRG1	W01A8.6	24.754	7.56127681075825	0	FALSE
PRG1	W01A8.8	28.078	3.61272734883664	0	FALSE
PRG1	W01B11.1	21.734	9.18942938521115	0	FALSE
PRG1	W01B11.6	21.274	11.1290779857302	0	FALSE
PRG1	W01B6.3	21.436	1.67442135814045	0	FALSE
PRG1	W01B6.4	22.836	15.8144549373098	0	FALSE
PRG1	W01B6.5	26.036	9.22146994110029	0	FALSE
PRG1	W01B6.6	26.412	8.33330667020753	0	FALSE
PRG1	W01B6.8	19.63	11.8376781236194	0	FALSE
PRG1	W01C8.1	5.47	5.00159561985538	0	FALSE
PRG1	W01C9.1	21.106	12.86399405198	0	FALSE
PRG1	W01C9.2	17.298	4.36522153072125	0	FALSE
PRG1	W01D2.3	27.078	18.3524961493551	0	FALSE
PRG1	W01D2.6	26.108	12.486135919653	0	FALSE
PRG1	W01F3.2	20.386	5.76658713990284	0	FALSE
PRG1	W01G7.4	11.808	1.59497635716304	0	FALSE
PRG1	W01H2.2	23.134	7.04183457256347	0	FALSE
PRG1	W02A11.1	14.636	7.90451868553678	0	FALSE
PRG1	W02A2.12	22.204	11.7974666549713	0	FALSE
PRG1	W02A2.8	19.4	3.89712539617233	0	FALSE
PRG1	W02A2.9	28.692	8.21085548063468	0	FALSE
PRG1	W02B12.1	26.208	7.04840735528107	0	FALSE
PRG1	W02B12.11	25.362	2.28133870075883	0	FALSE
PRG1	W02B12.12	6.688	2.75987747754832	0	FALSE
PRG1	W02B12.13	12.368	17.9534984229627	0	FALSE
PRG1	W02B12.16	22.758	2.56674749135898	0	FALSE
PRG1	W02B3.3	6.206	17.8367104386765	0	FALSE
PRG1	W02B3.4	24.72	10.0892514170232	0	FALSE
PRG1	W02B3.7	24.47	9.97545423022118	0	FALSE
PRG1	W02B8.1	8.992	7.39123879326405	0	FALSE
PRG1	W02C12.2	12.17	26.2877457239875	0	FALSE
PRG1	W02D3.12	11.506	3.73546219471793	0	FALSE
PRG1	W02D3.13	24.024	4.01833672937031	0	FALSE
PRG1	W02D3.4	22.52	12.537113365194	0	FALSE
PRG1	W02D7.11	22.08	8.3015822539459	0	FALSE
PRG1	W02D7.12	12.87	8.81527842176239	0	FALSE
PRG1	W02D7.4	26.636	8.39568975128668	0	FALSE
PRG1	W02D7.5	28.242	2.80501791043062	0	FALSE
PRG1	W02D7.6	24.216	13.4155601771182	0	FALSE
PRG1	W02D7.8	18.236	2.59493543470254	0	FALSE
PRG1	W02D9.2	23.406	6.61068804700417	0	FALSE
PRG1	W02D9.4	15.98	16.2487822937367	0	FALSE
PRG1	W02D9.6	18.394	5.40446656911678	0	FALSE
PRG1	W02D9.7	16.8	2.17852263801727	0	FALSE
PRG1	W02D9.8	26	14.9310545686681	0	FALSE
PRG1	W02D9.9	23.676	22.2652102066904	0	FALSE
PRG1	W02F12.2	27.884	3.56863393486892	0	FALSE
PRG1	W02F12.4	26.95	13.4304624686305	0	FALSE
PRG1	W02F12.8	9.35	6.15321919300215	0	FALSE
PRG1	W02G9.3	8.134	5.3832043726953	0	FALSE
PRG1	W02G9.4	24.302	14.536343739167	0	FALSE
PRG1	W02H3.1	25.44	7.02451514635811	0	FALSE
PRG1	W02H3.3	25.322	1.89257949629043	0	FALSE
PRG1	W02H5.11	24.108	8.70504166954749	0	FALSE
PRG1	W02H5.19	21.968	13.4498394256378	0	FALSE
PRG1	W02H5.2	22.924	11.0389509071377	0	FALSE
PRG1	W02H5.8	28.754	4.24435577012653	0	FALSE
PRG1	W03A5.1	23.764	12.9698838637837	0	FALSE
PRG1	W03A5.2	15.91	18.3648031023837	0	FALSE
PRG1	W03B1.3	27.45	5.40913072744827	0	FALSE
PRG1	W03B1.5	24.446	9.98078903143138	0	FALSE
PRG1	W03B1.9	25.008	8.53965105392111	0	FALSE
PRG1	W03C9.1	15.804	9.39519417221862	0	FALSE
PRG1	W03C9.2	11.858	7.60371470961864	0	FALSE
PRG1	W03C9.5	27.458	4.51322639530786	0	FALSE
PRG1	W03C9.6	17.488	5.25645982413088	0	FALSE
PRG1	W03C9.8	22.298	18.9779538454074	0	FALSE
PRG1	W03D2.9	11.508	4.96160593423962	0	FALSE
PRG1	W03D8.1	19.772	3.84338695565109	0	FALSE
PRG1	W03D8.11	27.096	6.59554540328611	0	FALSE
PRG1	W03D8.14	17.974	15.4280418498942	0	FALSE
PRG1	W03D8.2	25.484	8.9118963242471	0	FALSE
PRG1	W03D8.3	21.722	2.76014257736715	0	FALSE
PRG1	W03D8.5	21.596	2.60474676196966	0	FALSE
PRG1	W03D8.7	28.178	4.53293384971615	0	FALSE
PRG1	W03D8.8	23.724	0.550878747351357	0	FALSE
PRG1	W03D8.9	25.786	14.5558668031132	0	FALSE
PRG1	W03F11.4	22.338	12.2216302476799	0	FALSE
PRG1	W03F11.5	23.796	1.62556888447199	0	FALSE
PRG1	W03F8.3	27.556	3.32379127991212	0	FALSE
PRG1	W03F8.4	23.21	5.00248636862345	0	FALSE
PRG1	W03F8.6	23.962	17.9692877829006	0	FALSE
PRG1	W03F9.1	24.882	5.32444454127776	0	FALSE
PRG1	W03F9.11	13.552	14.1751812433378	0	FALSE
PRG1	W03F9.2	23.9	3.54786057333893	0	FALSE
PRG1	W03F9.4	28.992	2.33127968244892	0	FALSE
PRG1	W03F9.9	26.792	6.30881373862059	0	FALSE
PRG1	W03G1.2	21.06	9.12651084377025	0	FALSE
PRG1	W03G1.5	21.476	8.53516103472477	0	FALSE
PRG1	W03G11.2	23.856	20.2401554445618	0	FALSE
PRG1	W03G11.3	24.208	15.885620381241	0	FALSE
PRG1	W03G11.4	16.986	8.22035453488762	0	FALSE
PRG1	W03G9.10	17.114	21.2274227614522	0	FALSE
PRG1	W03G9.5	18.284	16.4245793904617	0	FALSE
PRG1	W03G9.9	19.608	1.64682097008676	0	FALSE
PRG1	W03H9.1	26.662	8.03749994640547	0	FALSE
PRG1	W03H9.2	8.598	6.7112761979812	0	FALSE
PRG1	W04A4.2	11.466	3.23258399676279	0	FALSE
PRG1	W04A4.3	26.578	9.00562962544229	0	FALSE
PRG1	W04A4.6	24.944	12.4861099997437	0	FALSE
PRG1	W04A8.1	21.814	3.46716168060978	0	FALSE
PRG1	W04A8.2	24.066	7.48252426894507	0	FALSE
PRG1	W04A8.3	24.908	5.45185072996293	0	FALSE
PRG1	W04A8.4	24.67	10.3975004136366	0	FALSE
PRG1	W04A8.5	27.134	5.9470967175204	0	FALSE
PRG1	W04A8.6	19.62	15.7851939489707	0	FALSE
PRG1	W04A8.9	24.828	10.7203479367696	0	FALSE
PRG1	W04B5.3	12.414	33.2559461082882	0	FALSE
PRG1	W04B5.5	28.274	2.95589997572928	0	FALSE
PRG1	W04B5.8	16.51	2.38269391432719	0	FALSE
PRG1	W04B5.9	20.382	19.2159839242233	0	FALSE
PRG1	W04C9.2	24.908	6.9692713323087	0	FALSE
PRG1	W04C9.4	22.898	6.97066217241433	0	FALSE
PRG1	W04C9.5	22.442	11.3174678647399	0	FALSE
PRG1	W04C9.6	15.288	3.42436520751647	0	FALSE
PRG1	W04C9.9	18.258	12.8821011642589	0	FALSE
PRG1	W04D12.1	11.918	5.56808019346777	0	FALSE
PRG1	W04D2.4	10.484	5.55914466953194	0	FALSE
PRG1	W04E12.2	28.846	1.53996538427033	0	FALSE
PRG1	W04E12.3	16.414	4.66803618291311	0	FALSE
PRG1	W04E12.4	15.43	5.7213740758272	0	FALSE
PRG1	W04E12.5	16.268	7.69109562329912	0	FALSE
PRG1	W04E12.7	17.098	10.0730276711338	0	FALSE
PRG1	W04E12.9	29.03	2.82203737621716	0	FALSE
PRG1	W04G3.10	27.548	6.92115000382576	0	FALSE
PRG1	W04G3.11	25.71	7.00975099316928	0	FALSE
PRG1	W04G3.12	8.678	4.75498796672592	0	FALSE
PRG1	W04G3.13	28.21	1.77153469503272	0	FALSE
PRG1	W04G3.5	21.372	18.0636022327616	0	FALSE
PRG1	W04G3.7	23.902	15.2171056760722	0	FALSE
PRG1	W04G5.10	27.22	7.6793202852624	0	FALSE
PRG1	W04G5.16	20.532	9.99963202926916	0	FALSE
PRG1	W04G5.3	23.214	13.155864099574	0	FALSE
PRG1	W04G5.4	27.096	3.73684831376624	0	FALSE
PRG1	W04G5.5	25.524	8.9136145835439	0	FALSE
PRG1	W04G5.7	22.642	10.3805109632141	0	FALSE
PRG1	W04G5.8	25.564	10.6501540050921	0	FALSE
PRG1	W04G5.9	5.42	7.50244487503596	0	FALSE
PRG1	W04H10.1	19.16	18.6094910983203	0	FALSE
PRG1	W04H10.2	21.736	12.628236121061	0	FALSE
PRG1	W04H10.5	22.578	9.19841118127156	0	FALSE
PRG1	W04H10.6	3.084	5.82124373281747	2	FALSE
PRG1	W05B10.3	24.628	4.17408311937196	0	FALSE
PRG1	W05B10.4	23.854	10.5003834396282	0	FALSE
PRG1	W05B10.6	16.502	16.9742074830253	0	FALSE
PRG1	W05B2.2	20.032	9.43592099005252	0	FALSE
PRG1	W05B5.1	21.782	7.53127972261099	0	FALSE
PRG1	W05E10.2	11.312	40.7167028308605	0	FALSE
PRG1	W05E10.5	16.722	1.56252412808603	0	FALSE
PRG1	W05F2.3	16.816	6.4781837438428	0	FALSE
PRG1	W05F2.4	16.54	10.8914381218139	0	FALSE
PRG1	W05F2.6	6.194	12.6823441591479	0	FALSE
PRG1	W05F2.7	27.172	2.06822702517736	0	FALSE
PRG1	W05F2.8	18.976	6.234281875517	0	FALSE
PRG1	W05H12.1	22.548	7.04048511014773	0	FALSE
PRG1	W05H12.4	13.042	59.6948896165122	0	FALSE
PRG1	W05H5.1	2.616	1.39408123308948	2	FALSE
PRG1	W05H7.1	24.804	9.02596766006484	0	FALSE
PRG1	W05H9.2	18.854	3.58016178897604	0	FALSE
PRG1	W05H9.4	24.782	7.64858992658205	0	FALSE
PRG1	W06A11.1	22.492	6.06572123132264	0	FALSE
PRG1	W06A7.2	18.324	8.31499878583798	0	FALSE
PRG1	W06A7.4	28.276	4.87793905502823	0	FALSE
PRG1	W06B4.1	27.332	3.23691878845585	0	FALSE
PRG1	W06B4.2	20.066	3.44345208798697	0	FALSE
PRG1	W06D11.1	15.448	2.77085741849246	0	FALSE
PRG1	W06D11.2	25.106	12.3993055177358	0	FALSE
PRG1	W06D11.3	20.342	5.98709923430638	0	FALSE
PRG1	W06D11.5	21.146	2.74865909068828	0	FALSE
PRG1	W06D12.6	26.748	4.61117745650412	0	FALSE
PRG1	W06D4.3	25.618	12.0591910006744	0	FALSE
PRG1	W06E11.1	9.25	1.12868178474709	0	FALSE
PRG1	W06F12.2	20.812	2.75171367862797	0	FALSE
PRG1	W06F12.3	26.776	7.71385273220677	0	FALSE
PRG1	W06G6.10	12.592	6.51676659988888	0	FALSE
PRG1	W06G6.11	12.284	8.32711439615567	0	FALSE
PRG1	W06G6.15	4.494	4.68770831801747	2	FALSE
PRG1	W06G6.17	13.094	50.7064130286133	0	FALSE
PRG1	W06G6.2	14	3.99425608000452	0	FALSE
PRG1	W06G6.20	9.97	8.35061488868898	0	FALSE
PRG1	W06G6.21	25.334	7.69512111185115	0	FALSE
PRG1	W06G6.9	10.746	3.57431920790055	0	FALSE
PRG1	W06H8.2	29.082	2.87971376772342	0	FALSE
PRG1	W06H8.6	20.178	9.8723942222036	0	FALSE
PRG1	W07A12.4	13.438	9.69627202299258	0	FALSE
PRG1	W07A12.8	24.288	4.13722104434003	0	FALSE
PRG1	W07B8.4	26.252	12.394516751861	0	FALSE
PRG1	W07E11.1	24.744	3.02207966010607	0	FALSE
PRG1	W07E6.5	20.848	15.2636433125083	0	FALSE
PRG1	W07G1.1	9.584	4.17727302805548	0	FALSE
PRG1	W07G1.7	19.928	22.4075961542111	0	FALSE
PRG1	W07G4.1	17.196	4.86935949281598	0	FALSE
PRG1	W07G4.2	5.076	4.78240781216322	0	FALSE
PRG1	W07G4.5	23.242	6.90170708326809	0	FALSE
PRG1	W07G4.7	10.438	7.04806054191986	0	FALSE
PRG1	W07G4.8	14.514	6.07808634650932	0	FALSE
PRG1	W08A12.2	23.19	3.59455209637934	0	FALSE
PRG1	W08A12.3	15.172	24.4044087675446	0	FALSE
PRG1	W08D2.5	24.362	13.393936457319	0	FALSE
PRG1	W08E12.2	3.46	4.33526011560694	2	FALSE
PRG1	W08E12.4	6.304	2.36512188574667	0	FALSE
PRG1	W08E12.6	21.452	10.922178917835	0	FALSE
PRG1	W08E12.7	29.418	5.2539158747934	0	FALSE
PRG1	W08E12.9	26.586	2.48288000263918	0	FALSE
PRG1	W08E3.4	8.09	3.44446842845309	0	FALSE
PRG1	W08F4.1	10.508	3.46303377827295	0	FALSE
PRG1	W08F4.10	26.736	4.58886202894644	0	FALSE
PRG1	W08F4.12	23.766	18.2501950330956	0	FALSE
PRG1	W08F4.13	28.362	4.01438718940771	0	FALSE
PRG1	W08F4.3	12.914	5.04448310884503	0	FALSE
PRG1	W08F4.5	12.17	4.37893593902193	0	FALSE
PRG1	W08F4.7	28.712	2.75811188942264	0	FALSE
PRG1	W08G11.1	23.718	23.6843421430565	0	FALSE
PRG1	W08G11.3	22.314	10.0651943243724	0	FALSE
PRG1	W08G11.5	12.068	2.25824683617815	0	FALSE
PRG1	W09B6.4	11.686	3.72834885625172	0	FALSE
PRG1	W09C2.10	11.728	8.69261980536615	0	FALSE
PRG1	W09C2.7	22.818	13.8734632892028	0	FALSE
PRG1	W09C2.8	18.154	6.50876175687511	0	FALSE
PRG1	W09C2.9	12.646	9.57487389221123	0	FALSE
PRG1	W09C3.1	12.034	50.2743809891524	0	FALSE
PRG1	W09C3.2	21.166	1.75274107014057	0	FALSE
PRG1	W09C3.3	25.864	13.2607351961306	0	FALSE
PRG1	W09C3.4	24.85	17.6559327474818	0	FALSE
PRG1	W09C3.7	25.63	6.59008266814428	0	FALSE
PRG1	W09C3.8	25.228	12.2921656814495	0	FALSE
PRG1	W09C5.1	18.356	7.58563281134748	0	FALSE
PRG1	W09C5.12	15.59	3.37105409710607	0	FALSE
PRG1	W09D10.4	26.326	7.89534424341963	0	FALSE
PRG1	W09D10.5	16.372	41.1347885991445	0	FALSE
PRG1	W09D6.1	27.236	1.29826631830984	0	FALSE
PRG1	W09D6.4	22.986	12.862572619354	0	FALSE
PRG1	W09D6.5	19.102	7.12452180522458	0	FALSE
PRG1	W09G10.9	23.742	6.99667342231059	0	FALSE
PRG1	W09G12.10	15.324	1.46835754918282	0	FALSE
PRG1	W09G12.6	19.274	6.86103327556058	0	FALSE
PRG1	W09G12.7	12.59	6.44861424212496	0	FALSE
PRG1	W09G12.8	12.148	4.8113490059717	0	FALSE
PRG1	W09G12.9	4.876	12.6711038173557	0	FALSE
PRG1	W09G3.1	28.208	1.5512367097185	0	FALSE
PRG1	W09G3.6	6.288	8.00506868649228	0	FALSE
PRG1	W09G3.7	28.59	3.36145890919454	0	FALSE
PRG1	W09G3.8	26.958	6.22845980402663	0	FALSE
PRG1	W09H1.1	12.75	3.2399847161937	0	FALSE
PRG1	W09H1.3	24.478	15.1785402144456	0	FALSE
PRG1	W09H1.4	23.512	9.95351884904763	0	FALSE
PRG1	W09H1.5	29.634	1.25733610089142	0	FALSE
PRG1	W10C4.1	16.796	3.29498508634666	0	FALSE
PRG1	W10C6.2	24.294	7.9459797989745	0	FALSE
PRG1	W10C8.4	28.01	3.69377199615873	0	FALSE
PRG1	W10C8.5	27.502	5.22051920671689	0	FALSE
PRG1	W10C8.6	26.374	9.76278121294567	0	FALSE
PRG1	W10D9.1	7.038	4.84177106916373	0	FALSE
PRG1	W10D9.3	21.098	23.106769141138	0	FALSE
PRG1	W10G11.1	28.336	3.70449153157005	0	FALSE
PRG1	W10G11.19	26.392	5.46339062840559	0	FALSE
PRG1	W10G11.2	26.252	8.32181980717839	0	FALSE
PRG1	W10G11.3	26.166	3.41032341464055	0	FALSE
PRG1	W10G11.4	24.204	16.5195977167868	0	FALSE
PRG1	W10G6.1	11.406	2.04073274500482	0	FALSE
PRG1	W10G6.6	20.198	15.5993516778122	0	FALSE
PRG1	XG314	27.834	1.60984699791737	0	FALSE
PRG1	Y102A11A.1	12.066	2.92934180159733	0	FALSE
PRG1	Y102A11A.2	22.792	5.17245644427863	0	FALSE
PRG1	Y102A11A.3	20.666	18.7521064074123	0	FALSE
PRG1	Y102A11A.5	24.944	3.44697696183452	0	FALSE
PRG1	Y102A11A.9	20.51	13.809039982905	0	FALSE
PRG1	Y102A5C.2	15.38	7.83248943268471	0	FALSE
PRG1	Y102A5C.27	15.422	18.3745881985613	0	FALSE
PRG1	Y102A5C.36	21.35	2.43987194672394	0	FALSE
PRG1	Y102A5C.4	27.302	4.06476168625661	0	FALSE
PRG1	Y102A5C.40	21.29	13.483902796955	0	FALSE
PRG1	Y102E9.3	12.544	4.78303039781446	0	FALSE
PRG1	Y102E9.5	21.84	9.28956975396001	0	FALSE
PRG1	Y102E9.6	16.386	1.57706740881421	0	FALSE
PRG1	Y102F5A.1	21.238	8.05617518053425	0	FALSE
PRG1	Y104H12D.2	6.166	9.57451012509351	0	FALSE
PRG1	Y105C5A.1	15.7	21.7482581771905	0	FALSE
PRG1	Y105C5A.10	23.086	7.63243699175807	0	FALSE
PRG1	Y105C5A.1268	12.23	10.9757159749179	0	FALSE
PRG1	Y105C5A.1269	28.656	3.91104742131472	0	FALSE
PRG1	Y105C5A.1270	28.778	1.98013094512482	0	FALSE
PRG1	Y105C5A.1272	8.926	10.9337981003022	0	FALSE
PRG1	Y105C5A.1273	21.916	12.7656855692698	0	FALSE
PRG1	Y105C5A.1274	17.514	10.8934924343609	0	FALSE
PRG1	Y105C5A.1285	21.232	8.61658158251043	0	FALSE
PRG1	Y105C5A.13	23.718	9.4892950967799	0	FALSE
PRG1	Y105C5A.15	22.498	7.1669781425992	0	FALSE
PRG1	Y105C5A.24	23.894	6.75513722724735	0	FALSE
PRG1	Y105C5A.26	21.452	2.45837608273023	0	FALSE
PRG1	Y105C5A.508	12.566	6.39110670585547	0	FALSE
PRG1	Y105C5A.8	8.078	7.40971276500199	0	FALSE
PRG1	Y105C5A.9	15.168	2.09492200275495	0	FALSE
PRG1	Y105C5B.1	26.71	14.8977992562425	0	FALSE
PRG1	Y105C5B.11	21.41	15.6692555986946	0	FALSE
PRG1	Y105C5B.1413	21.776	19.0005939326161	0	FALSE
PRG1	Y105C5B.1418	24.538	1.55541362159919	0	FALSE
PRG1	Y105C5B.15	26.132	14.2005408660152	0	FALSE
PRG1	Y105C5B.17	21.474	18.7225890670389	0	FALSE
PRG1	Y105C5B.18	28.31	3.00527639363691	0	FALSE
PRG1	Y105C5B.19	21.23	14.3350389525225	0	FALSE
PRG1	Y105C5B.20	13.796	8.37012464130995	0	FALSE
PRG1	Y105C5B.25	13.376	4.20677970798239	0	FALSE
PRG1	Y105C5B.3	25.208	10.074190414426	0	FALSE
PRG1	Y105C5B.5	19.202	16.6665336824131	0	FALSE
PRG1	Y105C5B.8	19.236	11.4733157782133	0	FALSE
PRG1	Y105C5B.9	2.484	2.52374042168397	2	FALSE
PRG1	Y105E8A.1	22.096	5.04424399269028	0	FALSE
PRG1	Y105E8A.11	4.93	10.6948692303968	0	FALSE
PRG1	Y105E8A.13	23.886	12.2786890041731	0	FALSE
PRG1	Y105E8A.14	25.338	7.41755477479702	0	FALSE
PRG1	Y105E8A.2	24.136	3.4749226827412	0	FALSE
PRG1	Y105E8A.20	27.26	7.17156284089927	0	FALSE
PRG1	Y105E8A.21	23.502	15.6025102635833	0	FALSE
PRG1	Y105E8A.27	17.504	1.00311207368437	0	FALSE
PRG1	Y105E8A.28	16.29	2.75594354533273	0	FALSE
PRG1	Y105E8A.32	6.136	9.68940417880687	0	FALSE
PRG1	Y105E8B.11	14.532	3.73988116180361	0	FALSE
PRG1	Y105E8B.6	26.878	3.63225927802431	0	FALSE
PRG1	Y105E8B.7	22.014	18.4457347033166	0	FALSE
PRG1	Y105E8B.9	21.102	2.0526549322039	0	FALSE
PRG1	Y106G6A.4	24.388	8.13009786306012	0	FALSE
PRG1	Y106G6D.1	26.94	6.08188434472572	0	FALSE
PRG1	Y106G6D.2	26.752	3.60118812948531	0	FALSE
PRG1	Y106G6D.3	17.846	4.66246609595764	0	FALSE
PRG1	Y106G6D.4	14.666	2.98833576701186	0	FALSE
PRG1	Y106G6D.5	28.502	1.74518738695469	0	FALSE
PRG1	Y106G6D.6	28.098	1.60141883917719	0	FALSE
PRG1	Y106G6D.8	24.434	1.58576625829506	0	FALSE
PRG1	Y106G6E.1	20.09	4.36796878258258	0	FALSE
PRG1	Y106G6E.4	25.712	6.88122003862688	0	FALSE
PRG1	Y106G6E.8	11.782	7.57375336483331	0	FALSE
PRG1	Y106G6G.1	16.188	13.340600119485	0	FALSE
PRG1	Y106G6G.2	28.392	3.49838793220232	0	FALSE
PRG1	Y106G6G.4	21.176	10.6904454925582	0	FALSE
PRG1	Y106G6H.1	23.97	4.65206880390612	0	FALSE
PRG1	Y106G6H.13	16.326	3.51375075679022	0	FALSE
PRG1	Y106G6H.14	26.998	8.07757708941078	0	FALSE
PRG1	Y106G6H.16	23.982	7.50298788761443	0	FALSE
PRG1	Y106G6H.6	21.806	24.5325301916805	0	FALSE
PRG1	Y106G6H.8	29.116	2.0418319471742	0	FALSE
PRG1	Y106G6H.9	15.318	9.87597621072228	0	FALSE
PRG1	Y108F1.5	25.518	5.39781426504665	0	FALSE
PRG1	Y108G3AL.2	19.064	4.56472074801101	0	FALSE
PRG1	Y10G11A.1	28.8	2.58359933666337	0	FALSE
PRG1	Y110A2AL.1	27.95	4.53106259679978	0	FALSE
PRG1	Y110A2AL.10	23.072	8.38885525949433	0	FALSE
PRG1	Y110A2AL.2	26.202	5.52565782490734	0	FALSE
PRG1	Y110A2AL.3	24.526	8.33021597593221	0	FALSE
PRG1	Y110A2AL.4	20.57	4.84025521326399	0	FALSE
PRG1	Y110A2AL.5	26.028	7.41008318339511	0	FALSE
PRG1	Y110A2AL.6	26.71	6.01233765957278	0	FALSE
PRG1	Y110A2AL.7	28.286	2.70660848040521	0	FALSE
PRG1	Y110A2AL.9	25.12	3.97949816372832	0	FALSE
PRG1	Y110A2AR.1	10.898	1.9404573151604	0	FALSE
PRG1	Y110A7A.11	26.336	4.07940069434709	0	FALSE
PRG1	Y110A7A.15	16.37	40.5755482607589	0	FALSE
PRG1	Y110A7A.21	29.424	2.37130247504127	0	FALSE
PRG1	Y110A7A.7	24.7	10.0967715152043	0	FALSE
PRG1	Y110A7A.9	15.208	3.05862630094926	0	FALSE
PRG1	Y111B2A.1	28.584	3.43336086175913	0	FALSE
PRG1	Y111B2A.12	17.608	5.09161862795546	0	FALSE
PRG1	Y111B2A.2	24.234	14.593161471563	0	FALSE
PRG1	Y111B2A.21	15.458	2.67724025171045	0	FALSE
PRG1	Y113G7A.12	19.314	10.2010113782437	0	FALSE
PRG1	Y113G7A.13	20.878	4.45398611347279	0	FALSE
PRG1	Y113G7A.14	11.482	28.0760223024733	0	FALSE
PRG1	Y113G7A.16	15.812	7.06674861056298	0	FALSE
PRG1	Y113G7A.22	23.59	10.1447497430493	0	FALSE
PRG1	Y113G7B.11	16.664	3.94642412388429	0	FALSE
PRG1	Y113G7B.12	24.33	7.71116452268465	0	FALSE
PRG1	Y113G7B.15	24.942	10.2059526049998	0	FALSE
PRG1	Y113G7B.27	20.28	0.787412200328959	0	FALSE
PRG1	Y113G7B.28	10.928	3.79477175400487	0	FALSE
PRG1	Y113G7C.1	25.072	7.69325139667544	0	FALSE
PRG1	Y116A8A.150	14.772	2.30533227020162	0	FALSE
PRG1	Y116A8A.2	24.988	11.2320525095104	0	FALSE
PRG1	Y116A8A.4	22.866	10.5258927635836	0	FALSE
PRG1	Y116A8A.6	18.528	1.48124403220332	0	FALSE
PRG1	Y116A8A.7	27.08	1.83378272052217	0	FALSE
PRG1	Y116A8B.1	20.694	17.2989782330144	0	FALSE
PRG1	Y116A8B.4	19.236	5.38506765266418	0	FALSE
PRG1	Y116A8C.10	11.954	5.51691675519114	0	FALSE
PRG1	Y116A8C.11	24.704	14.9068631753425	0	FALSE
PRG1	Y116A8C.19	15.858	7.0873272748994	0	FALSE
PRG1	Y116A8C.20	14.382	16.1554881125118	0	FALSE
PRG1	Y116A8C.23	22.328	3.59459879271557	0	FALSE
PRG1	Y116A8C.24	16.61	3.65789979286123	0	FALSE
PRG1	Y116A8C.25	16.076	2.60762392469685	0	FALSE
PRG1	Y116A8C.27	22.402	21.2488390014714	0	FALSE
PRG1	Y116A8C.29	6.554	3.06223343406826	0	FALSE
PRG1	Y116A8C.3	19.932	11.8285268787295	0	FALSE
PRG1	Y116A8C.30	10.646	3.48663614751987	0	FALSE
PRG1	Y116A8C.33	28.574	2.09464262094357	0	FALSE
PRG1	Y116A8C.37	23.64	10.1789958101616	0	FALSE
PRG1	Y116A8C.38	16.486	1.42099240221728	0	FALSE
PRG1	Y116A8C.43	23.158	7.02557158808423	0	FALSE
PRG1	Y116A8C.44	18.038	29.0557449348828	0	FALSE
PRG1	Y116A8C.463	23.506	8.37352580565462	0	FALSE
PRG1	Y116A8C.465	12.64	5.72196617357389	0	FALSE
PRG1	Y116A8C.467	13.016	2.11494832457673	0	FALSE
PRG1	Y116A8C.468	11.758	7.32192810682238	0	FALSE
PRG1	Y116A8C.469	10.186	9.42485396497984	0	FALSE
PRG1	Y116A8C.470	21.834	6.75777749337452	0	FALSE
PRG1	Y116A8C.49	15.704	4.23796398429231	0	FALSE
PRG1	Y116A8C.9	5.37	5.75024121290298	0	FALSE
PRG1	Y116F11A.1	10.134	0.610686735613414	0	FALSE
PRG1	Y116F11A.3	24.324	11.3682324160159	0	FALSE
PRG1	Y116F11A.6	24.814	3.59229535579281	0	FALSE
PRG1	Y116F11B.13	27.414	3.25517341613054	0	FALSE
PRG1	Y116F11B.14	24.374	7.97053318674454	0	FALSE
PRG1	Y116F11B.17	18.172	7.61862520409887	0	FALSE
PRG1	Y116F11B.2	23.95	10.2974617143016	0	FALSE
PRG1	Y116F11B.6	21.244	7.95794434816909	0	FALSE
PRG1	Y116F11B.7	25.492	8.67650139407056	0	FALSE
PRG1	Y116F11B.8	22.894	7.60686896328773	0	FALSE
PRG1	Y116F11B.9	22.86	2.03611883162503	0	FALSE
PRG1	Y119C1A.1	11.624	3.19154486326525	0	FALSE
PRG1	Y119C1B.1	21.194	7.39358841307893	0	FALSE
PRG1	Y119C1B.10	20.676	7.43533010380592	0	FALSE
PRG1	Y119C1B.11	17.922	6.32585393392761	0	FALSE
PRG1	Y119C1B.12	29.478	1.70656297078677	0	FALSE
PRG1	Y119C1B.3	21.348	9.53089170821592	0	FALSE
PRG1	Y119C1B.6	19.39	9.56167699505345	0	FALSE
PRG1	Y119D3B.12	24.786	6.75002045771398	0	FALSE
PRG1	Y119D3B.21	20.302	8.5621158498246	0	FALSE
PRG1	Y11D7A.10	13.9	4.26892192781203	0	FALSE
PRG1	Y11D7A.19	10.314	4.30967344177877	0	FALSE
PRG1	Y11D7A.3	3.652	1.62457798183914	2	FALSE
PRG1	Y11D7A.5	24.818	8.41573360925612	0	FALSE
PRG1	Y11D7A.7	13.152	5.07506725889316	0	FALSE
PRG1	Y11D7A.8	14.094	6.90474431649374	0	FALSE
PRG1	Y11D7A.9	28.26	7.56728889060074	0	FALSE
PRG1	Y12A6A.1	28.832	1.71384437055087	0	FALSE
PRG1	Y13C8A.1	3.028	1.62462006291266	2	FALSE
PRG1	Y14H12A.1	25.162	15.7541522440265	0	FALSE
PRG1	Y14H12A.2	8.672	1.17144142981552	0	FALSE
PRG1	Y14H12A.5	27.576	3.92086200684662	0	FALSE
PRG1	Y14H12B.1	23.86	6.63282820320543	0	FALSE
PRG1	Y14H12B.2	22.446	5.99771288498967	0	FALSE
PRG1	Y15E3A.3	27.876	7.73657577071624	0	FALSE
PRG1	Y15E3A.4	23.96	3.16563160580993	0	FALSE
PRG1	Y15E3A.5	24.254	5.82549445714498	0	FALSE
PRG1	Y16B4A.2	26.664	10.3239112592034	0	FALSE
PRG1	Y16E11A.4	15.142	11.5246062147075	0	FALSE
PRG1	Y17D7B.10	21.336	5.45865555072907	0	FALSE
PRG1	Y17D7B.2	23.976	7.78007104246424	0	FALSE
PRG1	Y17D7B.3	21.358	10.050488490101	0	FALSE
PRG1	Y17D7B.4	21.352	20.0151584146809	0	FALSE
PRG1	Y17D7C.1	19.62	21.7004807322439	0	FALSE
PRG1	Y17D7C.2	27.122	8.48105817024737	0	FALSE
PRG1	Y17D7C.6	21.526	9.82439945634027	0	FALSE
PRG1	Y17G7B.12	3.776	6.71176860566581	2	FALSE
PRG1	Y17G7B.17	18.81	10.2119734063097	0	FALSE
PRG1	Y17G7B.18	6.116	3.28764104582499	1	TRUE
PRG1	Y17G7B.20	18.284	3.95068589278104	0	FALSE
PRG1	Y17G7B.21	16.24	2.82916379499019	0	FALSE
PRG1	Y17G7B.22	19.074	11.0844939207966	0	FALSE
PRG1	Y17G7B.23	28.102	2.93680145710046	0	FALSE
PRG1	Y17G7B.3	28.102	1.75602254795145	0	FALSE
PRG1	Y17G7B.8	28.132	3.34057745187746	0	FALSE
PRG1	Y17G9A.2	27.64	4.25919877299398	0	FALSE
PRG1	Y17G9A.3	23.994	17.2506538615927	0	FALSE
PRG1	Y17G9A.4	17.312	11.0881960349423	0	FALSE
PRG1	Y17G9B.11	21.486	21.4813993906508	0	FALSE
PRG1	Y17G9B.2	22.744	3.39058643131786	0	FALSE
PRG1	Y17G9B.4	27.644	4.42558664132527	0	FALSE
PRG1	Y17G9B.5	18.376	15.0356318093082	0	FALSE
PRG1	Y17G9B.8	26.774	6.25317544607829	0	FALSE
PRG1	Y18D10A.11	24.796	8.25326627124014	0	FALSE
PRG1	Y18D10A.2	27.568	5.70155504660054	0	FALSE
PRG1	Y18D10A.21	22.414	13.7822215199926	0	FALSE
PRG1	Y18D10A.23	28.074	2.41516678227261	0	FALSE
PRG1	Y18D10A.3	14.178	14.9457054848509	0	FALSE
PRG1	Y18D10A.4	21.024	2.4041585535204	0	FALSE
PRG1	Y18D10A.9	13.426	3.95269054366615	0	FALSE
PRG1	Y18H1A.11	17.15	12.6153190243639	0	FALSE
PRG1	Y18H1A.14	5.086	5.34967647825155	0	FALSE
PRG1	Y18H1A.15	12.296	4.75733195508381	0	FALSE
PRG1	Y18H1A.18	17.656	3.4901583737167	0	FALSE
PRG1	Y18H1A.2	12.328	2.61805464082118	0	FALSE
PRG1	Y18H1A.4	26.852	9.43207262090949	0	FALSE
PRG1	Y18H1A.8	12.154	11.446711089742	0	FALSE
PRG1	Y18H1A.9	25.898	1.33351953792602	0	FALSE
PRG1	Y19D10A.6	20.83	16.1778406627407	0	FALSE
PRG1	Y19D10B.6	26.874	6.14954308942627	0	FALSE
PRG1	Y19D10B.8	26.28	5.3275847902106	0	FALSE
PRG1	Y19D2B.1	13.168	3.83464111192363	0	FALSE
PRG1	Y19D2B.2	18.776	3.84992738536485	0	FALSE
PRG1	Y1A5A.1	27.99	2.81892953726066	0	FALSE
PRG1	Y1B5A.1	21.428	8.18615556140499	0	FALSE
PRG1	Y20C6A.1	28.504	2.21780435614549	0	FALSE
PRG1	Y20C6A.4	16.504	2.59151216733369	0	FALSE
PRG1	Y20F4.4	19.698	19.1994127118425	0	FALSE
PRG1	Y20F4.8	19.866	8.54078085812293	0	FALSE
PRG1	Y22D7AL.1	16.01	2.99584808308569	0	FALSE
PRG1	Y22D7AL.10	24.11	5.06999061783021	0	FALSE
PRG1	Y22D7AL.11	28.608	3.28145910300726	0	FALSE
PRG1	Y22D7AL.12	19.216	9.42430722098756	0	FALSE
PRG1	Y22D7AL.13	22.022	6.1732547591037	0	FALSE
PRG1	Y22D7AL.15	15.698	24.900844932274	0	FALSE
PRG1	Y22D7AL.16	22.826	3.41780172595231	0	FALSE
PRG1	Y22D7AL.3	21.704	18.304802222522	0	FALSE
PRG1	Y22D7AL.4	21.474	15.0318765335779	0	FALSE
PRG1	Y22D7AL.6	25.854	7.03977406094362	0	FALSE
PRG1	Y22D7AL.7	20.026	18.9388509586517	0	FALSE
PRG1	Y22D7AL.9	29.57	2.25607263692294	0	FALSE
PRG1	Y22D7AR.14	23.27	18.1617764442789	0	FALSE
PRG1	Y22D7AR.2	25.43	13.0266027928655	0	FALSE
PRG1	Y22D7AR.3	10.84	5.99879312762419	0	FALSE
PRG1	Y22D7AR.6	24.746	16.8585861933627	0	FALSE
PRG1	Y22D7AR.7	12.22	32.9534327737516	0	FALSE
PRG1	Y22F5A.11	20.102	14.3136003061848	0	FALSE
PRG1	Y23B4A.1	26.96	1.59538673350197	0	FALSE
PRG1	Y23H5A.2	19.784	14.9214703040331	0	FALSE
PRG1	Y23H5A.8	21.962	6.13384681165617	0	FALSE
PRG1	Y23H5B.1	27.374	0.688587826900545	0	FALSE
PRG1	Y23H5B.12	26.794	6.26848297298724	0	FALSE
PRG1	Y23H5B.3	25.224	12.7778831064339	0	FALSE
PRG1	Y23H5B.5	27.272	2.56927440080759	0	FALSE
PRG1	Y23H5B.8	22.896	12.9823773648001	0	FALSE
PRG1	Y24D9A.6	12.346	3.56510369740638	0	FALSE
PRG1	Y24D9A.7	12.832	11.4499557067824	0	FALSE
PRG1	Y24D9B.1	22.622	14.3332993984122	0	FALSE
PRG1	Y24F12A.1	25.96	10.2793535792316	0	FALSE
PRG1	Y25C1A.13	28.692	9.4702318603239	0	FALSE
PRG1	Y25C1A.14	28.116	5.78007046026046	0	FALSE
PRG1	Y25C1A.2	23.166	6.28298838921965	0	FALSE
PRG1	Y25C1A.6	17.044	25.3246136022919	0	FALSE
PRG1	Y25C1A.7	12.542	1.89973336662125	0	FALSE
PRG1	Y25C1A.8	15.474	3.47671570822184	0	FALSE
PRG1	Y26D4A.12	24.748	5.57440712721915	0	FALSE
PRG1	Y26D4A.17	22.778	15.1320748455461	0	FALSE
PRG1	Y26D4A.21	26.616	1.32478431924918	0	FALSE
PRG1	Y26D4A.3	23.864	8.15531111544995	0	FALSE
PRG1	Y26D4A.5	26.63	3.31604525599044	0	FALSE
PRG1	Y26E6A.2	27.948	2.67296704190217	0	FALSE
PRG1	Y26E6A.3	26.38	6.7094678794975	0	FALSE
PRG1	Y26G10.1	23.766	13.445158407648	0	FALSE
PRG1	Y26G10.4	14.976	4.08809839437969	0	FALSE
PRG1	Y26G10.5	21.854	15.5955175991492	0	FALSE
PRG1	Y26G10.6	21.728	9.96632814647826	0	FALSE
PRG1	Y27F2A.10	16.894	1.47542856366854	0	FALSE
PRG1	Y27F2A.11	6.266	5.73264380700628	0	FALSE
PRG1	Y27F2A.6	15.538	2.29146447166113	0	FALSE
PRG1	Y27F2A.8	22.092	24.6912606598542	0	FALSE
PRG1	Y27F2A.9	20.292	2.96859313447997	0	FALSE
PRG1	Y2H9A.4	17.856	10.6713356540478	0	FALSE
PRG1	Y2H9A.6	18.398	6.05103792953619	0	FALSE
PRG1	Y32B12A.5	12.872	5.86464686151649	0	FALSE
PRG1	Y32B12B.1	16.554	5.80888503452222	0	FALSE
PRG1	Y32B12B.2	14.908	6.24338025061243	0	FALSE
PRG1	Y32B12B.4	27.33	3.00382209260923	0	FALSE
PRG1	Y32B12B.8	25.678	15.6131155740545	0	FALSE
PRG1	Y32B12C.1	25.168	10.2398794883914	0	FALSE
PRG1	Y32F6A.4	23.636	3.19849395725003	0	FALSE
PRG1	Y32F6A.5	15.712	1.24426782467391	0	FALSE
PRG1	Y32F6B.1	24.724	9.24840658027756	0	FALSE
PRG1	Y32F6B.9	23.002	7.73939778712867	0	FALSE
PRG1	Y32G9A.12	23.192	10.2075909963318	0	FALSE
PRG1	Y32G9A.2	15.444	5.69958744027246	0	FALSE
PRG1	Y32G9A.3	17.672	2.36089276784128	0	FALSE
PRG1	Y32G9A.5	21.132	10.1856042576677	0	FALSE
PRG1	Y32G9B.1	24.428	5.43065711332849	0	FALSE
PRG1	Y32H12A.1	29.218	4.72301668214232	0	FALSE
PRG1	Y32H12A.6	24.704	5.5079784687728	0	FALSE
PRG1	Y32H12A.7	23.358	23.9186746276646	0	FALSE
PRG1	Y34B4A.10	7.128	9.22486640432581	0	FALSE
PRG1	Y34B4A.2	6.25	4.94060725012625	0	FALSE
PRG1	Y34B4A.20	20.75	12.3039834960393	0	FALSE
PRG1	Y34B4A.4	26.01	3.82269766143191	0	FALSE
PRG1	Y34B4A.7	22.002	20.5011193143436	0	FALSE
PRG1	Y34D9A.3	26.54	3.72755341602465	0	FALSE
PRG1	Y34D9A.7	3.716	9.85936829181823	2	FALSE
PRG1	Y34D9A.8	19.978	6.88756542079144	0	FALSE
PRG1	Y34F4.3	26.47	3.66501268387041	0	FALSE
PRG1	Y36E3A.2	22.088	10.2338732262332	0	FALSE
PRG1	Y37A1A.2	21.87	17.8293643584202	0	FALSE
PRG1	Y37A1A.3	19.452	4.76832390468924	0	FALSE
PRG1	Y37A1A.4	5.35	10.1133414399393	0	FALSE
PRG1	Y37A1B.4	13.816	3.30126707100129	0	FALSE
PRG1	Y37A1B.7	18.974	1.68841137044811	0	FALSE
PRG1	Y37B11A.3	19.062	1.68666484446132	0	FALSE
PRG1	Y37D8A.16	28.318	4.28356883281552	0	FALSE
PRG1	Y37D8A.19	11.658	2.05992270589495	0	FALSE
PRG1	Y37D8A.2	4.212	3.65267276494532	2	FALSE
PRG1	Y37D8A.25	2.274	1.47825297396408	2	FALSE
PRG1	Y37D8A.26	11.94	7.1868373933222	0	FALSE
PRG1	Y37D8A.29	19.124	11.5634686678089	0	FALSE
PRG1	Y37D8A.3	27.244	1.45591124271718	0	FALSE
PRG1	Y37D8A.4	14.43	5.07927434561571	0	FALSE
PRG1	Y37D8A.5	24.988	11.3182361194354	0	FALSE
PRG1	Y37D8A.6	21.016	12.6776048276236	0	FALSE
PRG1	Y37D8A.8	19.39	15.9029266003731	0	FALSE
PRG1	Y37E11AL.1	22.7	4.65618135819269	0	FALSE
PRG1	Y37E11AL.12	23.896	4.11757605258927	0	FALSE
PRG1	Y37E11AL.2	20.978	19.4828985586259	0	FALSE
PRG1	Y37E11AL.3	20.278	8.06857115648693	0	FALSE
PRG1	Y37E11AL.9	16.306	6.18486350013976	0	FALSE
PRG1	Y37E11AM.2	12.904	17.782996338961	0	FALSE
PRG1	Y37E11AM.3	23.786	1.61562076844872	0	FALSE
PRG1	Y37E11AM.4	16.126	12.0412525502246	0	FALSE
PRG1	Y37E11AR.7	25.212	3.49776295936361	0	FALSE
PRG1	Y37E11B.1	24.224	11.4538368779139	0	FALSE
PRG1	Y37E11B.10	2.632	5.02181335768224	2	FALSE
PRG1	Y37E11B.2	17.148	22.1838462862949	0	FALSE
PRG1	Y37E11B.5	28.91	2.22522222077005	0	FALSE
PRG1	Y37E11B.6	20.498	1.32996852074456	0	FALSE
PRG1	Y37E11B.7	18.038	14.1055573258798	0	FALSE
PRG1	Y37E3.1	29.18	0.878744441738045	0	FALSE
PRG1	Y37E3.17	26.414	3.03904305393872	0	FALSE
PRG1	Y37E3.19	21.292	7.06814063546113	0	FALSE
PRG1	Y37E3.30	20.998	23.6114632537959	0	FALSE
PRG1	Y37F4.1	26.596	16.3804716526149	0	FALSE
PRG1	Y37F4.2	16.868	3.13010873996796	0	FALSE
PRG1	Y37F4.3	27.846	4.99371633555994	0	FALSE
PRG1	Y37F4.4	19.78	4.44520249436385	0	FALSE
PRG1	Y37F4.5	26.53	13.1323539020542	0	FALSE
PRG1	Y37F4.6	25.55	6.60955826002703	0	FALSE
PRG1	Y37F4.7	12.852	6.50400505924586	0	FALSE
PRG1	Y37F4.8	28.76	2.21018523770657	0	FALSE
PRG1	Y37H2A.1	21.248	12.5175601911944	0	FALSE
PRG1	Y37H2A.10	23.058	0.66299113492577	0	FALSE
PRG1	Y37H2A.11	15.672	38.2443368794324	0	FALSE
PRG1	Y37H2A.12	17.196	2.04306850070215	0	FALSE
PRG1	Y37H2A.13	14.006	2.33963213503419	0	FALSE
PRG1	Y37H2A.14	10.092	3.60782435753835	0	FALSE
PRG1	Y37H2A.18	24.048	8.24111108473432	0	FALSE
PRG1	Y37H2A.7	6.102	4.27254289557789	0	FALSE
PRG1	Y37H2C.4	28.52	2.89647635737214	0	FALSE
PRG1	Y37H9A.1	28.062	3.15603540875289	0	FALSE
PRG1	Y37H9A.3	16.582	21.1836924896396	0	FALSE
PRG1	Y37H9A.5	18.98	6.59777639960742	0	FALSE
PRG1	Y38A10A.11	24.598	6.07874275599494	0	FALSE
PRG1	Y38A10A.2	25.192	12.435208670609	0	FALSE
PRG1	Y38A10A.7	26.432	2.56363815803665	0	FALSE
PRG1	Y38C1AA.1	25.996	10.2614995657838	0	FALSE
PRG1	Y38C1AA.12	5.166	9.02516998451514	0	FALSE
PRG1	Y38C1AA.19	13.092	3.63254917654266	0	FALSE
PRG1	Y38C1AA.6	11.434	5.78106356333575	0	FALSE
PRG1	Y38C1AA.7	19.68	6.62257457750651	0	FALSE
PRG1	Y38C1AB.1	26.374	8.58156019962758	0	FALSE
PRG1	Y38C1AB.3	28.546	1.81986884111248	0	FALSE
PRG1	Y38C1BA.1	9.99	3.9167162255283	0	FALSE
PRG1	Y38C1BA.4	21.15	13.1813598126743	0	FALSE
PRG1	Y38C9B.3	28.532	1.08661242249521	0	FALSE
PRG1	Y38E10A.1	8.69	6.18787912980706	0	FALSE
PRG1	Y38E10A.14	21.426	14.0773028607586	0	FALSE
PRG1	Y38E10A.17	19.172	3.37253978699784	0	FALSE
PRG1	Y38E10A.2	28.042	3.35594413629572	0	FALSE
PRG1	Y38E10A.22	22.74	16.0158226824038	0	FALSE
PRG1	Y38E10A.24	24.142	6.73253106916506	0	FALSE
PRG1	Y38E10A.28	19.756	25.6630048323865	0	FALSE
PRG1	Y38E10A.3	23.144	16.5862757249984	0	FALSE
PRG1	Y38E10A.33	21.85	15.5684796515701	0	FALSE
PRG1	Y38E10A.34	25.854	3.66159139929937	0	FALSE
PRG1	Y38E10A.35	23.21	14.5922633843254	0	FALSE
PRG1	Y38E10A.8	21.15	22.969698292833	0	FALSE
PRG1	Y38E10A.9	14.676	2.70785007138406	0	FALSE
PRG1	Y38F1A.1	19.092	3.0112543913781	0	FALSE
PRG1	Y38F1A.2	22.008	9.30173033896733	0	FALSE
PRG1	Y38F1A.4	24.4	6.69633754945113	0	FALSE
PRG1	Y38F1A.7	24.186	10.4727079071415	0	FALSE
PRG1	Y38F1A.8	21.852	3.64873015155335	0	FALSE
PRG1	Y38F2AL.12	22.448	6.33289488688501	0	FALSE
PRG1	Y38F2AR.10	25.21	9.40830913470756	0	FALSE
PRG1	Y38F2AR.12	29.986	1.74956204444369	0	FALSE
PRG1	Y38F2AR.3	20.298	6.94906483532095	0	FALSE
PRG1	Y38H6A.1	28.854	5.24542792892566	0	FALSE
PRG1	Y38H6A.3	6.564	7.01503891064323	0	FALSE
PRG1	Y38H6A.5	13.412	9.09180802090957	0	FALSE
PRG1	Y38H6C.13	8.052	6.33407361483138	0	FALSE
PRG1	Y38H6C.15	16.066	2.05995997069911	0	FALSE
PRG1	Y38H6C.16	19.718	3.80183884469928	0	FALSE
PRG1	Y38H6C.18	19.242	5.40913935447046	0	FALSE
PRG1	Y38H6C.20	25.26	5.19255817326036	0	FALSE
PRG1	Y38H6C.21	20.702	9.32923830456396	0	FALSE
PRG1	Y38H6C.23	13.69	3.50392547997413	0	FALSE
PRG1	Y38H6C.24	8.694	6.98543544352253	0	FALSE
PRG1	Y38H6C.25	26.358	3.09004966695177	0	FALSE
PRG1	Y38H6C.4	25.706	4.96603758684025	0	FALSE
PRG1	Y38H6C.8	27.142	8.10155750213521	0	FALSE
PRG1	Y38H6C.9	23.578	23.4126998528862	0	FALSE
PRG1	Y38H8A.1	14.52	14.3848746286383	0	FALSE
PRG1	Y38H8A.12	22.24	12.9952266411435	0	FALSE
PRG1	Y38H8A.2	19.17	5.30057418698528	0	FALSE
PRG1	Y38H8A.4	14.498	5.2155797080096	0	FALSE
PRG1	Y38H8A.7	19.326	7.1892742973832	0	FALSE
PRG1	Y39A1A.10	20.788	7.62921049129323	0	FALSE
PRG1	Y39A1A.14	24.144	6.77523080313019	0	FALSE
PRG1	Y39A1A.16	25.362	8.60689663138895	0	FALSE
PRG1	Y39A1A.17	28.518	4.24448442389565	0	FALSE
PRG1	Y39A1A.18	18.184	4.76932626467578	0	FALSE
PRG1	Y39A1A.2	20.126	14.4463792548292	0	FALSE
PRG1	Y39A1A.20	6.8	4.85516882918211	0	FALSE
PRG1	Y39A1A.21	3.846	7.105471056639	2	FALSE
PRG1	Y39A1A.22	19.592	3.05809030134774	0	FALSE
PRG1	Y39A1A.24	19.82	2.34027571005229	0	FALSE
PRG1	Y39A1A.27	18.068	4.715246307279	0	FALSE
PRG1	Y39A1A.3	23.41	15.3169022811913	0	FALSE
PRG1	Y39A1A.31	16.954	5.13756274490963	0	FALSE
PRG1	Y39A1C.1	17.516	5.72454512651351	0	FALSE
PRG1	Y39A3A.2	3.722	6.84562156010363	2	FALSE
PRG1	Y39A3A.3	26.012	10.6343973618531	0	FALSE
PRG1	Y39A3A.4	24.976	12.6875293330112	0	FALSE
PRG1	Y39A3B.1	24.998	14.9999839494234	0	FALSE
PRG1	Y39A3B.7	20.616	12.6034737939735	0	FALSE
PRG1	Y39A3B.8	20.428	4.19042421961381	0	FALSE
PRG1	Y39A3CL.3	6.172	4.19289736822424	0	FALSE
PRG1	Y39A3CL.4	9.312	9.30456396327307	0	FALSE
PRG1	Y39A3CL.7	18.796	21.7919446477548	0	FALSE
PRG1	Y39B6A.1	25.67	13.8479056318147	0	FALSE
PRG1	Y39B6A.10	19.372	14.7622857168721	0	FALSE
PRG1	Y39B6A.13	8.446	9.72410316787064	0	FALSE
PRG1	Y39B6A.25	18.192	6.56984486568597	0	FALSE
PRG1	Y39B6A.27	21.76	8.83758024558817	0	FALSE
PRG1	Y39B6A.29	20.866	1.54686699623399	0	FALSE
PRG1	Y39B6A.3	21.78	5.70467109264884	0	FALSE
PRG1	Y39B6A.30	22.504	3.6483458548657	0	FALSE
PRG1	Y39B6A.33	4.812	1.99002736822512	2	FALSE
PRG1	Y39B6A.34	19.746	1.64047910750208	0	FALSE
PRG1	Y39B6A.37	19.574	3.65514404483992	0	FALSE
PRG1	Y39B6A.41	23.796	8.42935345206515	0	FALSE
PRG1	Y39B6A.42	9.406	68.6228716094767	0	FALSE
PRG1	Y39B6A.43	12.032	1.0552240856452	0	FALSE
PRG1	Y39B6A.5	22.342	12.5033390812724	0	FALSE
PRG1	Y39B6A.69	22.506	13.1518081642779	0	FALSE
PRG1	Y39B6A.7	15.666	4.2280541795954	0	FALSE
PRG1	Y39B6A.9	15.134	3.52150555064179	0	FALSE
PRG1	Y39C12A.9	18.272	6.62705977563738	0	FALSE
PRG1	Y39D8A.1	27.102	5.66300136566156	0	FALSE
PRG1	Y39E4A.1	9.602	5.83323404092343	0	FALSE
PRG1	Y39E4B.10	28.172	2.95573057332284	0	FALSE
PRG1	Y39E4B.11	23.192	7.57106564754922	0	FALSE
PRG1	Y39E4B.13	22.334	9.63373961267037	0	FALSE
PRG1	Y39E4B.5	22.232	1.92402809888135	0	FALSE
PRG1	Y39E4B.6	15.614	15.9876603152397	0	FALSE
PRG1	Y39F10A.1	26.84	9.25063830728679	0	FALSE
PRG1	Y39F10A.3	16.496	11.1359686277641	0	FALSE
PRG1	Y39F10A.6	26.866	5.79373278229255	0	FALSE
PRG1	Y39F10C.1	21.434	20.5421934338432	0	FALSE
PRG1	Y39F10C.3	16.606	36.6654465679984	0	FALSE
PRG1	Y39G10AL.1	13.41	59.8378363862344	0	FALSE
PRG1	Y39G10AR.11	19.23	19.53728598943	0	FALSE
PRG1	Y39G10AR.15	17.976	4.379511987464	0	FALSE
PRG1	Y39G10AR.16	13.364	5.71481367977735	0	FALSE
PRG1	Y39G10AR.32	21.188	3.40345536371703	0	FALSE
PRG1	Y39G10AR.9	25.894	7.29099437495631	0	FALSE
PRG1	Y39G8B.1	28.23	4.11337679546434	0	FALSE
PRG1	Y39G8B.10	25.292	3.03613685370121	0	FALSE
PRG1	Y39G8B.13	14.862	2.85722665096815	0	FALSE
PRG1	Y39G8B.2	26.728	0.93960420751729	0	FALSE
PRG1	Y39G8B.5	27.868	4.68745557146455	0	FALSE
PRG1	Y39G8B.7	25.676	5.58766209463427	0	FALSE
PRG1	Y39G8B.9	25.064	3.28105031321674	0	FALSE
PRG1	Y39G8C.2	28.308	6.77127475704143	0	FALSE
PRG1	Y39H10A.1	14.414	14.1703763963909	0	FALSE
PRG1	Y39H10B.2	11.212	5.93848376069541	0	FALSE
PRG1	Y39H10B.3	18.34	22.8193820653189	0	FALSE
PRG1	Y40A1A.2	27.506	4.79589479708706	0	FALSE
PRG1	Y40A1A.3	17.938	3.76417930181369	0	FALSE
PRG1	Y40B10A.11	21.598	10.965342833457	0	FALSE
PRG1	Y40B10A.5	7.878	5.80542102887969	0	FALSE
PRG1	Y40B10A.9	14.502	5.54472324810997	0	FALSE
PRG1	Y40B10B.1	21.052	13.6591336803642	0	FALSE
PRG1	Y40B1B.7	12.922	62.3122231035093	0	FALSE
PRG1	Y40C5A.4	25.626	11.550425976972	0	FALSE
PRG1	Y40C7B.4	4.912	4.35544062931298	2	FALSE
PRG1	Y40H4A.2	25.07	11.2979376992766	0	FALSE
PRG1	Y40H7A.10	26.182	5.5957014414078	0	FALSE
PRG1	Y40H7A.11	22.176	5.89182832928116	0	FALSE
PRG1	Y40H7A.3	22.758	15.9967716355872	0	FALSE
PRG1	Y40H7A.4	24.46	6.49957311669706	0	FALSE
PRG1	Y41C4A.11	22.786	7.15200739710319	0	FALSE
PRG1	Y41C4A.12	26.414	10.4884551589815	0	FALSE
PRG1	Y41C4A.18	10.382	9.41983509551383	0	FALSE
PRG1	Y41C4A.21	25.682	5.70716783218638	0	FALSE
PRG1	Y41C4A.22	21.236	4.27683672066803	0	FALSE
PRG1	Y41C4A.32	26.406	9.7486702514945	0	FALSE
PRG1	Y41C4A.6	15.376	7.49241015634018	0	FALSE
PRG1	Y41C4A.7	24.67	7.59721595674289	0	FALSE
PRG1	Y41C4A.8	24.21	17.3301227549669	0	FALSE
PRG1	Y41C4A.9	29.312	1.50967363690781	0	FALSE
PRG1	Y41D4A.3	14.794	6.66292375258668	0	FALSE
PRG1	Y41D4A.4	19.396	10.9886992433076	0	FALSE
PRG1	Y41D4A.6	27.584	4.83229538412045	0	FALSE
PRG1	Y41D4A.7	23.722	8.73744335035407	0	FALSE
PRG1	Y41D4B.1	17.602	2.01196944774105	0	FALSE
PRG1	Y41D4B.11	21.338	7.43034636232289	0	FALSE
PRG1	Y41D4B.14	11.174	3.85113171853411	0	FALSE
PRG1	Y41D4B.15	28.676	1.7067164937091	0	FALSE
PRG1	Y41D4B.17	26.484	4.87858665934524	0	FALSE
PRG1	Y41D4B.24	21.776	12.5307058100648	0	FALSE
PRG1	Y41D4B.4	15.708	5.47425097064598	0	FALSE
PRG1	Y41D4B.6	23.538	5.62654144126711	0	FALSE
PRG1	Y41E3.1	28.306	7.70570298930542	0	FALSE
PRG1	Y41E3.13	11.506	7.09633883063367	0	FALSE
PRG1	Y41E3.18	27.644	2.14461542139749	0	FALSE
PRG1	Y41E3.19	19.522	8.55080049718252	0	FALSE
PRG1	Y41E3.22	5.834	8.33107607413699	0	FALSE
PRG1	Y41E3.6	17.196	5.57111159975747	0	FALSE
PRG1	Y41E3.7	7.778	5.12129121474405	0	FALSE
PRG1	Y41E3.8	19.446	10.6574381129551	0	FALSE
PRG1	Y41G9A.10	19.928	1.80908030224438	0	FALSE
PRG1	Y41G9A.17	21.048	4.50578469186911	0	FALSE
PRG1	Y41G9A.5	19.55	10.6499554034051	0	FALSE
PRG1	Y41G9A.6	19.202	5.0979724095924	0	FALSE
PRG1	Y42A5A.1	23.926	6.81956646393044	0	FALSE
PRG1	Y42A5A.3	14.426	29.7725560835602	0	FALSE
PRG1	Y42G9A.2	19.384	1.46216196457647	0	FALSE
PRG1	Y42G9A.3	24.84	14.315231650559	0	FALSE
PRG1	Y42H9AR.1	23.224	10.6902608714739	0	FALSE
PRG1	Y42H9AR.2	12.88	4.15535899895176	0	FALSE
PRG1	Y42H9AR.4	15.056	7.41849644625481	0	FALSE
PRG1	Y42H9AR.5	24.118	7.69905282570597	0	FALSE
PRG1	Y42H9B.3	21.402	12.478899081915	0	FALSE
PRG1	Y43B11AL.1	25.258	9.41615903922905	0	FALSE
PRG1	Y43B11AR.1	20.112	5.60293805709357	0	FALSE
PRG1	Y43B11AR.3	10.104	19.9075826875704	0	FALSE
PRG1	Y43C5A.2	26.252	9.93547141691825	0	FALSE
PRG1	Y43C5A.3	15.616	5.81531080265045	0	FALSE
PRG1	Y43C5A.4	20.786	15.3173784581089	0	FALSE
PRG1	Y43C5A.7	10.176	7.51579368355348	0	FALSE
PRG1	Y43C5B.2	28.916	3.15649523532631	0	FALSE
PRG1	Y43C5B.3	24.46	6.13430062354964	0	FALSE
PRG1	Y43D4A.1	19.858	2.15962811547787	0	FALSE
PRG1	Y43D4A.2	23.534	12.8413095576174	0	FALSE
PRG1	Y43D4A.4	28.418	3.34789297396977	0	FALSE
PRG1	Y43D4A.5	21.31	11.0846994129106	0	FALSE
PRG1	Y43D4A.6	23.716	28.0382489149485	0	FALSE
PRG1	Y43E12A.2	20.57	14.504521459821	0	FALSE
PRG1	Y43E12A.3	27.91	4.42635139297164	0	FALSE
PRG1	Y43F11A.1	17.618	2.84010593257585	0	FALSE
PRG1	Y43F4A.1	27.928	3.25733580850423	0	FALSE
PRG1	Y43F4A.3	3.848	16.1723028074988	0	FALSE
PRG1	Y43F4A.4	26.916	2.292891818212	0	FALSE
PRG1	Y43F4B.10	4.574	3.09417102119664	2	FALSE
PRG1	Y43F8A.1	24.476	5.7361790301873	0	FALSE
PRG1	Y43F8A.2	28.168	3.15755879040434	0	FALSE
PRG1	Y43F8B.1	22.054	5.41568111538322	0	FALSE
PRG1	Y43F8B.10	12.982	3.25508732901223	0	FALSE
PRG1	Y43F8B.11	26.57	4.6238466805677	0	FALSE
PRG1	Y43F8B.12	7.356	9.54783781281739	0	FALSE
PRG1	Y43F8B.13	22.04	2.89422476112833	0	FALSE
PRG1	Y43F8B.14	23.016	25.6713301590058	0	FALSE
PRG1	Y43F8B.15	25.182	6.02497006597743	0	FALSE
PRG1	Y43F8B.17	26.194	11.7608533288188	0	FALSE
PRG1	Y43F8B.18	27.286	5.5218612428701	0	FALSE
PRG1	Y43F8B.19	23.126	21.4933028540016	0	FALSE
PRG1	Y43F8B.2	16.444	4.82733690949705	0	FALSE
PRG1	Y43F8B.20	21.786	11.8170257245408	0	FALSE
PRG1	Y43F8B.22	12.396	11.1259865359498	0	FALSE
PRG1	Y43F8B.23	13.464	3.21590617398677	0	FALSE
PRG1	Y43F8B.24	26.072	5.42456022545315	0	FALSE
PRG1	Y43F8B.25	14.328	10.0476336624732	0	FALSE
PRG1	Y43F8B.28	8.794	11.6565340796862	0	FALSE
PRG1	Y43F8B.29	13.728	6.88044515381782	0	FALSE
PRG1	Y43F8B.3	17.842	0.897985655576515	0	FALSE
PRG1	Y43F8B.7	15.138	12.5341826549462	0	FALSE
PRG1	Y43F8B.9	24.958	9.05624983867107	0	FALSE
PRG1	Y43F8C.11	21.78	0.914247371521581	0	FALSE
PRG1	Y43F8C.13	26.854	15.5423286463489	0	FALSE
PRG1	Y43F8C.15	11.556	63.5591158007444	0	FALSE
PRG1	Y43F8C.16	20.328	20.9316301952724	0	FALSE
PRG1	Y43F8C.17	13.692	6.36904258349679	0	FALSE
PRG1	Y43F8C.23	19.248	9.46931970781936	0	FALSE
PRG1	Y43F8C.3	24.106	4.21537972417276	0	FALSE
PRG1	Y43F8C.5	17.252	35.7466886661774	0	FALSE
PRG1	Y43F8C.6	19.744	2.86232349825316	0	FALSE
PRG1	Y43F8C.7	24.844	4.45640594536979	0	FALSE
PRG1	Y43F8C.9	16.61	2.19767757356339	0	FALSE
PRG1	Y43H11AL.1	16.676	26.5298580076871	0	FALSE
PRG1	Y44A6B.3	22.266	17.0993396467011	0	FALSE
PRG1	Y44A6C.1	27.754	7.28668002200571	0	FALSE
PRG1	Y44A6C.2	25.508	8.04469361747074	0	FALSE
PRG1	Y44A6D.1	14	12.866960537337	0	FALSE
PRG1	Y44A6D.3	8.9	60.3048477511561	0	FALSE
PRG1	Y44A6D.5	3.778	7.87292401775253	2	FALSE
PRG1	Y44A6D.6	19.054	3.12052003836463	0	FALSE
PRG1	Y44A6D.7	16.646	31.7494857291673	0	FALSE
PRG1	Y44E3A.1	24.868	7.38355595938479	0	FALSE
PRG1	Y44E3A.7	18.734	18.5603758077863	0	FALSE
PRG1	Y45F10A.7	20.038	26.8072446915637	0	FALSE
PRG1	Y45F10B.12	26.134	7.54441212146475	0	FALSE
PRG1	Y45F10B.13	17.216	21.6362295949237	1	TRUE
PRG1	Y45F10B.3	21.394	5.01564486899858	0	FALSE
PRG1	Y45F10B.59	15.492	9.61422756853975	0	FALSE
PRG1	Y45F10B.8	24.878	11.5939055056784	0	FALSE
PRG1	Y45F10B.9	23.472	10.8019465827057	0	FALSE
PRG1	Y45F10C.1	11.192	26.7590596313614	0	FALSE
PRG1	Y45F10C.2	25.102	9.98464642576048	0	FALSE
PRG1	Y45F10C.4	19.864	5.5541757404	0	FALSE
PRG1	Y45F10C.6	20.78	20.17538781042	0	FALSE
PRG1	Y45F10D.14	17.91	11.0719015026615	0	FALSE
PRG1	Y45F10D.15	18.558	1.30853213791906	0	FALSE
PRG1	Y45F10D.16	26.214	5.83860756482347	0	FALSE
PRG1	Y45F10D.2	17.71	5.23956972848906	0	FALSE
PRG1	Y45F10D.6	27.446	3.44997115845517	0	FALSE
PRG1	Y45F10D.7	30.14	1.79179261550062	0	FALSE
PRG1	Y45F3A.1	27.716	5.35464105638611	0	FALSE
PRG1	Y45F3A.4	27.178	9.94276073420793	0	FALSE
PRG1	Y45F3A.5	19.078	8.5338496460234	0	FALSE
PRG1	Y45F3A.8	25.238	5.60556775653046	0	FALSE
PRG1	Y45F3A.9	29.512	1.62811511896406	0	FALSE
PRG1	Y45G12B.2	16.392	4.79181539140036	0	FALSE
PRG1	Y45G12B.3	26.868	7.3206275126622	0	FALSE
PRG1	Y45G12C.1	26.5	3.14421380565606	0	FALSE
PRG1	Y45G12C.10	26.172	9.30461677955127	0	FALSE
PRG1	Y45G12C.4	27.844	1.78375558036954	0	FALSE
PRG1	Y45G5AL.1	16.758	2.94654092445428	0	FALSE
PRG1	Y45G5AM.3	24.212	9.04139499357085	0	FALSE
PRG1	Y45G5AM.4	23.882	5.73626289671812	0	FALSE
PRG1	Y45G5AM.5	18.348	17.7057807142246	0	FALSE
PRG1	Y45G5AM.6	13.518	7.19093028798864	0	FALSE
PRG1	Y45G5AM.7	26.286	3.5655708954658	0	FALSE
PRG1	Y45G5AM.9	19.89	2.39988114326045	0	FALSE
PRG1	Y46B2A.3	26.49	9.78142752904833	0	FALSE
PRG1	Y46B2A.4	17.524	17.1352832614463	0	FALSE
PRG1	Y46C8AL.11	21.96	10.8143753939006	0	FALSE
PRG1	Y46C8AM.1	24.784	6.80341492718143	0	FALSE
PRG1	Y46D2A.1	28.766	1.48886632399262	0	FALSE
PRG1	Y46D2A.2	26.37	4.36884097957076	0	FALSE
PRG1	Y46D2A.3	15.808	8.60433187716287	0	FALSE
PRG1	Y46E12A.2	22.86	6.97838407579211	0	FALSE
PRG1	Y46E12A.3	22.516	17.6192210376523	0	FALSE
PRG1	Y46E12A.5	22.208	9.40474062259763	0	FALSE
PRG1	Y46E12BL.2	20.256	1.65754781456828	0	FALSE
PRG1	Y46G5A.14	14.124	3.2831582659186	0	FALSE
PRG1	Y46G5A.15	17.07	1.45456461838724	0	FALSE
PRG1	Y46G5A.18	11.18	6.5012744756274	0	FALSE
PRG1	Y46G5A.20	8.87	5.65779695721515	0	FALSE
PRG1	Y46G5A.22	20.13	5.70822075092435	0	FALSE
PRG1	Y46G5A.23	12.134	9.1905521638475	0	FALSE
PRG1	Y46G5A.28	24.318	13.1455540553988	0	FALSE
PRG1	Y46G5A.29	22.074	8.95990483942266	0	FALSE
PRG1	Y46G5A.34	19.362	2.62321801409118	0	FALSE
PRG1	Y46G5A.36	9.356	2.4061798743489	0	FALSE
PRG1	Y46G5A.38	7.362	6.23159596478854	0	FALSE
PRG1	Y46G5A.39	27.844	6.89862798718204	0	FALSE
PRG1	Y46G5A.47	19.278	9.10245170807773	0	FALSE
PRG1	Y46G5A.7	10.96	10.3511155179672	0	FALSE
PRG1	Y46G5A.8	27.874	5.53426543004955	0	FALSE
PRG1	Y46H3A.4	9.98	7.04687413728146	0	FALSE
PRG1	Y46H3A.5	27.328	6.29494274602732	0	FALSE
PRG1	Y46H3C.5	12.9	6.36060565107937	0	FALSE
PRG1	Y46H3C.7	12.288	31.1524883122081	0	FALSE
PRG1	Y46H3D.1	22.246	6.4051806503123	0	FALSE
PRG1	Y46H3D.8	23.33	9.62640634318285	0	FALSE
PRG1	Y47A7.2	24.408	10.8855600485846	0	FALSE
PRG1	Y47C4A.1	24.528	7.94740031509602	0	FALSE
PRG1	Y47D3A.1	28.808	1.41161171796966	0	FALSE
PRG1	Y47D3A.13	11.584	2.98892362836744	0	FALSE
PRG1	Y47D3A.14	23.428	7.33303860329238	0	FALSE
PRG1	Y47D3A.20	23.56	6.92657356653267	0	FALSE
PRG1	Y47D3A.21	22.888	13.2152291077357	0	FALSE
PRG1	Y47D3A.31	3.028	4.85592503981844	2	FALSE
PRG1	Y47D3A.32	17.778	1.90684286798593	0	FALSE
PRG1	Y47D3A.34	23.54	6.7497164639901	0	FALSE
PRG1	Y47D3B.12	13.828	15.2187765608958	0	FALSE
PRG1	Y47D3B.3	22.534	1.34075531025343	0	FALSE
PRG1	Y47D3B.4	26.58	1.35961708048101	0	FALSE
PRG1	Y47D7A.11	22.542	11.3565961593781	0	FALSE
PRG1	Y47D7A.13	21.308	8.62015446303248	0	FALSE
PRG1	Y47D7A.15	23.514	6.32154796385031	0	FALSE
PRG1	Y47D7A.17	20.042	4.64446513977829	0	FALSE
PRG1	Y47D7A.18	20.112	5.0869796570438	0	FALSE
PRG1	Y47D7A.19	18.122	9.04618961006371	0	FALSE
PRG1	Y47D7A.2	21.914	3.19179421264321	0	FALSE
PRG1	Y47D7A.3	19.494	26.6816211054096	0	FALSE
PRG1	Y47D7A.6	17.634	2.95989720596112	0	FALSE
PRG1	Y47D7A.7	23.1	8.52077384333731	0	FALSE
PRG1	Y47D7A.9	13.488	3.86218755447779	0	FALSE
PRG1	Y47D9A.1	26.314	7.61871728256226	0	FALSE
PRG1	Y47D9A.3	19.304	3.57149711562496	0	FALSE
PRG1	Y47D9A.4	20.88	5.15686964747042	0	FALSE
PRG1	Y47D9A.5	19.276	2.9969583443782	0	FALSE
PRG1	Y47D9A.7	18.198	12.9453510418222	0	FALSE
PRG1	Y47G6A.13	22.652	11.4923707073875	0	FALSE
PRG1	Y47G6A.14	27.49	4.90723764770836	0	FALSE
PRG1	Y47G6A.15	22.494	14.8507863659365	0	FALSE
PRG1	Y47G6A.18	24.31	9.85347993330794	0	FALSE
PRG1	Y47G6A.19	22.12	4.41281531353072	0	FALSE
PRG1	Y47G6A.21	28.938	2.99313156241081	0	FALSE
PRG1	Y47G6A.22	29.786	1.06235562782858	0	FALSE
PRG1	Y47G6A.25	24.036	16.3003399855295	0	FALSE
PRG1	Y47G6A.26	19.852	7.79650867287504	0	FALSE
PRG1	Y47G6A.3	26.892	5.1537130242532	0	FALSE
PRG1	Y47G6A.30	22.992	8.2928446879892	0	FALSE
PRG1	Y47G6A.31	15.21	11.2005202580621	0	FALSE
PRG1	Y47G6A.32	15.198	3.2124720520186	0	FALSE
PRG1	Y47G6A.33	27.716	4.70495215632269	0	FALSE
PRG1	Y47G6A.5	4.694	4.0828871745767	2	FALSE
PRG1	Y47G6A.7	15.026	3.776926159486	0	FALSE
PRG1	Y47G6A.9	13.898	4.85012037221706	0	FALSE
PRG1	Y47G7B.2	17.768	26.1882605204782	0	FALSE
PRG1	Y47H10A.2	26.534	14.2107246546373	0	FALSE
PRG1	Y47H10A.3	28.36	3.44151020805545	0	FALSE
PRG1	Y47H10A.4	8.266	5.23889839732447	0	FALSE
PRG1	Y47H10A.5	27.868	7.71925502219853	0	FALSE
PRG1	Y47H9B.2	22.568	13.287891843395	0	FALSE
PRG1	Y47H9C.1	25.716	9.89572586407502	0	FALSE
PRG1	Y47H9C.12	27.05	7.41346714769882	0	FALSE
PRG1	Y47H9C.8	26.59	6.89875894792072	0	FALSE
PRG1	Y47H9C.9	23.932	19.0164343725175	0	FALSE
PRG1	Y48A5A.1	21.872	5.12900280198776	0	FALSE
PRG1	Y48A5A.3	17.246	16.0711962458964	0	FALSE
PRG1	Y48A6B.14	18.702	26.0698264355813	0	FALSE
PRG1	Y48A6B.3	24.48	12.9193186518236	0	FALSE
PRG1	Y48A6B.7	26.414	11.0578419719414	0	FALSE
PRG1	Y48A6B.8	18.376	6.29291801018188	0	FALSE
PRG1	Y48A6B.9	4.142	4.22811502252339	2	FALSE
PRG1	Y48A6C.4	23.44	15.3438675918571	0	FALSE
PRG1	Y48A6C.8	19.17	10.9267599213622	0	FALSE
PRG1	Y48B6A.1	29.256	0.478900402959897	0	FALSE
PRG1	Y48B6A.10	28.054	4.62105633663	0	FALSE
PRG1	Y48B6A.13	21.526	9.52685627576402	0	FALSE
PRG1	Y48B6A.5	20.248	17.0007206301486	0	FALSE
PRG1	Y48C3A.12	16.456	19.3050727534845	0	FALSE
PRG1	Y48C3A.18	25.178	11.847798550952	0	FALSE
PRG1	Y48C3A.20	22.94	4.14559491821055	0	FALSE
PRG1	Y48C3A.5	18.282	8.06274962082675	0	FALSE
PRG1	Y48D7A.1	26.506	1.94498812857275	0	FALSE
PRG1	Y48E1B.17	27.036	5.25522484867484	0	FALSE
PRG1	Y48E1B.3	18.244	6.04587546289857	0	FALSE
PRG1	Y48E1B.8	26.754	8.61026641042692	0	FALSE
PRG1	Y48E1C.1	17.464	24.6132759724606	0	FALSE
PRG1	Y48E1C.2	24.746	11.4452769077222	0	FALSE
PRG1	Y48E1C.4	12.642	2.94773495716287	0	FALSE
PRG1	Y48G10A.1	28.26	4.53682816626654	0	FALSE
PRG1	Y48G10A.2	10.528	8.09836659998504	1	TRUE
PRG1	Y48G10A.3	25.726	8.56214858591337	0	FALSE
PRG1	Y48G10A.6	23.522	7.28142834266443	0	FALSE
PRG1	Y48G1A.1	16.146	19.6275128188032	0	FALSE
PRG1	Y48G1A.2	27.788	2.07250604131458	0	FALSE
PRG1	Y48G1BL.7	20.068	12.4596071803752	0	FALSE
PRG1	Y48G1BL.8	6.208	8.48814464879461	0	FALSE
PRG1	Y48G1BM.10	13.442	2.13640756049456	0	FALSE
PRG1	Y48G1BR.1	15.18	23.0102582335461	0	FALSE
PRG1	Y48G1C.12	17.814	6.66249688134351	0	FALSE
PRG1	Y48G1C.13	10.786	4.01490210942741	0	FALSE
PRG1	Y48G1C.5	27.182	5.741001929172	0	FALSE
PRG1	Y48G1C.6	17.474	7.25583188795067	0	FALSE
PRG1	Y48G1C.8	18.834	12.6438911394213	0	FALSE
PRG1	Y48G8AL.12	21.232	9.84466882114722	0	FALSE
PRG1	Y48G8AL.13	28.058	4.37009293116505	0	FALSE
PRG1	Y48G8AL.15	12.156	5.00040034037928	0	FALSE
PRG1	Y48G8AL.16	18.662	1.22626152427006	0	FALSE
PRG1	Y48G8AL.7	25.626	5.92252206755068	0	FALSE
PRG1	Y48G8AR.2	6.886	5.34034735080209	0	FALSE
PRG1	Y48G8AR.3	15.558	3.06958959545761	0	FALSE
PRG1	Y48G8AR.8	13.256	22.1319902448186	0	FALSE
PRG1	Y48G9A.11	19.706	4.05612348260295	0	FALSE
PRG1	Y48G9A.6	24.268	10.9349344153468	0	FALSE
PRG1	Y48G9A.7	5.75	1.93661369141914	0	FALSE
PRG1	Y48G9A.9	22.768	11.1929259652342	0	FALSE
PRG1	Y49A10A.2	16.524	3.1125925932101	0	FALSE
PRG1	Y49A3A.3	19.292	34.4647782972241	0	FALSE
PRG1	Y49A3A.4	16.26	10.0947222625568	0	FALSE
PRG1	Y49E10.10	24.788	6.51318192186698	0	FALSE
PRG1	Y49E10.16	28.362	3.27897846000944	0	FALSE
PRG1	Y49E10.18	27.424	3.66077985936298	0	FALSE
PRG1	Y49E10.21	25.544	7.16157353746652	0	FALSE
PRG1	Y49E10.25	26.106	10.0586649758539	0	FALSE
PRG1	Y49E10.27	26.236	8.16165446814026	0	FALSE
PRG1	Y49E10.29	24.642	6.23375432175654	0	FALSE
PRG1	Y49E10.30	11.184	8.69924382751763	0	FALSE
PRG1	Y49E10.4	9.836	3.34468566744638	0	FALSE
PRG1	Y49F6A.11	20.826	3.5795304148951	0	FALSE
PRG1	Y49F6A.12	19.482	6.98602813546073	0	FALSE
PRG1	Y49F6A.5	24.87	11.1951082049702	0	FALSE
PRG1	Y49F6B.12	13.75	1.89858581559369	0	FALSE
PRG1	Y49F6B.13	20.686	12.9576332422296	0	FALSE
PRG1	Y49F6B.14	15.66	9.70531268502991	0	FALSE
PRG1	Y49F6B.19	27.418	2.48325826321934	0	FALSE
PRG1	Y49F6B.2	5.62	11.7525309729741	0	FALSE
PRG1	Y49F6B.20	25.192	14.1812357642709	0	FALSE
PRG1	Y49F6B.6	9.762	9.95927324284092	0	FALSE
PRG1	Y49F6B.8	26.7	8.53521814600864	0	FALSE
PRG1	Y49F6B.9	22.894	4.72947051243106	0	FALSE
PRG1	Y49F6C.2	24.738	12.0877295265607	0	FALSE
PRG1	Y49F6C.6	12.556	3.39423950974627	0	FALSE
PRG1	Y49F6C.7	22.594	7.04600167244337	0	FALSE
PRG1	Y49F6C.8	23.442	8.575966529714	0	FALSE
PRG1	Y49G5A.1	26.4	1.2294569975089	0	FALSE
PRG1	Y49G5B.1	22.358	1.64652657516322	0	FALSE
PRG1	Y4C6A.3	25.412	7.22715539101054	0	FALSE
PRG1	Y4C6A.4	5.21	8.72951346738336	0	FALSE
PRG1	Y4C6B.1	15.788	13.6642145338216	0	FALSE
PRG1	Y4C6B.2	24.874	5.54800542543383	0	FALSE
PRG1	Y4C6B.3	6.376	4.27020467498455	0	FALSE
PRG1	Y4C6B.4	5.16	3.04269737754023	0	FALSE
PRG1	Y4C6B.7	13.958	8.26658602175389	0	FALSE
PRG1	Y50C1A.2	5.968	6.06165530625574	0	FALSE
PRG1	Y50D4A.1	26.948	3.57797967897064	0	FALSE
PRG1	Y50D4A.10	25.476	12.5293570810019	0	FALSE
PRG1	Y50D4A.4	25.634	16.7488248518167	0	FALSE
PRG1	Y50D4A.5	12.992	20.6889049260672	0	FALSE
PRG1	Y50D4A.6	15.936	35.9122356756868	0	FALSE
PRG1	Y50D4B.1	5.924	104.433239190735	0	FALSE
PRG1	Y50D4B.2	28.084	6.3715274918741	0	FALSE
PRG1	Y50D4B.4	27.928	3.81975151207028	0	FALSE
PRG1	Y50D4B.6	28.54	3.39385861088544	0	FALSE
PRG1	Y50D4C.3	17.798	31.8735711098724	0	FALSE
PRG1	Y50D4C.5	18.734	9.34843937442056	0	FALSE
PRG1	Y50D4C.6	27.024	9.42831181236486	0	FALSE
PRG1	Y50D7A.1	27.028	4.5124270863627	0	FALSE
PRG1	Y50D7A.10	28.18	4.97268617849785	0	FALSE
PRG1	Y50D7A.13	10.862	8.34295613837836	0	FALSE
PRG1	Y50D7A.3	19.37	21.1243704780596	0	FALSE
PRG1	Y50D7A.8	5.772	3.82800560602243	0	FALSE
PRG1	Y50E8A.1	9.266	1.5538437854458	0	FALSE
PRG1	Y50E8A.10	24.212	4.80047431603751	0	FALSE
PRG1	Y50E8A.11	20.81	5.82601790145074	0	FALSE
PRG1	Y50E8A.12	18.666	4.56248646783271	0	FALSE
PRG1	Y50E8A.2	26.18	9.32568649465141	0	FALSE
PRG1	Y50E8A.22	19.742	11.6383570355027	0	FALSE
PRG1	Y50E8A.5	28.5	3.23378593894567	0	FALSE
PRG1	Y50E8A.6	14.21	4.26990609969666	0	FALSE
PRG1	Y51A2A.12	14.686	1.50003579202902	0	FALSE
PRG1	Y51A2A.16	10.13	2.11262927532406	0	FALSE
PRG1	Y51A2A.4	13.57	15.8161573179618	0	FALSE
PRG1	Y51A2A.5	21.97	13.684462188578	0	FALSE
PRG1	Y51A2A.6	17.078	2.99357993832302	0	FALSE
PRG1	Y51A2B.16	16.484	6.0181586118131	0	FALSE
PRG1	Y51A2B.2	19.884	1.86303398475713	0	FALSE
PRG1	Y51A2B.4	24.316	18.7038363465139	0	FALSE
PRG1	Y51A2B.5	28.952	0.744573827269289	0	FALSE
PRG1	Y51A2B.6	24.54	13.5704775447214	0	FALSE
PRG1	Y51A2B.8	21.31	4.12644931087426	0	FALSE
PRG1	Y51A2B.9	14.636	3.93878588543447	0	FALSE
PRG1	Y51A2D.1	23.232	6.64270668943259	0	FALSE
PRG1	Y51A2D.13	24.33	2.41329286281786	0	FALSE
PRG1	Y51A2D.18	26.884	2.16711134314998	0	FALSE
PRG1	Y51A2D.21	18.662	9.02983001753017	0	FALSE
PRG1	Y51A2D.8	25.296	7.53172199649206	0	FALSE
PRG1	Y51B9A.14	19.844	17.5533089496048	0	FALSE
PRG1	Y51B9A.5	24.83	4.5706841591981	0	FALSE
PRG1	Y51B9A.6	21.968	3.18976781076188	0	FALSE
PRG1	Y51B9A.7	6.952	10.2429297705505	0	FALSE
PRG1	Y51B9A.8	25.96	10.7846892975295	0	FALSE
PRG1	Y51B9A.9	25.924	7.55374902864061	0	FALSE
PRG1	Y51F10.11	24.02	6.02521242441299	0	FALSE
PRG1	Y51F10.15	17.932	10.1333850001161	0	FALSE
PRG1	Y51F10.3	21.092	8.17143777100415	0	FALSE
PRG1	Y51F10.4	16.544	16.1509224357505	0	FALSE
PRG1	Y51F10.7	20.242	1.21784270121485	0	FALSE
PRG1	Y51H4A.1	7.702	10.6712573001182	0	FALSE
PRG1	Y51H4A.13	24.13	11.3188016185882	0	FALSE
PRG1	Y51H4A.22	27.316	5.65372097630394	0	FALSE
PRG1	Y51H4A.23	27.654	4.25340102926707	0	FALSE
PRG1	Y51H4A.24	26.96	4.91185322173497	0	FALSE
PRG1	Y51H4A.25	20.65	1.23462942217743	0	FALSE
PRG1	Y51H4A.5	27.654	5.23660167944565	0	FALSE
PRG1	Y51H4A.6	9.4	2.07514991522672	0	FALSE
PRG1	Y51H4A.7	27.854	4.14546364664873	0	FALSE
PRG1	Y51H4A.8	26.42	1.79638568888483	0	FALSE
PRG1	Y51H4A.935	19.532	3.99990681912189	0	FALSE
PRG1	Y51H4A.936	24.868	8.97169235862699	0	FALSE
PRG1	Y51H4A.937	17.986	29.1597176413069	0	FALSE
PRG1	Y51H4A.938	21.484	2.42635113323278	0	FALSE
PRG1	Y51H4A.941	20.582	13.2923021650603	0	FALSE
PRG1	Y51H7BR.4	27.786	2.76668910879258	0	FALSE
PRG1	Y51H7BR.7	20.468	3.08405707425638	0	FALSE
PRG1	Y51H7BR.8	6.964	2.5254059395385	0	FALSE
PRG1	Y51H7C.1	3.91	7.142833781979	2	FALSE
PRG1	Y51H7C.10	22.966	2.21738456199503	0	FALSE
PRG1	Y51H7C.12	14.842	2.47529062336702	0	FALSE
PRG1	Y51H7C.13	20.982	8.02538074551416	0	FALSE
PRG1	Y51H7C.3	4.954	7.43946745271578	2	FALSE
PRG1	Y51H7C.41	19.426	1.91735181423902	0	FALSE
PRG1	Y51H7C.7	22.618	20.9450134284409	0	FALSE
PRG1	Y51H7C.8	22.992	9.14605061454529	0	FALSE
PRG1	Y51H7C.9	27.936	5.5826204024201	0	FALSE
PRG1	Y52B11A.10	21.4	16.9948652030593	0	FALSE
PRG1	Y52B11A.11	21.236	11.6569773585338	0	FALSE
PRG1	Y52B11A.12	25.318	13.9333986224378	0	FALSE
PRG1	Y52B11A.19	17.678	3.9938006500141	0	FALSE
PRG1	Y52B11A.20	14.342	16.0808179267523	0	FALSE
PRG1	Y52B11A.3	25.514	6.73459143397568	0	FALSE
PRG1	Y52B11A.4	8.46	6.52638570377099	0	FALSE
PRG1	Y52B11A.8	14.858	2.18576827913824	0	FALSE
PRG1	Y52B11B.1	17.338	5.44311140466266	0	FALSE
PRG1	Y52D5A.2	25.746	6.20925111361342	0	FALSE
PRG1	Y52E8A.1	22.584	14.4631410180583	0	FALSE
PRG1	Y52E8A.2	22.12	12.5901521297212	0	FALSE
PRG1	Y52E8A.6	28.768	5.8216581330003	0	FALSE
PRG1	Y53C10A.10	18.428	8.49432293363376	0	FALSE
PRG1	Y53C10A.15	28.184	4.6440034108811	0	FALSE
PRG1	Y53C10A.24	22.32	9.30050766218561	0	FALSE
PRG1	Y53C10A.25	15.596	8.21006238886294	0	FALSE
PRG1	Y53C10A.6	16.436	6.67720407282318	0	FALSE
PRG1	Y53C12A.10	24.178	12.1128211955211	0	FALSE
PRG1	Y53C12A.11	22.826	1.27146259257424	0	FALSE
PRG1	Y53C12A.3	16.816	3.30072280767063	0	FALSE
PRG1	Y53C12A.6	7.626	72.4741999046501	0	FALSE
PRG1	Y53C12A.7	21.598	18.3617104445696	0	FALSE
PRG1	Y53C12A.8	18.75	14.3415604295891	0	FALSE
PRG1	Y53C12B.1	29.346	1.64813980062314	0	FALSE
PRG1	Y53C12B.7	5.164	5.57155571064275	0	FALSE
PRG1	Y53F4A.2	18.122	7.03174020674629	0	FALSE
PRG1	Y53F4B.1	22.3	13.1147712507416	0	FALSE
PRG1	Y53F4B.10	25.548	5.62062050831185	0	FALSE
PRG1	Y53F4B.11	25.302	8.77816596615302	0	FALSE
PRG1	Y53F4B.12	23.32	5.28967316662027	0	FALSE
PRG1	Y53F4B.13	17.054	37.5019975875328	0	FALSE
PRG1	Y53F4B.14	22.654	6.35768874313203	0	FALSE
PRG1	Y53F4B.17	21.356	6.47396946934881	0	FALSE
PRG1	Y53F4B.18	26.336	2.40637473442545	0	FALSE
PRG1	Y53F4B.19	21.558	16.6979259644628	0	FALSE
PRG1	Y53F4B.20	20.516	8.71560712255251	0	FALSE
PRG1	Y53F4B.23	14.456	3.63931135879396	0	FALSE
PRG1	Y53F4B.24	14.416	2.70514954308687	0	FALSE
PRG1	Y53F4B.25	14.738	5.30968064706245	0	FALSE
PRG1	Y53F4B.26	6.654	8.94710307867539	0	FALSE
PRG1	Y53F4B.27	21.202	16.7382021092464	0	FALSE
PRG1	Y53F4B.36	24.572	7.03832232640751	0	FALSE
PRG1	Y53F4B.39	25.234	13.6416309477273	0	FALSE
PRG1	Y53F4B.43	17.186	32.3842515671108	0	FALSE
PRG1	Y53F4B.5	22.854	4.37457325798989	0	FALSE
PRG1	Y53F4B.51	21.138	4.83972011971057	0	FALSE
PRG1	Y53F4B.62	27.042	4.27648526497714	0	FALSE
PRG1	Y53F4B.9	23.338	3.86391032398725	0	FALSE
PRG1	Y53G8AL.1	26.706	7.10990284926183	0	FALSE
PRG1	Y53G8AL.3	20.772	21.9845783646544	0	FALSE
PRG1	Y53G8AL.4	25.282	3.49726122922559	0	FALSE
PRG1	Y53G8AM.2	16.536	6.16607691797224	0	FALSE
PRG1	Y53G8AM.4	24.384	3.82834707609591	0	FALSE
PRG1	Y53G8AM.6	17.91	2.78586764477194	0	FALSE
PRG1	Y53G8AM.7	18.736	13.7139800560106	0	FALSE
PRG1	Y53G8AM.8	4.408	6.36301561842473	2	FALSE
PRG1	Y53G8AR.1	22.944	10.4850375351343	0	FALSE
PRG1	Y53G8AR.5	22.338	10.4138022910862	0	FALSE
PRG1	Y53G8AR.6	16.358	3.58507720103384	0	FALSE
PRG1	Y53G8AR.8	26.172	7.54704994828898	0	FALSE
PRG1	Y53G8AR.9	7.5	15.4778695059897	0	FALSE
PRG1	Y53G8B.1	28.9	2.76632724391407	0	FALSE
PRG1	Y53G8B.2	18.888	3.06282665353157	0	FALSE
PRG1	Y53H1A.2	19.23	22.8532132688798	0	FALSE
PRG1	Y53H1A.7	20.558	23.0828047466369	0	FALSE
PRG1	Y53H1B.2	26.996	13.3581990617871	0	FALSE
PRG1	Y53H1B.4	27.368	4.2686119171836	0	FALSE
PRG1	Y53H1C.3	27.816	4.00784748304354	0	FALSE
PRG1	Y54B9A.1	19.288	13.3506672432957	0	FALSE
PRG1	Y54C5A.1	14.876	4.37167709809996	0	FALSE
PRG1	Y54E10A.10	23.366	8.23129866261155	0	FALSE
PRG1	Y54E10A.11	28.092	1.89376420542582	0	FALSE
PRG1	Y54E10A.17	22.334	9.29638147240002	0	FALSE
PRG1	Y54E10A.6	22.824	6.66841345048627	0	FALSE
PRG1	Y54E10BL.1	21.326	2.97095112867918	0	FALSE
PRG1	Y54E10BL.3	20.676	1.55545244831803	0	FALSE
PRG1	Y54E10BR.2	10.682	2.44603337107794	0	FALSE
PRG1	Y54E2A.10	27.318	4.66990015460904	0	FALSE
PRG1	Y54E2A.4	21.922	8.46593102017568	0	FALSE
PRG1	Y54E2A.5	15.932	2.97841332490605	0	FALSE
PRG1	Y54E2A.7	19.412	3.3264585957667	0	FALSE
PRG1	Y54E2A.8	17.608	36.9423194550267	0	FALSE
PRG1	Y54E2A.9	25.566	2.95082160654332	0	FALSE
PRG1	Y54E5A.2	27.124	4.64259592192884	0	FALSE
PRG1	Y54E5A.5	13.09	8.28339959726261	0	FALSE
PRG1	Y54E5A.8	21.06	13.9283819316444	0	FALSE
PRG1	Y54E5B.2	26.568	2.39378033506457	0	FALSE
PRG1	Y54F10AL.1	20.716	10.6671324515091	1	TRUE
PRG1	Y54F10AM.11	18.118	4.66303730517715	0	FALSE
PRG1	Y54F10AM.6	26.024	10.1798843018446	0	FALSE
PRG1	Y54F10AM.8	26.036	2.54809856360866	0	FALSE
PRG1	Y54F10AR.1	11.592	3.34631321129838	0	FALSE
PRG1	Y54F10AR.2	29.226	0.931596010665214	0	FALSE
PRG1	Y54F10BM.12	27.56	1.17854729817937	0	FALSE
PRG1	Y54F10BM.13	3.292	2.57217048967394	2	FALSE
PRG1	Y54F10BM.20	26.27	4.68941411326516	0	FALSE
PRG1	Y54F10BM.21	18.854	7.11788459339463	0	FALSE
PRG1	Y54F10BM.22	16.778	2.83293851996909	0	FALSE
PRG1	Y54F10BM.23	4.026	5.93428242782631	2	FALSE
PRG1	Y54F10BM.3	14.064	2.94097114205463	0	FALSE
PRG1	Y54F10BM.6	21.608	11.4305955003945	0	FALSE
PRG1	Y54F10BM.9	23.996	9.91475581070268	0	FALSE
PRG1	Y54G11A.1	19.832	14.5288287567696	0	FALSE
PRG1	Y54G11A.14	20.234	11.1100414298246	0	FALSE
PRG1	Y54G11A.17	20.934	12.1899701429547	0	FALSE
PRG1	Y54G11A.19	25.722	16.3041740524273	0	FALSE
PRG1	Y54G11A.2	13.814	10.8127987496832	0	FALSE
PRG1	Y54G11A.3	2.774	2.70487836803231	2	FALSE
PRG1	Y54G11A.4	18.636	3.76279580113711	0	FALSE
PRG1	Y54G11A.7	27.858	3.37667919216507	0	FALSE
PRG1	Y54G11A.9	20.8	21.6602412335564	0	FALSE
PRG1	Y54G2A.10	28.046	6.00121694409421	0	FALSE
PRG1	Y54G2A.11	12.57	5.57704812410588	0	FALSE
PRG1	Y54G2A.12	13.516	12.0421339101692	0	FALSE
PRG1	Y54G2A.13	17.348	4.71540302557174	0	FALSE
PRG1	Y54G2A.15	19.04	28.1393280634169	0	FALSE
PRG1	Y54G2A.16	15.56	6.32943699356276	0	FALSE
PRG1	Y54G2A.19	9.89	1.5082339626063	0	FALSE
PRG1	Y54G2A.26	16.582	33.3853123421223	0	FALSE
PRG1	Y54G2A.28	18.358	30.9479901829592	0	FALSE
PRG1	Y54G2A.32	28.708	0.809981775157894	0	FALSE
PRG1	Y54G2A.36	9.862	5.54432662751692	0	FALSE
PRG1	Y54G2A.37	23.688	10.659401426464	0	FALSE
PRG1	Y54G2A.38	19.048	4.42323515843363	0	FALSE
PRG1	Y54G2A.40	20.544	5.30307228658951	0	FALSE
PRG1	Y54G2A.41	18.966	12.7430295374561	0	FALSE
PRG1	Y54G2A.44	28.878	2.73558076192965	0	FALSE
PRG1	Y54G2A.45	16.646	42.5325624109151	0	FALSE
PRG1	Y54G2A.48	27.548	5.51784492530854	0	FALSE
PRG1	Y54G2A.49	18.954	20.2128285172902	0	FALSE
PRG1	Y54G2A.50	17.934	9.31480921027867	0	FALSE
PRG1	Y54G2A.52	24.58	10.3200211204593	0	FALSE
PRG1	Y54G2A.57	24.988	4.25780689861569	0	FALSE
PRG1	Y54G2A.7	20.326	3.34050919907709	0	FALSE
PRG1	Y54G2A.72	23.732	3.61992627769529	0	FALSE
PRG1	Y54G2A.73	18.632	6.18213302705029	0	FALSE
PRG1	Y54G2A.76	26.092	7.26973167551863	0	FALSE
PRG1	Y54G2A.77	20.932	2.95317483141622	0	FALSE
PRG1	Y54G9A.5	22.956	11.1062252023712	0	FALSE
PRG1	Y54G9A.9	29.688	3.96634017027937	0	FALSE
PRG1	Y54H5A.2	22.176	17.0933917496685	0	FALSE
PRG1	Y55B1AR.2	9.326	3.07107869126661	0	FALSE
PRG1	Y55B1AR.4	24.398	9.83859659170352	0	FALSE
PRG1	Y55B1BL.1	17.578	11.867343874153	0	FALSE
PRG1	Y55B1BL.2	22.864	4.85307924643032	0	FALSE
PRG1	Y55B1BR.6	15.186	1.88658022699539	0	FALSE
PRG1	Y55B1BR.8	18.792	5.55130801482377	0	FALSE
PRG1	Y55D5A.1	9.096	7.73196314059264	0	FALSE
PRG1	Y55D5A.2	24.072	4.28340542091714	0	FALSE
PRG1	Y55D5A.3	27.668	1.8026907740595	0	FALSE
PRG1	Y55D5A.4	22.766	18.6373025591329	0	FALSE
PRG1	Y55D9A.2	16.36	3.61825148825153	0	FALSE
PRG1	Y55F3AM.11	24.992	11.6952915780071	0	FALSE
PRG1	Y55F3AM.13	19.302	4.00892291126611	0	FALSE
PRG1	Y55F3AM.21	21.112	20.0695468113758	0	FALSE
PRG1	Y55F3AM.5	25.1	7.47826912692874	0	FALSE
PRG1	Y55F3AM.9	22.828	10.7120940278524	0	FALSE
PRG1	Y55F3AR.2	26.504	6.92765081567071	0	FALSE
PRG1	Y55F3BL.4	10.788	75.5543931721683	0	FALSE
PRG1	Y55F3BL.6	25.916	16.1702106183639	0	FALSE
PRG1	Y55F3BR.1	25.542	7.51184960951223	0	FALSE
PRG1	Y55F3BR.10	19.598	2.57373525062114	0	FALSE
PRG1	Y55F3BR.11	9.922	2.80793853193813	0	FALSE
PRG1	Y55F3BR.2	25.778	4.69692171887487	0	FALSE
PRG1	Y55F3BR.6	22.758	9.50902235592575	0	FALSE
PRG1	Y55F3C.10	22.584	5.03786826891034	0	FALSE
PRG1	Y55F3C.9	27.626	3.50030893513743	0	FALSE
PRG1	Y55H10A.2	21.792	5.58109345532739	0	FALSE
PRG1	Y56A3A.16	21.668	21.8729089241085	0	FALSE
PRG1	Y56A3A.18	23.716	12.0400253185185	0	FALSE
PRG1	Y56A3A.2	4.814	1.78452277481633	2	FALSE
PRG1	Y56A3A.22	22.974	4.9319327173109	0	FALSE
PRG1	Y56A3A.28	20.166	10.7267320819431	0	FALSE
PRG1	Y56A3A.30	18.312	16.3129430869116	0	FALSE
PRG1	Y56A3A.31	25.56	7.63647772125255	0	FALSE
PRG1	Y56A3A.33	26.196	14.0376884930228	0	FALSE
PRG1	Y56A3A.41	26.948	1.81517117415931	0	FALSE
PRG1	Y56A3A.6	23.558	3.15940066864226	0	FALSE
PRG1	Y56A3A.7	22.742	18.3957675886338	0	FALSE
PRG1	Y57A10A.13	15.226	47.8493307601163	0	FALSE
PRG1	Y57A10A.14	15.866	21.9999098324846	0	FALSE
PRG1	Y57A10A.2	22.876	8.98470808148213	0	FALSE
PRG1	Y57A10A.24	19.694	6.65347737795712	0	FALSE
PRG1	Y57A10A.27	23.062	15.3448543718294	0	FALSE
PRG1	Y57A10A.29	21.764	1.65971399777827	0	FALSE
PRG1	Y57A10A.31	13.934	1.54307182139053	0	FALSE
PRG1	Y57A10A.4	23.838	7.07619119294112	0	FALSE
PRG1	Y57A10A.5	11.344	3.58813541745845	0	FALSE
PRG1	Y57A10A.8	19.566	1.82874782897994	0	FALSE
PRG1	Y57A10B.6	26.634	3.01475860913775	0	FALSE
PRG1	Y57A10B.7	24.066	8.06194687612197	0	FALSE
PRG1	Y57A10C.1	13.164	13.3737451352302	0	FALSE
PRG1	Y57A10C.10	27.512	6.38637759806097	0	FALSE
PRG1	Y57A10C.11	23.544	5.74067386852383	0	FALSE
PRG1	Y57A10C.8	2.486	6.21607201032401	2	FALSE
PRG1	Y57A10C.9	27.696	4.58944980133982	0	FALSE
PRG1	Y57E12AL.1	22.846	4.08783059105271	0	FALSE
PRG1	Y57E12AL.2	26.63	7.01361580906048	0	FALSE
PRG1	Y57E12AL.6	8.02	5.6530701179709	0	FALSE
PRG1	Y57E12AR.1	22.134	9.68702838130654	0	FALSE
PRG1	Y57E12B.1	22.106	5.5199388481196	0	FALSE
PRG1	Y57E12B.10	19.9	2.91110519757995	0	FALSE
PRG1	Y57E12B.11	21.032	7.38323770825748	0	FALSE
PRG1	Y57E12B.4	20.394	9.68056433068053	0	FALSE
PRG1	Y57G11A.2	19.004	34.3478198781813	0	FALSE
PRG1	Y57G11A.4	26.966	3.12699676766054	0	FALSE
PRG1	Y57G11A.5	27.01	8.23084382471099	0	FALSE
PRG1	Y57G11B.2	23.294	6.47073183757811	0	FALSE
PRG1	Y57G11B.3	27.5	2.39931119592187	0	FALSE
PRG1	Y57G11B.5	27.184	7.88364071597297	0	FALSE
PRG1	Y57G11B.6	18.534	11.9412065816432	0	FALSE
PRG1	Y57G11B.8	10.008	8.76664043053829	0	FALSE
PRG1	Y57G11C.1130	5.386	4.56415041044258	0	FALSE
PRG1	Y57G11C.1131	12.562	4.05650578723911	0	FALSE
PRG1	Y57G11C.1142	23.752	4.66050992506494	0	FALSE
PRG1	Y57G11C.1144	14.168	6.96819428832025	0	FALSE
PRG1	Y57G11C.1147	20.392	2.32544427811927	0	FALSE
PRG1	Y57G11C.14	22.35	27.7431441324567	0	FALSE
PRG1	Y57G11C.20	22.828	9.96688560808223	0	FALSE
PRG1	Y57G11C.22	23.984	2.87307828387735	0	FALSE
PRG1	Y57G11C.23	26.402	3.95856805845838	0	FALSE
PRG1	Y57G11C.28	22.356	5.86660076024022	0	FALSE
PRG1	Y57G11C.3	25.228	3.343689894049	0	FALSE
PRG1	Y57G11C.30	12.986	3.29402137576088	0	FALSE
PRG1	Y57G11C.31	25.24	13.0430214994154	0	FALSE
PRG1	Y57G11C.33	25.698	8.68907064440444	0	FALSE
PRG1	Y57G11C.36	10.37	2.33735769402909	0	FALSE
PRG1	Y57G11C.38	21.774	6.76190996761368	0	FALSE
PRG1	Y57G11C.40	19.738	8.33686447287994	0	FALSE
PRG1	Y57G11C.41	1.79	2.70820103766276	2	FALSE
PRG1	Y57G11C.42	17.91	1.97760589038804	0	FALSE
PRG1	Y57G11C.43	18.526	4.17670545992546	0	FALSE
PRG1	Y57G11C.46	21.694	6.78825426807516	0	FALSE
PRG1	Y57G11C.48	25.938	3.29405535726081	0	FALSE
PRG1	Y57G11C.499	25.936	8.01791482259219	0	FALSE
PRG1	Y57G11C.5	26.112	8.29420926294507	0	FALSE
PRG1	Y57G11C.51	23.322	6.40895846740792	0	FALSE
PRG1	Y57G11C.52	24.662	9.41187672964393	0	FALSE
PRG1	Y57G11C.8	21.024	15.8341338881782	0	FALSE
PRG1	Y57G7A.1	14.434	3.97523676231257	0	FALSE
PRG1	Y57G7A.11	27.336	4.94670576916153	0	FALSE
PRG1	Y57G7A.2	13.118	10.4813510840705	0	FALSE
PRG1	Y57G7A.3	23.072	7.67368103572347	0	FALSE
PRG1	Y57G7A.5	25.26	9.39798629658927	0	FALSE
PRG1	Y57G7A.6	27.824	5.70502351334925	0	FALSE
PRG1	Y58A7A.1	28.926	2.48401531330544	0	FALSE
PRG1	Y58A7A.2	20.506	20.3740844848511	0	FALSE
PRG1	Y58A7A.3	22.31	13.1246693289984	0	FALSE
PRG1	Y58A7A.4	22.256	10.3071311099126	0	FALSE
PRG1	Y58A7A.5	16.49	12.7866491036815	0	FALSE
PRG1	Y59A8A.8	22.824	7.45323386618852	0	FALSE
PRG1	Y59A8B.12	14.692	8.49568938711631	0	FALSE
PRG1	Y59A8B.19	23.29	14.4438422837618	0	FALSE
PRG1	Y59A8B.21	16.49	6.3373916588923	0	FALSE
PRG1	Y59A8B.24	22.414	6.49501151392081	0	FALSE
PRG1	Y59A8B.25	25.232	5.30171773769943	0	FALSE
PRG1	Y59A8B.26	25.618	9.98517125767419	0	FALSE
PRG1	Y59A8B.8	24.15	17.3077456327603	0	FALSE
PRG1	Y59C2A.1	27.526	5.58742806302353	0	FALSE
PRG1	Y59C2A.2	26.904	1.27939800286446	0	FALSE
PRG1	Y59C2A.3	21.224	4.47849439092181	0	FALSE
PRG1	Y59E1A.4	15.124	10.7806748056502	0	FALSE
PRG1	Y59E9AL.36	8.306	3.14136099346023	0	FALSE
PRG1	Y59E9AL.4	28.264	8.60575346203849	0	FALSE
PRG1	Y59E9AL.8	29.414	1.91303071238092	0	FALSE
PRG1	Y59E9AR.1	27.362	8.42931855133401	0	FALSE
PRG1	Y59E9AR.2	23.008	13.4888619583812	0	FALSE
PRG1	Y59H11AM.1	18.064	2.07192553092587	0	FALSE
PRG1	Y59H11AM.4	23.774	3.81388847821848	0	FALSE
PRG1	Y59H11AR.10	21.67	4.94330532663326	0	FALSE
PRG1	Y59H11AR.3	22.612	8.05322056398491	0	FALSE
PRG1	Y59H11AR.4	27.634	8.30447808070424	0	FALSE
PRG1	Y5F2A.4	24.356	8.72214562207141	0	FALSE
PRG1	Y5H2A.1	25.522	9.21130136780396	0	FALSE
PRG1	Y5H2A.4	22.428	7.27886664583057	0	FALSE
PRG1	Y5H2B.3	18.938	1.89263448890945	0	FALSE
PRG1	Y60A3A.16	21.274	6.77050669591171	0	FALSE
PRG1	Y60A3A.19	25.19	5.86272691515605	0	FALSE
PRG1	Y60A3A.21	24.33	1.69839321918573	0	FALSE
PRG1	Y60A3A.23	22.65	4.79379531957448	0	FALSE
PRG1	Y60A3A.24	19.734	4.32166030137937	0	FALSE
PRG1	Y60A3A.25	24.18	7.10411382670619	0	FALSE
PRG1	Y60A3A.8	27.146	4.10387424053967	0	FALSE
PRG1	Y60A9.1	18.24	4.66572801081282	0	FALSE
PRG1	Y60A9.3	14.966	3.1135380340052	0	FALSE
PRG1	Y60A9A.1	17.45	7.75557421818429	0	FALSE
PRG1	Y60C6A.1	19.564	2.9268455755613	0	FALSE
PRG1	Y60C6A.2	16.904	2.93728037626668	0	FALSE
PRG1	Y60C6A.3	12.038	7.07547156574184	0	FALSE
PRG1	Y61A9LA.1	28.15	12.3885514670789	0	FALSE
PRG1	Y61A9LA.10	15.204	3.0841465279142	0	FALSE
PRG1	Y61A9LA.12	28.024	3.58906005742756	0	FALSE
PRG1	Y61A9LA.3	25.388	6.66492210144847	0	FALSE
PRG1	Y61A9LA.4	26.744	9.69295085920155	0	FALSE
PRG1	Y61A9LA.7	24.338	3.31712850670258	0	FALSE
PRG1	Y61B8A.6	9.072	1.80856651693066	0	FALSE
PRG1	Y61B8B.3	17.79	2.90917520407627	0	FALSE
PRG1	Y62E10A.11	21.06	15.8088997708969	0	FALSE
PRG1	Y62E10A.13	28.362	5.31849997080207	0	FALSE
PRG1	Y62E10A.19	21.176	2.04308197926968	0	FALSE
PRG1	Y62E10A.20	27.91	0.593623845423896	0	FALSE
PRG1	Y62E10A.23	19.422	22.0544942032414	0	FALSE
PRG1	Y62E10A.24	4.512	6.58472242585686	2	FALSE
PRG1	Y62E10A.3	24.234	12.6462779831141	0	FALSE
PRG1	Y62E10A.6	25.444	14.7109898314781	0	FALSE
PRG1	Y62F5A.10	23.932	20.0787832848954	0	FALSE
PRG1	Y62F5A.12	6.046	2.90414716139119	0	FALSE
PRG1	Y62F5A.9	5.292	21.8535597206779	0	FALSE
PRG1	Y62H9A.1	17.45	2.03095073314261	0	FALSE
PRG1	Y62H9A.10	27.72	6.43679136253748	0	FALSE
PRG1	Y62H9A.11	21.77	3.45030996016792	0	FALSE
PRG1	Y62H9A.12	21.47	12.248056694973	0	FALSE
PRG1	Y62H9A.13	13.212	3.00780725571173	0	FALSE
PRG1	Y62H9A.14	17.652	4.32134623694171	0	FALSE
PRG1	Y62H9A.15	14.016	10.5717187110688	0	FALSE
PRG1	Y62H9A.16	14.246	5.29836171892998	0	FALSE
PRG1	Y62H9A.2	25.582	7.73761546628124	0	FALSE
PRG1	Y62H9A.3	14.06	5.77768344513977	0	FALSE
PRG1	Y62H9A.4	16.854	8.7392635350065	0	FALSE
PRG1	Y62H9A.5	26	6.25570745316986	0	FALSE
PRG1	Y62H9A.7	20.47	12.0864474568966	0	FALSE
PRG1	Y62H9A.8	15.06	8.38351214747358	0	FALSE
PRG1	Y62H9A.9	26.428	4.80747532448572	0	FALSE
PRG1	Y63D3A.4	5.664	5.04739745938699	0	FALSE
PRG1	Y64G10A.1	28.696	1.60822958701707	0	FALSE
PRG1	Y64G10A.10	10.978	3.07451602983844	0	FALSE
PRG1	Y64G10A.2	14.212	5.6831849780602	0	FALSE
PRG1	Y64G10A.7	24.394	7.42866236301562	0	FALSE
PRG1	Y64H9A.2	25.784	13.7467330336454	0	FALSE
PRG1	Y65A5A.1	24.854	9.90281491751816	0	FALSE
PRG1	Y65A5A.2	11.898	43.3413174101516	0	FALSE
PRG1	Y65A5A.24	12.18	5.69646921468035	0	FALSE
PRG1	Y65B4A.2	4.834	10.9019641863002	0	FALSE
PRG1	Y65B4A.4	25.918	13.0383155774524	0	FALSE
PRG1	Y65B4A.7	23.226	8.17434404738637	0	FALSE
PRG1	Y65B4A.8	26.748	8.46878522723422	0	FALSE
PRG1	Y65B4A.9	25.416	12.2545465301336	0	FALSE
PRG1	Y65B4BL.1	12.85	5.80849274924112	0	FALSE
PRG1	Y65B4BL.3	19.74	5.14490004558401	0	FALSE
PRG1	Y65B4BL.4	7.372	2.69493463940459	0	FALSE
PRG1	Y65B4BL.6	14.048	3.98009905563813	0	FALSE
PRG1	Y65B4BL.7	27.41	6.09283075365117	0	FALSE
PRG1	Y65B4BM.3	4.264	2.49630564554131	2	FALSE
PRG1	Y65B4BR.1	24.974	14.8352424161248	0	FALSE
PRG1	Y66A7A.4	27.808	4.73588471227428	0	FALSE
PRG1	Y66A7A.7	26.138	6.89520244695389	0	FALSE
PRG1	Y66A7A.9	17.922	22.3607255825944	0	FALSE
PRG1	Y66C5A.1	18.768	4.71921947212584	0	FALSE
PRG1	Y66C5A.2	11.242	11.9048745252497	0	FALSE
PRG1	Y66D12A.1	16.19	2.57389333366456	0	FALSE
PRG1	Y66D12A.10	29.254	2.07501721092161	0	FALSE
PRG1	Y66D12A.11	19.96	3.61225571795827	0	FALSE
PRG1	Y66D12A.13	17.32	1.68873739055539	0	FALSE
PRG1	Y66D12A.16	7.55	3.585956654485	0	FALSE
PRG1	Y66D12A.19	22.778	7.57856035924944	0	FALSE
PRG1	Y66D12A.21	5.46	5.84217505777897	0	FALSE
PRG1	Y66D12A.24	25.566	10.3763415688005	0	FALSE
PRG1	Y66D12A.3	25.582	6.75145267333316	0	FALSE
PRG1	Y66D12A.30	25.24	8.61611282408764	0	FALSE
PRG1	Y66D12A.6	25.266	3.19200667070338	0	FALSE
PRG1	Y66D12A.7	27.774	4.44799661256099	0	FALSE
PRG1	Y66D12A.8	12.298	6.61683434026743	0	FALSE
PRG1	Y66H1A.5	23.686	15.6776668812771	0	FALSE
PRG1	Y66H1A.8	23.792	6.87320812626437	0	FALSE
PRG1	Y67A10A.11	19.022	5.05217902396508	0	FALSE
PRG1	Y67A10A.2	23.284	1.44964431949539	0	FALSE
PRG1	Y67A10A.3	27.942	2.40121355595096	0	FALSE
PRG1	Y67A10A.7	26.676	6.23622156552577	0	FALSE
PRG1	Y67A6A.1	21.206	0.398186019665835	0	FALSE
PRG1	Y67D2.2	12.762	8.27914213095519	0	FALSE
PRG1	Y67D2.5	25.096	26.6107121250036	0	FALSE
PRG1	Y67D8A.2	25.588	9.15877986300625	0	FALSE
PRG1	Y67D8B.1	26.412	8.27591222538151	0	FALSE
PRG1	Y67D8B.2	24.738	12.0778570447062	0	FALSE
PRG1	Y67D8B.3	24.684	1.95333737874629	0	FALSE
PRG1	Y67D8B.5	25.42	5.60440718127714	0	FALSE
PRG1	Y67D8C.2	22.248	5.40154730286052	0	FALSE
PRG1	Y67D8C.22	25.592	9.52499277134935	0	FALSE
PRG1	Y67D8C.6	20.944	5.44545218844542	0	FALSE
PRG1	Y67D8C.9	25.366	6.8705895064635	0	FALSE
PRG1	Y67H2A.10	20.022	2.01934988626898	0	FALSE
PRG1	Y67H2A.2	20.924	4.70922291643092	0	FALSE
PRG1	Y67H2A.7	17.384	3.42367834777083	0	FALSE
PRG1	Y68A4A.10	24.646	10.2989648793157	0	FALSE
PRG1	Y68A4A.13	19.714	10.5017203797184	0	FALSE
PRG1	Y68A4B.3	25.036	12.033948225302	0	FALSE
PRG1	Y69A2AL.2	25.178	5.84237374684773	0	FALSE
PRG1	Y69A2AR.1	26.118	5.84947677230858	0	FALSE
PRG1	Y69A2AR.12	18.39	7.54994219724305	0	FALSE
PRG1	Y69A2AR.16	20.332	12.7531729550371	0	FALSE
PRG1	Y69A2AR.18	19.592	17.6901682226887	0	FALSE
PRG1	Y69A2AR.19	20.736	12.8419569091112	0	FALSE
PRG1	Y69A2AR.22	20.428	20.6090087797679	0	FALSE
PRG1	Y69A2AR.23	16.278	3.27424853214278	0	FALSE
PRG1	Y69A2AR.24	18.13	34.5603972902779	0	FALSE
PRG1	Y69A2AR.25	23.408	5.43048852336495	0	FALSE
PRG1	Y69A2AR.28	9.97	5.6391947028568	0	FALSE
PRG1	Y69A2AR.31	23.268	8.96950402816004	0	FALSE
PRG1	Y69A2AR.32	9.524	8.62313432763466	0	FALSE
PRG1	Y69A2AR.46	25.01	5.72602522367234	0	FALSE
PRG1	Y69A2AR.47	20.616	8.88578028760575	0	FALSE
PRG1	Y69A2AR.50	21.576	2.64438433417766	0	FALSE
PRG1	Y69A2AR.51	23.906	6.82988487240674	0	FALSE
PRG1	Y69E1A.1	26.672	12.7826723694214	0	FALSE
PRG1	Y69E1A.3	23.38	10.8583015915795	0	FALSE
PRG1	Y69E1A.4	25.296	10.5489784900874	0	FALSE
PRG1	Y69E1A.5	27.356	5.13306346079793	0	FALSE
PRG1	Y69E1A.8	15.458	27.1027103587492	0	FALSE
PRG1	Y69F12A.1	16.584	7.56262056397121	0	FALSE
PRG1	Y69H2.1	22.002	11.1954526760151	0	FALSE
PRG1	Y69H2.10	19.47	1.83251800461338	0	FALSE
PRG1	Y69H2.15	15.592	21.8675753655742	0	FALSE
PRG1	Y69H2.17	22.308	12.4983020944219	0	FALSE
PRG1	Y69H2.3	22.696	4.60171015305797	0	FALSE
PRG1	Y69H2.7	8.516	7.74949468725146	0	FALSE
PRG1	Y69H2.9	27.41	5.52733036688706	0	FALSE
PRG1	Y6B3B.1	24.132	6.14401318322651	0	FALSE
PRG1	Y6B3B.7	23.432	2.00294174075993	0	FALSE
PRG1	Y6B3B.9	27.012	1.95463772492891	0	FALSE
PRG1	Y6D1A.1	13.114	3.36842469731841	0	FALSE
PRG1	Y6D1A.2	22.182	4.06977228675149	0	FALSE
PRG1	Y6E2A.1	26.568	6.98522299120976	0	FALSE
PRG1	Y6E2A.10	26.306	8.23076828198346	0	FALSE
PRG1	Y6E2A.4	20.096	2.91444879605631	0	FALSE
PRG1	Y6E2A.5	26.554	9.52144886961622	0	FALSE
PRG1	Y6E2A.7	22.922	4.79257304993048	0	FALSE
PRG1	Y6G8.14	26.704	9.26578135820618	0	FALSE
PRG1	Y6G8.15	27.594	3.6728064893159	0	FALSE
PRG1	Y6G8.16	26.412	5.02486049476849	0	FALSE
PRG1	Y6G8.2	24.476	13.5408629149174	0	FALSE
PRG1	Y6G8.5	25.19	3.8949872473915	0	FALSE
PRG1	Y6G8.6	21.972	26.3479352542	0	FALSE
PRG1	Y6G8.8	22.656	17.0284392354734	0	FALSE
PRG1	Y70C5A.2	21.434	11.869721231096	0	FALSE
PRG1	Y70C5A.3	27.49	3.0986597946958	0	FALSE
PRG1	Y70C5A.4	11.148	4.39467492416504	0	FALSE
PRG1	Y70C5B.2	23.962	28.8964127894932	0	FALSE
PRG1	Y70C5C.1	25.684	24.0355223762421	0	FALSE
PRG1	Y70G10A.3	24.512	11.7641195642051	0	FALSE
PRG1	Y70G10A.4	24.554	1.6025268154018	0	FALSE
PRG1	Y71A12B.10	18.23	4.81363098420647	0	FALSE
PRG1	Y71A12B.11	20.446	10.6364338746228	0	FALSE
PRG1	Y71A12B.12	18.918	24.9144643406041	0	FALSE
PRG1	Y71A12B.23	11.52	3.59850648058578	0	FALSE
PRG1	Y71A12B.24	25.622	11.0648786571979	0	FALSE
PRG1	Y71A12B.8	27.064	1.47488036284975	0	FALSE
PRG1	Y71A12C.2	24.632	11.8639278432188	0	FALSE
PRG1	Y71F9AL.1	27.666	7.03094493418027	0	FALSE
PRG1	Y71F9AL.10	21.058	6.61893298889949	0	FALSE
PRG1	Y71F9AL.11	21.634	2.05879031985684	0	FALSE
PRG1	Y71F9AL.12	21.536	11.3928526819184	0	FALSE
PRG1	Y71F9AL.2	25.554	1.94950565660062	0	FALSE
PRG1	Y71F9AL.25	20.32	13.8720180531086	0	FALSE
PRG1	Y71F9AL.6	20.802	14.0763790475726	0	FALSE
PRG1	Y71F9AL.7	9.716	3.37188736178662	0	FALSE
PRG1	Y71F9AL.8	21.47	15.7684039720892	0	FALSE
PRG1	Y71F9AL.9	17.016	7.59505045216235	0	FALSE
PRG1	Y71F9AM.11	21.806	13.6996467717935	0	FALSE
PRG1	Y71F9AM.8	18.528	10.1012999816961	0	FALSE
PRG1	Y71F9AR.10	16.902	21.1371843056028	0	FALSE
PRG1	Y71F9AR.2	20.978	4.89059177128157	0	FALSE
PRG1	Y71F9AR.4	17.562	25.6998003697262	0	FALSE
PRG1	Y71F9B.1	29.508	0.948713648656739	0	FALSE
PRG1	Y71F9B.13	20.072	6.35622411369965	0	FALSE
PRG1	Y71F9B.15	19.466	5.87364357994803	0	FALSE
PRG1	Y71F9B.2	24.41	8.71443255253351	0	FALSE
PRG1	Y71F9B.6	6.936	4.07355871210073	0	FALSE
PRG1	Y71F9B.9	27.438	3.81633003285807	0	FALSE
PRG1	Y71G10AR.4	26.744	8.35927708462418	0	FALSE
PRG1	Y71G12A.4	24.084	7.68019129932183	0	FALSE
PRG1	Y71G12A.5	21.53	7.93044571178799	0	FALSE
PRG1	Y71G12B.10	29.468	1.3682628694884	0	FALSE
PRG1	Y71G12B.13	11.292	5.13996662231039	0	FALSE
PRG1	Y71G12B.17	26.364	8.2019238259145	0	FALSE
PRG1	Y71G12B.18	24.834	16.3587816942838	0	FALSE
PRG1	Y71G12B.2	24.094	8.89832995390686	0	FALSE
PRG1	Y71G12B.22	22.364	8.2575631334477	0	FALSE
PRG1	Y71G12B.23	28.022	3.57356377922196	0	FALSE
PRG1	Y71G12B.25	29.248	3.60472579674486	0	FALSE
PRG1	Y71G12B.27	23.994	11.7686895987216	0	FALSE
PRG1	Y71G12B.3	13.906	9.88482362509005	0	FALSE
PRG1	Y71G12B.30	21.022	23.0346614908725	0	FALSE
PRG1	Y71G12B.31	9.328	13.5294823174937	0	FALSE
PRG1	Y71G12B.32	11.174	65.4081112153416	0	FALSE
PRG1	Y71G12B.33	9.308	2.64842844413309	0	FALSE
PRG1	Y71G12B.35	13.922	9.45188430469395	0	FALSE
PRG1	Y71G12B.5	10.778	7.15784577649061	0	FALSE
PRG1	Y71H2AL.2	18.166	27.9239240982542	0	FALSE
PRG1	Y71H2AL.4	19.124	7.2448605279884	0	FALSE
PRG1	Y71H2AM.1	28.132	6.06039582979732	0	FALSE
PRG1	Y71H2AM.10	23.714	5.32014003858093	0	FALSE
PRG1	Y71H2AM.11	29.288	1.79187628239716	0	FALSE
PRG1	Y71H2AM.12	18.282	6.41099452489727	0	FALSE
PRG1	Y71H2AM.14	20.902	4.64802278071292	0	FALSE
PRG1	Y71H2AM.20	24.108	7.05113751294155	0	FALSE
PRG1	Y71H2AM.25	20.838	12.4481655020959	0	FALSE
PRG1	Y71H2AM.29	23.908	6.17571138891761	0	FALSE
PRG1	Y71H2AM.3	14.924	34.333078635859	0	FALSE
PRG1	Y71H2AM.6	28.792	4.98256487195129	0	FALSE
PRG1	Y71H2AR.2	12.146	4.53556881849683	0	FALSE
PRG1	Y71H2B.11	23.246	13.3082830724202	0	FALSE
PRG1	Y71H2B.2	19.728	8.38954339754401	0	FALSE
PRG1	Y71H2B.4	26.454	6.48494049427279	0	FALSE
PRG1	Y71H2B.5	27.45	7.90213396213561	0	FALSE
PRG1	Y71H2B.8	21.74	20.987136262582	0	FALSE
PRG1	Y72A10A.1	26.326	9.89709620563089	0	FALSE
PRG1	Y73B3A.1	8.41	3.02451779832982	0	FALSE
PRG1	Y73B3A.11	18.168	9.40026828483994	0	FALSE
PRG1	Y73B3A.20	14.524	5.07394393836304	0	FALSE
PRG1	Y73B3A.4	13.522	15.6948371190814	0	FALSE
PRG1	Y73B3A.8	13.786	4.64397731487552	0	FALSE
PRG1	Y73B3B.1	23.992	13.2259911353963	0	FALSE
PRG1	Y73B3B.3	17.55	7.16941816423497	0	FALSE
PRG1	Y73B6A.1	14.274	38.6078067318031	0	FALSE
PRG1	Y73B6A.3	24.074	7.86986917183925	0	FALSE
PRG1	Y73B6BL.12	24.936	3.53502186232426	0	FALSE
PRG1	Y73B6BL.14	29.274	3.46741723994013	0	FALSE
PRG1	Y73B6BL.22	23.516	5.17230062486021	0	FALSE
PRG1	Y73B6BL.23	13.114	3.01691874401824	0	FALSE
PRG1	Y73B6BL.27	26.47	8.46367509032409	0	FALSE
PRG1	Y73B6BL.270	14.41	15.0128652162603	0	FALSE
PRG1	Y73B6BL.288	22.686	17.508676622622	0	FALSE
PRG1	Y73B6BL.289	23.964	4.39452901453529	0	FALSE
PRG1	Y73B6BL.29	21.158	4.52674278849333	0	FALSE
PRG1	Y73B6BL.31	19.666	19.5635773914984	0	FALSE
PRG1	Y73B6BL.37	26.08	11.6618325341152	0	FALSE
PRG1	Y73B6BL.44	24.858	10.6992074737246	0	FALSE
PRG1	Y73B6BL.47	27.44	4.73150818177464	0	FALSE
PRG1	Y73C8B.1	28.042	8.85757714286001	0	FALSE
PRG1	Y73C8B.2	24.306	7.63862759536952	0	FALSE
PRG1	Y73C8B.3	28.454	4.82341325126638	0	FALSE
PRG1	Y73C8B.5	13.502	3.85355948250845	0	FALSE
PRG1	Y73C8B.9	22.08	4.14408361005527	0	FALSE
PRG1	Y73C8C.10	25.884	12.0704092205776	0	FALSE
PRG1	Y73C8C.12	12.966	0.691117285738694	0	FALSE
PRG1	Y73C8C.3	27.154	8.457812823934	0	FALSE
PRG1	Y73C8C.4	26.96	11.5705007230233	0	FALSE
PRG1	Y73C8C.8	10.88	7.07989110632516	0	FALSE
PRG1	Y73E7A.1	11.38	4.95297738876694	0	FALSE
PRG1	Y73E7A.3	8.688	3.62285764384108	0	FALSE
PRG1	Y73E7A.8	5.306	5.55031239260228	0	FALSE
PRG1	Y73F4A.1	29.566	0.821061423748244	0	FALSE
PRG1	Y73F4A.2	29.02	2.88993675020559	0	FALSE
PRG1	Y73F4A.3	29.01	2.5394062373958	0	FALSE
PRG1	Y73F8A.10	15.34	12.2928466306488	0	FALSE
PRG1	Y73F8A.1159	24.92	7.43172319867145	0	FALSE
PRG1	Y73F8A.12	26.402	5.35387864415914	0	FALSE
PRG1	Y73F8A.13	22.77	6.92511252545455	0	FALSE
PRG1	Y73F8A.14	25.086	10.1928045652856	0	FALSE
PRG1	Y73F8A.15	26.712	9.61143046186103	0	FALSE
PRG1	Y73F8A.20	26.608	3.81676143556998	0	FALSE
PRG1	Y73F8A.22	28.048	4.70766272399355	0	FALSE
PRG1	Y73F8A.23	26.836	6.48070024268766	0	FALSE
PRG1	Y73F8A.26	24.478	7.42662343938753	0	FALSE
PRG1	Y73F8A.32	17.272	9.62812780366807	0	FALSE
PRG1	Y73F8A.35	26.882	5.57500463556428	0	FALSE
PRG1	Y73F8A.36	15.242	20.6832556856182	0	FALSE
PRG1	Y73F8A.5	19.012	6.4340500479015	0	FALSE
PRG1	Y74C10AL.2	15.436	7.12216310157794	0	FALSE
PRG1	Y74C10AR.2	11.452	3.88475381443221	0	FALSE
PRG1	Y75B12A.2	16.236	41.3720776994179	0	FALSE
PRG1	Y75B12B.1	17.992	4.08077959815941	0	FALSE
PRG1	Y75B12B.10	26.586	5.29076314303076	0	FALSE
PRG1	Y75B12B.11	26.6	2.43607862245449	0	FALSE
PRG1	Y75B12B.13	13.418	5.6653570638341	0	FALSE
PRG1	Y75B12B.3	17.458	4.51087598871772	0	FALSE
PRG1	Y75B7AR.1	24.814	11.3263532842657	0	FALSE
PRG1	Y75B7B.1	8.188	9.70352974278643	0	FALSE
PRG1	Y75B7B.2	26.61	6.24860481035282	0	FALSE
PRG1	Y75B8A.10	26.264	6.38062468837445	0	FALSE
PRG1	Y75B8A.13	22.812	10.4773271282382	0	FALSE
PRG1	Y75B8A.18	20.97	14.9959665904872	0	FALSE
PRG1	Y75B8A.19	22.976	8.35595655709245	0	FALSE
PRG1	Y75B8A.23	18.34	3.01744051542785	0	FALSE
PRG1	Y75B8A.24	27.976	12.5068317816514	0	FALSE
PRG1	Y75B8A.25	19.248	5.06344941607649	0	FALSE
PRG1	Y75B8A.28	16.27	23.0254750242747	0	FALSE
PRG1	Y75B8A.31	25.694	16.2215954206517	0	FALSE
PRG1	Y75B8A.32	14.846	2.13250181249005	0	FALSE
PRG1	Y75B8A.33	15.768	2.6852034590702	0	FALSE
PRG1	Y75B8A.34	27.724	7.52324509957378	0	FALSE
PRG1	Y75B8A.37	28.396	6.9139868240739	0	FALSE
PRG1	Y75B8A.39	26.958	3.27374478166429	0	FALSE
PRG1	Y75B8A.44	12.782	7.58726415216925	0	FALSE
PRG1	Y75B8A.6	19.188	7.56680956458012	0	FALSE
PRG1	Y75B8A.63	21.304	14.4791025932752	0	FALSE
PRG1	Y75B8A.7	26.78	7.2228633787436	0	FALSE
PRG1	Y75B8A.8	12.456	6.96925061897928	0	FALSE
PRG1	Y75D11A.2	21.91	16.3254453984637	0	FALSE
PRG1	Y75D11A.3	17.08	15.8698048724474	0	FALSE
PRG1	Y75D11A.6	16.546	4.29481112104056	0	FALSE
PRG1	Y76A2B.4	22.836	5.35719171940923	0	FALSE
PRG1	Y76B12C.3	22.194	8.40130550994592	0	FALSE
PRG1	Y76B12C.4	19.288	14.3440497783671	0	FALSE
PRG1	Y76B12C.6	13.836	10.3010071332336	0	FALSE
PRG1	Y76B12C.8	13.552	2.34182514877882	0	FALSE
PRG1	Y76B12C.9	20.974	2.94459900019304	0	FALSE
PRG1	Y77E11A.12	23.652	1.85775965885165	0	FALSE
PRG1	Y77E11A.14	24.988	6.55139023387435	0	FALSE
PRG1	Y77E11A.16	25.188	6.25202596164908	0	FALSE
PRG1	Y77E11A.23	23.872	6.43455361754657	0	FALSE
PRG1	Y77E11A.7	23.314	1.5952964410778	0	FALSE
PRG1	Y77E11A.8	25.218	8.61233504249981	0	FALSE
PRG1	Y79H2A.12	14.79	3.31718636160543	0	FALSE
PRG1	Y79H2A.2	18.946	14.3689383922047	0	FALSE
PRG1	Y79H2A.3	26.048	10.8779590753191	0	FALSE
PRG1	Y79H2A.4	22.832	7.80403157352606	0	FALSE
PRG1	Y7A5A.1	28.838	0.860437717030849	0	FALSE
PRG1	Y7A5A.10	25.492	7.33004206357353	0	FALSE
PRG1	Y7A5A.13	26.41	4.31779212390449	0	FALSE
PRG1	Y7A5A.2	2.068	2.90940211924397	2	FALSE
PRG1	Y7A5A.20	11.35	2.95187058462572	0	FALSE
PRG1	Y7A5A.24	25.786	6.01973931539569	0	FALSE
PRG1	Y7A5A.25	14.836	8.87319346456933	0	FALSE
PRG1	Y7A5A.3	26.824	2.73971575426654	0	FALSE
PRG1	Y7A5A.5	23.02	7.08872342606851	0	FALSE
PRG1	Y7A5A.6	22.206	5.9975436893407	0	FALSE
PRG1	Y7A5A.7	20.616	2.74275672317333	0	FALSE
PRG1	Y7A5A.8	23.506	8.76153055650184	0	FALSE
PRG1	Y7A5A.9	19.42	10.584536388284	0	FALSE
PRG1	Y7A9A.1	27.404	0.552570974499106	0	FALSE
PRG1	Y80D3A.8	28.986	2.07536268067211	0	FALSE
PRG1	Y80D4G.2	24.81	2.99109890586891	0	FALSE
PRG1	Y81B9A.1	26.98	3.35162216267704	0	FALSE
PRG1	Y81B9A.2	12.518	1.69969227287079	0	FALSE
PRG1	Y81B9A.3	13.018	4.44190622152285	0	FALSE
PRG1	Y81B9A.4	25.458	7.10396348871494	0	FALSE
PRG1	Y81G3A.1	15.202	28.0782554628775	0	FALSE
PRG1	Y81G3A.2	21.772	12.0159277785421	0	FALSE
PRG1	Y81G3A.4	28.41	4.31038916292619	0	FALSE
PRG1	Y81G3A.6	21.806	2.91711151604485	0	FALSE
PRG1	Y82E9BL.1	26.084	8.82210705388304	0	FALSE
PRG1	Y82E9BL.12	19.022	8.18630748184145	0	FALSE
PRG1	Y82E9BL.18	25.924	5.17583087743008	0	FALSE
PRG1	Y82E9BL.19	19.48	26.5941752468656	0	FALSE
PRG1	Y82E9BL.3	23.55	9.12985729854841	0	FALSE
PRG1	Y82E9BL.5	21.986	20.405989007411	0	FALSE
PRG1	Y82E9BL.6	23.752	11.2287893820362	0	FALSE
PRG1	Y82E9BR.10	24.112	2.43835879007376	0	FALSE
PRG1	Y82E9BR.14	25.856	12.9491445769526	0	FALSE
PRG1	Y82E9BR.16	20.422	5.15308983187635	0	FALSE
PRG1	Y82E9BR.17	24.232	7.04980647705206	0	FALSE
PRG1	Y82E9BR.18	26.362	5.89241200819642	0	FALSE
PRG1	Y82E9BR.19	21.574	18.6376216769579	0	FALSE
PRG1	Y82E9BR.20	16.738	3.1859453763868	0	FALSE
PRG1	Y82E9BR.22	21.426	16.6800833009128	0	FALSE
PRG1	Y82E9BR.3	27.754	5.73929587295644	0	FALSE
PRG1	Y82E9BR.5	19.326	18.767535565176	0	FALSE
PRG1	Y82E9BR.6	8.26	7.96551290537336	0	FALSE
PRG1	Y82E9BR.8	21.296	24.5029090683284	0	FALSE
PRG1	Y82E9BR.9	20.294	18.4991046878657	0	FALSE
PRG1	Y87G2A.1	5.686	3.36827706503668	0	FALSE
PRG1	Y87G2A.13	25.75	5.4607658969558	0	FALSE
PRG1	Y87G2A.16	26.776	7.38999309634382	0	FALSE
PRG1	Y87G2A.18	19.358	4.18087126128153	0	FALSE
PRG1	Y87G2A.19	23.618	12.6022262306318	0	FALSE
PRG1	Y87G2A.2	21.06	19.8447017986004	0	FALSE
PRG1	Y87G2A.20	14.41	12.2140361771026	0	FALSE
PRG1	Y87G2A.25	20.284	5.76204328899127	0	FALSE
PRG1	Y8A9A.2	24.002	9.08823171227659	0	FALSE
PRG1	Y8A9A.3	22.876	16.4948037051896	0	FALSE
PRG1	Y8A9A.4	16.8	2.97827308086712	0	FALSE
PRG1	Y92H12A.2	17.672	9.3679091458558	0	FALSE
PRG1	Y92H12A.5	18.144	5.77240002479556	0	FALSE
PRG1	Y92H12BL.1	23.43	15.78341247148	0	FALSE
PRG1	Y92H12BL.4	20.684	11.4382047594238	0	FALSE
PRG1	Y92H12BL.5	27.024	5.49088388862099	0	FALSE
PRG1	Y92H12BL.6	21.864	8.30535448894577	0	FALSE
PRG1	Y92H12BL.7	22.798	7.88283298868409	0	FALSE
PRG1	Y92H12BM.1	14.558	13.5743254425592	0	FALSE
PRG1	Y92H12BR.2	23.806	2.94142516429675	0	FALSE
PRG1	Y92H12BR.3	28.054	3.98796982717867	1	TRUE
PRG1	Y92H12BR.7	16.904	3.64062016180059	0	FALSE
PRG1	Y94A7B.11	16.02	8.00329050425397	0	FALSE
PRG1	Y94H6A.10	19.118	24.8814417363731	0	FALSE
PRG1	Y94H6A.12	28.162	3.83630268777599	0	FALSE
PRG1	Y94H6A.2	27.87	1.80673658482758	0	FALSE
PRG1	Y94H6A.3	5.022	2.47667173886677	0	FALSE
PRG1	Y94H6A.5	24.462	2.17113329497789	0	FALSE
PRG1	Y94H6A.7	29.756	1.75923762728443	0	FALSE
PRG1	Y95B8A.4	23.94	14.1221206996862	0	FALSE
PRG1	Y95B8A.6	22.44	9.93186448057261	0	FALSE
PRG1	Y95D11A.1	26.372	8.46568431537679	0	FALSE
PRG1	Y95D11A.3	2.348	2.76667491804289	2	FALSE
PRG1	Y95D11A.5	21.44	6.58401377367249	0	FALSE
PRG1	Y97E10AL.1	25.464	18.7856345337989	0	FALSE
PRG1	Y97E10AR.1	23.524	3.43114738134382	0	FALSE
PRG1	Y97E10AR.2	22.468	7.42975443161111	0	FALSE
PRG1	Y97E10AR.3	20.5	3.35983909418977	0	FALSE
PRG1	Y97E10AR.4	8.2	2.13327508347999	0	FALSE
PRG1	Y97E10AR.6	21.262	6.54774593645665	0	FALSE
PRG1	Y97E10AR.8	22.212	18.656600496644	0	FALSE
PRG1	Y97E10B.1	23.762	0.81026727957796	0	FALSE
PRG1	Y97E10C.1	21.772	2.91277212593681	0	FALSE
PRG1	Y97E10C.2	2.86	9.10098956980445	2	FALSE
PRG1	Y9C12A.1	9.506	2.6210665268079	0	FALSE
PRG1	Y9C2UA.1	21.168	14.7412124128245	0	FALSE
PRG1	Y9C9A.13	26.248	8.23499046902079	0	FALSE
PRG1	Y9C9A.16	27.774	2.05268965105128	0	FALSE
PRG1	Y9C9A.5	23.282	1.88385897087721	0	FALSE
PRG1	Y9C9A.8	27.108	2.9067177375176	0	FALSE
PRG1	ZC116.1	20.316	5.11634843374325	0	FALSE
PRG1	ZC116.5	22.66	4.52602553791768	0	FALSE
PRG1	ZC123.1	21.954	3.60830787780594	0	FALSE
PRG1	ZC13.1	24.352	4.88893927670408	0	FALSE
PRG1	ZC13.10	23.154	9.74498251915471	0	FALSE
PRG1	ZC13.2	20.606	4.69529396206908	0	FALSE
PRG1	ZC132.11	27.582	2.91765792143091	0	FALSE
PRG1	ZC132.3	23.648	11.202247111136	0	FALSE
PRG1	ZC132.9	25.438	13.9193640122406	0	FALSE
PRG1	ZC15.1	23.512	11.865991403583	0	FALSE
PRG1	ZC15.10	24.374	9.15293765023097	0	FALSE
PRG1	ZC15.3	5.588	6.02416537363521	0	FALSE
PRG1	ZC15.5	20.666	9.49192580384532	0	FALSE
PRG1	ZC155.2	7.942	1.30366951453485	0	FALSE
PRG1	ZC155.4	26.994	6.56352898036079	0	FALSE
PRG1	ZC168.2	22.398	14.6470024517658	0	FALSE
PRG1	ZC190.10	22.712	15.0222669314844	0	FALSE
PRG1	ZC190.2	25.202	1.76971861075466	0	FALSE
PRG1	ZC190.4	20.554	3.92678863457906	0	FALSE
PRG1	ZC190.5	19.826	13.1661063344053	0	FALSE
PRG1	ZC190.6	15.296	2.80190276903324	0	FALSE
PRG1	ZC190.7	16.57	12.0111722415309	0	FALSE
PRG1	ZC190.8	20.51	15.0713431426554	0	FALSE
PRG1	ZC196.2	25.302	11.7107041159506	0	FALSE
PRG1	ZC196.3	22.336	12.5798146348236	0	FALSE
PRG1	ZC196.4	24.65	9.29577226845573	0	FALSE
PRG1	ZC196.5	25.43	11.4379397564565	0	FALSE
PRG1	ZC196.8	20.574	1.55975974704612	0	FALSE
PRG1	ZC196.9	24	6.86710405160396	0	FALSE
PRG1	ZC204.12	22.804	21.2998569073201	0	FALSE
PRG1	ZC204.13	14.57	4.70256838636433	0	FALSE
PRG1	ZC204.14	19.854	3.6724570268279	0	FALSE
PRG1	ZC204.17	19.266	16.9690797979296	0	FALSE
PRG1	ZC204.6	15.894	2.67991698734046	0	FALSE
PRG1	ZC21.10	12.902	12.7479468380825	0	FALSE
PRG1	ZC21.3	20.822	4.00080980707417	0	FALSE
PRG1	ZC21.6	4.842	5.73161449130414	2	FALSE
PRG1	ZC21.8	18.992	6.06403422256239	0	FALSE
PRG1	ZC239.13	23.366	9.67026043460632	0	FALSE
PRG1	ZC239.14	27.684	2.89861469009367	0	FALSE
PRG1	ZC239.15	23.658	9.3502620226802	0	FALSE
PRG1	ZC239.16	24.016	7.61949910189617	0	FALSE
PRG1	ZC239.17	23.166	8.8685582509106	0	FALSE
PRG1	ZC239.20	17.498	1.36106760970207	0	FALSE
PRG1	ZC239.21	27.02	1.01185959396687	0	FALSE
PRG1	ZC239.22	18.25	1.49860759793724	0	FALSE
PRG1	ZC239.3	18.07	2.89864032513731	0	FALSE
PRG1	ZC239.4	26.666	7.31396158338751	0	FALSE
PRG1	ZC239.5	19.372	4.03492514861591	0	FALSE
PRG1	ZC239.6	23.674	8.42114696010646	0	FALSE
PRG1	ZC247.2	23.972	5.57062960292325	0	FALSE
PRG1	ZC250.2	24.642	9.52487424409843	0	FALSE
PRG1	ZC250.4	4.428	6.44205674200373	2	FALSE
PRG1	ZC250.5	27.162	2.81148546341888	0	FALSE
PRG1	ZC262.1	26.542	3.8671208787322	0	FALSE
PRG1	ZC262.13	26.828	4.63145092313519	0	FALSE
PRG1	ZC262.2	19.944	12.0150129929947	0	FALSE
PRG1	ZC262.4	21.084	20.1737967701236	0	FALSE
PRG1	ZC262.5	16.134	7.32183193150112	0	FALSE
PRG1	ZC262.7	21.914	7.75374496979016	0	FALSE
PRG1	ZC266.1	10.816	6.7554634297504	0	FALSE
PRG1	ZC302.3	27.536	4.31111975572651	0	FALSE
PRG1	ZC308.4	24.068	15.1785750255437	0	FALSE
PRG1	ZC317.2	20.922	6.3801180861694	0	FALSE
PRG1	ZC317.6	16.942	3.5731770563274	0	FALSE
PRG1	ZC317.7	21.966	6.62075148593639	0	FALSE
PRG1	ZC328.3	12.04	17.6222674382571	0	FALSE
PRG1	ZC328.5	23.246	15.0913299332938	0	FALSE
PRG1	ZC328.8	22.388	9.70726516173337	0	FALSE
PRG1	ZC334.12	21.684	2.6972701311838	0	FALSE
PRG1	ZC334.13	14.236	1.40804646590242	0	FALSE
PRG1	ZC334.7	19.412	5.42279408956841	0	FALSE
PRG1	ZC373.2	25.318	7.7408929580721	0	FALSE
PRG1	ZC373.3	25.48	5.57299843014129	0	FALSE
PRG1	ZC373.5	19.18	24.7606877722663	0	FALSE
PRG1	ZC374.2	26.934	3.22911503346037	0	FALSE
PRG1	ZC376.8	18.982	3.4993358502666	0	FALSE
PRG1	ZC395.11	22.144	7.92887683408561	0	FALSE
PRG1	ZC395.4	21.388	1.70973187536189	0	FALSE
PRG1	ZC395.5	20.802	6.5593945338332	0	FALSE
PRG1	ZC404.1	26.28	11.4140346566319	0	FALSE
PRG1	ZC404.15	23.31	3.72625831297136	0	FALSE
PRG1	ZC404.16	24.616	4.61414074849817	0	FALSE
PRG1	ZC404.2	18.908	28.9523482239418	0	FALSE
PRG1	ZC412.10	28.554	2.39103851750961	0	FALSE
PRG1	ZC412.3	5.754	5.29652767432755	0	FALSE
PRG1	ZC412.5	23.714	5.99571044010342	0	FALSE
PRG1	ZC416.2	9.586	3.73411757580564	0	FALSE
PRG1	ZC434.10	25.068	8.06649039082217	0	FALSE
PRG1	ZC434.3	22.408	5.34856928358987	0	FALSE
PRG1	ZC434.4	18.12	12.0616241069171	0	FALSE
PRG1	ZC434.8	28.576	3.10047232155871	1	TRUE
PRG1	ZC434.9	21.71	5.65040487340236	0	FALSE
PRG1	ZC443.1	23.02	1.87927179811671	0	FALSE
PRG1	ZC443.2	27.334	3.87576195954763	0	FALSE
PRG1	ZC443.3	18.104	3.98001250037495	0	FALSE
PRG1	ZC443.4	19.894	5.31964951880882	0	FALSE
PRG1	ZC443.7	22.614	10.6593900588542	0	FALSE
PRG1	ZC449.1	5.81	2.33787912344339	0	FALSE
PRG1	ZC449.2	20.254	22.4889539469941	0	FALSE
PRG1	ZC449.4	19.76	11.6748829453	0	FALSE
PRG1	ZC449.5	10.44	4.13156261038117	0	FALSE
PRG1	ZC449.7	19.532	1.74126011467096	0	FALSE
PRG1	ZC449.8	5.96	47.102996599321	0	FALSE
PRG1	ZC455.1	22.996	7.9058495072254	0	FALSE
PRG1	ZC477.2	22.85	15.6175324747558	0	FALSE
PRG1	ZC477.3	25.716	3.8576499672238	0	FALSE
PRG1	ZC477.4	20.31	3.31151993594472	0	FALSE
PRG1	ZC477.7	5.316	9.01130000154833	0	FALSE
PRG1	ZC487.1	27.722	3.45697395136879	0	FALSE
PRG1	ZC487.2	17.566	5.22943298984313	0	FALSE
PRG1	ZC504.1	13.266	36.8997284494678	0	FALSE
PRG1	ZC506.1	8.146	5.77662032895364	0	FALSE
PRG1	ZC513.14	27.574	3.86217232946644	0	FALSE
PRG1	ZC513.2	26.54	5.27855412090446	0	FALSE
PRG1	ZC513.3	22.712	2.69811935026735	0	FALSE
PRG1	ZC518.8	14.184	8.96839425896821	0	FALSE
PRG1	ZC53.1	21.972	4.88569533467791	0	FALSE
PRG1	ZC53.2	23.398	13.6602926979098	0	FALSE
PRG1	ZC53.22	22.674	11.1888193379435	0	FALSE
PRG1	ZC581.10	21.186	4.9745669829712	0	FALSE
PRG1	ZC581.2	24.48	7.66756091937913	0	FALSE
PRG1	ZC581.3	16.87	23.2372705924441	0	FALSE
PRG1	ZC581.7	28.662	3.67652180452534	0	FALSE
PRG1	ZC581.9	21.198	5.29187150370813	0	FALSE
PRG1	ZC8.6	20.858	2.87946926982273	0	FALSE
PRG1	ZC84.1	22.298	1.91964325952424	0	FALSE
PRG1	ZC84.6	26.388	4.1002540773191	0	FALSE
PRG1	ZC84.7	17.292	10.5684136135348	0	FALSE
PRG1	ZK1010.10	19.492	3.30006958119767	0	FALSE
PRG1	ZK1010.12	27.246	4.01894693937695	0	FALSE
PRG1	ZK1010.2	6.292	8.70607842884754	0	FALSE
PRG1	ZK1010.4	18.32	13.4503399050483	0	FALSE
PRG1	ZK1010.5	22.56	12.9941678443796	0	FALSE
PRG1	ZK1010.8	8.558	8.95689585700884	0	FALSE
PRG1	ZK1025.2	28.576	2.1679024293965	0	FALSE
PRG1	ZK1025.3	15.944	34.5454927824958	0	FALSE
PRG1	ZK1025.4	24.77	8.7237765466053	0	FALSE
PRG1	ZK1037.6	25.236	8.95009356421643	0	FALSE
PRG1	ZK105.1	28.586	1.85464837376969	0	FALSE
PRG1	ZK105.11	13.838	43.4448790370713	0	FALSE
PRG1	ZK105.12	28.4	2.31940444441894	0	FALSE
PRG1	ZK105.13	5.96	4.99566272850987	0	FALSE
PRG1	ZK105.14	27.512	5.66893638579571	0	FALSE
PRG1	ZK105.3	17.444	17.300038687796	0	FALSE
PRG1	ZK105.5	22.026	7.01385709160092	0	FALSE
PRG1	ZK105.6	27.03	5.7902472453625	0	FALSE
PRG1	ZK105.8	5.42	7.7808608427895	0	FALSE
PRG1	ZK1053.1	10.15	6.88422543774509	0	FALSE
PRG1	ZK1053.2	12.386	4.50954059899881	0	FALSE
PRG1	ZK1053.3	27.388	3.66857282315743	0	FALSE
PRG1	ZK1053.4	3.336	5.91447444827991	2	FALSE
PRG1	ZK1053.6	18.202	4.34633260084542	0	FALSE
PRG1	ZK1055.2	28.01	6.28392658431434	0	FALSE
PRG1	ZK1055.4	19.96	16.6531362957898	0	FALSE
PRG1	ZK1055.6	8.188	4.81244681052565	0	FALSE
PRG1	ZK1055.7	24.874	5.1941257619935	0	FALSE
PRG1	ZK1058.3	25.23	10.7312677201683	0	FALSE
PRG1	ZK1058.9	24.088	4.96001228769359	0	FALSE
PRG1	ZK1067.3	10.624	25.8892897237505	0	FALSE
PRG1	ZK1067.4	20.53	16.8489149937999	0	FALSE
PRG1	ZK1073.1	17.454	4.78058885583541	0	FALSE
PRG1	ZK1073.2	21.764	3.18807006589511	0	FALSE
PRG1	ZK1086.2	25.654	7.2056387102271	0	FALSE
PRG1	ZK1086.3	17.364	26.6152664870333	0	FALSE
PRG1	ZK1098.1	21.838	8.00323803139684	1	TRUE
PRG1	ZK1098.11	28.188	4.6590249579686	0	FALSE
PRG1	ZK1098.12	21.828	9.91913576880535	0	FALSE
PRG1	ZK1098.2	25.904	18.1893748987699	0	FALSE
PRG1	ZK1098.3	25.294	11.460383500008	0	FALSE
PRG1	ZK1098.4	22.778	6.66207768884965	0	FALSE
PRG1	ZK1098.6	24.782	5.29996867113697	0	FALSE
PRG1	ZK1098.9	20.622	12.6282260362839	0	FALSE
PRG1	ZK112.4	22.526	1.17687895442632	0	FALSE
PRG1	ZK112.5	24.094	17.0746562266085	0	FALSE
PRG1	ZK112.6	27.088	6.26466987984115	0	FALSE
PRG1	ZK1127.12	23.932	2.42630542241189	0	FALSE
PRG1	ZK1127.13	27.662	3.63025513362751	0	FALSE
PRG1	ZK1127.3	17.296	8.81081920213556	0	FALSE
PRG1	ZK1127.4	11.474	10.7042176903749	0	FALSE
PRG1	ZK1127.5	25.11	6.86009857930646	0	FALSE
PRG1	ZK1128.1	24.45	30.8793726892174	0	FALSE
PRG1	ZK1128.3	23.378	5.62664589952771	0	FALSE
PRG1	ZK1128.7	19.166	9.48354675585556	0	FALSE
PRG1	ZK1193.2	28.298	1.50496702481357	0	FALSE
PRG1	ZK121.2	20.13	4.97317136445398	0	FALSE
PRG1	ZK1225.1	26.256	6.54886825425401	0	FALSE
PRG1	ZK1225.2	6.214	31.0122955412576	0	FALSE
PRG1	ZK1225.4	26.836	2.6399991908586	0	FALSE
PRG1	ZK1225.5	26.654	12.2151364775757	0	FALSE
PRG1	ZK1236.1	28.152	5.75893608336512	0	FALSE
PRG1	ZK1236.5	9.994	8.19258921580988	0	FALSE
PRG1	ZK1236.9	22.578	4.11969682860823	0	FALSE
PRG1	ZK1240.1	25.232	11.7846837043311	0	FALSE
PRG1	ZK1240.11	22.272	17.8257899892248	0	FALSE
PRG1	ZK1240.2	23.394	11.0180922518815	0	FALSE
PRG1	ZK1240.3	29.212	1.38067811633851	0	FALSE
PRG1	ZK1240.5	25.77	14.9121847932523	0	FALSE
PRG1	ZK1240.6	7.254	6.72217957759433	0	FALSE
PRG1	ZK1240.8	24.51	18.7693354386938	0	FALSE
PRG1	ZK1240.9	15.168	3.4230044152531	0	FALSE
PRG1	ZK1248.11	17.108	2.50199938045777	0	FALSE
PRG1	ZK1248.15	21.914	7.39518181543855	0	FALSE
PRG1	ZK1248.17	17.024	20.3448902221523	0	FALSE
PRG1	ZK1248.19	24.208	11.3723569057825	0	FALSE
PRG1	ZK1248.20	4.826	0.278002649502667	2	FALSE
PRG1	ZK1248.5	28.198	1.85657476744846	0	FALSE
PRG1	ZK1251.3	25.584	6.49564321385811	0	FALSE
PRG1	ZK1290.1	27.03	4.49032152510264	0	FALSE
PRG1	ZK1290.10	12.088	4.60468868332064	0	FALSE
PRG1	ZK1290.11	21.174	25.7707371621164	0	FALSE
PRG1	ZK1290.13	23.168	8.58820813253309	0	FALSE
PRG1	ZK1290.14	14.322	3.39570743680929	0	FALSE
PRG1	ZK1290.15	5.098	7.53782943915889	0	FALSE
PRG1	ZK1290.5	25.932	10.9695743817216	0	FALSE
PRG1	ZK1290.7	26.688	7.15600944470465	0	FALSE
PRG1	ZK1307.1	26.536	10.8063860627469	0	FALSE
PRG1	ZK1307.2	20.152	20.5688845583386	0	FALSE
PRG1	ZK1307.3	26.106	6.47585113508405	0	FALSE
PRG1	ZK1307.4	25.894	5.59299709936896	0	FALSE
PRG1	ZK1307.7	6.074	4.84852775027127	0	FALSE
PRG1	ZK1307.8	14.104	5.07074801082719	0	FALSE
PRG1	ZK1307.9	15.392	11.4817929270624	0	FALSE
PRG1	ZK131.11	14.848	7.46139089827512	0	FALSE
PRG1	ZK1320.11	25.77	13.8899274848618	0	FALSE
PRG1	ZK1320.13	24.1	10.0160422965755	0	FALSE
PRG1	ZK1320.2	19.66	31.1794179618008	0	FALSE
PRG1	ZK1320.3	18.008	49.7058318422468	0	FALSE
PRG1	ZK1320.5	8.63	1.26404543622662	0	FALSE
PRG1	ZK1320.7	21.696	9.54897511411345	0	FALSE
PRG1	ZK1320.9	29.43	2.32885866309244	0	FALSE
PRG1	ZK1321.1	22.854	13.003180891591	0	FALSE
PRG1	ZK1321.4	23.634	17.3787334379422	0	FALSE
PRG1	ZK154.1	24.312	8.30332770014348	0	FALSE
PRG1	ZK154.4	10.77	25.6499430712911	0	FALSE
PRG1	ZK154.5	20.306	7.7866065049183	0	FALSE
PRG1	ZK154.6	22.958	19.437724301245	0	FALSE
PRG1	ZK177.1	14.202	23.5600661718672	0	FALSE
PRG1	ZK177.11	23.942	7.93570206818849	0	FALSE
PRG1	ZK177.12	20.116	13.7390777655061	0	FALSE
PRG1	ZK177.2	21.132	2.84429964785589	0	FALSE
PRG1	ZK177.3	18.586	7.27016448118449	0	FALSE
PRG1	ZK177.9	23.198	9.38521279612912	0	FALSE
PRG1	ZK180.5	19.756	15.0019560110983	0	FALSE
PRG1	ZK180.6	7.468	2.97376896464731	0	FALSE
PRG1	ZK180.7	27.876	5.42874712168749	0	FALSE
PRG1	ZK180.8	20.02	9.96256219335376	0	FALSE
PRG1	ZK185.1	20.754	32.0163670464542	0	FALSE
PRG1	ZK185.2	12.94	1.31034195964553	0	FALSE
PRG1	ZK185.3	23.114	23.2135023593954	0	FALSE
PRG1	ZK185.4	21.116	10.9849185081383	0	FALSE
PRG1	ZK185.5	26.878	7.08176339814958	0	FALSE
PRG1	ZK218.1	16.374	6.09908457124634	0	FALSE
PRG1	ZK218.11	19.112	5.81545366275723	0	FALSE
PRG1	ZK218.3	14.684	5.04400617114588	0	FALSE
PRG1	ZK218.4	28.526	3.10640133329772	0	FALSE
PRG1	ZK218.5	6.954	15.5757023396366	0	FALSE
PRG1	ZK218.7	24.78	3.85987858763435	0	FALSE
PRG1	ZK228.1	23.908	2.41284173463502	0	FALSE
PRG1	ZK228.10	16.436	6.29555050790875	0	FALSE
PRG1	ZK228.13	22.558	4.94399673830563	0	FALSE
PRG1	ZK228.3	25.536	15.6192475639135	0	FALSE
PRG1	ZK228.4	27.768	3.11706305966844	0	FALSE
PRG1	ZK250.13	26.818	6.61621483968835	0	FALSE
PRG1	ZK250.14	13.222	0.681523541132586	0	FALSE
PRG1	ZK250.2	22.978	6.41430601103531	0	FALSE
PRG1	ZK262.19	18.948	8.85500757065432	0	FALSE
PRG1	ZK262.2	13.064	6.17956186727681	0	FALSE
PRG1	ZK262.20	23.958	22.6580399531684	0	FALSE
PRG1	ZK262.3	11.202	5.70188620839351	0	FALSE
PRG1	ZK262.4	19.672	4.63052623154462	0	FALSE
PRG1	ZK262.8	17.682	31.1438304227151	0	FALSE
PRG1	ZK262.9	25.66	9.37586533196474	0	FALSE
PRG1	ZK265.7	24.444	7.5611070110868	0	FALSE
PRG1	ZK285.2	24.126	7.86760574423753	0	FALSE
PRG1	ZK287.1	18.568	28.3538512960072	0	FALSE
PRG1	ZK287.4	17.314	4.45899152230137	0	FALSE
PRG1	ZK287.7	24.728	12.5194062037767	0	FALSE
PRG1	ZK287.9	24.802	17.0782083863211	0	FALSE
PRG1	ZK328.6	26.904	3.71437245475265	0	FALSE
PRG1	ZK353.10	23.926	6.30507517401138	0	FALSE
PRG1	ZK353.2	8.06	6.01960767777082	0	FALSE
PRG1	ZK353.3	17.57	14.8666371435676	0	FALSE
PRG1	ZK353.4	21.266	5.74230831030534	0	FALSE
PRG1	ZK353.9	12.882	69.7917555717855	1	TRUE
PRG1	ZK354.2	22.21	8.69205364812399	0	FALSE
PRG1	ZK354.3	21.756	10.1099380816581	0	FALSE
PRG1	ZK354.6	26.19	8.15860316277362	0	FALSE
PRG1	ZK354.7	23.764	12.2603564125873	0	FALSE
PRG1	ZK354.8	23.982	6.51418721157931	0	FALSE
PRG1	ZK354.9	28.55	4.18450328619959	0	FALSE
PRG1	ZK355.2	24.994	9.75420647211994	0	FALSE
PRG1	ZK355.3	25.758	5.72683028385979	0	FALSE
PRG1	ZK355.8	25.684	1.8673665646844	0	FALSE
PRG1	ZK370.4	16.838	8.51482310980679	0	FALSE
PRG1	ZK370.6	27.252	1.46120830803765	0	FALSE
PRG1	ZK377.15	8.546	2.35572946146094	0	FALSE
PRG1	ZK380.2	17.924	5.63001217334796	0	FALSE
PRG1	ZK380.4	20.478	10.7747874169865	0	FALSE
PRG1	ZK380.6	20.946	12.239356407398	0	FALSE
PRG1	ZK381.2	19.776	2.24169216377021	0	FALSE
PRG1	ZK381.62	21.602	3.70486498477539	0	FALSE
PRG1	ZK381.8	22.332	3.00208328044251	0	FALSE
PRG1	ZK39.10	27.11	11.0983482256127	0	FALSE
PRG1	ZK402.1	18.242	10.9461815804668	0	FALSE
PRG1	ZK402.2	21.126	20.718303080853	0	FALSE
PRG1	ZK402.5	18.916	5.16683593485642	0	FALSE
PRG1	ZK418.10	18.478	4.1308338926785	0	FALSE
PRG1	ZK418.11	27.048	4.46384747175829	0	FALSE
PRG1	ZK418.13	16.668	22.4819315630511	0	FALSE
PRG1	ZK418.2	19.322	5.62035508044915	0	FALSE
PRG1	ZK418.5	6.788	3.21985108897166	0	FALSE
PRG1	ZK418.6	22.81	4.45492887872345	0	FALSE
PRG1	ZK418.7	2.614	2.79291694696924	2	FALSE
PRG1	ZK430.5	4.22	3.33020600060549	2	FALSE
PRG1	ZK470.1	29.808	2.47408555863967	0	FALSE
PRG1	ZK470.14	23.796	3.5733388281728	0	FALSE
PRG1	ZK470.2	9.878	3.12962117231408	0	FALSE
PRG1	ZK470.4	18.934	7.4226839121287	0	FALSE
PRG1	ZK470.6	19.408	13.6119738161486	0	FALSE
PRG1	ZK484.3	22.378	6.6227204768525	0	FALSE
PRG1	ZK484.6	24.1	8.51077704281392	0	FALSE
PRG1	ZK484.7	17.546	45.018240946122	0	FALSE
PRG1	ZK488.5	25.194	3.09452460809632	0	FALSE
PRG1	ZK488.6	26.066	7.53797511960383	0	FALSE
PRG1	ZK507.1	26.304	5.89892775344933	0	FALSE
PRG1	ZK507.3	11.028	8.62407112497596	0	FALSE
PRG1	ZK512.1	28.652	2.62973601719122	0	FALSE
PRG1	ZK512.10	10.794	1.99410827808731	0	FALSE
PRG1	ZK512.11	16.14	3.26853449544238	0	FALSE
PRG1	ZK512.2	28.156	1.9859993184133	0	FALSE
PRG1	ZK512.4	27.836	1.77247542183627	0	FALSE
PRG1	ZK512.7	25.304	3.43030136031583	0	FALSE
PRG1	ZK512.8	9.002	5.10115347922513	0	FALSE
PRG1	ZK524.4	12.29	2.7139267827759	0	FALSE
PRG1	ZK54.3	21.558	6.68306857343698	0	FALSE
PRG1	ZK546.19	18.296	16.0439038497605	0	FALSE
PRG1	ZK546.2	26.704	6.18421476675641	0	FALSE
PRG1	ZK546.4	23.522	6.3073599239107	0	FALSE
PRG1	ZK546.5	18.964	15.2529245202492	0	FALSE
PRG1	ZK550.6	28.138	4.72238666379832	0	FALSE
PRG1	ZK563.2	27.064	1.69295442975263	0	FALSE
PRG1	ZK563.7	10.41	3.58658111481162	0	FALSE
PRG1	ZK593.2	14.346	4.63913191198428	0	FALSE
PRG1	ZK593.3	23.348	3.80929009537539	0	FALSE
PRG1	ZK596.2	7.626	104.962267605273	0	FALSE
PRG1	ZK596.3	27.804	3.8931980291595	0	FALSE
PRG1	ZK6.6	23.324	1.736435314665	0	FALSE
PRG1	ZK6.8	18.96	2.15987291449824	0	FALSE
PRG1	ZK616.1	23.944	8.08071436318686	0	FALSE
PRG1	ZK616.2	23.716	12.9174381547181	0	FALSE
PRG1	ZK616.3	20.694	14.9976983112461	0	FALSE
PRG1	ZK616.5	19.39	6.15557547864395	0	FALSE
PRG1	ZK616.61	14.256	6.44953342495449	0	FALSE
PRG1	ZK616.65	7.704	8.8402214292409	0	FALSE
PRG1	ZK616.8	21.668	4.44542244603907	0	FALSE
PRG1	ZK617.26	22.756	5.00065877581388	0	FALSE
PRG1	ZK622.1	3.802	2.11563151522254	2	FALSE
PRG1	ZK622.4	23.286	11.1206808339006	0	FALSE
PRG1	ZK622.5	24.696	11.1669679647752	0	FALSE
PRG1	ZK632.10	15.948	3.39394928558177	0	FALSE
PRG1	ZK632.11	22.272	4.91288764674511	0	FALSE
PRG1	ZK632.12	20.488	10.8871229154032	0	FALSE
PRG1	ZK632.14	24.328	12.7765639754403	0	FALSE
PRG1	ZK632.2	19.2	8.18040007044277	0	FALSE
PRG1	ZK632.4	22.65	23.4492578957478	0	FALSE
PRG1	ZK632.5	29.006	1.31789815353712	0	FALSE
PRG1	ZK632.9	4.466	10.357808393611	0	FALSE
PRG1	ZK637.12	24.734	10.0802412835431	0	FALSE
PRG1	ZK637.14	23.79	14.9549989932469	0	FALSE
PRG1	ZK637.15	25.23	9.49823050071487	0	FALSE
PRG1	ZK637.4	23.934	5.15757851228039	0	FALSE
PRG1	ZK643.2	28.026	2.33044644624917	0	FALSE
PRG1	ZK643.5	17.628	17.816292162663	0	FALSE
PRG1	ZK643.6	17.672	7.33669960116815	0	FALSE
PRG1	ZK643.7	25.002	2.95981726817905	0	FALSE
PRG1	ZK652.6	19.178	2.97430457664143	0	FALSE
PRG1	ZK652.8	24.494	16.0640719777612	0	FALSE
PRG1	ZK662.2	24.108	2.81184272962533	0	FALSE
PRG1	ZK662.5	15.79	3.70013716343467	0	FALSE
PRG1	ZK662.6	24.386	13.2997399319428	0	FALSE
PRG1	ZK666.1	10.964	2.56891479689459	0	FALSE
PRG1	ZK666.11	13.198	22.8309151902853	0	FALSE
PRG1	ZK666.12	19.148	1.50793104313778	0	FALSE
PRG1	ZK666.14	24.214	11.1544967082231	0	FALSE
PRG1	ZK666.15	21.806	15.8737055340275	0	FALSE
PRG1	ZK666.2	10.362	21.4481576779834	0	FALSE
PRG1	ZK666.4	18.242	12.2917322152728	0	FALSE
PRG1	ZK666.8	27.594	6.60924247816874	0	FALSE
PRG1	ZK669.2	25.456	4.83183481258575	0	FALSE
PRG1	ZK669.3	3.714	4.18683888366724	2	FALSE
PRG1	ZK669.5	15.106	4.85436751524026	0	FALSE
PRG1	ZK673.1	22.16	7.09323986112894	0	FALSE
PRG1	ZK673.11	14.25	4.53487562706063	0	FALSE
PRG1	ZK673.2	27.066	10.3121937120829	0	FALSE
PRG1	ZK673.4	18.304	25.9161012247169	0	FALSE
PRG1	ZK673.5	20.94	11.7383834471596	0	FALSE
PRG1	ZK673.6	25.496	6.89689017463097	0	FALSE
PRG1	ZK675.4	27.42	3.37665193917089	0	FALSE
PRG1	ZK682.7	8.186	8.74343247013729	0	FALSE
PRG1	ZK686.1	23.104	4.32019679265526	0	FALSE
PRG1	ZK686.2	17.556	19.0939742745834	1	TRUE
PRG1	ZK686.3	17.042	2.29124557471011	0	FALSE
PRG1	ZK686.5	14.248	2.38082322308097	0	FALSE
PRG1	ZK686.6	20.932	14.0210199471045	0	FALSE
PRG1	ZK688.1	24.382	10.4913108010681	0	FALSE
PRG1	ZK688.10	17.628	12.8525641995874	0	FALSE
PRG1	ZK688.11	21.698	15.7588361961676	0	FALSE
PRG1	ZK688.12	23.784	10.6557344422004	0	FALSE
PRG1	ZK688.4	23.13	2.21233380925218	0	FALSE
PRG1	ZK688.5	14.164	5.63013409294296	1	TRUE
PRG1	ZK688.7	19.318	13.7773428504816	0	FALSE
PRG1	ZK697.1	23.046	8.24932366660023	0	FALSE
PRG1	ZK697.14	28.904	1.76388495049583	0	FALSE
PRG1	ZK697.8	23.456	11.2536866961161	0	FALSE
PRG1	ZK721.3	3.228	3.46631988369253	2	FALSE
PRG1	ZK721.4	18.63	2.62193767940307	0	FALSE
PRG1	ZK742.3	27.206	2.76806712122161	0	FALSE
PRG1	ZK742.4	19.362	5.27404763889109	0	FALSE
PRG1	ZK742.6	16.996	22.5016071502104	0	FALSE
PRG1	ZK742.7	21.664	4.51203181682887	0	FALSE
PRG1	ZK757.1	28.4	4.36768772831177	0	FALSE
PRG1	ZK757.10	20.742	22.0252946693439	0	FALSE
PRG1	ZK757.2	21.614	8.21442646422084	0	FALSE
PRG1	ZK783.7	21.652	18.3767818854367	0	FALSE
PRG1	ZK792.1	2.78	5.32932819785218	2	FALSE
PRG1	ZK792.12	23.15	10.5008036013482	0	FALSE
PRG1	ZK792.4	2.598	4.51676841007112	2	FALSE
PRG1	ZK792.5	5.454	1.5373138112398	0	FALSE
PRG1	ZK792.7	17.76	11.5117826694247	0	FALSE
PRG1	ZK795.2	26.264	8.84890405323666	0	FALSE
PRG1	ZK795.3	24.19	5.58143092195204	0	FALSE
PRG1	ZK809.1	4.412	5.5273054531977	2	FALSE
PRG1	ZK809.5	4.66	6.39290519732457	2	FALSE
PRG1	ZK809.8	25.72	8.62672907410274	0	FALSE
PRG1	ZK809.9	11.492	13.6964679257466	0	FALSE
PRG1	ZK813.1	17.388	2.65841111131026	0	FALSE
PRG1	ZK813.2	18.56	1.89537274777347	0	FALSE
PRG1	ZK813.3	21.568	7.16885738907476	0	FALSE
PRG1	ZK813.4	20.71	6.57423892042013	0	FALSE
PRG1	ZK813.5	12.486	1.20747010538103	0	FALSE
PRG1	ZK813.6	21.934	5.70553094582193	0	FALSE
PRG1	ZK813.7	20.938	3.4935752763691	0	FALSE
PRG1	ZK816.1	24.668	6.98386464468851	0	FALSE
PRG1	ZK816.3	18.692	6.64650481896021	0	FALSE
PRG1	ZK822.1	20.268	9.13791105616023	0	FALSE
PRG1	ZK822.10	16.524	4.74528541234216	0	FALSE
PRG1	ZK822.9	14.402	3.00877905069731	0	FALSE
PRG1	ZK829.1	9.246	3.36377318966896	0	FALSE
PRG1	ZK829.3	23.916	17.6476324474762	0	FALSE
PRG1	ZK829.7	25.394	8.48178297907591	0	FALSE
PRG1	ZK829.9	5.326	5.53265689395776	0	FALSE
PRG1	ZK836.3	21.666	8.11785720457141	0	FALSE
PRG1	ZK84.1	22.67	6.6721684003798	0	FALSE
PRG1	ZK84.2	24.054	11.6027238854938	0	FALSE
PRG1	ZK84.4	20.076	5.47471697890687	0	FALSE
PRG1	ZK84.5	16.284	2.26160516424818	0	FALSE
PRG1	ZK849.1	26.54	7.71131317735934	0	FALSE
PRG1	ZK849.6	23.382	22.6211361400583	0	FALSE
PRG1	ZK856.11	14.23	1.41859657330895	0	FALSE
PRG1	ZK856.14	28.276	4.11547743393326	0	FALSE
PRG1	ZK856.16	19.678	7.80761314121706	0	FALSE
PRG1	ZK856.18	25.356	4.82057579745834	0	FALSE
PRG1	ZK856.19	20.614	8.52689597919421	0	FALSE
PRG1	ZK856.4	26.348	5.15563669143079	0	FALSE
PRG1	ZK856.5	21.732	2.21552040569227	0	FALSE
PRG1	ZK856.6	23.878	9.20899881576991	0	FALSE
PRG1	ZK856.7	24.546	8.71663981353927	0	FALSE
PRG1	ZK858.2	22.842	6.3565846865075	0	FALSE
PRG1	ZK858.5	28.93	0.794646659700838	0	FALSE
PRG1	ZK858.6	18.328	2.06159524366828	0	FALSE
PRG1	ZK858.8	20.264	10.9777951143442	0	FALSE
PRG1	ZK863.1	16.848	5.73565778836329	0	FALSE
PRG1	ZK863.8	25.908	1.68232005803418	0	FALSE
PRG1	ZK867.2	27.5	5.9079998992821	0	FALSE
PRG1	ZK892.3	22.66	4.40522251493866	0	FALSE
PRG1	ZK892.4	29.096	0.490044366858334	0	FALSE
PRG1	ZK892.5	22.116	28.3455499082248	0	FALSE
PRG1	ZK892.6	9.42	74.716849427139	0	FALSE
PRG1	ZK896.1	27.504	5.31432945620977	0	FALSE
PRG1	ZK896.4	27.664	1.49798722280199	0	FALSE
PRG1	ZK896.5	28.702	1.08354258336981	0	FALSE
PRG1	ZK897.10	16.436	4.48575553894461	0	FALSE
PRG1	ZK899.1	20.366	2.36799316041659	0	FALSE
PRG1	ZK899.2	22.986	12.1112701200822	0	FALSE
PRG1	ZK899.3	8.926	6.16564358193689	0	FALSE
PRG1	ZK899.5	21.736	4.6782878944032	0	FALSE
PRG1	ZK899.6	22.61	2.20764828071267	0	FALSE
PRG1	ZK899.7	15.586	2.29752448932882	0	FALSE
PRG1	ZK909.3	21.484	1.96395463650346	0	FALSE
PRG1	ZK909.6	22.754	8.71604930204497	0	FALSE
PRG1	ZK930.2	23.634	7.47393150497531	0	FALSE
PRG1	ZK930.4	18.36	1.94101630514221	0	FALSE
PRG1	ZK930.6	27	6.09262073617276	0	FALSE
PRG1	ZK930.7	10.334	27.1135612181365	0	FALSE
PRG1	ZK938.1	28.042	5.14402480191834	0	FALSE
PRG1	ZK938.10	13.364	21.0426500651479	0	FALSE
PRG1	ZK938.11	23.884	3.71062170134932	0	FALSE
PRG1	ZK938.12	23.714	12.1016224049737	0	FALSE
PRG1	ZK938.3	15.242	38.7419377191474	0	FALSE
PRG1	ZK945.4	10.094	65.9897035424431	0	FALSE
PRG1	ZK945.6	15.764	8.88706429772933	0	FALSE
PRG1	ZK945.7	16.916	6.06772342730812	0	FALSE
PRG1	ZK945.8	13.932	5.25652253406641	0	FALSE
PRG1	ZK970.8	26.768	4.63792198419242	0	FALSE
PRG1	ZK971.1	22.692	8.49431300417654	0	FALSE
PRG1	ZK973.1	27.532	4.10273967909633	0	FALSE
PRG1	ZK973.11	16.652	2.00903474898933	0	FALSE
PRG1	ZK973.4	17.634	1.59823797239891	0	FALSE
PRG1	ZK973.8	25.544	8.12541241532617	0	FALSE
PRG1	ZK973.9	17.692	10.1960003480322	0	FALSE
PRG1	ZK993.2	27.328	1.95065859036572	0	FALSE
PRG1	ZK993.5	24.362	10.008462670826	0	FALSE
PRG1	ZK994.6	17.326	29.0581678304947	0	FALSE
PRG1	aagr-1	24.84	18.4189633003522	0	FALSE
PRG1	aagr-2	21.274	14.1159168301803	0	FALSE
PRG1	aagr-3	26.26	3.13293579598929	0	FALSE
PRG1	aagr-4	25.35	4.48838226505136	0	FALSE
PRG1	aaim-1	19.358	6.14020585694993	0	FALSE
PRG1	aak-1	27.912	2.08711206097733	0	FALSE
PRG1	aak-2	23.028	9.93660913319381	0	FALSE
PRG1	aakb-1	20.006	37.0671854960392	1	TRUE
PRG1	aakb-2	25.124	6.90053218816472	0	FALSE
PRG1	aakg-1	20.4	5.15207505330265	1	TRUE
PRG1	aakg-2	19.82	4.10743990463589	0	FALSE
PRG1	aakg-3	23.804	6.97087152080829	0	FALSE
PRG1	aakg-4	25.828	8.36236259837428	0	FALSE
PRG1	aakg-5	21.96	15.6797634622775	0	FALSE
PRG1	aap-1	24	10.2441972056813	1	TRUE
PRG1	aars-1	26.218	12.8294758013544	0	FALSE
PRG1	aars-2	27.28	3.54464748654526	0	FALSE
PRG1	aass-1	29.014	4.00056494122835	0	FALSE
PRG1	aat-1	27.86	16.9665301121216	0	FALSE
PRG1	aat-2	28.308	1.61523855581115	0	FALSE
PRG1	aat-3	18.274	5.25644267977217	0	FALSE
PRG1	aat-4	24.136	2.23743692850251	0	FALSE
PRG1	aat-5	23.86	15.2515411760539	0	FALSE
PRG1	aat-6	26.782	5.64475057864268	0	FALSE
PRG1	aat-7	13.434	1.50780581723018	0	FALSE
PRG1	aat-8	20.616	3.3225026799433	0	FALSE
PRG1	aat-9	17.416	2.39049837316339	0	FALSE
PRG1	aatf-1	19.494	6.02139138062133	0	FALSE
PRG1	abce-1	26.48	7.07993448695748	1	TRUE
PRG1	abcf-1	17.188	32.9217627484231	0	FALSE
PRG1	abcf-2	22.448	17.0566340092328	0	FALSE
PRG1	abcf-3	7.964	5.09011009956658	0	FALSE
PRG1	abch-1	24.604	5.20451725677986	0	FALSE
PRG1	abcx-1	29.088	3.76396012697977	0	FALSE
PRG1	abf-1	25.918	6.22006567285926	0	FALSE
PRG1	abf-2	27.93	8.62106023021316	0	FALSE
PRG1	abf-3	21.424	4.16451238500466	0	FALSE
PRG1	abf-4	18.052	1.41415995681003	0	FALSE
PRG1	abf-5	17.942	5.35164802694955	0	FALSE
PRG1	abf-6	14.286	1.63083218461974	0	FALSE
PRG1	abhd-11.1	28.31	1.42326666322189	0	FALSE
PRG1	abhd-11.2	27.26	5.71514074663256	0	FALSE
PRG1	abhd-12	27.486	2.3451116238263	0	FALSE
PRG1	abhd-14	17.42	53.3421105058217	0	FALSE
PRG1	abhd-3.1	27.868	5.19996886607789	0	FALSE
PRG1	abhd-3.2	23.788	14.5425485438042	0	FALSE
PRG1	abhd-5.1	20.938	8.25333247037992	0	FALSE
PRG1	abhd-5.2	19.8	20.2334036535076	0	FALSE
PRG1	abi-1	22.696	3.31899672453895	0	FALSE
PRG1	abl-1	23.082	7.82108029578865	0	FALSE
PRG1	abt-1	28.546	3.32755623719272	0	FALSE
PRG1	abt-5	29.298	5.74941738868809	0	FALSE
PRG1	abts-1	19.302	8.49758706648569	0	FALSE
PRG1	abts-2	23.796	11.6946320787368	0	FALSE
PRG1	abts-3	17.896	4.83462884431177	0	FALSE
PRG1	abts-4	25.298	19.5940041221269	0	FALSE
PRG1	abu-1	19.54	12.5583677130905	0	FALSE
PRG1	abu-10	8.908	3.93177787320061	0	FALSE
PRG1	abu-11	22.244	6.92501033484646	0	FALSE
PRG1	abu-12	20.692	4.22784504603142	0	FALSE
PRG1	abu-13	20.914	14.9176848677964	0	FALSE
PRG1	abu-14	4.954	4.99489228935232	2	FALSE
PRG1	abu-15	22.642	7.32268266676062	0	FALSE
PRG1	abu-2	22.826	8.99212444578448	0	FALSE
PRG1	abu-4	24.03	3.60501528275538	0	FALSE
PRG1	abu-5	24.522	5.24169175306131	0	FALSE
PRG1	abu-6	23.112	4.14538515128339	0	FALSE
PRG1	abu-7	18.774	8.74543431753423	0	FALSE
PRG1	abu-8	21.444	6.66743944727488	0	FALSE
PRG1	acaa-2	29.144	3.35038910920755	0	FALSE
PRG1	acbp-1	24.268	11.2141351024142	0	FALSE
PRG1	acbp-3	19.408	24.467402553827	0	FALSE
PRG1	acbp-4	12.336	3.6028167333103	0	FALSE
PRG1	acbp-5	13.696	3.74106903083915	0	FALSE
PRG1	acbp-6	20.9	14.9950198916742	0	FALSE
PRG1	acbp-7	22.498	17.1091221825129	0	FALSE
PRG1	acbp-8	26.554	2.54534911202687	0	FALSE
PRG1	acc-1	22.83	18.3451236702188	0	FALSE
PRG1	acc-2	28.46	7.72459552740946	0	FALSE
PRG1	acc-3	28.284	2.96583356082499	0	FALSE
PRG1	acc-4	28.052	4.69570632333318	0	FALSE
PRG1	acd-1	23.852	18.4250760506385	0	FALSE
PRG1	acd-2	22.386	20.0652008159859	0	FALSE
PRG1	acd-3	28.226	0.837488517939059	0	FALSE
PRG1	acd-4	24.188	10.3795333287092	0	FALSE
PRG1	acd-5	22.526	8.20820740625492	0	FALSE
PRG1	acdh-1	28.222	3.12952914548895	0	FALSE
PRG1	acdh-10	29.848	1.34501419223468	0	FALSE
PRG1	acdh-11	25.324	9.99124856970036	0	FALSE
PRG1	acdh-12	29.53	1.27878141473073	0	FALSE
PRG1	acdh-13	26.86	4.57468182090179	0	FALSE
PRG1	acdh-2	27.544	6.42313781504641	0	FALSE
PRG1	acdh-3	25.786	5.35690952389878	0	FALSE
PRG1	acdh-4	24.436	14.4942367134784	0	FALSE
PRG1	acdh-5	21.532	5.58879146002903	0	FALSE
PRG1	acdh-6	23.418	15.8754964811776	0	FALSE
PRG1	acdh-7	29.302	3.03497618012111	0	FALSE
PRG1	acdh-8	28.73	3.20714222061662	0	FALSE
PRG1	acdh-9	29.114	2.25031417826628	0	FALSE
PRG1	acds-10	29.246	2.27793774857286	0	FALSE
PRG1	ace-1	25.318	23.8488009198864	0	FALSE
PRG1	ace-2	19.64	4.04281474578392	0	FALSE
PRG1	ace-3	24.48	3.20689448221894	0	FALSE
PRG1	ace-4	27.432	0.417550920480499	0	FALSE
PRG1	acer-1	29.17	1.58439766997481	0	FALSE
PRG1	acin-1	19.812	18.3112547706244	0	FALSE
PRG1	acl-1	26.052	15.0901799485739	0	FALSE
PRG1	acl-11	27.866	1.05866817790335	0	FALSE
PRG1	acl-12	28.122	5.43019312588782	0	FALSE
PRG1	acl-13	29.582	1.5158146713792	0	FALSE
PRG1	acl-14	27.648	6.20882471373425	0	FALSE
PRG1	acl-2	26.56	10.8764307956179	0	FALSE
PRG1	acl-3	28.934	2.16410768679477	0	FALSE
PRG1	acl-4	19.758	14.4905106935093	0	FALSE
PRG1	acl-5	25.462	4.08011626642678	0	FALSE
PRG1	acl-6	26.404	7.2022352909287	1	TRUE
PRG1	acl-7	9.12	8.39335207831148	0	FALSE
PRG1	acl-8	28.012	5.42409648388954	0	FALSE
PRG1	acl-9	27.286	15.2183492552607	0	FALSE
PRG1	acly-1	28.556	4.53846967790766	0	FALSE
PRG1	acly-2	28.818	2.90360751890619	0	FALSE
PRG1	acn-1	22.642	4.96833808409942	0	FALSE
PRG1	aco-1	28.224	3.81096515547894	0	FALSE
PRG1	aco-2	27.01	4.69167482328511	0	FALSE
PRG1	acox-1.1	27.664	8.87199682225442	0	FALSE
PRG1	acox-1.2	28.91	2.11325456853766	0	FALSE
PRG1	acox-1.3	28.66	0.912539904439776	0	FALSE
PRG1	acox-1.4	26.18	4.4378550509803	0	FALSE
PRG1	acox-1.5	27.314	3.07312234592515	0	FALSE
PRG1	acox-1.6	28.89	2.94514542630355	0	FALSE
PRG1	acox-3	28.098	3.32277275993839	0	FALSE
PRG1	acp-1	24.828	11.5245816034965	0	FALSE
PRG1	acp-2	26.62	6.50457053422963	0	FALSE
PRG1	acp-3	26.936	7.26582598872725	0	FALSE
PRG1	acp-4	27.766	1.15714995912903	0	FALSE
PRG1	acp-5	28.224	3.4475134894147	0	FALSE
PRG1	acp-6	28.48	9.54620403100907	1	TRUE
PRG1	acp-7	28.274	4.02347862841066	0	FALSE
PRG1	acr-10	28.104	7.70193126140597	0	FALSE
PRG1	acr-11	29.766	1.18339686650738	0	FALSE
PRG1	acr-12	25.848	15.5433489340986	0	FALSE
PRG1	acr-14	28.53	2.59624647632473	0	FALSE
PRG1	acr-15	29.766	1.29692951333254	0	FALSE
PRG1	acr-16	27.998	4.02764946305697	0	FALSE
PRG1	acr-17	28.836	3.07359308908838	0	FALSE
PRG1	acr-18	29.436	2.22958362607841	0	FALSE
PRG1	acr-19	25.746	5.93674005399022	0	FALSE
PRG1	acr-2	25.888	12.0435374568026	0	FALSE
PRG1	acr-20	25.092	17.0578905014976	0	FALSE
PRG1	acr-21	10.282	3.8001369953794	0	FALSE
PRG1	acr-23	28.236	10.0330976896421	0	FALSE
PRG1	acr-24	11.01	42.8170710456001	0	FALSE
PRG1	acr-25	26.236	5.27743017570126	0	FALSE
PRG1	acr-3	27.34	3.70768620891301	0	FALSE
PRG1	acr-5	23.612	5.07044855542186	0	FALSE
PRG1	acr-6	20.154	1.79230006190565	0	FALSE
PRG1	acr-7	29.998	1.69215299884794	0	FALSE
PRG1	acr-8	27.534	1.70632350594894	0	FALSE
PRG1	acr-9	29.248	2.60895166588169	0	FALSE
PRG1	acs-1	25.706	5.9870668800987	0	FALSE
PRG1	acs-10	27.286	5.79002815735834	0	FALSE
PRG1	acs-11	26.98	4.74526837768704	0	FALSE
PRG1	acs-12	21.336	3.84878133675622	0	FALSE
PRG1	acs-13	25.528	6.54256353191353	0	FALSE
PRG1	acs-14	26.542	2.16226229401514	0	FALSE
PRG1	acs-15	27.45	2.14611838783992	0	FALSE
PRG1	acs-16	26.152	2.65642617005431	0	FALSE
PRG1	acs-17	28.008	0.580342409976549	0	FALSE
PRG1	acs-18	26.63	1.96510249110867	0	FALSE
PRG1	acs-19	23.492	7.00955451988399	0	FALSE
PRG1	acs-2	25.838	12.5871345573827	0	FALSE
PRG1	acs-20	23.662	13.7359284031047	0	FALSE
PRG1	acs-21	27.97	7.2158261815749	0	FALSE
PRG1	acs-22	24.296	3.72990374220953	0	FALSE
PRG1	acs-24	26.546	3.35358072876318	0	FALSE
PRG1	acs-3	28.63	1.40952418959001	0	FALSE
PRG1	acs-4	26.478	3.80628956354076	0	FALSE
PRG1	acs-5	28.558	1.17380890836204	0	FALSE
PRG1	acs-6	27.814	3.02675283548903	0	FALSE
PRG1	acs-7	29.216	0.609216743189677	0	FALSE
PRG1	acsd-1	19.888	11.8302517046837	0	FALSE
PRG1	act-1	26.046	9.07619611674699	0	FALSE
PRG1	act-2	24.726	10.2742035706142	0	FALSE
PRG1	act-3	26.046	9.07619611674699	0	FALSE
PRG1	act-4	26.314	10.5423305689912	0	FALSE
PRG1	act-5	25.484	11.1341079816909	0	FALSE
PRG1	actl-1	5.188	3.77814579444923	0	FALSE
PRG1	acy-1	16.664	22.8656505432772	0	FALSE
PRG1	acy-2	27.552	0.449970252943379	0	FALSE
PRG1	acy-3	20.484	10.1278633375318	0	FALSE
PRG1	acy-4	21.788	2.01930378084329	0	FALSE
PRG1	ada-2	4.524	4.2420742243196	2	FALSE
PRG1	adah-1	24.624	3.78820496272165	0	FALSE
PRG1	adal-1	26.862	10.3510131993023	0	FALSE
PRG1	adbp-1	15.2	1.90448879291186	1	TRUE
PRG1	add-1	21.882	16.7392877011573	0	FALSE
PRG1	add-2	25.776	7.44477757346307	0	FALSE
PRG1	adh-5	19.444	0.896413260501142	0	FALSE
PRG1	adk-1	29.51	2.9562243210802	0	FALSE
PRG1	adm-2	17.922	27.9332839643478	0	FALSE
PRG1	adm-4	23.588	8.83150525981415	0	FALSE
PRG1	ador-1	6.106	4.08712106316779	0	FALSE
PRG1	adpr-1	26.052	6.90544019923137	0	FALSE
PRG1	adr-1	4.54	4.02547728689363	2	FALSE
PRG1	adr-2	24.486	15.7608193106819	0	FALSE
PRG1	ads-1	24.656	1.73302161715096	0	FALSE
PRG1	adsl-1	29.504	1.7376270477591	0	FALSE
PRG1	adss-1	29.336	1.43545707474349	0	FALSE
PRG1	adt-1	23.414	8.55121427552386	0	FALSE
PRG1	adt-2	7.358	3.24102089257226	0	FALSE
PRG1	adt-3	22.446	11.0638457946848	0	FALSE
PRG1	aex-1	19.332	23.7708759010206	0	FALSE
PRG1	aex-2	9.964	59.8967223593645	0	FALSE
PRG1	aex-3	21.896	16.532088142218	0	FALSE
PRG1	aex-4	22.456	16.6861841198105	0	FALSE
PRG1	aex-5	17.942	2.41385310103261	0	FALSE
PRG1	aex-6	16.292	9.42519038795269	0	FALSE
PRG1	aexr-1	13.228	4.68623489888863	0	FALSE
PRG1	aexr-2	7.444	5.99086028250134	0	FALSE
PRG1	aexr-3	8.136	5.63421078145709	0	FALSE
PRG1	afd-1	22.254	10.5036083153429	1	TRUE
PRG1	aff-1	27.454	2.60054556719096	0	FALSE
PRG1	affl-1	23.31	2.07810748087222	0	FALSE
PRG1	affl-2	21.1	11.551689139619	0	FALSE
PRG1	afmd-1	26.406	1.53656830306336	0	FALSE
PRG1	afmd-2	27.796	2.06396073932533	0	FALSE
PRG1	age-1	23.502	8.26521431885907	0	FALSE
PRG1	agef-1	28.21	1.14317727731989	1	TRUE
PRG1	agl-1	22.394	8.262806713332	0	FALSE
PRG1	agmo-1	20.22	16.8340426108063	0	FALSE
PRG1	agr-1	28.31	2.80513864101441	0	FALSE
PRG1	ags-3	25.778	6.48143473889755	0	FALSE
PRG1	agt-1	26.218	1.95816114667945	0	FALSE
PRG1	agt-2	22.646	15.4328132003935	0	FALSE
PRG1	agxt-1	27.422	8.91742534344303	0	FALSE
PRG1	aha-1	17.348	7.29884128030238	0	FALSE
PRG1	ahcy-1	25.998	8.08886520365771	0	FALSE
PRG1	aho-3	22.642	0.637273084901608	0	FALSE
PRG1	ahr-1	12.22	57.1157831097529	0	FALSE
PRG1	ahsa-1	25.354	7.03755219523043	0	FALSE
PRG1	ain-1	15.534	4.8552091803042	0	FALSE
PRG1	ain-2	10.366	8.52773773871622	0	FALSE
PRG1	aip-1	19.618	15.413778149742	0	FALSE
PRG1	aipl-1	24.49	5.82095763357291	0	FALSE
PRG1	aipr-1	10.782	4.23165003527098	0	FALSE
PRG1	air-1	26.266	6.90346840389775	0	FALSE
PRG1	air-2	28.07	4.6967907682395	0	FALSE
PRG1	ajm-1	20.218	8.55940438239316	0	FALSE
PRG1	aka-1	18.88	6.99754171038009	0	FALSE
PRG1	akap-1	9.68	6.30376945893765	1	TRUE
PRG1	akir-1	22.04	17.6773783940103	0	FALSE
PRG1	akt-1	22.346	8.2140830581494	0	FALSE
PRG1	akt-2	15.032	6.23088695314239	0	FALSE
PRG1	aldo-1	27.432	6.95882449206631	0	FALSE
PRG1	aldo-2	27.444	6.39245748433781	1	TRUE
PRG1	alfa-1	20.654	6.48094251944154	1	TRUE
PRG1	alg-1	8.836	17.838652494675	0	FALSE
PRG1	alg-2	26.12	9.34083389530905	0	FALSE
PRG1	alg-3	17.356	2.6521332519617	0	FALSE
PRG1	alg-5	25.87	10.2129569933321	0	FALSE
PRG1	algn-1	28.148	5.27203006954623	0	FALSE
PRG1	algn-10	19.008	15.3152811821643	0	FALSE
PRG1	algn-11	28.752	0.89871632027823	0	FALSE
PRG1	algn-12	27.416	1.90066167809974	0	FALSE
PRG1	algn-13	21.898	1.22254330255042	0	FALSE
PRG1	algn-14	24.088	11.6024301453002	0	FALSE
PRG1	algn-2	29.794	2.01475108078148	0	FALSE
PRG1	algn-3	15.788	1.02268855997743	0	FALSE
PRG1	algn-5	27.186	7.25978949300046	0	FALSE
PRG1	algn-6	27.338	1.24379768268593	0	FALSE
PRG1	algn-7	21.62	16.9526693691429	0	FALSE
PRG1	algn-8	27.03	4.724193451704	0	FALSE
PRG1	algn-9	25.932	16.7962445618292	0	FALSE
PRG1	alh-1	29.292	0.507168347290837	0	FALSE
PRG1	alh-10	28.764	2.92699354677071	0	FALSE
PRG1	alh-11	18.168	36.8970693229206	1	TRUE
PRG1	alh-12	27.272	7.65060538542556	0	FALSE
PRG1	alh-13	26.358	14.8093305702589	0	FALSE
PRG1	alh-2	28.294	6.31460131465989	0	FALSE
PRG1	alh-3	29.046	4.17011436682441	0	FALSE
PRG1	alh-4	28.288	2.90880455953286	0	FALSE
PRG1	alh-5	29.852	2.1136523886155	0	FALSE
PRG1	alh-6	25.824	11.9897943749595	0	FALSE
PRG1	alh-7	29.848	1.15995199621379	0	FALSE
PRG1	alh-8	29.83	1.94290581707571	0	FALSE
PRG1	alh-9	27.122	5.64896733323666	0	FALSE
PRG1	alkb-1	25.956	2.77534273975487	0	FALSE
PRG1	alkb-7	21.628	22.6929026544304	0	FALSE
PRG1	alkb-8	21.39	29.8246403706089	0	FALSE
PRG1	allo-1	19.72	3.15809352542073	0	FALSE
PRG1	alp-1	13.614	19.0834747268214	0	FALSE
PRG1	alr-1	20.844	4.53977946263985	0	FALSE
PRG1	alx-1	19.358	15.5606385525059	0	FALSE
PRG1	aly-1	21.204	4.38996922641913	0	FALSE
PRG1	aly-2	22.188	18.0239708920078	0	FALSE
PRG1	aly-3	22.004	5.48297674042022	0	FALSE
PRG1	ama-1	29.602	1.57336231430443	1	TRUE
PRG1	aman-1	27.916	1.63639153549106	0	FALSE
PRG1	aman-2	18.292	35.1798209650283	0	FALSE
PRG1	aman-3	5.844	1.13891589954099	0	FALSE
PRG1	amdh-1	29.448	0.906880080565089	0	FALSE
PRG1	amn-1	6.346	3.79926943458525	0	FALSE
PRG1	ampd-1	22.33	9.38512303816767	1	TRUE
PRG1	amph-1	18.116	6.50381831494313	0	FALSE
PRG1	amt-1	6.8	2.59341060125712	0	FALSE
PRG1	amt-2	2.402	2.08990847593858	2	FALSE
PRG1	amt-3	22.412	13.3937672674196	0	FALSE
PRG1	amt-4	9.468	2.82656455798939	0	FALSE
PRG1	amx-1	5.464	1.3423953748823	0	FALSE
PRG1	amx-2	22.246	2.57790434793323	0	FALSE
PRG1	amx-3	17.236	47.0974532583131	0	FALSE
PRG1	anat-1	27.156	5.69156063867773	0	FALSE
PRG1	angl-1	20.706	15.3534092052929	0	FALSE
PRG1	ani-1	16.054	30.7993350895086	1	TRUE
PRG1	ani-2	15.982	3.41894376642282	1	TRUE
PRG1	ani-3	20.578	14.9876780664092	0	FALSE
PRG1	anmt-1	27.564	1.93416141982562	0	FALSE
PRG1	anmt-2	25.288	10.9137446632977	0	FALSE
PRG1	anmt-3	5.368	8.54334175134511	0	FALSE
PRG1	anoh-1	10.334	15.7274863333059	0	FALSE
PRG1	anoh-2	22.764	2.89575160577024	0	FALSE
PRG1	anp-1	14.468	78.1671314236998	0	FALSE
PRG1	ant-1.1	23.866	8.02326148195625	0	FALSE
PRG1	ant-1.2	29.618	2.5570397844267	0	FALSE
PRG1	ant-1.3	23.816	5.91931750810637	0	FALSE
PRG1	ant-1.4	26.044	10.2171867262877	0	FALSE
PRG1	aos-1	28.22	4.93996747798851	0	FALSE
PRG1	apa-2	24.162	11.952420765137	0	FALSE
PRG1	apb-1	25.508	10.1523678909767	0	FALSE
PRG1	apb-3	22.258	8.26976662427093	1	TRUE
PRG1	apc-10	21.782	10.8229266982966	0	FALSE
PRG1	apc-11	24.948	5.10133961437529	0	FALSE
PRG1	apc-17	12.478	7.82728227199554	0	FALSE
PRG1	apc-2	16.542	2.49045383119816	0	FALSE
PRG1	apd-3	23.328	14.9856106220578	1	TRUE
PRG1	ape-1	11.486	32.6963256722574	0	FALSE
PRG1	apg-1	26.198	12.1004131817871	0	FALSE
PRG1	aph-1	20.916	17.2719126572556	0	FALSE
PRG1	aph-2	14.118	2.62621809148833	0	FALSE
PRG1	apl-1	2.826	3.43624158140416	2	FALSE
PRG1	apm-1	11.446	26.3979662004026	0	FALSE
PRG1	apm-3	26.228	12.0119838890558	0	FALSE
PRG1	apn-1	21.856	4.90940915987886	0	FALSE
PRG1	app-1	28.956	1.24532645276022	0	FALSE
PRG1	appg-1	22.144	7.55003243423844	0	FALSE
PRG1	appg-2	22.554	15.8323598280881	0	FALSE
PRG1	apr-1	11.86	3.32865445921617	0	FALSE
PRG1	aps-1	18.738	2.84989384381119	0	FALSE
PRG1	aps-2	24.848	5.582157247916	0	FALSE
PRG1	aps-3	24.278	4.98116096345545	0	FALSE
PRG1	apt-9	6.686	2.34728505505286	0	FALSE
PRG1	aptf-1	19.942	7.32341222918195	0	FALSE
PRG1	aptf-2	23.818	8.54751138376924	0	FALSE
PRG1	aptf-3	19.99	24.541844909787	0	FALSE
PRG1	aptf-4	4.272	3.32446454094517	2	FALSE
PRG1	apx-1	23.698	6.33803984182214	0	FALSE
PRG1	apy-1	4.034	8.44038047278912	2	FALSE
PRG1	aqp-1	24.962	5.53561233598995	0	FALSE
PRG1	aqp-10	28.84	4.82100432226311	0	FALSE
PRG1	aqp-11	29.032	1.58153551651787	0	FALSE
PRG1	aqp-12	25.996	5.98181936333038	0	FALSE
PRG1	aqp-2	19.678	8.07820351411741	0	FALSE
PRG1	aqp-3	14.924	5.83542526422684	0	FALSE
PRG1	aqp-4	22.686	19.8668200577202	0	FALSE
PRG1	aqp-5	22.126	13.8666704392646	0	FALSE
PRG1	aqp-6	24.322	6.76379271116636	0	FALSE
PRG1	aqp-7	16.776	0.651076176486084	0	FALSE
PRG1	aqp-8	22.566	11.073809114982	0	FALSE
PRG1	aqp-9	29.704	1.73868535581087	0	FALSE
PRG1	arc-1	25.43	10.0646994360006	0	FALSE
PRG1	arch-1	22.146	3.62458993972296	0	FALSE
PRG1	arcp-1	25.214	12.6469947603657	0	FALSE
PRG1	ard-1	28.614	6.57302606565365	0	FALSE
PRG1	arf-1	15.866	1.01785600595923	0	FALSE
PRG1	arf-1.1	17.71	2.76247371708584	0	FALSE
PRG1	arf-5	18.646	1.76477134601943	0	FALSE
PRG1	arf-6	17.81	2.72333392763117	0	FALSE
PRG1	arg-1	20.922	4.12872250258624	0	FALSE
PRG1	argk-1	28.306	3.26710401271329	0	FALSE
PRG1	argn-1	24.634	8.28758271748909	0	FALSE
PRG1	ari-1.1	18.884	10.53586593512	0	FALSE
PRG1	ari-1.2	16.01	3.94469533298134	0	FALSE
PRG1	ari-1.3	13.016	2.81637044672199	0	FALSE
PRG1	ari-1.4	21.602	20.022415469636	0	FALSE
PRG1	ari-2	15.664	2.32322094845846	0	FALSE
PRG1	arid-1	23.612	12.1172376650685	0	FALSE
PRG1	ark-1	7.438	7.62634769146583	1	TRUE
PRG1	arl-1	17.5	3.99612056773025	0	FALSE
PRG1	arl-13	4.526	4.8320969671294	2	FALSE
PRG1	arl-3	18.578	0.502642589296105	0	FALSE
PRG1	arl-5	16.692	1.39177116032996	0	FALSE
PRG1	arl-6	12.906	2.49491545606671	0	FALSE
PRG1	arl-8	28.414	3.21081584909629	0	FALSE
PRG1	arle-14	14.64	2.90521452433562	0	FALSE
PRG1	arp-1	27.292	2.9199501437104	0	FALSE
PRG1	arp-11	27.192	8.2622003430824	1	TRUE
PRG1	arp-6	24.342	15.1424817527814	0	FALSE
PRG1	arr-1	16.932	9.43667175254524	0	FALSE
PRG1	arrd-1	19.488	20.4440671530372	0	FALSE
PRG1	arrd-10	18.518	17.511708709213	0	FALSE
PRG1	arrd-11	26.368	3.96621165930647	0	FALSE
PRG1	arrd-12	14.778	2.90319257140632	0	FALSE
PRG1	arrd-13	9.07	1.87755086724657	0	FALSE
PRG1	arrd-14	17.578	17.9975913146927	0	FALSE
PRG1	arrd-15	18.804	43.230716265971	0	FALSE
PRG1	arrd-16	25.382	2.69270261030032	0	FALSE
PRG1	arrd-17	12.768	11.9355608803218	0	FALSE
PRG1	arrd-18	27.568	4.00538884503042	0	FALSE
PRG1	arrd-19	25.77	4.41957676243304	0	FALSE
PRG1	arrd-2	26.856	9.96818669592842	0	FALSE
PRG1	arrd-22	23.204	10.1327252508122	0	FALSE
PRG1	arrd-23	27.48	4.56438365841835	0	FALSE
PRG1	arrd-24	28.096	2.90318063924199	0	FALSE
PRG1	arrd-25	23.676	10.7253196587689	0	FALSE
PRG1	arrd-26	26.528	5.58877017415634	0	FALSE
PRG1	arrd-28	19.352	2.19703676112716	0	FALSE
PRG1	arrd-3	23.296	5.80583475296414	0	FALSE
PRG1	arrd-4	26.962	4.95682073038357	0	FALSE
PRG1	arrd-5	23.74	14.3713833389423	0	FALSE
PRG1	arrd-6	12.972	8.71437806089582	0	FALSE
PRG1	arrd-7	22.136	19.9133997664914	0	FALSE
PRG1	arrd-8	20.58	4.86624836632202	0	FALSE
PRG1	arrd-9	26.258	8.5250530580007	0	FALSE
PRG1	art-1	26.878	3.57812192932767	0	FALSE
PRG1	arv-1	19.648	30.9238248172981	0	FALSE
PRG1	arx-1	26.37	13.3143070474014	0	FALSE
PRG1	arx-2	25.458	5.33587538478351	0	FALSE
PRG1	arx-3	25.84	8.68599011583497	0	FALSE
PRG1	arx-4	26.066	1.80078732964487	0	FALSE
PRG1	arx-5	18.394	2.1639266172468	0	FALSE
PRG1	arx-6	27.594	3.11077779280854	0	FALSE
PRG1	arx-7	16.834	7.20139580769428	0	FALSE
PRG1	asah-1	29.482	1.63329765734059	0	FALSE
PRG1	asah-2	29.224	2.36511138166555	0	FALSE
PRG1	asb-1	27.76	9.20707984579065	0	FALSE
PRG1	asb-2	10.686	61.5560366583697	0	FALSE
PRG1	ascc-1	21.208	8.26078596660462	0	FALSE
PRG1	asd-1	19.446	16.773819324252	0	FALSE
PRG1	asd-2	16.182	18.4990297024009	0	FALSE
PRG1	asfl-1	20.924	4.84453997532193	0	FALSE
PRG1	asg-1	27.518	8.63648481078766	0	FALSE
PRG1	asg-2	4.194	5.13495859435358	2	FALSE
PRG1	ash-2	25.764	9.19436095629812	0	FALSE
PRG1	asic-1	16.136	3.00860712413461	0	FALSE
PRG1	asic-2	28.798	6.1248092000601	0	FALSE
PRG1	asm-1	24.678	9.91187260293961	0	FALSE
PRG1	asm-2	24.488	6.11546338394058	0	FALSE
PRG1	asm-3	23.38	2.78459210145783	0	FALSE
PRG1	asna-1	17.676	1.65065884658967	0	FALSE
PRG1	asns-1	14.188	8.59179370978899	0	FALSE
PRG1	asns-2	27.506	3.17967994973756	1	TRUE
PRG1	asp-1	24.798	15.5117025490761	1	TRUE
PRG1	asp-12	26.194	8.1437045593813	0	FALSE
PRG1	asp-13	29.03	1.40917789659544	0	FALSE
PRG1	asp-14	23.974	7.16950218261779	0	FALSE
PRG1	asp-15	26.41	9.92489156997368	0	FALSE
PRG1	asp-16	22.79	14.489505858081	0	FALSE
PRG1	asp-17	15.532	5.52822740308062	0	FALSE
PRG1	asp-18	28.078	8.86934724263627	0	FALSE
PRG1	asp-19	17.264	3.66448874460407	0	FALSE
PRG1	asp-2	23.54	15.3602616017697	0	FALSE
PRG1	asp-3	25.306	9.50059783313127	0	FALSE
PRG1	asp-4	21.69	12.6882481824979	0	FALSE
PRG1	asp-5	28.506	4.73048905742321	0	FALSE
PRG1	asp-6	28.242	5.14757395801548	0	FALSE
PRG1	asp-7	8.12	2.7079597816867	0	FALSE
PRG1	asp-8	25.664	9.02816111278058	0	FALSE
PRG1	asp-9	26.226	5.59555805761765	0	FALSE
PRG1	aspm-1	26.668	5.3615369480486	1	TRUE
PRG1	asps-1	18.762	13.128356795757	1	TRUE
PRG1	ast-1	19.452	10.0125020327231	0	FALSE
PRG1	atad-3	22.082	10.7469685346677	0	FALSE
PRG1	atat-2	23.034	16.1363379848496	0	FALSE
PRG1	ate-1	20.038	7.90484506089796	0	FALSE
PRG1	atf-2	22.102	20.865038601965	0	FALSE
PRG1	atf-4	11.868	24.7051554134165	0	FALSE
PRG1	atf-6	18.064	1.57825772198454	0	FALSE
PRG1	atf-7	9.198	59.6213733863989	0	FALSE
PRG1	atf-8	21.218	12.9221786100022	0	FALSE
PRG1	atfs-1	22.644	6.46368081470349	0	FALSE
PRG1	atg-10	23.186	7.15777780562953	0	FALSE
PRG1	atg-13	21.044	7.61851581710281	0	FALSE
PRG1	atg-16.1	22.034	7.33310046143658	0	FALSE
PRG1	atg-16.2	26.456	4.35509858254398	0	FALSE
PRG1	atg-18	25.898	17.7602558693711	0	FALSE
PRG1	atg-3	23.37	2.8983644367781	0	FALSE
PRG1	atg-4.1	20.036	10.2704392951147	0	FALSE
PRG1	atg-4.2	23.9	7.2969679659515	0	FALSE
PRG1	atg-5	25.06	16.7450672730027	0	FALSE
PRG1	atg-7	20.494	4.92882724196757	0	FALSE
PRG1	atg-9	19.222	6.24017995272672	0	FALSE
PRG1	atgl-1	20.978	20.4937394668834	0	FALSE
PRG1	atgp-1	8.782	6.73823317115809	0	FALSE
PRG1	atgp-2	21.948	18.7906922309223	0	FALSE
PRG1	ath-1	24.576	17.452179686877	0	FALSE
PRG1	athp-1	25.956	9.67614181150596	0	FALSE
PRG1	athp-2	8.284	10.0467647675753	1	TRUE
PRG1	athp-3	10.892	4.81213171657721	0	FALSE
PRG1	atic-1	29.364	2.56452507587032	0	FALSE
PRG1	atln-1	23.73	2.307759219569	0	FALSE
PRG1	atln-2	18.486	3.01663857959616	0	FALSE
PRG1	atn-1	18.616	17.7740167849271	1	TRUE
PRG1	atp-1	23.86	3.27604731699293	0	FALSE
PRG1	atp-2	20.142	2.64635626989444	0	FALSE
PRG1	atp-3	27.434	4.02529956874978	0	FALSE
PRG1	atp-4	27.676	6.31172958335603	0	FALSE
PRG1	atp-5	26.978	7.319789804026	0	FALSE
PRG1	atp-6	29.28	1.09396293565895	0	FALSE
PRG1	attf-2	15.712	35.2719186206794	0	FALSE
PRG1	attf-3	18.224	13.3526590421841	0	FALSE
PRG1	attf-4	17.346	2.05148790760411	0	FALSE
PRG1	attf-5	27.304	3.43282783421089	0	FALSE
PRG1	attf-6	24.846	8.461383684418	1	TRUE
PRG1	atx-2	15.888	6.25386841275873	1	TRUE
PRG1	atx-3	18.724	13.3471792735066	0	FALSE
PRG1	atz-1	24.456	13.4265626364196	0	FALSE
PRG1	ave-1	26.44	4.93769558861349	0	FALSE
PRG1	avr-14	25.77	4.6075709958471	0	FALSE
PRG1	avr-15	12.552	8.61589066923752	0	FALSE
PRG1	axl-1	23.566	0.98269336809164	0	FALSE
PRG1	azin-1	11.512	3.45743658786451	0	FALSE
PRG1	azyx-1	21.42	3.34916483062251	0	FALSE
PRG1	baf-1	24.362	15.7157758693827	0	FALSE
PRG1	bag-1	27.216	4.82536275017678	0	FALSE
PRG1	bah-1	25.614	6.36518020206212	0	FALSE
PRG1	bam-2	17.99	11.5174641209036	0	FALSE
PRG1	bar-1	23.488	8.18842238158123	0	FALSE
PRG1	bas-1	16.566	22.121695447853	0	FALSE
PRG1	basl-1	25.568	3.36612529903787	0	FALSE
PRG1	bath-1	17.02	41.2965953614108	0	FALSE
PRG1	bath-10	10.65	2.3763475558392	0	FALSE
PRG1	bath-13	28.822	2.16388382013915	0	FALSE
PRG1	bath-15	7.896	6.14698380701789	0	FALSE
PRG1	bath-19	23.934	12.3058451212361	0	FALSE
PRG1	bath-2	4.862	1.49310501134361	2	FALSE
PRG1	bath-20	13.744	6.20302134774924	0	FALSE
PRG1	bath-21	27.392	6.10455709476883	0	FALSE
PRG1	bath-23	25.372	6.94860587895107	0	FALSE
PRG1	bath-24	25.204	6.56234725525338	0	FALSE
PRG1	bath-25	28.234	2.81609930686625	0	FALSE
PRG1	bath-26	5.014	3.38639794229361	0	FALSE
PRG1	bath-27	25.96	8.27883625723723	0	FALSE
PRG1	bath-28	26.116	2.98036001166261	0	FALSE
PRG1	bath-29	25.126	11.6219595581844	0	FALSE
PRG1	bath-3	22.528	20.2111901317552	0	FALSE
PRG1	bath-30	26.744	8.42089246112267	0	FALSE
PRG1	bath-31	26.606	12.0776627549824	0	FALSE
PRG1	bath-33	25.928	9.67801851297308	0	FALSE
PRG1	bath-34	7.368	2.79040027932141	0	FALSE
PRG1	bath-35	14.596	2.46481098526756	0	FALSE
PRG1	bath-36	17.42	5.66351905364134	0	FALSE
PRG1	bath-37	12.508	7.96151495101312	0	FALSE
PRG1	bath-38	22.52	5.69146357726896	0	FALSE
PRG1	bath-39	25.546	12.1036346274783	0	FALSE
PRG1	bath-4	10.224	3.84925629929541	0	FALSE
PRG1	bath-40	28.196	2.43111766015809	0	FALSE
PRG1	bath-41	21.998	18.8514457736967	0	FALSE
PRG1	bath-42	23.724	22.1582057096336	0	FALSE
PRG1	bath-44	10.966	4.2862658563753	0	FALSE
PRG1	bath-45	25.248	5.68354260182577	0	FALSE
PRG1	bath-46	23.728	4.65082948773711	0	FALSE
PRG1	bath-47	26.31	6.49337016162901	0	FALSE
PRG1	bath-5	27.56	4.0682318912562	0	FALSE
PRG1	bath-7	28.982	1.16560802652067	0	FALSE
PRG1	bath-9	25.752	13.4362256114268	0	FALSE
PRG1	baz-2	27.442	4.96496865091016	0	FALSE
PRG1	bbln-1	14.352	5.07311455268864	0	FALSE
PRG1	bbs-1	16.114	3.64523112426657	0	FALSE
PRG1	bbs-2	24.388	15.9785708512583	0	FALSE
PRG1	bbs-4	20.098	29.2689392944327	0	FALSE
PRG1	bbs-5	17.766	27.3282359319383	0	FALSE
PRG1	bbs-8	23.344	9.2157321997132	0	FALSE
PRG1	bbs-9	28.38	4.56936041153298	0	FALSE
PRG1	bc10	27.644	7.61733975015257	0	FALSE
PRG1	bca-1	25.836	8.49241826411584	0	FALSE
PRG1	bca-2	24.838	7.95447610698607	0	FALSE
PRG1	bcas-2	29.14	2.83588756913234	0	FALSE
PRG1	bcat-1	19.51	3.25867377247613	0	FALSE
PRG1	bcc-1	17.384	11.3614657942966	0	FALSE
PRG1	bcf-1	27.816	5.732368422582	0	FALSE
PRG1	bckd-1A	26.362	5.67769195304144	0	FALSE
PRG1	bckd-1b	28.866	2.62676292651273	0	FALSE
PRG1	bcl-11	18.628	4.15293336956367	0	FALSE
PRG1	bcl-7	17.058	3.940093697143	0	FALSE
PRG1	bcmo-1	26.626	2.82923715196717	0	FALSE
PRG1	bcmo-2	26.85	1.62534739098914	0	FALSE
PRG1	bcs-1	24.236	13.7335579787483	0	FALSE
PRG1	bec-1	17.14	14.0212217026963	1	TRUE
PRG1	bed-1	20.684	5.25106723648186	0	FALSE
PRG1	bed-2	16.012	15.429116092877	0	FALSE
PRG1	bed-3	18.912	4.4580235690938	0	FALSE
PRG1	ben-1	19.772	5.51161669843517	0	FALSE
PRG1	best-1	26.606	12.8002961040739	0	FALSE
PRG1	best-10	22.404	15.0597472484045	0	FALSE
PRG1	best-11	17.864	36.5420584064135	0	FALSE
PRG1	best-12	25.146	15.8702647501817	0	FALSE
PRG1	best-13	29.336	5.51003909141696	0	FALSE
PRG1	best-14	30.314	0.296525764389314	0	FALSE
PRG1	best-15	19.914	13.6952195957357	0	FALSE
PRG1	best-16	22.586	16.3527135649216	0	FALSE
PRG1	best-17	23.638	20.2233009383158	0	FALSE
PRG1	best-18	28.17	6.56635862770133	0	FALSE
PRG1	best-19	25.114	16.5448467118458	0	FALSE
PRG1	best-2	28.644	6.15066812484277	0	FALSE
PRG1	best-20	22.75	9.88229239268036	0	FALSE
PRG1	best-21	28.282	3.87066286820161	0	FALSE
PRG1	best-22	12.284	4.66532176700173	0	FALSE
PRG1	best-23	25.452	1.04336013065847	0	FALSE
PRG1	best-24	15.332	7.27016295043079	0	FALSE
PRG1	best-25	15.79	5.43247531703796	0	FALSE
PRG1	best-26	30.448	1.62388030782207	0	FALSE
PRG1	best-3	18.348	25.784255854111	0	FALSE
PRG1	best-4	22.138	9.71345688536468	0	FALSE
PRG1	best-5	29.022	6.41751177875733	0	FALSE
PRG1	best-6	29.98	2.38894355515644	0	FALSE
PRG1	best-7	21.468	3.3187747389108	0	FALSE
PRG1	best-8	21.734	8.48445721241874	0	FALSE
PRG1	best-9	29.122	8.54718179662081	0	FALSE
PRG1	bet-1	19.49	3.13422293195739	0	FALSE
PRG1	bet-2	7.124	11.7138385538372	1	TRUE
PRG1	bgal-1	28.006	9.23872851239163	0	FALSE
PRG1	bgal-2	18.702	3.61139762085544	0	FALSE
PRG1	bgnt-1.1	26.756	3.19380685173739	0	FALSE
PRG1	bgnt-1.2	26.89	2.82473874319416	0	FALSE
PRG1	bgnt-1.3	25.728	2.20940785149689	0	FALSE
PRG1	bgnt-1.4	23.54	10.2954154549219	0	FALSE
PRG1	bgnt-1.5	21.616	5.09109363248552	0	FALSE
PRG1	bgnt-1.6	19.92	6.57448471076704	0	FALSE
PRG1	bgnt-1.7	26.502	7.43792017779046	0	FALSE
PRG1	bgnt-1.8	22.876	13.4973670584056	0	FALSE
PRG1	bicd-1	24.15	6.57349081364324	0	FALSE
PRG1	bigr-1	27.688	4.2744114758353	0	FALSE
PRG1	bir-1	22.012	12.5904151017013	0	FALSE
PRG1	bir-2	21.046	24.3662987673204	0	FALSE
PRG1	bkip-1	22.782	4.94842804431777	0	FALSE
PRG1	bli-1	19.44	5.75810095430276	0	FALSE
PRG1	bli-2	17.492	6.37368879693571	0	FALSE
PRG1	bli-3	30.078	0.448155270889146	0	FALSE
PRG1	bli-4	12.944	4.82048161261564	0	FALSE
PRG1	bli-5	22.04	17.2457368645658	0	FALSE
PRG1	bli-6	14.188	5.54112123578143	0	FALSE
PRG1	blmp-1	22.216	2.3476996435465	0	FALSE
PRG1	blos-1	27.698	4.03775828653393	0	FALSE
PRG1	blos-2	24.03	27.6565110833257	0	FALSE
PRG1	blos-4	17.122	25.7451899528928	0	FALSE
PRG1	blos-7	26.536	9.2016405078955	0	FALSE
PRG1	blos-8	18.2	12.4024389816729	0	FALSE
PRG1	blos-9	26.42	10.2869130245072	0	FALSE
PRG1	bltp-2	29.118	6.3104022418986	0	FALSE
PRG1	bmk-1	28.71	3.29710615115971	1	TRUE
PRG1	bmy-1	16.098	2.75099004765532	0	FALSE
PRG1	bnc-1	10.772	5.82094963351637	0	FALSE
PRG1	bpl-1	25.866	5.27238785761441	0	FALSE
PRG1	bpnt-1	27.564	7.21357045781549	0	FALSE
PRG1	bra-1	23.588	10.7794225547766	0	FALSE
PRG1	bra-2	23.34	1.12748049416802	0	FALSE
PRG1	brap-2	17.38	49.4313237369407	0	FALSE
PRG1	brc-1	12.31	11.8886188615049	0	FALSE
PRG1	brc-2	14.178	5.09306091609075	0	FALSE
PRG1	brd-1	17.87	2.05494840816772	0	FALSE
PRG1	bre-1	20.454	3.81462575398254	0	FALSE
PRG1	bre-2	24.002	13.7335503021129	0	FALSE
PRG1	bre-3	27.74	3.89070716961475	0	FALSE
PRG1	bre-4	10.424	6.51938558242324	0	FALSE
PRG1	bre-5	26.01	6.52162757179818	0	FALSE
PRG1	brf-1	17.7	10.0015958380645	0	FALSE
PRG1	bris-1	14.67	1.15178904217558	0	FALSE
PRG1	bro-1	23.246	11.9538075682994	0	FALSE
PRG1	brp-1	12.172	5.95824755180002	0	FALSE
PRG1	btb-10	19.348	4.2577214815967	0	FALSE
PRG1	btb-11	19.7	16.9723148315521	0	FALSE
PRG1	btb-12	28.154	2.50938172355362	0	FALSE
PRG1	btb-14	21.878	1.09384547247729	0	FALSE
PRG1	btb-16	26.526	8.71237735835687	0	FALSE
PRG1	btb-17	26.916	6.90482272631011	0	FALSE
PRG1	btb-18	20.634	3.27669814738099	0	FALSE
PRG1	btb-19	21.4	9.05632311610318	0	FALSE
PRG1	btb-2	17.8	30.1582588723192	0	FALSE
PRG1	btb-20	21.016	3.31693374176687	0	FALSE
PRG1	btb-22	24.454	12.5099020874164	0	FALSE
PRG1	btb-4	26.804	4.08811469273632	0	FALSE
PRG1	btb-5	17.356	23.1052137317375	0	FALSE
PRG1	btb-6	17.058	20.8922496087944	0	FALSE
PRG1	btb-7	20.256	23.8806257639609	0	FALSE
PRG1	btb-8	26.452	5.53632688307816	0	FALSE
PRG1	btb-9	20.552	6.01858589032558	0	FALSE
PRG1	btbd-10	12.27	10.5630829228499	0	FALSE
PRG1	btbz-2	14.234	6.50708245651377	0	FALSE
PRG1	btf-1	29.102	1.64980064506974	0	FALSE
PRG1	bub-1	6.888	7.0351668750373	1	TRUE
PRG1	bub-3	23.782	13.4774611955468	1	TRUE
PRG1	bud-13	17.704	4.93464955160092	0	FALSE
PRG1	bud-31	26.178	3.22574192897186	0	FALSE
PRG1	bus-1	21.996	6.08052143582175	0	FALSE
PRG1	bus-12	28.512	2.51541781916284	0	FALSE
PRG1	bus-17	27.974	4.24677953717558	0	FALSE
PRG1	bus-18	27.892	2.11779186323012	0	FALSE
PRG1	bus-19	19.544	26.1107267818395	0	FALSE
PRG1	bus-2	24.882	14.8922860578753	0	FALSE
PRG1	bus-4	20.012	13.035203833591	0	FALSE
PRG1	bus-5	23.332	14.0485152013654	0	FALSE
PRG1	bus-8a	19.148	7.93656803925081	0	FALSE
PRG1	bus-8b	27.692	2.35949427236747	0	FALSE
PRG1	byn-1	9.49	31.3783056083202	0	FALSE
PRG1	cab-1	19.41	1.89541186389976	0	FALSE
PRG1	cacn-1	23.818	14.7259065752159	1	TRUE
PRG1	cah-1	18.216	6.88977729453308	0	FALSE
PRG1	cah-2	25.1	7.73729386912503	0	FALSE
PRG1	cah-3	26.05	12.7416572409032	0	FALSE
PRG1	cah-4	26.952	6.5862472086923	0	FALSE
PRG1	cah-5	27.81	6.79564084947372	0	FALSE
PRG1	cah-6	13.266	4.45339672765257	0	FALSE
PRG1	cal-1	21.118	12.0788782839911	0	FALSE
PRG1	cal-2	17.37	19.8274255005268	0	FALSE
PRG1	cal-3	20.742	8.71068652837972	0	FALSE
PRG1	cal-4	11.278	10.0718258894626	0	FALSE
PRG1	cal-5	13.814	3.11850276551421	0	FALSE
PRG1	cal-7	17.976	4.54866162689409	0	FALSE
PRG1	cal-8	21.47	10.3361796723976	0	FALSE
PRG1	calf-1	13.088	51.6673857249056	0	FALSE
PRG1	calm-1	27.766	5.08036210393019	0	FALSE
PRG1	calu-1	24.858	9.42667103783717	0	FALSE
PRG1	calu-2	14.802	27.4965913680019	0	FALSE
PRG1	cam-1	17.238	1.79900732494135	0	FALSE
PRG1	camt-1	17.888	16.5523818698642	0	FALSE
PRG1	cand-1	28.48	4.27593003605924	0	FALSE
PRG1	cank-26	13.142	32.6123520378136	0	FALSE
PRG1	cap-1	28.13	6.20779641559901	1	TRUE
PRG1	cap-2	27.368	8.28301869690684	1	TRUE
PRG1	capa-1	24.562	8.69347589439016	0	FALSE
PRG1	capg-1	22.228	5.77126462318536	0	FALSE
PRG1	capg-2	28.792	4.05942613426813	0	FALSE
PRG1	car-1	15.282	12.411073305862	0	FALSE
PRG1	cars-1	28.646	2.8916066624508	0	FALSE
PRG1	cas-1	21.306	5.87060804117736	0	FALSE
PRG1	cas-2	25.362	15.8485575439966	0	FALSE
PRG1	casc-3	18.348	8.56350556296299	0	FALSE
PRG1	cash-1	22.628	13.1600447793241	1	TRUE
PRG1	casy-1	19.376	10.7672368457946	0	FALSE
PRG1	cat-1	23.826	6.22272327962856	0	FALSE
PRG1	cat-2	21.37	0.715054131489762	0	FALSE
PRG1	cat-4	17.752	2.69139307226376	0	FALSE
PRG1	catp-1	24.026	2.14272307000995	0	FALSE
PRG1	catp-2	28.756	0.68393488768616	0	FALSE
PRG1	catp-3	27.498	3.68085335070989	0	FALSE
PRG1	catp-4	29.098	2.27383977284159	0	FALSE
PRG1	catp-5	27.816	6.16457811044804	0	FALSE
PRG1	catp-7	26.848	3.28145525855633	0	FALSE
PRG1	catp-8	28.12	2.29546342209926	0	FALSE
PRG1	cav-1	19.968	15.6393352812188	0	FALSE
PRG1	cav-2	15.822	8.98300888671416	0	FALSE
PRG1	cbd-1	18.91	7.85499069054075	0	FALSE
PRG1	cbl-1	29.594	2.1299627541349	0	FALSE
PRG1	cblc-1	27.002	3.2595859407505	0	FALSE
PRG1	cbn-1	19.18	8.99499016612195	0	FALSE
PRG1	cbp-1	16.724	3.97746772119156	0	FALSE
PRG1	cbp-2	27.128	3.14102555393551	0	FALSE
PRG1	cbp-3	24.43	3.72054007342626	0	FALSE
PRG1	cbs-1	28.464	1.72623408030971	0	FALSE
PRG1	cbs-2	24.596	2.35452928160067	0	FALSE
PRG1	cca-1	23.626	2.65790656436819	0	FALSE
PRG1	ccar-1	10.208	13.4250288085256	0	FALSE
PRG1	ccb-1	15.952	1.70264752237078	0	FALSE
PRG1	ccb-2	25.958	7.30822402181785	0	FALSE
PRG1	ccch-1	16.856	19.6644891184437	0	FALSE
PRG1	ccch-2	10.88	44.946591524776	0	FALSE
PRG1	ccch-3	20.352	9.2580716842343	0	FALSE
PRG1	ccch-5	19.412	11.6675229562732	0	FALSE
PRG1	cccp-1	26.214	9.12793746055462	0	FALSE
PRG1	ccd-5	25.07	2.30024524771533	0	FALSE
PRG1	ccdc-12	12.674	6.89647699654854	0	FALSE
PRG1	ccdc-149	24.834	4.41929629112153	0	FALSE
PRG1	ccdc-47	22.638	7.24690690083811	0	FALSE
PRG1	ccdc-55	21.514	4.81071981333669	0	FALSE
PRG1	ccep-135	27.594	2.96442584429021	0	FALSE
PRG1	ccep-290	23.98	11.6832087244089	0	FALSE
PRG1	ccep-97	15.462	3.74984924482958	0	FALSE
PRG1	ccf-1	28.834	1.14621496075799	0	FALSE
PRG1	ccg-1	25.394	7.28505775885357	0	FALSE
PRG1	cchl-1	22.242	5.21714092242477	0	FALSE
PRG1	ccm-2	28.108	1.80856081166144	0	FALSE
PRG1	ccm-3	27.054	6.00992220183279	0	FALSE
PRG1	ccnk-1	27.038	4.904270253525	0	FALSE
PRG1	ccpp-1	28.744	1.63671452967738	0	FALSE
PRG1	ccpp-6	23.412	4.34808421775656	0	FALSE
PRG1	ccr-4	13.408	17.4790517697725	0	FALSE
PRG1	cct-1	26.124	5.24523961666314	0	FALSE
PRG1	cct-2	26.208	5.74859653941418	0	FALSE
PRG1	cct-3	24.758	10.9395237137158	0	FALSE
PRG1	cct-4	27.784	1.75395622387488	1	TRUE
PRG1	cct-5	26.664	1.84848220660215	1	TRUE
PRG1	cct-6	24.984	4.49879737904372	1	TRUE
PRG1	cct-7	27.138	3.94422252555389	0	FALSE
PRG1	cct-8	16.428	28.6620766423767	0	FALSE
PRG1	ccz-1	24.722	3.44030260795208	0	FALSE
PRG1	cdap-2	4.576	2.63871658183979	3	TRUE
PRG1	cdc-14	19.202	8.52022277689744	0	FALSE
PRG1	cdc-25.1	19.108	28.4497674497423	1	TRUE
PRG1	cdc-25.2	7.426	4.45261073631497	0	FALSE
PRG1	cdc-25.3	13.844	4.7064408210057	0	FALSE
PRG1	cdc-25.4	23.732	3.23790855310302	0	FALSE
PRG1	cdc-26	14.416	15.6356574602922	0	FALSE
PRG1	cdc-37	24.308	16.5222389347683	0	FALSE
PRG1	cdc-42	21.36	2.77898299682716	0	FALSE
PRG1	cdc-48.1	26.218	6.78549928807135	0	FALSE
PRG1	cdc-48.2	25.69	8.4173516095329	0	FALSE
PRG1	cdc-48.3	24.75	7.68160400554137	0	FALSE
PRG1	cdc-50.b	25.374	11.8095084605906	0	FALSE
PRG1	cdc-5l	29.584	2.31088412059242	0	FALSE
PRG1	cdc-6	23.924	6.93804726508099	0	FALSE
PRG1	cdc-7	27.69	7.71461354581403	0	FALSE
PRG1	cdc-73	22.636	13.4621788472297	0	FALSE
PRG1	cdd-1	27.418	3.45520801133593	0	FALSE
PRG1	cdd-2	26.426	1.35401801338914	0	FALSE
PRG1	cdf-1	23.086	3.84547717788857	0	FALSE
PRG1	cdf-2	9.108	3.40661036884134	0	FALSE
PRG1	cdgs-1	17.824	20.6243006781472	0	FALSE
PRG1	cdh-10	25.786	9.07181582836741	0	FALSE
PRG1	cdh-5	14.61	2.43152904426168	0	FALSE
PRG1	cdh-7	25.136	7.61008985521646	0	FALSE
PRG1	cdh-8	10.672	2.72577933022369	0	FALSE
PRG1	cdh-9	25.47	12.0244264867067	0	FALSE
PRG1	cdk-1	25.048	12.2791197296933	0	FALSE
PRG1	cdk-11.1	18.068	5.50250797094073	0	FALSE
PRG1	cdk-11.2	6.784	3.85036451647242	0	FALSE
PRG1	cdk-12	13.866	36.4314645852265	1	TRUE
PRG1	cdk-14	24.464	2.82751180390499	0	FALSE
PRG1	cdk-2	24.184	10.3547902243334	0	FALSE
PRG1	cdk-4	25.814	8.58061954237191	0	FALSE
PRG1	cdk-5	26.018	13.681928038757	0	FALSE
PRG1	cdk-7	26.114	8.58967304858406	0	FALSE
PRG1	cdk-8	22.012	9.73943611307294	0	FALSE
PRG1	cdk-9	25.152	9.65538400276196	1	TRUE
PRG1	cdka-1	20.988	4.49145431164846	0	FALSE
PRG1	cdkl-1	23.824	21.4280560708322	0	FALSE
PRG1	cdkr-3	23.274	11.2646807056727	0	FALSE
PRG1	cdl-1	8.164	4.73495550441041	0	FALSE
PRG1	cdo-1	26.162	7.96791950669913	0	FALSE
PRG1	cdr-1	29.196	1.9943239733266	0	FALSE
PRG1	cdr-2	29.292	1.82881267651641	0	FALSE
PRG1	cdr-3	28.588	3.25869387764871	0	FALSE
PRG1	cdr-4	28.464	4.46831380496253	1	TRUE
PRG1	cdr-6	27.944	2.78321040852479	1	TRUE
PRG1	cdr-7	29.478	1.59808622245062	0	FALSE
PRG1	cdt-1	19.466	29.4336443604357	0	FALSE
PRG1	cdt-2	16.254	2.57245462676019	0	FALSE
PRG1	cebp-1	16.064	1.14073994774049	0	FALSE
PRG1	cebp-2	24.34	10.8470826545261	0	FALSE
PRG1	cec-1	18.212	7.02558698828016	0	FALSE
PRG1	cec-10	21.972	6.76709371565329	0	FALSE
PRG1	cec-2	5.288	3.04457061989382	0	FALSE
PRG1	cec-3	19.822	12.0149873849161	0	FALSE
PRG1	cec-4	12.05	16.1042898545434	0	FALSE
PRG1	cec-5	25.16	1.95138485992452	0	FALSE
PRG1	cec-6	18.754	37.1605962461314	0	FALSE
PRG1	cec-7	18.878	11.5564806459061	0	FALSE
PRG1	cec-8	19.648	8.95963539047652	0	FALSE
PRG1	ced-1	14.156	5.61068149249957	0	FALSE
PRG1	ced-10	10.57	9.21366108479203	0	FALSE
PRG1	ced-11	28.674	1.00491478996289	0	FALSE
PRG1	ced-12	25.942	10.9654475137351	0	FALSE
PRG1	ced-13	24.48	2.18459835900669	0	FALSE
PRG1	ced-2	18.152	6.38732141037054	0	FALSE
PRG1	ced-3	24.772	4.06561661999248	0	FALSE
PRG1	ced-4	25.584	6.61294937441258	0	FALSE
PRG1	ced-5	27.938	5.81545391437731	0	FALSE
PRG1	ced-6	20.348	10.6373066253624	1	TRUE
PRG1	ced-8	18.99	4.24226099233761	0	FALSE
PRG1	ced-9	22.616	17.1696256561573	0	FALSE
PRG1	cee-1	24.568	17.3408087603364	0	FALSE
PRG1	ceeh-1	28.498	3.98944657743767	0	FALSE
PRG1	ceeh-2	4.238	19.2364864386923	0	FALSE
PRG1	ceh-1	21.92	8.43392231055746	0	FALSE
PRG1	ceh-10	15.812	7.01533975946879	0	FALSE
PRG1	ceh-100	24.452	6.13687994443107	0	FALSE
PRG1	ceh-12	17.344	21.6091447941332	0	FALSE
PRG1	ceh-13	18.2	11.2903063728579	0	FALSE
PRG1	ceh-14	18.98	5.35143165369301	0	FALSE
PRG1	ceh-16	12.83	10.537646371304	0	FALSE
PRG1	ceh-17	20	6.41092816992984	0	FALSE
PRG1	ceh-18	14.334	9.87361813667756	0	FALSE
PRG1	ceh-19	14.632	3.01734179784907	0	FALSE
PRG1	ceh-2	14.102	7.32479364039506	0	FALSE
PRG1	ceh-20	20.93	4.73198259908677	0	FALSE
PRG1	ceh-21	13.656	4.71385137042807	0	FALSE
PRG1	ceh-22	14.808	14.0679055961977	0	FALSE
PRG1	ceh-23	16.71	4.39255483420204	0	FALSE
PRG1	ceh-24	17.904	9.35554299502897	0	FALSE
PRG1	ceh-27	17.868	0.850977291638602	0	FALSE
PRG1	ceh-28	21.714	12.3539730366326	0	FALSE
PRG1	ceh-30	22.04	6.98000008012704	0	FALSE
PRG1	ceh-31	22.218	5.83120484063569	0	FALSE
PRG1	ceh-32	3.612	2.20964229670376	2	FALSE
PRG1	ceh-33	13.52	16.5680473372781	0	FALSE
PRG1	ceh-34	2.682	1.65490984497928	2	FALSE
PRG1	ceh-36	16.364	4.94906004732836	0	FALSE
PRG1	ceh-37	17.622	22.7537145985045	0	FALSE
PRG1	ceh-38	19.278	3.04536790310715	0	FALSE
PRG1	ceh-39	16.79	2.46686092065905	0	FALSE
PRG1	ceh-40	21.174	15.5321305731054	0	FALSE
PRG1	ceh-41	24.584	12.3558808667651	0	FALSE
PRG1	ceh-43	16.814	4.46762060999118	0	FALSE
PRG1	ceh-44	23.77	9.74999647784243	1	TRUE
PRG1	ceh-45	18.354	16.7849567228173	0	FALSE
PRG1	ceh-48	20.808	5.16638278560556	0	FALSE
PRG1	ceh-49	10.826	2.02646873680457	0	FALSE
PRG1	ceh-5	22.026	12.5402484861587	0	FALSE
PRG1	ceh-51	17.854	15.4445392714196	0	FALSE
PRG1	ceh-53	19.044	10.9174417207072	0	FALSE
PRG1	ceh-54	18.582	6.09915298561542	0	FALSE
PRG1	ceh-57	18.932	14.9777619148554	0	FALSE
PRG1	ceh-58	4.47	5.42246069062229	2	FALSE
PRG1	ceh-6	19.184	5.80466192077869	0	FALSE
PRG1	ceh-60	16.692	4.64562818992002	0	FALSE
PRG1	ceh-62	15.904	15.7733979115847	0	FALSE
PRG1	ceh-63	22.32	4.19941747644608	0	FALSE
PRG1	ceh-7	23.172	13.9655797481401	0	FALSE
PRG1	ceh-74	18.592	5.6760001766611	0	FALSE
PRG1	ceh-75	25.15	4.69353341058452	0	FALSE
PRG1	ceh-76	16.498	4.79601074717967	0	FALSE
PRG1	ceh-79	26.644	3.51686139516713	0	FALSE
PRG1	ceh-8	20.902	10.0430345605	0	FALSE
PRG1	ceh-81	17.454	10.0155944156067	0	FALSE
PRG1	ceh-82	4.374	6.40880759692446	2	FALSE
PRG1	ceh-83	23.57	4.51631389699715	0	FALSE
PRG1	ceh-84	16.14	2.8557805889694	0	FALSE
PRG1	ceh-86	4.554	3.68945665774962	2	FALSE
PRG1	ceh-87	11.426	4.65856394443998	0	FALSE
PRG1	ceh-88	20.356	5.93124827704091	0	FALSE
PRG1	ceh-89	22.114	10.6980285505998	0	FALSE
PRG1	ceh-9	20.45	4.18714418163474	0	FALSE
PRG1	ceh-90	18.822	11.7048237817615	0	FALSE
PRG1	ceh-91	7.108	2.59107809414099	0	FALSE
PRG1	ceh-92	10.516	7.05505608605107	0	FALSE
PRG1	ceh-93	14.934	10.0348825188775	0	FALSE
PRG1	ceh-99	13.802	35.4664258619602	0	FALSE
PRG1	cel-1	20.326	30.4032657433354	0	FALSE
PRG1	cep-1	20.164	10.0110137685979	0	FALSE
PRG1	ceph-41	17.89	2.03468694501971	0	FALSE
PRG1	cepr-104.2	11.47	1.84224469129167	0	FALSE
PRG1	cepr-104.3	20.584	5.16777103237329	0	FALSE
PRG1	cept-1	27.184	21.9607023119939	0	FALSE
PRG1	cept-2	27.19	8.76653620719792	0	FALSE
PRG1	cerk-1	3.012	4.16927824062433	2	FALSE
PRG1	ces-1	19.908	6.93074000527127	0	FALSE
PRG1	ces-2	20.856	3.85832608289518	0	FALSE
PRG1	cest-1.1	22.874	7.29488141796272	0	FALSE
PRG1	cest-1.2	20.126	17.5364253480666	0	FALSE
PRG1	cest-10	9.272	5.03991328389419	0	FALSE
PRG1	cest-12	25.25	6.76665854581849	0	FALSE
PRG1	cest-13	25.814	2.96402717593748	0	FALSE
PRG1	cest-16	22.592	19.418227345565	0	FALSE
PRG1	cest-17	27.98	3.77296332889565	0	FALSE
PRG1	cest-19	22.212	13.4933533234353	0	FALSE
PRG1	cest-2.1	27.768	3.97131820547535	0	FALSE
PRG1	cest-2.2	25.472	5.48243119038393	0	FALSE
PRG1	cest-2.3	23.99	1.17826544602773	0	FALSE
PRG1	cest-24	22.062	8.24084469687978	0	FALSE
PRG1	cest-25	21.464	14.5482291406003	0	FALSE
PRG1	cest-26	28.884	4.7527414734778	0	FALSE
PRG1	cest-27	27.484	0.69159849721083	0	FALSE
PRG1	cest-28	27.9	1.3360572630549	0	FALSE
PRG1	cest-3	20.238	19.572995869817	0	FALSE
PRG1	cest-30	27.336	7.20074365490719	0	FALSE
PRG1	cest-31	25.076	6.33618291362436	0	FALSE
PRG1	cest-32	29.124	1.50307526300703	0	FALSE
PRG1	cest-34	26.338	3.1419945278342	0	FALSE
PRG1	cest-35.1	25.406	4.18694005079004	0	FALSE
PRG1	cest-35.2	22.65	5.81224088093475	0	FALSE
PRG1	cest-4	24.228	2.8097638552609	0	FALSE
PRG1	cest-5.1	18.272	8.36016837600931	0	FALSE
PRG1	cest-5.2	11.676	2.52807393330603	0	FALSE
PRG1	cest-6	14.134	2.82722371444566	0	FALSE
PRG1	cest-7	26.84	4.68879021931938	0	FALSE
PRG1	cest-8	21.886	1.10446395844013	0	FALSE
PRG1	cest-9.1	16.706	2.58974643798724	0	FALSE
PRG1	cest-9.2	18.4	3.26358582521792	0	FALSE
PRG1	cex-1	23.436	19.3003830790497	0	FALSE
PRG1	cex-2	25.29	9.38621339441226	0	FALSE
PRG1	cey-1	25.254	12.4151412069661	0	FALSE
PRG1	cey-2	18.124	2.22645108388833	1	TRUE
PRG1	cey-3	16.412	9.20758329147673	1	TRUE
PRG1	cey-4	13.474	4.42279833740252	0	FALSE
PRG1	cfap-36	20.922	9.05120046282815	0	FALSE
PRG1	cfh-1	20.31	18.2229821662586	0	FALSE
PRG1	cfi-1	12.506	8.38045828226289	0	FALSE
PRG1	cfim-1	24.996	8.95583296901166	0	FALSE
PRG1	cfim-2	2.452	0.884155113730788	3	TRUE
PRG1	cfp-1	23.56	8.40428906793884	0	FALSE
PRG1	cft-1	23.712	1.50006958435481	0	FALSE
PRG1	cfz-2	22.996	12.3396570280647	0	FALSE
PRG1	cgef-1	16.27	34.3368714773213	0	FALSE
PRG1	cgh-1	12.946	7.11726484636494	0	FALSE
PRG1	cgp-1	23.52	7.05007104388451	0	FALSE
PRG1	cgr-1	26.982	2.1279703679435	0	FALSE
PRG1	cgt-1	27.476	4.64277498364038	0	FALSE
PRG1	cgt-2	25.23	10.4530311352821	0	FALSE
PRG1	cgt-3	27.592	4.99576060685673	0	FALSE
PRG1	cha-1	25.694	4.76567187394328	0	FALSE
PRG1	chaf-1	15.656	1.94084389185884	0	FALSE
PRG1	chaf-2	11.434	1.58345704547933	0	FALSE
PRG1	chat-1	22.192	9.65197542488679	0	FALSE
PRG1	chc-1	26.666	9.98217619083123	0	FALSE
PRG1	chca-1	24.536	16.2412902919235	0	FALSE
PRG1	chch-3	28.656	2.27292507588618	0	FALSE
PRG1	chd-1	7.782	1.75582380389576	0	FALSE
PRG1	chd-3	10.574	6.41157722547342	1	TRUE
PRG1	chdh-1	25.928	3.3297907039543	0	FALSE
PRG1	chdp-1	4.51	1.74589975033521	2	FALSE
PRG1	che-1	19.786	3.05397694262171	0	FALSE
PRG1	che-10	18.542	9.09874452194772	0	FALSE
PRG1	che-11	27.374	5.23392688863259	0	FALSE
PRG1	che-12	20.608	24.0966630025652	0	FALSE
PRG1	che-13	16.368	12.3680723713628	0	FALSE
PRG1	che-14	24.186	1.61610362462237	0	FALSE
PRG1	che-2	20.532	18.1270061955178	0	FALSE
PRG1	che-6	21.368	20.1074461268574	0	FALSE
PRG1	che-7	25.506	9.65345561460447	0	FALSE
PRG1	chhy-1	27.094	1.05418959177055	0	FALSE
PRG1	chil-1	24.958	11.1201917293342	0	FALSE
PRG1	chil-10	8.744	20.1090072687072	0	FALSE
PRG1	chil-11	27.858	5.15780444538484	0	FALSE
PRG1	chil-12	20.416	30.3438894718381	0	FALSE
PRG1	chil-13	25.402	14.1670375572846	0	FALSE
PRG1	chil-14	24.138	7.21815155475026	0	FALSE
PRG1	chil-15	25.328	15.0358358854624	0	FALSE
PRG1	chil-16	25.68	12.8996980131124	0	FALSE
PRG1	chil-17	28.48	2.5340568237361	0	FALSE
PRG1	chil-18	25.82	7.74012175475495	0	FALSE
PRG1	chil-19	20.526	13.0449079411609	0	FALSE
PRG1	chil-2	26.276	9.65123083000315	0	FALSE
PRG1	chil-21	22.332	10.0780341188511	0	FALSE
PRG1	chil-22	20.748	2.91831278128768	0	FALSE
PRG1	chil-23	24.812	10.5559988864617	0	FALSE
PRG1	chil-24	12.082	11.1643545021651	0	FALSE
PRG1	chil-25	10.848	4.19477735861483	0	FALSE
PRG1	chil-26	25.664	7.84019773606348	0	FALSE
PRG1	chil-27	22.97	8.91560109880316	0	FALSE
PRG1	chil-3	27.186	7.17255487383866	0	FALSE
PRG1	chil-4	6.688	6.85144790135976	0	FALSE
PRG1	chil-5	26.716	8.48335628930284	0	FALSE
PRG1	chil-6	25.154	10.9329295143563	0	FALSE
PRG1	chil-7	21.806	0.908886665456298	0	FALSE
PRG1	chil-8	27.442	1.8369767657052	0	FALSE
PRG1	chil-9	19.672	19.1114124282066	0	FALSE
PRG1	chin-1	24.01	10.3440493502105	0	FALSE
PRG1	chk-1	27.142	2.11670911724539	0	FALSE
PRG1	chk-2	18.692	19.4297016332428	0	FALSE
PRG1	chkr-1	16.458	12.3538222845777	0	FALSE
PRG1	chl-1	23.742	4.73159119303443	0	FALSE
PRG1	chmp-7	25.108	13.8999636184815	0	FALSE
PRG1	chn-1	26.812	6.53834171830217	0	FALSE
PRG1	cho-1	19.102	4.96977320045698	0	FALSE
PRG1	chp-1	24.516	15.6601754952095	0	FALSE
PRG1	chpf-1	18.896	10.0869213527316	0	FALSE
PRG1	chpf-2	22.35	7.13874417480523	0	FALSE
PRG1	chs-1	20.42	14.9775446718395	0	FALSE
PRG1	chs-2	10.826	2.80142293503051	0	FALSE
PRG1	chst-1	22.22	1.88750827862383	0	FALSE
PRG1	cht-1	7.046	5.80816355343937	0	FALSE
PRG1	cht-2	22.32	14.3338720443596	0	FALSE
PRG1	cht-3	28.17	1.10332057280228	0	FALSE
PRG1	cht-4	23.148	3.67499549374184	0	FALSE
PRG1	cht-5	23.294	11.3874358248542	0	FALSE
PRG1	chtb-3	22.55	3.83598426051594	0	FALSE
PRG1	chtl-1	24.196	6.31583176755366	0	FALSE
PRG1	chts-1	26.39	6.47784331833516	0	FALSE
PRG1	chup-1	9.72	2.20894141497777	0	FALSE
PRG1	chw-1	26.048	5.32077144006899	0	FALSE
PRG1	cic-1	26.57	7.00811184057933	0	FALSE
PRG1	cid-1	26.392	4.16322518257093	1	TRUE
PRG1	cids-1	11.756	77.2463732202984	1	TRUE
PRG1	cids-2	18.378	4.33862154271497	0	FALSE
PRG1	cif-1	26.138	9.34914531550458	0	FALSE
PRG1	cil-1	19.722	30.799092720209	0	FALSE
PRG1	cil-7	14.212	40.7024502311965	0	FALSE
PRG1	cima-1	19.442	6.2963713342778	0	FALSE
PRG1	cin-4	27.95	10.7950824570894	0	FALSE
PRG1	cir-1	7.85	10.3392885864637	0	FALSE
PRG1	cisd-1	25.466	0.501033155037669	0	FALSE
PRG1	cisd-3.1	16.792	17.720117506944	0	FALSE
PRG1	cisd-3.2	8.464	5.42938624174006	0	FALSE
PRG1	cit-1.1	17.172	2.63229500796956	0	FALSE
PRG1	cit-1.2	22	1.68978457231283	0	FALSE
PRG1	citk-1	28.89	2.93822141281837	0	FALSE
PRG1	citk-2	27.174	8.0494053989473	0	FALSE
PRG1	cka-1	25.26	14.9623805268142	0	FALSE
PRG1	cka-2	28.058	2.44940983333546	0	FALSE
PRG1	ckb-1	5.498	3.09844626337247	0	FALSE
PRG1	ckb-2	7.042	5.84071014143188	0	FALSE
PRG1	ckb-3	24.952	7.84256819083637	0	FALSE
PRG1	ckb-4	26.72	6.88251453855933	0	FALSE
PRG1	ckc-1	24.062	17.238607399112	0	FALSE
PRG1	cki-1	4.764	5.60614542380414	2	FALSE
PRG1	cki-2	14.574	31.724509651922	0	FALSE
PRG1	ckk-1	24.062	11.7662532641074	0	FALSE
PRG1	ckr-1	11.392	58.8312273233638	0	FALSE
PRG1	ckr-2	20.436	1.57448023441559	0	FALSE
PRG1	cks-1	25.034	7.05335865675046	0	FALSE
PRG1	cku-70	29.578	2.4896539401138	0	FALSE
PRG1	cku-80	28.102	3.92161636297119	0	FALSE
PRG1	cky-1	21.564	6.06276772886687	0	FALSE
PRG1	clc-1	16.354	3.88190313149688	0	FALSE
PRG1	clc-10	23.436	11.510365575264	0	FALSE
PRG1	clc-11	23.338	3.69870312972905	0	FALSE
PRG1	clc-12	26.174	3.83018203299668	0	FALSE
PRG1	clc-13	25.232	1.23159931793709	0	FALSE
PRG1	clc-14	24.366	3.62202160269796	0	FALSE
PRG1	clc-15	21.65	2.08799483645187	0	FALSE
PRG1	clc-17	20.778	2.33144430241191	0	FALSE
PRG1	clc-18	24.108	11.7940577804084	0	FALSE
PRG1	clc-19	26.832	4.17032528295143	0	FALSE
PRG1	clc-2	15.3	5.01205347939455	0	FALSE
PRG1	clc-20	26.98	2.20712749161741	0	FALSE
PRG1	clc-21	26.788	9.27514832211981	0	FALSE
PRG1	clc-23	18.69	1.82974602221098	0	FALSE
PRG1	clc-24	24.186	3.05816821797058	0	FALSE
PRG1	clc-25	20.108	6.52699469968037	0	FALSE
PRG1	clc-26	21.116	14.809168837127	0	FALSE
PRG1	clc-27	23.756	8.73768298572364	0	FALSE
PRG1	clc-28	7.566	2.80001325442567	0	FALSE
PRG1	clc-29	10.89	3.71588936093633	0	FALSE
PRG1	clc-3	24.95	7.17843391935064	0	FALSE
PRG1	clc-30	28.38	1.49494034077494	0	FALSE
PRG1	clc-31	27.074	4.49962407342814	0	FALSE
PRG1	clc-32	26.132	3.91285291479518	0	FALSE
PRG1	clc-33	29.546	2.27125944510239	0	FALSE
PRG1	clc-4	18.864	2.4798170543166	0	FALSE
PRG1	clc-5	21.888	4.83694938322107	0	FALSE
PRG1	clc-6	20.564	3.15779480849135	0	FALSE
PRG1	clc-7	4.412	5.53891111300306	2	FALSE
PRG1	clc-8	19.578	4.94747967919941	0	FALSE
PRG1	clc-9	26.52	4.03187056957237	0	FALSE
PRG1	cld-9	28.366	3.90754170600235	0	FALSE
PRG1	cle-1	13.672	2.21392596646509	0	FALSE
PRG1	clec-1	16.42	2.62371001565628	0	FALSE
PRG1	clec-10	23.582	13.7363933758164	0	FALSE
PRG1	clec-100	24.058	11.4055679199608	0	FALSE
PRG1	clec-101	27.276	8.09566451580863	0	FALSE
PRG1	clec-102	24.488	4.48395154456668	0	FALSE
PRG1	clec-103	26.064	4.90300869130256	0	FALSE
PRG1	clec-104	17.134	2.98927050552346	0	FALSE
PRG1	clec-105	29.284	0.902382413640624	0	FALSE
PRG1	clec-106	25.416	7.97281688988863	0	FALSE
PRG1	clec-107	25.566	9.02767072693929	0	FALSE
PRG1	clec-108	19.474	0.872656702731768	0	FALSE
PRG1	clec-109	25.824	5.51697443432827	0	FALSE
PRG1	clec-11	25.662	11.1995703790495	0	FALSE
PRG1	clec-110	22.652	11.6772113957098	0	FALSE
PRG1	clec-111	26.75	4.81699324058222	0	FALSE
PRG1	clec-112	27.518	3.0484781088339	0	FALSE
PRG1	clec-113	25.39	13.8595573148621	0	FALSE
PRG1	clec-114	27.568	4.71229067352402	0	FALSE
PRG1	clec-115	19.082	31.6177597773988	0	FALSE
PRG1	clec-116	27.976	3.56971728515826	0	FALSE
PRG1	clec-117	26.844	8.84384951970774	0	FALSE
PRG1	clec-118	27.198	3.15069024983873	0	FALSE
PRG1	clec-119	27.66	2.78309895212115	0	FALSE
PRG1	clec-12	25.854	13.2489373824571	0	FALSE
PRG1	clec-121	20.458	12.4092516317114	0	FALSE
PRG1	clec-122	23.628	13.364497414192	0	FALSE
PRG1	clec-123	27.618	1.09028385880873	0	FALSE
PRG1	clec-124	20.372	8.29304188654678	0	FALSE
PRG1	clec-125	15.854	5.49601394919071	0	FALSE
PRG1	clec-126	25.096	10.1701425074897	0	FALSE
PRG1	clec-127	10.672	3.1689124734653	0	FALSE
PRG1	clec-128	24.314	7.75388590968071	0	FALSE
PRG1	clec-129	28.21	4.79458752671049	0	FALSE
PRG1	clec-130	27.452	5.08902712889286	0	FALSE
PRG1	clec-132	28.704	1.76090542883267	0	FALSE
PRG1	clec-133	25.748	2.39088625558796	0	FALSE
PRG1	clec-134	24.536	3.39450008302934	0	FALSE
PRG1	clec-135	25.8	6.32798679375735	0	FALSE
PRG1	clec-136	24.236	9.30658640127352	0	FALSE
PRG1	clec-137	21.048	13.7179962447928	0	FALSE
PRG1	clec-138	27.75	2.8325562176376	0	FALSE
PRG1	clec-139	27.856	2.72283223889612	0	FALSE
PRG1	clec-140	25.176	7.46967907546454	0	FALSE
PRG1	clec-141	22.492	4.84814539990693	0	FALSE
PRG1	clec-142	9.494	1.83437016309669	0	FALSE
PRG1	clec-143	28.212	1.78631207646803	0	FALSE
PRG1	clec-144	26.454	4.99627578157	0	FALSE
PRG1	clec-145	19.42	12.7742842983077	0	FALSE
PRG1	clec-146	22.574	13.481042242389	0	FALSE
PRG1	clec-147	19.854	3.4678068198405	0	FALSE
PRG1	clec-148	22.004	5.45616643476438	0	FALSE
PRG1	clec-149	27.742	4.37265604778836	0	FALSE
PRG1	clec-15	26.002	9.52990888614901	0	FALSE
PRG1	clec-150	25.486	6.89217300110837	0	FALSE
PRG1	clec-151	9.842	5.87530331150015	0	FALSE
PRG1	clec-153	27.154	1.18093529918073	0	FALSE
PRG1	clec-156	19.894	2.73585077665802	0	FALSE
PRG1	clec-157	26.248	1.76949356835581	0	FALSE
PRG1	clec-158	25.914	17.2939723556815	0	FALSE
PRG1	clec-160	27.044	3.7578850800792	0	FALSE
PRG1	clec-161	21.304	5.28592181273007	0	FALSE
PRG1	clec-162	23.514	1.99984952451336	0	FALSE
PRG1	clec-163	26.93	4.37243723011213	0	FALSE
PRG1	clec-164	26.424	7.75401781565839	0	FALSE
PRG1	clec-165	9.172	4.4316684616767	0	FALSE
PRG1	clec-166	22.536	1.41564509750752	0	FALSE
PRG1	clec-167	20.982	11.925093406208	0	FALSE
PRG1	clec-168	27.944	4.33582251990859	0	FALSE
PRG1	clec-169	25.828	5.14066574060829	0	FALSE
PRG1	clec-17	24.896	3.4658640682734	0	FALSE
PRG1	clec-170	26.992	1.9247860719165	0	FALSE
PRG1	clec-171	24.822	14.6595233492986	0	FALSE
PRG1	clec-172	28.12	1.60304803265784	0	FALSE
PRG1	clec-173	22.154	13.0738957190662	0	FALSE
PRG1	clec-174	24.35	15.653283276485	0	FALSE
PRG1	clec-175	28.436	1.9936132786674	0	FALSE
PRG1	clec-176	2.722	2.55055914147094	2	FALSE
PRG1	clec-177	24.338	11.1413078316686	0	FALSE
PRG1	clec-178	18.754	8.41884317465213	0	FALSE
PRG1	clec-179	25.15	8.92531219750897	0	FALSE
PRG1	clec-18	25.312	8.98300724206191	0	FALSE
PRG1	clec-180	24.844	9.60361979297111	0	FALSE
PRG1	clec-181	25.414	5.94893794380845	0	FALSE
PRG1	clec-182	24.55	18.8118148807896	0	FALSE
PRG1	clec-183	26.5	5.64450605086094	0	FALSE
PRG1	clec-184	24.858	11.3478025395884	0	FALSE
PRG1	clec-185	6.8	2.93565658495252	0	FALSE
PRG1	clec-186	16.852	1.21712394215414	0	FALSE
PRG1	clec-187	26.752	5.82854749660495	0	FALSE
PRG1	clec-189	27.974	1.01914804782758	0	FALSE
PRG1	clec-19	18.558	25.2368918764184	0	FALSE
PRG1	clec-190	12.142	2.53672986415526	0	FALSE
PRG1	clec-191	25.716	11.1656703510306	0	FALSE
PRG1	clec-193	24.95	9.69525740102988	0	FALSE
PRG1	clec-194	25.302	9.43403766290389	0	FALSE
PRG1	clec-195	24.85	19.9455351086882	0	FALSE
PRG1	clec-196	23.154	8.4817133153121	0	FALSE
PRG1	clec-197	22.676	19.7728700830232	0	FALSE
PRG1	clec-198	22.328	15.7919858471143	0	FALSE
PRG1	clec-199	13.188	2.15232447048602	0	FALSE
PRG1	clec-2	25.996	5.03024325222616	0	FALSE
PRG1	clec-20	19.822	9.42629737771087	0	FALSE
PRG1	clec-202	27.08	2.28861897080446	0	FALSE
PRG1	clec-203	20.138	17.929382562785	0	FALSE
PRG1	clec-204	22.804	3.1577366782964	0	FALSE
PRG1	clec-205	25.042	8.24067684828172	0	FALSE
PRG1	clec-206	19.682	10.4598409928002	0	FALSE
PRG1	clec-207	24.916	2.06599005043171	0	FALSE
PRG1	clec-208	24.836	10.7653897716074	0	FALSE
PRG1	clec-209	17.916	7.77693786611006	0	FALSE
PRG1	clec-21	27.758	3.29928876547856	0	FALSE
PRG1	clec-210	9.744	6.94787293259477	0	FALSE
PRG1	clec-212	26.226	7.41145571602801	0	FALSE
PRG1	clec-213	27.864	3.9889337334122	0	FALSE
PRG1	clec-214	24.936	12.7013623174537	0	FALSE
PRG1	clec-215	26.728	6.17133969719931	0	FALSE
PRG1	clec-216	23.524	8.41224348304775	0	FALSE
PRG1	clec-217	18.354	12.8811600341446	0	FALSE
PRG1	clec-218	28.424	1.99523052699862	0	FALSE
PRG1	clec-219	24.778	6.8070247720199	0	FALSE
PRG1	clec-22	27.012	6.37245659603536	0	FALSE
PRG1	clec-221	23.778	10.2393883001758	0	FALSE
PRG1	clec-222	27.772	4.21313786301761	0	FALSE
PRG1	clec-223	17.088	7.7304138936448	0	FALSE
PRG1	clec-224	19.546	9.82894869756404	0	FALSE
PRG1	clec-225	27.54	2.41910197588248	0	FALSE
PRG1	clec-226	9.09	7.17732208245635	0	FALSE
PRG1	clec-227	18.958	8.24985585301958	0	FALSE
PRG1	clec-228	26.962	4.17442613249788	0	FALSE
PRG1	clec-229	25.738	4.70285730911116	0	FALSE
PRG1	clec-230	25.368	1.37529144928702	0	FALSE
PRG1	clec-231	24.12	3.8926573021216	0	FALSE
PRG1	clec-232	22.968	9.08342642298195	0	FALSE
PRG1	clec-233	23.152	0.875334080325295	0	FALSE
PRG1	clec-234	24.534	7.48563875817218	0	FALSE
PRG1	clec-238	23.604	8.87440593848647	0	FALSE
PRG1	clec-239	28.094	3.43739523504259	0	FALSE
PRG1	clec-24	23.834	2.34519753698511	0	FALSE
PRG1	clec-240	21.96	7.89997398011958	0	FALSE
PRG1	clec-241	23.578	10.1345003926665	0	FALSE
PRG1	clec-242	24.27	7.89456729386193	0	FALSE
PRG1	clec-243	28.316	5.00659379055963	0	FALSE
PRG1	clec-245	22.52	11.1513522729489	0	FALSE
PRG1	clec-246	24.528	9.32136433279065	0	FALSE
PRG1	clec-247	20.976	7.56054717382362	0	FALSE
PRG1	clec-248	14.624	3.5096712453763	0	FALSE
PRG1	clec-25	22.092	7.06032051463082	0	FALSE
PRG1	clec-250	29	2.82253543857671	0	FALSE
PRG1	clec-251	27.114	3.55169178764424	0	FALSE
PRG1	clec-252	23.73	13.0562558186656	0	FALSE
PRG1	clec-254	20.16	4.39037135185691	0	FALSE
PRG1	clec-255	28.054	3.1126742625284	0	FALSE
PRG1	clec-256	29.11	1.15016620012252	0	FALSE
PRG1	clec-257	23.964	9.52860961201761	0	FALSE
PRG1	clec-258	7.924	4.30891134468364	0	FALSE
PRG1	clec-26	15.264	5.7656830485896	0	FALSE
PRG1	clec-260	17.512	6.68447535217901	0	FALSE
PRG1	clec-261	26.628	4.47673664730963	0	FALSE
PRG1	clec-262	24.5	10.7376421806729	0	FALSE
PRG1	clec-263	26.834	2.09778994409437	0	FALSE
PRG1	clec-264	23.91	17.4371917326917	0	FALSE
PRG1	clec-265	21.608	16.0399308143858	0	FALSE
PRG1	clec-266	25.754	10.7682402849719	0	FALSE
PRG1	clec-27	23.046	6.11762903853636	0	FALSE
PRG1	clec-28	17.89	13.2801910122558	0	FALSE
PRG1	clec-29	27.282	4.51527132464971	0	FALSE
PRG1	clec-3	17.29	3.39591760279692	0	FALSE
PRG1	clec-31	27.32	7.01842306025367	0	FALSE
PRG1	clec-32	24.54	7.7009568286127	0	FALSE
PRG1	clec-33	26.462	3.82253291600489	0	FALSE
PRG1	clec-34	23.478	1.98969348285	0	FALSE
PRG1	clec-35	28.098	5.20050964528143	0	FALSE
PRG1	clec-36	28.908	2.14618518442368	0	FALSE
PRG1	clec-37	25.812	2.91045107805221	0	FALSE
PRG1	clec-38	24.188	5.41807010271303	0	FALSE
PRG1	clec-39	24.02	17.0916364007596	0	FALSE
PRG1	clec-4	26.05	7.6150527853333	0	FALSE
PRG1	clec-40	20.09	11.7701051937602	0	FALSE
PRG1	clec-41	22.978	4.8033222593718	0	FALSE
PRG1	clec-42	8.384	3.98599209431402	0	FALSE
PRG1	clec-43	23.052	10.7576471378328	0	FALSE
PRG1	clec-45	27.868	2.51355823147347	0	FALSE
PRG1	clec-47	28.826	1.67822962807103	0	FALSE
PRG1	clec-48	25.324	5.69347191837826	0	FALSE
PRG1	clec-49	21.76	17.1585381381732	0	FALSE
PRG1	clec-5	24.092	18.5570662059311	0	FALSE
PRG1	clec-50	23.858	8.27522176396636	0	FALSE
PRG1	clec-51	10.456	8.52946435507839	0	FALSE
PRG1	clec-52	23.516	13.5184147209283	0	FALSE
PRG1	clec-53	4.406	5.28780494541025	2	FALSE
PRG1	clec-54	17.388	3.47129781641389	0	FALSE
PRG1	clec-55	25.618	5.10586855551823	0	FALSE
PRG1	clec-56	26.468	6.34494800621637	0	FALSE
PRG1	clec-57	23.926	10.2071254435369	0	FALSE
PRG1	clec-58	28.728	2.59187499659239	0	FALSE
PRG1	clec-59	27.044	7.10062952331727	0	FALSE
PRG1	clec-6	25.726	7.03195670724268	0	FALSE
PRG1	clec-60	24.93	13.2781758336525	0	FALSE
PRG1	clec-61	26.918	4.30661293748639	0	FALSE
PRG1	clec-62	26.408	3.46008622017536	0	FALSE
PRG1	clec-63	27.502	6.1897794057967	0	FALSE
PRG1	clec-64	27.392	6.62948593685802	0	FALSE
PRG1	clec-65	28.5	1.41072705213857	0	FALSE
PRG1	clec-66	26.196	7.53845398046526	0	FALSE
PRG1	clec-67	25.548	17.1683866873895	0	FALSE
PRG1	clec-68	6	7.25239424067819	0	FALSE
PRG1	clec-7	23.41	13.8491686247384	0	FALSE
PRG1	clec-70	24.986	7.28773955557645	0	FALSE
PRG1	clec-71	26.754	5.24962873209323	0	FALSE
PRG1	clec-72	27.04	2.15340237194493	0	FALSE
PRG1	clec-73	25.992	9.21890661381286	0	FALSE
PRG1	clec-74	25.034	6.45908083110123	0	FALSE
PRG1	clec-75	23.338	16.1297817847777	0	FALSE
PRG1	clec-76	23.612	5.33957946667556	0	FALSE
PRG1	clec-79	25.852	4.30736268794243	0	FALSE
PRG1	clec-8	11.828	4.04776171362396	0	FALSE
PRG1	clec-80	26.996	1.60497185368604	0	FALSE
PRG1	clec-82	26.904	8.48836493213359	0	FALSE
PRG1	clec-83	16.94	0.92210739975285	0	FALSE
PRG1	clec-84	25.676	2.54835814460026	0	FALSE
PRG1	clec-85	18.966	1.26190237702428	0	FALSE
PRG1	clec-86	10.846	85.8607626964262	0	FALSE
PRG1	clec-87	10.558	5.450182551574	0	FALSE
PRG1	clec-88	24.45	8.11281234105127	0	FALSE
PRG1	clec-89	28.448	2.36491279435643	0	FALSE
PRG1	clec-9	20.776	2.85133543673066	0	FALSE
PRG1	clec-90	15.602	5.22622490389041	0	FALSE
PRG1	clec-91	16.704	0.601048869636549	0	FALSE
PRG1	clec-92	27.512	3.98794899431431	0	FALSE
PRG1	clec-93	25.368	7.37530614976028	0	FALSE
PRG1	clec-94	27.98	4.26196347195156	0	FALSE
PRG1	clec-95	22.786	15.0456030873949	0	FALSE
PRG1	clec-96	27.718	5.65622137315592	0	FALSE
PRG1	clec-97	24.422	1.30818097989001	0	FALSE
PRG1	clec-98	25.69	5.89032710329117	0	FALSE
PRG1	clec-99	22.94	7.92589214909929	0	FALSE
PRG1	clh-1	6.622	4.38636581408016	0	FALSE
PRG1	clh-2	23.692	8.69611666812088	0	FALSE
PRG1	clh-3	20.008	37.2816421438208	0	FALSE
PRG1	clh-4	25.794	10.9448183493655	0	FALSE
PRG1	clh-5	25.816	2.0195738568426	0	FALSE
PRG1	clh-6	14.364	29.4157524995365	0	FALSE
PRG1	clhm-1	26.488	9.73269890031488	0	FALSE
PRG1	clic-1	19	4.60308219033394	0	FALSE
PRG1	clik-1	15.46	25.2339359134374	0	FALSE
PRG1	clik-2	14.038	16.4723953730933	0	FALSE
PRG1	clik-3	10.494	6.13235497532749	0	FALSE
PRG1	clip-1	12.678	5.55714866575819	0	FALSE
PRG1	clk-1	25.092	8.29013650349639	0	FALSE
PRG1	clk-2	21.954	15.8412633941022	0	FALSE
PRG1	cln-3.1	25.742	8.04571405540122	0	FALSE
PRG1	cln-3.2	22.634	4.27493942350093	0	FALSE
PRG1	cln-3.3	26.39	5.68378173234801	0	FALSE
PRG1	clp-1	27.568	5.17265632694295	0	FALSE
PRG1	clp-10	26.042	2.28249469237646	0	FALSE
PRG1	clp-2	27.748	5.92604893287755	0	FALSE
PRG1	clp-3	22.154	5.12999462904376	0	FALSE
PRG1	clp-4	16.6	4.16556573252299	0	FALSE
PRG1	clp-6	27.494	4.18182929804288	0	FALSE
PRG1	clp-7	16.336	10.7325963021498	1	TRUE
PRG1	clp-8	14.802	4.95148508474746	0	FALSE
PRG1	clp-9	21.07	7.55060127341988	0	FALSE
PRG1	clpf-1	25.698	6.19797444942606	0	FALSE
PRG1	clpp-1	26.116	9.88195436731188	0	FALSE
PRG1	clpr-1	27.338	8.56589756307278	0	FALSE
PRG1	clpr-2	25.91	11.6195081250597	0	FALSE
PRG1	clpr-3	28.832	2.90985573711184	0	FALSE
PRG1	clr-1	26.546	4.79766976488046	0	FALSE
PRG1	cls-1	16.202	15.7469886782201	1	TRUE
PRG1	cls-2	20.848	6.22493773514458	1	TRUE
PRG1	cls-3	19.05	26.2070303598776	1	TRUE
PRG1	clsp-1	13.616	2.73154679988895	0	FALSE
PRG1	clu-1	24.996	11.197312102721	0	FALSE
PRG1	clx-1	18.304	10.5743604398583	0	FALSE
PRG1	cmd-1	18.538	31.5373259473381	0	FALSE
PRG1	cmk-1	27.676	7.23138112303394	0	FALSE
PRG1	cmt-1	25.812	12.1835439711678	0	FALSE
PRG1	cmtr-2	23.546	9.67695919137618	0	FALSE
PRG1	cnb-1	17.458	2.65270396626237	0	FALSE
PRG1	cnc-1	15.842	5.1790769969471	0	FALSE
PRG1	cnc-10	14.118	2.58093341297191	0	FALSE
PRG1	cnc-11	15.664	6.0981359700578	0	FALSE
PRG1	cnc-2	14.218	9.32168065690836	0	FALSE
PRG1	cnc-3	14.908	11.1199392111136	0	FALSE
PRG1	cnc-4	17.112	9.27585228816982	0	FALSE
PRG1	cnc-5	15.214	3.59910179739714	0	FALSE
PRG1	cnc-6	16.238	7.78317204155361	0	FALSE
PRG1	cnc-7	19.016	6.71025010359258	0	FALSE
PRG1	cnc-8	21.938	2.62040843099085	0	FALSE
PRG1	cnc-9	16.12	5.36824563439399	0	FALSE
PRG1	cnd-1	19.612	3.00196016074451	0	FALSE
PRG1	cnep-1	14.956	1.66325828732133	0	FALSE
PRG1	cng-1	27.488	7.81386675904844	0	FALSE
PRG1	cng-2	14.956	13.2845627061033	0	FALSE
PRG1	cng-3	24.21	5.83384505648702	0	FALSE
PRG1	cni-1	25.028	8.57221245025157	0	FALSE
PRG1	cnk-1	22.552	3.59927312701108	0	FALSE
PRG1	cnnm-1	20.622	4.88198107241424	0	FALSE
PRG1	cnnm-2	28.642	7.40679662591269	0	FALSE
PRG1	cnnm-3	19.898	2.24117211534588	0	FALSE
PRG1	cnnm-4	27.22	1.86187990277936	0	FALSE
PRG1	cnnm-5	5.144	4.03025240362133	0	FALSE
PRG1	cnp-2	15.948	15.024683180184	0	FALSE
PRG1	cnp-3	21.196	1.66821954356891	0	FALSE
PRG1	cnt-1	25.33	11.5832671976475	1	TRUE
PRG1	cnt-2	8.91	81.9086190892824	0	FALSE
PRG1	cnx-1	5.344	6.32030893191154	0	FALSE
PRG1	coa-1	22.15	8.97574383525194	0	FALSE
PRG1	coa-3	17.168	19.7364319152311	0	FALSE
PRG1	coa-4	10.174	3.94177469992947	0	FALSE
PRG1	coa-5	23.152	5.639631817288	0	FALSE
PRG1	coa-6	27.412	4.02710939849347	0	FALSE
PRG1	coa-7	21.916	16.2302034403231	0	FALSE
PRG1	coel-1	23.33	14.853621561004	0	FALSE
PRG1	cof-2	13.68	5.88711303850903	0	FALSE
PRG1	cog-1	19.3	5.78004762747284	0	FALSE
PRG1	cogc-1	28.852	1.78343984059094	0	FALSE
PRG1	cogc-2	28.306	4.38913597125861	0	FALSE
PRG1	cogc-3	26.736	5.06580211290001	1	TRUE
PRG1	cogc-4	19.544	45.9740016091878	0	FALSE
PRG1	cogc-5	26.854	4.09593626483359	1	TRUE
PRG1	cogc-6	25.462	10.3629384071203	0	FALSE
PRG1	cogc-8	13.612	26.9039124630882	0	FALSE
PRG1	coh-1	17.274	1.63616128766373	0	FALSE
PRG1	coh-3	16.146	5.43557217649605	0	FALSE
PRG1	coh-4	12.96	4.95241752850256	0	FALSE
PRG1	col-10	21.466	4.81054951121162	0	FALSE
PRG1	col-101	15.334	2.24190153278053	0	FALSE
PRG1	col-102	16.456	2.77464816239689	0	FALSE
PRG1	col-103	11.208	2.42578807536994	0	FALSE
PRG1	col-104	20.098	5.4229002403537	0	FALSE
PRG1	col-105	12.856	2.00783972687188	0	FALSE
PRG1	col-106	10.144	3.33909869811212	0	FALSE
PRG1	col-107	17.68	14.5592344374855	0	FALSE
PRG1	col-108	13.314	5.72618610086598	0	FALSE
PRG1	col-109	9.564	3.0255266182509	0	FALSE
PRG1	col-110	15.534	7.32526053502528	0	FALSE
PRG1	col-111	9.024	5.33908148445555	0	FALSE
PRG1	col-113	19.726	21.2549895299638	0	FALSE
PRG1	col-114	19.694	7.30063213765685	0	FALSE
PRG1	col-115	13.53	20.7411579799443	0	FALSE
PRG1	col-116	16.578	4.2150029742888	0	FALSE
PRG1	col-117	19.656	15.1558817351556	0	FALSE
PRG1	col-118	24.138	10.023990697272	0	FALSE
PRG1	col-119	16.468	4.36227910019084	0	FALSE
PRG1	col-12	15.744	21.7436578157384	0	FALSE
PRG1	col-120	14.504	11.8981760031065	0	FALSE
PRG1	col-121	11.904	1.5010893408553	0	FALSE
PRG1	col-122	15.988	8.55217788658528	0	FALSE
PRG1	col-123	19.488	5.95971958575472	0	FALSE
PRG1	col-124	18.814	19.1874928375686	0	FALSE
PRG1	col-125	21.64	8.86083795012961	0	FALSE
PRG1	col-127	22.164	15.7752386182344	0	FALSE
PRG1	col-128	21.762	9.99759629703369	0	FALSE
PRG1	col-129	20.32	13.7270513717943	0	FALSE
PRG1	col-13	16.872	19.7830380618262	0	FALSE
PRG1	col-130	14.092	3.54363896252567	0	FALSE
PRG1	col-131	3.064	4.58431848548783	2	FALSE
PRG1	col-132	20.046	7.03979882550655	0	FALSE
PRG1	col-133	22.888	15.288091862085	0	FALSE
PRG1	col-135	22.042	6.55165432510034	0	FALSE
PRG1	col-137	14.064	6.08082748251822	0	FALSE
PRG1	col-138	13.764	6.49863347312909	0	FALSE
PRG1	col-139	10.164	7.67401790025399	0	FALSE
PRG1	col-14	18.864	16.4760538194349	0	FALSE
PRG1	col-140	21.704	21.2438371260629	0	FALSE
PRG1	col-141	16.604	13.6086861317231	0	FALSE
PRG1	col-142	12.712	4.14599510694781	0	FALSE
PRG1	col-143	14.214	7.01252110870435	0	FALSE
PRG1	col-144	22.304	3.07824242635131	0	FALSE
PRG1	col-145	23.33	8.54049906394321	0	FALSE
PRG1	col-146	9.772	1.87914513813148	0	FALSE
PRG1	col-147	15.644	5.67372719206257	0	FALSE
PRG1	col-148	21.824	3.77080210774403	0	FALSE
PRG1	col-149	23.292	5.38716668804655	0	FALSE
PRG1	col-150	22.728	7.23809603308528	0	FALSE
PRG1	col-151	18.558	13.6189449632518	0	FALSE
PRG1	col-152	16.64	43.9008059676356	0	FALSE
PRG1	col-153	23.576	6.86861870893374	0	FALSE
PRG1	col-154	19.704	20.6158131860943	0	FALSE
PRG1	col-155	12.976	9.50244221110647	0	FALSE
PRG1	col-156	14.14	22.5052873646112	0	FALSE
PRG1	col-157	17.482	25.2499768158326	0	FALSE
PRG1	col-158	11.148	51.8863932270582	0	FALSE
PRG1	col-159	13.334	4.58355337607434	0	FALSE
PRG1	col-160	16.774	10.9994157919512	0	FALSE
PRG1	col-161	16.26	3.07164635403931	0	FALSE
PRG1	col-162	13.562	16.0237980160851	0	FALSE
PRG1	col-163	6.168	9.32082828148356	0	FALSE
PRG1	col-164	21.476	12.1407224715302	0	FALSE
PRG1	col-165	10.048	13.079402855267	0	FALSE
PRG1	col-166	15.256	17.6292145192907	0	FALSE
PRG1	col-167	15.966	8.66066472061852	0	FALSE
PRG1	col-168	14.758	5.49260431147089	0	FALSE
PRG1	col-169	13.894	6.68184053737456	0	FALSE
PRG1	col-17	19.512	6.54547501030887	0	FALSE
PRG1	col-170	11.818	6.87153141394981	0	FALSE
PRG1	col-171	18.758	4.22255526370095	0	FALSE
PRG1	col-172	11.062	8.5973266761039	0	FALSE
PRG1	col-173	20.536	6.32065648310129	0	FALSE
PRG1	col-174	18.174	16.1378213686408	0	FALSE
PRG1	col-175	13.856	6.23006704665451	0	FALSE
PRG1	col-176	22.952	9.26787395064909	0	FALSE
PRG1	col-177	20.482	5.19749804108658	0	FALSE
PRG1	col-178	15.534	17.5587003621939	0	FALSE
PRG1	col-179	14.828	7.53419566420248	0	FALSE
PRG1	col-180	13.662	2.35617483368191	0	FALSE
PRG1	col-181	14.596	7.30264449833234	0	FALSE
PRG1	col-183	22.308	4.6480183574959	0	FALSE
PRG1	col-184	13.142	17.737204233801	0	FALSE
PRG1	col-185	15.036	6.77435598355629	0	FALSE
PRG1	col-186	18.208	5.48390206663521	0	FALSE
PRG1	col-187	19.034	27.3429026875128	0	FALSE
PRG1	col-19	23.82	7.08574325340817	0	FALSE
PRG1	col-2	21.12	3.63736841981461	0	FALSE
PRG1	col-20	15.996	4.85968047006227	0	FALSE
PRG1	col-33	13.694	26.2980425608272	0	FALSE
PRG1	col-34	16.112	16.0922436032545	0	FALSE
PRG1	col-35	9.062	10.4648514550939	0	FALSE
PRG1	col-36	19.232	10.6077289406452	0	FALSE
PRG1	col-37	17.516	27.303383556274	0	FALSE
PRG1	col-38	17.342	2.2419897598507	0	FALSE
PRG1	col-39	15.866	2.51898624415055	0	FALSE
PRG1	col-40	18.206	13.1061266770484	0	FALSE
PRG1	col-41	21.804	7.3313351655187	0	FALSE
PRG1	col-42	15.12	1.04885922798636	0	FALSE
PRG1	col-43	21.822	11.0800359261326	0	FALSE
PRG1	col-44	21.09	5.62302648419027	0	FALSE
PRG1	col-45	15.35	23.4776379182963	0	FALSE
PRG1	col-46	12.93	2.48089944815861	0	FALSE
PRG1	col-47	14.812	15.5033767444573	0	FALSE
PRG1	col-48	14.342	4.00037224626318	0	FALSE
PRG1	col-49	22.954	14.5756545364354	0	FALSE
PRG1	col-50	16.006	9.09743406167531	0	FALSE
PRG1	col-51	16.48	4.16440775164405	0	FALSE
PRG1	col-52	21.928	10.3407244495088	0	FALSE
PRG1	col-53	9.284	4.88139489895262	0	FALSE
PRG1	col-54	21.566	8.69090788997516	0	FALSE
PRG1	col-55	15.158	24.937475172883	0	FALSE
PRG1	col-56	13.478	2.54565575702552	0	FALSE
PRG1	col-58	16.814	7.07751043758331	0	FALSE
PRG1	col-60	17.404	5.9002457249481	0	FALSE
PRG1	col-61	19.624	2.16034320855355	0	FALSE
PRG1	col-62	16.168	6.27690340532386	0	FALSE
PRG1	col-63	16.758	13.4830197784453	0	FALSE
PRG1	col-64	14.228	36.3923057113375	0	FALSE
PRG1	col-65	17.342	4.90400657687064	0	FALSE
PRG1	col-68	16.866	20.9471670399313	0	FALSE
PRG1	col-69	20.634	6.21409726828152	0	FALSE
PRG1	col-7	20.206	13.7314086652984	0	FALSE
PRG1	col-71	17.11	15.9464267478939	0	FALSE
PRG1	col-72	21.042	2.86179724013654	0	FALSE
PRG1	col-73	20.124	7.76519375378772	0	FALSE
PRG1	col-74	16.38	10.8950842758032	0	FALSE
PRG1	col-75	22.508	6.55562723878884	0	FALSE
PRG1	col-76	6.564	55.9034120343604	0	FALSE
PRG1	col-77	15.666	2.97133276013517	0	FALSE
PRG1	col-78	18.328	8.67725819494463	0	FALSE
PRG1	col-79	15.378	1.02344179062347	0	FALSE
PRG1	col-8	22.96	9.63897505808852	0	FALSE
PRG1	col-80	15.698	9.79861921759929	0	FALSE
PRG1	col-81	12.46	3.0391807750821	0	FALSE
PRG1	col-83	15.558	21.0281185004299	0	FALSE
PRG1	col-84	20.924	14.2006056056412	0	FALSE
PRG1	col-85	16.92	9.43296479355391	0	FALSE
PRG1	col-86	18.18	16.4533580126018	0	FALSE
PRG1	col-87	22.036	5.69794635335875	0	FALSE
PRG1	col-88	11.222	29.8826109938277	0	FALSE
PRG1	col-89	23.184	14.7881957245246	0	FALSE
PRG1	col-9	18.008	9.13524248333864	0	FALSE
PRG1	col-90	18.618	2.43674880056254	0	FALSE
PRG1	col-91	20.7	11.9872488594767	0	FALSE
PRG1	col-92	17.16	25.8430337243072	0	FALSE
PRG1	col-93	22.632	16.2192096797528	0	FALSE
PRG1	col-94	16.84	20.273597463838	0	FALSE
PRG1	col-95	24.03	9.44537932960449	0	FALSE
PRG1	col-96	16.59	6.14813435745386	0	FALSE
PRG1	col-97	11.128	1.05642070522542	0	FALSE
PRG1	col-98	21.9	5.58040563070374	0	FALSE
PRG1	col-99	16.348	3.03341825522289	0	FALSE
PRG1	com-1	18.956	1.63178855701044	0	FALSE
PRG1	comp-1	22.824	15.2921332516013	0	FALSE
PRG1	comt-1	22.978	4.10939298952562	0	FALSE
PRG1	comt-2	26.414	9.44465209371888	0	FALSE
PRG1	comt-3	27.192	7.23961439523994	0	FALSE
PRG1	comt-4	27.732	4.95783668541897	0	FALSE
PRG1	comt-5	26.394	7.85963104080509	0	FALSE
PRG1	copa-1	27.814	4.69890873339381	0	FALSE
PRG1	copb-1	25.188	6.08944332299461	0	FALSE
PRG1	copb-2	18.198	8.30292657465245	0	FALSE
PRG1	copd-1	25.26	5.74609967295602	0	FALSE
PRG1	cope-1	18.398	1.58159092859295	0	FALSE
PRG1	copg-1	28.836	3.576769006517	0	FALSE
PRG1	copz-1	23.478	4.65010174348958	0	FALSE
PRG1	coq-1	24.894	9.12439489166063	0	FALSE
PRG1	coq-2	16.884	2.26293112650078	0	FALSE
PRG1	coq-3	27.15	3.26834483263043	1	TRUE
PRG1	coq-4	25.088	15.8155459926492	0	FALSE
PRG1	coq-5	23.252	16.1349372813144	0	FALSE
PRG1	coq-6	23.548	8.77882319863863	0	FALSE
PRG1	coq-8	7.416	7.39651153828536	0	FALSE
PRG1	cor-1	21.672	6.15456731561821	1	TRUE
PRG1	cosa-1	28.534	6.78876459308001	0	FALSE
PRG1	cox-10	6.838	7.17135720500913	0	FALSE
PRG1	cox-11	17.69	20.1516573578468	0	FALSE
PRG1	cox-14	23.664	3.22724376810309	0	FALSE
PRG1	cox-15	28.574	1.92937099201048	0	FALSE
PRG1	cox-16	24.6	7.11608558616797	0	FALSE
PRG1	cox-17	10.602	3.30691837949476	0	FALSE
PRG1	cox-18	26.14	3.32680320025365	0	FALSE
PRG1	cox-19	27.572	3.82186522418777	0	FALSE
PRG1	cox-4	27.568	3.75469456838325	0	FALSE
PRG1	cox-5A	25.87	6.38816827744827	0	FALSE
PRG1	cox-5b	9.606	4.42499168183838	0	FALSE
PRG1	cox-6A	23.87	9.96490805007311	0	FALSE
PRG1	cox-6b	15.302	1.07123717514805	0	FALSE
PRG1	cox-6c	21.21	17.605909655482	0	FALSE
PRG1	cox-7c	22.104	6.53634682852877	0	FALSE
PRG1	cpar-1	23.25	7.7541719308523	0	FALSE
PRG1	cpb-1	17.082	4.61666693701769	0	FALSE
PRG1	cpb-2	22.02	10.5525995565997	0	FALSE
PRG1	cpb-3	21.446	11.9427213920196	0	FALSE
PRG1	cpd-1	22.74	11.5993749334963	0	FALSE
PRG1	cpd-2	23.804	3.109090205954	0	FALSE
PRG1	cpf-1	25.32	10.6964049904714	0	FALSE
PRG1	cpf-2	22.396	19.1488979279618	1	TRUE
PRG1	cpg-1	15.158	4.07783422411029	0	FALSE
PRG1	cpg-18	15.43	3.24917811020223	0	FALSE
PRG1	cpg-19	7.982	2.40397622720191	0	FALSE
PRG1	cpg-2	15.176	3.42284945925919	0	FALSE
PRG1	cpg-20	19.348	8.66777981615196	0	FALSE
PRG1	cpg-22	14.388	5.06304560384954	0	FALSE
PRG1	cpg-23	23.752	8.02103469846061	0	FALSE
PRG1	cpg-24	9.836	9.88910268810584	0	FALSE
PRG1	cpg-3	18.71	4.01264711499125	0	FALSE
PRG1	cpg-4	24.144	9.59832183044332	0	FALSE
PRG1	cpg-7	17.396	4.08455440018329	0	FALSE
PRG1	cpg-8	15.932	18.664083839182	0	FALSE
PRG1	cpg-9	15.446	5.02959946146419	0	FALSE
PRG1	cpi-1	26.504	5.95871307009512	0	FALSE
PRG1	cpi-2	27.374	6.23614490450307	0	FALSE
PRG1	cpin-1	26.796	6.10879133599086	0	FALSE
PRG1	cpl-1	27.192	3.50135032686852	0	FALSE
PRG1	cpn-1	12.328	11.1777654134069	1	TRUE
PRG1	cpn-2	22.258	13.9508687867649	0	FALSE
PRG1	cpn-3	22.25	22.378998938417	0	FALSE
PRG1	cpn-4	23.278	17.1882618920247	0	FALSE
PRG1	cpna-1	13.216	14.9968893770417	1	TRUE
PRG1	cpna-3	26.85	0.843145729807952	0	FALSE
PRG1	cpna-4	24.586	6.18094844852579	0	FALSE
PRG1	cpna-5	20.084	34.9605828594483	0	FALSE
PRG1	cpr-1	22.412	2.14342879732003	0	FALSE
PRG1	cpr-2	24.188	11.4602177722272	0	FALSE
PRG1	cpr-3	26.996	2.72125188230536	0	FALSE
PRG1	cpr-4	24.544	13.5758675187939	0	FALSE
PRG1	cpr-5	24.704	9.08313792673896	0	FALSE
PRG1	cpr-6	26.858	6.8475764135984	0	FALSE
PRG1	cpr-8	24.894	7.90139106867751	0	FALSE
PRG1	cpr-9	28.29	4.47402398933807	0	FALSE
PRG1	cps-6	20.254	19.9880818514257	0	FALSE
PRG1	cpsf-1	28.186	15.5735847372209	0	FALSE
PRG1	cpsf-2	18.304	30.3395598840773	1	TRUE
PRG1	cpsf-3	29.838	1.58430905678085	0	FALSE
PRG1	cpsf-4	20.64	14.1278189164746	0	FALSE
PRG1	cpt-1	28.244	4.51507305208753	0	FALSE
PRG1	cpt-2	26.756	14.6837191313473	0	FALSE
PRG1	cpt-3	27.74	4.84037893918784	0	FALSE
PRG1	cpt-4	27.352	1.65643215821714	0	FALSE
PRG1	cpt-5	29.51	2.50441697280947	0	FALSE
PRG1	cpt-6	29.586	3.1519622233404	0	FALSE
PRG1	cpx-1	15.998	5.91226115050822	0	FALSE
PRG1	cpx-2	14.016	4.1591709293727	0	FALSE
PRG1	cpz-1	22.992	10.6866982954595	0	FALSE
PRG1	cpz-2	20.866	10.1305591529003	0	FALSE
PRG1	cra-1	28.834	3.09185110146441	0	FALSE
PRG1	crb-1	21.334	1.1388436402196	0	FALSE
PRG1	crb-3	13.01	1.37820300361576	0	FALSE
PRG1	crh-1	20.874	8.09623874540739	0	FALSE
PRG1	crh-2	17.674	5.66941820735489	0	FALSE
PRG1	cri-1	20.584	13.8178752220692	0	FALSE
PRG1	cri-3	20.648	1.92612321534688	0	FALSE
PRG1	crld-1	26.508	12.9947871711655	0	FALSE
PRG1	crls-1	25.93	14.3172598845163	0	FALSE
PRG1	crm-1	14.88	2.58321654486325	0	FALSE
PRG1	crml-1	20.384	12.3782307248583	0	FALSE
PRG1	crn-1	20.596	4.55152779301067	1	TRUE
PRG1	crn-2	24.094	1.9111278911539	0	FALSE
PRG1	crn-3	17.966	8.24779907374986	0	FALSE
PRG1	crn-4	27.784	7.29396844286075	0	FALSE
PRG1	crn-5	26.714	7.29789220811174	0	FALSE
PRG1	crn-6	23.872	3.0336922344668	0	FALSE
PRG1	crn-7	28.31	0.655623849991894	0	FALSE
PRG1	cror-1	29.37	2.86633713247137	0	FALSE
PRG1	cror-2	28.77	2.79346207999139	0	FALSE
PRG1	crp-1	20.718	2.97742558064868	0	FALSE
PRG1	crt-1	24.198	14.9381908465437	0	FALSE
PRG1	crtc-1	18.414	4.0129164100477	0	FALSE
PRG1	csa-1	27.024	5.17797606458058	0	FALSE
PRG1	csb-1	17.442	10.0145122858808	0	FALSE
PRG1	csc-1	5.23	10.1067497410344	0	FALSE
PRG1	csk-1	23.002	13.8046160216855	0	FALSE
PRG1	csn-1	21.03	2.58312446134875	0	FALSE
PRG1	csn-2	22.182	31.2911496230858	0	FALSE
PRG1	csn-3	25.474	10.9824334533195	1	TRUE
PRG1	csn-4	29.124	0.739060731825104	0	FALSE
PRG1	csn-5	19.602	8.866700500836	0	FALSE
PRG1	csn-6	18.342	8.46490702813164	0	FALSE
PRG1	csnk-1	12.52	46.326463861016	0	FALSE
PRG1	csp-1	22.434	8.37394663969917	0	FALSE
PRG1	csp-2	25.434	10.3090696387322	0	FALSE
PRG1	csp-3	25.124	8.77972181517655	0	FALSE
PRG1	csq-1	26.19	7.65866391053513	0	FALSE
PRG1	csr-1	24.842	13.8544011377306	0	FALSE
PRG1	cst-1	21.016	18.9379101923317	1	TRUE
PRG1	cst-2	18.85	19.8054621384264	0	FALSE
PRG1	ctb-1	28.478	1.50183115944363	0	FALSE
PRG1	ctbp-1	21.874	7.48385586329534	0	FALSE
PRG1	ctc-1	29.81	0.710822546139452	0	FALSE
PRG1	ctc-2	27.686	1.16777792310907	0	FALSE
PRG1	ctc-3	29.652	4.3004009596394	0	FALSE
PRG1	ctf-18	22.8	5.36765775447352	1	TRUE
PRG1	ctf-4	17.698	2.30677123362163	1	TRUE
PRG1	ctf-8	22.098	7.94678642294216	0	FALSE
PRG1	ctg-1	27.626	2.38831326590724	0	FALSE
PRG1	ctg-2	24.066	12.5906713050149	0	FALSE
PRG1	cth-1	29.394	2.19960670681755	0	FALSE
PRG1	cth-2	28.564	4.16862718417425	0	FALSE
PRG1	cthd-1	19.446	9.17696783585833	0	FALSE
PRG1	ctl-1	27.79	6.84848752296631	0	FALSE
PRG1	ctl-2	29.418	1.26218130761735	0	FALSE
PRG1	ctl-3	28.88	4.56591294511826	0	FALSE
PRG1	ctn-1	25.79	5.83253492248884	0	FALSE
PRG1	ctnb-1	12.336	2.05124431398234	0	FALSE
PRG1	ctns-1	19.782	27.3188646104513	0	FALSE
PRG1	ctps-1	14.614	4.4461051014587	0	FALSE
PRG1	ctr-9	23.488	12.8749015572717	0	FALSE
PRG1	cts-1	29.144	1.75942562317665	0	FALSE
PRG1	ctsa-1.1	25.612	3.69513679594688	0	FALSE
PRG1	ctsa-1.2	26.574	6.00659420598854	0	FALSE
PRG1	ctsa-3.1	26.96	2.9034996104289	0	FALSE
PRG1	ctsa-3.2	28.76	1.69646619964784	0	FALSE
PRG1	ctsa-4.1	18.15	1.68066656117572	0	FALSE
PRG1	ctsa-4.2	25.222	2.1004796385452	0	FALSE
PRG1	cua-1	23.908	9.37967173117041	0	FALSE
PRG1	cuc-1	27.138	8.63429580728667	0	FALSE
PRG1	cul-1	23.93	5.05917666732874	0	FALSE
PRG1	cul-2	11.184	2.58418786225687	1	TRUE
PRG1	cul-3	28.198	3.01120477702052	0	FALSE
PRG1	cul-4	9.236	6.11406028292102	0	FALSE
PRG1	cul-5	24.808	14.6138591750239	0	FALSE
PRG1	cul-6	23.786	8.26998817549405	0	FALSE
PRG1	cup-14	20.774	8.02335770667138	0	FALSE
PRG1	cup-15	27.318	3.22250459061069	0	FALSE
PRG1	cup-16	11.364	10.8699855132178	0	FALSE
PRG1	cup-2	20.804	15.1317252913064	0	FALSE
PRG1	cup-4	5	2.55342906696074	0	FALSE
PRG1	cup-5	30.102	3.27329531848491	0	FALSE
PRG1	cus-2	12.416	3.09303518628011	0	FALSE
PRG1	cut-1	25.094	11.1158957494957	0	FALSE
PRG1	cut-2	15.736	9.01299043357854	0	FALSE
PRG1	cut-3	27.126	6.16531174343308	0	FALSE
PRG1	cut-4	21.666	6.44412482822803	0	FALSE
PRG1	cut-5	24.03	9.87206121485406	0	FALSE
PRG1	cut-6	24.926	4.08902391718005	0	FALSE
PRG1	cutc-1	27.736	3.84570331193473	0	FALSE
PRG1	cuti-1	17.174	2.70416681471061	0	FALSE
PRG1	cutl-1	25.888	8.38850783809313	0	FALSE
PRG1	cutl-10	25.08	2.97270129853893	0	FALSE
PRG1	cutl-11	25.224	7.4088345648804	0	FALSE
PRG1	cutl-12	20.116	5.12133981267226	0	FALSE
PRG1	cutl-13	20.758	4.81156306479106	0	FALSE
PRG1	cutl-14	25.076	12.3421277457066	0	FALSE
PRG1	cutl-15	21.826	1.95477750961031	0	FALSE
PRG1	cutl-16	16.21	7.00490738162136	0	FALSE
PRG1	cutl-17	21.868	7.07354099182024	0	FALSE
PRG1	cutl-18	27.56	0.800317307696398	0	FALSE
PRG1	cutl-19	28.842	2.29376022191862	0	FALSE
PRG1	cutl-2	24	15.1077438292788	0	FALSE
PRG1	cutl-20	25.334	3.2508785095824	0	FALSE
PRG1	cutl-21	14.396	48.5063510327065	0	FALSE
PRG1	cutl-22	20.854	21.1410027779085	0	FALSE
PRG1	cutl-23	27.482	1.17329085784034	0	FALSE
PRG1	cutl-24	8.012	3.03605646254829	0	FALSE
PRG1	cutl-25	27.988	4.71606337151934	0	FALSE
PRG1	cutl-26	19.284	11.9408214984277	0	FALSE
PRG1	cutl-27	17.456	15.2082189060935	0	FALSE
PRG1	cutl-28	27.156	4.73357393496971	0	FALSE
PRG1	cutl-29	17.756	31.7470705432191	0	FALSE
PRG1	cutl-3	23.974	13.1327308083475	0	FALSE
PRG1	cutl-4	21.244	17.3847713075566	0	FALSE
PRG1	cutl-5	15.81	6.25674629428971	0	FALSE
PRG1	cutl-6	10.504	12.4046922295003	0	FALSE
PRG1	cutl-7	12.556	3.06838277936718	0	FALSE
PRG1	cutl-8	17.496	7.09707632428752	0	FALSE
PRG1	cutl-9	24.258	9.06966023020879	0	FALSE
PRG1	cux-7	26.256	6.65450312905082	0	FALSE
PRG1	cwc-15	14.02	4.11629702682669	0	FALSE
PRG1	cwf-19L2	14.4	45.5929883048011	0	FALSE
PRG1	cwn-1	14.654	2.90908978997689	0	FALSE
PRG1	cwn-2	17.822	2.04876059810947	0	FALSE
PRG1	cwp-1	18.938	14.3255980275317	0	FALSE
PRG1	cwp-2	8.042	5.9462138906924	0	FALSE
PRG1	cwp-3	16.738	33.6363136634179	0	FALSE
PRG1	cwp-4	12.948	1.42764358652504	0	FALSE
PRG1	cwp-5	11.198	6.96764728913926	0	FALSE
PRG1	cya-1	15.68	8.64599301892011	0	FALSE
PRG1	cya-2	26.876	4.24574788240316	0	FALSE
PRG1	cyb-1	25.262	10.5099647962456	0	FALSE
PRG1	cyb-2.1	28.688	2.50035030295351	0	FALSE
PRG1	cyb-2.2	28.996	3.02357380760438	0	FALSE
PRG1	cyb-3	27.164	4.31743218318114	0	FALSE
PRG1	cyc-1	29.05	3.58276408579944	0	FALSE
PRG1	cyc-2.1	25.8	2.35988906044787	0	FALSE
PRG1	cyc-2.2	27.546	5.80469818995408	0	FALSE
PRG1	cyd-1	25.092	8.56477849229261	0	FALSE
PRG1	cye-1	19.498	4.10192698433803	0	FALSE
PRG1	cyh-1	27.714	9.40764986807695	0	FALSE
PRG1	cyk-1	3.204	3.6438074588505	2	FALSE
PRG1	cyk-3	28.722	2.04284262895034	1	TRUE
PRG1	cyk-4	17.838	3.38279832938982	1	TRUE
PRG1	cyk-7	25.322	2.68735672036682	1	TRUE
PRG1	cyl-1	26.896	5.26567380518933	0	FALSE
PRG1	cylc-1	20.838	10.4219239662567	0	FALSE
PRG1	cylc-2	21.19	1.84200274292343	0	FALSE
PRG1	cyld-1	16.13	5.24720782112643	0	FALSE
PRG1	cyn-1	28.66	3.1316272607401	0	FALSE
PRG1	cyn-10	20.712	7.18752715289831	0	FALSE
PRG1	cyn-11	27.4	4.34160866193047	0	FALSE
PRG1	cyn-12	22.478	4.59114717507645	0	FALSE
PRG1	cyn-13	19.602	2.93667718375467	0	FALSE
PRG1	cyn-15	21.21	28.4208754538458	0	FALSE
PRG1	cyn-16	6.234	1.60250160330346	0	FALSE
PRG1	cyn-17	19.928	10.8440954301188	0	FALSE
PRG1	cyn-2	5.62	2.21170870011673	0	FALSE
PRG1	cyn-3	28.09	6.13744022977142	0	FALSE
PRG1	cyn-4	21.348	4.40862632337906	1	TRUE
PRG1	cyn-5	19.024	3.31839952330592	0	FALSE
PRG1	cyn-6	6.914	4.34937536428978	0	FALSE
PRG1	cyn-7	28.294	0.935293064622473	0	FALSE
PRG1	cyn-8	23.072	5.41230648468697	0	FALSE
PRG1	cyn-9	5.296	5.139282729971	0	FALSE
PRG1	cyp-13A1	27.082	1.74025583516628	0	FALSE
PRG1	cyp-13A10	28.828	2.93660206058626	0	FALSE
PRG1	cyp-13A2	26.93	6.47244327068028	0	FALSE
PRG1	cyp-13A3	25.86	13.0893854037284	0	FALSE
PRG1	cyp-13A4	28.394	2.74780414800439	0	FALSE
PRG1	cyp-13A5	28.75	1.64124531998665	0	FALSE
PRG1	cyp-13A6	28.016	6.25802546280564	0	FALSE
PRG1	cyp-13A7	28.888	0.820051931311883	0	FALSE
PRG1	cyp-13A8	27.876	11.8064262096126	0	FALSE
PRG1	cyp-13B1	28.95	2.14148420071866	0	FALSE
PRG1	cyp-13a11	27.55	6.99104243484776	0	FALSE
PRG1	cyp-13a12	28.564	0.778352421427163	0	FALSE
PRG1	cyp-13b2	27.802	5.15045237457065	0	FALSE
PRG1	cyp-14a1	28.778	1.93151261164392	0	FALSE
PRG1	cyp-14a2	28.26	3.34493183639107	0	FALSE
PRG1	cyp-14a3	26.392	8.39564078473487	0	FALSE
PRG1	cyp-14a4	28.628	3.13020061497427	0	FALSE
PRG1	cyp-14a5	28.782	1.95346222632578	0	FALSE
PRG1	cyp-23a1	23.802	22.0087300234246	0	FALSE
PRG1	cyp-25a1	18.908	1.66339909251606	0	FALSE
PRG1	cyp-25a2	27.766	3.16674390621451	0	FALSE
PRG1	cyp-25a3	14.784	2.17430898651343	0	FALSE
PRG1	cyp-25a4	29.636	2.15658118854195	0	FALSE
PRG1	cyp-25a6	17.12	8.28822002788748	0	FALSE
PRG1	cyp-29a2	26.598	5.80078722391795	0	FALSE
PRG1	cyp-29a3	22.736	1.37920543214301	0	FALSE
PRG1	cyp-29a4	24.23	7.28070370926549	0	FALSE
PRG1	cyp-31a2	19.848	2.60811259765735	0	FALSE
PRG1	cyp-31a3	22.786	2.11490599386117	0	FALSE
PRG1	cyp-31a5	24.372	12.2176900443159	0	FALSE
PRG1	cyp-32a1	28.782	1.86963062897145	0	FALSE
PRG1	cyp-32b1	3.73	5.79051235025608	2	FALSE
PRG1	cyp-33a1	10.062	9.22354673990586	0	FALSE
PRG1	cyp-33b1	22.672	5.4523257111847	0	FALSE
PRG1	cyp-33c1	24.786	4.7753122250646	0	FALSE
PRG1	cyp-33c11	28.52	3.81455414423257	0	FALSE
PRG1	cyp-33c12	21.668	6.28454028268579	0	FALSE
PRG1	cyp-33c2	28.176	4.08438778045133	0	FALSE
PRG1	cyp-33c3	24.624	3.49472274126039	0	FALSE
PRG1	cyp-33c4	28.422	3.05639528147109	0	FALSE
PRG1	cyp-33c5	27.032	6.38716165850569	0	FALSE
PRG1	cyp-33c6	22.318	6.93069924476533	0	FALSE
PRG1	cyp-33c7	15.286	2.28902254160802	0	FALSE
PRG1	cyp-33c8	11.95	2.73730999728805	0	FALSE
PRG1	cyp-33c9	23.976	1.84051644402525	0	FALSE
PRG1	cyp-33d1	28.584	4.25337145909372	0	FALSE
PRG1	cyp-33d3	25.446	6.73048147285283	0	FALSE
PRG1	cyp-33e1	25.37	4.44403973787475	0	FALSE
PRG1	cyp-33e2	27.128	3.54983971988595	0	FALSE
PRG1	cyp-33e3	21.272	2.59332486018192	0	FALSE
PRG1	cyp-34a1	28.434	2.43018666529725	0	FALSE
PRG1	cyp-34a10	29.362	1.46297225079103	0	FALSE
PRG1	cyp-34a2	27.668	2.26122479663175	0	FALSE
PRG1	cyp-34a5	28.542	3.98976278982088	0	FALSE
PRG1	cyp-34a6	28.074	4.02181270673556	0	FALSE
PRG1	cyp-34a7	29.05	1.8892148342874	0	FALSE
PRG1	cyp-34a8	28.724	5.57507233189394	0	FALSE
PRG1	cyp-34a9	28.488	2.24702611177431	0	FALSE
PRG1	cyp-35a1	28.618	2.489725519105	0	FALSE
PRG1	cyp-35a2	28.826	2.33753376363635	0	FALSE
PRG1	cyp-35a3	25.724	3.31567556046254	0	FALSE
PRG1	cyp-35a4	26.9	4.90994902188052	0	FALSE
PRG1	cyp-35a5	28.462	3.08238487680814	0	FALSE
PRG1	cyp-35b1	27.578	4.86566537146749	0	FALSE
PRG1	cyp-35b2	28.734	3.21787515836863	0	FALSE
PRG1	cyp-35b3	28.906	2.69069556596998	0	FALSE
PRG1	cyp-35c1	29.268	1.79521538403827	0	FALSE
PRG1	cyp-35d1	28.814	1.39094442398524	0	FALSE
PRG1	cyp-36A1	28.968	1.25643566681179	0	FALSE
PRG1	cyp-37a1	28.376	4.09225820020217	0	FALSE
PRG1	cyp-37b1	27.6	6.04307205043621	0	FALSE
PRG1	cyp-42a1	24.906	5.07450097657825	0	FALSE
PRG1	cyp-43a1	28.4	5.68381193491532	0	FALSE
PRG1	cyp-44A1	25.972	5.27437743280553	0	FALSE
PRG1	cysl-1	13.278	5.25636259592115	0	FALSE
PRG1	cysl-2	28.162	3.52731686296867	0	FALSE
PRG1	cysl-3	27.016	10.9683623906194	0	FALSE
PRG1	cysl-4	27.84	5.28493510280159	0	FALSE
PRG1	cytb-5.1	21.498	13.9793949920546	0	FALSE
PRG1	cytb-5.2	19.746	23.9362136770261	0	FALSE
PRG1	cyts-1	11.736	9.10142509219597	0	FALSE
PRG1	cyy-1	22.514	15.2622186691185	0	FALSE
PRG1	czw-1	28.204	3.65322049352265	0	FALSE
PRG1	daam-1	13.224	5.70332875127385	0	FALSE
PRG1	daao-1	27.38	6.40549449443954	0	FALSE
PRG1	dab-1	19.76	7.65266861733063	0	FALSE
PRG1	dac-1	21.46	19.7167353702665	0	FALSE
PRG1	dach-1	27.594	5.44077002429332	0	FALSE
PRG1	dad-1	29.744	1.80011116455413	0	FALSE
PRG1	daf-1	23.39	8.56588000336694	0	FALSE
PRG1	daf-10	29.7	0.954710227525777	0	FALSE
PRG1	daf-11	5.468	2.40683012090155	0	FALSE
PRG1	daf-12	21.71	5.65303270692407	0	FALSE
PRG1	daf-14	18.906	11.0616870202805	0	FALSE
PRG1	daf-15	22.626	2.88410019872202	0	FALSE
PRG1	daf-16	4.092	3.26683087301095	3	TRUE
PRG1	daf-18	16.208	25.6685399545857	0	FALSE
PRG1	daf-19	19.736	12.1127435219042	0	FALSE
PRG1	daf-2	19.766	2.58008900020196	0	FALSE
PRG1	daf-22	27.036	2.93983741586778	0	FALSE
PRG1	daf-25	27.278	7.22995308947585	0	FALSE
PRG1	daf-28	23.65	6.27283807479642	0	FALSE
PRG1	daf-3	22.126	9.20964781030303	0	FALSE
PRG1	daf-31	24.774	4.67036007020271	0	FALSE
PRG1	daf-36	28.776	2.46569367574371	0	FALSE
PRG1	daf-37	19.378	3.05590856087843	0	FALSE
PRG1	daf-38	17.89	3.48808960577366	0	FALSE
PRG1	daf-4	6.826	6.4655562858186	0	FALSE
PRG1	daf-41	10.228	3.98732392678133	0	FALSE
PRG1	daf-5	9.226	4.30197801113516	0	FALSE
PRG1	daf-6	27.038	1.38221945949288	0	FALSE
PRG1	daf-7	25.188	9.10524752277037	0	FALSE
PRG1	daf-8	27.022	8.24433295823186	0	FALSE
PRG1	daf-9	27.552	2.62021286409277	0	FALSE
PRG1	dagl-2	27.696	3.45910761895152	0	FALSE
PRG1	damt-1	27.952	4.21662335892646	0	FALSE
PRG1	dao-2	17.514	3.73814322169205	0	FALSE
PRG1	dao-3	28.09	4.53817903118852	0	FALSE
PRG1	dao-4	20.39	10.5049045909899	0	FALSE
PRG1	dao-5	28.556	6.50379512012417	1	TRUE
PRG1	dao-6	10.922	3.67455842623284	0	FALSE
PRG1	dap-3	27.986	2.2640766614594	0	FALSE
PRG1	dapk-1	26.88	7.00101959049371	0	FALSE
PRG1	dars-1	27.91	5.67758336635368	0	FALSE
PRG1	dars-2	28.162	5.82460829157651	0	FALSE
PRG1	dat-1	24.242	3.29533632219475	0	FALSE
PRG1	daz-1	20.738	3.67797515331421	0	FALSE
PRG1	dbl-1	24.964	12.0070390911276	0	FALSE
PRG1	dbn-1	19.258	6.16279944611519	0	FALSE
PRG1	dbr-1	19.152	4.83456434266494	0	FALSE
PRG1	dbt-1	24.022	6.25262395396822	0	FALSE
PRG1	dcaf-1	20.166	10.5483897899302	1	TRUE
PRG1	dcaf-13	28.926	3.8420937107471	0	FALSE
PRG1	dcap-1	8.796	3.62163775186539	1	TRUE
PRG1	dcap-2	3.958	0.826449076998291	2	FALSE
PRG1	dcar-1	11.64	4.27960966304018	0	FALSE
PRG1	dcn-1	13	52.9125939975569	0	FALSE
PRG1	dcp-66	21.82	19.8003391657961	1	TRUE
PRG1	dcr-1	24.264	9.87420750797045	0	FALSE
PRG1	dcs-1	28.178	4.24875232899585	0	FALSE
PRG1	dct-1	10.222	3.92862807909748	0	FALSE
PRG1	dct-11	17.948	3.81452689786385	0	FALSE
PRG1	dct-12	2.966	0.612471413505902	2	FALSE
PRG1	dct-13	24.51	9.85592944801547	0	FALSE
PRG1	dct-14	20.092	7.47737815188613	0	FALSE
PRG1	dct-15	21.596	9.83782925114948	0	FALSE
PRG1	dct-16	26.516	4.32440929325598	0	FALSE
PRG1	dct-17	27.386	7.61018665003215	0	FALSE
PRG1	dct-18	11.196	3.18965190567052	0	FALSE
PRG1	dct-19	27.858	6.08384045975493	0	FALSE
PRG1	dct-5	18.75	1.78845681462477	0	FALSE
PRG1	dct-6	14.036	11.4432128523242	0	FALSE
PRG1	dct-7	13.544	7.26811292171592	0	FALSE
PRG1	dct-8	13.112	11.7930789153552	0	FALSE
PRG1	dct-9	16.278	19.2360300285714	0	FALSE
PRG1	ddb-1	18.718	1.21674250875148	0	FALSE
PRG1	ddi-1	22.328	11.4537583265023	0	FALSE
PRG1	ddl-1	20.462	9.65530987574458	0	FALSE
PRG1	ddl-2	13.838	37.1053916514077	0	FALSE
PRG1	ddl-3	24.208	8.31127741150218	0	FALSE
PRG1	ddn-1	25.338	13.2132175135411	0	FALSE
PRG1	ddn-2	27.426	2.79528734271549	0	FALSE
PRG1	ddn-3	8.248	6.76045112275344	0	FALSE
PRG1	ddo-1	26.112	12.8280186150187	0	FALSE
PRG1	ddo-2	28.85	2.41094395317563	0	FALSE
PRG1	ddo-3	8.298	16.4872039389841	0	FALSE
PRG1	ddp-1	23.872	4.5474764624169	0	FALSE
PRG1	ddr-1	22.228	13.3689235466901	0	FALSE
PRG1	ddr-2	23.48	9.71655412823666	0	FALSE
PRG1	ddx-10	11.378	7.041651444432	0	FALSE
PRG1	ddx-15	26.244	5.42580679405681	0	FALSE
PRG1	ddx-17	10.946	4.37878289065654	0	FALSE
PRG1	ddx-19	20.304	4.75748946870024	1	TRUE
PRG1	ddx-23	16.972	31.5741007870641	0	FALSE
PRG1	ddx-27	19.844	5.96861139965337	0	FALSE
PRG1	ddx-35	25.308	10.4713477072924	0	FALSE
PRG1	ddx-46	24.712	9.48650804231049	0	FALSE
PRG1	ddx-52	22.066	8.09876292000432	0	FALSE
PRG1	deb-1	22.402	10.9470586900822	0	FALSE
PRG1	decr-1.2	26.364	8.35223485445851	0	FALSE
PRG1	decr-1.3	29.43	2.25134471946686	0	FALSE
PRG1	deg-1	20.49	21.9466624424925	0	FALSE
PRG1	deg-3	26.658	3.11061804019123	0	FALSE
PRG1	degl-1	15.352	8.10182769157493	0	FALSE
PRG1	degl-2	9.666	3.70537941786755	0	FALSE
PRG1	degt-1	19.92	2.36183975827264	0	FALSE
PRG1	del-1	22.874	1.13523157789749	0	FALSE
PRG1	del-10	20.908	11.7363096532794	0	FALSE
PRG1	del-2	17.138	2.10763398434592	0	FALSE
PRG1	del-3	24.642	2.34202650261731	0	FALSE
PRG1	del-4	28.5	1.25705151702967	0	FALSE
PRG1	del-5	25.212	15.2135676086895	0	FALSE
PRG1	del-6	27.112	9.81633138437992	0	FALSE
PRG1	del-7	24.838	13.6399892496445	0	FALSE
PRG1	del-8	24.088	7.54943386706558	0	FALSE
PRG1	del-9	23.64	12.5940721383998	0	FALSE
PRG1	delm-1	29.136	2.05653185553799	0	FALSE
PRG1	delm-2	28.936	1.62585438350313	0	FALSE
PRG1	denn-4	28.536	3.13061828430471	1	TRUE
PRG1	dep-1	8.212	7.63847870046463	0	FALSE
PRG1	depd-5	28.16	1.89960902681029	0	FALSE
PRG1	deps-1	15.286	9.78370203430218	1	TRUE
PRG1	des-2	22.156	16.0134193950849	0	FALSE
PRG1	dex-1	21.7	9.32072506938066	0	FALSE
PRG1	dgat-2	25.36	7.59292134145397	0	FALSE
PRG1	dgk-1	24.914	22.7127176738819	0	FALSE
PRG1	dgk-2	14.946	7.14621324241189	0	FALSE
PRG1	dgk-3	24.01	6.4433384898116	0	FALSE
PRG1	dgk-4	25.778	6.90170133163981	0	FALSE
PRG1	dgk-5	22.004	9.18586181885018	0	FALSE
PRG1	dgn-1	22.926	9.65738831413151	0	FALSE
PRG1	dgn-2	22.588	0.792196436902377	0	FALSE
PRG1	dgn-3	25.54	7.00308860304246	0	FALSE
PRG1	dgtr-1	25.418	12.3895260518135	0	FALSE
PRG1	dhcr-7	4.514	3.95236245004649	2	FALSE
PRG1	dhfr-1	25.116	5.57140515090761	0	FALSE
PRG1	dhgd-1	23.542	2.87270137342006	0	FALSE
PRG1	dhhc-1	25.486	3.10725653112275	0	FALSE
PRG1	dhhc-10	22.01	8.03338822988935	0	FALSE
PRG1	dhhc-11	19.084	11.236917366835	0	FALSE
PRG1	dhhc-12	24.892	8.78191408105765	0	FALSE
PRG1	dhhc-13	19.13	20.9119836553309	0	FALSE
PRG1	dhhc-14	26.762	5.39653057469948	0	FALSE
PRG1	dhhc-2	22.822	6.83139345631839	0	FALSE
PRG1	dhhc-3	18.586	23.2830474683004	0	FALSE
PRG1	dhhc-4	18.668	21.6178097107364	0	FALSE
PRG1	dhhc-5	29.362	4.6995450909424	0	FALSE
PRG1	dhhc-6	25.16	6.79917481091991	0	FALSE
PRG1	dhhc-7	18.702	14.4247444143181	0	FALSE
PRG1	dhhc-8	10.62	5.23086418543546	0	FALSE
PRG1	dhhc-9	25.656	8.52254919007131	0	FALSE
PRG1	dhod-1	28.534	3.59058989516292	0	FALSE
PRG1	dhp-1	23.854	2.83732738936533	0	FALSE
PRG1	dhp-2	23.694	2.96915934574512	0	FALSE
PRG1	dhps-1	21.566	21.5890879401326	0	FALSE
PRG1	dhrs-4	29.866	1.1966562001359	0	FALSE
PRG1	dhs-1	26.824	5.69242036297478	0	FALSE
PRG1	dhs-11	28.876	5.61535550448008	0	FALSE
PRG1	dhs-12	27.914	4.01277134421914	0	FALSE
PRG1	dhs-13	28.538	1.68350024809031	0	FALSE
PRG1	dhs-14	28.698	4.71404891698276	0	FALSE
PRG1	dhs-15	28.156	5.93074043013201	0	FALSE
PRG1	dhs-16	26.082	6.36496987210479	0	FALSE
PRG1	dhs-17	25.752	8.1561116557267	0	FALSE
PRG1	dhs-18	28.46	3.57440538938675	0	FALSE
PRG1	dhs-19	29.846	2.00844805550008	0	FALSE
PRG1	dhs-2	17.156	2.21596534244702	0	FALSE
PRG1	dhs-20	29.474	2.11821820595526	0	FALSE
PRG1	dhs-21	25.008	11.311976484114	0	FALSE
PRG1	dhs-22	28.75	1.54831452967339	0	FALSE
PRG1	dhs-23	26.634	10.8082128490337	0	FALSE
PRG1	dhs-24	29.038	2.42979407846105	1	TRUE
PRG1	dhs-25	29.666	1.74074930653758	0	FALSE
PRG1	dhs-26	27.062	5.93427222958887	0	FALSE
PRG1	dhs-27	28.306	2.80738062170498	0	FALSE
PRG1	dhs-28	28.296	2.88439311170658	0	FALSE
PRG1	dhs-29	14.506	2.58885710574153	0	FALSE
PRG1	dhs-3	19.28	5.91411412112663	0	FALSE
PRG1	dhs-30	27.636	4.01426657707629	0	FALSE
PRG1	dhs-31	29.018	1.70912408458353	0	FALSE
PRG1	dhs-4	28.032	4.05451127679784	0	FALSE
PRG1	dhs-5	27.484	5.83954028229801	0	FALSE
PRG1	dhs-6	27.204	5.18081877277318	0	FALSE
PRG1	dhs-7	28.136	4.22994969926519	0	FALSE
PRG1	dhs-8	11.46	8.95532014811276	0	FALSE
PRG1	dhs-9	5.988	3.7776865231376	0	FALSE
PRG1	dhsl-4	29.066	3.26757241920009	0	FALSE
PRG1	dib-1	28.414	2.06216542303339	0	FALSE
PRG1	did-2	23.19	6.20800073523868	0	FALSE
PRG1	die-1	10.322	3.73612014463257	0	FALSE
PRG1	dif-1	29.27	2.94074302056786	0	FALSE
PRG1	dim-1	22.324	9.98937980555264	0	FALSE
PRG1	dip-2	17.768	8.76316330645545	0	FALSE
PRG1	dis-3	17.11	2.51586712449221	0	FALSE
PRG1	disl-2	16.31	4.30867332514987	0	FALSE
PRG1	div-1	17.93	2.56856194973105	0	FALSE
PRG1	djr-1.1	15.604	3.14041663220151	0	FALSE
PRG1	djr-1.2	28.662	1.33594972812679	0	FALSE
PRG1	dkc-1	24.176	7.91195304553124	0	FALSE
PRG1	dkf-1	13.488	3.02496554622569	0	FALSE
PRG1	dkf-2	18.91	22.5593336605301	0	FALSE
PRG1	dlat-1	21.58	28.0174040939932	0	FALSE
PRG1	dlat-2	25.958	5.64615747577706	0	FALSE
PRG1	dlc-1	23.808	3.82298306112783	0	FALSE
PRG1	dlc-2	27.36	4.43360156372071	0	FALSE
PRG1	dlc-3	23.76	4.23162975228151	0	FALSE
PRG1	dlc-4	23.696	5.20322332069657	0	FALSE
PRG1	dlc-5	14.342	3.93481706096287	0	FALSE
PRG1	dlc-6	27.072	5.36762788279365	0	FALSE
PRG1	dld-1	27.808	3.95523849219286	0	FALSE
PRG1	dlg-1	8.998	1.8719044601127	1	TRUE
PRG1	dlgr-1	3.23	5.0730556062458	2	FALSE
PRG1	dlhd-1	25.76	7.15855771743193	0	FALSE
PRG1	dli-1	17.926	29.0296352734677	0	FALSE
PRG1	dlk-1	10.878	4.91599217815373	0	FALSE
PRG1	dlst-1	22.328	31.8443921973783	0	FALSE
PRG1	dma-1	26.548	3.17229806618488	0	FALSE
PRG1	dmd-10	23.582	11.9111285726674	0	FALSE
PRG1	dmd-3	7.772	1.68352313266044	0	FALSE
PRG1	dmd-4	22.282	10.6953253409104	0	FALSE
PRG1	dmd-5	13.636	11.5316797917522	0	FALSE
PRG1	dmd-6	11.124	52.0409504270925	0	FALSE
PRG1	dmd-7	8.644	12.3046792252484	0	FALSE
PRG1	dmd-8	1.844	5.82309314340395	2	FALSE
PRG1	dmd-9	18.494	9.69063380695911	0	FALSE
PRG1	dml-1	5.734	6.90758283637267	0	FALSE
PRG1	dmsr-1	17.694	3.00510688603663	0	FALSE
PRG1	dmsr-10	26.358	3.36178082058642	0	FALSE
PRG1	dmsr-11	27.796	4.10671821359586	0	FALSE
PRG1	dmsr-12	10.198	4.41448175389462	0	FALSE
PRG1	dmsr-13	14.412	2.34604778895411	0	FALSE
PRG1	dmsr-14	21.006	12.7666765376169	0	FALSE
PRG1	dmsr-15	19.658	2.35802584684514	0	FALSE
PRG1	dmsr-16	25.126	17.9448036826397	0	FALSE
PRG1	dmsr-2	21.038	15.5542153728843	0	FALSE
PRG1	dmsr-3	16.688	3.69061361754981	0	FALSE
PRG1	dmsr-4	16.752	2.9638718037911	0	FALSE
PRG1	dmsr-5	25.956	7.82944451766765	0	FALSE
PRG1	dmsr-6	24.66	7.30112844685955	0	FALSE
PRG1	dmsr-7	22.256	4.15777312329669	0	FALSE
PRG1	dmsr-8	25.75	4.43671262193327	0	FALSE
PRG1	dmsr-9	21.168	11.7130540761963	0	FALSE
PRG1	dna-2	17.62	19.0440130287091	0	FALSE
PRG1	dnbp-1	7.062	2.0675969695207	0	FALSE
PRG1	dnc-1	27.184	7.93680203846533	0	FALSE
PRG1	dnc-2	23.076	13.5501831259837	1	TRUE
PRG1	dnc-3	27.06	8.94018754113929	0	FALSE
PRG1	dnc-4	26.412	7.49264272258897	1	TRUE
PRG1	dnc-5	23.48	2.03762754921732	0	FALSE
PRG1	dnc-6	14.5	4.10996295379527	0	FALSE
PRG1	dnj-1	10.672	3.15433246887871	0	FALSE
PRG1	dnj-10	14.438	8.47308337954493	0	FALSE
PRG1	dnj-11	23.184	5.02067428885212	1	TRUE
PRG1	dnj-12	16.722	4.38724307215217	1	TRUE
PRG1	dnj-13	19.852	30.8625632245619	1	TRUE
PRG1	dnj-14	11.312	7.49811085829396	0	FALSE
PRG1	dnj-15	22.838	12.4703025503372	0	FALSE
PRG1	dnj-16	26.174	8.40179633929034	1	TRUE
PRG1	dnj-17	3.24	5.50820009184405	2	FALSE
PRG1	dnj-18	13.69	2.49588744532796	0	FALSE
PRG1	dnj-19	22.094	7.28005694386017	1	TRUE
PRG1	dnj-2	26.018	11.121132120735	0	FALSE
PRG1	dnj-20	24.228	12.582696524998	0	FALSE
PRG1	dnj-21	14.094	3.20135095964593	0	FALSE
PRG1	dnj-22	19.164	29.8436760731265	0	FALSE
PRG1	dnj-23	27.14	9.53962373340814	1	TRUE
PRG1	dnj-24	22.242	4.6174802664222	0	FALSE
PRG1	dnj-25	18.706	6.53232645631733	1	TRUE
PRG1	dnj-26	22.596	8.42024094022252	0	FALSE
PRG1	dnj-27	27.35	4.37597493246865	0	FALSE
PRG1	dnj-28	26.85	6.05915651320798	0	FALSE
PRG1	dnj-29	20.552	22.4898144343674	0	FALSE
PRG1	dnj-3	18.63	16.15499765058	0	FALSE
PRG1	dnj-30	22.53	2.18594609312677	0	FALSE
PRG1	dnj-4	15.522	3.60645925261019	0	FALSE
PRG1	dnj-5	16.12	9.8061992010995	0	FALSE
PRG1	dnj-7	23.188	5.02404862260927	0	FALSE
PRG1	dnj-8	25.736	7.19040079307099	0	FALSE
PRG1	dnj-9	21.378	11.7351423282362	0	FALSE
PRG1	dnpp-1	30.292	0.62913663011074	0	FALSE
PRG1	dnsn-1	17.796	28.5680374158794	0	FALSE
PRG1	dod-17	22.658	7.1026008668086	0	FALSE
PRG1	dod-18	27.024	6.79228182439267	0	FALSE
PRG1	dod-19	7.42	5.00742323535291	0	FALSE
PRG1	dod-20	25.564	9.29720411263367	0	FALSE
PRG1	dod-21	28.492	2.1987725019059	0	FALSE
PRG1	dod-22	28.494	0.588615163788354	0	FALSE
PRG1	dod-23	15.264	3.09533688027818	0	FALSE
PRG1	dod-24	26.468	5.37157670765389	0	FALSE
PRG1	dod-3	22.272	7.1103878729472	0	FALSE
PRG1	dod-6	5.624	8.91674637374989	0	FALSE
PRG1	dog-1	24.7	8.75814342770304	0	FALSE
PRG1	dohh-1	12.066	8.39083086691009	0	FALSE
PRG1	dolk-1	23.136	17.2114656850981	0	FALSE
PRG1	dom-3	25.286	8.25022526279058	0	FALSE
PRG1	dop-1	10.678	8.70506425655174	0	FALSE
PRG1	dop-2	15.066	2.22012928629967	0	FALSE
PRG1	dop-3	21.498	9.6959492757154	0	FALSE
PRG1	dop-4	22.922	10.0028917168409	0	FALSE
PRG1	dop-5	22.528	7.15860395440554	0	FALSE
PRG1	dop-6	10.832	1.9620785679348	0	FALSE
PRG1	dos-1	23.644	8.7659207036844	0	FALSE
PRG1	dos-2	18.27	1.42782676089169	0	FALSE
PRG1	dos-3	20.758	11.237265445295	0	FALSE
PRG1	dot-1.1	22.314	8.11889925855182	1	TRUE
PRG1	dot-1.2	27.674	2.14883274766026	0	FALSE
PRG1	dot-1.3	27.36	11.4213011594007	0	FALSE
PRG1	dot-1.4	4.966	7.23473725069362	2	FALSE
PRG1	dot-1.5	24.932	11.6921422446008	0	FALSE
PRG1	doxa-1	20.87	3.61167827194441	0	FALSE
PRG1	dpf-1	17.36	34.1922402460096	0	FALSE
PRG1	dpf-2	27.23	6.04210773393603	0	FALSE
PRG1	dpf-3	24.55	4.47481567714094	0	FALSE
PRG1	dpf-4	27.234	7.79016995934933	0	FALSE
PRG1	dpf-5	27.598	3.14399890169807	0	FALSE
PRG1	dpf-6	28.384	3.23441985762901	0	FALSE
PRG1	dpf-7	28.304	3.86121020796488	0	FALSE
PRG1	dpff-1	15.464	22.1626117676286	0	FALSE
PRG1	dph-1	4.546	5.87498389771292	2	FALSE
PRG1	dph-2	26.47	2.82343040196591	0	FALSE
PRG1	dph-3	11.718	4.07102726577318	0	FALSE
PRG1	dph-5	28.91	2.66175314044082	0	FALSE
PRG1	dph-6	20.852	23.0624307592418	0	FALSE
PRG1	dph-7	22.068	28.0482444414613	0	FALSE
PRG1	dpl-1	20.414	12.3269426039397	1	TRUE
PRG1	dpm-1	27.476	9.71786476608801	0	FALSE
PRG1	dpm-3	27.638	7.40758372007644	0	FALSE
PRG1	dpr-1	24.958	10.3548775122206	0	FALSE
PRG1	dpsm-1	14.902	3.42347765026471	0	FALSE
PRG1	dpt-1	28.096	5.72120453163845	0	FALSE
PRG1	dpy-1	14.814	7.73110564658075	0	FALSE
PRG1	dpy-10	21.806	5.66488760949301	0	FALSE
PRG1	dpy-11	17.608	4.84176163794532	0	FALSE
PRG1	dpy-13	10.492	4.84980768376409	0	FALSE
PRG1	dpy-14	13.694	25.8636580388879	0	FALSE
PRG1	dpy-17	21.604	4.43874902580238	0	FALSE
PRG1	dpy-18	29.214	1.11828430530567	1	TRUE
PRG1	dpy-19	24.738	6.40159102216347	0	FALSE
PRG1	dpy-2	19.02	7.03903318047948	0	FALSE
PRG1	dpy-20	17.648	21.0955636376583	0	FALSE
PRG1	dpy-21	23.308	5.64501173797349	0	FALSE
PRG1	dpy-23	20.422	17.2744018103405	0	FALSE
PRG1	dpy-26	20.488	5.06197242116024	1	TRUE
PRG1	dpy-27	10.622	50.8601247052309	1	TRUE
PRG1	dpy-28	25.966	12.1259474265321	0	FALSE
PRG1	dpy-3	19.424	33.3018394584191	0	FALSE
PRG1	dpy-30	16.914	6.84299316298165	0	FALSE
PRG1	dpy-31	17.82	9.23618865112322	0	FALSE
PRG1	dpy-4	10.416	4.82166905871978	0	FALSE
PRG1	dpy-5	21.196	9.43536515568945	0	FALSE
PRG1	dpy-6	11.638	2.1459001947002	0	FALSE
PRG1	dpy-7	16.872	10.6503057515609	0	FALSE
PRG1	dpy-8	10.612	5.31410309167552	0	FALSE
PRG1	dpy-9	13.85	30.2923583243779	0	FALSE
PRG1	dpyd-1	5.126	5.23210472653836	0	FALSE
PRG1	drag-1	16.332	2.26110145261966	0	FALSE
PRG1	drap-1	15.328	2.40920595799742	0	FALSE
PRG1	drd-1	29.238	0.808066782281238	0	FALSE
PRG1	drd-10	10.752	3.83439528099752	0	FALSE
PRG1	drd-5	24.802	14.068771119945	0	FALSE
PRG1	drd-50	6.552	9.51027399028124	0	FALSE
PRG1	dre-1	26.22	5.69859653515159	0	FALSE
PRG1	drh-1	26.68	9.34723544540446	0	FALSE
PRG1	drh-3	26.904	7.55543760513321	0	FALSE
PRG1	drl-1	18.35	5.9893462671574	0	FALSE
PRG1	drn-1	21.99	7.86346568618424	0	FALSE
PRG1	dro-1	22.702	11.1691057182843	0	FALSE
PRG1	droe-4	20.212	22.7112325280743	0	FALSE
PRG1	droe-8	15.86	7.97336082868956	0	FALSE
PRG1	drp-1	12.734	5.38219345070454	0	FALSE
PRG1	drr-1	16.426	1.92208325928855	0	FALSE
PRG1	drr-2	21.136	13.7778361402658	0	FALSE
PRG1	drsh-1	26.788	9.07481228698454	0	FALSE
PRG1	dsb-1	12.972	56.4392202463872	0	FALSE
PRG1	dsb-2	4.428	3.68118941860433	2	FALSE
PRG1	dsb-3	18.512	22.9143604744889	0	FALSE
PRG1	dsbn-1	24.566	14.5696494085485	0	FALSE
PRG1	dsc-1	16.896	7.51116409494905	0	FALSE
PRG1	dsc-4	18.394	2.18803626173392	0	FALSE
PRG1	dscc-1	27.686	5.72497778683366	0	FALSE
PRG1	dsh-1	20.002	1.69666562302829	0	FALSE
PRG1	dsh-2	15.678	3.30242867844082	0	FALSE
PRG1	dsl-1	8.7	6.14861956264114	0	FALSE
PRG1	dsl-2	23.878	11.8056302264844	0	FALSE
PRG1	dsl-3	24.472	6.85143930971548	0	FALSE
PRG1	dsl-4	18.874	28.982796311032	0	FALSE
PRG1	dsl-5	23.516	7.83061660131869	0	FALSE
PRG1	dsl-6	18.106	7.14049100138259	0	FALSE
PRG1	dsl-7	23.862	11.9025948212798	0	FALSE
PRG1	dss-1	22.534	4.1740227773727	0	FALSE
PRG1	dtmk-1	28.95	2.16144926576138	0	FALSE
PRG1	duo-1	7.274	2.86167986506664	0	FALSE
PRG1	duo-3	24.2	13.6086934391874	0	FALSE
PRG1	duox-2	27.34	8.13585442396176	0	FALSE
PRG1	dur-1	24.42	7.89900709004389	0	FALSE
PRG1	dus-2	16.068	2.63139167890505	0	FALSE
PRG1	dut-1	18.98	7.10835832089637	1	TRUE
PRG1	duxl-1	20.534	6.01008578979227	0	FALSE
PRG1	dvc-1	11.548	2.07683820075113	0	FALSE
PRG1	dve-1	16.97	4.88832097663145	0	FALSE
PRG1	dxbp-1	14.974	2.93865426464887	0	FALSE
PRG1	dyb-1	19.354	12.1109644394368	0	FALSE
PRG1	dyc-1	13.752	11.2595176027788	0	FALSE
PRG1	dyci-1	10.99	6.51688150897089	1	TRUE
PRG1	dyf-1	23.116	8.72163330940764	0	FALSE
PRG1	dyf-11	22.038	15.2794233469173	0	FALSE
PRG1	dyf-13	24.08	11.1237169748638	0	FALSE
PRG1	dyf-17	16.132	17.8178339641865	0	FALSE
PRG1	dyf-18	22.62	8.80940154133454	0	FALSE
PRG1	dyf-19	14.738	41.5549112769748	0	FALSE
PRG1	dyf-2	28.708	2.38162804108326	0	FALSE
PRG1	dyf-3	16.182	5.03435569180312	0	FALSE
PRG1	dyf-4	27.414	4.69653907955036	0	FALSE
PRG1	dyf-5	23.286	13.4061974051616	0	FALSE
PRG1	dyf-6	8.464	2.11117291039006	0	FALSE
PRG1	dyf-7	18.59	2.27491451896616	0	FALSE
PRG1	dyla-1	27.472	5.80099701083713	0	FALSE
PRG1	dylt-1	24.31	2.43359925261194	0	FALSE
PRG1	dylt-2	21.956	14.6638773316853	0	FALSE
PRG1	dylt-3	12.962	1.84544841311729	0	FALSE
PRG1	dyn-1	23.936	6.57852801630143	0	FALSE
PRG1	dyrb-1	19.356	4.5642064028037	0	FALSE
PRG1	dzpr-1	22.314	18.5816491985751	0	FALSE
PRG1	eaf-1	5.436	3.19315586386181	0	FALSE
PRG1	eak-3	25.324	12.6585687060402	0	FALSE
PRG1	eak-4	22.118	29.4143077689338	0	FALSE
PRG1	eak-6	17.246	1.13077130981907	0	FALSE
PRG1	eak-7	5.16	7.35413409341484	0	FALSE
PRG1	ears-1	26.316	6.70603665828627	0	FALSE
PRG1	ears-2	27.966	7.75070853132037	0	FALSE
PRG1	eas-1	21.736	4.56771881963688	0	FALSE
PRG1	eat-16	27.556	3.77549329516691	0	FALSE
PRG1	eat-17	17.588	2.56184561822941	0	FALSE
PRG1	eat-2	29.8	2.07579563680704	0	FALSE
PRG1	eat-20	21.47	5.31616554627298	0	FALSE
PRG1	eat-3	26.936	5.8856123482305	0	FALSE
PRG1	eat-4	12.262	13.1470037976463	0	FALSE
PRG1	eat-5	28.29	5.10453905203907	0	FALSE
PRG1	eat-6	28.902	1.22850797392869	0	FALSE
PRG1	ebax-1	20.154	7.97187554825257	0	FALSE
PRG1	ebp-1	21.044	20.1716315253646	1	TRUE
PRG1	ebp-2	3.416	1.58458648743845	2	FALSE
PRG1	ebp-3	18.304	3.04834753725107	0	FALSE
PRG1	ech-1.1	27.822	7.78799657636851	0	FALSE
PRG1	ech-1.2	24.244	12.6265851813335	0	FALSE
PRG1	ech-2	27.504	4.37001024742931	1	TRUE
PRG1	ech-3	28.384	6.28253883483405	0	FALSE
PRG1	ech-4	28.636	2.00113319210003	0	FALSE
PRG1	ech-5	28.5	7.17391567933492	0	FALSE
PRG1	ech-6	29.88	2.99386524207468	0	FALSE
PRG1	ech-7	29.482	1.70008315318044	0	FALSE
PRG1	ech-8	27.57	3.95332314286778	0	FALSE
PRG1	ech-9	5.51	16.1997919567657	0	FALSE
PRG1	eco-1	24.716	12.1566384252191	0	FALSE
PRG1	ecps-1	23.45	7.98882430513725	0	FALSE
PRG1	ecps-2	28.828	1.53188111654104	0	FALSE
PRG1	ect-2	19.984	9.10553975906643	0	FALSE
PRG1	edc-3	17.186	7.36904364046181	1	TRUE
PRG1	edc-4	11.714	2.56714881925043	0	FALSE
PRG1	edg-1	23.144	14.2424282156298	0	FALSE
PRG1	eea-1	22.278	10.351344010402	1	TRUE
PRG1	eef-1B.1	17.192	30.214041088525	0	FALSE
PRG1	eef-1B.2	19.946	6.96598384149762	0	FALSE
PRG1	eef-1G	25.584	10.6885636419979	0	FALSE
PRG1	eef-2	26.324	4.49727367830293	0	FALSE
PRG1	eelo-1	14.4	15.2907930671845	0	FALSE
PRG1	eelo-2	27.378	2.45937452600995	0	FALSE
PRG1	efa-6	20.716	11.0772944577184	0	FALSE
PRG1	eff-1	21.664	4.91014581473281	0	FALSE
PRG1	efhc-1	25.622	6.02320668663816	0	FALSE
PRG1	efhd-1	21.504	12.0365298195531	1	TRUE
PRG1	efk-1	25.864	5.28122323233735	0	FALSE
PRG1	efl-1	22.182	8.28210422223193	1	TRUE
PRG1	efl-2	22.758	3.04673433509759	0	FALSE
PRG1	efl-3	20.848	9.85594602247046	0	FALSE
PRG1	efn-2	20.432	16.7927209694982	0	FALSE
PRG1	efn-3	19.888	2.08574623378789	0	FALSE
PRG1	efn-4	19.312	4.70859530179427	0	FALSE
PRG1	efr-3	19.222	24.3339093565503	0	FALSE
PRG1	efsc-1	28.364	2.62255516237871	0	FALSE
PRG1	eft-3	24.882	2.81606187038118	0	FALSE
PRG1	eftu-2	16.476	5.52728558756317	0	FALSE
PRG1	egal-1	25.846	7.43292679720814	0	FALSE
PRG1	egas-1	18.536	1.36353544837498	0	FALSE
PRG1	egas-2	27.612	4.52233569318907	0	FALSE
PRG1	egas-3	23.994	2.76934749577129	0	FALSE
PRG1	egas-4	20.964	16.1072964549677	0	FALSE
PRG1	egg-1	19.996	2.1823507672788	0	FALSE
PRG1	egg-2	24.612	4.44012568471548	0	FALSE
PRG1	egg-3	24.994	5.35550608642739	0	FALSE
PRG1	egg-4	22.648	13.0402196508968	1	TRUE
PRG1	egg-5	23.054	13.5525667739508	0	FALSE
PRG1	egg-6	27.404	4.36190619117417	0	FALSE
PRG1	egl-1	19.964	7.51106952484728	0	FALSE
PRG1	egl-10	22.45	17.2155602293491	0	FALSE
PRG1	egl-13	21.316	9.64002342050635	0	FALSE
PRG1	egl-15	9.7	9.18480911402343	0	FALSE
PRG1	egl-17	25.464	10.1088490592345	0	FALSE
PRG1	egl-18	20.972	10.3441846299465	0	FALSE
PRG1	egl-19	23.222	6.30050326068802	0	FALSE
PRG1	egl-2	20.958	17.0745306054899	0	FALSE
PRG1	egl-20	17.65	2.85908541802609	0	FALSE
PRG1	egl-21	8.484	8.44167038215943	0	FALSE
PRG1	egl-23	21.024	2.98041260945878	0	FALSE
PRG1	egl-26	25.46	14.7213648779532	0	FALSE
PRG1	egl-27	19.948	16.3841639287378	0	FALSE
PRG1	egl-3	19.958	2.76383777921724	0	FALSE
PRG1	egl-30	18.62	28.6499359528824	0	FALSE
PRG1	egl-36	21.202	5.7804417295022	0	FALSE
PRG1	egl-38	20.068	1.6584675770308	0	FALSE
PRG1	egl-4	27.728	7.04601676829512	0	FALSE
PRG1	egl-43	17.176	1.66087447728615	0	FALSE
PRG1	egl-44	23.61	11.7351452331258	0	FALSE
PRG1	egl-45	23.838	20.6551981912408	0	FALSE
PRG1	egl-46	16.62	14.4594740090147	0	FALSE
PRG1	egl-47	18.574	1.87494767823227	0	FALSE
PRG1	egl-5	17.806	11.819729900273	0	FALSE
PRG1	egl-6	19.042	0.960760844798074	0	FALSE
PRG1	egl-8	21.11	12.8386539165572	1	TRUE
PRG1	egl-9	4.362	7.47342497515185	2	FALSE
PRG1	ego-1	25.946	2.69289597860976	0	FALSE
PRG1	ego-2	17.156	2.69000677483341	0	FALSE
PRG1	egrh-1	18.072	3.64542907770954	0	FALSE
PRG1	egrh-2	13.856	1.46188390218463	0	FALSE
PRG1	egrh-3	17.686	5.60914432642356	0	FALSE
PRG1	ehbp-1	15.598	12.8770462522934	0	FALSE
PRG1	ehn-3	17.158	47.7372727525461	0	FALSE
PRG1	ehs-1	8.634	5.90835574541491	0	FALSE
PRG1	eif-1	21.416	1.67142562017524	0	FALSE
PRG1	eif-1.a	12.928	5.35359458218237	0	FALSE
PRG1	eif-2A	4.552	13.9584719735095	0	TRUE
PRG1	eif-2Bgamma	24.308	9.99960343031274	0	FALSE
PRG1	eif-2alpha	4.482	2.35805936467922	2	FALSE
PRG1	eif-2bbeta	27.194	2.75312758237978	0	FALSE
PRG1	eif-2bdelta	23.744	6.54990985795029	0	FALSE
PRG1	eif-2bepsilon	11.742	6.16939281931472	0	FALSE
PRG1	eif-2beta	9.62	3.04042948070887	0	FALSE
PRG1	eif-2d	27.466	5.74879797123866	0	FALSE
PRG1	eif-2gamma	28.504	2.44809043406078	0	FALSE
PRG1	eif-3.B	24.576	13.624581782604	0	FALSE
PRG1	eif-3.C	17.56	2.5372060831373	0	FALSE
PRG1	eif-3.D	11.668	30.8406631094354	0	FALSE
PRG1	eif-3.E	11.862	4.47536009978019	0	FALSE
PRG1	eif-3.F	28.568	8.35418348293774	0	FALSE
PRG1	eif-3.G	17.002	4.02311630303241	0	FALSE
PRG1	eif-3.H	27.702	4.35808941553034	0	FALSE
PRG1	eif-3.I	27.48	6.07959795079602	0	FALSE
PRG1	eif-3.K	27.25	8.5979701372242	0	FALSE
PRG1	eif-3.L	24.75	6.8707661736875	0	FALSE
PRG1	eif-3.j	16.24	5.59430586390831	1	TRUE
PRG1	eif-4a3	22.036	15.6596053865316	0	FALSE
PRG1	eif-6	26.322	6.75975698812814	0	FALSE
PRG1	eipr-1	26.084	8.7786837584626	0	FALSE
PRG1	ekl-1	26.406	5.32016067592523	0	FALSE
PRG1	ekl-4	12.566	3.00175244380883	0	FALSE
PRG1	ekl-5	23.382	16.6555023275071	0	FALSE
PRG1	ekl-6	28.208	5.18520081590842	0	FALSE
PRG1	ekl-7	5.854	4.96799468234667	0	FALSE
PRG1	elb-1	24.976	6.98453289379123	0	FALSE
PRG1	elc-1	25.924	3.20301390248392	0	FALSE
PRG1	elc-2	26.15	4.60441929848793	0	FALSE
PRG1	elf-1	14.098	7.57370268976693	0	FALSE
PRG1	elk-2	9.144	4.98560539275576	0	FALSE
PRG1	elks-1	23.384	2.49294131654498	0	FALSE
PRG1	ell-1	20.278	14.6754185917973	0	FALSE
PRG1	elli-1	7.574	4.7554860087146	0	FALSE
PRG1	elo-1	28.41	6.41696801606561	0	FALSE
PRG1	elo-2	28.864	5.29112222071449	0	FALSE
PRG1	elo-3	29.508	1.23087952226128	0	FALSE
PRG1	elo-4	23.044	2.51460367447217	0	FALSE
PRG1	elo-5	29.162	3.71892776871072	0	FALSE
PRG1	elo-6	29.964	1.8428937131239	0	FALSE
PRG1	elo-7	25.942	10.5388690780665	0	FALSE
PRG1	elo-8	29.72	2.89426110673323	0	FALSE
PRG1	elo-9	22.792	21.3878441019129	0	FALSE
PRG1	elof-1	25.24	5.62829186652279	0	FALSE
PRG1	elp-1	17.818	21.1769942940233	0	FALSE
PRG1	elpc-1	26.122	6.03540716522066	1	TRUE
PRG1	elpc-2	23.58	6.76005120931253	0	FALSE
PRG1	elpc-3	25.982	4.87490495399022	1	TRUE
PRG1	elpc-4	10.318	3.65305042198885	0	FALSE
PRG1	elt-1	11.92	11.1659151401117	0	FALSE
PRG1	elt-2	14.98	6.1955236004375	0	FALSE
PRG1	elt-3	5.498	5.27684002458781	0	FALSE
PRG1	elt-4	19.548	17.8684849274821	0	FALSE
PRG1	elt-6	17.11	10.8961013056673	0	FALSE
PRG1	elt-7	22.172	8.26974364421376	0	FALSE
PRG1	emb-1	11.852	5.09167224807869	0	FALSE
PRG1	emb-27	29.09	2.17861336931102	0	FALSE
PRG1	emb-30	23.51	2.28227621017377	1	TRUE
PRG1	emb-4	24.926	5.57048539586336	0	FALSE
PRG1	emb-5	23.09	5.11969637859596	0	FALSE
PRG1	emb-8	26.918	5.13363518393484	0	FALSE
PRG1	emb-9	20.522	7.66934408159039	0	FALSE
PRG1	emc-1	29.41	4.05900911643333	0	FALSE
PRG1	emc-2	27.834	4.91604189222672	0	FALSE
PRG1	emc-3	29.02	2.836961056203	0	FALSE
PRG1	emc-5	26.03	11.6238253605844	0	FALSE
PRG1	emc-6	19.914	3.42272299054539	0	FALSE
PRG1	eme-1	18.274	9.88530837720519	0	FALSE
PRG1	emr-1	16.178	16.1249896531204	0	FALSE
PRG1	emre-1	14.852	16.1893883759169	0	FALSE
PRG1	end-1	13.324	3.97622644984009	0	FALSE
PRG1	end-3	17.576	19.8590515930078	0	FALSE
PRG1	endu-1	4.93	4.15450286983044	2	FALSE
PRG1	endu-2	12.49	3.61087983467724	0	FALSE
PRG1	enee-1	22.776	5.67037075407066	0	FALSE
PRG1	eng-1	26.056	21.4569600876563	0	FALSE
PRG1	enol-1	27.664	5.0971716234996	0	FALSE
PRG1	enpl-1	24.586	19.5528693368684	0	FALSE
PRG1	enri-1	12.836	2.41168751805553	0	FALSE
PRG1	enri-2	12.038	5.16454001197645	0	FALSE
PRG1	ensa-1	16.95	5.23746291916607	1	TRUE
PRG1	ensh-1	22.118	10.1071624049152	0	FALSE
PRG1	ent-1	28.174	6.55595002751503	0	FALSE
PRG1	ent-2	23.476	5.75832634510307	0	FALSE
PRG1	ent-3	18.102	1.40754631790441	0	FALSE
PRG1	ent-4	16.77	6.93867058212945	0	FALSE
PRG1	ent-5	4.086	2.60505317488696	2	FALSE
PRG1	ent-6	13.87	2.13147015127534	0	FALSE
PRG1	ent-7	21.864	7.93937878805958	0	FALSE
PRG1	enu-3.1	10.082	3.21738072465888	0	FALSE
PRG1	enu-3.2	20.79	8.33873676368263	0	FALSE
PRG1	enu-3.3	23.824	9.83608139773618	0	FALSE
PRG1	enu-3.5	18.988	21.5916021191717	0	FALSE
PRG1	enu-3.6	23.044	4.38491707669885	0	FALSE
PRG1	eol-1	26.33	13.6292143541393	0	FALSE
PRG1	eor-1	18.764	10.4602473390267	0	FALSE
PRG1	eor-2	21.432	3.00551904302689	0	FALSE
PRG1	epac-1	27.624	2.37348807885697	0	FALSE
PRG1	epc-1	22.422	11.4504283400737	0	FALSE
PRG1	epg-2	21.474	19.4250178150584	1	TRUE
PRG1	epg-3	5.334	3.42523327832299	0	FALSE
PRG1	epg-4	26.346	9.55976878393962	0	FALSE
PRG1	epg-6	26.69	3.21760285449938	0	FALSE
PRG1	epg-7	28.016	6.05690698694411	1	TRUE
PRG1	epg-8	20.116	21.0533656803335	0	FALSE
PRG1	epg-9	27.55	5.44609781009395	0	FALSE
PRG1	ephx-1	20.542	7.66203174114539	0	FALSE
PRG1	epic-1	13.744	7.82668635216318	0	FALSE
PRG1	epic-2	21.904	13.8462899915193	0	FALSE
PRG1	epic-3	19.744	1.74740298977265	0	FALSE
PRG1	epn-1	4.452	3.00266665147368	2	FALSE
PRG1	eppl-1	4.596	5.21195013455637	2	FALSE
PRG1	eps-8	14.236	2.44173994739268	1	TRUE
PRG1	ept-1	18.802	3.76407667649283	0	FALSE
PRG1	era-1	16.352	1.93165297663583	0	FALSE
PRG1	eral-1	19.16	16.2253123860827	0	FALSE
PRG1	ercc-1	16.41	13.008254349759	0	FALSE
PRG1	erd-2.1	6.314	8.81214978319002	0	FALSE
PRG1	erd-2.2	15.558	51.0796527797036	0	FALSE
PRG1	erfa-1	13.544	2.94899636680328	0	FALSE
PRG1	erfa-3	21.694	13.1387123794367	1	TRUE
PRG1	erg-28	11.592	7.17993464067335	0	FALSE
PRG1	ergi-1	24.612	5.61058237128571	0	FALSE
PRG1	ergi-2	16.048	4.68911475671213	0	FALSE
PRG1	ergi-3	15.822	1.89788395691601	0	FALSE
PRG1	ergo-1	14.348	5.8744366087236	0	FALSE
PRG1	erh-1	25.644	8.95192953657661	0	FALSE
PRG1	erh-2	24.804	16.2259718197782	0	FALSE
PRG1	eri-1	12.256	12.5163823650934	0	FALSE
PRG1	eri-12	16.06	31.2320660952523	0	FALSE
PRG1	eri-3	4.358	6.87317507582976	2	FALSE
PRG1	eri-5	15.248	38.8518514947521	0	FALSE
PRG1	eri-6	27.908	8.79952985091427	0	FALSE
PRG1	eri-7	24.452	17.2539258920526	0	FALSE
PRG1	eri-9	21.844	16.3220719027201	0	FALSE
PRG1	erl-1	27.478	5.73191020325169	0	FALSE
PRG1	erm-1	28.37	4.45562536571605	1	TRUE
PRG1	ero-1	27.156	4.65973328491642	0	FALSE
PRG1	erp-44.1	25.808	12.0126979529912	0	FALSE
PRG1	erp-44.2	27.156	6.20970177883874	0	FALSE
PRG1	erp-44.3	26.462	6.79471828899058	0	FALSE
PRG1	ess-2	12.888	41.1306035509977	0	FALSE
PRG1	esyt-2	18.158	6.06874042746026	0	FALSE
PRG1	etc-1	28.51	2.4681478648093	0	FALSE
PRG1	etfb-1	6.542	6.99433914440251	0	FALSE
PRG1	etfr-1	21.766	2.6301436817824	0	FALSE
PRG1	ethe-1	19.9	2.62583851432942	0	FALSE
PRG1	etr-1	16.168	2.93558986073952	0	FALSE
PRG1	ets-10	19.762	7.57811993143328	0	FALSE
PRG1	ets-4	21.904	5.04950006694138	0	FALSE
PRG1	ets-5	21.192	12.4214805479859	0	FALSE
PRG1	ets-6	9.21	6.3959506949069	1	TRUE
PRG1	ets-7	16.928	8.29553693788993	0	FALSE
PRG1	ets-8	20.18	16.7404944797263	0	FALSE
PRG1	ets-9	6.344	5.77727889084518	0	FALSE
PRG1	eva-1	20.98	3.46871408935372	0	FALSE
PRG1	evl-14	26.488	8.62162701896192	0	FALSE
PRG1	evl-18	22.778	13.6390978039521	0	FALSE
PRG1	evl-20	16.894	3.78105990224994	0	FALSE
PRG1	exc-1	8.924	5.01799374118788	0	FALSE
PRG1	exc-12	15.412	7.57585996734591	0	FALSE
PRG1	exc-13	27.988	4.48626335204968	0	FALSE
PRG1	exc-14	23.464	3.8776493192007	0	FALSE
PRG1	exc-15	27.714	6.56319101579747	0	FALSE
PRG1	exc-4	19.578	7.51749126182412	0	FALSE
PRG1	exc-5	21.774	13.3682952205356	0	FALSE
PRG1	exc-6	17.79	24.0553404018053	0	FALSE
PRG1	exc-7	7.028	11.4218355651789	0	FALSE
PRG1	exc-9	18.65	1.13300518011343	0	FALSE
PRG1	exh-1	27.666	7.54568610944352	0	FALSE
PRG1	exl-1	28.728	0.894401188986693	0	FALSE
PRG1	exo-1	19.792	31.3988914792749	1	TRUE
PRG1	exo-3	14.85	5.92056690648707	0	FALSE
PRG1	exoc-7	26.882	3.98221815055475	0	FALSE
PRG1	exoc-8	26.808	4.72366996487579	0	FALSE
PRG1	exos-1	19.668	28.9019780634567	1	TRUE
PRG1	exos-2	19.956	27.1036569611399	0	FALSE
PRG1	exos-3	26.868	2.80484096657167	0	FALSE
PRG1	exos-4.1	20.028	2.1433334171833	0	FALSE
PRG1	exos-4.2	29.21	2.35138854111537	0	FALSE
PRG1	exos-7	27.484	6.13014333601371	0	FALSE
PRG1	exos-8	26.656	11.431820182075	0	FALSE
PRG1	exos-9	22.814	13.1381482928889	0	FALSE
PRG1	exp-1	16.974	11.2973400038489	0	FALSE
PRG1	exp-2	26.426	4.57088905552217	0	FALSE
PRG1	eya-1	21.622	3.13973761840063	0	FALSE
PRG1	eyg-1	16.776	9.37857611642228	0	FALSE
PRG1	faah-1	23.996	9.6260451615579	0	FALSE
PRG1	faah-2	27.932	1.50650459367814	0	FALSE
PRG1	faah-3	29.002	2.43842365667793	0	FALSE
PRG1	faah-4	27.428	3.51574184003038	0	FALSE
PRG1	faah-5	27.248	4.02139931039817	0	FALSE
PRG1	faah-6	28.154	2.16688772553224	0	FALSE
PRG1	fah-1	29.148	2.37236988163867	0	FALSE
PRG1	fahd-1	27.274	9.45321822360137	0	FALSE
PRG1	famh-136	15.632	9.11826138373408	0	FALSE
PRG1	famh-161	24.614	11.1989021612839	0	FALSE
PRG1	famk-1	25.158	3.64242934150769	0	FALSE
PRG1	famp-1	27.818	4.12684940908751	0	FALSE
PRG1	fan-1	21.948	7.19850197518376	0	FALSE
PRG1	far-1	29.172	3.10483610687074	0	FALSE
PRG1	far-2	28.92	2.71543046158546	0	FALSE
PRG1	far-3	29.194	0.602902525414587	0	FALSE
PRG1	far-4	28.516	2.20602729428946	0	FALSE
PRG1	far-5	27.346	2.40360524531277	0	FALSE
PRG1	far-6	3.348	3.36866718754401	2	FALSE
PRG1	far-7	26.452	8.07467103888288	0	FALSE
PRG1	far-8	27.58	5.48104155387595	0	FALSE
PRG1	fard-1	27.132	4.53312261201444	0	FALSE
PRG1	farl-11	25.27	1.67401987323605	1	TRUE
PRG1	fars-1	21.656	1.85098401731187	0	FALSE
PRG1	fars-2	27.628	3.89349617813154	0	FALSE
PRG1	fars-3	28.666	6.48245286667102	0	FALSE
PRG1	fask-1	23.344	15.4979223267012	0	FALSE
PRG1	fat-1	22.938	4.43782770149226	0	FALSE
PRG1	fat-2	10.272	3.48460418818936	0	FALSE
PRG1	fat-3	28.698	2.20471274538391	0	FALSE
PRG1	fat-4	29.426	0.45946968751867	0	FALSE
PRG1	fat-5	20.838	5.78538229248091	0	FALSE
PRG1	fat-6	11.024	5.55993651941305	0	FALSE
PRG1	fat-7	28.58	4.51703508953333	0	FALSE
PRG1	fath-1	28.048	0.929857535789497	0	FALSE
PRG1	fau-1	20.856	13.023844139483	0	FALSE
PRG1	fax-1	21.338	9.71137778638631	0	FALSE
PRG1	faxc-1	26.102	7.3695831279016	0	FALSE
PRG1	faxc-2	24.7	8.3206999366414	0	FALSE
PRG1	fbf-1	16.248	5.84936716367293	0	FALSE
PRG1	fbf-2	14.72	5.8744931381523	0	FALSE
PRG1	fbl-1	25.524	9.90947487854838	0	FALSE
PRG1	fbp-1	28.624	1.78644197653277	0	FALSE
PRG1	fbxa-1	28.648	2.13220990436426	0	FALSE
PRG1	fbxa-10	26.944	8.2683326967553	0	FALSE
PRG1	fbxa-100	23.062	11.9615475431427	0	FALSE
PRG1	fbxa-101	27.248	6.16970658167864	0	FALSE
PRG1	fbxa-102	25.97	14.1022293915877	0	FALSE
PRG1	fbxa-103	28.89	0.991497790751298	0	FALSE
PRG1	fbxa-104	26.666	10.1714198713576	0	FALSE
PRG1	fbxa-105	29.034	2.42245268688569	0	FALSE
PRG1	fbxa-106	28.756	1.16603780271516	0	FALSE
PRG1	fbxa-107	25.51	11.5426453343267	0	FALSE
PRG1	fbxa-108	22.81	9.40195619102926	0	FALSE
PRG1	fbxa-11	26.384	6.6419303980273	0	FALSE
PRG1	fbxa-111	10.828	3.3294562489034	0	FALSE
PRG1	fbxa-112	28.376	3.86155711576246	0	FALSE
PRG1	fbxa-113	23.278	16.7183281806445	0	FALSE
PRG1	fbxa-114	25.77	5.2199323567556	0	FALSE
PRG1	fbxa-115	28.462	0.945178582335771	0	FALSE
PRG1	fbxa-116	24.642	7.47692161922406	0	FALSE
PRG1	fbxa-118	25.67	7.99494968360311	0	FALSE
PRG1	fbxa-12	27.73	5.42652625603479	0	FALSE
PRG1	fbxa-120	28.098	5.46110334314088	0	FALSE
PRG1	fbxa-125	27.248	5.97293094636256	0	FALSE
PRG1	fbxa-126	25.954	9.13343419208872	0	FALSE
PRG1	fbxa-127	28.094	1.45168274810593	0	FALSE
PRG1	fbxa-128	27.388	2.97271902757541	0	FALSE
PRG1	fbxa-13	19.642	22.1390287829115	0	FALSE
PRG1	fbxa-131	27.238	5.72331408417583	0	FALSE
PRG1	fbxa-133	9.264	15.3870662909423	0	FALSE
PRG1	fbxa-134	27.446	5.71583120228833	0	FALSE
PRG1	fbxa-135	23.666	11.5246423542591	0	FALSE
PRG1	fbxa-136	29.05	2.42422435785569	0	FALSE
PRG1	fbxa-137	27.446	6.37337672707463	0	FALSE
PRG1	fbxa-138	26.626	3.8979674925982	0	FALSE
PRG1	fbxa-139	4.764	4.19972682499519	2	FALSE
PRG1	fbxa-14	19.182	17.5420190950426	0	FALSE
PRG1	fbxa-140	19.93	2.90390692476877	0	FALSE
PRG1	fbxa-141	18.482	33.4609445604298	0	FALSE
PRG1	fbxa-142	26.206	11.9375982070697	0	FALSE
PRG1	fbxa-143	27.426	5.36041074610985	0	FALSE
PRG1	fbxa-144	26.466	12.8406576400864	0	FALSE
PRG1	fbxa-145	12.444	3.52239121205985	0	FALSE
PRG1	fbxa-147	27.554	8.11869351047336	0	FALSE
PRG1	fbxa-148	27.532	2.53306088518746	0	FALSE
PRG1	fbxa-15	13.144	2.9863835484716	0	FALSE
PRG1	fbxa-150	27.32	4.9435356957039	0	FALSE
PRG1	fbxa-151	26.98	7.24594233674727	0	FALSE
PRG1	fbxa-152	27.872	7.08854808366682	0	FALSE
PRG1	fbxa-153	19.374	30.2958010597217	0	FALSE
PRG1	fbxa-154	23.346	4.10832611130795	0	FALSE
PRG1	fbxa-155	23.85	17.6886536221571	0	FALSE
PRG1	fbxa-156	26.09	7.76530817940276	0	FALSE
PRG1	fbxa-157	22.016	18.2554530821595	0	FALSE
PRG1	fbxa-158	23.202	11.371282751596	0	FALSE
PRG1	fbxa-16	10.756	5.36123226520905	0	FALSE
PRG1	fbxa-160	26.838	2.83565166480353	0	FALSE
PRG1	fbxa-163	23.588	11.4610287187442	0	FALSE
PRG1	fbxa-164	23.77	6.01576588761345	0	FALSE
PRG1	fbxa-165	26.692	4.25104669867294	0	FALSE
PRG1	fbxa-166	27.062	7.27542426085336	0	FALSE
PRG1	fbxa-167	28.398	7.14433045699993	0	FALSE
PRG1	fbxa-169	28.032	0.411716268443311	0	FALSE
PRG1	fbxa-170	9.38	1.05807213439655	0	FALSE
PRG1	fbxa-171	12.088	79.2126429463736	0	FALSE
PRG1	fbxa-172	26.752	4.82586387739885	0	FALSE
PRG1	fbxa-174	21.838	32.262862224217	0	FALSE
PRG1	fbxa-176	26.528	6.26782902360569	0	FALSE
PRG1	fbxa-179	24.568	23.3035748389276	0	FALSE
PRG1	fbxa-18	20.6	14.5531114565975	0	FALSE
PRG1	fbxa-181	20.616	2.03280137181514	0	FALSE
PRG1	fbxa-182	26.35	1.21234404895357	0	FALSE
PRG1	fbxa-183	26.432	4.46006759417718	0	FALSE
PRG1	fbxa-184	22.782	4.33759224423038	0	FALSE
PRG1	fbxa-185	18.03	38.0828114139745	0	FALSE
PRG1	fbxa-188	22.396	12.9891944348593	0	FALSE
PRG1	fbxa-189	8.566	6.33450902769736	0	FALSE
PRG1	fbxa-19	26.84	5.87818192254219	0	FALSE
PRG1	fbxa-190	27.298	3.45149439780204	0	FALSE
PRG1	fbxa-192	25.34	7.85250241842966	0	FALSE
PRG1	fbxa-194	14.95	11.0932981253021	0	FALSE
PRG1	fbxa-196	22.192	13.7158656110721	0	FALSE
PRG1	fbxa-197	22.306	5.62093699059011	0	FALSE
PRG1	fbxa-199	27.35	5.81531022557943	0	FALSE
PRG1	fbxa-2	25.948	8.80332833023081	0	FALSE
PRG1	fbxa-201	13.874	3.64492963860497	0	FALSE
PRG1	fbxa-202	27.444	6.47813096511817	0	FALSE
PRG1	fbxa-206	17.804	4.76653671541641	0	FALSE
PRG1	fbxa-208	13.552	1.95396851153053	0	FALSE
PRG1	fbxa-209	4.3	3.99093076784431	2	FALSE
PRG1	fbxa-21	26.782	5.76359557683728	0	FALSE
PRG1	fbxa-210	22.808	10.8871322725114	0	FALSE
PRG1	fbxa-211	28.932	4.06873388820809	0	FALSE
PRG1	fbxa-213	26.498	8.16968273609404	0	FALSE
PRG1	fbxa-214	26.426	5.10149441632613	0	FALSE
PRG1	fbxa-215	26.788	8.55497531554272	0	FALSE
PRG1	fbxa-216	20.918	7.03608572255911	0	FALSE
PRG1	fbxa-218	17.722	4.79453886749969	0	FALSE
PRG1	fbxa-219	22.296	3.47843297782211	0	FALSE
PRG1	fbxa-22	25.952	10.4579981883375	0	FALSE
PRG1	fbxa-220	24.64	6.52721819325052	0	FALSE
PRG1	fbxa-221	26.22	8.73641369059788	0	FALSE
PRG1	fbxa-222	5.422	8.93447984424838	0	FALSE
PRG1	fbxa-224	25.856	4.06192895509039	0	FALSE
PRG1	fbxa-24	2.936	2.34247259728193	2	FALSE
PRG1	fbxa-25	26.968	6.8417381491674	0	FALSE
PRG1	fbxa-26	27.27	6.32948443280528	0	FALSE
PRG1	fbxa-27	25.134	9.09397362174685	0	FALSE
PRG1	fbxa-28	23.622	15.8296248992685	0	FALSE
PRG1	fbxa-29	16.524	2.22217409733828	0	FALSE
PRG1	fbxa-3	28.022	5.73718985211437	0	FALSE
PRG1	fbxa-30	28.206	3.19421611881352	0	FALSE
PRG1	fbxa-31	28.784	2.26255085863717	0	FALSE
PRG1	fbxa-32	27.936	4.41096047041432	0	FALSE
PRG1	fbxa-35	28.466	4.19321818033671	0	FALSE
PRG1	fbxa-36	28.448	2.85849654028677	0	FALSE
PRG1	fbxa-37	9.826	14.1552188097805	0	FALSE
PRG1	fbxa-38	26.288	13.7874864641877	0	FALSE
PRG1	fbxa-39	10.55	7.1593791851305	0	FALSE
PRG1	fbxa-4	26.272	7.87954294860349	0	FALSE
PRG1	fbxa-41	28.368	3.85490133880261	0	FALSE
PRG1	fbxa-42	27.542	5.30630163811299	0	FALSE
PRG1	fbxa-43	18.058	2.70283454779482	0	FALSE
PRG1	fbxa-44	28.094	2.37734821268505	0	FALSE
PRG1	fbxa-45	24.306	19.3382904610117	0	FALSE
PRG1	fbxa-47	27.404	2.91832381009874	0	FALSE
PRG1	fbxa-48	20.42	3.47232447803585	0	FALSE
PRG1	fbxa-5	26.834	10.7303102749883	0	FALSE
PRG1	fbxa-50	27.988	5.68170271759767	0	FALSE
PRG1	fbxa-51	27.062	5.36184973952744	0	FALSE
PRG1	fbxa-52	18.822	2.56218849859522	0	FALSE
PRG1	fbxa-53	19.506	21.0182232644102	0	FALSE
PRG1	fbxa-54	3.296	4.23455007824464	2	FALSE
PRG1	fbxa-55	27.32	7.13067950241163	0	FALSE
PRG1	fbxa-56	23.992	9.41156832267926	0	FALSE
PRG1	fbxa-59	28.032	4.70947160860144	0	FALSE
PRG1	fbxa-6	25.052	12.8220623435071	0	FALSE
PRG1	fbxa-60	22.666	16.2526252015233	0	FALSE
PRG1	fbxa-61	26.41	1.76932737485136	0	FALSE
PRG1	fbxa-62	14.252	5.56400305076826	0	FALSE
PRG1	fbxa-63	25.484	9.76762908788815	0	FALSE
PRG1	fbxa-64	26.276	15.5534711045208	0	FALSE
PRG1	fbxa-65	27.588	6.3895353720098	0	FALSE
PRG1	fbxa-66	27.134	11.0885194970733	0	FALSE
PRG1	fbxa-67	28.54	2.58609604843818	0	FALSE
PRG1	fbxa-69	28.506	0.762382101848739	0	FALSE
PRG1	fbxa-7	24.022	6.91330323035894	0	FALSE
PRG1	fbxa-71	26.976	4.45438752641867	0	FALSE
PRG1	fbxa-72	28.726	6.38196734222841	0	FALSE
PRG1	fbxa-73	28.524	2.89348020997865	0	FALSE
PRG1	fbxa-74	28.61	5.43580872586395	0	FALSE
PRG1	fbxa-75	25.94	9.94270413537216	0	FALSE
PRG1	fbxa-76	25.21	13.7333080186097	0	FALSE
PRG1	fbxa-77	20.782	21.9948530290627	0	FALSE
PRG1	fbxa-79	26.974	5.55451796384822	0	FALSE
PRG1	fbxa-80	28.334	2.23807866565783	0	FALSE
PRG1	fbxa-81	28.048	3.61571270493913	0	FALSE
PRG1	fbxa-82	23.862	3.83728427045656	0	FALSE
PRG1	fbxa-83	29.256	2.42788744993446	0	FALSE
PRG1	fbxa-84	27.094	6.37100641918473	0	FALSE
PRG1	fbxa-85	24.734	15.4624840938865	0	FALSE
PRG1	fbxa-86	24.87	13.5907309725253	0	FALSE
PRG1	fbxa-88	26.306	5.69632742479019	0	FALSE
PRG1	fbxa-89	28.672	1.2075281523085	0	FALSE
PRG1	fbxa-9	27.784	0.82412892770352	0	FALSE
PRG1	fbxa-90	24.712	9.10737889032318	0	FALSE
PRG1	fbxa-94	27.434	5.80051732346037	0	FALSE
PRG1	fbxa-95	21.052	23.0237746047371	0	FALSE
PRG1	fbxa-96	26.56	6.05314672778547	0	FALSE
PRG1	fbxa-98	28.068	1.9998253010846	0	FALSE
PRG1	fbxa-99	28.128	4.39559851451627	0	FALSE
PRG1	fbxb-1	23.33	7.56023450516823	0	FALSE
PRG1	fbxb-10	27.882	4.5658682296291	0	FALSE
PRG1	fbxb-100	27.758	4.63426269141267	0	FALSE
PRG1	fbxb-101	19.364	26.2402869076558	0	FALSE
PRG1	fbxb-102	20.382	13.6343844431902	0	FALSE
PRG1	fbxb-103	26.964	10.3765176923605	0	FALSE
PRG1	fbxb-104	12.468	56.3579372925812	0	FALSE
PRG1	fbxb-105	24.732	13.1213044353652	0	FALSE
PRG1	fbxb-106	27.782	0.939450306976309	0	FALSE
PRG1	fbxb-107	21.72	3.48101009698923	0	FALSE
PRG1	fbxb-108	26.782	2.22350754272393	0	FALSE
PRG1	fbxb-11	26.574	9.46212146319266	0	FALSE
PRG1	fbxb-111	22.842	13.9642463586704	0	FALSE
PRG1	fbxb-112	12.1	5.4285003022682	0	FALSE
PRG1	fbxb-114	25.56	13.7480738792766	0	FALSE
PRG1	fbxb-115	26.414	4.29880623835307	0	FALSE
PRG1	fbxb-116	27.798	3.10849949124914	0	FALSE
PRG1	fbxb-117	27.662	2.66810602530104	0	FALSE
PRG1	fbxb-118	27.304	7.5674315448959	0	FALSE
PRG1	fbxb-119	27.004	7.70957402246829	0	FALSE
PRG1	fbxb-13	28.05	2.08029867535047	0	FALSE
PRG1	fbxb-14	23.32	20.0134438059079	0	FALSE
PRG1	fbxb-15	27.56	4.63021687690835	0	FALSE
PRG1	fbxb-16	24.584	9.84399414332327	0	FALSE
PRG1	fbxb-17	27.63	4.16780366870182	0	FALSE
PRG1	fbxb-18	26.314	7.56516823713408	0	FALSE
PRG1	fbxb-19	27.682	5.40176295105411	0	FALSE
PRG1	fbxb-2	23.074	4.35437643726616	0	FALSE
PRG1	fbxb-20	24.448	1.69252039028942	0	FALSE
PRG1	fbxb-21	23.64	13.2314156016217	0	FALSE
PRG1	fbxb-22	26.896	4.00655793911466	0	FALSE
PRG1	fbxb-24	25.674	14.2039221004527	0	FALSE
PRG1	fbxb-25	26.87	9.00724942755837	0	FALSE
PRG1	fbxb-26	25.504	7.44695307694952	0	FALSE
PRG1	fbxb-29	23.854	5.91739174083755	0	FALSE
PRG1	fbxb-3	27.814	2.51769388066412	0	FALSE
PRG1	fbxb-30	6.892	3.24671021130373	0	FALSE
PRG1	fbxb-31	16.618	6.07512493947509	0	FALSE
PRG1	fbxb-33	26.896	4.17153456116453	0	FALSE
PRG1	fbxb-34	27.756	4.58151248176778	0	FALSE
PRG1	fbxb-35	27.568	4.4553053401524	0	FALSE
PRG1	fbxb-37	28.254	2.09935794646699	0	FALSE
PRG1	fbxb-38	22.128	9.11428670165768	0	FALSE
PRG1	fbxb-39	27.19	8.20109112984341	0	FALSE
PRG1	fbxb-40	18.692	15.6373774333626	0	FALSE
PRG1	fbxb-41	11.788	7.51264165830576	0	FALSE
PRG1	fbxb-42	11.732	2.33850823555961	0	FALSE
PRG1	fbxb-43	24.42	13.9459992376522	0	FALSE
PRG1	fbxb-44	27.634	4.63738590300311	0	FALSE
PRG1	fbxb-45	27.532	4.00214708644926	0	FALSE
PRG1	fbxb-46	26.4	5.32490078887735	0	FALSE
PRG1	fbxb-47	25.306	3.25435551130213	0	FALSE
PRG1	fbxb-48	23.116	1.02946265105439	0	FALSE
PRG1	fbxb-49	25.654	7.86516302072603	0	FALSE
PRG1	fbxb-5	27.124	6.59682898783238	0	FALSE
PRG1	fbxb-50	27.634	5.05124752480444	0	FALSE
PRG1	fbxb-51	27.496	6.31776511124917	0	FALSE
PRG1	fbxb-52	19.948	19.0791025069498	0	FALSE
PRG1	fbxb-53	27.614	3.44138920159556	0	FALSE
PRG1	fbxb-54	25.546	5.2416844179043	0	FALSE
PRG1	fbxb-55	10.404	9.90414355937166	0	FALSE
PRG1	fbxb-56	27.75	5.41740410031456	0	FALSE
PRG1	fbxb-57	27.372	6.97144638854869	0	FALSE
PRG1	fbxb-58	25.458	9.05612624979786	0	FALSE
PRG1	fbxb-59	26.896	8.39411972049975	0	FALSE
PRG1	fbxb-6	25.248	8.45968107799064	0	FALSE
PRG1	fbxb-60	26.126	9.71339439221873	0	FALSE
PRG1	fbxb-61	27.602	4.90645027768402	0	FALSE
PRG1	fbxb-62	15.642	2.9830249187974	0	FALSE
PRG1	fbxb-63	27.714	2.96193796678545	0	FALSE
PRG1	fbxb-64	13.346	3.10778505695528	0	FALSE
PRG1	fbxb-65	23.122	16.1184944987648	0	FALSE
PRG1	fbxb-66	24.116	11.3308216207238	0	FALSE
PRG1	fbxb-67	10.316	3.42215726821818	0	FALSE
PRG1	fbxb-68	24.274	12.2811608336995	0	FALSE
PRG1	fbxb-69	28.212	3.84129661973848	0	FALSE
PRG1	fbxb-7	22.762	7.26968879498439	0	FALSE
PRG1	fbxb-70	19.534	23.9103661218081	0	FALSE
PRG1	fbxb-71	28.22	1.55554954412813	0	FALSE
PRG1	fbxb-72	21.91	7.772426456379	0	FALSE
PRG1	fbxb-74	27.918	2.41459566036824	0	FALSE
PRG1	fbxb-75	24.122	14.0731258965256	0	FALSE
PRG1	fbxb-76	13.614	5.41783380001083	0	FALSE
PRG1	fbxb-77	20.676	19.2985728795871	0	FALSE
PRG1	fbxb-78	22.044	15.4789895087846	0	FALSE
PRG1	fbxb-79	26.398	2.39874960233686	0	FALSE
PRG1	fbxb-8	28.006	4.95722033699343	0	FALSE
PRG1	fbxb-81	23.664	6.79245864132676	0	FALSE
PRG1	fbxb-82	25.774	4.20735260959324	0	FALSE
PRG1	fbxb-83	26.868	5.79418615900889	0	FALSE
PRG1	fbxb-84	27.462	6.53173361883068	0	FALSE
PRG1	fbxb-85	17.886	2.23519760440949	0	FALSE
PRG1	fbxb-87	27.966	6.15830333650923	0	FALSE
PRG1	fbxb-88	26.904	2.58059695079648	0	FALSE
PRG1	fbxb-9	20.962	18.0018228345932	0	FALSE
PRG1	fbxb-90	28.442	4.25568089472988	0	FALSE
PRG1	fbxb-91	27.956	3.72456591002598	0	FALSE
PRG1	fbxb-92	26.726	9.25013595613736	0	FALSE
PRG1	fbxb-93	26.152	5.26986972791211	0	FALSE
PRG1	fbxb-95	26.74	8.44803367762418	0	FALSE
PRG1	fbxb-96	21.448	16.0408040794654	0	FALSE
PRG1	fbxb-97	23.36	10.2127438491162	0	FALSE
PRG1	fbxb-98	24.42	7.74042435857225	0	FALSE
PRG1	fbxb-99	27.484	9.26986742286108	0	FALSE
PRG1	fbxc-11	19.394	3.16879834401126	0	FALSE
PRG1	fbxc-12	19.804	3.59660177659042	0	FALSE
PRG1	fbxc-14	28.034	5.00390112461454	0	FALSE
PRG1	fbxc-15	27.892	4.08863988736989	0	FALSE
PRG1	fbxc-17	27.2	2.57103345350292	0	FALSE
PRG1	fbxc-18	27.748	7.28726654469012	0	FALSE
PRG1	fbxc-19	24.74	14.8049233907498	0	FALSE
PRG1	fbxc-2	20.962	28.3966480053931	0	FALSE
PRG1	fbxc-20	27.788	2.26307778631621	0	FALSE
PRG1	fbxc-21	27.74	4.73684759217424	0	FALSE
PRG1	fbxc-22	28.03	6.86488447225167	0	FALSE
PRG1	fbxc-23	27.838	4.00055355825197	0	FALSE
PRG1	fbxc-24	23.784	6.07035332709908	0	FALSE
PRG1	fbxc-25	7.278	3.76085710956264	0	FALSE
PRG1	fbxc-26	14.816	1.36549433579995	0	FALSE
PRG1	fbxc-27	25.606	6.14669160824099	0	FALSE
PRG1	fbxc-28	20.076	18.2605240835675	0	FALSE
PRG1	fbxc-29	17.288	2.79612591991488	0	FALSE
PRG1	fbxc-30	24.15	4.42512378661887	0	FALSE
PRG1	fbxc-31	28.558	1.94891046943232	0	FALSE
PRG1	fbxc-32	25.974	13.7924903531012	0	FALSE
PRG1	fbxc-33	27.418	5.28002571399448	0	FALSE
PRG1	fbxc-34	24.634	6.27327094179582	0	FALSE
PRG1	fbxc-36	22	5.89131943015308	0	FALSE
PRG1	fbxc-39	25.984	6.27235916277148	0	FALSE
PRG1	fbxc-40	24.98	7.85204482372031	0	FALSE
PRG1	fbxc-42	27.58	3.41943459111018	0	FALSE
PRG1	fbxc-43	25.596	10.8885679561907	0	FALSE
PRG1	fbxc-44	19.75	19.4360812976521	0	FALSE
PRG1	fbxc-45	22.24	16.6655277007615	0	FALSE
PRG1	fbxc-47	18.086	20.7707151399592	0	FALSE
PRG1	fbxc-48	3.818	2.92480760086823	2	FALSE
PRG1	fbxc-49	18.362	30.3515016880666	0	FALSE
PRG1	fbxc-5	22.846	16.1409919297265	0	FALSE
PRG1	fbxc-50	21.74	8.53845299038381	0	FALSE
PRG1	fbxc-51	14.488	2.14548300777079	0	FALSE
PRG1	fbxc-52	26.33	10.2189888734937	0	FALSE
PRG1	fbxc-53	23.954	9.41091868984592	0	FALSE
PRG1	fbxc-54	19.236	4.1415474182033	0	FALSE
PRG1	fbxc-55	2.414	2.24231459862872	2	FALSE
PRG1	fbxc-58	20.01	24.0939947764078	0	FALSE
PRG1	fbxc-7	23.564	4.0109273086266	0	FALSE
PRG1	fbxl-1	21.732	13.5728690968903	0	FALSE
PRG1	fbxl-4	26.124	8.21543904192411	0	FALSE
PRG1	fbxl-5	25.526	7.82076757494526	0	FALSE
PRG1	fbxo-11.2	23.532	4.27129816061731	0	FALSE
PRG1	fcd-2	19.644	2.25962438698886	0	FALSE
PRG1	fce-1	29.666	4.79057524274392	0	FALSE
PRG1	fce-2	17.83	4.72898771824222	0	FALSE
PRG1	fcho-1	18.526	10.1939214085662	1	TRUE
PRG1	fcmt-1	27.484	3.08065661396315	0	FALSE
PRG1	fcp-1	18.426	5.58209726454824	0	FALSE
PRG1	fdgt-2	24.242	30.9134929970767	0	FALSE
PRG1	fdps-1	28.066	4.63992153208922	0	FALSE
PRG1	fdx-2	18.834	9.72535891286753	0	FALSE
PRG1	fecl-1	26.862	7.39303820930068	1	TRUE
PRG1	feh-1	15.782	9.14370327171985	0	FALSE
PRG1	fem-1	20.288	31.7909582390719	0	FALSE
PRG1	fem-2	26.44	9.83878455601521	0	FALSE
PRG1	fem-3	25.514	1.78464780700967	0	FALSE
PRG1	fer-1	27.558	11.3750780487958	0	FALSE
PRG1	fezf-1	21.68	3.44986382865594	0	FALSE
PRG1	fgt-1	23.696	7.34595769668483	0	FALSE
PRG1	fhod-1	18.626	13.7207512326947	0	FALSE
PRG1	fib-1	24.776	10.5718840011632	0	FALSE
PRG1	fic-1	24.798	9.07055186475006	0	FALSE
PRG1	figl-1	19.968	11.4416599288967	0	FALSE
PRG1	figo-1	26.484	5.99855257980814	0	FALSE
PRG1	fil-1	26.982	7.29219380160248	0	FALSE
PRG1	fil-2	28.248	4.25828333909311	0	FALSE
PRG1	fip-1	16.176	7.51571817158292	0	FALSE
PRG1	fip-2	13.054	4.41811584965196	0	FALSE
PRG1	fip-3	17.94	9.70067836110523	0	FALSE
PRG1	fip-4	14.008	4.86286504129321	0	FALSE
PRG1	fip-5	14.81	1.33686629798942	0	FALSE
PRG1	fip-6	17.342	18.3957966402419	0	FALSE
PRG1	fip-7	10.146	2.26754591117291	0	FALSE
PRG1	fipp-1	12.076	7.29531638109255	0	FALSE
PRG1	fipr-1	14.148	6.5840747470386	0	FALSE
PRG1	fipr-10	14.762	4.67867731280497	0	FALSE
PRG1	fipr-11	17.86	5.28618891743307	0	FALSE
PRG1	fipr-12	4.216	1.27290397201127	2	FALSE
PRG1	fipr-13	5.978	4.27039403485023	0	FALSE
PRG1	fipr-14	19.502	5.87733598176395	0	FALSE
PRG1	fipr-15	17.77	6.62201893587276	0	FALSE
PRG1	fipr-16	17.128	3.45833025544126	0	FALSE
PRG1	fipr-17	19.172	7.9848527525092	0	FALSE
PRG1	fipr-18	20.482	7.42928839573788	0	FALSE
PRG1	fipr-19	20.598	4.8952584926739	0	FALSE
PRG1	fipr-2	16.796	5.62320432394018	0	FALSE
PRG1	fipr-20	20.218	1.79917974785077	0	FALSE
PRG1	fipr-21	11.318	2.32962056867673	0	FALSE
PRG1	fipr-22	19.176	3.52255429149242	0	FALSE
PRG1	fipr-23	19.424	4.39093425529108	0	FALSE
PRG1	fipr-24	17.274	0.962271287057658	0	FALSE
PRG1	fipr-25	14.578	7.53288440505105	0	FALSE
PRG1	fipr-26	21.306	4.42805084092789	0	FALSE
PRG1	fipr-27	14.77	1.11456178965162	0	FALSE
PRG1	fipr-28	24.048	3.97349868507013	0	FALSE
PRG1	fipr-29	26.07	9.54920543498627	0	FALSE
PRG1	fipr-3	7.554	3.15581726303642	0	FALSE
PRG1	fipr-4	2.23	2.5367059414764	2	FALSE
PRG1	fipr-5	4.212	4.80556681000211	2	FALSE
PRG1	fipr-6	5.568	5.23520367504045	0	FALSE
PRG1	fipr-7	2.538	2.12911837448484	2	FALSE
PRG1	fipr-8	10.058	3.23500402425202	0	FALSE
PRG1	fipr-9	2.066	2.18080935645088	2	FALSE
PRG1	fis-1	9.036	6.23319772315581	0	FALSE
PRG1	fis-2	27.152	6.17045316893989	0	FALSE
PRG1	fitm-2	15.006	3.8830602987708	0	FALSE
PRG1	fkb-1	8.39	19.2798015018357	0	FALSE
PRG1	fkb-2	3.568	34.7191037921671	0	FALSE
PRG1	fkb-3	26.294	7.29261135876168	0	FALSE
PRG1	fkb-4	24.562	13.0122588775085	0	FALSE
PRG1	fkb-5	26.284	6.6407148906959	0	FALSE
PRG1	fkb-6	13.126	8.21463672873318	1	TRUE
PRG1	fkb-7	19.632	4.47514936829515	0	FALSE
PRG1	fkb-8	22.288	14.1522535446411	0	FALSE
PRG1	fkh-10	20.58	6.26464215531557	0	FALSE
PRG1	fkh-2	19.176	10.341828384662	0	FALSE
PRG1	fkh-3	20.804	14.1066396083	0	FALSE
PRG1	fkh-4	25.492	13.8840885683789	0	FALSE
PRG1	fkh-5	24.292	15.1086788531838	0	FALSE
PRG1	fkh-6	19.82	2.56721578874037	0	FALSE
PRG1	fkh-7	16.332	6.32406064053407	0	FALSE
PRG1	fkh-8	16.386	6.02254110764147	0	FALSE
PRG1	fkh-9	21.298	1.56761777004007	0	FALSE
PRG1	flad-1	26.146	4.27976037734646	0	FALSE
PRG1	flap-1	26.428	7.1231910556787	0	FALSE
PRG1	flcn-1	29.734	1.67999522059632	0	FALSE
PRG1	fld-1	17.064	2.87202077973691	0	FALSE
PRG1	flh-1	24.098	4.96671622312758	1	TRUE
PRG1	flh-2	21.272	2.96898061667036	0	FALSE
PRG1	flh-3	18.032	9.69017442502586	0	FALSE
PRG1	fli-1	26.59	12.6446933673002	0	FALSE
PRG1	flor-1	20.956	16.1710000525212	0	FALSE
PRG1	flp-1	11.08	4.14818960082361	0	FALSE
PRG1	flp-10	16.52	8.51167941450657	0	FALSE
PRG1	flp-11	20.334	9.71765693070525	0	FALSE
PRG1	flp-12	18.756	12.4861200001793	0	FALSE
PRG1	flp-13	19.52	9.50089868396014	0	FALSE
PRG1	flp-14	25.08	7.44894065141604	0	FALSE
PRG1	flp-15	17.212	7.14374407114173	0	FALSE
PRG1	flp-16	20.334	14.0742060225393	0	FALSE
PRG1	flp-17	18.386	4.43690620748997	0	FALSE
PRG1	flp-18	18.926	8.17354952979121	0	FALSE
PRG1	flp-19	8.894	4.01993720755798	0	FALSE
PRG1	flp-2	23.564	4.97322879483658	0	FALSE
PRG1	flp-20	17.046	10.0859600179157	0	FALSE
PRG1	flp-21	10.436	5.39019845453207	0	FALSE
PRG1	flp-22	21.608	1.58549173015894	0	FALSE
PRG1	flp-23	18.758	2.43583302358683	0	FALSE
PRG1	flp-24	10.33	1.70718219637448	0	FALSE
PRG1	flp-25	22.248	5.43501232189035	0	FALSE
PRG1	flp-26	21.868	4.04402422205084	0	FALSE
PRG1	flp-27	19.072	2.02373280082922	0	FALSE
PRG1	flp-28	20.076	12.0692924861476	0	FALSE
PRG1	flp-3	22.25	5.6633672019955	0	FALSE
PRG1	flp-32	19.888	3.63236978675083	0	FALSE
PRG1	flp-33	16.53	23.6365112169379	0	FALSE
PRG1	flp-34	19.49	5.08664913291241	0	FALSE
PRG1	flp-4	19.976	4.35243467168215	0	FALSE
PRG1	flp-5	21.002	2.60825852177453	0	FALSE
PRG1	flp-6	23.268	3.16087604071026	0	FALSE
PRG1	flp-7	17.016	6.57293030126626	0	FALSE
PRG1	flp-8	17.514	8.63571008271654	0	FALSE
PRG1	flp-9	22.908	7.38942692243964	0	FALSE
PRG1	flr-1	25.63	4.56821317508151	0	FALSE
PRG1	flr-2	21.706	11.7390748807021	0	FALSE
PRG1	flr-4	19.286	18.6379439766585	0	FALSE
PRG1	flwr-1	15.442	13.9804331995076	0	FALSE
PRG1	fmil-1	23.344	9.14251284155807	0	FALSE
PRG1	fmo-1	28.074	1.95223102756632	0	FALSE
PRG1	fmo-2	29.558	1.65817184411553	0	FALSE
PRG1	fmo-3	28.256	6.04511303615805	0	FALSE
PRG1	fmo-4	28.11	3.72599671939556	0	FALSE
PRG1	fmo-5	29.168	2.22984049985861	0	FALSE
PRG1	fnci-1	27.72	7.25906461909767	0	FALSE
PRG1	fncm-1	24.416	11.4455467137658	0	FALSE
PRG1	fndc-1	29.106	0.686542030407592	0	FALSE
PRG1	fnip-2	24.354	13.5455806957875	0	FALSE
PRG1	fnta-1	26.9	7.74894557088321	0	FALSE
PRG1	fntb-1	26.258	7.93709847242327	0	FALSE
PRG1	fog-1	25.152	6.68709986010668	0	FALSE
PRG1	fog-2	22.942	7.70971266284248	0	FALSE
PRG1	fog-3	25.066	9.33849115420846	0	FALSE
PRG1	folr-1	23.256	25.2585301188661	0	FALSE
PRG1	folt-1	26.436	5.12412746353301	0	FALSE
PRG1	folt-2	29.28	2.96836579066131	0	FALSE
PRG1	folt-3	28.124	5.05829973754451	0	FALSE
PRG1	fos-1	14.078	3.08498395345002	0	FALSE
PRG1	fox-1	19.876	16.5875554588711	0	FALSE
PRG1	fozi-1	4.596	1.98583189018358	2	FALSE
PRG1	fpn-1.1	20.244	12.6574679014247	0	FALSE
PRG1	fpn-1.2	19.726	0.483063134931428	0	FALSE
PRG1	fre-1	24.714	6.43262055189364	0	FALSE
PRG1	frg-1	26.1	4.80228118212521	0	FALSE
PRG1	frh-1	25.306	12.4690303080708	0	FALSE
PRG1	frk-1	9.928	6.33664922807088	0	FALSE
PRG1	frl-1	23.058	7.18795456681112	0	FALSE
PRG1	frm-10	14.908	2.85156795018809	0	FALSE
PRG1	frm-2	7.162	0.901641122086731	0	FALSE
PRG1	frm-3	17.402	24.6517494234649	0	FALSE
PRG1	frm-4	24.854	16.0537942586709	0	FALSE
PRG1	frm-5.1	5.864	5.52402804514595	0	FALSE
PRG1	frm-5.2	18.05	3.44939308111575	0	FALSE
PRG1	frm-7	20.176	3.72596792554862	0	FALSE
PRG1	frm-8	15.362	27.0047650557235	0	FALSE
PRG1	frpr-1	23.184	2.95117435766443	0	FALSE
PRG1	frpr-10	23.654	12.6571920054158	0	FALSE
PRG1	frpr-11	25.126	6.4850816769545	0	FALSE
PRG1	frpr-12	9.498	85.5769055342153	0	FALSE
PRG1	frpr-13	22.606	1.90307551717	0	FALSE
PRG1	frpr-14	20.838	2.28097910010756	0	FALSE
PRG1	frpr-15	14.658	6.22831069397359	0	FALSE
PRG1	frpr-16	17.182	10.3690258238456	0	FALSE
PRG1	frpr-17	18.588	3.10481047328899	0	FALSE
PRG1	frpr-18	17.448	17.2777740330652	0	FALSE
PRG1	frpr-19	19.186	5.97268240015651	0	FALSE
PRG1	frpr-2	18.488	10.3912683025189	0	FALSE
PRG1	frpr-21	24.078	11.3113214379943	0	FALSE
PRG1	frpr-3	3.004	3.58996264035763	2	FALSE
PRG1	frpr-4	24.204	10.4679775077306	0	FALSE
PRG1	frpr-5	15.052	3.57875563796042	0	FALSE
PRG1	frpr-6	13.09	1.88137667777307	0	FALSE
PRG1	frpr-7	25.644	7.66474914041317	0	FALSE
PRG1	frpr-8	17.896	26.685131705564	0	FALSE
PRG1	frpr-9	21.324	12.2712494412568	0	FALSE
PRG1	fshr-1	16.52	4.43812357054935	0	FALSE
PRG1	fsn-1	23.224	2.50919277973263	0	FALSE
PRG1	ftn-1	27.734	3.20962461048505	0	FALSE
PRG1	ftn-2	28.268	4.63025754081467	0	FALSE
PRG1	ftr-1	28.718	2.54308046124143	0	FALSE
PRG1	ftt-2	24.394	17.2209009480492	0	FALSE
PRG1	fubl-1	3.618	3.37610425309065	2	FALSE
PRG1	fubl-2	4.142	6.30356960061685	2	FALSE
PRG1	fubl-3	18.268	3.214905308478	0	FALSE
PRG1	fubl-4	18.058	4.61667180830234	0	FALSE
PRG1	fum-1	28.102	7.21212402936677	0	FALSE
PRG1	fusm-2	21.192	2.63499647347154	0	FALSE
PRG1	fust-1	9.212	71.5668275541006	0	FALSE
PRG1	fut-1	23.916	20.0109361933258	0	FALSE
PRG1	fut-2	26.266	8.45891675375885	0	FALSE
PRG1	fut-3	23.492	6.85606677601804	0	FALSE
PRG1	fut-4	4.76	3.77274894875378	2	FALSE
PRG1	fut-5	3.832	2.03314730488335	2	FALSE
PRG1	fut-6	24.716	10.0199295691645	0	FALSE
PRG1	fut-8	17.864	3.06775482598684	0	FALSE
PRG1	fzo-1	13.946	1.63245396681092	0	FALSE
PRG1	fzr-1	18.016	13.0324176087951	0	FALSE
PRG1	fzy-1	22.802	11.8682584344664	0	FALSE
PRG1	gab-1	24.098	7.47885361490843	0	FALSE
PRG1	gad-1	24.778	17.3642004920005	0	FALSE
PRG1	gad-2	22.028	15.5081431795071	0	FALSE
PRG1	gad-3	27.358	6.0568627508078	1	TRUE
PRG1	gadr-2	21.38	16.2577976854889	0	FALSE
PRG1	gadr-3	26.328	8.24801094847519	0	FALSE
PRG1	gadr-4	28.486	5.38753124882572	0	FALSE
PRG1	gadr-5	24.928	10.4421972307087	0	FALSE
PRG1	gadr-6	29.224	2.10611714132189	0	FALSE
PRG1	gakh-1	8.914	5.68968442421547	0	FALSE
PRG1	gale-1	26.58	5.81480183186205	0	FALSE
PRG1	galt-1	18.968	9.02122424580289	0	FALSE
PRG1	gana-1	27.644	9.8191040304434	0	FALSE
PRG1	gap-1	25.35	4.78571063388246	0	FALSE
PRG1	gap-2	18.492	3.44940310289641	0	FALSE
PRG1	gap-3	24.334	5.65837750919765	0	FALSE
PRG1	gar-1	19.81	7.61505473393842	0	FALSE
PRG1	gar-2	12.648	1.4848441521704	0	FALSE
PRG1	gar-3	8.436	3.2078048966971	0	FALSE
PRG1	garr-1	23.332	17.0814805459194	0	FALSE
PRG1	gars-1	24.998	5.64345776759787	0	FALSE
PRG1	gas-1	29.572	0.581001801566739	0	FALSE
PRG1	gasr-8	22.926	6.59677054313923	0	FALSE
PRG1	gba-1	28.27	3.33222181848763	0	FALSE
PRG1	gba-2	24.726	2.60484096591288	0	FALSE
PRG1	gba-3	27.3	4.4561610110354	0	FALSE
PRG1	gba-4	26.988	4.83128547702243	0	FALSE
PRG1	gbas-1	25.488	8.87673822454486	1	TRUE
PRG1	gbb-1	22.072	10.1399745027143	0	FALSE
PRG1	gbb-2	19.05	18.4944224528667	0	FALSE
PRG1	gbf-1	17.092	23.319291526365	1	TRUE
PRG1	gbh-1	29.082	3.70721630183767	0	FALSE
PRG1	gbh-2	24.838	15.1577948819216	0	FALSE
PRG1	gcc-1	26.964	5.18784129687804	0	FALSE
PRG1	gcc-2	20.398	19.3202348851481	0	FALSE
PRG1	gck-1	23.018	10.5434218199462	0	FALSE
PRG1	gck-2	17.544	3.27650712365013	0	FALSE
PRG1	gck-3	21.57	16.1181578166065	0	FALSE
PRG1	gck-4	16.302	8.33987306622673	0	FALSE
PRG1	gcl-1	20.73	7.82517633905822	0	FALSE
PRG1	gcn-2	25.336	10.7639927172789	1	TRUE
PRG1	gcna-1	19.666	12.7871082439188	0	FALSE
PRG1	gcp-2.1	22.278	13.5506746818505	0	FALSE
PRG1	gcp-2.2	7.7	5.28892018033694	0	FALSE
PRG1	gcs-1	25.298	4.90980681472174	0	FALSE
PRG1	gcsh-1	26.702	6.52214223582754	0	FALSE
PRG1	gcsh-2	28.026	2.21878252779151	0	FALSE
PRG1	gcst-1	25.358	9.03999222367312	0	FALSE
PRG1	gcy-1	25.754	16.3182109858288	0	FALSE
PRG1	gcy-11	25.992	8.12883356917493	0	FALSE
PRG1	gcy-12	18.952	37.6905153391578	0	FALSE
PRG1	gcy-13	26.638	2.59821573535752	0	FALSE
PRG1	gcy-14	27.618	4.26754055340457	0	FALSE
PRG1	gcy-15	26.718	2.87664912031749	0	FALSE
PRG1	gcy-17	27.082	6.27725383037724	0	FALSE
PRG1	gcy-18	28.266	3.22636705443184	0	FALSE
PRG1	gcy-19	27.678	1.50045189616154	0	FALSE
PRG1	gcy-2	23.57	15.3677333945987	0	FALSE
PRG1	gcy-20	14.804	0.765128275581958	0	FALSE
PRG1	gcy-21	27.41	5.89023097506697	0	FALSE
PRG1	gcy-22	27.988	4.72302856656382	0	FALSE
PRG1	gcy-23	28.262	2.45606309596963	0	FALSE
PRG1	gcy-25	16.7	36.3536677243894	0	FALSE
PRG1	gcy-27	17.124	31.7282551860126	0	FALSE
PRG1	gcy-28	27.62	0.691234000435798	0	FALSE
PRG1	gcy-29	18.53	1.62124326883969	0	FALSE
PRG1	gcy-3	11.694	3.09189360550838	0	FALSE
PRG1	gcy-31	24.902	7.82767879354528	0	FALSE
PRG1	gcy-32	27.154	6.08702301996349	0	FALSE
PRG1	gcy-33	15.068	7.65646888207673	0	FALSE
PRG1	gcy-34	20.062	31.9401490725245	0	FALSE
PRG1	gcy-35	22.136	15.1168732334434	0	FALSE
PRG1	gcy-36	16.694	6.62051325725026	0	FALSE
PRG1	gcy-37	27.902	6.91620332706313	0	FALSE
PRG1	gcy-4	24.712	13.6296345154419	0	FALSE
PRG1	gcy-5	24.518	14.879348614261	0	FALSE
PRG1	gcy-6	29.23	2.37060748459482	0	FALSE
PRG1	gcy-7	26.918	5.40944607060271	0	FALSE
PRG1	gcy-8	28.554	2.72577817745452	0	FALSE
PRG1	gcy-9	22.092	16.7345100633434	0	FALSE
PRG1	gdh-1	26.508	9.66572532484671	0	FALSE
PRG1	gdi-1	11.068	4.32429145453782	0	FALSE
PRG1	gegf-1	3.608	1.41867892373279	2	FALSE
PRG1	gei-1	21.006	12.040348111361	0	FALSE
PRG1	gei-13	15.926	4.81291633448552	0	FALSE
PRG1	gei-14	11.05	2.24791716712656	0	FALSE
PRG1	gei-15	15.01	5.91101212866591	0	FALSE
PRG1	gei-17	17.292	6.80573377137579	0	FALSE
PRG1	gei-18	11.36	5.65816420828305	0	FALSE
PRG1	gei-3	24.532	5.15877736541704	0	FALSE
PRG1	gei-4	19.62	10.511730442406	0	FALSE
PRG1	gei-6	17.662	13.6637429796583	0	FALSE
PRG1	gei-8	6.256	7.93103093091197	0	FALSE
PRG1	gem-1	19.914	6.17917151347574	0	FALSE
PRG1	gem-4	22.98	5.71595208712446	0	FALSE
PRG1	gen-1	24.06	6.87025001481161	0	FALSE
PRG1	ger-1	18.532	24.5811764957481	0	FALSE
PRG1	ges-1	28.018	1.26273725895092	0	FALSE
PRG1	gex-2	29.638	1.55268488261653	0	FALSE
PRG1	gex-3	29.784	0.371304493713381	0	FALSE
PRG1	gex-4	21.4	20.1863750360223	0	FALSE
PRG1	gex-5	19.22	10.6719355938118	0	FALSE
PRG1	gfat-1	26.798	4.45685944909564	0	FALSE
PRG1	gfat-2	27.154	5.17452583192354	1	TRUE
PRG1	gfi-1	25.548	7.91537137209032	0	FALSE
PRG1	gfi-2	22.352	5.52513301983169	0	FALSE
PRG1	gfi-3	27.556	3.47923775157218	0	FALSE
PRG1	gfl-1	21.92	12.1916299435901	0	FALSE
PRG1	gfm-1	24.582	3.52422737736533	0	FALSE
PRG1	gfrp-1	22.8	16.1151237825698	0	FALSE
PRG1	ggr-1	22.114	12.8248808226591	0	FALSE
PRG1	ggtb-1	28.272	4.99299532100463	0	FALSE
PRG1	ghi-1	26.536	8.22806273272559	0	FALSE
PRG1	gid-1	22.4	4.62253019410454	0	FALSE
PRG1	gid-2	27.878	3.4994870607054	0	FALSE
PRG1	gid-7	26.852	6.9288802752577	0	FALSE
PRG1	gid-8	13.634	21.62462377717	0	FALSE
PRG1	gip-1	21.03	20.9670773805963	0	FALSE
PRG1	gip-2	25.236	4.79904219862952	0	FALSE
PRG1	gipc-1	25.786	9.3347489750599	0	FALSE
PRG1	gipc-2	26.674	4.94626704880026	0	FALSE
PRG1	git-1	22.836	5.27494774118332	0	FALSE
PRG1	gkow-1	12.522	3.11728158731656	1	TRUE
PRG1	gla-3	14.024	2.39784439567648	1	TRUE
PRG1	glam-1	5.832	1.83638693216602	0	FALSE
PRG1	glam-2	14.85	3.62230728829114	0	FALSE
PRG1	glam-3	22.76	7.373586258316	0	FALSE
PRG1	glam-5	24.256	14.0378576870467	0	FALSE
PRG1	glb-1	29.562	3.45513122878747	0	FALSE
PRG1	glb-10	26.616	8.28249244753633	0	FALSE
PRG1	glb-11	16.262	3.09377890710223	0	FALSE
PRG1	glb-12	17.778	6.33440512461695	0	FALSE
PRG1	glb-13	22.58	19.2895853161599	0	FALSE
PRG1	glb-14	5.412	3.07914507944884	0	FALSE
PRG1	glb-15	27.5	4.17944596747479	0	FALSE
PRG1	glb-16	23.072	10.0267322948045	0	FALSE
PRG1	glb-17	4.616	11.1653607862193	0	FALSE
PRG1	glb-18	4.406	1.54435096107163	2	FALSE
PRG1	glb-19	23.29	10.4443029636361	0	FALSE
PRG1	glb-2	11.044	4.31197245112648	0	FALSE
PRG1	glb-20	19.104	3.36713429518929	0	FALSE
PRG1	glb-21	18.708	1.41696008158489	0	FALSE
PRG1	glb-22	22.176	9.33172481799524	0	FALSE
PRG1	glb-23	24.334	5.50221913554662	0	FALSE
PRG1	glb-24	22.45	8.93048557755564	0	FALSE
PRG1	glb-25	28.738	5.30940849572689	0	FALSE
PRG1	glb-26	28.542	2.62611775480479	0	FALSE
PRG1	glb-27	22.186	9.51373788585106	0	FALSE
PRG1	glb-28	27.142	8.04683474049021	0	FALSE
PRG1	glb-29	22.784	16.025201897796	0	FALSE
PRG1	glb-3	26.72	8.89337636579564	0	FALSE
PRG1	glb-30	24.732	4.97663296256487	0	FALSE
PRG1	glb-31	23.758	7.61385730433849	0	FALSE
PRG1	glb-32	26.934	5.46255718612621	0	FALSE
PRG1	glb-33	28.46	4.04656004496928	0	FALSE
PRG1	glb-34	26.638	5.25218960884307	0	FALSE
PRG1	glb-4	24.748	7.6337945519722	0	FALSE
PRG1	glb-5	25.5	8.07667028205681	0	FALSE
PRG1	glb-6	25.56	12.3824900421624	0	FALSE
PRG1	glb-7	26.294	9.45962505563038	0	FALSE
PRG1	glb-8	19.966	1.91983618296404	0	FALSE
PRG1	glb-9	23.19	6.16169977110024	0	FALSE
PRG1	glc-1	25.682	7.40480441312635	0	FALSE
PRG1	glc-2	14.604	3.57368100270243	0	FALSE
PRG1	glc-3	26.218	10.7916644463951	0	FALSE
PRG1	glc-4	27.776	2.13260097620199	0	FALSE
PRG1	glct-1	27.848	4.84916776122673	0	FALSE
PRG1	glct-2	25.698	6.77002676435665	0	FALSE
PRG1	glct-3	8.294	4.25132136980179	0	FALSE
PRG1	glct-4	24.92	11.8587092664494	0	FALSE
PRG1	glct-5	27.786	4.50784351912258	0	FALSE
PRG1	glct-6	20.68	21.3668244628998	0	FALSE
PRG1	gld-1	7.724	5.99305900713528	1	TRUE
PRG1	gld-2	11.786	16.0732594800839	1	TRUE
PRG1	gld-3	23.916	5.08519120927012	0	FALSE
PRG1	gld-4	3.458	3.27430418848309	2	FALSE
PRG1	gldc-1	22.118	9.4957887374733	0	FALSE
PRG1	gldi-1	10.05	5.31337693525292	0	FALSE
PRG1	gldi-10	5.402	5.85302347822731	0	FALSE
PRG1	gldi-11	20.348	17.8885807276209	0	FALSE
PRG1	gldi-2	14.48	11.0219566517564	0	FALSE
PRG1	gldi-4	13.092	5.09231464297144	0	FALSE
PRG1	gldi-5	26.422	8.26806039464965	0	FALSE
PRG1	gldi-6	27.91	4.21060851719116	0	FALSE
PRG1	gldi-7	10.542	34.7737152292208	0	FALSE
PRG1	gldi-8	14.044	1.19742654568943	0	FALSE
PRG1	gldi-9	18.83	2.23553533508754	0	FALSE
PRG1	gldr-2	25.232	9.23317444036292	0	FALSE
PRG1	glf-1	28.512	1.32847341172824	0	FALSE
PRG1	glh-1	19.734	4.06002504291685	1	TRUE
PRG1	glh-2	21.038	5.1973630397554	1	TRUE
PRG1	glh-3	15.7	40.1032431653325	1	TRUE
PRG1	glh-4	20.54	12.1280142995194	1	TRUE
PRG1	glit-1	25.19	4.05165764653112	0	FALSE
PRG1	gln-1	7.056	5.20879126282195	0	FALSE
PRG1	gln-2	27.076	2.55461052260893	0	FALSE
PRG1	gln-3	25.426	9.37579516501004	0	FALSE
PRG1	gln-5	27.45	5.45287169984929	0	FALSE
PRG1	gln-6	26.198	2.66969574619221	0	FALSE
PRG1	glna-1	20.02	8.13680027744145	0	FALSE
PRG1	glna-2	24.97	9.47604240206359	0	FALSE
PRG1	glna-3	18.332	5.92601077429883	0	FALSE
PRG1	glo-1	21.556	4.64621829663492	0	FALSE
PRG1	glo-2	24.82	4.41070673423488	0	FALSE
PRG1	glo-3	23.604	2.21512257743204	0	FALSE
PRG1	glo-4	28.108	2.02764273602197	0	FALSE
PRG1	glod-4	7.592	5.61107689262736	0	FALSE
PRG1	glp-1	14.184	6.65573735774611	0	FALSE
PRG1	glp-4	25.188	3.31791036412058	0	FALSE
PRG1	glr-1	13.632	3.72837372393338	0	FALSE
PRG1	glr-10	28.884	0.111112079600341	0	FALSE
PRG1	glr-2	13.432	5.76136773096151	0	FALSE
PRG1	glr-3	28.504	2.3406561718025	0	FALSE
PRG1	glr-4	20.278	14.0879704741057	0	FALSE
PRG1	glr-5	27.736	1.37257257605418	0	FALSE
PRG1	glr-6	25.704	9.92092479269912	0	FALSE
PRG1	glr-7	28.606	1.4795410821719	0	FALSE
PRG1	glr-8	24.49	6.20923361404067	0	FALSE
PRG1	glr-9	24.71	6.54035573186095	0	FALSE
PRG1	glrx-10	26.034	7.63499517767863	0	FALSE
PRG1	glrx-21	27.75	2.11310718581323	0	FALSE
PRG1	glrx-22	26.544	5.32671646651052	0	FALSE
PRG1	glrx-3	26.03	9.49779592416228	0	FALSE
PRG1	glrx-5	28.336	3.79532783143842	0	FALSE
PRG1	gls-1	10.42	3.10457315155889	1	TRUE
PRG1	glt-1	27.024	8.90961136006223	0	FALSE
PRG1	glt-3	20.512	15.407097225363	0	FALSE
PRG1	glt-4	29.166	2.21560824953487	0	FALSE
PRG1	glt-5	28.276	2.03600075834973	0	FALSE
PRG1	glt-6	26.08	17.2432009032274	0	FALSE
PRG1	glt-7	11.024	3.87125286017993	0	FALSE
PRG1	gly-1	26.528	2.85724885290116	0	FALSE
PRG1	gly-10	23.838	7.45146329515309	0	FALSE
PRG1	gly-11	23.94	18.0004581850369	0	FALSE
PRG1	gly-12	25.086	9.27797527890901	0	FALSE
PRG1	gly-13	28.798	2.75294302646014	0	FALSE
PRG1	gly-14	27.496	6.11071562686919	0	FALSE
PRG1	gly-15	28.02	6.51396258535658	0	FALSE
PRG1	gly-16	26.444	7.6640430736562	0	FALSE
PRG1	gly-17	26.922	2.78599905361751	0	FALSE
PRG1	gly-18	26.222	7.42600402064837	0	FALSE
PRG1	gly-19	24.332	14.0405173575728	0	FALSE
PRG1	gly-2	25.528	4.1511390963702	0	FALSE
PRG1	gly-20	28.004	7.31496345189731	0	FALSE
PRG1	gly-3	23.116	2.16226843350999	0	FALSE
PRG1	gly-4	20.68	4.83317154225078	0	FALSE
PRG1	gly-5	21.448	7.58613418969807	0	FALSE
PRG1	gly-6	22.886	9.63095030933615	0	FALSE
PRG1	gly-7	26.028	3.86312779706623	0	FALSE
PRG1	gly-8	26.782	8.82407845216074	0	FALSE
PRG1	gly-9	24.506	13.3927044342206	0	FALSE
PRG1	gmap-1	23.154	11.0485403812045	0	FALSE
PRG1	gmap-2	27.122	8.08713350698054	0	FALSE
PRG1	gmap-3	23.25	13.2907749514131	0	FALSE
PRG1	gmd-2	16.522	3.46726328376164	0	FALSE
PRG1	gmeb-1	18.466	33.5522748208612	0	FALSE
PRG1	gmeb-2	16.424	7.09146175439979	0	FALSE
PRG1	gmeb-3	19.162	6.75402526088844	0	FALSE
PRG1	gmn-1	13.804	1.46739085400393	0	FALSE
PRG1	gmps-1	25.624	6.08770472657679	1	TRUE
PRG1	gna-1	28.398	4.21017131361515	0	FALSE
PRG1	gna-2	23.85	10.8919891063506	1	TRUE
PRG1	gnrr-1	20.506	25.7457812028864	0	FALSE
PRG1	gnrr-2	11.552	0.908727387258359	0	FALSE
PRG1	gnrr-3	14.094	7.68523784316134	0	FALSE
PRG1	gnrr-4	21.702	10.9854661081703	0	FALSE
PRG1	gnrr-5	17.834	2.70215588068413	0	FALSE
PRG1	gnrr-6	23.038	10.9586012195338	0	FALSE
PRG1	gnrr-7	13.612	5.31119010164271	0	FALSE
PRG1	goa-1	25.626	10.7183890458241	0	FALSE
PRG1	gob-1	20.738	11.3900010817868	1	TRUE
PRG1	golg-2	24.22	11.2477172974029	1	TRUE
PRG1	golg-4	15.91	10.1029141057478	1	TRUE
PRG1	gon-1	28.094	2.18663281837868	0	FALSE
PRG1	gon-14	20.368	3.54540847101434	0	FALSE
PRG1	gon-2	21.174	6.0031816611107	0	FALSE
PRG1	gon-4	22.114	6.9315830977277	0	FALSE
PRG1	gop-1	22.784	4.91029981313648	0	FALSE
PRG1	gop-2	22.044	17.1815003356016	0	FALSE
PRG1	gop-3	28.198	3.46712700461514	0	FALSE
PRG1	gopc-1	27.776	4.82394603234381	0	FALSE
PRG1	gos-28	25.02	1.18429515507826	0	FALSE
PRG1	got-1.2	6.222	10.0211223722198	0	FALSE
PRG1	got-2.1	28.012	3.93583548411406	0	FALSE
PRG1	got-2.2	28.28	4.87996586547367	0	FALSE
PRG1	gpa-1	20.998	23.0551122747613	0	FALSE
PRG1	gpa-10	25.096	9.96718850419418	0	FALSE
PRG1	gpa-11	22.438	4.94168233551329	0	FALSE
PRG1	gpa-12	25.134	8.55339099971239	0	FALSE
PRG1	gpa-13	23.348	13.1440428642954	0	FALSE
PRG1	gpa-14	20.402	21.986332561368	0	FALSE
PRG1	gpa-15	11.78	3.88966903035101	0	FALSE
PRG1	gpa-16	22.752	5.31007094764235	0	FALSE
PRG1	gpa-17	24.194	4.26763454222782	0	FALSE
PRG1	gpa-18	26.146	5.97614778483047	0	FALSE
PRG1	gpa-2	24.02	1.48859776675946	0	FALSE
PRG1	gpa-3	24.886	14.0691142828122	0	FALSE
PRG1	gpa-4	17.442	16.8961547746124	0	FALSE
PRG1	gpa-5	25.612	4.20749017195471	0	FALSE
PRG1	gpa-6	18.51	22.224414775843	0	FALSE
PRG1	gpa-7	27.452	7.28846651554144	0	FALSE
PRG1	gpa-8	20.914	4.16725097493543	0	FALSE
PRG1	gpa-9	23.752	2.59624604381995	0	FALSE
PRG1	gpaa-1	25.584	6.47196224995122	0	FALSE
PRG1	gpap-1	10.206	7.07865206649808	0	FALSE
PRG1	gpb-1	28.44	1.40888505693736	0	FALSE
PRG1	gpb-2	26.278	9.1426001056526	0	FALSE
PRG1	gpc-1	6.714	36.9729489550104	0	FALSE
PRG1	gpc-2	16.134	18.0967593405664	0	FALSE
PRG1	gpch-1	25.544	8.07366134548277	0	FALSE
PRG1	gpcp-1	15.284	0.534750503577666	0	FALSE
PRG1	gpcp-2	22.04	6.63619562906578	1	TRUE
PRG1	gpd-1	29.248	3.74063608257076	0	FALSE
PRG1	gpd-2	27.348	2.1442310128425	0	FALSE
PRG1	gpd-3	28.712	3.50875027815817	0	FALSE
PRG1	gpd-4	24.888	5.5731131832171	0	FALSE
PRG1	gpdh-1	28.506	5.32768532553345	0	FALSE
PRG1	gpdh-2	29.596	2.72887732466693	0	FALSE
PRG1	gpdh-3	25.764	3.03922597778321	0	FALSE
PRG1	gphr-1	28.048	3.55338848934684	0	FALSE
PRG1	gphr-2	26.06	9.97051712520856	0	FALSE
PRG1	gpi-1	27.152	11.3439480123503	0	FALSE
PRG1	gplb-1	25.146	7.26116107152349	0	FALSE
PRG1	gpn-1	20.43	10.1359412755895	0	FALSE
PRG1	gpr-1	27.166	2.24071175162116	0	FALSE
PRG1	gpr-158	17.682	4.14885594860767	0	FALSE
PRG1	gpr-2	24.62	6.14639136373442	0	FALSE
PRG1	gpx-1	28.798	2.94314572709126	0	FALSE
PRG1	gpx-2	27.24	7.74557034594058	0	FALSE
PRG1	gpx-3	21.968	22.3676375700751	0	FALSE
PRG1	gpx-4	16.446	4.4517858254951	0	FALSE
PRG1	gpx-5	26.516	0.980032243734623	0	FALSE
PRG1	gpx-6	26.784	1.02710566690857	0	FALSE
PRG1	gpx-7	19.718	22.6386016769439	0	FALSE
PRG1	gpx-8	27.404	5.05197097471936	0	FALSE
PRG1	gras-1	15.774	1.8664553920842	0	FALSE
PRG1	grd-1	27.924	2.26754882801018	0	FALSE
PRG1	grd-10	26.896	6.48231018696761	0	FALSE
PRG1	grd-11	24.264	11.2342627299569	0	FALSE
PRG1	grd-12	15.282	6.51387022081171	0	FALSE
PRG1	grd-13	26.996	5.6980265712412	0	FALSE
PRG1	grd-14	26.624	4.31962334867111	0	FALSE
PRG1	grd-15	23.362	4.17200601268777	0	FALSE
PRG1	grd-16	20.556	14.5448423245866	0	FALSE
PRG1	grd-2	26.024	5.48622798182005	0	FALSE
PRG1	grd-3	22.284	9.93211987781052	0	FALSE
PRG1	grd-4	23.026	1.08468637492085	0	FALSE
PRG1	grd-5	27.9	3.21863001012812	0	FALSE
PRG1	grd-6	15.492	28.0311640723267	0	FALSE
PRG1	grd-7	23.962	5.73596785876622	0	FALSE
PRG1	grd-8	23.968	8.86397035866066	0	FALSE
PRG1	grd-9	18.792	22.4508910101792	0	FALSE
PRG1	grdn-1	7.916	5.88306933432617	0	FALSE
PRG1	grh-1	12.622	3.54728856852912	0	FALSE
PRG1	grif-1	19.308	13.3743459989996	0	FALSE
PRG1	grk-1	18.526	2.67303804066602	0	FALSE
PRG1	grk-2	27.202	1.97326706255078	0	FALSE
PRG1	grl-1	22.21	7.77775913046333	0	FALSE
PRG1	grl-10	13.282	17.3772370648364	0	FALSE
PRG1	grl-11	21.898	15.911776296984	0	FALSE
PRG1	grl-12	21.532	6.88198936354295	0	FALSE
PRG1	grl-13	21.238	21.5540491566624	0	FALSE
PRG1	grl-14	21.954	1.45103059421555	0	FALSE
PRG1	grl-15	25.34	11.0078202522013	0	FALSE
PRG1	grl-16	21.024	6.06907525632908	0	FALSE
PRG1	grl-17	9.854	73.8559932606776	0	FALSE
PRG1	grl-18	18.74	18.832971169753	0	FALSE
PRG1	grl-19	26.58	4.44285427218162	0	FALSE
PRG1	grl-2	11.096	7.20264830420334	0	FALSE
PRG1	grl-20	23.04	9.64928775087318	0	FALSE
PRG1	grl-21	23.992	11.270233875674	0	FALSE
PRG1	grl-22	25.596	7.94590489993252	0	FALSE
PRG1	grl-23	15.914	2.85777091744496	0	FALSE
PRG1	grl-24	21.526	18.0111676844676	0	FALSE
PRG1	grl-25	19.752	8.49230342982437	0	FALSE
PRG1	grl-26	23.452	3.6622768803914	0	FALSE
PRG1	grl-27	27.834	2.75922938219468	0	FALSE
PRG1	grl-28	26.608	1.88614896315989	0	FALSE
PRG1	grl-29	22.166	4.19010542299247	0	FALSE
PRG1	grl-3	10.052	4.19210659755313	0	FALSE
PRG1	grl-30	22.984	6.03817798967493	0	FALSE
PRG1	grl-31	25.264	7.12210121994895	0	FALSE
PRG1	grl-4	11.402	3.34737234229092	0	FALSE
PRG1	grl-5	16.962	8.5726172776271	0	FALSE
PRG1	grl-6	26.382	3.38386688888355	0	FALSE
PRG1	grl-7	21.08	17.6057250418415	0	FALSE
PRG1	grl-8	23.34	5.15885351129195	0	FALSE
PRG1	grl-9	10.45	26.9465936165254	0	FALSE
PRG1	grld-1	19	28.7845661168862	0	FALSE
PRG1	gro-1	22.824	12.3184448104237	0	FALSE
PRG1	grp-1	27.334	4.37062748850573	0	FALSE
PRG1	grsp-1	19.526	10.3802736828382	0	FALSE
PRG1	grsp-2	9.292	2.58779483988859	0	FALSE
PRG1	grsp-3	16.82	4.13252034625613	0	FALSE
PRG1	grsp-4	15.298	20.565147479519	0	FALSE
PRG1	grwd-1	14.112	7.06103820805292	0	FALSE
PRG1	gsa-1	9.738	5.23187643446796	0	FALSE
PRG1	gsk-3	17.872	2.02107381511416	0	FALSE
PRG1	gskl-2	22.906	12.7574137883172	0	FALSE
PRG1	gsnl-1	26.514	4.79516106283373	1	TRUE
PRG1	gsox-1	13.706	11.8297251310286	0	FALSE
PRG1	gsp-1	27.302	13.1618242165648	0	FALSE
PRG1	gsp-2	29.384	2.68720221015341	0	FALSE
PRG1	gsp-3	27.74	5.98706940843043	0	FALSE
PRG1	gsp-4	28.16	5.92906856022091	0	FALSE
PRG1	gspd-1	29.15	1.71646613236938	0	FALSE
PRG1	gsr-1	29.83	1.22509196879796	1	TRUE
PRG1	gss-1	18.626	2.87911983213771	0	FALSE
PRG1	gst-1	29.558	2.05907501517633	0	FALSE
PRG1	gst-10	27.828	4.56158363833908	0	FALSE
PRG1	gst-11	17.936	2.39793160791694	0	FALSE
PRG1	gst-12	28.608	1.50173415724788	0	FALSE
PRG1	gst-13	28.224	2.33179608747636	0	FALSE
PRG1	gst-14	27.778	1.54198999870859	0	FALSE
PRG1	gst-15	28.618	1.96605470937191	0	FALSE
PRG1	gst-16	28.224	3.23679670296087	0	FALSE
PRG1	gst-17	19.98	27.5246153705759	0	FALSE
PRG1	gst-18	27.188	7.13092082900892	0	FALSE
PRG1	gst-19	28.946	1.99037402420568	0	FALSE
PRG1	gst-2	28.266	2.21779229095969	0	FALSE
PRG1	gst-20	19.868	40.6506917205519	0	FALSE
PRG1	gst-21	27.734	5.14859400611579	0	FALSE
PRG1	gst-22	27.834	5.41243060386319	0	FALSE
PRG1	gst-23	28.77	2.08217205459215	0	FALSE
PRG1	gst-24	28.742	3.69645772882264	0	FALSE
PRG1	gst-25	29.372	1.04477498478745	0	FALSE
PRG1	gst-26	26.622	5.67836531276313	1	TRUE
PRG1	gst-27	13.202	6.83845078658723	0	FALSE
PRG1	gst-28	27.524	4.28906071570913	0	FALSE
PRG1	gst-29	28.44	4.45812922374275	0	FALSE
PRG1	gst-3	29.49	2.59880512166953	0	FALSE
PRG1	gst-30	27.28	5.74748029734821	0	FALSE
PRG1	gst-31	27.65	4.42021937127679	0	FALSE
PRG1	gst-32	28.992	3.02524966887892	0	FALSE
PRG1	gst-33	29.37	0.913613065372743	0	FALSE
PRG1	gst-34	29.134	2.66124026222495	0	FALSE
PRG1	gst-35	28.392	6.68174827332712	0	FALSE
PRG1	gst-36	25.554	5.05371201728354	1	TRUE
PRG1	gst-37	29.108	1.39113677707986	0	FALSE
PRG1	gst-38	27.92	2.68552999042342	0	FALSE
PRG1	gst-39	27.016	5.52911965695927	0	FALSE
PRG1	gst-4	25.758	13.6564833874362	0	FALSE
PRG1	gst-40	28.324	2.70032429218387	0	FALSE
PRG1	gst-41	28.814	2.92335683160178	0	FALSE
PRG1	gst-42	22.928	3.39613365803087	0	FALSE
PRG1	gst-43	26.338	5.22645140427323	0	FALSE
PRG1	gst-44	27.926	5.1900461144416	0	FALSE
PRG1	gst-5	29.204	2.38326961169223	1	TRUE
PRG1	gst-6	28.562	3.32677934628884	0	FALSE
PRG1	gst-7	27.51	9.09915659792262	0	FALSE
PRG1	gst-8	28.816	4.33096341137977	0	FALSE
PRG1	gst-9	29.536	2.10167100121507	0	FALSE
PRG1	gstk-1	27.062	8.98931274082128	0	FALSE
PRG1	gstk-2	27.606	2.73468479124537	0	FALSE
PRG1	gsto-1	27.4	1.71532846715329	0	FALSE
PRG1	gsto-2	26.294	12.9709016030495	0	FALSE
PRG1	gsto-3	21.034	1.89710154605554	0	FALSE
PRG1	gsy-1	25.3	16.6517897222657	0	FALSE
PRG1	gta-1	27.928	2.68862605391793	0	FALSE
PRG1	gtap-1	21.602	16.4602566787779	0	FALSE
PRG1	gtbp-1	11.376	3.73391812837981	0	FALSE
PRG1	gtf-2A2	26.408	3.17311362500812	0	FALSE
PRG1	gtf-2H2C	29.274	2.14659691320959	0	FALSE
PRG1	gtf-2H5	10.654	12.4162783838744	0	FALSE
PRG1	gtf-2e1	21.274	10.3605053969359	0	FALSE
PRG1	gtf-2e2	17.65	10.1120050572355	0	FALSE
PRG1	gtf-2f1	14.106	9.85403935435288	0	FALSE
PRG1	gtf-2f2	28.162	2.23542189563352	0	FALSE
PRG1	gtf-2h1	15.524	47.7703782249547	0	FALSE
PRG1	gtf-2h3	26.472	2.36655432624293	0	FALSE
PRG1	gtf-2h4	24.928	4.77487756464566	0	FALSE
PRG1	gtl-1	22.08	15.2292819852508	0	FALSE
PRG1	gtl-2	28.43	1.79094612987703	0	FALSE
PRG1	gtr-1	16.216	1.72481662450158	0	FALSE
PRG1	gtsf-1	16.714	2.49233769272552	0	FALSE
PRG1	guk-1	2.672	2.98698651784954	2	FALSE
PRG1	gur-3	25.416	3.67311028928428	0	FALSE
PRG1	gur-4	25.864	6.7743642558172	0	FALSE
PRG1	gur-5	22.478	1.98891461631494	0	FALSE
PRG1	gut-2	26.21	7.28609629163388	0	FALSE
PRG1	gvd-1	11.838	16.2896804416243	0	FALSE
PRG1	gyf-1	20.07	0.807267152268045	1	TRUE
PRG1	gyg-1	22.142	9.91142986068422	0	FALSE
PRG1	gyg-2	20.796	26.3113226584447	0	FALSE
PRG1	haao-1	27.278	6.20621881085702	0	FALSE
PRG1	hacd-1	28.632	1.03117372319554	0	FALSE
PRG1	hach-1	28.894	1.75086608317897	0	FALSE
PRG1	hacl-1	20.276	0.657632996677182	0	FALSE
PRG1	hadb-1	17.166	1.71954976379362	0	FALSE
PRG1	hal-2	19.276	2.21185234597428	0	FALSE
PRG1	hal-3	21.144	5.44635442371419	0	FALSE
PRG1	haly-1	22.5	22.6644443355013	0	FALSE
PRG1	ham-1	16.796	2.52233150510818	0	FALSE
PRG1	ham-2	20.964	9.96619578473277	0	FALSE
PRG1	ham-3	26.478	6.95395643336957	0	FALSE
PRG1	hap-1	27.272	0.824573718698935	0	FALSE
PRG1	haps-1	23.356	9.51919784158438	0	FALSE
PRG1	har-1	17.018	4.33629017978358	0	FALSE
PRG1	har-2	14.77	1.24197266945458	0	FALSE
PRG1	hars-1	28.098	7.01476032692011	0	FALSE
PRG1	hasp-1	13.732	1.58077058563532	1	TRUE
PRG1	hasp-2	28.35	3.03873468233937	0	FALSE
PRG1	hat-1	21.942	17.5123226609678	0	FALSE
PRG1	hbl-1	20.23	13.6707025267022	0	FALSE
PRG1	hbs-1	13.626	3.60489216098841	0	FALSE
PRG1	hcf-1	17.02	4.96240010150806	0	FALSE
PRG1	hch-1	24.21	8.19479836883246	0	FALSE
PRG1	hcp-1	14.398	5.39676610000322	1	TRUE
PRG1	hcp-2	17.674	7.96251713355415	1	TRUE
PRG1	hcp-3	18.266	21.6823052046999	0	FALSE
PRG1	hcp-4	9.162	5.93339350136458	0	FALSE
PRG1	hcp-6	26.548	7.95114317122514	1	TRUE
PRG1	hda-1	18.51	15.6606387245461	0	FALSE
PRG1	hda-10	26.942	7.75098217878299	0	FALSE
PRG1	hda-11	12.768	69.5232985591653	0	FALSE
PRG1	hda-2	28.62	1.44761233304448	0	FALSE
PRG1	hda-3	17.464	5.14113276334897	0	FALSE
PRG1	hda-4	11.902	2.28434151812689	0	FALSE
PRG1	hda-5	29.372	1.48859429604473	0	FALSE
PRG1	hda-6	25.712	11.9344825009523	0	FALSE
PRG1	hdl-1	25.26	18.5748581335171	0	FALSE
PRG1	hdl-2	27.148	12.5363522881025	0	FALSE
PRG1	hecw-1	17.068	32.5749319626724	0	FALSE
PRG1	heh-1	26.866	6.39318933885944	0	FALSE
PRG1	hel-1	20.936	9.26735721118206	0	FALSE
PRG1	helq-1	26.752	8.22909409106527	0	FALSE
PRG1	hen-1	26.93	3.76010276454529	0	FALSE
PRG1	henn-1	17.906	2.00451782827537	0	FALSE
PRG1	her-1	27.546	3.06642508252701	0	FALSE
PRG1	herc-1	26.37	5.73279260925496	0	FALSE
PRG1	herd-1	14.072	2.56192099652686	0	FALSE
PRG1	heri-1	26.504	6.54575220122419	0	FALSE
PRG1	hex-1	20.072	14.6804206589464	0	FALSE
PRG1	hex-2	23.332	19.6150985942055	0	FALSE
PRG1	hex-3	27.588	3.29209634901101	0	FALSE
PRG1	hex-4	23.156	25.1565811634282	0	FALSE
PRG1	hex-5	19.774	14.3555969839072	0	FALSE
PRG1	hgap-1	27.286	13.6076669906282	1	TRUE
PRG1	hgap-2	27.366	6.30307680004853	0	FALSE
PRG1	hgo-1	29.67	1.13222629135429	0	FALSE
PRG1	hgrs-1	21.534	8.25840260563719	0	FALSE
PRG1	hhat-1	25.832	14.717550764662	0	FALSE
PRG1	hhat-2	27.678	6.11449930519753	0	FALSE
PRG1	hic-1	27.438	5.36604300745525	0	FALSE
PRG1	hid-1	28.906	1.9220569318612	1	TRUE
PRG1	hif-1	19.32	1.76856620737783	0	FALSE
PRG1	hil-1	21.04	12.3924627283135	0	FALSE
PRG1	hil-2	15.97	2.10770603377669	0	FALSE
PRG1	hil-3	14.28	2.83505356862706	0	FALSE
PRG1	hil-4	19.236	1.07209414188398	0	FALSE
PRG1	hil-5	16.642	3.38514610817486	0	FALSE
PRG1	hil-6	16.758	2.26576708328713	0	FALSE
PRG1	hil-7	24.712	9.15195023957866	0	FALSE
PRG1	hil-8	25.14	5.9067538260202	0	FALSE
PRG1	him-1	25.28	4.26876257372457	0	FALSE
PRG1	him-10	6.546	4.16211168049147	1	TRUE
PRG1	him-14	29.802	0.992394052588568	0	FALSE
PRG1	him-17	21.78	9.36104431551226	0	FALSE
PRG1	him-18	19.612	10.433826199531	0	FALSE
PRG1	him-19	27.494	3.78103440100333	0	FALSE
PRG1	him-3	29.112	3.58941247443613	0	FALSE
PRG1	him-5	17.774	6.04987401826541	0	FALSE
PRG1	him-6	22.558	3.52409525690421	0	FALSE
PRG1	him-8	18.686	11.5503227401379	0	FALSE
PRG1	hinf-1	19.632	2.28860765437547	0	FALSE
PRG1	hint-1	28.704	3.0021279836909	0	FALSE
PRG1	hint-3	22.712	13.3887381562891	0	FALSE
PRG1	hip-1	17.404	15.8812340317934	1	TRUE
PRG1	hipr-1	27.722	4.21657277032657	0	FALSE
PRG1	hir-1	26.608	2.16930547595348	0	FALSE
PRG1	hira-1	27.064	7.2642850419543	0	FALSE
PRG1	his-1	19.416	2.47181230837514	0	FALSE
PRG1	his-11	23.004	8.90892745218412	0	FALSE
PRG1	his-2	20.794	2.13248924720141	0	FALSE
PRG1	his-24	19.314	2.84263441556527	0	FALSE
PRG1	his-3	18.756	22.9829189648602	0	FALSE
PRG1	his-35	10.744	5.23567675646841	0	FALSE
PRG1	his-39	16.43	1.72955231142822	0	FALSE
PRG1	his-4	19.018	3.42052361159509	0	FALSE
PRG1	his-40	15.116	11.0243604011224	0	FALSE
PRG1	his-41	21.074	13.2151277119451	0	FALSE
PRG1	his-48	20.38	5.23106472270927	0	FALSE
PRG1	his-69	7.666	2.99827518539702	0	FALSE
PRG1	his-70	18.748	3.09559396215061	0	FALSE
PRG1	his-71	18.876	11.7201243275233	0	FALSE
PRG1	his-72	23.204	7.39411379617706	0	FALSE
PRG1	his-73	17.032	7.78356061292687	0	FALSE
PRG1	his-74	18.91	7.95510562281008	0	FALSE
PRG1	hizr-1	23.326	7.42321777069597	0	FALSE
PRG1	hlb-1	18.582	6.54731661620371	0	FALSE
PRG1	hlh-1	13.736	23.6812551368399	0	FALSE
PRG1	hlh-10	20.44	8.30384877702511	0	FALSE
PRG1	hlh-11	16.366	2.27994234496925	0	FALSE
PRG1	hlh-12	13.802	3.25733646944027	0	FALSE
PRG1	hlh-13	24.706	7.88464747861881	0	FALSE
PRG1	hlh-14	5.78	3.87442831774371	0	FALSE
PRG1	hlh-15	23.224	4.86952236209605	0	FALSE
PRG1	hlh-16	18.488	7.20405604174231	0	FALSE
PRG1	hlh-17	19.912	2.47701932002339	0	FALSE
PRG1	hlh-19	22.928	13.8708554315404	0	FALSE
PRG1	hlh-2	5.816	4.75654334624072	0	FALSE
PRG1	hlh-25	22.64	4.64799906991371	0	FALSE
PRG1	hlh-26	20.58	11.1625284451392	0	FALSE
PRG1	hlh-27	24.482	11.9085249469565	0	FALSE
PRG1	hlh-28	18.73	2.91820756928396	0	FALSE
PRG1	hlh-29	19.254	3.88829397605797	0	FALSE
PRG1	hlh-3	5.426	3.69653844093921	0	FALSE
PRG1	hlh-30	16.134	4.64083485489629	0	FALSE
PRG1	hlh-31	21.07	10.5004906945398	0	FALSE
PRG1	hlh-32	22.034	2.38529488352807	0	FALSE
PRG1	hlh-33	19.878	25.9921883687817	0	FALSE
PRG1	hlh-34	27.542	2.85133695205111	0	FALSE
PRG1	hlh-4	15.75	3.30280807711491	0	FALSE
PRG1	hlh-6	17.56	24.5089829760881	0	FALSE
PRG1	hlh-8	13.322	7.09569370819957	0	FALSE
PRG1	hmbx-1	24.452	9.43881742171883	0	FALSE
PRG1	hmg-1.1	22.072	8.33385414484981	0	FALSE
PRG1	hmg-1.2	17.548	7.39392540889741	0	FALSE
PRG1	hmg-11	19.71	3.38392066959388	0	FALSE
PRG1	hmg-12	18.548	8.10331927616733	0	FALSE
PRG1	hmg-20	17.45	1.54992874914597	0	FALSE
PRG1	hmg-3	14.248	3.22065601513695	0	FALSE
PRG1	hmg-4	10.346	13.4241179598692	0	FALSE
PRG1	hmg-5	13.572	67.9331106541698	0	FALSE
PRG1	hmg-6	22.75	9.74907994816786	0	FALSE
PRG1	hmgr-1	9.074	5.28386629226427	0	FALSE
PRG1	hmgs-1	28.148	3.83993674159664	0	FALSE
PRG1	hmit-1.1	24.142	9.23517525313841	0	FALSE
PRG1	hmit-1.2	24.798	11.0480050341991	0	FALSE
PRG1	hmit-1.3	25.964	7.98055548967911	0	FALSE
PRG1	hmp-1	18.674	0.9440677250097	0	FALSE
PRG1	hmp-2	24.294	12.3674976040754	0	FALSE
PRG1	hnd-1	22.548	7.30860463815736	0	FALSE
PRG1	hoe-1	27.54	1.24334739784052	0	FALSE
PRG1	hog-1	26.656	14.9734368650498	0	FALSE
PRG1	homt-1	25.472	22.4227762541718	0	FALSE
PRG1	hop-1	16.396	1.19796244077355	0	FALSE
PRG1	hosl-1	18.614	2.21785583340772	0	FALSE
PRG1	hot-1	12.174	4.32110504595131	0	FALSE
PRG1	hot-2	15.918	14.0960361395988	0	FALSE
PRG1	hot-3	24.08	5.93497965075945	0	FALSE
PRG1	hot-4	15.416	2.26322175645097	0	FALSE
PRG1	hot-5	23.674	7.62522294624982	0	FALSE
PRG1	hot-6	24.64	2.02108759707609	0	FALSE
PRG1	hot-7	26.462	8.12790728348755	0	FALSE
PRG1	hot-8	27.312	2.76700650864813	0	FALSE
PRG1	hot-9	26.862	8.78076954270039	0	FALSE
PRG1	hpa-1	27.658	5.4516581743396	0	FALSE
PRG1	hpd-1	27.726	8.59628949347824	0	FALSE
PRG1	hphd-1	26.03	5.96958215489823	0	FALSE
PRG1	hpk-1	22.994	12.1078765243491	1	TRUE
PRG1	hpl-1	19.758	4.68231816455917	0	FALSE
PRG1	hpl-2	16.038	4.8483174191577	0	FALSE
PRG1	hpo-10	11.522	6.13867101415017	0	FALSE
PRG1	hpo-11	21.008	13.3076440692152	0	FALSE
PRG1	hpo-12	28.378	16.3772420698578	0	FALSE
PRG1	hpo-13	27.87	3.45165816542985	0	FALSE
PRG1	hpo-15	13.78	4.8008070202513	0	FALSE
PRG1	hpo-18	9.94	1.98166152953644	0	FALSE
PRG1	hpo-19	24.664	14.6117796420849	0	FALSE
PRG1	hpo-2	25.688	1.62206996728746	0	FALSE
PRG1	hpo-25	22.578	17.6481157434025	0	FALSE
PRG1	hpo-26	17.256	3.01639641811527	0	FALSE
PRG1	hpo-27	29.014	4.96303747928351	0	FALSE
PRG1	hpo-28	22.976	9.06832284395683	0	FALSE
PRG1	hpo-29	28.892	3.85017934084593	0	FALSE
PRG1	hpo-30	25.106	7.61256933626132	0	FALSE
PRG1	hpo-31	25.008	7.36662632727052	0	FALSE
PRG1	hpo-32	12.292	2.67256586260035	1	TRUE
PRG1	hpo-33	24.308	18.9498268632767	0	FALSE
PRG1	hpo-34	20.46	20.559284469239	0	FALSE
PRG1	hpo-35	19.666	8.87246089913815	0	FALSE
PRG1	hpo-36	20.166	5.05699740585469	0	FALSE
PRG1	hpo-38	28.136	2.67125743484215	0	FALSE
PRG1	hpo-39	5.25	3.58631816833576	0	FALSE
PRG1	hpo-40	10.102	6.95733511847609	1	TRUE
PRG1	hpo-6	27.338	3.29023039339259	0	FALSE
PRG1	hpo-7	22.796	11.9407284157582	0	FALSE
PRG1	hpo-8	29.056	4.09991887720227	0	FALSE
PRG1	hpo-9	21.842	29.9469924520924	0	FALSE
PRG1	hpr-17	27.004	3.84723774489266	0	FALSE
PRG1	hpr-9	21.798	5.10504759437213	0	FALSE
PRG1	hprt-1	29.212	1.55360529427766	0	FALSE
PRG1	hpx-2	23.11	2.14356833864143	0	FALSE
PRG1	hrde-1	11.814	6.47760843153316	0	FALSE
PRG1	hrde-2	14.078	4.43099046787735	0	FALSE
PRG1	hrde-4	22.03	6.47637106745776	0	FALSE
PRG1	hrdl-1	17.528	3.45748546414882	0	FALSE
PRG1	hrg-1	20.958	8.99917038271885	0	FALSE
PRG1	hrg-10	27.974	5.46764685923447	0	FALSE
PRG1	hrg-2	28.942	2.86982285882534	0	FALSE
PRG1	hrg-3	15.786	8.30859273733403	0	FALSE
PRG1	hrg-4	22.28	9.80004087228581	0	FALSE
PRG1	hrg-5	24.336	14.333374454819	0	FALSE
PRG1	hrg-6	14.852	4.56695799241926	0	FALSE
PRG1	hrg-7	8.636	5.39445098715319	0	FALSE
PRG1	hrg-9	6.902	6.13535095229522	0	FALSE
PRG1	hrp-1	20.152	40.151896885023	0	FALSE
PRG1	hrpa-2	19.904	6.05271470768334	0	FALSE
PRG1	hrpf-1	14.526	31.3829877123048	0	FALSE
PRG1	hrpf-2	23.73	6.84102870496516	0	FALSE
PRG1	hrpk-1	18.616	14.2672908814014	0	FALSE
PRG1	hrpl-1	23.042	8.87604728191692	0	FALSE
PRG1	hrpr-1	18.972	10.9674143469241	0	FALSE
PRG1	hrpu-1	20.778	7.07613285739675	0	FALSE
PRG1	hrpu-2	3.928	12.0898538905855	0	FALSE
PRG1	hsb-1	22.202	2.91436419661261	0	FALSE
PRG1	hsd-1	24.068	5.64449715147522	0	FALSE
PRG1	hsd-2	29.562	1.36412185112006	0	FALSE
PRG1	hsd-3	24.028	13.5539144368044	0	FALSE
PRG1	hse-5	24.18	10.5049155547252	0	FALSE
PRG1	hsf-1	15.134	22.7562213434965	0	FALSE
PRG1	hsp-1	4.768	3.18902312227319	2	FALSE
PRG1	hsp-110	19.194	1.72307217404472	1	TRUE
PRG1	hsp-12.1	24.432	4.71897397219808	0	FALSE
PRG1	hsp-12.2	23.788	16.0680441542568	0	FALSE
PRG1	hsp-12.3	27.522	3.47516929366908	0	FALSE
PRG1	hsp-12.6	23.62	6.19011281717845	0	FALSE
PRG1	hsp-16.1	14.912	4.96842378660284	0	FALSE
PRG1	hsp-16.2	21.8	14.4379959700907	0	FALSE
PRG1	hsp-16.41	19.908	3.35786295990369	0	FALSE
PRG1	hsp-16.48	17.966	3.00712009936922	0	FALSE
PRG1	hsp-17	20.662	14.3528258999542	0	FALSE
PRG1	hsp-25	19.246	25.2720543415003	0	FALSE
PRG1	hsp-3	9.292	41.1534610681883	0	FALSE
PRG1	hsp-4	14.71	49.0143467179581	0	FALSE
PRG1	hsp-43	24.854	4.96527923238601	1	TRUE
PRG1	hsp-6	7.574	7.15808179170714	0	FALSE
PRG1	hsp-60	23.206	16.857536270231	0	FALSE
PRG1	hsp-70	5.402	2.95143479709319	0	FALSE
PRG1	hsp-75	27.532	5.40196611158908	0	FALSE
PRG1	hsp-90	25.736	10.454111824391	0	FALSE
PRG1	hsr-9	21.682	21.2115034060645	0	FALSE
PRG1	hst-1	26.9	12.5520433710585	0	FALSE
PRG1	hst-2	27.602	5.47981161813766	0	FALSE
PRG1	hst-3.1	19.046	15.2307564605037	0	FALSE
PRG1	hst-3.2	5.64	14.6365221378831	0	FALSE
PRG1	hst-6	22.81	3.69158731843486	0	FALSE
PRG1	htas-1	27.258	1.88201986447261	0	FALSE
PRG1	htp-1	11.382	4.26469026255791	0	FALSE
PRG1	htp-2	24.328	14.1617386097665	0	FALSE
PRG1	htp-3	20.464	14.03231401391	0	FALSE
PRG1	htrl-1	15.304	17.0383096231607	0	FALSE
PRG1	htt-1	27.994	2.81519714828778	0	FALSE
PRG1	htz-1	24.502	1.90544679463529	0	FALSE
PRG1	hum-1	25.082	8.41733755066266	0	FALSE
PRG1	hum-10	11.08	50.2327874150553	0	FALSE
PRG1	hum-2	4.182	5.56024791995046	3	TRUE
PRG1	hum-5	27.332	3.43952298105877	0	FALSE
PRG1	hum-6	10.974	6.30163801521043	0	FALSE
PRG1	hum-7	25.624	7.59550953049817	0	FALSE
PRG1	hum-8	28.814	2.03087106074789	0	FALSE
PRG1	hus-1	27.924	5.97422141963551	0	FALSE
PRG1	hut-1	27.92	3.16303535446424	0	FALSE
PRG1	hxk-1	19.16	5.40798974601025	0	FALSE
PRG1	hxk-2	5.322	1.21336973250379	0	FALSE
PRG1	hxk-3	12.626	4.69653080585703	0	FALSE
PRG1	hyl-1	21.186	23.2610250274956	0	FALSE
PRG1	hyl-2	29.046	4.06635640379465	0	FALSE
PRG1	hyls-1	9.462	83.3151663793553	0	FALSE
PRG1	iars-1	26.736	8.78915350614796	1	TRUE
PRG1	iars-2	26.576	4.92333886197457	0	FALSE
PRG1	icap-1	23.402	18.4972486991016	0	FALSE
PRG1	icd-1	18.826	4.28195229157061	0	FALSE
PRG1	icd-2	4.22	4.262110366968	2	FALSE
PRG1	icl-1	29.368	0.88936797301875	0	FALSE
PRG1	icln-1	12.856	3.31685820264933	0	FALSE
PRG1	icmt-1	27.018	7.29643123616331	0	FALSE
PRG1	icp-1	20.508	11.4532041620799	0	FALSE
PRG1	icpp-55	27.04	5.47543390345892	0	FALSE
PRG1	ida-1	13.854	3.82921729733781	0	FALSE
PRG1	idh-1	13.148	3.29047370630005	0	FALSE
PRG1	idh-2	28.358	6.37894660958586	0	FALSE
PRG1	idha-1	24.55	5.83303086836463	0	FALSE
PRG1	idhb-1	26.738	7.74758824226075	0	FALSE
PRG1	idhg-1	26.782	7.79643844809398	0	FALSE
PRG1	idhg-2	27.498	7.62064077702735	0	FALSE
PRG1	idi-1	27.33	8.57627635845378	0	FALSE
PRG1	idpa-1	10.142	3.24886236084708	0	FALSE
PRG1	idpa-2	16.17	2.40552261456731	0	FALSE
PRG1	idpa-3	12.696	13.8165289549107	0	FALSE
PRG1	idpb-1	11.408	7.76536159989175	0	FALSE
PRG1	idpb-2	11.606	6.99710270139963	0	FALSE
PRG1	idpb-3	11.7	7.7377574685513	0	FALSE
PRG1	idpb-4	13.228	1.43276174665644	0	FALSE
PRG1	idpb-5	10.26	4.86890640660375	0	FALSE
PRG1	idpc-1	22.636	6.65017604706959	0	FALSE
PRG1	idpc-2	20.914	7.19121836713549	0	FALSE
PRG1	idpc-3	23.788	10.8982821818731	0	FALSE
PRG1	idpc-4	20.66	10.538627365572	0	FALSE
PRG1	idpc-5	14.368	7.96072042412201	0	FALSE
PRG1	idpc-6	19.782	2.16231891084472	0	FALSE
PRG1	idpc-7	20.724	18.5080745989729	0	FALSE
PRG1	idpp-1	17.128	2.6277310313954	0	FALSE
PRG1	idpp-10	24.24	5.98625648423005	0	FALSE
PRG1	idpp-11	16.794	1.8103074040955	0	FALSE
PRG1	idpp-12	6.198	5.12550957329778	0	FALSE
PRG1	idpp-13	20.15	1.21258478638915	0	FALSE
PRG1	idpp-14	21.178	2.79298374753392	0	FALSE
PRG1	idpp-16	12.638	36.0763396212385	0	FALSE
PRG1	idpp-2	2.682	2.66794091275142	2	FALSE
PRG1	idpp-3	12.774	10.8779011302004	0	FALSE
PRG1	idpp-4	27.198	4.79905545643863	0	FALSE
PRG1	idpp-5	20.814	4.24571172579525	0	FALSE
PRG1	idpp-6	18.714	3.7241815017999	0	FALSE
PRG1	idpp-7	17.806	15.5592705395845	0	FALSE
PRG1	idpp-8	18.06	4.71808237233331	0	FALSE
PRG1	idpp-9	13.532	7.7119802440521	0	FALSE
PRG1	ifa-1	22.338	5.45956350938746	0	FALSE
PRG1	ifa-3	22.24	9.2409010407215	0	FALSE
PRG1	ifa-4	24.074	0.841399989560111	0	FALSE
PRG1	ifas-1	10.114	7.25035353818661	0	FALSE
PRG1	ifas-2	21.014	2.79908939772727	0	FALSE
PRG1	ifas-3	24.886	4.91999374693974	0	FALSE
PRG1	ifb-1	25.814	1.4757856799143	0	FALSE
PRG1	ifb-2	25.728	2.79072300403948	0	FALSE
PRG1	ifbp-1	18.524	14.0143703129122	0	FALSE
PRG1	ifc-1	24.888	7.93803797160617	0	FALSE
PRG1	ifc-2	24.576	8.37186409234142	1	TRUE
PRG1	ifd-1	26.608	2.64836602179109	0	FALSE
PRG1	ifd-2	26.358	10.5186033180484	0	FALSE
PRG1	ife-1	27.988	5.84456946659621	0	FALSE
PRG1	ife-2	24.962	19.7881832107888	0	FALSE
PRG1	ife-3	28.044	3.43076113715455	0	FALSE
PRG1	ife-4	24.652	9.45515151912735	0	FALSE
PRG1	ife-5	26.456	14.7744846079748	0	FALSE
PRG1	ifet-1	11.37	11.3698241767404	1	TRUE
PRG1	iff-1	24.248	17.0575873855577	0	FALSE
PRG1	iff-2	23.956	14.0064626985649	0	FALSE
PRG1	iffb-1	23.724	8.68117429250538	0	FALSE
PRG1	ifg-1	7.676	8.33187249176286	1	TRUE
PRG1	ifo-1	26.496	2.97124499874142	0	FALSE
PRG1	ifp-1	24.16	1.69196468840809	0	FALSE
PRG1	ift-139	28.808	3.00353091918659	0	FALSE
PRG1	ift-20	25.794	6.88374373395988	0	FALSE
PRG1	ift-43	8.112	5.19611924626235	0	FALSE
PRG1	ift-74	25.97	6.80363524104348	0	FALSE
PRG1	ift-81	26.442	16.9394795919427	0	FALSE
PRG1	ifta-1	26.444	7.04681269475949	0	FALSE
PRG1	ifta-2	23.88	8.35650129976605	0	FALSE
PRG1	ify-1	15.63	3.01926429021034	0	FALSE
PRG1	igcm-1	19.046	4.63433311731187	0	FALSE
PRG1	igcm-2	22.986	5.25945162308673	0	FALSE
PRG1	igcm-3	23.182	8.80100933777607	0	FALSE
PRG1	igcm-4	18.49	6.98753154154669	0	FALSE
PRG1	igdb-1	15.198	8.39221569002207	0	FALSE
PRG1	igdb-2	12.37	1.62387303367831	0	FALSE
PRG1	igdb-3	19.86	20.1229463514306	0	FALSE
PRG1	igeg-2	18.742	22.7474576451579	0	FALSE
PRG1	iglr-1	5.114	4.61204786941776	0	FALSE
PRG1	iglr-2	11.478	5.87012509838386	0	FALSE
PRG1	iglr-3	21.328	20.5999094129703	0	FALSE
PRG1	ikb-1	18.976	23.3460098229865	0	FALSE
PRG1	ikke-1	28.868	2.54382032966521	1	TRUE
PRG1	ilc-17.1	22.728	4.65942804649955	0	FALSE
PRG1	ilcr-1	21.288	1.99169919423744	0	FALSE
PRG1	ilcr-2	21.688	8.36372152080548	0	FALSE
PRG1	ile-1	21.336	3.86472947270713	0	FALSE
PRG1	ile-2	23.754	10.9809515352419	0	FALSE
PRG1	ilkp-1	21.548	7.05771229017449	0	FALSE
PRG1	ilys-1	19.916	2.44558457677376	0	FALSE
PRG1	ilys-2	25.808	5.04921012725957	0	FALSE
PRG1	ilys-3	23.228	1.8818475347223	0	FALSE
PRG1	ilys-4	24.512	5.90472655907923	0	FALSE
PRG1	ilys-5	23.63	13.6662147912884	0	FALSE
PRG1	ilys-6	20.984	12.9796605039301	0	FALSE
PRG1	ima-1	18.312	0.90920294400469	0	FALSE
PRG1	ima-2	12.08	3.8504502415754	0	FALSE
PRG1	ima-3	17.438	23.3266688403229	0	FALSE
PRG1	imb-1	26.846	7.58914968890075	0	FALSE
PRG1	imb-2	20.806	22.7847186919791	0	FALSE
PRG1	imb-3	27.626	9.01748500564621	0	FALSE
PRG1	immp-1	26.066	3.96578467158457	0	FALSE
PRG1	immp-2	20.294	2.71141463771908	0	FALSE
PRG1	immt-1	26.552	7.28699782666116	0	FALSE
PRG1	immt-2	22.704	9.31700196098878	0	FALSE
PRG1	imp-1	24.192	8.91451378400533	0	FALSE
PRG1	imp-2	21.302	0.793477725667104	0	FALSE
PRG1	imp-3	24.832	8.94190926363759	0	FALSE
PRG1	imph-1	22.646	3.33612927027572	1	TRUE
PRG1	impt-1	19.988	17.5757952618883	0	FALSE
PRG1	ina-1	20.484	23.9531336392874	0	FALSE
PRG1	inf-1	25.72	10.3551468235486	0	FALSE
PRG1	inft-2	7.046	3.77449791838037	1	TRUE
PRG1	ing-3	17.668	4.29213096917371	0	FALSE
PRG1	inos-1	27.774	5.36875146163189	1	TRUE
PRG1	inpp-1	19.89	5.88858049554603	0	FALSE
PRG1	inpp-4b	29.274	1.0022338359441	0	FALSE
PRG1	ins-1	19.102	14.2580708434352	0	FALSE
PRG1	ins-10	12.424	3.06103115878217	0	FALSE
PRG1	ins-11	21.288	3.70705457958017	0	FALSE
PRG1	ins-12	14.538	3.68254939884052	0	FALSE
PRG1	ins-13	24.924	6.83515190705995	0	FALSE
PRG1	ins-14	25.248	6.46526879428767	0	FALSE
PRG1	ins-15	18.502	8.85132487492061	0	FALSE
PRG1	ins-16	9.944	2.15402425349804	0	FALSE
PRG1	ins-17	26.388	9.55661270675817	0	FALSE
PRG1	ins-18	23.238	10.2578074462354	0	FALSE
PRG1	ins-19	26.142	6.80656983110315	0	FALSE
PRG1	ins-2	10.942	4.85723878871682	0	FALSE
PRG1	ins-20	8.258	7.14838309572197	0	FALSE
PRG1	ins-21	13.466	4.64342741351926	0	FALSE
PRG1	ins-22	16.214	0.470916718115731	0	FALSE
PRG1	ins-23	9.39	6.17678381256656	0	FALSE
PRG1	ins-24	15.85	2.89293539889221	0	FALSE
PRG1	ins-25	10.336	7.93715224847961	0	FALSE
PRG1	ins-26	23.286	12.1335428300886	0	FALSE
PRG1	ins-27	25.674	7.14407615512595	0	FALSE
PRG1	ins-28	13.52	2.84931365151749	0	FALSE
PRG1	ins-29	12.356	7.82067762536595	0	FALSE
PRG1	ins-3	15.94	4.1955302580609	0	FALSE
PRG1	ins-30	23.862	16.3130928513561	0	FALSE
PRG1	ins-31	24.964	6.66419485070715	0	FALSE
PRG1	ins-32	25.468	5.95129090318892	0	FALSE
PRG1	ins-33	12.262	9.10827921771075	0	FALSE
PRG1	ins-34	22.07	12.5429973391888	0	FALSE
PRG1	ins-35	22.928	13.4533931285881	0	FALSE
PRG1	ins-36	20.92	14.0653606564434	0	FALSE
PRG1	ins-37	25.07	5.50147903672442	0	FALSE
PRG1	ins-39	13.492	5.93647670179611	0	FALSE
PRG1	ins-4	15.972	36.7305147856608	0	FALSE
PRG1	ins-5	22.334	9.34665414366908	0	FALSE
PRG1	ins-6	11.386	6.57783771273125	0	FALSE
PRG1	ins-7	18.338	25.9508821337511	0	FALSE
PRG1	ins-8	22.534	7.62016693380428	0	FALSE
PRG1	ins-9	20.554	3.92904846624389	0	FALSE
PRG1	insc-1	26.014	10.2832155757033	0	FALSE
PRG1	inso-1	15.302	1.65352070446048	0	FALSE
PRG1	ints-1	27.048	6.867932141252	0	FALSE
PRG1	ints-11	25.108	6.81182426669197	0	FALSE
PRG1	ints-13	29.116	0.75348779175183	0	FALSE
PRG1	ints-2	28.612	3.0338854249187	0	FALSE
PRG1	ints-3	26.122	7.00618532684573	1	TRUE
PRG1	ints-4	27.956	9.21531580001666	0	FALSE
PRG1	ints-5	28.662	2.5890427225376	1	TRUE
PRG1	ints-6	23.928	9.9962250789932	1	TRUE
PRG1	ints-7	27.952	7.12596915438712	1	TRUE
PRG1	ints-8	29.024	5.33710597852788	1	TRUE
PRG1	ints-9	27.97	3.354557325871	0	FALSE
PRG1	inx-1	16.19	21.7075277805442	0	FALSE
PRG1	inx-10	17.998	5.75250413575019	0	FALSE
PRG1	inx-11	25.458	9.86854260577327	0	FALSE
PRG1	inx-12	27.614	5.0659846917539	0	FALSE
PRG1	inx-13	26.336	8.53443058247223	0	FALSE
PRG1	inx-14	9.422	3.92367924574751	0	FALSE
PRG1	inx-15	13.502	5.96366654718671	0	FALSE
PRG1	inx-16	25.488	10.0838404548297	0	FALSE
PRG1	inx-17	25.956	7.4066888925429	0	FALSE
PRG1	inx-18	23.386	1.48269040878643	0	FALSE
PRG1	inx-19	23.234	9.25335964580945	0	FALSE
PRG1	inx-2	19.674	3.6576398180261	0	FALSE
PRG1	inx-20	18.844	17.3119211429346	0	FALSE
PRG1	inx-21	20.142	7.22412962965018	0	FALSE
PRG1	inx-22	26.482	6.27087639087003	0	FALSE
PRG1	inx-3	15.71	10.0487236816102	0	FALSE
PRG1	inx-5	21.69	5.72880574163543	0	FALSE
PRG1	inx-6	20.684	3.06926338292884	0	FALSE
PRG1	inx-7	4.966	6.22716484769395	2	FALSE
PRG1	inx-8	26.866	10.5220346788972	0	FALSE
PRG1	inx-9	25.832	2.99426739284148	0	FALSE
PRG1	ipgm-1	23.976	10.9627431031887	0	FALSE
PRG1	ipla-1	21.09	3.94621133352264	0	FALSE
PRG1	ipla-2	22.91	4.34379442680901	0	FALSE
PRG1	ipla-3	28.604	1.73882358898476	1	TRUE
PRG1	ipla-4	10.536	1.27090878825136	0	FALSE
PRG1	ipla-5	20.566	2.59412264565671	0	FALSE
PRG1	ipla-6	27.922	2.11020463182286	0	FALSE
PRG1	ipla-7	26.91	9.47464668807932	1	TRUE
PRG1	ipmk-1	27.066	7.16073813249445	0	FALSE
PRG1	ipp-5	27.352	5.75947539887713	0	FALSE
PRG1	ippk-1	27.594	5.26803252811317	0	FALSE
PRG1	ire-1	18.482	23.0742517870056	0	FALSE
PRG1	irg-1	23.538	9.55917145662604	0	FALSE
PRG1	irg-2	14.138	1.12993212888476	0	FALSE
PRG1	irg-3	25.538	11.442433687775	0	FALSE
PRG1	irg-4	28.244	6.0476814172809	0	FALSE
PRG1	irg-5	28.14	5.28558436073071	0	FALSE
PRG1	irg-6	27.952	1.32476094001524	0	FALSE
PRG1	irg-7	29.088	1.54767893723245	0	FALSE
PRG1	irg-8	25.312	10.8318022842824	0	FALSE
PRG1	irk-1	23.518	4.66075291175907	0	FALSE
PRG1	irk-2	18.308	19.9950061618506	0	FALSE
PRG1	irk-3	11.414	3.30064816736301	0	FALSE
PRG1	irld-1	27.878	2.76731694450878	0	FALSE
PRG1	irld-11	28.478	2.07138780890755	0	FALSE
PRG1	irld-12	23.244	11.85494520414	0	FALSE
PRG1	irld-14	28.028	6.77655948991702	0	FALSE
PRG1	irld-15	20.208	2.10571658431175	0	FALSE
PRG1	irld-17	27.712	3.43242633705364	0	FALSE
PRG1	irld-18	17.49	3.30111322336156	0	FALSE
PRG1	irld-19	24.608	4.36574708495019	0	FALSE
PRG1	irld-2	28.128	5.51662108948653	0	FALSE
PRG1	irld-20	27.09	2.2780747738081	0	FALSE
PRG1	irld-21	27.382	3.12055582621562	0	FALSE
PRG1	irld-22	25.75	10.2030289795818	0	FALSE
PRG1	irld-23	20.79	2.25224334169181	0	FALSE
PRG1	irld-24	22.266	10.9321790727662	0	FALSE
PRG1	irld-25	22.79	15.8023732071063	0	FALSE
PRG1	irld-26	26.372	9.26991328213459	0	FALSE
PRG1	irld-27	26.438	6.99471221335597	0	FALSE
PRG1	irld-28	26.598	2.99118023018766	0	FALSE
PRG1	irld-29	28.934	2.00792604287806	0	FALSE
PRG1	irld-3	26.396	9.87869849494735	0	FALSE
PRG1	irld-30	27.698	2.59713292206404	0	FALSE
PRG1	irld-32	26.582	7.24481494946292	0	FALSE
PRG1	irld-33	28.096	1.21395159431918	0	FALSE
PRG1	irld-34	16.908	16.4973226388408	0	FALSE
PRG1	irld-36	27.97	2.55987061152523	0	FALSE
PRG1	irld-38	26.978	3.90390369417275	0	FALSE
PRG1	irld-39	22.656	8.00985212914081	0	FALSE
PRG1	irld-4	26.04	3.64934496772275	0	FALSE
PRG1	irld-40	27.448	2.78695734276793	0	FALSE
PRG1	irld-42	27.916	2.39532096231856	0	FALSE
PRG1	irld-44	25.204	10.5206251934153	0	FALSE
PRG1	irld-45	28.034	2.25851056183077	0	FALSE
PRG1	irld-47	28.166	2.22934457144324	0	FALSE
PRG1	irld-48	7.33	27.4524203047129	0	FALSE
PRG1	irld-49	26.414	3.42632841004849	0	FALSE
PRG1	irld-50	21.2	3.66864704817938	0	FALSE
PRG1	irld-51	27.518	5.70902401977916	0	FALSE
PRG1	irld-52	27.228	4.9396245261361	0	FALSE
PRG1	irld-53	27.762	5.78739055641534	0	FALSE
PRG1	irld-55	17.976	4.02241791545692	0	FALSE
PRG1	irld-56	27.33	3.82551857865155	0	FALSE
PRG1	irld-57	23.51	4.81727515938804	0	FALSE
PRG1	irld-59	22.784	10.5467115282702	0	FALSE
PRG1	irld-6	28.264	1.94152679065069	0	FALSE
PRG1	irld-60	26.522	8.2355051837004	0	FALSE
PRG1	irld-61	23.71	12.1137784680571	0	FALSE
PRG1	irld-62	27.682	3.80058844873952	0	FALSE
PRG1	irld-63	28.09	0.915269500333389	0	FALSE
PRG1	irld-64	27.648	1.5437419586312	0	FALSE
PRG1	irld-65	22.042	1.29175183886211	0	FALSE
PRG1	irld-66	24.392	11.4117108189873	0	FALSE
PRG1	irld-67	24.384	9.6795028984575	0	FALSE
PRG1	irld-7	14.732	7.08834995797659	0	FALSE
PRG1	irld-8	18.63	21.3588401486497	0	FALSE
PRG1	irld-9	27.812	3.32929225805366	0	FALSE
PRG1	irx-1	19.336	7.73896200689886	0	FALSE
PRG1	iscu-1	25.28	5.17523901983608	0	FALSE
PRG1	islo-1	14.184	52.4137157262924	0	FALSE
PRG1	isp-1	24.114	11.264673541318	0	FALSE
PRG1	ist-1	20.172	13.76798256905	0	FALSE
PRG1	istr-1	20.586	10.31008900438	1	TRUE
PRG1	isw-1	21.502	4.43765936449285	0	FALSE
PRG1	isy-1	21.98	5.96603820483549	0	FALSE
PRG1	itm-2	25.672	8.40239489644361	0	FALSE
PRG1	itsn-1	20.396	13.3434987508219	1	TRUE
PRG1	itx-1	21.068	1.87845285682645	0	FALSE
PRG1	ivd-1	29.196	1.47352120636885	0	FALSE
PRG1	ivns-1	25.022	8.71129729949634	0	FALSE
PRG1	ivph-3	7.662	10.6596650195443	0	FALSE
PRG1	jac-1	8.492	4.21829734851401	0	FALSE
PRG1	jamp-1	25.912	1.24378160876215	0	FALSE
PRG1	jbts-14	24.672	11.4379137620538	0	FALSE
PRG1	jhdm-1	15.976	30.1995122825285	1	TRUE
PRG1	jip-1	15.256	4.28440177477147	0	FALSE
PRG1	jkk-1	18.604	26.9115438227015	0	FALSE
PRG1	jmjc-1	15.856	2.34862283641536	0	FALSE
PRG1	jmjd-1.1	14.446	1.09298330612827	0	FALSE
PRG1	jmjd-1.2	20.39	6.34561139530031	0	FALSE
PRG1	jmjd-2	15.574	3.2125972208284	0	FALSE
PRG1	jmjd-3.1	3.418	8.85811995841228	2	FALSE
PRG1	jmjd-3.2	21.408	9.04090379984367	0	FALSE
PRG1	jmjd-3.3	25.674	8.24016631082608	0	FALSE
PRG1	jmjd-4	14.75	4.62336098740725	0	FALSE
PRG1	jmjd-5	14.578	71.0331638660236	0	FALSE
PRG1	jnk-1	24.706	2.78999734099	0	FALSE
PRG1	josd-1	26.81	9.25490342987704	0	FALSE
PRG1	jph-1	23.998	8.10130094157364	0	FALSE
PRG1	jtr-1	12.006	23.7934918830596	0	FALSE
PRG1	jud-4	2.946	2.55824082571851	2	FALSE
PRG1	jun-1	6.298	2.18691049688169	0	FALSE
PRG1	kal-1	24.728	7.39993200229289	0	FALSE
PRG1	kap-1	11.506	6.60370543766436	0	FALSE
PRG1	kars-1	13.446	6.44990545863933	0	FALSE
PRG1	kat-1	29.382	2.79718814027401	0	FALSE
PRG1	kbp-1	25.08	12.8175994703403	0	FALSE
PRG1	kbp-2	26.056	14.1896157221583	0	FALSE
PRG1	kbp-3	26.61	4.26204292454481	0	FALSE
PRG1	kbp-4	25.004	6.03125515430891	0	FALSE
PRG1	kbp-5	23.418	7.87542399854789	0	FALSE
PRG1	kbrl-1	17.498	2.24648714373044	0	FALSE
PRG1	kca-1	16.524	15.2856623254788	0	FALSE
PRG1	kcc-1	24.786	7.43896601804913	0	FALSE
PRG1	kcc-2	23.274	12.1570086899545	0	FALSE
PRG1	kcc-3	28.66	6.70844875165506	0	FALSE
PRG1	kcnl-1	20.246	3.46040011013736	0	FALSE
PRG1	kcnl-2	22.904	4.87187361637005	0	FALSE
PRG1	kcnl-3	20.494	10.7812481469185	0	FALSE
PRG1	kcnl-4	25.52	8.14236545430614	0	FALSE
PRG1	kdin-1	8.388	13.7487273813089	0	FALSE
PRG1	kdp-1	26.354	8.92405738559295	0	FALSE
PRG1	kel-1	27.462	4.60275833382577	0	FALSE
PRG1	kel-10	28.238	5.38662538975355	0	FALSE
PRG1	kel-20	7.338	11.5080993084124	0	FALSE
PRG1	kel-3	23.594	20.9750632938933	0	FALSE
PRG1	kel-8	25.654	16.6866908196195	0	FALSE
PRG1	kgb-1	18.558	43.549350108801	0	FALSE
PRG1	kgb-2	22.994	11.5592231201855	0	FALSE
PRG1	kin-1	11.57	3.8181318256027	0	FALSE
PRG1	kin-10	22.67	10.8694857356275	0	FALSE
PRG1	kin-14	26.638	7.31225040241836	0	FALSE
PRG1	kin-15	14.582	16.9396910210393	0	FALSE
PRG1	kin-16	23.868	9.4947279537031	0	FALSE
PRG1	kin-18	24.014	12.5233723325636	1	TRUE
PRG1	kin-19	26.544	4.98275465300036	0	FALSE
PRG1	kin-2	17.984	10.335319447624	0	FALSE
PRG1	kin-20	22.338	5.90543035449525	0	FALSE
PRG1	kin-21	22.86	6.80835544155258	0	FALSE
PRG1	kin-24	26.008	17.3437464491572	0	FALSE
PRG1	kin-26	24.852	10.6585466755655	0	FALSE
PRG1	kin-29	20.282	6.12882689879433	0	FALSE
PRG1	kin-3	23.48	8.35350323421925	1	TRUE
PRG1	kin-30	24.352	4.08114747686528	0	FALSE
PRG1	kin-32	16.984	20.5396648540947	0	FALSE
PRG1	kin-33	26.256	11.6111028305919	0	FALSE
PRG1	kin-34	19.726	3.17814583626031	0	FALSE
PRG1	kin-35	17.332	9.12032083267749	0	FALSE
PRG1	kin-36	18.894	4.76232889258571	0	FALSE
PRG1	kin-4	22.238	4.31709891915219	0	FALSE
PRG1	kin-5	20.748	7.09913752958882	0	FALSE
PRG1	kin-9	22.114	4.23233260439876	0	FALSE
PRG1	klc-1	18.86	18.1206272123092	1	TRUE
PRG1	klc-2	16.246	4.09657678255118	0	FALSE
PRG1	kle-2	6.182	5.63774612348239	0	FALSE
PRG1	klf-1	19.264	9.07997049067888	0	FALSE
PRG1	klf-2	22.302	5.30612635560896	0	FALSE
PRG1	klf-3	7.474	2.55198580197774	0	FALSE
PRG1	klo-1	23.93	10.1086407285087	0	FALSE
PRG1	klo-2	27.586	3.74279449016653	0	FALSE
PRG1	klp-11	25.826	5.06956931187124	0	FALSE
PRG1	klp-12	24.25	13.1548653957215	0	FALSE
PRG1	klp-13	11.776	2.13616816352311	0	FALSE
PRG1	klp-15	28.304	0.50868840149593	1	TRUE
PRG1	klp-16	27.402	7.45424976985997	1	TRUE
PRG1	klp-17	28.39	1.62315778900937	0	FALSE
PRG1	klp-18	28.09	8.28765908303161	1	TRUE
PRG1	klp-19	17.494	1.79566553952642	1	TRUE
PRG1	klp-20	20.818	9.81687989642483	0	FALSE
PRG1	klp-3	5.902	10.8942299061374	0	FALSE
PRG1	klp-4	20.244	16.3524113473918	0	FALSE
PRG1	klp-6	28.598	3.27159975910712	0	FALSE
PRG1	klp-7	19.42	4.48730997508431	1	TRUE
PRG1	klu-1	20.264	9.34225146586079	0	FALSE
PRG1	klu-2	7.096	7.73519995170887	0	FALSE
PRG1	kmo-1	25.662	2.73060631543983	0	FALSE
PRG1	kmo-2	27.93	7.06760024938361	0	FALSE
PRG1	knl-1	13.264	35.6572303510525	0	FALSE
PRG1	knl-2	8.68	17.802242050908	0	FALSE
PRG1	knl-3	13.154	7.34681874775217	0	FALSE
PRG1	kpc-1	24.496	22.9618096103891	0	FALSE
PRG1	kqt-1	22.212	6.15660466150307	0	FALSE
PRG1	kqt-2	23.624	21.7374022541517	0	FALSE
PRG1	kqt-3	23.83	11.9593097236192	0	FALSE
PRG1	kreg-1	13.314	7.93396835943589	0	FALSE
PRG1	kri-1	6.082	5.13847417339123	0	FALSE
PRG1	krr-1	23.1	12.7577527651777	0	FALSE
PRG1	ksr-1	22.688	4.18809378035533	0	FALSE
PRG1	ksr-2	26.138	11.5860784991195	0	FALSE
PRG1	kup-1	24.252	9.02977826275546	0	FALSE
PRG1	kvs-1	23.526	13.067399857935	0	FALSE
PRG1	kvs-2	24.592	12.946127481954	0	FALSE
PRG1	kvs-3	21.572	4.53930593645263	0	FALSE
PRG1	kvs-4	24.076	13.049425778353	0	FALSE
PRG1	kvs-5	24.606	11.3817910525453	0	FALSE
PRG1	kxd-1	25.514	3.3632387361605	0	FALSE
PRG1	kynu-1	25.832	9.61217215415238	0	FALSE
PRG1	laat-1	25.256	12.8897325271681	0	FALSE
PRG1	lab-1	19.084	3.53662558143527	0	FALSE
PRG1	lab-2	22.798	10.1229405350957	0	FALSE
PRG1	lact-1	27.45	9.11500598808323	0	FALSE
PRG1	lact-2	4.058	6.12954186041045	2	FALSE
PRG1	lact-3	28.62	2.72469485882347	0	FALSE
PRG1	lact-4	12.81	4.60015004483562	0	FALSE
PRG1	lact-5	15.964	3.36534052741553	0	FALSE
PRG1	lact-6	27.024	6.23212854843969	0	FALSE
PRG1	lact-7	24.056	22.8319803664361	0	FALSE
PRG1	lact-8	24.42	10.3931655703724	0	FALSE
PRG1	lact-9	28.862	4.38545159356139	0	FALSE
PRG1	lad-2	14.954	1.23992540915039	0	FALSE
PRG1	laf-1	18.27	3.11338016844968	0	FALSE
PRG1	lag-1	22.736	10.3313789372397	0	FALSE
PRG1	lag-2	25.262	9.01009614579522	0	FALSE
PRG1	lagr-1	28.54	2.50984579103661	0	FALSE
PRG1	lam-1	28.228	3.59160846588231	0	FALSE
PRG1	lam-2	29.178	4.48028195735921	1	TRUE
PRG1	lap-1	26.978	8.69099917540811	0	FALSE
PRG1	lap-2	29.56	2.03652462020195	0	FALSE
PRG1	larp-1	7.802	16.680476454359	0	FALSE
PRG1	larp-5	9.416	3.27216572034751	1	TRUE
PRG1	lars-1	26.316	7.35490963108365	0	FALSE
PRG1	lars-2	18.022	5.2728534280281	0	FALSE
PRG1	lat-1	22.274	3.49659899218252	0	FALSE
PRG1	lat-2	17.03	0.704638872577799	0	FALSE
PRG1	latd-1	11.21	4.29441744938837	0	FALSE
PRG1	lbp-1	9.992	9.9853125406427	0	FALSE
PRG1	lbp-2	9.354	7.76141495419831	0	FALSE
PRG1	lbp-3	26.458	7.91441597837012	0	FALSE
PRG1	lbp-4	24.32	16.3248676115365	0	FALSE
PRG1	lbp-5	27.214	6.97805407357365	0	FALSE
PRG1	lbp-6	17.174	3.46431922482943	0	FALSE
PRG1	lbp-7	23.016	15.1949715554924	0	FALSE
PRG1	lbp-8	26.358	8.29390854583792	0	FALSE
PRG1	lbp-9	23.178	0.764763464268545	0	FALSE
PRG1	lcmt-1	24.706	10.6956474163698	0	FALSE
PRG1	ldb-1	8.402	4.56590601547455	0	FALSE
PRG1	ldh-1	28.292	3.62559515646251	0	FALSE
PRG1	ldp-1	27.008	6.04593829180246	0	FALSE
PRG1	lea-1	24.694	7.83209650197676	1	TRUE
PRG1	lec-1	22.348	16.9056333288784	1	TRUE
PRG1	lec-10	18.776	2.59844047049145	0	FALSE
PRG1	lec-11	23.192	2.26369109207331	0	FALSE
PRG1	lec-12	27.362	5.95275941965343	0	FALSE
PRG1	lec-2	9.836	1.78801616134059	0	FALSE
PRG1	lec-3	19.212	32.2118647062831	0	FALSE
PRG1	lec-4	9.674	4.46026261212282	0	FALSE
PRG1	lec-5	11.558	4.74813615816317	0	FALSE
PRG1	lec-6	12.802	6.95629415004469	0	FALSE
PRG1	lec-7	15.828	3.48300099624147	0	FALSE
PRG1	lec-8	23.186	15.8292986907493	0	FALSE
PRG1	lec-9	27.142	6.40894987248781	0	FALSE
PRG1	lect-2	24.508	7.20900271808064	0	FALSE
PRG1	lelo-1	21.664	16.3138048689776	0	FALSE
PRG1	lelo-3	27.946	3.49813522736855	0	FALSE
PRG1	lelo-4	20.714	4.59763916112878	0	FALSE
PRG1	lem-2	14.334	1.86975857259718	0	FALSE
PRG1	lem-3	25.02	6.82412341180273	0	FALSE
PRG1	lem-4	21.27	0.806132026303824	0	FALSE
PRG1	leo-1	9.908	4.14876469906447	0	FALSE
PRG1	lep-2	12.514	1.07002517124951	1	TRUE
PRG1	let-2	19.808	7.1831518167985	0	FALSE
PRG1	let-23	25.032	5.35012113737062	0	FALSE
PRG1	let-268	27.24	9.22096985630101	0	FALSE
PRG1	let-355	24.86	10.8138641072456	0	FALSE
PRG1	let-381	19.718	6.0719955122078	0	FALSE
PRG1	let-383	18.692	13.2117940388291	0	FALSE
PRG1	let-391	20.012	6.63693268700344	0	FALSE
PRG1	let-4	22.844	3.57225241585327	0	FALSE
PRG1	let-413	20.918	13.0744223954811	0	FALSE
PRG1	let-418	11.91	30.9488440386758	1	TRUE
PRG1	let-49	23.036	4.85852379966009	0	FALSE
PRG1	let-502	24.532	11.0450435211107	1	TRUE
PRG1	let-504	17.534	1.87409093226443	1	TRUE
PRG1	let-522	28.468	3.79010502551733	0	FALSE
PRG1	let-526	25.374	10.9816058983543	1	TRUE
PRG1	let-60	18.052	1.85364051927192	0	FALSE
PRG1	let-607	20.31	4.87059016231946	0	FALSE
PRG1	let-611	27.268	3.1760193292975	0	FALSE
PRG1	let-630	28.73	3.40012950063387	0	FALSE
PRG1	let-653	22.556	10.1154449424737	0	FALSE
PRG1	let-70	23.07	6.95509506999265	0	FALSE
PRG1	let-716	23.776	11.7755524329341	0	FALSE
PRG1	let-721	28.196	2.13011783676553	1	TRUE
PRG1	let-754	9.752	4.23442036202906	0	FALSE
PRG1	let-756	25.904	4.27352533090695	0	FALSE
PRG1	let-765	24.036	5.73879460317484	0	FALSE
PRG1	let-767	29.67	1.14890869895917	0	FALSE
PRG1	let-858	24.1	3.34855028870725	0	FALSE
PRG1	let-92	20.188	32.332905704498	0	FALSE
PRG1	let-99	24.866	8.23558215429267	0	FALSE
PRG1	letm-1	23.606	3.4648478170973	0	FALSE
PRG1	lev-1	20.44	17.0634613248957	0	FALSE
PRG1	lev-10	24.062	4.87772412802793	0	FALSE
PRG1	lev-11	24.018	6.58580015484249	0	FALSE
PRG1	lev-8	25.494	7.48006903155934	0	FALSE
PRG1	lev-9	25.87	10.6735240169317	0	FALSE
PRG1	lex-1	22.132	8.48627612609447	1	TRUE
PRG1	lfe-2	25.128	9.00342840102217	0	FALSE
PRG1	lgc-1	28.302	3.47636235599166	0	FALSE
PRG1	lgc-10	27.438	4.9899751110137	0	FALSE
PRG1	lgc-11	27.574	12.3672699755157	0	FALSE
PRG1	lgc-12	26.094	5.46956420128517	0	FALSE
PRG1	lgc-13	27.904	4.15731089854298	0	FALSE
PRG1	lgc-14	27.842	4.38976667681971	0	FALSE
PRG1	lgc-15	27.376	1.57127095349958	0	FALSE
PRG1	lgc-16	27.062	2.00044120918344	0	FALSE
PRG1	lgc-17	26.434	3.92673547794558	0	FALSE
PRG1	lgc-18	28.378	5.35396625768974	0	FALSE
PRG1	lgc-19	24.776	16.6259733029385	0	FALSE
PRG1	lgc-20	26.766	5.22067316046959	0	FALSE
PRG1	lgc-21	26.542	6.51804773979195	0	FALSE
PRG1	lgc-22	23.018	8.49806836588683	0	FALSE
PRG1	lgc-23	25.65	5.10311875573676	0	FALSE
PRG1	lgc-24	28.184	3.59635805163391	0	FALSE
PRG1	lgc-25	23.804	0.677126221087506	0	FALSE
PRG1	lgc-26	21.622	5.17571632159894	0	FALSE
PRG1	lgc-27	23.742	13.790290259731	0	FALSE
PRG1	lgc-28	28.842	3.72993579925406	0	FALSE
PRG1	lgc-29	27.66	2.94233145452334	0	FALSE
PRG1	lgc-30	28.426	6.03823764668286	0	FALSE
PRG1	lgc-31	25.488	4.55390013269279	0	FALSE
PRG1	lgc-32	26.66	7.61606639666435	0	FALSE
PRG1	lgc-33	26.522	4.23336608105432	0	FALSE
PRG1	lgc-34	21.946	24.9478087967157	0	FALSE
PRG1	lgc-35	12.922	3.93056393660683	0	FALSE
PRG1	lgc-36	28.84	1.11470509054636	0	FALSE
PRG1	lgc-37	20.304	38.9159078812161	0	FALSE
PRG1	lgc-38	28.52	2.3173508614107	0	FALSE
PRG1	lgc-39	27.676	3.46744825198992	0	FALSE
PRG1	lgc-4	27.5	4.16129350519326	0	FALSE
PRG1	lgc-40	24.722	3.5686950822696	0	FALSE
PRG1	lgc-41	21.498	5.55475296861698	0	FALSE
PRG1	lgc-42	19.656	7.4847384529956	0	FALSE
PRG1	lgc-43	22.884	9.18319703647695	0	FALSE
PRG1	lgc-44	21.8	8.322307044679	0	FALSE
PRG1	lgc-45	23.41	8.48759030769954	0	FALSE
PRG1	lgc-46	15.158	0.824515096976803	0	FALSE
PRG1	lgc-47	20.556	10.6209302409459	0	FALSE
PRG1	lgc-48	28.816	2.81849003776074	0	FALSE
PRG1	lgc-49	26.906	9.2114508758879	0	FALSE
PRG1	lgc-5	27.778	7.38895294683187	0	FALSE
PRG1	lgc-50	28.046	6.00444671566591	0	FALSE
PRG1	lgc-51	29.358	1.56860340008699	0	FALSE
PRG1	lgc-52	23.306	5.5581737439762	0	FALSE
PRG1	lgc-53	28.534	5.69507362224416	0	FALSE
PRG1	lgc-54	27.668	10.6322433257892	0	FALSE
PRG1	lgc-55	20.746	5.7844082371078	0	FALSE
PRG1	lgc-56	26.884	16.8254289441375	0	FALSE
PRG1	lgc-58	22.762	14.3128950217933	0	FALSE
PRG1	lgc-6	27.08	3.89205572465675	0	FALSE
PRG1	lgc-7	27.492	1.86600092629836	0	FALSE
PRG1	lgc-8	26.494	6.03288396076409	0	FALSE
PRG1	lgc-9	27.514	7.45676016610357	0	FALSE
PRG1	lge-1	26.548	5.14707055466046	0	FALSE
PRG1	lgg-1	24.872	1.17954684265622	0	FALSE
PRG1	lgg-2	24.104	4.7872527710383	0	FALSE
PRG1	lgg-3	27.104	8.74271898190657	0	FALSE
PRG1	lgl-1	20.336	42.6803150951994	0	FALSE
PRG1	lgmn-1	28.126	2.43807574579885	0	FALSE
PRG1	lgx-1	23.742	13.163369514883	0	FALSE
PRG1	lhfp-4	19.804	0.830943341980378	0	FALSE
PRG1	lhpp-1	27.008	10.0339751727414	0	FALSE
PRG1	lias-1	23.738	22.5072965154463	0	FALSE
PRG1	lid-1	25.394	6.65212047667222	0	FALSE
PRG1	lido-1	5.9	3.52892590061984	0	FALSE
PRG1	lido-10	24.56	10.1305435440427	0	FALSE
PRG1	lido-11	16.76	13.3380916325726	0	FALSE
PRG1	lido-12	13.898	22.9935861560032	1	TRUE
PRG1	lido-13	12.398	25.7339005544024	0	FALSE
PRG1	lido-14	20.424	19.9550238159156	0	FALSE
PRG1	lido-15	24.076	6.39294466787684	0	FALSE
PRG1	lido-16	17.492	4.1235847365302	0	FALSE
PRG1	lido-17	15.32	1.69900980219587	0	FALSE
PRG1	lido-18	26.104	6.81503565879867	0	FALSE
PRG1	lido-2	21.352	19.0047872207598	0	FALSE
PRG1	lido-4	17.544	13.6133838005341	0	FALSE
PRG1	lido-5	18.646	15.8949348878749	0	FALSE
PRG1	lido-6	24.688	8.60045560906332	0	FALSE
PRG1	lido-7	15.792	31.0684820212632	0	FALSE
PRG1	lido-8	17.274	24.9125036254527	0	FALSE
PRG1	lido-9	20.546	17.1781192560592	0	FALSE
PRG1	lig-1	18.004	4.46554994239382	0	FALSE
PRG1	lig-4	26.204	8.75816744030488	0	FALSE
PRG1	lim-4	9.734	22.6735258425048	0	FALSE
PRG1	lim-6	16.992	14.5769029299965	0	FALSE
PRG1	lim-7	20.612	13.4402359190901	0	FALSE
PRG1	lim-8	6.592	2.0727883558733	0	FALSE
PRG1	lim-9	20.036	2.32995474852594	0	FALSE
PRG1	lin-1	16.222	12.8733664443071	0	FALSE
PRG1	lin-10	19.202	15.4267740105061	1	TRUE
PRG1	lin-11	16.732	16.8006207487586	0	FALSE
PRG1	lin-12	19.488	7.51831348645093	0	FALSE
PRG1	lin-13	18.136	4.20641892774142	0	FALSE
PRG1	lin-14	16.308	4.14835123171219	0	FALSE
PRG1	lin-15A	20.442	12.8552203881223	0	FALSE
PRG1	lin-15B	23.036	2.6513362535591	1	TRUE
PRG1	lin-17	22.15	5.51067539182865	0	FALSE
PRG1	lin-18	19.038	6.78054178546292	0	FALSE
PRG1	lin-2	9.802	5.78616190097602	0	FALSE
PRG1	lin-22	21.68	21.7548917772589	0	FALSE
PRG1	lin-23	22.064	15.1112154160891	0	FALSE
PRG1	lin-24	26.168	9.4980574335611	0	FALSE
PRG1	lin-25	26.1	10.6368599706576	0	FALSE
PRG1	lin-26	7.224	8.13466021228615	0	FALSE
PRG1	lin-28	3.808	3.5104705704729	2	FALSE
PRG1	lin-29	22.424	2.80304091981527	0	FALSE
PRG1	lin-3	14.05	4.18690495753614	0	FALSE
PRG1	lin-31	22.4	5.21462205373173	0	FALSE
PRG1	lin-32	18.078	5.73172079991617	0	FALSE
PRG1	lin-33	18.416	8.3607597011165	0	FALSE
PRG1	lin-35	26.098	8.81349393655585	0	FALSE
PRG1	lin-36	19.738	10.4594089689515	0	FALSE
PRG1	lin-37	18.91	18.7863889879965	0	FALSE
PRG1	lin-38	16.328	7.28492822762249	1	TRUE
PRG1	lin-39	13.47	2.41305463446845	0	FALSE
PRG1	lin-40	21.414	3.51242295202784	0	FALSE
PRG1	lin-41	17.868	8.57343172194331	1	TRUE
PRG1	lin-42	20.206	3.38322967902221	0	FALSE
PRG1	lin-44	22.59	5.22101738548348	0	FALSE
PRG1	lin-45	11.154	2.60428866297035	0	FALSE
PRG1	lin-46	28.7	4.66137764242838	0	FALSE
PRG1	lin-48	21.376	7.51287159148161	0	FALSE
PRG1	lin-49	5.048	10.6249755770257	0	FALSE
PRG1	lin-5	17.856	28.4033041951069	1	TRUE
PRG1	lin-52	17.604	2.46583302138389	0	FALSE
PRG1	lin-53	20.37	5.22372295513075	1	TRUE
PRG1	lin-54	5.288	4.05678377588549	0	FALSE
PRG1	lin-56	20.608	7.32149701017919	0	FALSE
PRG1	lin-59	17.36	3.45141755275236	0	FALSE
PRG1	lin-61	21.316	12.1908046838496	0	FALSE
PRG1	lin-65	23.238	2.60738567376636	0	FALSE
PRG1	lin-66	14.484	31.3794569873997	0	FALSE
PRG1	lin-7	10.684	4.06725701820418	0	FALSE
PRG1	lin-8	18.264	20.052230706717	0	FALSE
PRG1	lin-9	21.36	17.2795306527376	0	FALSE
PRG1	lip-1	17.946	3.81316099036127	1	TRUE
PRG1	lipl-1	25.986	8.57328263974209	0	FALSE
PRG1	lipl-2	22.662	8.37381913831875	0	FALSE
PRG1	lipl-3	26.644	3.46572112277126	0	FALSE
PRG1	lipl-4	25.59	9.29171957120457	0	FALSE
PRG1	lipl-5	21.006	13.7138227317825	0	FALSE
PRG1	lipl-6	21.226	22.4053404466548	0	FALSE
PRG1	lipl-7	24.378	13.6308286639445	0	FALSE
PRG1	lipl-8	25.012	10.4999835680703	0	FALSE
PRG1	lips-1	28.382	2.97305607583156	0	FALSE
PRG1	lips-10	28.3	3.66410820269753	0	FALSE
PRG1	lips-11	27.868	3.99592472746623	0	FALSE
PRG1	lips-12	28.704	2.01921225601302	0	FALSE
PRG1	lips-13	26.538	5.80895454798555	0	FALSE
PRG1	lips-15	28.45	1.31328939840207	0	FALSE
PRG1	lips-17	26.096	15.467506990798	0	FALSE
PRG1	lips-2	28.782	6.66601166383297	0	FALSE
PRG1	lips-3	21.774	20.1896416974028	0	FALSE
PRG1	lips-5	25.168	7.9003941223389	0	FALSE
PRG1	lips-6	18.974	29.928546660701	0	FALSE
PRG1	lips-7	25.044	6.63570260275299	0	FALSE
PRG1	lips-8	12.992	5.75747148330284	0	FALSE
PRG1	lips-9	6.798	5.32968549905356	0	FALSE
PRG1	lipt-1	18.562	1.14371814365211	0	FALSE
PRG1	lir-1	17.458	4.63570952307142	0	FALSE
PRG1	lir-2	23.858	3.40946854331608	0	FALSE
PRG1	lir-3	16.672	11.6243204650595	0	FALSE
PRG1	lis-1	25.522	11.2193473199868	0	FALSE
PRG1	lit-1	19.006	7.87131111344528	1	TRUE
PRG1	lite-1	25.326	3.04273734295753	0	FALSE
PRG1	lmd-1	20.07	14.8382892900415	0	FALSE
PRG1	lmd-2	11.964	2.26650081012571	0	FALSE
PRG1	lmd-3	18.466	11.2832332618512	0	FALSE
PRG1	lmd-4	21.168	20.2458206197851	0	FALSE
PRG1	lmd-5	20.4	13.8217910184918	0	FALSE
PRG1	lmn-1	13.17	8.6813095993661	0	FALSE
PRG1	lmp-1	23.922	13.3383924501679	0	FALSE
PRG1	lmp-2	24.886	12.1094498840186	0	FALSE
PRG1	lmtr-2	25.54	7.82419450620682	0	FALSE
PRG1	lmtr-3	22.682	3.94301435428136	0	FALSE
PRG1	lmtr-5	24.924	12.6078656915892	0	FALSE
PRG1	lnkn-1	28.548	1.0025805699873	0	FALSE
PRG1	lnp-1	22.776	8.21829381927153	0	FALSE
PRG1	lntl-1	16.498	6.30865907951974	0	FALSE
PRG1	lon-1	17.18	2.46712100727855	0	FALSE
PRG1	lon-2	16.072	10.2895982862959	0	FALSE
PRG1	lon-3	5.262	2.33681887479124	0	FALSE
PRG1	lon-8	25.272	2.16990911161148	0	FALSE
PRG1	lonp-1	25.012	10.3554695197209	0	FALSE
PRG1	lonp-2	24.298	4.64260549048136	0	FALSE
PRG1	lotr-1	13.578	1.18113537762436	0	FALSE
PRG1	lpd-2	14.534	50.996517002826	0	FALSE
PRG1	lpd-5	15.334	9.49444203808434	0	FALSE
PRG1	lpd-6	24.886	10.8675261540152	0	FALSE
PRG1	lpd-7	27.808	4.81489118916983	0	FALSE
PRG1	lpd-9	26.116	9.37796305612369	0	FALSE
PRG1	lpin-1	9.342	2.50856524674494	0	FALSE
PRG1	lpl-1	25.63	8.25465369992399	0	FALSE
PRG1	lpr-1	21.304	22.2219594502068	0	FALSE
PRG1	lpr-2	26.798	4.86589741646576	0	FALSE
PRG1	lpr-3	18.99	4.13467688098022	0	FALSE
PRG1	lpr-4	16.304	32.4284145631025	0	FALSE
PRG1	lpr-5	11.078	26.2883109330667	0	FALSE
PRG1	lpr-6	26.34	11.986505827803	0	FALSE
PRG1	lpr-7	11.502	6.51144084465253	0	FALSE
PRG1	lrch-1	25.388	4.1123374393807	0	FALSE
PRG1	lro-1	11.288	67.4897173803645	0	FALSE
PRG1	lron-1	25.726	3.82161239654251	0	FALSE
PRG1	lron-10	28.156	1.96187574510038	0	FALSE
PRG1	lron-11	20.056	4.41772630210988	0	FALSE
PRG1	lron-12	23.978	11.7663770094217	0	FALSE
PRG1	lron-13	28.73	4.29762075476437	0	FALSE
PRG1	lron-14	16.584	32.5096959682143	0	FALSE
PRG1	lron-15	26.206	3.31366022271938	0	FALSE
PRG1	lron-2	20.322	1.88196344574137	0	FALSE
PRG1	lron-3	26.264	4.7240235087285	0	FALSE
PRG1	lron-4	27.284	0.634081843385391	0	FALSE
PRG1	lron-5	25.758	4.49804690630771	0	FALSE
PRG1	lron-6	27.5	0.899954085146515	0	FALSE
PRG1	lron-7	21.884	6.4367082945983	0	FALSE
PRG1	lron-8	12.11	7.04202758277099	0	FALSE
PRG1	lron-9	23.276	1.17877646603488	0	FALSE
PRG1	lrpc-1	19.128	16.0611924418102	0	FALSE
PRG1	lrpr-1	29.77	0.878515070918513	0	FALSE
PRG1	lrr-1	24.572	7.95667347968876	0	FALSE
PRG1	lrx-1	17.426	19.3615362988357	0	FALSE
PRG1	lsd-1	27.934	1.58822679021689	0	FALSE
PRG1	lsl-1	14.174	8.92117989765712	1	TRUE
PRG1	lsm-1	13.992	40.3756442306983	0	FALSE
PRG1	lsm-3	8.156	1.78647844272231	0	FALSE
PRG1	lsm-4	19.65	7.14917636048805	0	FALSE
PRG1	lsm-5	17.114	2.78597264801977	0	FALSE
PRG1	lsm-6	24.882	1.63137493398451	0	FALSE
PRG1	lsm-7	3.902	1.84271430161431	2	FALSE
PRG1	lsm-8	24.448	12.3928553430585	0	FALSE
PRG1	lst-1	21.156	7.20363637897236	0	FALSE
PRG1	lst-2	17.574	7.59208980630098	0	FALSE
PRG1	lst-4	13.234	6.46507116095286	0	FALSE
PRG1	lst-5	9.308	7.86820859324921	0	FALSE
PRG1	lst-6	23.95	17.7757812676612	0	FALSE
PRG1	lsy-12	11.45	9.83221495619738	1	TRUE
PRG1	lsy-13	20.076	14.9307828333935	0	FALSE
PRG1	lsy-2	15.104	3.35202880352438	0	FALSE
PRG1	lsy-22	18.572	24.1198827251402	0	FALSE
PRG1	lsy-27	9.192	3.22485578269758	0	FALSE
PRG1	ltah-1.1	15.14	69.9522116572089	0	FALSE
PRG1	ltah-1.2	11.44	3.37926254896464	0	FALSE
PRG1	ltd-1	27.67	6.05205793604269	0	FALSE
PRG1	luc-7l3	24.278	14.8853772338532	0	FALSE
PRG1	lurp-1	26.902	3.19974776267205	0	FALSE
PRG1	lurp-2	27.892	1.50161949105924	0	FALSE
PRG1	lurp-3	26.23	9.52054317497411	0	FALSE
PRG1	lurp-4	23.868	13.7798602506047	0	FALSE
PRG1	lury-1	18.974	4.21128615614356	0	FALSE
PRG1	lys-1	25.528	13.9313359038121	0	FALSE
PRG1	lys-10	26.396	7.07450323288923	0	FALSE
PRG1	lys-2	26.676	3.96720301121543	0	FALSE
PRG1	lys-3	10.644	5.48001108149914	0	FALSE
PRG1	lys-4	27.494	5.69238922614839	0	FALSE
PRG1	lys-5	28.028	4.75820744818431	0	FALSE
PRG1	lys-6	27.378	6.55386085790283	0	FALSE
PRG1	lys-7	24.85	10.5077966572744	0	FALSE
PRG1	lys-8	21.702	21.7987184010851	0	FALSE
PRG1	lys-9	28.618	1.94466745424578	0	FALSE
PRG1	maa-1	19.97	29.9021177868216	0	FALSE
PRG1	mab-10	13.632	3.82350149164699	0	FALSE
PRG1	mab-20	26.226	3.38538602496603	0	FALSE
PRG1	mab-21	28.76	2.81200826803136	0	FALSE
PRG1	mab-23	23.13	5.50812383076163	0	FALSE
PRG1	mab-3	19.35	12.6288140070991	0	FALSE
PRG1	mab-31	14.92	1.89632095855162	0	FALSE
PRG1	mab-5	21.022	4.79640638583993	0	FALSE
PRG1	mab-7	25.536	4.6923573643179	0	FALSE
PRG1	mab-9	21.288	11.2998321227985	0	FALSE
PRG1	mac-1	24.332	1.83230434335471	0	FALSE
PRG1	maco-1	12.678	1.18104666251742	0	FALSE
PRG1	madd-2	4.486	2.38842536531054	2	FALSE
PRG1	madd-3	22.706	19.6610544212923	0	FALSE
PRG1	madd-4	16.73	12.7206005930016	0	FALSE
PRG1	madf-1	23.806	5.14354076487599	0	FALSE
PRG1	madf-10	24.546	11.027732391837	0	FALSE
PRG1	madf-11	10.02	4.71339017566127	0	FALSE
PRG1	madf-2	24.898	13.9457835613742	0	FALSE
PRG1	madf-3	17.836	12.9642280839703	0	FALSE
PRG1	madf-4	19.578	16.6190515829483	0	FALSE
PRG1	madf-5	20.374	9.79859968480604	0	FALSE
PRG1	madf-6	16.948	16.2562960668178	0	FALSE
PRG1	madf-8	26.632	5.20341751229063	0	FALSE
PRG1	madf-9	21.366	12.976454967524	0	FALSE
PRG1	maea-1	25.554	7.44596836964761	0	FALSE
PRG1	maf-1	3.716	2.93930407339357	2	FALSE
PRG1	mafr-1	20.846	8.81271349612255	0	FALSE
PRG1	mag-1	24.642	6.88603163744399	0	FALSE
PRG1	mage-1	27.372	5.78372181992756	0	FALSE
PRG1	magi-1	13.628	6.79560277146792	0	FALSE
PRG1	magu-1	18.492	16.8438592033999	0	FALSE
PRG1	magu-2	26.63	6.50472989717068	0	FALSE
PRG1	magu-3	10.39	8.00813928607669	0	FALSE
PRG1	magu-4	18.804	16.5488893088452	0	FALSE
PRG1	mai-1	21.578	7.06167557279931	0	FALSE
PRG1	mai-2	12.876	2.76203997892454	0	FALSE
PRG1	mak-1	21.152	3.29167106609667	0	FALSE
PRG1	mak-2	19.926	21.0788428919264	0	FALSE
PRG1	malt-1	10.95	1.66149820992331	0	FALSE
PRG1	mam-1	8.808	8.45741969650484	0	FALSE
PRG1	mam-2	27.266	11.6551354675587	0	FALSE
PRG1	mam-3	26.842	3.73568016571742	0	FALSE
PRG1	mam-4	21.874	17.967251007745	0	FALSE
PRG1	mam-5	19.214	8.63691533109984	0	FALSE
PRG1	mam-6	22.668	15.2789220462711	0	FALSE
PRG1	mam-7	9.964	6.72143540422116	0	FALSE
PRG1	mam-8	25.396	4.51091333378551	0	FALSE
PRG1	manf-1	20.992	1.25783846528692	0	FALSE
PRG1	mans-1	25.77	6.7915072571818	0	FALSE
PRG1	mans-2	18.068	26.3423435970653	0	FALSE
PRG1	mans-3	7.856	9.03256718449785	0	FALSE
PRG1	mans-4	12.76	3.09139230772978	0	FALSE
PRG1	maoc-1	29.398	2.46132856209046	0	FALSE
PRG1	map-1	24.318	18.3827889217523	0	FALSE
PRG1	map-2	24.858	6.65215647902802	0	FALSE
PRG1	maph-1.1	13.828	6.66384925611333	1	TRUE
PRG1	maph-1.2	19.222	6.44961992360565	1	TRUE
PRG1	maph-1.3	10.228	2.47478025666597	0	FALSE
PRG1	maph-9	13.172	2.20713055029955	0	FALSE
PRG1	mapk-15	10.57	9.05541390121803	0	FALSE
PRG1	marb-1	19.608	22.8174420235072	0	FALSE
PRG1	marc-1	25.116	9.62861017722141	0	FALSE
PRG1	marc-2	11.678	7.20559131422893	0	FALSE
PRG1	marc-3	2.576	3.60628079580546	2	FALSE
PRG1	marc-4	18.482	2.72001212842594	0	FALSE
PRG1	marc-5	17.066	15.8819912783462	0	FALSE
PRG1	marc-6	20.54	3.09507268367863	0	FALSE
PRG1	marg-1	16.216	6.4167681759368	0	FALSE
PRG1	mars-1	28.09	5.75953547966133	0	FALSE
PRG1	mat-1	11.528	4.9412099421639	0	FALSE
PRG1	mat-2	16.534	41.4090841741552	0	FALSE
PRG1	mat-3	21.162	7.59022807927842	0	FALSE
PRG1	math-1	26.764	16.367156174607	0	FALSE
PRG1	math-10	21.64	10.1378570398099	0	FALSE
PRG1	math-13	28.028	5.94733592901421	0	FALSE
PRG1	math-14	13.724	5.51338619804276	0	FALSE
PRG1	math-15	20.032	20.0928793433418	0	FALSE
PRG1	math-16	22.116	11.1726219443425	0	FALSE
PRG1	math-18	28.08	1.6274967738269	0	FALSE
PRG1	math-19	26.622	8.39560205798006	0	FALSE
PRG1	math-20	26.036	11.3266761189912	0	FALSE
PRG1	math-21	23.418	7.73507563003324	0	FALSE
PRG1	math-22	23.676	16.82943216539	0	FALSE
PRG1	math-23	26.074	14.0269503928019	0	FALSE
PRG1	math-24	18.536	3.76187927927716	0	FALSE
PRG1	math-25	25.452	9.04658006797199	0	FALSE
PRG1	math-26	22.974	7.59180648859617	0	FALSE
PRG1	math-28	27.964	1.19157361055068	0	FALSE
PRG1	math-3	25.692	5.29386291874335	0	FALSE
PRG1	math-31	24.948	11.2097509239335	0	FALSE
PRG1	math-33	20.106	43.9890048751579	0	FALSE
PRG1	math-34	5.894	4.58815050059451	0	FALSE
PRG1	math-37	19.668	11.0416639676616	0	FALSE
PRG1	math-38	27.312	5.17355138348344	0	FALSE
PRG1	math-39	19.936	20.5202670261221	0	FALSE
PRG1	math-4	24.878	14.3379022400392	0	FALSE
PRG1	math-40	22.062	25.3199085792073	0	FALSE
PRG1	math-41	21.458	19.1558895328429	0	FALSE
PRG1	math-42	24.514	6.70046867537506	0	FALSE
PRG1	math-44	24.256	12.0386327177374	0	FALSE
PRG1	math-45	28.51	2.33969037379549	0	FALSE
PRG1	math-46	19.698	3.53646682704131	0	FALSE
PRG1	math-48	4.712	1.35391663053791	2	FALSE
PRG1	math-49	24.238	13.8803353444533	0	FALSE
PRG1	math-5	25.248	7.09472465722835	0	FALSE
PRG1	math-6	26.878	7.74038800233167	0	FALSE
PRG1	math-7	24.488	6.29445336560842	0	FALSE
PRG1	math-8	23.972	20.6622204412485	0	FALSE
PRG1	math-9	17.646	34.0956200258821	0	FALSE
PRG1	mau-2	25.662	11.0389343171303	0	FALSE
PRG1	mau-8	17.912	6.76416993182984	0	FALSE
PRG1	max-1	26.078	11.4951713829872	0	FALSE
PRG1	max-2	21.64	3.42754608038193	0	FALSE
PRG1	mbd-2	26.36	3.13267210063729	0	FALSE
PRG1	mbf-1	19.592	9.19829162994243	1	TRUE
PRG1	mbk-1	21.52	13.4406989668573	0	FALSE
PRG1	mbk-2	20.54	7.29852193973124	1	TRUE
PRG1	mbl-1	20.05	3.00640998607093	0	FALSE
PRG1	mboa-1	26.268	7.28521281223341	0	FALSE
PRG1	mboa-2	8.45	1.77514792899408	0	FALSE
PRG1	mboa-3	22.84	23.0031417948963	0	FALSE
PRG1	mboa-4	25.91	13.0325325613811	0	FALSE
PRG1	mboa-6	24.03	12.4990550623899	0	FALSE
PRG1	mboa-7	30.2	0.908335544658622	0	FALSE
PRG1	mbr-1	10.018	4.43914345027484	0	FALSE
PRG1	mbtr-1	12.076	4.66736572556534	0	FALSE
PRG1	mca-1	23.74	10.3366269543386	0	FALSE
PRG1	mca-2	17.568	1.80604144193714	0	FALSE
PRG1	mca-3	22.05	5.09573810753838	0	FALSE
PRG1	mcat-1	7.486	3.834079122673	0	FALSE
PRG1	mccc-1	25.118	14.8777241582026	0	FALSE
PRG1	mccc-2	24.272	12.0101436079948	0	FALSE
PRG1	mcd-1	11.352	0.84355282733433	0	FALSE
PRG1	mce-1	28.28	1.31644345608107	0	FALSE
PRG1	mcm-10	7.048	13.2365128766139	0	FALSE
PRG1	mcm-2	21.516	8.48747620997733	0	FALSE
PRG1	mcm-3	29.122	4.06495002308364	0	FALSE
PRG1	mcm-3ap	26.506	5.83784210435763	0	FALSE
PRG1	mcm-4	26.242	15.4726347245624	0	FALSE
PRG1	mcm-5	14.43	1.64651481226843	0	FALSE
PRG1	mcm-6	26.97	6.03430476907622	0	FALSE
PRG1	mcm-7	29.5	1.11478533236647	0	FALSE
PRG1	mcp-1	19.01	27.4752251570365	0	FALSE
PRG1	mcrs-1	7.196	2.80112349637716	0	FALSE
PRG1	mct-2	12.892	1.42859006307432	0	FALSE
PRG1	mct-3	8.4	3.59220149276538	0	FALSE
PRG1	mct-4	13.264	9.01882283944104	0	FALSE
PRG1	mct-5	24.748	6.44527558048661	0	FALSE
PRG1	mct-6	24.172	1.25017372146341	0	FALSE
PRG1	mctp-1	16.288	8.15575161231879	0	FALSE
PRG1	mcu-1	28.706	3.15823713413498	0	FALSE
PRG1	mdf-1	22.04	10.4814347666658	0	FALSE
PRG1	mdf-2	27.442	8.52448201051153	0	FALSE
PRG1	mdh-1	9.942	3.37171945332963	0	FALSE
PRG1	mdh-2	29.308	3.38449371058901	0	FALSE
PRG1	mdl-1	19.432	12.8231811126825	0	FALSE
PRG1	mdmh-35	24.266	9.56916249473347	0	FALSE
PRG1	mdss-1	26.64	6.21368146228887	0	FALSE
PRG1	mdt-1.2	24.228	1.88091563478505	0	FALSE
PRG1	mdt-10	26.654	4.23657440745822	0	FALSE
PRG1	mdt-11	22.42	4.73538451259807	0	FALSE
PRG1	mdt-15	16.586	5.31280010653278	0	FALSE
PRG1	mdt-17	29.196	1.97585583447276	1	TRUE
PRG1	mdt-18	8.924	2.79986509164089	0	FALSE
PRG1	mdt-19	10.772	21.4600928926386	0	FALSE
PRG1	mdt-20	26.634	2.8918459709599	0	FALSE
PRG1	mdt-21	24.04	5.66945924705519	0	FALSE
PRG1	mdt-22	25.544	4.68966245209723	0	FALSE
PRG1	mdt-26	21.976	12.8641550174287	0	FALSE
PRG1	mdt-27	22.962	26.1194270106831	0	FALSE
PRG1	mdt-28	17.314	12.0671900445384	0	FALSE
PRG1	mdt-29	25.366	10.3786819092119	0	FALSE
PRG1	mdt-30	21.466	24.5639199087546	0	FALSE
PRG1	mdt-31	16.038	6.06729301423531	0	FALSE
PRG1	mdt-4	16.198	1.65447917773507	1	TRUE
PRG1	mdt-6	4.028	8.17834506648838	3	TRUE
PRG1	mdt-8	20.59	1.91209516124619	0	FALSE
PRG1	mec-1	22.642	6.6621012353983	0	FALSE
PRG1	mec-10	15.848	3.58430395958146	0	FALSE
PRG1	mec-12	20.988	19.0622733085711	0	FALSE
PRG1	mec-14	21.916	21.4896851369251	0	FALSE
PRG1	mec-15	24.34	12.8182413132301	0	FALSE
PRG1	mec-17	22.08	8.96779158453723	0	FALSE
PRG1	mec-18	25.566	9.96730254827128	0	FALSE
PRG1	mec-19	18.872	14.7811665304391	0	FALSE
PRG1	mec-2	18.896	3.02846466323592	0	FALSE
PRG1	mec-3	25.934	5.36056380596285	0	FALSE
PRG1	mec-4	14.436	13.7428501041895	0	FALSE
PRG1	mec-5	16.836	23.0759384237429	0	FALSE
PRG1	mec-6	19.178	2.9395936283804	0	FALSE
PRG1	mec-7	24.136	11.5147328757145	0	FALSE
PRG1	mec-8	18.854	6.77050424057993	0	FALSE
PRG1	mec-9	21.964	4.86624376805311	0	FALSE
PRG1	med-1	16.69	3.44009315720999	0	FALSE
PRG1	med-2	17.47	12.1654263241358	0	FALSE
PRG1	mef-2	9.594	5.2843575357635	0	FALSE
PRG1	meg-1	20.176	11.1138881121241	0	FALSE
PRG1	meg-2	12.688	3.06334523956164	0	FALSE
PRG1	meg-3	21.092	4.66639362847643	1	TRUE
PRG1	meg-4	15.194	4.86558295059035	0	FALSE
PRG1	mei-1	12.278	14.9839849843475	0	FALSE
PRG1	mei-2	26.916	4.04755618678085	0	FALSE
PRG1	meic-1	7.548	2.43283072202184	0	FALSE
PRG1	mek-1	22.354	23.6330963674498	0	FALSE
PRG1	mek-2	9.944	90.6135287849195	1	TRUE
PRG1	mek-5	11.52	3.06719787223173	0	FALSE
PRG1	mekk-3	18.578	11.373541680817	0	FALSE
PRG1	mel-11	8.804	9.66858984637194	1	TRUE
PRG1	mel-26	28.006	4.28126863297217	0	FALSE
PRG1	mel-28	16.738	28.986587005316	1	TRUE
PRG1	mel-32	29.072	4.90656342337453	1	TRUE
PRG1	mel-46	20.438	26.9626351732811	1	TRUE
PRG1	melo-1	16.488	15.168691135639	0	FALSE
PRG1	melo-2	14.146	1.14707489751939	0	FALSE
PRG1	melo-3	28.102	5.25313172062902	0	FALSE
PRG1	memb-1	19.156	1.47310440945536	0	FALSE
PRG1	memb-2	23.116	10.0149466816872	0	FALSE
PRG1	memi-1	16.572	3.75082476100623	0	FALSE
PRG1	memi-2	14.766	3.36666473979555	0	FALSE
PRG1	memi-3	7.438	4.72989523528469	0	FALSE
PRG1	memo-1	27.844	2.64923028055433	0	FALSE
PRG1	men-1	28.088	10.5783569341591	0	FALSE
PRG1	mep-1	24.67	6.68625830652395	1	TRUE
PRG1	mes-1	23.174	4.04070083682847	0	FALSE
PRG1	mes-2	8.136	2.42199228471107	0	FALSE
PRG1	mes-3	11.39	5.52245087069668	1	TRUE
PRG1	mes-4	9.984	98.0975656600308	0	FALSE
PRG1	mes-6	18.118	9.18162255714552	0	FALSE
PRG1	mesp-1	19.222	9.32607036491316	0	FALSE
PRG1	met-1	14.27	5.24198141577521	1	TRUE
PRG1	met-2	6.588	3.56208228653917	1	TRUE
PRG1	metl-1	13.514	9.94742751555086	0	FALSE
PRG1	metl-13	27.294	5.26853935707378	0	FALSE
PRG1	metl-17	17.376	4.45164559010368	0	FALSE
PRG1	metl-18	24.632	13.7400045263384	0	FALSE
PRG1	metl-2	16.782	3.23627342759686	0	FALSE
PRG1	metl-5	25.516	6.28425279762206	0	FALSE
PRG1	metl-6	27.17	5.12036994509103	0	FALSE
PRG1	metl-9	26.298	1.05359341902978	0	FALSE
PRG1	metr-1	18.09	33.6686616013314	1	TRUE
PRG1	mett-10	27.824	12.1584305640812	0	FALSE
PRG1	mev-1	24.704	6.92435825886113	0	FALSE
PRG1	mex-1	13.778	28.7997604722223	1	TRUE
PRG1	mex-3	12.36	4.6017039160388	0	FALSE
PRG1	mex-5	12.976	33.321323759385	0	FALSE
PRG1	mex-6	7.744	5.26093015205657	0	FALSE
PRG1	mfap-1	11.52	2.85931755069455	0	FALSE
PRG1	mfb-1	25.69	7.68946673849319	0	FALSE
PRG1	mff-1	15.986	4.85809112634606	0	FALSE
PRG1	mff-2	20.498	3.66529507974552	0	FALSE
PRG1	mfn-1	8.102	4.87135377926278	0	FALSE
PRG1	mfsc-1	24.472	7.71951145068606	0	FALSE
PRG1	mfsd-10	29.818	4.81801246600484	0	FALSE
PRG1	mfsd-11	15.914	7.36216080806438	0	FALSE
PRG1	mfsd-12	24.058	5.08531681261592	0	FALSE
PRG1	mfsd-13.1	20.15	10.2424596283121	0	FALSE
PRG1	mfsd-13.2	11.736	79.9381105531233	0	FALSE
PRG1	mfsd-6	15.324	1.26251855692876	0	FALSE
PRG1	mfsd-8.1	22.468	9.80148046394654	0	FALSE
PRG1	mfsd-8.2	23.83	17.468760152503	0	FALSE
PRG1	mfsd-8.3	22.458	3.91961441334015	0	FALSE
PRG1	mfsd-8.4	23.766	6.4378094920902	0	FALSE
PRG1	mfsd-8.5	9.842	3.83444162059392	0	FALSE
PRG1	mgl-1	24.356	14.2060222781909	0	FALSE
PRG1	mgl-2	27.26	3.31810875055218	0	FALSE
PRG1	mgl-3	23.884	3.19600899738746	0	FALSE
PRG1	mgrn-1	22.194	1.60842294477739	0	FALSE
PRG1	mib-1	27.356	4.21839597153936	0	FALSE
PRG1	mics-1	18.418	10.5872181865981	0	FALSE
PRG1	micu-1	19.106	1.30250910122295	0	FALSE
PRG1	micu-3	26.246	6.52416270501812	0	FALSE
PRG1	mif-1	26.582	9.72272997671892	0	FALSE
PRG1	mif-2	21.746	12.2703069876682	0	FALSE
PRG1	mif-3	28.574	0.975401834487008	0	FALSE
PRG1	mif-4	28.304	4.79252775129555	0	FALSE
PRG1	mig-1	25.394	11.2186182197063	0	FALSE
PRG1	mig-10	9.618	21.1400868199971	0	FALSE
PRG1	mig-13	17.522	2.96835619116925	0	FALSE
PRG1	mig-14	18.85	23.008343477601	0	FALSE
PRG1	mig-15	8.51	13.8438648391989	0	FALSE
PRG1	mig-17	25.144	4.49909131139037	0	FALSE
PRG1	mig-18	25.906	4.27415421084184	0	FALSE
PRG1	mig-2	27.548	6.51907881115508	0	FALSE
PRG1	mig-21	15.542	3.93259381260525	0	FALSE
PRG1	mig-22	27.678	1.72997134858429	0	FALSE
PRG1	mig-23	19.216	8.50185585810901	0	FALSE
PRG1	mig-32	16.702	2.15933533119865	0	FALSE
PRG1	mig-38	5.576	9.82171185100668	0	FALSE
PRG1	mig-39	12.504	3.78322063446178	0	FALSE
PRG1	mig-5	8.906	1.04610956198986	0	FALSE
PRG1	mig-6	25.656	6.68727179428051	0	FALSE
PRG1	miga-1	19.442	6.1637762638628	0	FALSE
PRG1	mihp-1	13.436	3.70889551760942	0	FALSE
PRG1	mihp-2	20.982	7.05248955212518	0	FALSE
PRG1	mina-1	21.278	15.3183359994064	0	FALSE
PRG1	mip-1	2.29	2.2479541792548	2	FALSE
PRG1	mip-2	16.966	52.0824942498637	0	FALSE
PRG1	miro-1	27.544	6.00742179753065	0	FALSE
PRG1	mis-12	26.046	19.741832904664	0	FALSE
PRG1	misc-1	30.24	1.0733354740157	0	FALSE
PRG1	mix-1	25.092	11.3014051427469	0	FALSE
PRG1	miz-1	4.162	7.97497993118226	2	FALSE
PRG1	mjl-1	6.392	4.1736085807743	0	FALSE
PRG1	mkk-4	24.384	12.6004248339599	0	FALSE
PRG1	mks-1	16.166	28.7206927192379	0	FALSE
PRG1	mks-2	25.074	3.68801305624407	0	FALSE
PRG1	mks-3	27.626	3.03604266253593	0	FALSE
PRG1	mks-5	10.73	25.8764642606215	0	FALSE
PRG1	mks-6	23.81	9.67604500447742	0	FALSE
PRG1	mksr-1	22.824	5.05553836547093	0	FALSE
PRG1	mksr-2	27.748	2.91561230889729	0	FALSE
PRG1	mlc-1	23.472	10.197814983039	0	FALSE
PRG1	mlc-2	25.488	8.72910890381045	0	FALSE
PRG1	mlc-3	16.658	4.34478389895668	0	FALSE
PRG1	mlc-4	17.096	18.7016721479441	0	FALSE
PRG1	mlc-5	11.606	3.83185105895936	0	FALSE
PRG1	mlc-6	21.752	27.2650471014384	0	FALSE
PRG1	mlc-7	22.32	18.1213060588029	0	FALSE
PRG1	mlcd-1	19.83	3.08440316356491	0	FALSE
PRG1	mlck-1	24.29	1.67483290298955	0	FALSE
PRG1	mlh-1	22.748	8.15070526608636	0	FALSE
PRG1	mlk-1	20.7	8.46769094894045	0	FALSE
PRG1	mlp-1	19.064	16.7820233360972	0	FALSE
PRG1	mls-1	19.412	1.97758090099584	0	FALSE
PRG1	mls-2	17.834	1.49020439811908	0	FALSE
PRG1	mlst-8	23.718	16.4186326224625	0	FALSE
PRG1	mlt-10	24.038	7.71206329106619	0	FALSE
PRG1	mlt-2	19.33	16.9787311245059	0	FALSE
PRG1	mlt-3	21.26	23.1566017856793	0	FALSE
PRG1	mlt-4	25.874	4.31679997274533	0	FALSE
PRG1	mlt-7	25.1	14.7818697919055	0	FALSE
PRG1	mlt-8	25.41	6.6840260610103	0	FALSE
PRG1	mlt-9	14.11	20.4741401501598	0	FALSE
PRG1	mltn-1	14.462	5.98356978487264	0	FALSE
PRG1	mltn-10	26.396	4.48436646634937	0	FALSE
PRG1	mltn-11	26.442	6.02215688600171	0	FALSE
PRG1	mltn-12	21.402	8.36536171132438	0	FALSE
PRG1	mltn-13	7.424	4.51450269097898	0	FALSE
PRG1	mltn-2	22.162	17.5131833715916	0	FALSE
PRG1	mltn-3	21.222	2.92707733799054	0	FALSE
PRG1	mltn-5	19.056	1.13682478363159	0	FALSE
PRG1	mltn-6	8.748	3.05920361626013	0	FALSE
PRG1	mltn-7	26.44	5.93658742524291	0	FALSE
PRG1	mltn-8	8.898	4.45616737349326	0	FALSE
PRG1	mltn-9	24.664	4.38247303440555	0	FALSE
PRG1	mma-1	28.654	2.13478935607774	1	TRUE
PRG1	mmaa-1	21.548	14.7707109652189	1	TRUE
PRG1	mmab-1	27.824	7.76743210560292	0	FALSE
PRG1	mmad-1	14.716	2.85387462490676	0	FALSE
PRG1	mmcm-1	25.48	8.43977017486735	0	FALSE
PRG1	mml-1	10.01	2.01045072902079	0	FALSE
PRG1	mms-19	17.244	1.17537704107244	0	FALSE
PRG1	mnat-1	28.244	6.53533944064487	0	FALSE
PRG1	mnk-1	17.136	4.48447419442571	0	FALSE
PRG1	mnm-2	16.53	5.25445874182903	0	FALSE
PRG1	mnp-1	21.29	37.0240652193421	0	FALSE
PRG1	mnr-1	26.94	15.33687852645	0	FALSE
PRG1	moa-1	11.128	8.31452650317334	0	FALSE
PRG1	moa-2	21.258	17.1987034601284	0	FALSE
PRG1	moag-4	19.506	20.0801768018875	0	FALSE
PRG1	mob-1	23.892	23.0526422440458	0	FALSE
PRG1	mob-2	16.86	7.87644349417184	0	FALSE
PRG1	mob-3	24.472	21.1594420632562	0	FALSE
PRG1	mob-4	27.802	2.47209476531369	0	FALSE
PRG1	moc-1	27.486	15.2627511596767	0	FALSE
PRG1	moc-2	28.19	1.4422526676308	0	FALSE
PRG1	moc-3	29.006	2.59789338594386	0	FALSE
PRG1	moc-5	26.792	5.48280086363413	0	FALSE
PRG1	moc-6	18.954	15.8759336149604	0	FALSE
PRG1	mocs-1	26.768	6.54876948132847	0	FALSE
PRG1	mod-1	28.208	1.75516148006418	0	FALSE
PRG1	mod-5	21.562	8.91658751995864	0	FALSE
PRG1	moe-3	15.868	17.1374427287519	0	FALSE
PRG1	mog-1	16.144	3.9404400250339	0	FALSE
PRG1	mog-2	27.092	6.6800926609629	0	FALSE
PRG1	mog-3	20.706	16.9365901691251	0	FALSE
PRG1	mog-4	12.27	1.62999185004075	1	TRUE
PRG1	mog-5	18.412	3.29685692994425	0	FALSE
PRG1	mog-7	10.27	60.8888718167398	0	FALSE
PRG1	mogs-1	17.708	3.90153316212303	0	FALSE
PRG1	molo-1	25.066	11.5170138426414	0	FALSE
PRG1	mom-1	26.338	8.26797009893581	0	FALSE
PRG1	mom-2	20.974	17.562160188428	0	FALSE
PRG1	mom-4	24.186	7.36419246867682	0	FALSE
PRG1	mom-5	26.704	10.2318461939657	0	FALSE
PRG1	moma-1	24.906	12.6068795633045	0	FALSE
PRG1	mon-2	28.192	2.04296036761303	0	FALSE
PRG1	mop-25.1	13.66	5.11345819475851	0	FALSE
PRG1	mop-25.2	23.562	20.0015338196493	0	FALSE
PRG1	mop-25.3	27.646	3.34549153073986	0	FALSE
PRG1	morc-1	17.006	8.6815880845277	0	FALSE
PRG1	mpc-1	21.23	19.4613003264432	0	FALSE
PRG1	mpc-2	27.072	5.53205577918131	0	FALSE
PRG1	mpdu-1	29.276	2.50420233268576	0	FALSE
PRG1	mpk-1	22.492	9.67755808941397	1	TRUE
PRG1	mpk-2	24.54	9.39850565701568	0	FALSE
PRG1	mppa-1	28.844	4.97794249953106	0	FALSE
PRG1	mppb-1	25.728	11.1951567007281	0	FALSE
PRG1	mppe-1	24.162	9.39406979944333	0	FALSE
PRG1	mps-1	19.422	4.7222387200803	0	FALSE
PRG1	mps-2	28.986	2.17162778365705	0	FALSE
PRG1	mps-3	23.376	5.91282963678058	0	FALSE
PRG1	mps-4	24.792	5.67804232084701	0	FALSE
PRG1	mpst-1	18.536	33.6934220789083	0	FALSE
PRG1	mpst-2	29.056	2.6445292881477	0	FALSE
PRG1	mpst-3	29.176	2.27063404299088	0	FALSE
PRG1	mpst-4	26.19	7.14120170901661	0	FALSE
PRG1	mpst-6	29.564	0.822856846141435	0	FALSE
PRG1	mpst-7	18.602	6.34401892933045	0	FALSE
PRG1	mpz-3	19.162	4.94843640485362	0	FALSE
PRG1	mpz-4	24.582	7.25017231278835	0	FALSE
PRG1	mpz-5	21.516	18.1081790188987	0	FALSE
PRG1	mpz-6	26.312	4.27028315144466	0	FALSE
PRG1	mrck-1	15.982	10.900760726897	1	TRUE
PRG1	mre-11	18.034	2.51999400252244	0	FALSE
PRG1	mrg-1	21.354	12.3377911673788	0	FALSE
PRG1	mrpl-1	5.86	2.89096831844666	1	TRUE
PRG1	mrpl-10	26.766	9.33081048601989	0	FALSE
PRG1	mrpl-11	24.424	7.36226732247501	0	FALSE
PRG1	mrpl-12	22.31	16.7165265129678	0	FALSE
PRG1	mrpl-13	30.33	0.253252415030287	0	FALSE
PRG1	mrpl-15	29.708	1.61281350683529	1	TRUE
PRG1	mrpl-16	27.28	5.36431995406554	0	FALSE
PRG1	mrpl-17	16.022	4.17391769716605	0	FALSE
PRG1	mrpl-18	23.654	9.46997978214759	0	FALSE
PRG1	mrpl-19	23.79	7.70338257829194	0	FALSE
PRG1	mrpl-2	26.33	11.4769409601466	0	FALSE
PRG1	mrpl-20	29.42	1.58721360382196	0	FALSE
PRG1	mrpl-21	28.242	3.13801871450614	0	FALSE
PRG1	mrpl-22	29.71	2.07690821527766	0	FALSE
PRG1	mrpl-23	26.176	14.5840319690444	0	FALSE
PRG1	mrpl-24	28.37	1.13918664865649	0	FALSE
PRG1	mrpl-28	29.398	3.29492952319765	0	FALSE
PRG1	mrpl-30	27.494	3.01221620961809	0	FALSE
PRG1	mrpl-32	25.976	5.83212251485485	0	FALSE
PRG1	mrpl-34	29.304	4.03192729779869	0	FALSE
PRG1	mrpl-35	25.37	5.25698804428425	0	FALSE
PRG1	mrpl-36	11.204	2.84256309041561	0	FALSE
PRG1	mrpl-37	27.222	4.62718040951753	0	FALSE
PRG1	mrpl-38	28.394	4.97766325347748	0	FALSE
PRG1	mrpl-39	27.852	8.63880439169688	0	FALSE
PRG1	mrpl-4	24.424	20.2435207185668	1	TRUE
PRG1	mrpl-40	23.934	17.6342364813524	0	FALSE
PRG1	mrpl-41	26.89	2.59801321808172	0	FALSE
PRG1	mrpl-42	13.326	3.84786885500978	0	FALSE
PRG1	mrpl-44	29.95	1.31070360109452	0	FALSE
PRG1	mrpl-45	11.408	7.41276017509572	0	FALSE
PRG1	mrpl-46	12.836	2.63190494590233	0	FALSE
PRG1	mrpl-47	6.488	6.37959621428928	1	TRUE
PRG1	mrpl-48	25.262	8.38109287910028	0	FALSE
PRG1	mrpl-49	22.02	15.4282488594283	0	FALSE
PRG1	mrpl-50	26.678	7.95145701343612	0	FALSE
PRG1	mrpl-51	5.302	4.08544415437565	0	FALSE
PRG1	mrpl-53	23.064	17.0005142095749	0	FALSE
PRG1	mrpl-54	13.066	14.6599664885732	0	FALSE
PRG1	mrpl-55	22.506	8.96545850661255	0	FALSE
PRG1	mrpl-58	25.43	7.32375622014636	0	FALSE
PRG1	mrpl-9	26.214	12.4649608701796	0	FALSE
PRG1	mrps-10	24.914	6.77855917189725	0	FALSE
PRG1	mrps-11	28.404	6.31924315384131	0	FALSE
PRG1	mrps-12	27.068	4.29229739700977	0	FALSE
PRG1	mrps-14	27.69	7.60092859463612	0	FALSE
PRG1	mrps-15	23.988	8.38926320615869	0	FALSE
PRG1	mrps-16	25.274	4.14849010663334	1	TRUE
PRG1	mrps-17	24.794	15.9208451383098	0	FALSE
PRG1	mrps-18.c	12.192	4.75134547952951	0	FALSE
PRG1	mrps-18C	30.36	0.755065440470857	0	FALSE
PRG1	mrps-18a	23.732	19.9448185683222	0	FALSE
PRG1	mrps-18b	27.092	6.63111677606155	0	FALSE
PRG1	mrps-2	30.064	0.901956349532465	0	FALSE
PRG1	mrps-21	18.218	4.49809660201911	0	FALSE
PRG1	mrps-22	23.678	9.43871191812143	0	FALSE
PRG1	mrps-23	21.606	7.70821475340405	0	FALSE
PRG1	mrps-24	25.374	9.61620711510819	0	FALSE
PRG1	mrps-25	28.21	2.50369776772541	1	TRUE
PRG1	mrps-26	28.492	5.49853610705202	0	FALSE
PRG1	mrps-27	26.84	5.14394155132279	1	TRUE
PRG1	mrps-28	18.248	1.38765493516145	1	TRUE
PRG1	mrps-30	26.75	6.37045982009964	0	FALSE
PRG1	mrps-31	26.122	7.47377170655867	0	FALSE
PRG1	mrps-33	23.362	13.4605317353895	0	FALSE
PRG1	mrps-34	20.214	21.2799945434189	0	FALSE
PRG1	mrps-35	29.36	2.68447690670818	0	FALSE
PRG1	mrps-5	30.382	1.35896296452562	0	FALSE
PRG1	mrps-6	26.662	7.76365030267389	0	FALSE
PRG1	mrps-7	18.346	13.3565564476997	0	FALSE
PRG1	mrps-9	23.142	24.911714416003	0	FALSE
PRG1	mrrf-1	27.366	4.74765068609493	0	FALSE
PRG1	mrt-1	26.186	4.68415505224699	1	TRUE
PRG1	mrt-2	24.866	17.3214143992801	0	FALSE
PRG1	msa-1	15.446	3.53586794316406	0	FALSE
PRG1	msd-2	27.392	3.12101837003446	0	FALSE
PRG1	msh-2	27.816	5.02424602671342	0	FALSE
PRG1	msh-5	22.298	7.81854382978191	0	FALSE
PRG1	msh-6	16.512	3.67122721996821	1	TRUE
PRG1	msi-1	21.712	5.95224102631238	0	FALSE
PRG1	msp-10	26.774	7.94374836292	0	FALSE
PRG1	msp-152	13.914	6.0020320933534	0	FALSE
PRG1	msp-19	25.406	8.86577453519082	0	FALSE
PRG1	msp-3	16.712	2.94646020083006	0	FALSE
PRG1	msp-32	23.402	10.2651170931679	0	FALSE
PRG1	msp-33	26.116	10.9649424571744	0	FALSE
PRG1	msp-38	18.002	1.78856938193357	0	FALSE
PRG1	msp-49	26.61	6.10906785988372	0	FALSE
PRG1	msp-55	25.042	10.9941553007861	0	FALSE
PRG1	msp-58	24.444	7.72262395396973	0	FALSE
PRG1	msp-63	16.828	3.14878383823221	0	FALSE
PRG1	msp-74	26.096	0.964721980510987	0	FALSE
PRG1	msp-77	23.242	10.3621675019577	0	FALSE
PRG1	msp-78	26.616	8.51498076878584	0	FALSE
PRG1	mspn-1	21.796	16.064171791616	1	TRUE
PRG1	msra-1	26.156	8.26719207409771	0	FALSE
PRG1	msrp-1	16.802	5.05811626659497	0	FALSE
PRG1	msrp-2	17.434	4.80288550180472	0	FALSE
PRG1	msrp-3	15.878	14.7221847902658	0	FALSE
PRG1	msrp-4	16.814	9.06622434842345	0	FALSE
PRG1	msrp-5	21.254	13.569882627293	0	FALSE
PRG1	msrp-6	20.332	3.72780834244883	0	FALSE
PRG1	msrp-7	14.746	1.10872859840814	0	FALSE
PRG1	mstr-1	22.558	18.5614666731082	0	FALSE
PRG1	mstr-2	21.98	6.27901185517845	0	FALSE
PRG1	mtch-1	13.904	4.03711071027127	0	FALSE
PRG1	mtcl-1	26.12	3.83823413864608	0	FALSE
PRG1	mtcu-1	13.782	7.23793320545202	0	FALSE
PRG1	mtcu-2	5.002	6.77873378017407	0	FALSE
PRG1	mtd-1	25.762	8.81674416140641	0	FALSE
PRG1	mter-4	25.536	12.9645060182955	0	FALSE
PRG1	mtg-1	6.18	6.24289376176713	0	FALSE
PRG1	mth-1	3.568	1.37874146594718	2	FALSE
PRG1	mth-2	26.784	3.28497079426139	0	FALSE
PRG1	mthf-1	28.562	2.31108081657732	0	FALSE
PRG1	mtig-1	29.316	2.12430067495346	0	FALSE
PRG1	mtk-1	22.008	12.9477397270788	1	TRUE
PRG1	mtl-1	10.57	5.76290195127528	0	FALSE
PRG1	mtl-2	7.694	6.76326041505632	0	FALSE
PRG1	mtm-1	13.348	3.53877583234484	0	FALSE
PRG1	mtm-10	25.192	5.23933762755108	0	FALSE
PRG1	mtm-3	21.388	2.07900304522588	0	FALSE
PRG1	mtm-5	28.236	4.75420424157543	0	FALSE
PRG1	mtm-6	19.166	2.82294315251584	0	FALSE
PRG1	mtm-9	25.118	3.4231913125725	0	FALSE
PRG1	mtp-18	21.32	2.51911544886982	0	FALSE
PRG1	mtpn-1	26.276	8.07217443289501	0	FALSE
PRG1	mtq-2	27.606	5.25351799846332	0	FALSE
PRG1	mtr-4	24.874	20.5219043861396	0	FALSE
PRG1	mtre-1	27.282	5.03927993318696	0	FALSE
PRG1	mtrr-1	26.932	3.81699536105349	1	TRUE
PRG1	mtss-1	3.992	4.4403024987015	2	FALSE
PRG1	mttu-1	26.48	13.9177643198271	0	FALSE
PRG1	mtx-1	13.432	3.0311839004845	0	FALSE
PRG1	mtx-2	22.802	5.65292613398318	0	FALSE
PRG1	mua-6	20.1	10.9922105310579	1	TRUE
PRG1	mul-1	22.468	4.55725398474144	0	FALSE
PRG1	mup-2	21.624	2.66151427353443	1	TRUE
PRG1	mup-4	19.492	9.24583756000543	0	FALSE
PRG1	mus-101	18.212	5.71123325056193	0	FALSE
PRG1	mus-81	23.958	15.3783337065377	0	FALSE
PRG1	mut-14	19.074	25.8011630961702	0	FALSE
PRG1	mut-15	28.258	2.45602836451605	0	FALSE
PRG1	mut-16	19.014	1.22022157712282	0	FALSE
PRG1	mut-7	22.724	18.9005961906734	1	TRUE
PRG1	mutd-1	13.156	1.9390986648122	0	FALSE
PRG1	mvb-12	11.678	55.7180657648485	0	FALSE
PRG1	mvk-1	20.604	7.30191527569151	0	FALSE
PRG1	mxl-1	17.598	4.20106674899789	0	FALSE
PRG1	mxl-2	10.326	5.93616297121682	0	FALSE
PRG1	mxl-3	21.124	9.62842060778234	0	FALSE
PRG1	mxt-1	22.322	9.123712919421	0	FALSE
PRG1	myo-1	18.084	10.2556068961606	0	FALSE
PRG1	myo-2	22.784	15.1866219281851	0	FALSE
PRG1	myo-3	21.412	10.2971112122226	0	FALSE
PRG1	myo-5	21.366	13.4033990554187	0	FALSE
PRG1	myo-6	28.61	0.805432969018029	0	FALSE
PRG1	myrf-1	16.74	2.72836015452072	0	FALSE
PRG1	myrf-2	19.354	4.44571826975762	0	FALSE
PRG1	mys-1	22.008	8.67969708794222	0	FALSE
PRG1	mys-2	17.854	10.6024160486903	0	FALSE
PRG1	mys-4	23.376	10.2712887210053	0	FALSE
PRG1	mzt-1	15.87	3.10201994080595	0	FALSE
PRG1	nab-1	19.05	31.7138793728176	0	FALSE
PRG1	nabp-1	26.134	6.88303932745404	0	FALSE
PRG1	nac-1	17.442	2.04976052202743	0	FALSE
PRG1	nac-2	23.842	6.17353132508576	0	FALSE
PRG1	nac-3	22.826	11.466578755014	0	FALSE
PRG1	nadk-1	27.188	4.00974588626861	0	FALSE
PRG1	nadk-2	26.41	4.67522412118748	0	FALSE
PRG1	nanp-1	26.148	11.5728357876135	0	FALSE
PRG1	nap-1	22.3	13.6424245407714	1	TRUE
PRG1	nape-1	27.94	4.00659207300224	0	FALSE
PRG1	nape-2	27.792	5.89897084857253	0	FALSE
PRG1	nars-1	28.102	6.99061448133905	0	FALSE
PRG1	nars-2	24.614	12.499167710452	0	FALSE
PRG1	nas-1	27.19	1.77719153046702	0	FALSE
PRG1	nas-10	14.9	14.1598809892349	0	FALSE
PRG1	nas-11	23.804	13.5673140564179	0	FALSE
PRG1	nas-12	22.694	10.6155512046948	0	FALSE
PRG1	nas-13	21.048	20.6612409220576	0	FALSE
PRG1	nas-14	17.23	33.1623786569148	0	FALSE
PRG1	nas-15	20.824	3.17425474371788	0	FALSE
PRG1	nas-16	19.502	35.7207066994523	0	FALSE
PRG1	nas-17	11.652	6.41298999426173	0	FALSE
PRG1	nas-18	26.782	9.45591431302708	0	FALSE
PRG1	nas-19	25.612	9.49835484859509	0	FALSE
PRG1	nas-2	22.304	15.4002734901963	0	FALSE
PRG1	nas-20	26.66	9.79917676675758	0	FALSE
PRG1	nas-21	25.992	6.42052530963717	0	FALSE
PRG1	nas-22	24.24	6.50377534750112	0	FALSE
PRG1	nas-23	24.322	2.01639825742296	0	FALSE
PRG1	nas-24	26.664	4.98366847983831	0	FALSE
PRG1	nas-25	23.682	12.3275232192143	0	FALSE
PRG1	nas-27	26.156	10.5116710076153	0	FALSE
PRG1	nas-28	23.506	1.59053703618404	0	FALSE
PRG1	nas-29	21.712	4.89916077003594	0	FALSE
PRG1	nas-3	7.404	11.5482463957015	0	FALSE
PRG1	nas-30	19.172	16.2600767492353	0	FALSE
PRG1	nas-31	22.924	8.81559040452075	0	FALSE
PRG1	nas-32	25.44	8.42429331524251	0	FALSE
PRG1	nas-33	18.816	0.674978406392715	0	FALSE
PRG1	nas-36	25.1	2.91463604114293	0	FALSE
PRG1	nas-37	23.324	3.5662546884785	0	FALSE
PRG1	nas-38	18.602	16.1821898508908	0	FALSE
PRG1	nas-39	26.336	5.83273359701798	0	FALSE
PRG1	nas-4	26.802	7.59642420312374	0	FALSE
PRG1	nas-5	15.394	3.36811866274874	0	FALSE
PRG1	nas-6	23.816	9.18132874400774	0	FALSE
PRG1	nas-7	23.91	6.54340728993083	0	FALSE
PRG1	nas-8	19.318	32.5147104560472	0	FALSE
PRG1	nas-9	24.724	4.7057760009467	0	FALSE
PRG1	nasp-1	8.686	2.13001972162095	0	FALSE
PRG1	nasp-2	14.154	34.6391025653836	0	FALSE
PRG1	natb-1	19.728	5.2029378550974	0	FALSE
PRG1	natc-1	19.174	11.6620146328031	1	TRUE
PRG1	natc-2	22.11	5.50598925139148	1	TRUE
PRG1	natc-3	23.83	5.04440423003412	0	FALSE
PRG1	nath-10	17.488	5.93364184810977	0	FALSE
PRG1	nbet-1	23.052	4.21652263719951	0	FALSE
PRG1	nbs-1	6.118	1.64023193256647	0	FALSE
PRG1	nca-2	20.764	14.8579568339751	0	FALSE
PRG1	ncam-1	22.432	29.7026848822717	0	FALSE
PRG1	ncap-1	18.826	2.42069059702558	0	FALSE
PRG1	ncbp-1	17.894	1.40802714011611	0	FALSE
PRG1	ncbp-2	24.414	15.7962844856686	0	FALSE
PRG1	nceh-1	28.934	2.02362917565371	0	FALSE
PRG1	nck-1	19.31	10.0359914435736	0	FALSE
PRG1	ncl-1	7.842	1.94104756995515	0	FALSE
PRG1	ncr-1	25.546	4.47424915254331	0	FALSE
PRG1	ncr-2	13.51	3.25768779935831	0	FALSE
PRG1	ncs-1	23.192	13.4765745171943	0	FALSE
PRG1	ncs-2	28.812	2.75083910631792	0	FALSE
PRG1	ncs-3	23.346	2.95780340482451	0	FALSE
PRG1	ncs-4	27.006	7.06918648491487	0	FALSE
PRG1	ncs-5	16.604	3.19728157976085	0	FALSE
PRG1	ncs-6	19.99	10.4250253708898	0	FALSE
PRG1	ncs-7	25.354	10.8430294400697	0	FALSE
PRG1	ncx-1	24.862	6.68874266285801	0	FALSE
PRG1	ncx-10	11.946	2.35922722294345	0	FALSE
PRG1	ncx-2	25.014	5.52983018779819	0	FALSE
PRG1	ncx-3	24.414	7.6740152929942	0	FALSE
PRG1	ncx-4	26.818	8.00170066084312	0	FALSE
PRG1	ncx-5	24.902	2.70182134163003	0	FALSE
PRG1	ncx-6	17.624	13.5639966644898	0	FALSE
PRG1	ncx-7	24.204	9.05622803707428	0	FALSE
PRG1	ncx-8	8.298	1.74095599564051	0	FALSE
PRG1	ncx-9	8.64	11.9499162029077	0	FALSE
PRG1	ndab-1	21.078	11.4818709353763	0	FALSE
PRG1	ndab-2	21.914	22.8058431060278	0	FALSE
PRG1	ndc-80	27.11	4.47631100996119	0	FALSE
PRG1	ndfl-4	29.856	2.22560704091426	0	FALSE
PRG1	ndg-4	16.956	0.865363567328357	0	FALSE
PRG1	ndk-1	28.35	4.55040126669364	0	FALSE
PRG1	ndnf-1	18.178	4.50530844478195	0	FALSE
PRG1	ndua-1	24.446	6.06538524795619	0	FALSE
PRG1	ndua-12	16.984	17.1072771842802	0	FALSE
PRG1	ndua-13	28.742	6.00519360582772	0	FALSE
PRG1	ndua-2	24.482	1.03873445354545	0	FALSE
PRG1	ndua-7	27.188	5.7797815684829	0	FALSE
PRG1	ndua-8	21.142	12.644841557289	0	FALSE
PRG1	ndub-10	27.25	5.62480348766894	0	FALSE
PRG1	ndub-11	26.076	13.4175807436778	0	FALSE
PRG1	ndub-3	25.82	4.2503052408252	0	FALSE
PRG1	ndub-5	26.274	3.47952364128511	0	FALSE
PRG1	ndub-6	9.7	2.76338662962479	0	FALSE
PRG1	ndub-8	29.45	3.13296842225857	0	FALSE
PRG1	nduc-2	17.892	2.34488807934079	0	FALSE
PRG1	nduf-11	23.24	12.7389502873411	0	FALSE
PRG1	nduf-2.2	29.648	0.574088497822624	0	FALSE
PRG1	nduf-5	6.176	9.68028655033426	0	FALSE
PRG1	nduf-6	24.416	15.6569624211603	0	FALSE
PRG1	nduf-7	13.31	1.2470467823214	0	FALSE
PRG1	nduf-9	27.264	2.966033540249	0	FALSE
PRG1	nduo-1	27.72	4.29277771447143	0	FALSE
PRG1	nduo-2	28.514	4.90232288197715	0	FALSE
PRG1	nduo-3	28.412	2.41786687587808	0	FALSE
PRG1	nduo-4	28.038	1.33530509241712	0	FALSE
PRG1	nduo-5	22.146	10.4836468106756	0	FALSE
PRG1	nduo-6	28.302	1.46864570651688	0	FALSE
PRG1	nduv-3	26.784	4.74381176657794	0	FALSE
PRG1	ndx-1	23.93	7.59793526571796	0	FALSE
PRG1	ndx-2	25.696	9.89811238637643	0	FALSE
PRG1	ndx-3	22.568	16.8729289867819	0	FALSE
PRG1	ndx-4	27.944	1.36399991406489	0	FALSE
PRG1	ndx-6	14.668	3.31945968557601	0	FALSE
PRG1	ndx-7	27.566	3.57748442520603	0	FALSE
PRG1	ndx-8	25.922	9.58671944884451	0	FALSE
PRG1	ndx-9	26.722	2.58883144839143	0	FALSE
PRG1	ned-8	22.784	3.16644574456337	0	FALSE
PRG1	nefr-1	16.568	1.97728943617999	0	FALSE
PRG1	neg-1	21.762	6.04638974629137	0	FALSE
PRG1	nekl-1	23.94	10.4599274315904	0	FALSE
PRG1	nekl-2	6.022	7.42577305251433	0	FALSE
PRG1	nekl-3	26.11	2.7915319297421	0	FALSE
PRG1	nekl-4	26.04	16.8946156209492	0	FALSE
PRG1	nemp-1	12.888	15.5986437212753	0	FALSE
PRG1	nemt-1	27.036	5.87409946690866	0	FALSE
PRG1	nep-1	23.77	13.6512241992842	0	FALSE
PRG1	nep-10	19.342	3.79947549508191	0	FALSE
PRG1	nep-11	25.506	7.35257573791105	0	FALSE
PRG1	nep-12	24.562	2.13238200564728	0	FALSE
PRG1	nep-13	14.89	12.9710242649092	0	FALSE
PRG1	nep-15	24.914	9.89916742824598	0	FALSE
PRG1	nep-16	20.752	12.8259829690688	0	FALSE
PRG1	nep-17	27.344	5.27103533645418	0	FALSE
PRG1	nep-18	28.422	1.57217821393852	0	FALSE
PRG1	nep-2	28.024	0.986510712213753	0	FALSE
PRG1	nep-20	23.86	5.98816303303175	0	FALSE
PRG1	nep-21	23.906	16.4036544681454	0	FALSE
PRG1	nep-22	25.03	4.26000229817248	0	FALSE
PRG1	nep-23	27.52	5.02196797004096	0	FALSE
PRG1	nep-24	20.242	0.809804923135832	0	FALSE
PRG1	nep-25	13.18	2.07716218846795	0	FALSE
PRG1	nep-26	26.092	1.6496627990978	0	FALSE
PRG1	nep-3	28.378	1.57382706461068	0	FALSE
PRG1	nep-4	28.538	2.03560754596796	0	FALSE
PRG1	nep-5	20.214	9.27463467460675	0	FALSE
PRG1	nep-6	26.708	3.67269224773869	0	FALSE
PRG1	nep-8	25.224	1.37665045304303	0	FALSE
PRG1	nep-9	24.51	11.1292281419948	0	FALSE
PRG1	nepr-1	21.83	8.581795644073	0	FALSE
PRG1	neto-1	25.924	12.3007430117003	0	FALSE
PRG1	nex-1	18.51	21.9356531526352	0	FALSE
PRG1	nex-2	9.526	2.14957129527278	0	FALSE
PRG1	nex-3	28.2	1.30701542510511	0	FALSE
PRG1	nex-4	22.92	15.4636255232443	0	FALSE
PRG1	nfi-1	17.048	4.2050805851187	0	FALSE
PRG1	nfki-1	4.534	11.9004111009221	0	FALSE
PRG1	nfm-1	15.68	2.32277727697376	0	FALSE
PRG1	nfs-1	20.26	5.36293769816126	0	FALSE
PRG1	nft-1	28.444	3.18849105873095	0	FALSE
PRG1	nfu-1	18.966	12.0863543902247	0	FALSE
PRG1	nfx-1	23.91	9.70719852607013	1	TRUE
PRG1	nfya-1	17.188	14.4868162432879	0	FALSE
PRG1	nfya-2	16.432	15.5161376286949	0	FALSE
PRG1	nfyb-1	17.696	10.3748166731675	0	FALSE
PRG1	nfyc-1	16.684	4.32436855898761	0	FALSE
PRG1	ngn-1	15.328	3.63545938416379	0	FALSE
PRG1	ngp-1	12.676	6.06385822724708	1	TRUE
PRG1	nhj-1	20.42	17.2705609729584	0	FALSE
PRG1	nhl-1	23.914	32.7949768792857	0	FALSE
PRG1	nhl-2	21.386	4.53309780563516	1	TRUE
PRG1	nhl-3	28.334	3.42304860347459	0	FALSE
PRG1	nhr-1	26.258	6.52700562837561	0	FALSE
PRG1	nhr-10	16.01	47.2065016352561	0	FALSE
PRG1	nhr-100	17.47	7.74902140640239	0	FALSE
PRG1	nhr-101	18.622	9.34034516894825	0	FALSE
PRG1	nhr-102	5.332	2.45034152446805	0	FALSE
PRG1	nhr-103	27.884	2.6832035189787	0	FALSE
PRG1	nhr-104	24.052	8.18781130127086	0	FALSE
PRG1	nhr-105	22.184	15.9405847596018	0	FALSE
PRG1	nhr-106	22.208	16.8827867135721	0	FALSE
PRG1	nhr-107	8.676	9.71769649436139	0	FALSE
PRG1	nhr-108	23.43	18.9487422301088	0	FALSE
PRG1	nhr-109	18.654	27.550959530306	0	FALSE
PRG1	nhr-11	18.198	5.08518856512624	0	FALSE
PRG1	nhr-110	27.66	7.31168447718324	0	FALSE
PRG1	nhr-111	25.344	6.34324415498923	0	FALSE
PRG1	nhr-112	26.264	2.86469266391751	0	FALSE
PRG1	nhr-113	26.012	9.59241639347645	0	FALSE
PRG1	nhr-114	12.184	4.00849746941087	0	FALSE
PRG1	nhr-115	26.674	10.5072038819811	0	FALSE
PRG1	nhr-116	20.718	16.2058325398933	0	FALSE
PRG1	nhr-117	25.846	8.02338351726323	0	FALSE
PRG1	nhr-118	26.462	8.38574494240744	0	FALSE
PRG1	nhr-119	14.414	5.81973334496837	0	FALSE
PRG1	nhr-12	19.438	22.1294645069636	0	FALSE
PRG1	nhr-120	22.63	12.1475908887126	0	FALSE
PRG1	nhr-121	22.986	16.938005766706	0	FALSE
PRG1	nhr-122	25.366	7.88893476910282	0	FALSE
PRG1	nhr-123	26.834	8.81116445569662	0	FALSE
PRG1	nhr-124	21.338	13.9792288989508	0	FALSE
PRG1	nhr-125	25.856	11.1168912907739	0	FALSE
PRG1	nhr-126	27.646	3.93694238934171	0	FALSE
PRG1	nhr-127	26.44	7.12922406660255	0	FALSE
PRG1	nhr-128	28.4	2.23723206220071	0	FALSE
PRG1	nhr-129	21.852	6.12852365020721	0	FALSE
PRG1	nhr-13	18.722	2.58306310900343	0	FALSE
PRG1	nhr-130	24.952	12.0753845375188	0	FALSE
PRG1	nhr-131	26.25	6.68731496236686	0	FALSE
PRG1	nhr-132	29.042	1.83278742093935	0	FALSE
PRG1	nhr-133	28.152	2.21110714284302	0	FALSE
PRG1	nhr-134	27.214	1.69879260745895	0	FALSE
PRG1	nhr-135	26.484	11.1924170192021	0	FALSE
PRG1	nhr-136	26.19	5.68053904162461	0	FALSE
PRG1	nhr-137	17.35	8.70231115864427	0	FALSE
PRG1	nhr-138	25.856	11.7031544470861	0	FALSE
PRG1	nhr-139	21.164	16.0905177982412	0	FALSE
PRG1	nhr-14	20.32	9.2908250683866	0	FALSE
PRG1	nhr-140	25.184	9.28680173021782	0	FALSE
PRG1	nhr-141	26.84	2.93190906412217	0	FALSE
PRG1	nhr-142	22.044	22.3907689483258	0	FALSE
PRG1	nhr-143	27.774	1.22538369417946	0	FALSE
PRG1	nhr-145	25.476	3.1969333300297	0	FALSE
PRG1	nhr-146	22.14	16.8865836043832	0	FALSE
PRG1	nhr-147	21.362	9.48568327360945	0	FALSE
PRG1	nhr-148	25.464	9.90137208005266	0	FALSE
PRG1	nhr-149	25.992	11.0995657642688	0	FALSE
PRG1	nhr-15	24.318	11.8827566723581	0	FALSE
PRG1	nhr-150	24.876	16.3645486456906	0	FALSE
PRG1	nhr-152	23.562	11.6536662794266	0	FALSE
PRG1	nhr-153	15.254	6.46232898491891	0	FALSE
PRG1	nhr-154	25.352	3.97739877564303	0	FALSE
PRG1	nhr-155	25.852	9.14372530445001	0	FALSE
PRG1	nhr-156	28.226	3.93123563081392	0	FALSE
PRG1	nhr-157	23.264	19.4220652342202	0	FALSE
PRG1	nhr-158	28.114	4.44124361003598	0	FALSE
PRG1	nhr-159	24.146	12.6780687407948	0	FALSE
PRG1	nhr-16	15.008	4.53664545981795	0	FALSE
PRG1	nhr-161	21.908	13.364969916417	0	FALSE
PRG1	nhr-162	27.582	3.69783290739984	0	FALSE
PRG1	nhr-163	27.376	3.32424004596141	0	FALSE
PRG1	nhr-164	24.29	5.75338725344691	0	FALSE
PRG1	nhr-165	24.772	3.94198727813408	0	FALSE
PRG1	nhr-166	26.642	9.71074049084266	0	FALSE
PRG1	nhr-167	26.802	13.7927682674608	0	FALSE
PRG1	nhr-168	20.108	9.15365399076815	0	FALSE
PRG1	nhr-169	9.93	1.68361062409874	0	FALSE
PRG1	nhr-17	14.83	3.28513685893777	0	FALSE
PRG1	nhr-170	3.874	3.85299084296237	2	FALSE
PRG1	nhr-171	25.692	8.06329811806623	0	FALSE
PRG1	nhr-172	23.068	14.1116845751742	0	FALSE
PRG1	nhr-173	21.532	2.16329363938224	0	FALSE
PRG1	nhr-174	19.1	5.96238310872324	0	FALSE
PRG1	nhr-175	23.024	8.72929693547109	0	FALSE
PRG1	nhr-176	25.464	11.2795197683559	0	FALSE
PRG1	nhr-177	26.346	7.37110470704574	0	FALSE
PRG1	nhr-178	21.158	21.1508913193429	0	FALSE
PRG1	nhr-179	16.898	3.68607159771382	0	FALSE
PRG1	nhr-18	26.262	5.28654154480564	0	FALSE
PRG1	nhr-180	21.994	23.2482545161871	0	FALSE
PRG1	nhr-181	17.516	29.026870094118	0	FALSE
PRG1	nhr-182	25.43	11.2487932575324	0	FALSE
PRG1	nhr-183	21.282	18.3221342298257	0	FALSE
PRG1	nhr-184	27.882	6.39121611672474	0	FALSE
PRG1	nhr-185	18.262	3.51445592330817	0	FALSE
PRG1	nhr-186	5.678	11.0572313264353	0	FALSE
PRG1	nhr-187	24.608	9.26489637436716	0	FALSE
PRG1	nhr-188	7.676	9.07764236300332	0	FALSE
PRG1	nhr-189	21.622	16.1738121223148	0	FALSE
PRG1	nhr-19	18.69	1.6011185668748	0	FALSE
PRG1	nhr-190	27.666	2.46420788671424	0	FALSE
PRG1	nhr-192	23.272	12.010137098425	0	FALSE
PRG1	nhr-193	26.124	8.86770326123548	0	FALSE
PRG1	nhr-195	25.832	8.48317589889654	0	FALSE
PRG1	nhr-196	11.372	2.2136298503436	0	FALSE
PRG1	nhr-197	13.796	2.47649843041599	0	FALSE
PRG1	nhr-198	23.522	18.1344508975024	0	FALSE
PRG1	nhr-199	24.814	15.884463419381	0	FALSE
PRG1	nhr-2	17.492	7.17435539385194	0	FALSE
PRG1	nhr-20	24.09	14.5538538331212	0	FALSE
PRG1	nhr-201	27.326	7.28614618069296	0	FALSE
PRG1	nhr-202	27.912	7.96015809732136	0	FALSE
PRG1	nhr-203	27.474	4.58048876405939	0	FALSE
PRG1	nhr-204	25.146	6.45443058506512	0	FALSE
PRG1	nhr-205	24.7	8.63834229257201	0	FALSE
PRG1	nhr-206	21.8	13.5223491464009	0	FALSE
PRG1	nhr-207	8.798	4.91015424352766	0	FALSE
PRG1	nhr-208	23.96	2.7975727921317	0	FALSE
PRG1	nhr-209	25.072	13.2893042280964	0	FALSE
PRG1	nhr-21	20.456	3.34670548592478	0	FALSE
PRG1	nhr-210	25.936	9.45484734747371	0	FALSE
PRG1	nhr-211	24.63	17.9571880329415	0	FALSE
PRG1	nhr-212	17.446	21.6958242593282	0	FALSE
PRG1	nhr-213	4.788	2.24653163066414	2	FALSE
PRG1	nhr-214	7.372	3.1731289239747	0	FALSE
PRG1	nhr-216	22.182	12.2295996855563	0	FALSE
PRG1	nhr-217	27.074	7.04141198184945	0	FALSE
PRG1	nhr-218	25.212	3.63570978491744	0	FALSE
PRG1	nhr-219	25.784	10.3194492971157	0	FALSE
PRG1	nhr-22	20.894	4.55086392134861	0	FALSE
PRG1	nhr-221	8.384	5.60248900446323	0	FALSE
PRG1	nhr-222	23.654	11.4739677043741	0	FALSE
PRG1	nhr-223	24.52	13.3297524169742	0	FALSE
PRG1	nhr-225	25.262	4.95624386438746	0	FALSE
PRG1	nhr-226	26.99	6.84346685714939	0	FALSE
PRG1	nhr-227	2.128	1.92037751331791	2	FALSE
PRG1	nhr-228	24.916	16.4215467950931	0	FALSE
PRG1	nhr-229	13.406	2.85538096314947	0	FALSE
PRG1	nhr-23	21.832	7.48367523396714	0	FALSE
PRG1	nhr-230	25.226	11.4582031725845	0	FALSE
PRG1	nhr-231	3.058	3.04489322354082	2	FALSE
PRG1	nhr-232	26.506	6.12401473322168	0	FALSE
PRG1	nhr-233	26.412	9.20072961492747	0	FALSE
PRG1	nhr-234	26.094	8.09257706232544	0	FALSE
PRG1	nhr-235	27.494	4.74956192006229	0	FALSE
PRG1	nhr-236	15.368	4.69237456054376	0	FALSE
PRG1	nhr-237	26.732	8.93293841974743	0	FALSE
PRG1	nhr-238	24.33	4.95055831553306	0	FALSE
PRG1	nhr-239	7.35	2.52526682901641	0	FALSE
PRG1	nhr-241	6.632	2.08769253785543	0	FALSE
PRG1	nhr-242	19.102	29.6067501406626	0	FALSE
PRG1	nhr-243	28.492	1.86007194074656	0	FALSE
PRG1	nhr-244	25.762	2.68796609820732	0	FALSE
PRG1	nhr-246	28.406	3.78900183215133	0	FALSE
PRG1	nhr-247	26.742	13.9206102536802	0	FALSE
PRG1	nhr-248	27.154	4.23338988168159	0	FALSE
PRG1	nhr-249	25.79	2.23804372248366	0	FALSE
PRG1	nhr-25	21.666	5.15428487738663	0	FALSE
PRG1	nhr-251	24.432	2.15891305947642	0	FALSE
PRG1	nhr-252	26.716	2.94951009395567	0	FALSE
PRG1	nhr-253	25.446	5.63248087048112	0	FALSE
PRG1	nhr-254	16.21	1.87725157985231	0	FALSE
PRG1	nhr-255	11.75	6.60246740440009	0	FALSE
PRG1	nhr-256	25.678	3.12539807867925	0	FALSE
PRG1	nhr-257	25.696	3.77837540101627	0	FALSE
PRG1	nhr-258	25.456	4.94508515419791	0	FALSE
PRG1	nhr-259	25.492	3.62932083670086	0	FALSE
PRG1	nhr-26	20.694	16.5979977711944	0	FALSE
PRG1	nhr-260	23.396	2.49660691885618	0	FALSE
PRG1	nhr-261	23.45	1.27682771186182	0	FALSE
PRG1	nhr-262	10.406	6.82115927049653	0	FALSE
PRG1	nhr-263	17.132	2.22206161366988	0	FALSE
PRG1	nhr-264	22.49	6.20685919946353	0	FALSE
PRG1	nhr-265	25.768	9.46252207523656	0	FALSE
PRG1	nhr-267	24.052	6.98198238999677	0	FALSE
PRG1	nhr-268	21.874	20.0430622145704	0	FALSE
PRG1	nhr-269	26.514	9.26709486442724	0	FALSE
PRG1	nhr-27	14.652	2.88246469162193	0	FALSE
PRG1	nhr-270	19.76	24.9852693492864	0	FALSE
PRG1	nhr-271	24.542	12.8408429998659	0	FALSE
PRG1	nhr-272	27.762	4.3762560777946	0	FALSE
PRG1	nhr-273	26.008	10.7548032222247	0	FALSE
PRG1	nhr-274	6.202	4.11457927319873	0	FALSE
PRG1	nhr-275	19.366	9.41722948150375	0	FALSE
PRG1	nhr-276	27.982	4.48551727064939	0	FALSE
PRG1	nhr-277	24.19	4.69588977932613	0	FALSE
PRG1	nhr-28	19.484	21.9251696040194	0	FALSE
PRG1	nhr-280	24.004	5.92100314230618	0	FALSE
PRG1	nhr-281	25.29	13.3324338903933	0	FALSE
PRG1	nhr-282	26.358	10.2841820525934	0	FALSE
PRG1	nhr-283	25.796	4.99119491571618	0	FALSE
PRG1	nhr-285	25.75	3.51289989074256	0	FALSE
PRG1	nhr-286	19.43	15.9556638102019	0	FALSE
PRG1	nhr-288	22.9	15.5507879410412	0	FALSE
PRG1	nhr-290	15.088	0.50126379642601	0	FALSE
PRG1	nhr-291	14.812	6.16614282619407	0	FALSE
PRG1	nhr-3	21.232	30.1016899602506	0	FALSE
PRG1	nhr-30	24.876	11.5132341321952	0	FALSE
PRG1	nhr-31	16.874	6.25855268233499	0	FALSE
PRG1	nhr-32	3.704	4.0071561897581	2	FALSE
PRG1	nhr-34	12.754	22.2223112942596	0	FALSE
PRG1	nhr-35	11.622	26.5502643770175	0	FALSE
PRG1	nhr-36	22.066	8.78973878720654	0	FALSE
PRG1	nhr-37	25.676	8.73446551422225	0	FALSE
PRG1	nhr-38	21.95	4.16763124836425	0	FALSE
PRG1	nhr-39	26.28	10.590561634648	0	FALSE
PRG1	nhr-4	10.532	3.44534381637871	0	FALSE
PRG1	nhr-40	6.612	6.40801581457489	0	FALSE
PRG1	nhr-41	8.426	7.44457443457021	0	FALSE
PRG1	nhr-42	28.392	2.86088430865863	0	FALSE
PRG1	nhr-43	21.392	23.9469689478084	0	FALSE
PRG1	nhr-44	25.766	14.6895450947414	0	FALSE
PRG1	nhr-45	18.312	10.9959800656484	0	FALSE
PRG1	nhr-46	13.696	3.07942628927398	0	FALSE
PRG1	nhr-47	21.064	3.6647010992608	0	FALSE
PRG1	nhr-48	16.848	3.84301998526181	0	FALSE
PRG1	nhr-49	18.558	11.1036294843596	0	FALSE
PRG1	nhr-5	14.694	12.8042526358528	0	FALSE
PRG1	nhr-50	20.612	20.2932965682161	0	FALSE
PRG1	nhr-51	24.3	13.708769562544	0	FALSE
PRG1	nhr-52	24.792	13.0075999608031	0	FALSE
PRG1	nhr-53	26.634	7.01631059435684	0	FALSE
PRG1	nhr-54	4.626	1.97886597342772	2	FALSE
PRG1	nhr-55	10.714	5.27846877726807	0	FALSE
PRG1	nhr-56	11.592	5.75772420748369	0	FALSE
PRG1	nhr-57	27.086	4.85645752415219	0	FALSE
PRG1	nhr-58	26.612	11.6746223330698	0	FALSE
PRG1	nhr-59	10.938	10.244306086038	0	FALSE
PRG1	nhr-6	18.304	13.9246628700226	0	FALSE
PRG1	nhr-60	25.434	15.1460642914518	0	FALSE
PRG1	nhr-61	20.64	4.46709630207732	0	FALSE
PRG1	nhr-62	16.106	6.66023552872539	0	FALSE
PRG1	nhr-63	23.9	10.0162242994342	0	FALSE
PRG1	nhr-64	17.132	35.9885783014947	0	FALSE
PRG1	nhr-65	26.76	8.82827267030373	0	FALSE
PRG1	nhr-66	18.328	14.651793934769	0	FALSE
PRG1	nhr-67	18.806	9.32819593731697	0	FALSE
PRG1	nhr-68	18.834	23.867271124469	0	FALSE
PRG1	nhr-69	25.968	10.1314875895421	0	FALSE
PRG1	nhr-7	22.692	6.22085910098938	0	FALSE
PRG1	nhr-70	17.984	37.000271315967	0	FALSE
PRG1	nhr-71	12.87	3.22385103896266	0	FALSE
PRG1	nhr-72	20.822	28.5423595491499	0	FALSE
PRG1	nhr-73	25.084	5.04085670698825	0	FALSE
PRG1	nhr-74	25.55	4.45754591366977	0	FALSE
PRG1	nhr-76	21.808	22.3133669004807	0	FALSE
PRG1	nhr-77	24.512	8.17686378031814	0	FALSE
PRG1	nhr-78	22.364	17.3836662254444	0	FALSE
PRG1	nhr-79	27.354	3.7764855045723	0	FALSE
PRG1	nhr-8	17.418	6.94083186026669	0	FALSE
PRG1	nhr-80	11.116	0.887376415664461	0	FALSE
PRG1	nhr-81	25.148	10.2162275767337	0	FALSE
PRG1	nhr-82	24.288	14.6609536645055	0	FALSE
PRG1	nhr-84	5.07	4.5876541813069	0	FALSE
PRG1	nhr-85	20.958	14.2896851592114	0	FALSE
PRG1	nhr-86	21.412	19.2344720642851	1	TRUE
PRG1	nhr-87	19.088	16.8190269326945	0	FALSE
PRG1	nhr-88	3.912	3.27058539909242	2	FALSE
PRG1	nhr-89	26.948	6.73534193433292	0	FALSE
PRG1	nhr-9	23.82	10.8838680400364	0	FALSE
PRG1	nhr-90	24.104	14.2009025015364	0	FALSE
PRG1	nhr-91	2.492	3.1264127095959	2	FALSE
PRG1	nhr-92	21.672	28.2949671912484	0	FALSE
PRG1	nhr-93	26.04	4.1039454472675	0	FALSE
PRG1	nhr-94	23.652	13.7433943817925	0	FALSE
PRG1	nhr-95	18.158	16.5094495516558	0	FALSE
PRG1	nhr-96	28.74	0.881961854950354	0	FALSE
PRG1	nhr-97	17.168	3.09849281045695	0	FALSE
PRG1	nhr-98	25.12	10.7807222424025	0	FALSE
PRG1	nhr-99	25.65	8.92004048575119	0	FALSE
PRG1	nhx-1	28.772	2.59175939271103	0	FALSE
PRG1	nhx-2	19.506	4.12679200863424	0	FALSE
PRG1	nhx-3	24.52	8.13266265291521	0	FALSE
PRG1	nhx-4	14.668	8.46262413448254	0	FALSE
PRG1	nhx-5	13.172	2.9302028528253	0	FALSE
PRG1	nhx-6	16.476	8.73393497917122	0	FALSE
PRG1	nhx-8	17.492	31.4489579100524	0	FALSE
PRG1	nhx-9	24.964	8.41857741441285	0	FALSE
PRG1	nid-1	6.672	3.10327815384075	0	FALSE
PRG1	nifk-1	24.536	27.511873679741	0	FALSE
PRG1	nimk-1	19.04	15.8131415276063	0	FALSE
PRG1	nipa-1	23.61	10.8621621849701	0	FALSE
PRG1	nipi-3	25.79	4.89238008393564	0	FALSE
PRG1	nipi-4	25.916	7.35371411755462	0	FALSE
PRG1	nish-1	25.75	12.4119141617495	0	FALSE
PRG1	nit-1	22.248	20.4283798077164	0	FALSE
PRG1	nkat-1	28.538	3.22028487144762	0	FALSE
PRG1	nkat-3	27.806	4.47211097906134	0	FALSE
PRG1	nkb-1	9.106	5.97604084790955	0	FALSE
PRG1	nkb-2	7.722	2.84664732743519	0	FALSE
PRG1	nkb-3	28.18	4.35974596149761	0	FALSE
PRG1	nkcc-1	15.19	42.2453396120694	0	FALSE
PRG1	nlf-1	19.3	2.01507113809638	0	FALSE
PRG1	nlg-1	10.372	3.8694106374195	0	FALSE
PRG1	nlp-1	18.244	6.2151959458188	0	FALSE
PRG1	nlp-10	16.398	17.2173944570154	0	FALSE
PRG1	nlp-101	18.406	4.92258977993366	0	FALSE
PRG1	nlp-11	15.732	3.20147869987217	0	FALSE
PRG1	nlp-119	23.152	5.12489593999016	0	FALSE
PRG1	nlp-12	20.62	7.69240855286193	0	FALSE
PRG1	nlp-13	16.476	15.8395724397354	0	FALSE
PRG1	nlp-14	18.892	8.60688931864816	0	FALSE
PRG1	nlp-15	21.806	3.48989229225459	0	FALSE
PRG1	nlp-16	19.446	7.82071156367647	0	FALSE
PRG1	nlp-17	9.294	6.8607301479194	0	FALSE
PRG1	nlp-18	20.292	10.85371090118	0	FALSE
PRG1	nlp-19	24.014	4.71852398525418	0	FALSE
PRG1	nlp-2	17.062	6.36279239673968	0	FALSE
PRG1	nlp-20	23.876	2.95855739678806	0	FALSE
PRG1	nlp-21	10.492	2.01667198511613	0	FALSE
PRG1	nlp-22	24.792	4.66302822291323	0	FALSE
PRG1	nlp-23	17.582	3.10416720954596	0	FALSE
PRG1	nlp-24	15.384	6.81746823648543	0	FALSE
PRG1	nlp-25	9.21	4.52001265939167	0	FALSE
PRG1	nlp-26	19.538	13.1198245572739	0	FALSE
PRG1	nlp-27	16.09	3.70486268183687	0	FALSE
PRG1	nlp-28	16.95	5.37569647734069	0	FALSE
PRG1	nlp-29	16.074	3.65165347330132	0	FALSE
PRG1	nlp-3	17.93	11.5449641788034	0	FALSE
PRG1	nlp-30	14.944	6.11775553476728	0	FALSE
PRG1	nlp-31	14.72	5.59111928058977	0	FALSE
PRG1	nlp-32	19.554	3.77411534644674	0	FALSE
PRG1	nlp-33	17.73	6.66577429769387	0	FALSE
PRG1	nlp-34	17.768	8.74751612860778	0	FALSE
PRG1	nlp-35	25.65	1.6480671647445	0	FALSE
PRG1	nlp-36	18.744	9.90743029171239	0	FALSE
PRG1	nlp-39	19.888	13.9935263408817	0	FALSE
PRG1	nlp-4	25.012	10.150221197188	0	FALSE
PRG1	nlp-40	27.492	4.29642494415831	0	FALSE
PRG1	nlp-41	20.956	20.599858272833	0	FALSE
PRG1	nlp-43	21.034	9.99111150868203	0	FALSE
PRG1	nlp-45	17.996	14.5134706382332	0	FALSE
PRG1	nlp-46	16.92	13.4056572163116	0	FALSE
PRG1	nlp-47	18.194	26.2355071717761	0	FALSE
PRG1	nlp-48	22.522	2.3323012043588	0	FALSE
PRG1	nlp-49	17.684	5.96693013837591	0	FALSE
PRG1	nlp-5	20.24	3.11774161349476	0	FALSE
PRG1	nlp-50	23.748	3.16326576328974	0	FALSE
PRG1	nlp-51	24.194	5.53042959879614	0	FALSE
PRG1	nlp-52	21.736	1.92668363014044	0	FALSE
PRG1	nlp-53	21.818	4.24158781719558	0	FALSE
PRG1	nlp-55	21.786	13.2058090193384	0	FALSE
PRG1	nlp-56	17.882	3.9478428377303	0	FALSE
PRG1	nlp-57	19.13	4.69069195487183	0	FALSE
PRG1	nlp-58	23.446	4.77746734208535	0	FALSE
PRG1	nlp-59	12.81	3.76855991094498	0	FALSE
PRG1	nlp-6	15.416	14.8048004820417	0	FALSE
PRG1	nlp-60	20.962	14.6719574739563	0	FALSE
PRG1	nlp-61	16.996	3.7092286102066	0	FALSE
PRG1	nlp-62	21.17	6.30772979219253	0	FALSE
PRG1	nlp-63	22.288	1.95659033618173	0	FALSE
PRG1	nlp-64	17.058	4.57440042142859	0	FALSE
PRG1	nlp-66	24.398	5.64158454750178	0	FALSE
PRG1	nlp-67	20.208	8.03884941318401	0	FALSE
PRG1	nlp-68	11.592	15.2539616736323	0	FALSE
PRG1	nlp-69	20.328	4.91555837841124	0	FALSE
PRG1	nlp-7	10.366	3.72226231598894	0	FALSE
PRG1	nlp-70	22.322	5.5326492953447	0	FALSE
PRG1	nlp-71	22.376	4.44965839709191	0	FALSE
PRG1	nlp-76	17.282	4.62410041983944	0	FALSE
PRG1	nlp-78	21.532	11.3033079145902	0	FALSE
PRG1	nlp-79	22.158	9.44636004510154	0	FALSE
PRG1	nlp-8	18.33	3.55176013813879	0	FALSE
PRG1	nlp-80	4.148	7.7115471450433	2	FALSE
PRG1	nlp-81	20.92	2.46001813359102	0	FALSE
PRG1	nlp-82	15.302	16.0246701256608	0	FALSE
PRG1	nlp-88	18.706	4.06859624144568	0	FALSE
PRG1	nlp-9	18.394	1.55327630107328	0	FALSE
PRG1	nlp-90	17.222	16.171275436088	0	FALSE
PRG1	nlp-91	4.34	3.55839751416601	2	FALSE
PRG1	nlp-99	22.32	6.9549146413953	0	FALSE
PRG1	nlr-1	13.406	2.88446286127564	0	FALSE
PRG1	nlt-1	27.106	3.88968735804484	0	FALSE
PRG1	nmad-1	27.034	10.460277149261	0	FALSE
PRG1	nmat-1	28.186	1.98642179412212	0	FALSE
PRG1	nmat-2	26.236	7.22451378084127	0	FALSE
PRG1	nmgp-1	19.13	24.1086764724629	0	FALSE
PRG1	nmr-1	21.6	3.85136771352025	0	FALSE
PRG1	nmr-2	27.194	3.20900515808644	0	FALSE
PRG1	nmrk-1	25.316	2.2177811301658	0	FALSE
PRG1	nmt-1	25.008	17.306686442985	0	FALSE
PRG1	nmtn-1	22.144	28.3767669262638	0	FALSE
PRG1	nmur-1	9.226	4.10422194090348	0	FALSE
PRG1	nmur-2	23.382	7.04674999436083	0	FALSE
PRG1	nmur-3	8.888	9.31583647446624	0	FALSE
PRG1	nmy-1	25.46	15.4215545989187	0	FALSE
PRG1	nmy-2	24.436	5.21169801008061	0	FALSE
PRG1	nmy-3	26.588	5.14366041710742	0	FALSE
PRG1	nnt-1	28.832	1.17038808276531	0	FALSE
PRG1	noa-1	17.272	27.7039765249945	0	FALSE
PRG1	noah-1	22.996	15.6880977533506	0	FALSE
PRG1	noah-2	25.77	3.52430163055195	0	FALSE
PRG1	nob-1	15.018	6.64808052960552	0	FALSE
PRG1	nobh-1	23.114	18.8019417163006	0	FALSE
PRG1	noca-1	22.588	1.30446404068452	0	FALSE
PRG1	noca-2	10.6	3.30256057815364	0	FALSE
PRG1	nog-1	27.728	5.3120638150573	0	FALSE
PRG1	nol-10	11.46	2.73584911109789	0	FALSE
PRG1	nol-14	20.804	2.17598513862014	0	FALSE
PRG1	nol-16	21.368	23.1862807439294	0	FALSE
PRG1	nol-56	28.158	3.01694589248334	0	FALSE
PRG1	nol-58	21.702	21.1706290326531	0	FALSE
PRG1	nol-6	14.226	1.10542492764282	0	FALSE
PRG1	nol-9	17.874	2.11107051809736	0	FALSE
PRG1	nola-3	16.322	3.17301558737003	0	FALSE
PRG1	nono-1	21.838	10.0539410665592	0	FALSE
PRG1	nonu-1	7.684	7.22110039032341	0	FALSE
PRG1	nop-1	21	1.45958401180896	0	FALSE
PRG1	nos-1	18.598	3.51199882804574	0	FALSE
PRG1	nos-2	21.318	3.19279203145404	0	FALSE
PRG1	nos-3	19.434	2.44960748847273	1	TRUE
PRG1	nova-1	7.64	5.79401046567837	0	FALSE
PRG1	npa-1	25.92	9.95680608892125	0	FALSE
PRG1	npax-1	14.846	18.9193015806781	0	FALSE
PRG1	npax-2	10.178	1.90313224803353	0	FALSE
PRG1	npax-3	14.528	6.05773801746314	0	FALSE
PRG1	npax-4	15.24	6.68535031484979	0	FALSE
PRG1	nphp-1	24.46	6.79151423699267	0	FALSE
PRG1	nphp-2	26.874	12.3389650290103	0	FALSE
PRG1	nphp-4	18.59	3.5423403457662	0	FALSE
PRG1	npl-4.1	24.476	17.5099988127005	0	FALSE
PRG1	npl-4.2	15.98	1.6491469277978	0	FALSE
PRG1	npp-1	27.318	1.37683937048459	1	TRUE
PRG1	npp-10	16.01	48.1138780177002	0	FALSE
PRG1	npp-11	28.876	4.74345113337686	0	FALSE
PRG1	npp-12	23.698	20.2531902484822	0	FALSE
PRG1	npp-13	14.462	2.97467590238715	0	FALSE
PRG1	npp-14	20.176	8.07225890933579	1	TRUE
PRG1	npp-15	28.414	2.48330443592038	0	FALSE
PRG1	npp-16	15.942	3.9755012408356	1	TRUE
PRG1	npp-18	26.51	2.18248147010828	0	FALSE
PRG1	npp-19	21.01	4.02323188177138	1	TRUE
PRG1	npp-2	24.292	7.20062962831686	0	FALSE
PRG1	npp-20	27.568	6.17948700053743	0	FALSE
PRG1	npp-21	18.468	9.86777296713535	1	TRUE
PRG1	npp-22	25.008	10.6628112245281	0	FALSE
PRG1	npp-23	20.246	3.2436981035295	0	FALSE
PRG1	npp-24	25.912	8.3586730136957	1	TRUE
PRG1	npp-25	21.33	12.3644522865909	0	FALSE
PRG1	npp-26	26.16	4.63792307535575	0	FALSE
PRG1	npp-27	26.552	2.11652096746457	0	FALSE
PRG1	npp-3	29.9	1.46165708250248	0	FALSE
PRG1	npp-4	29.37	0.712985753877149	1	TRUE
PRG1	npp-5	28.25	3.32159155757749	1	TRUE
PRG1	npp-6	25.776	19.9198210929025	0	FALSE
PRG1	npp-7	16.014	31.6261430480357	1	TRUE
PRG1	npp-8	25.302	11.3585410827077	0	FALSE
PRG1	npp-9	19.078	3.75269913835421	1	TRUE
PRG1	npr-1	24.878	5.57419404457731	0	FALSE
PRG1	npr-10	21.456	5.22836346227343	0	FALSE
PRG1	npr-11	21.436	33.1845825946445	0	FALSE
PRG1	npr-12	26.836	5.51419930584436	0	FALSE
PRG1	npr-13	22.726	7.34146532428279	0	FALSE
PRG1	npr-14	3.514	2.1352682393061	2	FALSE
PRG1	npr-15	13.61	4.51918422180214	0	FALSE
PRG1	npr-16	11.534	9.67971811253275	0	FALSE
PRG1	npr-18	7.974	3.35638092508679	0	FALSE
PRG1	npr-19	15.1	2.52525509469372	0	FALSE
PRG1	npr-2	22.184	9.01807572483836	0	FALSE
PRG1	npr-20	19.298	18.4998488906207	0	FALSE
PRG1	npr-21	22.868	20.4490469557942	0	FALSE
PRG1	npr-22	16.604	15.8948548022051	0	FALSE
PRG1	npr-23	8.194	2.39709448119636	0	FALSE
PRG1	npr-24	9.858	7.99753609313925	0	FALSE
PRG1	npr-25	21.04	7.76716895676376	0	FALSE
PRG1	npr-26	24.61	6.7112990226002	0	FALSE
PRG1	npr-27	20.104	3.5866579645448	0	FALSE
PRG1	npr-28	19.292	13.790699939673	0	FALSE
PRG1	npr-29	10.666	10.4196889815367	0	FALSE
PRG1	npr-3	24.264	3.35813962374612	0	FALSE
PRG1	npr-30	20.84	15.2384682050766	0	FALSE
PRG1	npr-31	4.604	4.76510654749051	2	FALSE
PRG1	npr-32	12.194	42.0882341918364	0	FALSE
PRG1	npr-33	9.4	5.69322900436581	0	FALSE
PRG1	npr-34	24.512	6.57089690979883	0	FALSE
PRG1	npr-35	20.84	2.74311054279394	0	FALSE
PRG1	npr-36	17.812	6.37926462325893	0	FALSE
PRG1	npr-37	23.318	14.1681131736658	0	FALSE
PRG1	npr-38	3.566	2.23110760301919	2	FALSE
PRG1	npr-39	22.858	10.3850257027931	0	FALSE
PRG1	npr-4	21.358	13.8699409069571	0	FALSE
PRG1	npr-40	15.916	6.22025101406893	0	FALSE
PRG1	npr-41	6.412	9.72417707422822	0	FALSE
PRG1	npr-42	22.288	7.00175513584902	0	FALSE
PRG1	npr-43	23.402	2.79219474704592	0	FALSE
PRG1	npr-5	25.94	5.13785772369384	0	FALSE
PRG1	npr-6	17.158	0.960678686753214	0	FALSE
PRG1	npr-7	22.558	4.90118108777254	0	FALSE
PRG1	npr-8	16.98	2.34981594149117	0	FALSE
PRG1	npr-9	23.596	9.41136143016706	0	FALSE
PRG1	nprl-2	21.932	20.3842737523203	0	FALSE
PRG1	nprl-3	18.71	3.33114682604688	0	FALSE
PRG1	nprt-1	27.544	4.4815371349556	0	FALSE
PRG1	nra-1	21.662	6.02109259711545	0	FALSE
PRG1	nra-2	28.678	2.08089095251683	0	FALSE
PRG1	nra-3	21.788	4.66958175390985	0	FALSE
PRG1	nra-4	28.126	3.90455084952557	0	FALSE
PRG1	nrd-1	18.936	21.0682823317279	0	FALSE
PRG1	nrde-1	9.198	35.5270442727493	0	FALSE
PRG1	nrde-2	21.46	5.25869862823015	1	TRUE
PRG1	nrde-3	16.272	4.95494829042672	0	FALSE
PRG1	nrde-4	26.548	9.05882397770321	0	FALSE
PRG1	nrf-5	28.374	4.39150541181607	0	FALSE
PRG1	nrf-6	14.64	3.41905531306211	0	FALSE
PRG1	nrfl-1	12.706	8.39812742843162	0	FALSE
PRG1	nrsn-1	13.696	29.1625248091545	0	FALSE
PRG1	nrx-1	22.356	3.45609594039181	0	FALSE
PRG1	nse-1	22.464	17.0047993008975	0	FALSE
PRG1	nse-4	21.61	23.0113175401411	0	FALSE
PRG1	nsf-1	24.228	11.5051452523033	0	FALSE
PRG1	nspa-10	24.482	2.02969714365616	0	FALSE
PRG1	nspa-2	19.77	8.27277409136152	0	FALSE
PRG1	nspa-5	20.09	16.6397107372622	0	FALSE
PRG1	nspa-7	20.666	9.74449534444944	0	FALSE
PRG1	nspa-8	9.742	1.52494100070244	0	FALSE
PRG1	nspa-9	12.804	2.23209255581334	0	FALSE
PRG1	nspb-1	19.414	10.116324289091	0	FALSE
PRG1	nspb-10	21.366	4.81797059173555	0	FALSE
PRG1	nspb-11	23.066	4.86506744434483	0	FALSE
PRG1	nspb-12	21.202	5.24812945686984	0	FALSE
PRG1	nspb-2	20.438	9.59106530096594	0	FALSE
PRG1	nspb-3	19.48	10.612262471805	0	FALSE
PRG1	nspb-4	19.764	9.86276456671519	0	FALSE
PRG1	nspb-5	19.844	12.9104930226411	0	FALSE
PRG1	nspb-6	19.762	19.6915387721515	0	FALSE
PRG1	nspb-7	19.182	6.04097346662523	0	FALSE
PRG1	nspb-8	20.854	4.34949962406308	0	FALSE
PRG1	nspb-9	21.326	3.80708528790199	0	FALSE
PRG1	nspc-1	23.416	20.0597846150504	0	FALSE
PRG1	nspc-10	26.284	2.51975147092283	0	FALSE
PRG1	nspc-13	13.898	12.0461750608283	0	FALSE
PRG1	nspc-15	19.772	3.788418268253	0	FALSE
PRG1	nspc-17	24.716	14.2662942557333	0	FALSE
PRG1	nspc-18	22.7	19.9020237903559	0	FALSE
PRG1	nspc-20	21.892	17.4568104046906	0	FALSE
PRG1	nspc-3	16.406	8.87824241758207	0	FALSE
PRG1	nspc-4	25.374	7.53896717762771	0	FALSE
PRG1	nspc-5	13.474	8.52956570936814	0	FALSE
PRG1	nspc-7	13.786	2.12263195430036	0	FALSE
PRG1	nspc-9	14.386	8.67071619368204	0	FALSE
PRG1	nspd-1	14.582	4.63430003248796	0	FALSE
PRG1	nspd-10	18.24	3.49826242704349	0	FALSE
PRG1	nspd-2	17.032	4.00270326331616	0	FALSE
PRG1	nspd-5	16.972	1.83431399538258	0	FALSE
PRG1	nspd-6	16.142	1.29533688897882	0	FALSE
PRG1	nspd-7	17.124	3.51711459504558	0	FALSE
PRG1	nspd-8	17.512	4.70930723276209	0	FALSE
PRG1	nspd-9	15.796	4.3462571345773	0	FALSE
PRG1	nspe-1	7.422	3.32141901886161	0	FALSE
PRG1	nspe-2	10.208	4.52825748466524	0	FALSE
PRG1	nspe-3	4.672	5.98435325441405	2	FALSE
PRG1	nspe-4	10.322	4.92110725699729	0	FALSE
PRG1	nspe-5	17.52	2.64504146363779	0	FALSE
PRG1	nspe-6	10.414	6.73699874182531	0	FALSE
PRG1	nspe-7	12.634	7.8540861267113	0	FALSE
PRG1	nspe-8	13.558	2.82230907154678	0	FALSE
PRG1	nspf-1	20.088	16.6319607966194	0	FALSE
PRG1	nspf-2	19.15	7.68201058403168	0	FALSE
PRG1	nspf-3	24.428	5.18049778608362	0	FALSE
PRG1	nspg-1	27.002	8.0177064948672	0	FALSE
PRG1	nspg-10	25.766	8.68585295430079	0	FALSE
PRG1	nspg-11	25.984	1.98107327957807	0	FALSE
PRG1	nspg-12	24.544	4.60457141568688	0	FALSE
PRG1	nspg-13	18.616	30.2654681754265	0	FALSE
PRG1	nspg-14	27.834	4.63988030904815	0	FALSE
PRG1	nspg-3	25.812	13.7898961371105	0	FALSE
PRG1	nspg-4	23.384	12.5810457283556	0	FALSE
PRG1	nspg-5	25.406	14.5988335198499	0	FALSE
PRG1	nspg-6	18.922	50.5114021866582	0	FALSE
PRG1	nspg-7.1	27.158	5.18101762382508	0	FALSE
PRG1	nspg-7.2	23.07	24.9310972001229	0	FALSE
PRG1	nspg-8	24.472	19.2479692846244	0	FALSE
PRG1	nspg-9	24.094	8.4932761549644	0	FALSE
PRG1	nsph-1.1	26.058	7.23630045091939	0	FALSE
PRG1	nsph-1.2	20.224	6.06866278908406	0	FALSE
PRG1	nsph-2	26.522	8.51974270558016	0	FALSE
PRG1	nsph-3.1	26.884	8.97999959696543	0	FALSE
PRG1	nsph-3.2	24.386	16.0256755450974	0	FALSE
PRG1	nsph-4.2	25.982	9.95175990467713	0	FALSE
PRG1	nsph-4.3	19.472	2.59420472450481	0	FALSE
PRG1	nst-1	20.264	18.8400062158849	0	FALSE
PRG1	nstp-1	28.514	4.10066888625782	0	FALSE
PRG1	nstp-10	29.71	4.23979403067324	0	FALSE
PRG1	nstp-2	29.804	1.65883312506226	0	FALSE
PRG1	nstp-3	20.626	16.2471208780791	0	FALSE
PRG1	nstp-4	30.134	0.80147356811458	0	FALSE
PRG1	nstp-5	11.374	1.09741401629189	0	FALSE
PRG1	nstp-6	14.326	3.12036499592153	0	FALSE
PRG1	nstp-7	11.334	3.99313114854437	0	FALSE
PRG1	nstp-8	27.442	6.48391984841979	0	FALSE
PRG1	nstp-9	30.112	1.4150847315201	0	FALSE
PRG1	nsun-1	21.914	12.8551937031201	0	FALSE
PRG1	nsun-2	21.046	3.57115362476094	0	FALSE
PRG1	nsun-4	22.912	8.25964905709948	0	FALSE
PRG1	nsun-5	24.28	13.9090063833089	0	FALSE
PRG1	nsy-1	15.69	6.45659642745533	1	TRUE
PRG1	nsy-4	21.688	15.1295930578054	0	FALSE
PRG1	nsy-7	2.862	6.63595514405843	2	FALSE
PRG1	nta-1	28.402	5.7027586177805	0	FALSE
PRG1	ntc-1	27.434	7.60163595828291	0	FALSE
PRG1	ntfc-1	6.992	4.44561753669669	0	FALSE
PRG1	nth-1	23.424	11.6042736349307	0	FALSE
PRG1	ntl-11	19.372	11.0639489501598	0	FALSE
PRG1	ntl-2	18.348	21.9362138608119	1	TRUE
PRG1	ntl-3	11.2	23.3989904718567	1	TRUE
PRG1	ntl-4	11.386	14.1002389517087	1	TRUE
PRG1	ntl-9	27.588	3.358965719941	0	FALSE
PRG1	ntp-1	18.626	1.80180357151737	0	FALSE
PRG1	ntr-1	10.292	4.39783980913415	0	FALSE
PRG1	ntr-2	23.84	9.39250819980055	0	FALSE
PRG1	nuaf-1	28.052	3.44169263938629	0	FALSE
PRG1	nuaf-3	20.43	22.4562938495726	0	FALSE
PRG1	nubp-1	13.394	7.55778321851552	0	FALSE
PRG1	nuc-1	26.434	7.16041334774162	0	FALSE
PRG1	nucb-1	5.078	4.44376926587423	0	FALSE
PRG1	nucl-1	21.284	4.61787376244292	0	FALSE
PRG1	nud-1	25.826	7.10535355893746	1	TRUE
PRG1	nud-2	24.798	8.40899497295965	0	FALSE
PRG1	num-1	11.814	3.11731661542385	0	FALSE
PRG1	numr-2	18.744	4.2792878690821	0	FALSE
PRG1	nuo-1	24.718	10.2319134007452	0	FALSE
PRG1	nuo-2	23.884	13.1873033692909	0	FALSE
PRG1	nuo-3	24.326	10.7682743092055	0	FALSE
PRG1	nuo-4	28.462	3.32865473242028	0	FALSE
PRG1	nuo-5	28.036	3.78519147998205	0	FALSE
PRG1	nuo-6	10.328	0.961927514099132	0	FALSE
PRG1	nurf-1	20.868	5.11136468750955	1	TRUE
PRG1	nxf-1	14.292	4.28826234612305	1	TRUE
PRG1	nxf-2	27.308	7.49307415138141	0	FALSE
PRG1	nxnr-1	8.238	4.08270415335332	0	FALSE
PRG1	nxt-1	8.024	8.36463196375398	0	FALSE
PRG1	nyn-1	22.312	11.8035317072838	0	FALSE
PRG1	nyn-2	24.006	12.9126521893629	0	FALSE
PRG1	nyn-3	23.296	13.0619622300762	0	FALSE
PRG1	oac-1	24.518	12.5253447182654	0	FALSE
PRG1	oac-10	18.534	17.7456078757452	0	FALSE
PRG1	oac-11	24.682	9.46336712627956	0	FALSE
PRG1	oac-12	5.308	6.90332913838595	0	FALSE
PRG1	oac-13	25.382	11.0215997854791	0	FALSE
PRG1	oac-14	24.212	10.336207852501	0	FALSE
PRG1	oac-15	9.796	3.8982946460825	0	FALSE
PRG1	oac-16	27.106	2.70870167222803	0	FALSE
PRG1	oac-17	27.398	3.29467043572034	0	FALSE
PRG1	oac-19	28.06	2.62513854037105	0	FALSE
PRG1	oac-2	27.826	3.42819204524897	0	FALSE
PRG1	oac-20	27.712	4.13988353398493	0	FALSE
PRG1	oac-21	27.362	6.73682926550502	0	FALSE
PRG1	oac-22	26.176	7.39089051536714	0	FALSE
PRG1	oac-23	26.756	12.449975440281	0	FALSE
PRG1	oac-24	27.946	2.18843455660108	0	FALSE
PRG1	oac-25	23.034	5.69350505553232	0	FALSE
PRG1	oac-26	29.276	2.25887862877193	0	FALSE
PRG1	oac-27	28.164	9.22527721246489	0	FALSE
PRG1	oac-29	27.458	2.48538426054913	0	FALSE
PRG1	oac-3	22.766	14.1961033951531	0	FALSE
PRG1	oac-30	27.446	3.01429296292558	0	FALSE
PRG1	oac-31	27.748	4.10503606160766	0	FALSE
PRG1	oac-32	25.086	3.16233445235199	0	FALSE
PRG1	oac-34	27.808	3.93261389779895	0	FALSE
PRG1	oac-35	22.97	10.3194130150626	0	FALSE
PRG1	oac-36	25.862	3.73173393774918	0	FALSE
PRG1	oac-37	23.922	19.7932284659032	0	FALSE
PRG1	oac-38	26.042	4.07735159564364	0	FALSE
PRG1	oac-39	23.678	3.83328534999398	0	FALSE
PRG1	oac-4	20.41	0.885994185204568	0	FALSE
PRG1	oac-40	28.208	2.35587406797611	0	FALSE
PRG1	oac-41	22.006	5.92184649756922	0	FALSE
PRG1	oac-42	28.226	4.4469679695827	0	FALSE
PRG1	oac-43	27.362	3.15115148696732	0	FALSE
PRG1	oac-44	28.242	1.54572353074731	0	FALSE
PRG1	oac-45	18.96	35.5629970909788	0	FALSE
PRG1	oac-46	11.68	4.02806917678005	0	FALSE
PRG1	oac-48	26.516	10.3921808748669	0	FALSE
PRG1	oac-49	27.1	9.61036797782569	0	FALSE
PRG1	oac-5	29.394	1.01453131407534	0	FALSE
PRG1	oac-50	26.296	10.014620141546	0	FALSE
PRG1	oac-51	27.824	2.52460367826667	0	FALSE
PRG1	oac-52	29.552	1.26847581841129	0	FALSE
PRG1	oac-53	19.45	0.870247346005695	0	FALSE
PRG1	oac-54	18.856	3.0162973163449	0	FALSE
PRG1	oac-55	24.578	4.01661290556693	0	FALSE
PRG1	oac-56	28.158	1.93532757634893	0	FALSE
PRG1	oac-57	25.698	1.41951750890613	0	FALSE
PRG1	oac-58	21.354	33.3906224431611	0	FALSE
PRG1	oac-59	26.948	3.77654481462063	0	FALSE
PRG1	oac-6	28.66	2.21926884652277	0	FALSE
PRG1	oac-7	28.116	1.0552656856051	0	FALSE
PRG1	oac-8	2.112	1.75253366698123	2	FALSE
PRG1	oac-9	16.388	5.48001333689725	0	FALSE
PRG1	oat-1	6.494	5.94462640804688	0	FALSE
PRG1	oatr-1	27.328	17.9259474348607	0	FALSE
PRG1	oaz-1	26.322	13.9430563008845	0	FALSE
PRG1	obr-1	16.49	0.564010771308009	0	FALSE
PRG1	obr-2	16.418	4.61208424566242	0	FALSE
PRG1	obr-3	20.656	21.2171887227258	0	FALSE
PRG1	obr-4	5.162	3.08257640928572	0	FALSE
PRG1	ocam-1	17.396	9.36773041436523	0	FALSE
PRG1	ocr-1	29.006	3.70750052020277	0	FALSE
PRG1	ocr-2	28.262	1.87420772683107	0	FALSE
PRG1	ocr-3	7.554	9.17854057445585	0	FALSE
PRG1	ocr-4	27.8	2.42105304610991	0	FALSE
PRG1	ocrl-1	26.704	9.60359063904731	0	FALSE
PRG1	oct-1	22.914	11.8577339376556	0	FALSE
PRG1	oct-2	18.602	21.2113791076759	0	FALSE
PRG1	octr-1	27.148	1.42171180114243	0	FALSE
PRG1	odc-1	26.98	2.81214240421034	0	FALSE
PRG1	odd-1	21.03	3.0704548555736	0	FALSE
PRG1	odd-2	16.636	3.91887021558009	0	FALSE
PRG1	odr-1	17.81	46.1446750479478	0	FALSE
PRG1	odr-10	27.04	16.2647071286194	0	FALSE
PRG1	odr-2	26.142	3.37441452359866	0	FALSE
PRG1	odr-3	23.062	16.7984726297138	0	FALSE
PRG1	odr-4	25.512	5.64891939763391	0	FALSE
PRG1	odr-7	17.902	7.05972224392513	0	FALSE
PRG1	odr-8	21.624	43.4117159922766	0	FALSE
PRG1	oef-1	6.1	2.51039226739566	0	FALSE
PRG1	oga-1	24.438	3.13890413658909	0	FALSE
PRG1	ogdh-1	28.61	3.77142317553375	0	FALSE
PRG1	ogdh-2	28.322	2.30984450526457	0	FALSE
PRG1	ogr-2	18.23	3.24848760712955	0	FALSE
PRG1	ogt-1	19.694	2.29273245583044	0	FALSE
PRG1	oig-1	22.206	4.05940824006762	0	FALSE
PRG1	oig-2	26.97	8.38927332184392	0	FALSE
PRG1	oig-3	25.882	4.86712883143756	0	FALSE
PRG1	oig-4	17.044	3.43181646199881	0	FALSE
PRG1	oig-5	19.38	3.98571324412862	0	FALSE
PRG1	oig-8	24.73	9.49010195534681	0	FALSE
PRG1	ola-1	14.678	1.80985247219365	0	FALSE
PRG1	old-1	26.06	4.56049653513515	0	FALSE
PRG1	old-2	27.748	5.69315741652173	0	FALSE
PRG1	olrn-1	23.62	2.59467458866123	0	FALSE
PRG1	oma-1	7.798	98.073886187706	1	TRUE
PRG1	oma-2	7.612	119.296457254292	0	FALSE
PRG1	ooc-3	13.032	71.999071941298	0	FALSE
PRG1	ooc-5	22.556	7.6534195036424	0	FALSE
PRG1	oops-1	9.666	2.17207092439656	0	FALSE
PRG1	ops-1	16.788	3.08580176102916	0	FALSE
PRG1	ora-1	25.99	6.79954281263092	0	FALSE
PRG1	orai-1	22.84	3.7500198082949	0	FALSE
PRG1	orc-1	25.026	8.71000576397234	0	FALSE
PRG1	orc-2	25.09	12.4221963118136	0	FALSE
PRG1	orc-3	26.924	3.62550183582605	0	FALSE
PRG1	orc-4	4.23	6.39828302729283	3	TRUE
PRG1	orc-5	24.506	3.56379722319327	0	FALSE
PRG1	osg-1	22.002	1.66915058274502	0	FALSE
PRG1	osgl-1	26.898	9.04251674575518	0	FALSE
PRG1	osm-1	13.088	2.32278865278256	0	FALSE
PRG1	osm-10	26.686	3.1652456465296	0	FALSE
PRG1	osm-11	22.416	16.0517950053336	0	FALSE
PRG1	osm-12	21.402	12.0469497794822	0	FALSE
PRG1	osm-3	26.692	5.62960556795407	0	FALSE
PRG1	osm-5	19.434	22.4647055629116	0	FALSE
PRG1	osm-6	20.178	23.6390724170932	0	FALSE
PRG1	osm-7	18.066	5.0720318012294	0	FALSE
PRG1	osm-8	21.874	6.0969775915506	0	FALSE
PRG1	osm-9	24.256	12.3226270342314	0	FALSE
PRG1	osp-1	25.59	9.84484383139737	0	FALSE
PRG1	osr-1	23.542	11.2310990581595	0	FALSE
PRG1	ost-1	19.614	6.72395538151531	0	FALSE
PRG1	osta-1	21.284	7.25632010822531	0	FALSE
PRG1	osta-2	25	3.81837661840736	0	FALSE
PRG1	osta-3	21.192	4.90687700973053	0	FALSE
PRG1	ostb-1	28.15	3.38308783401908	0	FALSE
PRG1	ostd-1	27.95	2.07497994615371	0	FALSE
PRG1	ostf-4	21.494	15.1300368596583	0	FALSE
PRG1	otpl-1	22.49	6.7457491337155	0	FALSE
PRG1	otpl-2	24.764	4.89584355290375	0	FALSE
PRG1	otpl-3	25.41	8.33764751420034	0	FALSE
PRG1	otpl-4	25.16	10.9817752700381	0	FALSE
PRG1	otpl-5	25.702	6.28102157680084	0	FALSE
PRG1	otpl-6	21.7	14.5189083726502	0	FALSE
PRG1	otpl-7	19.706	1.41843824883934	0	FALSE
PRG1	otpl-8	19.604	15.7073359841905	0	FALSE
PRG1	otub-1	25.514	13.9715416860961	0	FALSE
PRG1	otub-2	14.48	36.3789055048051	0	FALSE
PRG1	otub-3	22.798	13.4630355840012	0	FALSE
PRG1	otub-4	11.882	9.13318506773829	0	FALSE
PRG1	oxa-1	22.356	6.83828715966364	0	FALSE
PRG1	oxi-1	13.558	6.93658837662396	1	TRUE
PRG1	oxy-4	19.766	10.4566056855249	0	FALSE
PRG1	oxy-5	24.698	3.75386662928123	0	FALSE
PRG1	paa-1	25.324	5.57180220037866	0	FALSE
PRG1	pab-1	17.03	15.639735846615	0	FALSE
PRG1	pab-2	20.218	11.7834971708008	0	FALSE
PRG1	pabp-2	17.55	2.92297140254828	0	FALSE
PRG1	pac-1	24.232	6.72945212695693	0	FALSE
PRG1	pacl-1	17.834	22.8221829464638	0	FALSE
PRG1	pacs-1	12.644	4.2220435032956	0	FALSE
PRG1	pad-2	26.772	4.56429610886452	0	FALSE
PRG1	paf-1	8.272	7.59077888187614	0	FALSE
PRG1	paf-2	21.16	24.3316515757971	0	FALSE
PRG1	pafo-1	25.842	5.80117542498731	1	TRUE
PRG1	pag-3	22.882	2.65317569412207	0	FALSE
PRG1	pah-1	15.614	1.98519111218746	0	FALSE
PRG1	paic-1	24.164	23.1102664308425	0	FALSE
PRG1	pak-1	15.856	2.95497153394023	0	FALSE
PRG1	pak-2	22.774	24.2397094848862	0	FALSE
PRG1	pal-1	20.366	4.95810321087143	0	FALSE
PRG1	pals-1	20.864	10.9034279437781	0	FALSE
PRG1	pals-10	26.022	5.69109028952039	0	FALSE
PRG1	pals-11	28.574	5.86813802778801	0	FALSE
PRG1	pals-12	17.968	30.751146767711	0	FALSE
PRG1	pals-13	26.614	11.0849520882692	0	FALSE
PRG1	pals-14	19.724	11.2832991140226	0	FALSE
PRG1	pals-15	27.55	2.8808072476972	0	FALSE
PRG1	pals-16	25.202	13.6103028030922	0	FALSE
PRG1	pals-17	18.342	15.3814312992375	0	FALSE
PRG1	pals-18	21.054	10.6533256432133	0	FALSE
PRG1	pals-19	27.218	4.38416191736037	0	FALSE
PRG1	pals-2	26.796	4.66439764683434	0	FALSE
PRG1	pals-20	27.42	8.28810223437708	0	FALSE
PRG1	pals-21	23.418	12.6272347045635	0	FALSE
PRG1	pals-22	23.072	1.50592856194376	0	FALSE
PRG1	pals-23	25.748	10.097102359528	0	FALSE
PRG1	pals-24	9.246	5.2861076856088	0	FALSE
PRG1	pals-25	23.614	15.7873277779861	0	FALSE
PRG1	pals-26	24.49	10.5504900320867	0	FALSE
PRG1	pals-27	28.428	1.87187702389701	0	FALSE
PRG1	pals-28	28.41	2.09795326577763	0	FALSE
PRG1	pals-29	28.5	3.2894619882833	0	FALSE
PRG1	pals-3	23.41	12.4734482972	0	FALSE
PRG1	pals-30	27.154	8.40315664180916	0	FALSE
PRG1	pals-31	24.856	13.0208752602065	0	FALSE
PRG1	pals-32	27.436	3.73081655747399	0	FALSE
PRG1	pals-33	23.222	14.7424967374698	0	FALSE
PRG1	pals-34	22.666	19.065628154193	0	FALSE
PRG1	pals-37	25.06	8.41946153224768	0	FALSE
PRG1	pals-38	24.73	11.2718027338972	0	FALSE
PRG1	pals-39	27.74	6.25609021492817	0	FALSE
PRG1	pals-4	25.032	10.9283843540579	0	FALSE
PRG1	pals-40	22.9	10.5676404777268	0	FALSE
PRG1	pals-5	24.6	7.90083291919112	0	FALSE
PRG1	pals-6	24.382	8.41805909805073	0	FALSE
PRG1	pals-7	22.428	30.1081528192048	0	FALSE
PRG1	pals-8	28.696	2.59443766414157	0	FALSE
PRG1	pals-9	19.042	4.90540799446839	0	FALSE
PRG1	pam-1	14.352	74.7104725159591	0	FALSE
PRG1	paml-1	19.206	6.22507404760485	0	FALSE
PRG1	paml-2	27.198	8.22330872612906	0	FALSE
PRG1	pamn-1	25.314	2.55321305998306	0	FALSE
PRG1	pan-1	22.1	18.3422360721715	0	FALSE
PRG1	pana-1	23.018	8.8085529238646	0	FALSE
PRG1	panl-3	24.766	10.8447503211052	1	TRUE
PRG1	pap-1	20.51	2.31427484862132	0	FALSE
PRG1	pap-2	27.678	5.20835533677602	0	FALSE
PRG1	pap-3	24.88	5.73330640724561	0	FALSE
PRG1	papl-1	26.69	9.49440993025745	0	FALSE
PRG1	paqr-1	19.784	6.83347982893316	0	FALSE
PRG1	paqr-2	18.574	4.69672840639851	0	FALSE
PRG1	paqr-3	27.506	8.02632350726928	0	FALSE
PRG1	par-1	14.802	2.56562007864183	0	FALSE
PRG1	par-2	15.776	36.1653057393789	0	FALSE
PRG1	par-3	21.17	6.33596586111019	0	FALSE
PRG1	par-4	8.934	2.04807933941933	0	FALSE
PRG1	par-5	23.068	9.28331943130631	0	FALSE
PRG1	par-6	16.672	6.95097063848204	0	FALSE
PRG1	parg-1	21.93	5.25465314327772	0	FALSE
PRG1	parg-2	28.196	0.871844024352522	0	FALSE
PRG1	parn-1	26.578	6.28532956085825	0	FALSE
PRG1	parn-2	27.266	13.7270977764635	0	FALSE
PRG1	parp-1	27.676	2.33614827071091	0	FALSE
PRG1	parp-2	25.99	9.45461548890737	0	FALSE
PRG1	pars-1	25.828	8.60479653770392	0	FALSE
PRG1	pars-2	27.71	3.74742782223941	0	FALSE
PRG1	pas-1	20.652	7.20743312773934	0	FALSE
PRG1	pas-2	24.028	21.4470290978234	0	FALSE
PRG1	pas-3	16.404	40.8733837598525	0	FALSE
PRG1	pas-4	20.686	19.279215626121	0	FALSE
PRG1	pas-5	21.658	1.69974333583431	0	FALSE
PRG1	pas-6	13.884	8.37333062941529	1	TRUE
PRG1	pas-7	26.848	3.56046325973493	0	FALSE
PRG1	pash-1	20.416	3.43752359017644	1	TRUE
PRG1	pat-10	12.734	2.31536782694909	0	FALSE
PRG1	pat-12	18.134	7.48436119048543	0	FALSE
PRG1	pat-2	25.596	3.93882454787082	0	FALSE
PRG1	pat-3	8.996	4.37963968111635	0	FALSE
PRG1	pat-4	25.734	5.0887319047039	0	FALSE
PRG1	pat-6	28.262	4.86306011625796	0	FALSE
PRG1	pat-9	2.036	2.15774878550971	2	FALSE
PRG1	patr-1	17.652	20.1079394916068	0	FALSE
PRG1	pax-1	17.102	4.32330344169071	0	FALSE
PRG1	pax-2	18.828	3.54530645605485	0	FALSE
PRG1	pax-3	17.936	17.6559854032036	0	FALSE
PRG1	paxt-1	24.07	10.7970731920995	0	FALSE
PRG1	pbo-1	28.704	2.90483742143582	0	FALSE
PRG1	pbo-4	13.03	4.32271297517696	0	FALSE
PRG1	pbo-5	26.206	14.6269644893583	0	FALSE
PRG1	pbo-6	23.882	3.78563425583595	0	FALSE
PRG1	pbrm-1	12.084	3.6555380238856	1	TRUE
PRG1	pbs-1	17.416	2.99804678465461	0	FALSE
PRG1	pbs-2	28.844	6.01382180351729	0	FALSE
PRG1	pbs-3	29.818	1.60686376219274	0	FALSE
PRG1	pbs-4	29.026	2.35770138328443	0	FALSE
PRG1	pbs-5	25.028	7.39940596350756	0	FALSE
PRG1	pbs-6	21.338	4.41753392260198	0	FALSE
PRG1	pbs-7	20.356	1.44424148035606	0	FALSE
PRG1	pcaf-1	26.788	2.71541866268769	1	TRUE
PRG1	pcbd-1	28.486	4.52115955715211	0	FALSE
PRG1	pcca-1	28.07	2.80818515182449	0	FALSE
PRG1	pccb-1	29.046	2.41863562525381	0	FALSE
PRG1	pcdr-1	23.906	18.6900352994079	0	FALSE
PRG1	pcf-11	14.528	18.705972768939	1	TRUE
PRG1	pch-2	22.268	13.4706902878633	0	FALSE
PRG1	pck-1	18.968	29.8052789381807	0	FALSE
PRG1	pck-2	19.446	4.59675398563809	0	FALSE
PRG1	pck-3	22.382	18.276763998558	0	FALSE
PRG1	pcm-1	27.514	3.0427628187212	0	FALSE
PRG1	pcmd-1	18.442	20.0514802908343	0	FALSE
PRG1	pcn-1	29.242	2.91746006483872	0	FALSE
PRG1	pcp-1	21.39	6.63499364516963	0	FALSE
PRG1	pcp-2	27.008	4.42832372719059	0	FALSE
PRG1	pcp-3	26.684	1.12819730513885	0	FALSE
PRG1	pcp-4	24.082	13.8231218231257	0	FALSE
PRG1	pcp-5	28.376	1.25083385276103	0	FALSE
PRG1	pcrg-1	23.428	11.5387484454259	0	FALSE
PRG1	pcs-1	21.76	12.1336149215539	0	FALSE
PRG1	pct-1	13.652	3.540073269312	0	FALSE
PRG1	pcyt-2.1	22.254	12.6228890083103	0	FALSE
PRG1	pcyt-2.2	20.296	6.44191821023807	0	FALSE
PRG1	pdcd-2	25.36	8.61401291741154	0	FALSE
PRG1	pde-1	6.918	42.4180328262275	0	FALSE
PRG1	pde-12	26.566	3.95372868148867	0	FALSE
PRG1	pde-2	26.268	4.98272461251777	0	FALSE
PRG1	pde-3	7.272	2.82389100663249	0	FALSE
PRG1	pde-4	25.12	6.2006142472571	0	FALSE
PRG1	pde-5	27.602	3.51632906270111	0	FALSE
PRG1	pde-6	16.292	0.858659563668724	0	FALSE
PRG1	pdf-1	22.866	3.13242860827448	0	FALSE
PRG1	pdf-2	12.436	6.55308552353913	0	FALSE
PRG1	pdfr-1	19.778	3.50761584146638	0	FALSE
PRG1	pdha-1	27.084	3.34839486150664	0	FALSE
PRG1	pdhb-1	28.794	3.81080436258082	0	FALSE
PRG1	pdhk-2	27.878	3.88516623484068	0	FALSE
PRG1	pdi-1	28.688	4.34258556602821	0	FALSE
PRG1	pdi-2	22.096	24.8595717006115	0	FALSE
PRG1	pdi-3	28.95	1.10885671290325	0	FALSE
PRG1	pdi-6	21.412	10.1294666118169	0	FALSE
PRG1	pdk-1	26.918	4.00214557093803	0	FALSE
PRG1	pdl-1	25.146	3.38885690144699	0	FALSE
PRG1	pdp-1	27.124	4.05926808690247	0	FALSE
PRG1	pdpr-1	27.858	2.39611709220334	0	FALSE
PRG1	pdr-1	24.784	8.22629931868131	0	FALSE
PRG1	pdtf-1	20.042	7.51717483808837	0	FALSE
PRG1	pdxk-1	27.354	6.51243825773724	0	FALSE
PRG1	pdzd-8	19.66	5.1883240565079	0	FALSE
PRG1	peb-1	9.27	4.54932748305492	0	FALSE
PRG1	peel-1	21.714	17.3389858329972	0	FALSE
PRG1	pef-1	23.88	17.3211499528725	0	FALSE
PRG1	pei-1	17.596	1.95246047203633	0	FALSE
PRG1	pei-2	6.486	4.60164551327914	0	FALSE
PRG1	pek-1	21.712	6.39597287545677	0	FALSE
PRG1	peli-1	24.878	3.65303243206694	0	FALSE
PRG1	pelo-1	25.93	6.46801129856365	0	FALSE
PRG1	pen-2	26.824	8.55301308289214	0	FALSE
PRG1	penr-1	17.098	2.61702828034626	0	FALSE
PRG1	pepm-1	24.74	14.2045548934878	0	FALSE
PRG1	pept-1	18.834	11.9629044761799	0	FALSE
PRG1	pept-2	23.478	8.0586148122626	0	FALSE
PRG1	pept-3	27.486	3.96812445532385	0	FALSE
PRG1	perm-1	22.51	13.0524728496259	0	FALSE
PRG1	perm-2	11.686	4.38495297241468	0	FALSE
PRG1	perm-3	10.608	3.92569070688197	0	FALSE
PRG1	perm-4	18.14	5.83159645202398	0	FALSE
PRG1	perm-5	27.134	3.30842556616389	0	FALSE
PRG1	pes-1	21.398	3.95047398679344	0	FALSE
PRG1	pes-10	24.796	6.19695470734323	0	FALSE
PRG1	pes-2.1	22.034	20.357488804494	0	FALSE
PRG1	pes-23	7.234	5.08907925860844	0	FALSE
PRG1	pes-4	23.284	10.531341059636	0	FALSE
PRG1	pes-5	18.834	12.9055080005923	0	FALSE
PRG1	pes-7	29.404	1.58125292608293	0	FALSE
PRG1	pes-8	7.87	57.2996753426772	0	FALSE
PRG1	pes-9	29.35	1.87842114464539	0	FALSE
PRG1	pfas-1	22.924	1.4759593976484	0	FALSE
PRG1	pfd-1	26.33	5.28502052010602	0	FALSE
PRG1	pfd-2	9.84	4.58050450802315	1	TRUE
PRG1	pfd-3	27.092	1.78846412513544	0	FALSE
PRG1	pfd-4	24.164	5.05193581198819	0	FALSE
PRG1	pfd-5	27.456	8.64821394726904	0	FALSE
PRG1	pfd-6	25.202	9.0408688053677	0	FALSE
PRG1	pfk-1.1	23.938	23.7857271264031	0	FALSE
PRG1	pfk-1.2	18.3	2.7171715607545	0	FALSE
PRG1	pfkb-1.1	21.252	13.2528684385848	0	FALSE
PRG1	pfkb-1.2	24.966	8.67961137592392	0	FALSE
PRG1	pfn-1	3.618	6.64615523832082	2	FALSE
PRG1	pfn-2	21.594	19.877545435218	1	TRUE
PRG1	pfn-3	17.438	1.49946425271697	0	FALSE
PRG1	pfs-2	16.774	50.4765381554732	0	FALSE
PRG1	pfut-1	26.932	7.22594294401177	0	FALSE
PRG1	pgal-1	22.4	4.44650476842342	0	FALSE
PRG1	pgam-5	21.714	18.046335893697	0	FALSE
PRG1	pgap-1	24.758	6.70218990752687	0	FALSE
PRG1	pgap-2	23.384	4.39667996426268	0	FALSE
PRG1	pgap-3	26.46	13.9004661719614	0	FALSE
PRG1	pges-2	24.3	2.80319117134591	0	FALSE
PRG1	pghm-1	28.1	4.32204903967656	0	FALSE
PRG1	pgk-1	20.398	1.21497493527331	0	FALSE
PRG1	pgl-1	19.802	12.6894827713305	1	TRUE
PRG1	pgl-2	14.262	4.19276098184411	0	FALSE
PRG1	pgl-3	12.67	3.53058709492424	1	TRUE
PRG1	pgm-1	29.44	2.7369582551817	0	FALSE
PRG1	pgm-2	25.566	5.54864342297854	0	FALSE
PRG1	pgm-3	27.418	6.61576388177117	0	FALSE
PRG1	pgph-1	26.244	6.10416439454226	0	FALSE
PRG1	pgph-2	4.726	7.31857173542388	2	FALSE
PRG1	pgph-3	25.786	9.74483524212517	0	FALSE
PRG1	pgrn-1	21.772	5.66990306407544	0	FALSE
PRG1	pgs-1	28.062	5.25808436984629	0	FALSE
PRG1	pha-1	21.898	4.43061681747625	0	FALSE
PRG1	pha-2	21.122	4.16053848780087	0	FALSE
PRG1	pha-4	17.98	8.44138770629775	0	FALSE
PRG1	phac-1	16.964	7.26663791755243	0	FALSE
PRG1	phat-1	10.204	2.48466295026197	0	FALSE
PRG1	phat-2	10.546	2.73724029048345	0	FALSE
PRG1	phat-3	24.332	8.57885699071094	0	FALSE
PRG1	phat-4	23.284	12.6573582327163	0	FALSE
PRG1	phat-5	7.404	13.057301984252	0	FALSE
PRG1	phat-6	22.056	27.6068361763216	0	FALSE
PRG1	phat-7	20.898	15.0139045607686	0	FALSE
PRG1	phat-8	23.444	2.50351555154748	0	FALSE
PRG1	phb-1	21.086	9.16322121755256	0	FALSE
PRG1	phb-2	20.746	19.9089283912194	0	FALSE
PRG1	phdh-1	29.194	2.57365251258549	0	FALSE
PRG1	phf-10	28.162	8.38570448411195	1	TRUE
PRG1	phf-14	13.748	4.0063306752766	0	FALSE
PRG1	phf-15	18.348	3.46706331886399	0	FALSE
PRG1	phf-30	23.782	5.39677136865111	0	FALSE
PRG1	phf-31	7.604	6.11880737447463	0	FALSE
PRG1	phf-32	19.446	4.06002523818432	0	FALSE
PRG1	phf-33	19.122	11.8443545661018	0	FALSE
PRG1	phf-34	17.168	8.81117706754086	0	FALSE
PRG1	phf-5	23.698	3.26948772394045	0	FALSE
PRG1	phg-1	26.768	7.68788152066887	0	FALSE
PRG1	phip-1	2.968	2.52583083746513	2	FALSE
PRG1	phlp-2	28.068	4.61880637034704	0	FALSE
PRG1	phm-2	8.052	4.04094268205748	0	FALSE
PRG1	pho-1	26.05	14.943031704741	0	FALSE
PRG1	pho-10	27.712	6.86892021277533	0	FALSE
PRG1	pho-11	26.626	6.2530663276934	0	FALSE
PRG1	pho-12	28.814	3.8524972479142	0	FALSE
PRG1	pho-13	28.378	5.44144378665979	0	FALSE
PRG1	pho-14	24.792	9.95355417108391	0	FALSE
PRG1	pho-4	14.468	1.92627439798069	0	FALSE
PRG1	pho-5	26.14	13.4247267056101	0	FALSE
PRG1	pho-6	28.078	1.69731136828916	0	FALSE
PRG1	pho-7	26.452	10.9069375387162	0	FALSE
PRG1	pho-8	28.04	3.23289684262756	0	FALSE
PRG1	pho-9	26.586	10.5547582347049	0	FALSE
PRG1	php-3	19.386	3.63227056759139	0	FALSE
PRG1	phy-2	27.932	3.19789378197488	1	TRUE
PRG1	phy-3	23.494	14.0529931608673	0	FALSE
PRG1	phy-4	26.226	6.98231784467098	0	FALSE
PRG1	phyh-1	28.016	1.14987519215349	0	FALSE
PRG1	picc-1	18.504	17.1812072732514	0	FALSE
PRG1	picd-1	21.956	31.3693998287962	0	FALSE
PRG1	pid-1	21.104	9.37514100250278	0	FALSE
PRG1	pid-2	11.89	5.83813424349898	0	FALSE
PRG1	pid-3	21.152	2.63192411841252	0	FALSE
PRG1	pid-4	23.992	7.68259902452218	0	FALSE
PRG1	pid-5	25.906	6.95476713168919	1	TRUE
PRG1	pie-1	16.69	12.5292037125059	0	FALSE
PRG1	pif-1	17.844	12.2303905556123	0	FALSE
PRG1	pifk-1	24.418	2.22949771036534	0	FALSE
PRG1	pig-1	13.392	9.47509736998389	1	TRUE
PRG1	piga-1	28.564	3.62463423782582	0	FALSE
PRG1	pigb-1	26.82	3.50355776178588	0	FALSE
PRG1	pigc-1	27.218	9.09138763923331	0	FALSE
PRG1	pigg-1	28.63	2.44061782022748	0	FALSE
PRG1	pigk-1	19.018	18.9824321511473	0	FALSE
PRG1	pigl-1	23.258	9.98864685940902	0	FALSE
PRG1	pigm-1	28.746	8.33083499347219	0	FALSE
PRG1	pign-1	28.778	2.23169877524595	0	FALSE
PRG1	pigo-1	27.314	2.00588287922785	0	FALSE
PRG1	pigq-1	29.492	3.57843829345289	0	FALSE
PRG1	pigs-1	26.616	2.70834708671367	0	FALSE
PRG1	pigt-1	28.694	3.72269484211089	0	FALSE
PRG1	pigu-1	21.518	1.94225951160429	0	FALSE
PRG1	pigv-1	24.068	15.7793133300858	0	FALSE
PRG1	pigw-1	26.64	2.22281183842574	0	FALSE
PRG1	pigx-1	27.61	2.92801301519879	0	FALSE
PRG1	piit-1	23.756	7.62247602853963	0	FALSE
PRG1	pik-1	21.322	7.23136778232048	0	FALSE
PRG1	piki-1	28.23	2.90406324039101	0	FALSE
PRG1	pin-2	25.822	7.82802845223217	0	FALSE
PRG1	pink-1	26.174	1.66592415787575	0	FALSE
PRG1	pinn-1	20.946	11.0494502691229	0	FALSE
PRG1	pinn-4	28.808	2.81058307903745	0	FALSE
PRG1	pipp-4p	18.794	11.9057208276479	0	FALSE
PRG1	pir-1	22.536	19.6257239595764	0	FALSE
PRG1	pis-1	20.956	16.3148705931465	0	FALSE
PRG1	pisy-1	29.196	2.19349886506038	0	FALSE
PRG1	pitp-1	16.096	2.33064099078292	0	FALSE
PRG1	pitr-1	23.788	7.73541508630991	0	FALSE
PRG1	pitr-2	20.088	4.02786142197197	0	FALSE
PRG1	pitr-3	16.378	3.76863886154116	0	FALSE
PRG1	pitr-4	17.434	25.6562503467281	0	FALSE
PRG1	pitr-5	9.53	3.82317664265198	0	FALSE
PRG1	pitr-6	18.118	6.85596332543046	0	FALSE
PRG1	pix-1	21.362	14.7510998785852	0	FALSE
PRG1	pkal-1	24.228	2.85293497436204	0	FALSE
PRG1	pkc-1	25.06	2.64860098441791	0	FALSE
PRG1	pkc-2	25.06	3.11457562667005	0	FALSE
PRG1	pkc-3	24.86	3.69919342931175	0	FALSE
PRG1	pkd-2	22.694	13.6775984886997	0	FALSE
PRG1	pkg-2	25.452	4.43828651447094	0	FALSE
PRG1	pkhm-2	25.218	12.4159304658112	0	FALSE
PRG1	pkn-1	11.386	2.14826732024502	0	FALSE
PRG1	plag-15	25.114	7.81504996633114	0	FALSE
PRG1	plc-1	25.19	5.60955281664201	0	FALSE
PRG1	plc-2	9.74	2.39023546752008	0	FALSE
PRG1	plc-3	27.044	9.91686593948167	0	FALSE
PRG1	plc-4	26.968	2.99799246712076	0	FALSE
PRG1	pld-1	20.944	2.48524334372599	0	FALSE
PRG1	plep-1	29.316	2.00627009823728	0	FALSE
PRG1	plin-1	22.27	14.0994711672024	1	TRUE
PRG1	plk-1	27.902	2.80574919635115	0	FALSE
PRG1	plk-2	21.958	24.509263781198	0	FALSE
PRG1	plk-3	27.98	3.45273242060857	0	FALSE
PRG1	pll-1	26.066	8.95560996637405	0	FALSE
PRG1	plp-1	25.35	13.1184913235986	0	FALSE
PRG1	plp-2	25.714	6.98410412911419	0	FALSE
PRG1	plpp-1.1	21.37	5.05175524377397	0	FALSE
PRG1	plpp-1.2	22.084	19.3253634187439	0	FALSE
PRG1	plpp-1.3	28.616	1.83997187802924	0	FALSE
PRG1	plpr-1	12.09	6.8626860257044	0	FALSE
PRG1	plr-1	17.224	1.48111832525948	0	FALSE
PRG1	plrg-1	23.524	9.39194821811603	0	FALSE
PRG1	plst-1	24.086	6.56538255014233	0	FALSE
PRG1	plx-1	22.876	19.1688126520813	0	FALSE
PRG1	plx-2	22.82	11.2031988069665	0	FALSE
PRG1	pmk-1	27.696	5.16639349341721	0	FALSE
PRG1	pmk-2	25.164	8.55755387361386	0	FALSE
PRG1	pmk-3	19.14	25.9361372460546	1	TRUE
PRG1	pmlr-1	15.876	3.9120159642302	0	FALSE
PRG1	pmp-1	25.864	1.14388607355592	0	FALSE
PRG1	pmp-2	29.288	1.98715024434491	0	FALSE
PRG1	pmp-3	21.486	14.2678776411466	0	FALSE
PRG1	pmp-4	28.204	5.12903328614556	0	FALSE
PRG1	pmp-5	18.382	24.5260458982745	0	FALSE
PRG1	pmpl-1	29.508	1.64447780800279	0	FALSE
PRG1	pmr-1	26.414	4.67555850794972	0	FALSE
PRG1	pms-2	17.79	1.19242290250683	0	FALSE
PRG1	pmt-1	26.38	11.0322239262774	0	FALSE
PRG1	pmt-2	26.148	9.99626308251433	0	FALSE
PRG1	pnc-1	4.88	3.87452262319447	2	FALSE
PRG1	pnc-2	27.516	7.14597266620956	0	FALSE
PRG1	png-1	27.126	4.86314891329906	0	FALSE
PRG1	pnk-1	23.91	6.18514349721679	0	FALSE
PRG1	pnk-4	29.042	1.49345095165609	0	FALSE
PRG1	pnn-1	16.738	12.5063660648911	0	FALSE
PRG1	pno-1	26.602	11.6121516552614	0	FALSE
PRG1	pnp-1	24.922	15.363295704891	0	FALSE
PRG1	pod-1	7.856	4.31815723287495	0	FALSE
PRG1	pod-2	27.916	9.72557570101208	0	FALSE
PRG1	pola-1	8.188	3.73785479376284	0	FALSE
PRG1	pole-1	29.038	1.51826617431459	0	FALSE
PRG1	pole-2	29.156	1.42917180929083	0	FALSE
PRG1	pole-4	17.086	8.7459477172009	0	FALSE
PRG1	polg-1	27.734	4.89029461504981	0	FALSE
PRG1	polh-1	25.936	8.26285431727782	0	FALSE
PRG1	polk-1	10.914	3.06404552027017	0	FALSE
PRG1	polq-1	21.708	7.39264758238111	0	FALSE
PRG1	poml-1	25.2	4.05150762479372	0	FALSE
PRG1	poml-2	29.392	2.39920297175305	0	FALSE
PRG1	poml-3	24.754	1.02302261263177	0	FALSE
PRG1	poml-4	20.164	4.66277576836218	0	FALSE
PRG1	pop-1	11.53	2.83104921837805	0	FALSE
PRG1	popl-1	16.224	8.08968782087963	0	FALSE
PRG1	popl-4	24.562	13.6066311437123	0	FALSE
PRG1	popl-5	27.01	6.17590783422579	0	FALSE
PRG1	popl-7	21.346	2.13876766295644	0	FALSE
PRG1	pos-1	4.342	5.8522864343332	2	FALSE
PRG1	pot-1	28.27	2.00054059740753	0	FALSE
PRG1	pot-2	22.498	10.6161621774556	0	FALSE
PRG1	pot-3	25.7	7.97783990420727	0	FALSE
PRG1	ppat-1	11.342	3.21323208603134	0	FALSE
PRG1	ppfr-1	6.97	9.07056408497776	0	FALSE
PRG1	ppfr-2	21.092	13.5250105101846	0	FALSE
PRG1	ppfr-4	5.91	9.53645467408585	1	TRUE
PRG1	ppgn-1	27.994	6.27795190768443	0	FALSE
PRG1	pph-1	27.904	5.2403554513395	0	FALSE
PRG1	pph-2	19.758	28.514970798712	0	FALSE
PRG1	pph-4.1	26.178	13.2783769625737	0	FALSE
PRG1	pph-4.2	26.612	11.4210506557567	0	FALSE
PRG1	pph-5	23.088	15.5807626357095	0	FALSE
PRG1	pph-6	24.774	4.37261975790209	0	FALSE
PRG1	pph-7	24.04	4.8338003748767	0	FALSE
PRG1	ppk-1	17.96	3.29520728929294	0	FALSE
PRG1	ppk-2	20.792	2.85781520320477	0	FALSE
PRG1	ppk-3	23.268	8.74290186030635	1	TRUE
PRG1	ppm-1.A	21.606	3.29582291591879	0	FALSE
PRG1	ppm-1.G	18.208	4.40454087605663	0	FALSE
PRG1	ppm-1.d	23.534	3.88858389416854	0	FALSE
PRG1	ppm-1.h	19.884	3.13317643616828	0	FALSE
PRG1	ppm-2	16.176	13.5501866348056	0	FALSE
PRG1	pps-1	25.928	22.3677836530693	0	FALSE
PRG1	ppt-1	26.966	6.53634888963421	0	FALSE
PRG1	pptr-1	23.966	7.27589181735607	0	FALSE
PRG1	pptr-2	23.124	3.3337466834114	1	TRUE
PRG1	ppw-1	25.712	3.252618771035	0	FALSE
PRG1	ppw-2	25.468	10.0605838617786	1	TRUE
PRG1	pqbp-1.1	24.298	9.65204866079628	0	FALSE
PRG1	pqe-1	23.382	2.84758702954909	0	FALSE
PRG1	pqm-1	20.602	7.5136235207318	0	FALSE
PRG1	pqn-10	16.6	5.44589641635025	0	FALSE
PRG1	pqn-13	20.15	15.4062123284834	0	FALSE
PRG1	pqn-15	21.486	17.4123633488057	0	FALSE
PRG1	pqn-16	19.666	6.16771434295903	0	FALSE
PRG1	pqn-18	13.316	4.56541692045603	0	FALSE
PRG1	pqn-2	21.55	4.15967287533651	0	FALSE
PRG1	pqn-20	12.34	14.7172485975391	0	FALSE
PRG1	pqn-21	16.848	18.2485723803992	0	FALSE
PRG1	pqn-22	3.444	4.84388094567753	3	TRUE
PRG1	pqn-24	21.25	10.9865472944546	0	FALSE
PRG1	pqn-25	22.884	4.50187343435217	0	FALSE
PRG1	pqn-26	18.18	7.10593578353539	0	FALSE
PRG1	pqn-27	8.144	7.11524153665724	0	FALSE
PRG1	pqn-29	13.982	1.28279196994835	0	FALSE
PRG1	pqn-31	23.318	13.5450906479066	0	FALSE
PRG1	pqn-32	18.104	8.18194652632023	0	FALSE
PRG1	pqn-35	2.684	2.32077667695938	2	FALSE
PRG1	pqn-36	20.424	1.06631559417636	0	FALSE
PRG1	pqn-37	22.56	9.05270558918618	0	FALSE
PRG1	pqn-39	2.836	2.50079312080354	2	FALSE
PRG1	pqn-41	27.822	3.95904449994342	0	FALSE
PRG1	pqn-42	14.918	41.3764416523784	0	FALSE
PRG1	pqn-48	24.04	1.44157433037965	0	FALSE
PRG1	pqn-51	16.8	11.0242851897789	0	FALSE
PRG1	pqn-52	19.056	32.8690792996246	0	FALSE
PRG1	pqn-53	20.248	19.2306627716382	0	FALSE
PRG1	pqn-54	21.064	20.1797488669584	0	FALSE
PRG1	pqn-57	22.954	14.8951787869726	0	FALSE
PRG1	pqn-59	17.134	2.82041215129423	1	TRUE
PRG1	pqn-62	15.95	4.28906116024754	0	FALSE
PRG1	pqn-63	16.728	23.0188902035751	0	FALSE
PRG1	pqn-65	21.62	2.86304863384532	0	FALSE
PRG1	pqn-67	21.308	4.02694654279292	0	FALSE
PRG1	pqn-68	28.968	2.37535060644327	0	FALSE
PRG1	pqn-70	21.486	3.71003738649032	0	FALSE
PRG1	pqn-71	22.248	10.5615708526555	0	FALSE
PRG1	pqn-72	22.066	6.15704370338538	0	FALSE
PRG1	pqn-73	15.886	10.1156901125621	0	FALSE
PRG1	pqn-74	25.824	2.29003927600609	0	FALSE
PRG1	pqn-75	19.904	11.0896814403149	0	FALSE
PRG1	pqn-78	23.76	7.95465679647015	0	FALSE
PRG1	pqn-79	25.16	5.34405058058341	0	FALSE
PRG1	pqn-8	3.074	4.38021107455105	2	FALSE
PRG1	pqn-80	20.366	2.8348589925909	1	TRUE
PRG1	pqn-82	9.874	76.668152107898	0	FALSE
PRG1	pqn-83	20.82	8.73030538515826	0	FALSE
PRG1	pqn-84	22.278	8.54602241919718	0	FALSE
PRG1	pqn-87	3.062	1.0171398760547	3	TRUE
PRG1	pqn-88	20.424	13.1081356871558	0	FALSE
PRG1	pqn-89	18.842	6.39901875793107	0	FALSE
PRG1	pqn-90	20.696	7.29846340706495	0	FALSE
PRG1	pqn-91	23.66	9.62909948665978	0	FALSE
PRG1	pqn-92	11.388	2.21313438735839	0	FALSE
PRG1	pqn-94	20.988	16.6409139687487	0	FALSE
PRG1	pqn-96	22.568	9.96407724962578	0	FALSE
PRG1	pqn-97	25.496	5.2268600428419	0	FALSE
PRG1	pqn-98	25.65	3.30223860711059	0	FALSE
PRG1	praf-3	14.466	5.14190472205849	0	FALSE
PRG1	prcc-1	15.884	10.163964850157	0	FALSE
PRG1	prde-1	24.176	26.0544134097125	0	FALSE
PRG1	prdh-1	27.534	4.14078158060411	0	FALSE
PRG1	prdm-14	9.922	9.59995180226186	0	FALSE
PRG1	prdx-2	28.936	3.03801169327467	0	FALSE
PRG1	prdx-3	25.87	2.72687716718309	0	FALSE
PRG1	prdx-6	28.358	3.93447148708424	0	FALSE
PRG1	prel-1	27.534	5.41901788444512	0	FALSE
PRG1	prel-3	18.038	1.27231098423907	0	FALSE
PRG1	prg-1	24.71	4.52715464416823	1	TRUE
PRG1	prhg-1	20.58	27.6175062437101	0	FALSE
PRG1	pri-1	28.488	4.13393596221633	1	TRUE
PRG1	pri-2	25.026	16.1014578576535	0	FALSE
PRG1	prk-1	3.81	7.27843812276223	2	FALSE
PRG1	prk-2	10.87	5.39729168127788	0	FALSE
PRG1	prkl-1	17.72	13.9403655900287	0	FALSE
PRG1	prmn-1	19.26	10.0052203991515	0	FALSE
PRG1	prmt-1	23.132	11.7926211817324	0	FALSE
PRG1	prmt-4	23.07	16.4114407686768	0	FALSE
PRG1	prmt-5	28.54	1.169206286858	0	FALSE
PRG1	prmt-6	11.622	9.21720529548539	0	FALSE
PRG1	prmt-7	27.016	6.20340425001586	0	FALSE
PRG1	prmt-9	12.718	24.0728074982524	1	TRUE
PRG1	pro-1	20.86	27.8430650073631	0	FALSE
PRG1	pro-2	27.608	1.94644031029807	0	FALSE
PRG1	pro-3	11.052	4.41619492074546	0	FALSE
PRG1	prom-1	21.084	7.83744389512909	0	FALSE
PRG1	pros-1	15.758	5.84974350743339	0	FALSE
PRG1	prp-17	12.268	3.65328684027341	0	FALSE
PRG1	prp-18	26.38	6.14405712843867	0	FALSE
PRG1	prp-19	26.176	5.03616978468159	0	FALSE
PRG1	prp-21	16.088	8.92098024676526	0	FALSE
PRG1	prp-3	26.284	9.99362424154428	1	TRUE
PRG1	prp-31	20.928	8.23748210141993	0	FALSE
PRG1	prp-38	25.728	12.7790090479502	0	FALSE
PRG1	prp-39	25.248	13.0029383566326	0	FALSE
PRG1	prp-4	19.906	6.95163213035335	0	FALSE
PRG1	prp-6	13.846	8.90053185000469	0	FALSE
PRG1	prp-9	10.74	2.70259316083799	0	FALSE
PRG1	prpf-4	20.214	14.6673051779515	1	TRUE
PRG1	prps-1	23.092	7.33687592740155	0	FALSE
PRG1	prx-1	25.064	24.032370134625	0	FALSE
PRG1	prx-11	27.304	2.74838808403827	0	FALSE
PRG1	prx-12	27.162	11.3584922797036	0	FALSE
PRG1	prx-13	13.834	50.7461539029433	0	FALSE
PRG1	prx-14	11.754	3.12281652254881	0	FALSE
PRG1	prx-19	3.976	6.06913809422239	2	FALSE
PRG1	prx-2	27.81	2.85998400937047	0	FALSE
PRG1	prx-3	25.546	8.40177631343915	1	TRUE
PRG1	prx-5	13.004	5.70860986975574	0	FALSE
PRG1	prx-6	28.456	1.72421435196763	0	FALSE
PRG1	pry-1	14.128	20.0895471556035	0	FALSE
PRG1	psa-3	16.298	7.94965627352975	0	FALSE
PRG1	psd-1	27.256	4.60413261902731	0	FALSE
PRG1	psf-1	26.096	3.72174290812856	0	FALSE
PRG1	psf-2	25.802	4.38013993084279	1	TRUE
PRG1	psf-3	22.53	13.5843564364537	0	FALSE
PRG1	psmd-9	20.686	4.62576415496658	0	FALSE
PRG1	psme-3	29.028	2.98723028717072	0	FALSE
PRG1	psr-1	20.266	27.9351446494816	0	FALSE
PRG1	pssy-1	17.614	7.01779766885718	0	FALSE
PRG1	pssy-2	18.84	2.13241076715506	0	FALSE
PRG1	pst-1	24.892	7.58192073903946	0	FALSE
PRG1	pst-2	15.472	4.04340561076697	0	FALSE
PRG1	pstk-1	22.772	15.2163367862692	0	FALSE
PRG1	ptb-1	16.252	11.3945503685788	0	FALSE
PRG1	ptc-1	20.144	3.19888515801264	1	TRUE
PRG1	ptc-3	19.264	4.721069750841	0	FALSE
PRG1	ptd-2	23.808	0.611135504414209	0	FALSE
PRG1	ptl-1	18.636	2.35693269210244	0	FALSE
PRG1	ptp-1	12.41	3.4906194387253	0	FALSE
PRG1	ptp-10	22.058	7.8925532758525	0	FALSE
PRG1	ptp-2	27.338	2.39354379524456	0	FALSE
PRG1	ptp-3	23	13.8443617262337	0	FALSE
PRG1	ptp-4	27.22	5.1186167498504	0	FALSE
PRG1	ptp-4a2	28.834	5.94445621110098	0	FALSE
PRG1	ptp-5.1	24.284	13.8350329077361	0	FALSE
PRG1	ptp-5.2	2.83	4.68114533550946	2	FALSE
PRG1	ptp-5.3	25.592	6.35131749802775	0	FALSE
PRG1	ptp-8	25.886	9.50809678757989	0	FALSE
PRG1	ptpn-22	17.84	13.5204768352555	0	FALSE
PRG1	ptps-1	25.794	5.30873693619083	0	FALSE
PRG1	ptr-1	21.124	11.9229162638284	0	FALSE
PRG1	ptr-10	25.09	4.43196578577656	0	FALSE
PRG1	ptr-11	28.164	4.6693578485231	0	FALSE
PRG1	ptr-12	24.926	7.99272868616382	0	FALSE
PRG1	ptr-13	25.808	2.21902763017689	0	FALSE
PRG1	ptr-14	24.062	6.72859139890629	0	FALSE
PRG1	ptr-15	26.286	3.41218934323645	0	FALSE
PRG1	ptr-16	10.758	2.54684003417108	0	FALSE
PRG1	ptr-17	22.842	12.2322327853548	0	FALSE
PRG1	ptr-18	26.57	1.83783750071507	0	FALSE
PRG1	ptr-19	20.092	0.628969069059293	0	FALSE
PRG1	ptr-2	20.932	3.91721392156112	0	FALSE
PRG1	ptr-20	24.642	6.16094404368678	0	FALSE
PRG1	ptr-21	19.218	0.860853420962625	0	FALSE
PRG1	ptr-22	18.546	17.4588208132857	0	FALSE
PRG1	ptr-23	21.686	13.9223167063871	0	FALSE
PRG1	ptr-24	28.2	3.6753056794548	0	FALSE
PRG1	ptr-25	19.47	5.5627854546103	0	FALSE
PRG1	ptr-3	22.084	12.2374700931452	0	FALSE
PRG1	ptr-4	26.43	4.14012445144241	0	FALSE
PRG1	ptr-5	28.292	1.14789145664626	0	FALSE
PRG1	ptr-6	4.828	4.41910036556573	2	FALSE
PRG1	ptr-8	21.002	4.76137986804827	0	FALSE
PRG1	ptr-9	23.954	4.87378869623882	0	FALSE
PRG1	ptrn-1	15.642	4.66569616404399	1	TRUE
PRG1	pud-1.2	15.446	8.20645175826009	0	FALSE
PRG1	pud-2.1	27.064	5.7964495108526	0	FALSE
PRG1	pud-3	25.274	11.3493239731975	0	FALSE
PRG1	pud-4	24.612	6.79110813252564	0	FALSE
PRG1	pudl-1	26.458	3.61897036862097	0	FALSE
PRG1	pudl-2	27.512	6.88564454078484	0	FALSE
PRG1	puf-11	19.032	21.1227908324998	1	TRUE
PRG1	puf-12	27.142	4.87421267814887	0	FALSE
PRG1	puf-3	11.826	8.26622101457263	0	FALSE
PRG1	puf-5	15.466	4.0930582221494	1	TRUE
PRG1	puf-6	25.022	4.3202148621381	0	FALSE
PRG1	puf-7	25.28	3.56748097619909	0	FALSE
PRG1	puf-8	20.972	7.20918075919949	0	FALSE
PRG1	puf-9	18.372	10.5766060657463	1	TRUE
PRG1	pugs-1	12.188	3.47828976961504	0	FALSE
PRG1	pugs-10	20.646	2.36408072653492	0	FALSE
PRG1	pugs-11	17.156	14.472766640246	0	FALSE
PRG1	pugs-2	15.912	29.5110824888826	0	FALSE
PRG1	pugs-3	14.52	2.04708869803056	0	FALSE
PRG1	pugs-4	17.054	5.8246912226915	0	FALSE
PRG1	pugs-5	13.65	6.59645839018811	0	FALSE
PRG1	pugs-6	24.716	5.49496176691271	0	FALSE
PRG1	pugs-7	19.648	20.3829566255299	0	FALSE
PRG1	pugs-8	23.246	4.06499928638423	0	FALSE
PRG1	pugs-9	13.102	9.09402423913622	0	FALSE
PRG1	pup-2	22.122	10.7647109391747	0	FALSE
PRG1	pup-3	21.552	12.9717421402224	0	FALSE
PRG1	pus-1	14.848	2.60598523253991	0	FALSE
PRG1	pvf-1	24.112	2.74575895539257	0	FALSE
PRG1	pwp-1	22.514	11.2396728728909	0	FALSE
PRG1	pxd-1	24.922	4.1023371631516	0	FALSE
PRG1	pxf-1	21.024	1.44920167507611	1	TRUE
PRG1	pxl-1	24.546	13.3086074378055	0	FALSE
PRG1	pxmp-4	25.108	10.5306467880159	0	FALSE
PRG1	pxn-1	21.13	14.1287561288267	0	FALSE
PRG1	pxn-2	25.9	8.56090000001427	0	FALSE
PRG1	pyc-1	28.462	2.46197805027114	0	FALSE
PRG1	pycr-1	25.258	15.9394030256267	0	FALSE
PRG1	pycr-4	27.646	3.30159716460791	0	FALSE
PRG1	pygl-1	28.424	3.09053330285558	0	FALSE
PRG1	pygo-1	16.902	5.02453393116319	0	FALSE
PRG1	pyk-1	20.63	4.6660234807984	0	FALSE
PRG1	pyk-2	29.816	1.68123948813031	0	FALSE
PRG1	pyp-1	23.568	10.1858802454814	0	FALSE
PRG1	pyr-1	11.592	4.77412577978356	0	FALSE
PRG1	pyt-1	16.476	2.76195942915	0	FALSE
PRG1	pzf-1	18.686	14.5308804498319	0	FALSE
PRG1	pzls-1	12.488	33.2406038175349	0	FALSE
PRG1	qars-1	28.284	1.80185661789774	0	FALSE
PRG1	qdpr-1	19.02	3.00007205419288	0	FALSE
PRG1	qns-1	27.266	6.17027867492781	0	FALSE
PRG1	qua-1	21.154	6.39887196641298	0	FALSE
PRG1	qui-1	28.49	2.70520868627556	0	FALSE
PRG1	rab-1	21.748	17.9257967469006	0	FALSE
PRG1	rab-10	21.104	23.0995971094437	0	FALSE
PRG1	rab-11.1	21.422	9.21304501993015	0	FALSE
PRG1	rab-11.2	21.794	8.6562318042275	0	FALSE
PRG1	rab-14	27.772	6.28737579797864	0	FALSE
PRG1	rab-18	20.466	7.99484174851273	0	FALSE
PRG1	rab-19	17.82	3.49256164611789	0	FALSE
PRG1	rab-21	15	4.31843593085378	0	FALSE
PRG1	rab-28	12.428	1.61168148806621	0	FALSE
PRG1	rab-3	16.266	2.3254590582256	0	FALSE
PRG1	rab-30	8.416	7.32685274133883	0	FALSE
PRG1	rab-33	16.972	7.94471365741405	0	FALSE
PRG1	rab-35	24.248	9.93363214322224	0	FALSE
PRG1	rab-37	20.166	8.53523101936285	0	FALSE
PRG1	rab-39	16.108	24.3373332790805	0	FALSE
PRG1	rab-5	23.462	17.5383233770508	0	FALSE
PRG1	rab-6.1	17.558	6.39084841332705	0	FALSE
PRG1	rab-6.2	20.166	1.78056252424851	0	FALSE
PRG1	rab-7	12.758	3.36331764158481	0	FALSE
PRG1	rab-8	17.796	12.1284893855029	0	FALSE
PRG1	rabi-1	24.284	11.4435185474264	0	FALSE
PRG1	rabn-5	24.136	13.7407961307978	0	FALSE
PRG1	rabr-1	15.838	7.88437525032818	0	FALSE
PRG1	rabr-2	11.478	8.02371017715341	0	FALSE
PRG1	rabr-3	24.324	18.2142421428252	0	FALSE
PRG1	rabr-4	26.344	4.9574768558595	0	FALSE
PRG1	rabs-5	5.478	4.62427860516639	0	FALSE
PRG1	rabx-5	25.674	10.994284071492	0	FALSE
PRG1	rac-2	19.97	1.46464354553928	0	FALSE
PRG1	rack-1	18.622	8.439725240893	0	FALSE
PRG1	rad-23	10.032	16.1162047390363	0	FALSE
PRG1	rad-50	27.976	5.39911668759662	1	TRUE
PRG1	rad-51	26.05	11.362763915547	0	FALSE
PRG1	rad-54.b	16.11	3.74297043617166	0	FALSE
PRG1	rad-54.l	17.918	4.39276664850946	0	FALSE
PRG1	rad-54.l2	9.628	6.85870341309748	0	FALSE
PRG1	rad-8	26.192	6.82360298068333	0	FALSE
PRG1	rae-1	26.102	6.85254129629466	0	FALSE
PRG1	raga-1	26.814	3.84024488623367	0	FALSE
PRG1	ragc-1	10.408	17.9136143376441	0	FALSE
PRG1	ral-1	16.648	3.40968437526093	0	FALSE
PRG1	ram-2	18.616	11.9758470796488	0	FALSE
PRG1	ram-5	24.21	5.84509363820112	0	FALSE
PRG1	ran-1	23.622	14.1016485172105	0	FALSE
PRG1	ran-2	23.656	7.40407474536446	1	TRUE
PRG1	ran-3	20.612	1.31323655142368	0	FALSE
PRG1	ran-4	27.642	5.4251620216658	0	FALSE
PRG1	ran-5	20.848	12.840955329315	0	FALSE
PRG1	rap-1	19.008	25.9646953235214	0	FALSE
PRG1	rap-2	24.776	13.5663932987538	0	FALSE
PRG1	rap-3	23.51	11.098317486891	0	FALSE
PRG1	rars-1	26.378	11.927451408685	0	FALSE
PRG1	rars-2	25.766	21.7415622025285	0	FALSE
PRG1	ras-1	12.246	8.13025031464831	0	FALSE
PRG1	ras-2	25.236	8.17733681748256	0	FALSE
PRG1	rba-1	23.92	11.5836251365698	0	FALSE
PRG1	rbbp-5	24.282	11.1757698114576	0	FALSE
PRG1	rbc-2	11.118	5.01450199408328	0	FALSE
PRG1	rbd-1	18.558	16.0939067625101	1	TRUE
PRG1	rbf-1	11.084	4.2257324743287	0	FALSE
PRG1	rbg-1	19.398	12.1798147851032	0	FALSE
PRG1	rbg-2	27.742	4.68640992720956	0	FALSE
PRG1	rbg-3	20.318	20.837714330497	0	FALSE
PRG1	rbm-12	21.496	13.8049517410622	1	TRUE
PRG1	rbm-17	12.71	18.094790094827	0	FALSE
PRG1	rbm-22	24.26	7.93811028030204	0	FALSE
PRG1	rbm-25	21.696	19.4596969061791	1	TRUE
PRG1	rbm-26	8.046	53.2402561271806	1	TRUE
PRG1	rbm-28	24.432	9.54314427256063	0	FALSE
PRG1	rbm-3.1	12.87	3.8643585084097	0	FALSE
PRG1	rbm-3.2	12.658	4.75861444030437	0	FALSE
PRG1	rbm-34	12.57	33.994958419933	0	FALSE
PRG1	rbm-39	15.802	4.70713336968691	1	TRUE
PRG1	rbm-42	16.55	2.72238799421603	0	FALSE
PRG1	rbm-5	11.206	6.0440486772878	0	FALSE
PRG1	rbm-7	25.044	8.61546133092814	0	FALSE
PRG1	rbmx-2	23.544	11.7236398226222	0	FALSE
PRG1	rbpl-1	10.532	4.37042712401767	0	FALSE
PRG1	rbr-2	28.146	1.41973921622877	0	FALSE
PRG1	rbx-1	12.972	3.55338176185195	0	FALSE
PRG1	rbx-2	24.28	6.5018718714208	0	FALSE
PRG1	rcan-1	22.336	3.48818633563324	0	FALSE
PRG1	rcat-1	22.136	5.47139598634638	0	FALSE
PRG1	rcd-1	17.82	31.692785523906	0	FALSE
PRG1	rcor-1	25.572	5.70169071919613	0	FALSE
PRG1	rcq-5	6.44	4.10243627752264	0	FALSE
PRG1	rcs-1	26.226	19.035793154427	0	FALSE
PRG1	rde-1	26.712	3.59772946218418	0	FALSE
PRG1	rde-10	19.74	1.84156238392032	0	FALSE
PRG1	rde-11	26.87	5.04015437889911	0	FALSE
PRG1	rde-12	9.436	83.6835610062668	0	FALSE
PRG1	rde-2	22.812	6.77210566277161	0	FALSE
PRG1	rde-3	18.856	1.21318155249155	0	FALSE
PRG1	rde-4	22.324	3.76564509648666	0	FALSE
PRG1	rde-8	21.594	13.8166931212614	0	FALSE
PRG1	rdl-1	8.488	3.71570039031488	0	FALSE
PRG1	rdy-2	24.43	4.73562831982113	0	FALSE
PRG1	rec-1	17.876	6.43206329164812	0	FALSE
PRG1	rec-8	23.806	14.1024761398268	0	FALSE
PRG1	ref-1	17.73	6.31647326974918	0	FALSE
PRG1	ref-2	23.212	10.2771561404077	0	FALSE
PRG1	rege-1	14.288	5.56210655764678	0	FALSE
PRG1	rei-1	28.614	2.05222015370754	0	FALSE
PRG1	rei-2	17.714	5.00339450812649	0	FALSE
PRG1	rep-1	21.272	21.1177492864654	0	FALSE
PRG1	repo-1	18.048	7.70839817197719	1	TRUE
PRG1	reps-1	11.668	67.2195462148786	0	FALSE
PRG1	rer-1	20.808	5.67805932317313	0	FALSE
PRG1	retr-1	24.024	15.4033352642451	0	FALSE
PRG1	rev-1	15.33	25.0064616861389	0	FALSE
PRG1	rev-3	25.646	11.2853498912223	0	FALSE
PRG1	rexd-1	17.956	17.7936302993926	0	FALSE
PRG1	rfc-1	10.232	4.9523531799192	0	FALSE
PRG1	rfc-2	24.064	14.2605489160871	0	FALSE
PRG1	rfc-3	29.242	2.14810229025231	0	FALSE
PRG1	rfc-4	27.906	2.46512271975155	0	FALSE
PRG1	rfip-1	26.068	11.5692090020369	0	FALSE
PRG1	rfip-2	22.896	20.6771957228012	0	FALSE
PRG1	rfk-1	25.464	4.11107003079388	0	FALSE
PRG1	rfl-1	20.782	2.12224143715963	0	FALSE
PRG1	rfp-1	27.724	2.79041585367706	1	TRUE
PRG1	rfs-1	28.482	5.46652141876758	0	FALSE
PRG1	rft-1	27.23	11.8054741697251	0	FALSE
PRG1	rft-2	19.784	3.10571522210357	0	FALSE
PRG1	rfth-1	20.936	4.27868060907699	0	FALSE
PRG1	rga-1	7.862	2.96310383998736	0	FALSE
PRG1	rga-2	18.77	8.85312213727345	0	FALSE
PRG1	rga-3	16.326	8.33529098354044	1	TRUE
PRG1	rga-4	4.176	5.73364078713647	2	FALSE
PRG1	rga-5	25.444	8.87636266208098	0	FALSE
PRG1	rga-6	13.978	24.9626505595414	0	FALSE
PRG1	rga-8	22.098	10.9122716437374	1	TRUE
PRG1	rga-9	15.202	13.7943332754708	0	FALSE
PRG1	rgba-1	14.01	9.16069534200335	0	FALSE
PRG1	rgef-1	18.114	5.82999065163884	0	FALSE
PRG1	rgl-1	11.248	5.67021008453735	0	FALSE
PRG1	rgr-1	28.116	9.89824085896979	0	FALSE
PRG1	rgs-1	20.692	23.4472892882005	0	FALSE
PRG1	rgs-10	14.69	5.44524332543357	0	FALSE
PRG1	rgs-11	22.872	14.3041885971384	0	FALSE
PRG1	rgs-2	24.72	5.41565297909835	0	FALSE
PRG1	rgs-3	22.834	17.1257604108183	0	FALSE
PRG1	rgs-4	10.952	5.28772268306495	0	FALSE
PRG1	rgs-5	20.94	37.3212606334093	0	FALSE
PRG1	rgs-6	18.782	6.07493972770086	0	FALSE
PRG1	rgs-7	23.794	7.91168491254249	0	FALSE
PRG1	rgs-8.1	24.444	5.34688566284507	0	FALSE
PRG1	rgs-9	28.02	3.96940576272304	0	FALSE
PRG1	rha-1	26.366	3.94005873830952	1	TRUE
PRG1	rha-2	14.36	18.9532135485027	0	FALSE
PRG1	rheb-1	23.948	13.070865439776	0	FALSE
PRG1	rhgf-1	21.452	8.31932888806091	0	FALSE
PRG1	rhgf-2	2.932	4.99749140943254	2	FALSE
PRG1	rhgf-3	20.876	21.9153298624304	0	FALSE
PRG1	rhi-1	16.85	28.6063878060642	0	FALSE
PRG1	rho-1	22.49	2.57988206854223	0	FALSE
PRG1	rhr-1	22.446	11.3024721406278	0	FALSE
PRG1	rhr-2	23.792	7.94781526811526	0	FALSE
PRG1	rhy-1	14.23	2.83196650451298	0	FALSE
PRG1	rib-1	24.684	8.92795456343159	0	FALSE
PRG1	rib-2	28.634	3.99722504614018	0	FALSE
PRG1	ribo-1	28.464	0.560244045465869	0	FALSE
PRG1	ric-19	22.828	9.05999922500334	0	FALSE
PRG1	ric-3	18.298	10.9059054395015	0	FALSE
PRG1	ric-4	21.588	7.9932955892885	0	FALSE
PRG1	ric-7	18.686	3.89650148678318	0	FALSE
PRG1	ric-8	21.43	8.36404373579466	1	TRUE
PRG1	rict-1	17.516	6.59806022006162	0	FALSE
PRG1	rif-1.1	21.63	8.29199221703492	0	FALSE
PRG1	rif-1.2	22.66	5.20909662104252	0	FALSE
PRG1	rig-1	15.218	4.82329830938879	0	FALSE
PRG1	rig-3	14.548	10.6037538552627	0	FALSE
PRG1	rig-5	14.094	2.9530940972963	0	FALSE
PRG1	rig-6	26.708	3.69001914817621	0	FALSE
PRG1	rike-1	26.008	6.18750063313488	0	FALSE
PRG1	ril-1	23.214	23.7765221837688	0	FALSE
PRG1	ril-2	15.104	13.1284566089459	0	FALSE
PRG1	rilp-1	22.494	20.941172773481	0	FALSE
PRG1	rimb-1	17.284	21.7036013548981	0	FALSE
PRG1	rin-1	21.578	15.3301531507284	0	FALSE
PRG1	riok-1	17.016	25.668178971769	0	FALSE
PRG1	riok-2	3.682	1.25050129638472	2	FALSE
PRG1	riok-3	12.236	4.28403579884193	0	FALSE
PRG1	rip-1	20.318	20.9621647129151	0	FALSE
PRG1	rips-1	29.528	2.09688701457413	0	FALSE
PRG1	rla-0	13.816	3.59524635633655	0	FALSE
PRG1	rlbp-1	22.562	10.1621598894867	0	FALSE
PRG1	rle-1	15.674	8.3172199495472	1	TRUE
PRG1	rmd-1	27.936	3.98323967386283	0	FALSE
PRG1	rmd-2	17.95	6.4718737523944	0	FALSE
PRG1	rmd-3	27.644	4.22538988175704	0	FALSE
PRG1	rmd-6	27.464	4.87058841332321	0	FALSE
PRG1	rme-1	23.558	10.9809161484249	0	FALSE
PRG1	rme-2	6.78	5.90154838458483	1	TRUE
PRG1	rme-4	16.244	29.0080817059038	1	TRUE
PRG1	rme-6	19.444	4.2561961018099	0	FALSE
PRG1	rmh-1	20.416	5.08020202381656	0	FALSE
PRG1	rmh-2	7.096	6.82909543979111	0	FALSE
PRG1	rmif-2	27.036	2.63011040268705	0	FALSE
PRG1	rml-1	23.692	6.46651886455147	0	FALSE
PRG1	rml-3	28.61	1.44325919762758	0	FALSE
PRG1	rml-4	29.154	1.24634467410082	0	FALSE
PRG1	rml-5	27.672	3.77896453582726	0	FALSE
PRG1	rnf-1	19.918	4.57691739916947	0	FALSE
PRG1	rnf-113	18.27	12.2460500664984	0	FALSE
PRG1	rnf-121	19.236	3.51733423383041	0	FALSE
PRG1	rnf-126	23.226	12.4162408908017	0	FALSE
PRG1	rnf-145	23.034	8.96448789528524	0	FALSE
PRG1	rnf-5	14.25	4.82708068195739	0	FALSE
PRG1	rnh-1.0	4.75	5.25894568286181	2	FALSE
PRG1	rnh-1.1	12.74	2.32185234815526	0	FALSE
PRG1	rnh-1.2	26.344	3.77027849164411	0	FALSE
PRG1	rnh-1.3	27.612	6.02541198762834	0	FALSE
PRG1	rnh-2	23.76	17.0690021080581	0	FALSE
PRG1	rnp-1	3.736	3.43093044842919	2	FALSE
PRG1	rnp-2	25.05	9.05637896337643	0	FALSE
PRG1	rnp-3	14.418	4.32455426549808	1	TRUE
PRG1	rnp-4	23.222	3.26245835026454	0	FALSE
PRG1	rnp-5	21.848	10.2916797142544	0	FALSE
PRG1	rnp-6	23.032	8.75639186153445	0	FALSE
PRG1	rnp-7	22.596	6.43600588834315	0	FALSE
PRG1	rnp-8	9.626	5.54430364910909	1	TRUE
PRG1	rnp-9	18.224	41.3290235150687	0	FALSE
PRG1	rnr-1	28.34	2.84362952408035	0	FALSE
PRG1	rnr-2	21.982	16.7943622903885	0	FALSE
PRG1	rnst-2	27.198	3.67870746732854	0	FALSE
PRG1	rnt-1	20.404	7.77651385543333	0	FALSE
PRG1	rocf-1	24.266	5.8951511947545	0	FALSE
PRG1	rod-1	30.128	1.29179324743731	0	FALSE
PRG1	rog-1	19.914	12.5436132734591	0	FALSE
PRG1	rol-1	10.004	3.816588082792	0	FALSE
PRG1	rol-6	11.86	34.8752103441069	0	FALSE
PRG1	rol-8	7.086	0.802047543798071	0	FALSE
PRG1	rom-1	4.452	5.14762857524932	2	FALSE
PRG1	rom-2	26.668	6.36007334632051	0	FALSE
PRG1	rom-3	23.652	5.71335014099285	0	FALSE
PRG1	rom-4	20.072	3.68662679081356	0	FALSE
PRG1	rom-5	28.52	4.52708114209801	0	FALSE
PRG1	romo-1	10.932	5.93789047978962	0	FALSE
PRG1	rop-1	24.782	6.00805307424554	0	FALSE
PRG1	rotr-1	22.418	15.8747827168737	0	FALSE
PRG1	row-1	12.892	44.8887056042458	0	FALSE
PRG1	rpa-1	17.754	32.9500707186365	0	FALSE
PRG1	rpa-2	24.364	12.3213731203041	0	FALSE
PRG1	rpa-4	23.16	11.759655890094	0	FALSE
PRG1	rpac-19	13.472	3.46709260479332	1	TRUE
PRG1	rpac-40	28.346	3.60863166733847	0	FALSE
PRG1	rpap-2	5.482	5.24011210777665	0	FALSE
PRG1	rpap-3	20.998	22.988195150775	0	FALSE
PRG1	rpb-10	23.652	5.45296975806629	0	FALSE
PRG1	rpb-11	25.882	4.69349966566511	0	FALSE
PRG1	rpb-12	25.876	3.73543671917201	0	FALSE
PRG1	rpb-2	25.684	9.6922729030945	0	FALSE
PRG1	rpb-3	23.57	16.0462562148076	1	TRUE
PRG1	rpb-4	13.998	2.01768705115459	0	FALSE
PRG1	rpb-5	23.518	15.9671703282612	0	FALSE
PRG1	rpb-6	13.884	1.13494222693333	0	FALSE
PRG1	rpb-7	21.85	3.45757427862856	0	FALSE
PRG1	rpb-8	5.038	4.29494435503526	0	FALSE
PRG1	rpb-9	22.386	8.72971439840518	0	FALSE
PRG1	rpc-1	30.262	0.591307022561329	0	FALSE
PRG1	rpc-11	19.338	11.0538064227212	0	FALSE
PRG1	rpc-2	26.242	10.4703871140747	1	TRUE
PRG1	rpc-25	13.092	4.44969995768402	0	FALSE
PRG1	rpi-1	14.036	10.9700055550335	0	FALSE
PRG1	rpi-2	27.236	4.88962940229616	0	FALSE
PRG1	rpia-1	27.404	5.62935981518659	0	FALSE
PRG1	rpl-1	23.536	8.90055286502107	0	FALSE
PRG1	rpl-10L	25.966	9.73401514162862	0	FALSE
PRG1	rpl-11.1	26	5.48309667181111	0	FALSE
PRG1	rpl-11.2	21.434	16.0119817042944	0	FALSE
PRG1	rpl-12	24.834	4.05978226660885	0	FALSE
PRG1	rpl-13	29.056	5.8360546329563	0	FALSE
PRG1	rpl-13A	30.108	1.32717977642176	0	FALSE
PRG1	rpl-14	12.554	4.5545477849288	0	FALSE
PRG1	rpl-15	30.426	0.835549564199151	0	FALSE
PRG1	rpl-17	25.716	5.22970812372269	0	FALSE
PRG1	rpl-18	25.878	4.52859069292624	0	FALSE
PRG1	rpl-18A	21.176	2.60598020777044	0	FALSE
PRG1	rpl-19	30.14	1.5625629514687	0	FALSE
PRG1	rpl-2	28.024	4.85911897380443	0	FALSE
PRG1	rpl-21	29.91	1.0564711005901	0	FALSE
PRG1	rpl-22	24.75	4.00632089090603	0	FALSE
PRG1	rpl-23	21.19	5.51592352763518	0	FALSE
PRG1	rpl-23A.1	28.574	1.37662680723707	0	FALSE
PRG1	rpl-24.1	29.234	1.88674312468249	0	FALSE
PRG1	rpl-24.2	29.568	0.422009625468454	0	FALSE
PRG1	rpl-25.2	27.074	4.11553391099414	0	FALSE
PRG1	rpl-26	20.658	42.0231884471176	0	FALSE
PRG1	rpl-27	26.978	8.17811181438454	0	FALSE
PRG1	rpl-27a	30.13	1.28048733646601	0	FALSE
PRG1	rpl-28	27.158	5.07265640452482	0	FALSE
PRG1	rpl-29	22.608	8.11158659739829	0	FALSE
PRG1	rpl-3	29.652	2.25165281654251	0	FALSE
PRG1	rpl-30	24.098	1.24850783641078	0	FALSE
PRG1	rpl-31	7.534	8.85907726906411	0	FALSE
PRG1	rpl-32	28.298	8.82749029104529	0	FALSE
PRG1	rpl-34	29.612	2.6028615622737	0	FALSE
PRG1	rpl-35	19.768	15.5958149562721	0	FALSE
PRG1	rpl-35A	18.912	0.984553820172427	0	FALSE
PRG1	rpl-36	18.508	2.76624466157085	0	FALSE
PRG1	rpl-36A	22.432	8.560094999837	0	FALSE
PRG1	rpl-37.1	29.68	1.90401148464366	0	FALSE
PRG1	rpl-37.2	29.696	2.42697643735533	0	FALSE
PRG1	rpl-37A	14.734	12.1034338105361	0	FALSE
PRG1	rpl-38	19.45	14.6133501625675	0	FALSE
PRG1	rpl-39	10.778	12.8622863836268	0	FALSE
PRG1	rpl-4	29.984	2.45698409405414	0	FALSE
PRG1	rpl-41.2	19.99	13.8631576162254	0	FALSE
PRG1	rpl-42	24.784	9.51250511200805	0	FALSE
PRG1	rpl-5	24.998	9.73103644455255	0	FALSE
PRG1	rpl-6	10.192	5.15198654234385	0	FALSE
PRG1	rpl-7	22.064	6.65615932648284	0	FALSE
PRG1	rpl-7A	27.514	4.85596009486383	0	FALSE
PRG1	rpl-9	27.386	3.42546973593126	0	FALSE
PRG1	rplp-1	19.524	3.30939829192789	0	FALSE
PRG1	rplp-2.2	20.618	4.00031438753943	0	FALSE
PRG1	rpn-1	28.608	2.20763966994588	0	FALSE
PRG1	rpn-10	19.856	7.98954845026895	0	FALSE
PRG1	rpn-11	19.78	10.6360266669017	1	TRUE
PRG1	rpn-12	18.316	6.65363405411711	0	FALSE
PRG1	rpn-13	18.814	7.94852977122416	0	FALSE
PRG1	rpn-2	28.406	5.22694492299395	0	FALSE
PRG1	rpn-3	25.418	11.0688840083602	0	FALSE
PRG1	rpn-5	18.642	31.3584951465264	1	TRUE
PRG1	rpn-6.1	29.192	1.92007638231007	0	FALSE
PRG1	rpn-6.2	28.938	3.18065651782439	0	FALSE
PRG1	rpn-7	20.086	24.0486507553048	0	FALSE
PRG1	rpn-8	28.95	3.93820256943039	0	FALSE
PRG1	rpn-9	28.87	2.42429112899859	0	FALSE
PRG1	rpoa-1	28.884	5.85920950050103	1	TRUE
PRG1	rpoa-12	20.174	1.26307949541379	0	FALSE
PRG1	rpoa-2	28.272	1.92102223620298	1	TRUE
PRG1	rpoa-49	20.706	14.819208994991	0	FALSE
PRG1	rpom-1	26.098	2.70256545415946	0	FALSE
PRG1	rps-0	13.704	3.41978246264774	0	FALSE
PRG1	rps-10	4.48	1.84742693719273	2	FALSE
PRG1	rps-11	28.436	1.59119072142862	0	FALSE
PRG1	rps-12	7.072	3.48292999503291	0	FALSE
PRG1	rps-13	24.176	8.65624033458717	0	FALSE
PRG1	rps-14	14.256	1.53729992724039	0	FALSE
PRG1	rps-15	27.566	4.60416737184034	0	FALSE
PRG1	rps-15a	18.324	3.87596789099237	0	FALSE
PRG1	rps-16	11.936	4.80280322164079	0	FALSE
PRG1	rps-17	20.846	20.1294844172374	0	FALSE
PRG1	rps-18	26.85	4.04941235182573	0	FALSE
PRG1	rps-19	29.276	3.13624351530231	0	FALSE
PRG1	rps-2	26.174	8.00732157321405	0	FALSE
PRG1	rps-20	20.606	22.8572810710104	0	FALSE
PRG1	rps-21	17.004	18.8694633117176	1	TRUE
PRG1	rps-23	14.8	3.88645688444916	1	TRUE
PRG1	rps-24	22.896	4.09209392108577	0	FALSE
PRG1	rps-25	17.628	16.1345550266689	0	FALSE
PRG1	rps-26	23.088	2.27615554093487	0	FALSE
PRG1	rps-27	12.712	3.57059676537228	0	FALSE
PRG1	rps-27A	19.426	4.52336703750979	0	FALSE
PRG1	rps-28	21.69	17.4544115120426	0	FALSE
PRG1	rps-29	22.542	5.88133916032397	0	FALSE
PRG1	rps-3	24.48	9.11707602400444	0	FALSE
PRG1	rps-3A	5.358	22.4703272159444	0	FALSE
PRG1	rps-4	25.988	12.5830364388823	0	FALSE
PRG1	rps-5	22.27	25.6302587235315	0	FALSE
PRG1	rps-6	27.242	11.4052841875954	0	FALSE
PRG1	rps-7	23.38	21.6457258010941	1	TRUE
PRG1	rps-8	29.818	1.55040111610427	0	FALSE
PRG1	rps-9	20.474	8.08328269436742	0	FALSE
PRG1	rpt-1	19.932	11.8892313434891	0	FALSE
PRG1	rpt-2	9.906	4.09969459971293	0	FALSE
PRG1	rpt-3	22.906	9.66177747047522	0	FALSE
PRG1	rpt-4	27.102	5.97442280325384	0	FALSE
PRG1	rpt-5	27.098	4.05979304903363	0	FALSE
PRG1	rpt-6	24.75	10.3096829383625	0	FALSE
PRG1	rpy-1	19.61	4.88762014360753	0	FALSE
PRG1	rrbs-1	26.502	7.41525001240259	0	FALSE
PRG1	rrc-1	17.132	8.75354090220102	0	FALSE
PRG1	rrf-1	20.76	12.4561854393848	0	FALSE
PRG1	rrf-2	10.906	9.77389417682481	0	FALSE
PRG1	rrf-3	23.638	3.37675763783271	0	FALSE
PRG1	rrp-1	19.484	2.06594899417156	0	FALSE
PRG1	rsa-1	14.486	29.3157441821971	0	FALSE
PRG1	rsa-2	19.89	12.2724668181756	1	TRUE
PRG1	rsbp-1	24.998	13.6397538713509	0	FALSE
PRG1	rsd-2	14.2	2.35521007157614	1	TRUE
PRG1	rsd-3	17.67	5.06705769060152	0	FALSE
PRG1	rsd-6	12.362	7.24735902832228	1	TRUE
PRG1	rsef-1	20.186	11.5481056099765	0	FALSE
PRG1	rsf-1	7.024	2.35146045809369	0	FALSE
PRG1	rskd-1	25.098	9.94461964717491	0	FALSE
PRG1	rskn-1	16.214	5.27900630240995	0	FALSE
PRG1	rskn-2	25.102	7.68250784260912	0	FALSE
PRG1	rsks-1	18.724	1.76470823581933	0	FALSE
PRG1	rsp-1	24.426	9.11522056384197	0	FALSE
PRG1	rsp-2	22.418	5.08435805114601	0	FALSE
PRG1	rsp-3	20.68	12.2443114829595	0	FALSE
PRG1	rsp-4	28.624	3.52847295612553	0	FALSE
PRG1	rsp-5	26.1	18.854487492243	0	FALSE
PRG1	rsp-6	21.212	25.3244257834601	0	FALSE
PRG1	rsp-7	23.626	3.7795706651387	0	FALSE
PRG1	rsp-8	11.158	7.92542522841807	0	FALSE
PRG1	rsr-1	13.156	45.7831599333484	0	FALSE
PRG1	rsr-2	21.448	13.0242555057118	0	FALSE
PRG1	rsu-1	13.182	18.9316497887511	0	FALSE
PRG1	rsy-1	7.662	7.43152174808223	0	FALSE
PRG1	rtcb-1	23.878	12.1350082942739	0	FALSE
PRG1	rtel-1	16.86	31.734016182683	0	FALSE
PRG1	rtfo-1	10.902	5.88494023203665	0	FALSE
PRG1	rund-1	22.666	11.3645725737185	1	TRUE
PRG1	ruvb-1	17.182	24.4360571482189	0	FALSE
PRG1	ruvb-2	13.626	5.14211045659954	0	FALSE
PRG1	sac-2	15.316	9.53481781878369	0	FALSE
PRG1	sacm-1l	24.758	5.27101576981089	0	FALSE
PRG1	sacy-1	19.836	8.9177282456842	1	TRUE
PRG1	sad-1	20.256	5.76895212086721	0	FALSE
PRG1	saeg-1	23.368	11.9619837929659	0	FALSE
PRG1	saeg-2	7.832	4.94787719010903	0	FALSE
PRG1	sago-1	28.656	1.74633520121037	1	TRUE
PRG1	sago-2	27.802	2.35153464189517	0	FALSE
PRG1	sahd-1	25.64	4.86449684227474	0	FALSE
PRG1	sam-10	20.672	11.2426180783117	0	FALSE
PRG1	sam-4	22.25	14.768644641175	0	FALSE
PRG1	samp-1	9.526	6.25756487415333	0	FALSE
PRG1	sams-1	26.566	12.2778059846145	0	FALSE
PRG1	sams-3	24.904	10.0274834621887	0	FALSE
PRG1	sams-4	25.712	8.74318622507495	0	FALSE
PRG1	sams-5	26.854	6.39723852408997	0	FALSE
PRG1	samt-1	3.568	1.57799195742817	2	FALSE
PRG1	san-1	16.18	8.60695594418205	1	TRUE
PRG1	sand-1	25.852	6.82836022390331	0	FALSE
PRG1	sao-1	15.6	3.66142937781919	1	TRUE
PRG1	sap-140	14.012	6.47507254585136	0	FALSE
PRG1	sap-49	18.06	3.98863310375459	0	FALSE
PRG1	saps-1	17.474	4.31655308370814	0	FALSE
PRG1	sar-1	22.68	10.4899823258944	0	FALSE
PRG1	sars-1	6.356	2.61993819457109	0	FALSE
PRG1	sars-2	29.312	3.72364923848821	0	FALSE
PRG1	sart-3	20.146	22.3188042017914	0	FALSE
PRG1	sas-1	27.684	2.48252668080602	0	FALSE
PRG1	sas-4	9.868	60.5758252640494	0	FALSE
PRG1	sas-5	18.258	15.9878022160447	0	FALSE
PRG1	sas-6	24.52	9.79968876118575	0	FALSE
PRG1	sas-7	15.31	21.292721378709	0	FALSE
PRG1	sav-1	10.868	3.53766715309486	0	FALSE
PRG1	sax-1	23.906	4.77844611102255	0	FALSE
PRG1	sax-3	24.014	5.33693789397396	0	FALSE
PRG1	sax-7	16.108	10.2691355283314	0	FALSE
PRG1	sbds-1	25.508	10.4338988246196	0	FALSE
PRG1	sbp-1	21.41	4.97699655379875	0	FALSE
PRG1	sbsp-1	6.74	5.15778732812127	0	FALSE
PRG1	sbt-1	15.518	8.67560291285753	0	FALSE
PRG1	sca-1	27.492	4.10645428300177	0	FALSE
PRG1	scav-2	23.784	3.56846018126706	0	FALSE
PRG1	scav-3	26.77	1.51000246032183	0	FALSE
PRG1	scav-4	22.446	1.16115941715961	0	FALSE
PRG1	scav-6	23.412	4.11239028106527	0	FALSE
PRG1	scbp-2	22.068	26.742444647757	0	FALSE
PRG1	scc-1	12.556	7.24394185217096	0	FALSE
PRG1	scc-2	19.374	4.73466984727936	0	FALSE
PRG1	scc-3	24.25	18.0604198459566	0	FALSE
PRG1	scd-1	20.226	5.57554666826055	0	FALSE
PRG1	scd-2	6.552	1.11844145058371	0	FALSE
PRG1	scl-1	26.344	5.88189240014456	0	FALSE
PRG1	scl-10	27.98	2.37488308573768	0	FALSE
PRG1	scl-11	26.224	11.5599193075135	0	FALSE
PRG1	scl-12	27.446	3.31225662938626	0	FALSE
PRG1	scl-13	26.07	7.55273190142666	0	FALSE
PRG1	scl-14	28.018	3.67641605674931	0	FALSE
PRG1	scl-15	27.582	5.97690841419168	0	FALSE
PRG1	scl-17	26.06	11.1851493107166	0	FALSE
PRG1	scl-18	26.792	12.3714890774354	0	FALSE
PRG1	scl-19	18.21	2.90348644261419	0	FALSE
PRG1	scl-2	27.954	5.2943880776555	0	FALSE
PRG1	scl-20	26.126	2.02512483463078	0	FALSE
PRG1	scl-21	26.806	2.14959503069274	0	FALSE
PRG1	scl-23	21.058	6.91575983682199	0	FALSE
PRG1	scl-24	27.504	5.19387621251039	0	FALSE
PRG1	scl-25	27.466	3.98625678481493	0	FALSE
PRG1	scl-26	19.312	11.2112979618491	0	FALSE
PRG1	scl-27	28.496	2.9358096215041	0	FALSE
PRG1	scl-3	15.464	2.36876541068701	0	FALSE
PRG1	scl-5	27.812	4.41782788117262	0	FALSE
PRG1	scl-6	24.554	6.13929111816844	0	FALSE
PRG1	scl-7	28.476	4.8729339154452	0	FALSE
PRG1	scl-8	26.896	17.9862432090242	0	FALSE
PRG1	scl-9	28.948	1.41494183802944	0	FALSE
PRG1	scly-1	27.476	12.7217567092023	0	FALSE
PRG1	scm-1	20.896	2.59099738344165	0	FALSE
PRG1	sco-1	20.914	7.90382687230998	0	FALSE
PRG1	scp-1	23.774	3.74601860728733	0	FALSE
PRG1	scpl-1	5.434	12.6052107562957	0	FALSE
PRG1	scpl-3	21.53	4.6672697388091	0	FALSE
PRG1	scpl-4	23.64	2.2257418495899	0	FALSE
PRG1	scpr-1	6.218	8.06638055338598	0	FALSE
PRG1	scrm-1	11.006	13.4110330053568	0	FALSE
PRG1	scrm-2	22.602	7.58401144796268	0	FALSE
PRG1	scrm-3	20.062	21.6845995043224	0	FALSE
PRG1	scrm-4	21.88	7.79213598231898	0	FALSE
PRG1	scrm-5	17.416	3.26644966764916	0	FALSE
PRG1	scrm-6	21.83	7.18098783915717	0	FALSE
PRG1	scrm-7	21.74	9.18467044652828	0	FALSE
PRG1	scrm-8	11.176	68.2572686312747	0	FALSE
PRG1	scrt-1	16.42	27.6632562894818	0	FALSE
PRG1	scvp-1	23.26	11.0293795637718	0	FALSE
PRG1	scyl-1	12.956	4.05698857174738	0	FALSE
PRG1	sdc-1	4.868	5.54718641119808	2	FALSE
PRG1	sdc-3	25.414	6.82020105763278	0	FALSE
PRG1	sde-2	2.158	3.16670056779794	2	FALSE
PRG1	sdf-9	28	4.47669703314068	0	FALSE
PRG1	sdha-1	26.556	5.52878225727349	0	FALSE
PRG1	sdha-2	24.19	10.5747275036381	0	FALSE
PRG1	sdhb-1	21.84	1.78307073980044	0	FALSE
PRG1	sdhd-1	17.686	4.35420338662024	0	FALSE
PRG1	sdn-1	14.91	31.6018877660893	0	FALSE
PRG1	sdpn-1	15.48	23.9094896521086	0	FALSE
PRG1	sds-22	25.18	5.20481490878662	1	TRUE
PRG1	sdz-1	24.014	8.18040058477556	0	FALSE
PRG1	sdz-10	24.928	15.8772494626761	0	FALSE
PRG1	sdz-11	26.614	8.56760355556851	0	FALSE
PRG1	sdz-12	19.682	1.609654746662	0	FALSE
PRG1	sdz-13	19.264	32.0052273893502	0	FALSE
PRG1	sdz-14	18.836	11.6062669597533	0	FALSE
PRG1	sdz-15	27.89	2.30618554763514	0	FALSE
PRG1	sdz-16	16.648	2.1183404049036	0	FALSE
PRG1	sdz-18	20.044	28.6831273075497	0	FALSE
PRG1	sdz-19	22.938	5.58361365450039	0	FALSE
PRG1	sdz-20	22.618	14.0505723944275	0	FALSE
PRG1	sdz-21	23.288	10.5270715011271	0	FALSE
PRG1	sdz-23	24.146	5.39510080405438	0	FALSE
PRG1	sdz-24	26.184	2.96955173467107	0	FALSE
PRG1	sdz-25	8.966	6.26401463105321	0	FALSE
PRG1	sdz-26	20.962	9.35240663397599	0	FALSE
PRG1	sdz-27	18.096	13.0586734277174	0	FALSE
PRG1	sdz-28	26.708	7.61584661618772	0	FALSE
PRG1	sdz-30	23.682	18.965574656025	1	TRUE
PRG1	sdz-31	21.99	5.6385600373629	0	FALSE
PRG1	sdz-32	19.84	13.6268269385136	0	FALSE
PRG1	sdz-33	26.34	5.7056337609338	0	FALSE
PRG1	sdz-35	23.106	13.0482753115384	0	FALSE
PRG1	sdz-36	18.936	1.61419102955981	0	FALSE
PRG1	sdz-37	20.238	6.20945846108746	0	FALSE
PRG1	sdz-38	18.958	17.8014519110086	0	FALSE
PRG1	sdz-4	23.396	2.93954271772995	0	FALSE
PRG1	sdz-5	25.852	2.77949134975588	0	FALSE
PRG1	sdz-6	20.44	9.96296820453059	0	FALSE
PRG1	sdz-7	5.688	7.60603872897909	0	FALSE
PRG1	sdz-8	17.042	6.71522206300091	1	TRUE
PRG1	sdz-9	23.938	6.20183064856818	0	FALSE
PRG1	sea-1	3.914	5.76022215910188	2	FALSE
PRG1	sea-2	17.068	15.2698379144893	0	FALSE
PRG1	seb-2	22.742	6.81788098048162	0	FALSE
PRG1	seb-3	16.292	3.12265866884156	0	FALSE
PRG1	sec-10	27.162	7.01472595794146	1	TRUE
PRG1	sec-11	25.538	10.7016858170731	0	FALSE
PRG1	sec-12	26.758	5.82664132171741	0	FALSE
PRG1	sec-15	5.478	1.98046058490187	0	FALSE
PRG1	sec-16A.1	17.798	7.52090197011767	0	FALSE
PRG1	sec-16a.2	22.956	6.42017240830495	0	FALSE
PRG1	sec-20	27.306	2.17239705693907	0	FALSE
PRG1	sec-22	25.138	3.51234232441017	0	FALSE
PRG1	sec-23	28.016	8.08132038827558	0	FALSE
PRG1	sec-24.1	27.42	6.00195812183475	0	FALSE
PRG1	sec-24.2	27.586	3.24106624115658	0	FALSE
PRG1	sec-3	26.488	12.4370428358416	1	TRUE
PRG1	sec-31	11.986	50.1311279923041	0	FALSE
PRG1	sec-5	29.146	2.13558893847175	0	FALSE
PRG1	sec-6	28.436	2.7994099029045	0	FALSE
PRG1	sec-61.G	26.196	10.4370737082221	0	FALSE
PRG1	sec-61.a	12.352	0.762473100904864	0	FALSE
PRG1	sec-61.b	24.358	5.90934879798729	0	FALSE
PRG1	sec-8	27.214	4.46870235634192	0	FALSE
PRG1	secs-1	22.098	9.42942995577374	0	FALSE
PRG1	sedl-1	20.692	16.7235821243971	0	FALSE
PRG1	seip-1	26.96	2.18496683605685	0	FALSE
PRG1	sek-1	24.238	15.4885183771263	0	FALSE
PRG1	sek-3	23.758	2.93830747373684	0	FALSE
PRG1	sek-4	24.084	13.2935943893446	0	FALSE
PRG1	sek-5	26.004	3.66122971147009	0	FALSE
PRG1	sek-6	21.118	2.28533886377765	0	FALSE
PRG1	sel-1	28.11	4.44788318750849	0	FALSE
PRG1	sel-10	20.32	9.93759444981867	0	FALSE
PRG1	sel-11	5.382	7.95321542193823	0	FALSE
PRG1	sel-12	24.406	1.52474395594403	0	FALSE
PRG1	sel-13	17.456	3.18125416890748	0	FALSE
PRG1	sel-15	12.578	3.58005962845136	0	FALSE
PRG1	sel-5	14.86	5.49534886601764	1	TRUE
PRG1	sel-7	22.644	7.63811646496905	0	FALSE
PRG1	sel-8	7.226	5.72653568145382	0	FALSE
PRG1	sel-9	26.126	10.5536647095478	0	FALSE
PRG1	seld-1	19.428	3.95304403864998	0	FALSE
PRG1	selt-1.1	20.78	17.2181874450388	0	FALSE
PRG1	selt-1.2	22.466	8.19865278841428	0	FALSE
PRG1	sem-2	15.138	8.18376499810562	0	FALSE
PRG1	sem-4	14.958	39.5450710719107	0	FALSE
PRG1	sem-5	24.056	2.95533755714032	0	FALSE
PRG1	semi-1	27.088	4.86176469576651	0	FALSE
PRG1	semo-1	28.554	1.21433767247599	0	FALSE
PRG1	sep-1	28.068	2.2577152290082	0	FALSE
PRG1	sepa-1	27.456	3.08476603850918	1	TRUE
PRG1	ser-1	23.574	2.53199266149617	0	FALSE
PRG1	ser-2	21.88	7.3468121745558	0	FALSE
PRG1	ser-3	20.396	13.864593468427	0	FALSE
PRG1	ser-4	15.69	7.68091043484162	0	FALSE
PRG1	ser-5	23.686	4.03203915974582	0	FALSE
PRG1	ser-6	24.398	2.39228390436746	0	FALSE
PRG1	ser-7	26.584	5.05370460690414	0	FALSE
PRG1	serp-1.1	23.712	9.50265155510579	0	FALSE
PRG1	serp-1.2	23.464	5.158649612192	0	FALSE
PRG1	serr-1	24.488	12.4173463470993	0	FALSE
PRG1	sesn-1	26.63	5.46805168377498	0	FALSE
PRG1	set-1	24.68	17.9577582219199	0	FALSE
PRG1	set-10	24.256	16.0320910833379	0	FALSE
PRG1	set-11	22.952	8.64831368418817	0	FALSE
PRG1	set-12	20.316	30.1505819666228	0	FALSE
PRG1	set-13	24.216	20.1079273358238	0	FALSE
PRG1	set-14	28.382	3.54420932861077	0	FALSE
PRG1	set-15	26.488	14.4227959711174	0	FALSE
PRG1	set-17	24.98	9.16143205089583	0	FALSE
PRG1	set-18	20.596	5.63933534334616	0	FALSE
PRG1	set-19	12.7	6.0399398144142	0	FALSE
PRG1	set-2	21.8	2.47366399315831	1	TRUE
PRG1	set-20	28.66	2.39104559651247	0	FALSE
PRG1	set-21	24.184	5.29950286300935	0	FALSE
PRG1	set-22	22.004	23.9102649002167	0	FALSE
PRG1	set-23	20.57	19.4284986277525	0	FALSE
PRG1	set-24	21.178	10.9692765856578	0	FALSE
PRG1	set-25	20.986	0.716031783332196	0	FALSE
PRG1	set-26	12.954	7.74132352170569	0	FALSE
PRG1	set-27	26.194	10.4244922921662	0	FALSE
PRG1	set-28	20.91	14.4922525826464	0	FALSE
PRG1	set-29	26.27	6.15326298584359	0	FALSE
PRG1	set-3	27.978	2.47403297728055	0	FALSE
PRG1	set-30	6.782	2.66307987670645	0	FALSE
PRG1	set-31	16.68	24.1428131392695	0	FALSE
PRG1	set-32	28.072	1.68284668474643	0	FALSE
PRG1	set-4	28.366	6.60377621757973	0	FALSE
PRG1	set-5	22.142	3.45628576643629	0	FALSE
PRG1	set-6	5.148	7.13377061413285	0	FALSE
PRG1	set-8	28.136	2.70193728412832	0	FALSE
PRG1	set-9	14.514	8.08713957995796	0	FALSE
PRG1	seu-1	10.778	3.96764724661798	0	FALSE
PRG1	sex-1	20.166	6.22868802402638	0	FALSE
PRG1	sfa-1	7.256	11.7990974572966	0	FALSE
PRG1	sfrp-1	20.03	6.2490208315266	0	FALSE
PRG1	sft-1	21.49	22.9513538330292	0	FALSE
PRG1	sft-4	18.218	29.2604192872895	0	FALSE
PRG1	sftb-1	15.6	22.0797278512561	0	FALSE
PRG1	sftb-2	18.532	4.71799995088379	1	TRUE
PRG1	sftd-3	22.368	4.34913940236601	0	FALSE
PRG1	sfxn-1.1	26.914	4.61973074998005	0	FALSE
PRG1	sfxn-1.2	29.136	2.00461062852865	0	FALSE
PRG1	sfxn-1.3	26.514	7.29150355212926	0	FALSE
PRG1	sfxn-1.4	25.596	11.0307629288677	0	FALSE
PRG1	sfxn-1.5	23.514	13.6950459115559	0	FALSE
PRG1	sfxn-2	25.906	7.5040471581468	0	FALSE
PRG1	sfxn-5	28.994	4.87947297939613	0	FALSE
PRG1	sgca-1	16.006	3.68998075764117	0	FALSE
PRG1	sgcb-1	25.978	5.33830183046765	0	FALSE
PRG1	sgk-1	21.062	20.644450111904	1	TRUE
PRG1	sgn-1	22.008	18.4370452610829	0	FALSE
PRG1	sgnh-1	18.974	29.1514973796364	0	FALSE
PRG1	sgo-1	16.212	12.5261003906686	0	FALSE
PRG1	sgt-1	28.012	6.21261856814945	0	FALSE
PRG1	shc-1	24.37	10.3628262495793	0	FALSE
PRG1	shc-2	20.13	2.48062382985522	0	FALSE
PRG1	shc-3	24.342	11.6366390887603	0	FALSE
PRG1	shk-1	25.51	1.84886732156399	0	FALSE
PRG1	shl-1	7.926	4.0985845732534	0	FALSE
PRG1	shn-1	18.664	12.0630065339406	0	FALSE
PRG1	shpk-1	27.986	6.83748519572182	0	FALSE
PRG1	shw-1	20.528	3.01601919151996	0	FALSE
PRG1	shw-3	23.54	2.56983013319216	0	FALSE
PRG1	siah-1	4.9	5.44939996849742	2	FALSE
PRG1	sid-1	23.088	6.62472394056797	0	FALSE
PRG1	sid-2	5.882	41.2873543756322	0	FALSE
PRG1	sid-3	9.902	6.44532684595682	1	TRUE
PRG1	sid-5	22.446	8.9574067470701	0	FALSE
PRG1	sig-7	20.554	20.8367372468699	0	FALSE
PRG1	simr-1	25.1	8.0177241319187	0	FALSE
PRG1	sin-3	23.902	6.90745919293017	0	FALSE
PRG1	sinh-1	22.766	1.78359915477698	0	FALSE
PRG1	sip-1	22.256	15.9227143392288	0	FALSE
PRG1	sipa-1	24.096	5.50479362513563	0	FALSE
PRG1	sir-2.1	16.142	3.33076634867579	0	FALSE
PRG1	sir-2.2	16.79	12.4705914979487	0	FALSE
PRG1	sir-2.3	24.294	9.95452681796025	0	FALSE
PRG1	sir-2.4	26.124	7.41652589876975	0	FALSE
PRG1	siss-1	20.916	6.28969743551995	0	FALSE
PRG1	ska-1	27.07	1.73722158197673	0	FALSE
PRG1	ska-3	18.278	15.1133660115741	0	FALSE
PRG1	skat-1	25.07	8.2644887667937	0	FALSE
PRG1	skih-2	26.536	5.4097893789552	0	FALSE
PRG1	skn-1	18.268	9.00214629787572	0	FALSE
PRG1	sknr-1	15.268	2.12959209456333	0	FALSE
PRG1	skpo-1	24.11	13.444326647944	0	FALSE
PRG1	skpo-2	20.488	14.745967166739	0	FALSE
PRG1	skpo-3	24.344	9.05763143236427	0	FALSE
PRG1	skpt-1	24.744	8.93431955778444	0	FALSE
PRG1	skr-1	25.63	8.95088579262871	0	FALSE
PRG1	skr-10	26.67	6.53026924058973	0	FALSE
PRG1	skr-12	26.564	7.56904716389042	0	FALSE
PRG1	skr-13	26.288	9.75748538435787	0	FALSE
PRG1	skr-14	24.492	12.6029258656984	0	FALSE
PRG1	skr-15	24.216	12.4252565711811	0	FALSE
PRG1	skr-16	24.97	7.58913334519258	0	FALSE
PRG1	skr-17	26.148	3.13312550366425	0	FALSE
PRG1	skr-18	25.644	1.63376620467455	0	FALSE
PRG1	skr-19	5.696	7.26155515130906	0	FALSE
PRG1	skr-2	18.154	2.25294027489416	0	FALSE
PRG1	skr-20	23.256	7.7692418174647	0	FALSE
PRG1	skr-21	16.862	7.33098852591505	0	FALSE
PRG1	skr-3	25.282	9.31870168161761	0	FALSE
PRG1	skr-4	26.13	3.02878977974562	0	FALSE
PRG1	skr-5	22.874	23.1669595109233	0	FALSE
PRG1	skr-6	20.834	21.8263904864636	0	FALSE
PRG1	skr-7	25.822	6.08880017087765	0	FALSE
PRG1	skr-8	24.48	12.5729096174964	0	FALSE
PRG1	skr-9	27.68	4.24644082511997	0	FALSE
PRG1	slc-17.1	3.442	1.67401049283997	2	FALSE
PRG1	slc-17.3	22.33	9.77619983690448	0	FALSE
PRG1	slc-17.4	22.982	8.06630755573677	0	FALSE
PRG1	slc-17.5	20.834	15.4311366813171	0	FALSE
PRG1	slc-17.6	15.284	2.31350310425848	0	FALSE
PRG1	slc-17.7	19.88	13.3687886526078	0	FALSE
PRG1	slc-17.8	21.584	10.0204670438025	0	FALSE
PRG1	slc-17.9	5.914	2.39309067483149	0	FALSE
PRG1	slc-25a10	25.188	9.6646887413003	0	FALSE
PRG1	slc-25a18.1	13.442	1.50764280819008	0	FALSE
PRG1	slc-25a18.2	26.854	9.43468510404688	0	FALSE
PRG1	slc-25a21	18.924	1.3978933204345	0	FALSE
PRG1	slc-25a26	30.254	0.826204788786566	0	FALSE
PRG1	slc-25a29	26.016	17.8606873381126	0	FALSE
PRG1	slc-25a32	28.092	4.74035532331171	0	FALSE
PRG1	slc-25a42	21.71	20.5271006523238	0	FALSE
PRG1	slc-25a46	14.326	5.12200122540492	0	FALSE
PRG1	slc-28.1	29.64	1.1273302595549	0	FALSE
PRG1	slc-28.2	29.668	1.10318160519491	0	FALSE
PRG1	slc-30a5	22.798	4.7915123487992	0	FALSE
PRG1	slc-30a9	24.216	8.25867194582068	0	FALSE
PRG1	slc-36.1	21.83	6.08624420965786	0	FALSE
PRG1	slc-36.2	25.52	4.25278611023335	0	FALSE
PRG1	slc-36.3	25.128	4.22781473088755	0	FALSE
PRG1	slc-36.4	16.974	1.19770125547774	0	FALSE
PRG1	slc-36.5	25.738	12.5752949709681	0	FALSE
PRG1	slc-46a	11.234	0.746351212969717	0	FALSE
PRG1	slc-5a12	28.392	1.92856514540364	0	FALSE
PRG1	slc-9b.1	12.682	2.77520660173363	0	FALSE
PRG1	slc-9b.2	19.028	7.32026409935376	0	FALSE
PRG1	slcf-1	27.214	2.87987164413985	0	FALSE
PRG1	slcf-2	25.144	5.49800418062707	0	FALSE
PRG1	slcr-46.1	24.748	10.5833359817226	0	FALSE
PRG1	slcr-46.2	11.822	14.6191068525842	0	FALSE
PRG1	slcr-46.3	18.166	1.46503942196742	0	FALSE
PRG1	sld-2	16.202	7.3685145280222	0	FALSE
PRG1	sld-5	23.166	5.10715266338316	0	FALSE
PRG1	slfl-3	19.46	10.6265865948441	0	FALSE
PRG1	slfl-4	23.56	4.90040126589449	0	FALSE
PRG1	slfl-5	21.996	5.58698924738038	0	FALSE
PRG1	sli-1	21.592	7.47043260917926	0	FALSE
PRG1	slmp-1	24.4	7.08897933816808	0	FALSE
PRG1	slo-1	20.922	2.94315941776232	0	FALSE
PRG1	slo-2	25.228	10.278316516052	0	FALSE
PRG1	slrp-1	22.742	1.92130829447716	0	FALSE
PRG1	slt-1	26.788	3.34957739711751	0	FALSE
PRG1	slx-1	17.148	18.4923468833378	0	FALSE
PRG1	sly-1	25.9	10.2473835623409	1	TRUE
PRG1	sma-10	27.956	0.512530179126687	0	FALSE
PRG1	sma-2	25.736	6.06382665619287	0	FALSE
PRG1	sma-3	23.03	13.5900665452835	0	FALSE
PRG1	sma-4	21.666	15.7949026571141	0	FALSE
PRG1	sma-5	15.454	18.607147944239	0	FALSE
PRG1	sma-6	19.528	16.664318132825	0	FALSE
PRG1	sma-9	23.888	2.75756046218873	0	FALSE
PRG1	smap-1	17.204	12.860346825091	0	FALSE
PRG1	smc-3	28.576	2.74651432506557	0	FALSE
PRG1	smc-4	26.062	4.68856148817375	0	FALSE
PRG1	smc-5	28.576	4.06391832335746	1	TRUE
PRG1	smc-6	29.068	2.26615537088085	0	FALSE
PRG1	smcl-1	28.806	2.48249803302692	0	FALSE
PRG1	smcr-8	29.186	1.89434438144701	0	FALSE
PRG1	smd-1	26.064	11.8260498861389	0	FALSE
PRG1	smex-1	13.464	29.6059287383351	0	FALSE
PRG1	smex-2	19.662	7.68663961575141	0	FALSE
PRG1	smf-1	17.058	5.97059755279446	0	FALSE
PRG1	smf-2	24.354	3.93078551630975	0	FALSE
PRG1	smf-3	16.44	17.6235871354573	0	FALSE
PRG1	smg-2	19.772	4.47586954282895	1	TRUE
PRG1	smg-3	14.668	71.1476279939307	0	FALSE
PRG1	smg-4	23.71	4.37221960749927	0	FALSE
PRG1	smg-5	26.89	6.28249827285742	0	FALSE
PRG1	smg-6	22.704	6.99857131718565	0	FALSE
PRG1	smg-7	25.168	5.00914727150346	0	FALSE
PRG1	smg-8	29.886	1.01700054776919	0	FALSE
PRG1	smg-9	26.028	10.1478480319336	0	FALSE
PRG1	smgl-1	27.802	3.24559887348558	1	TRUE
PRG1	smgl-2	27.518	2.95688945428178	0	FALSE
PRG1	smi-1	26.998	4.12568957263636	0	FALSE
PRG1	smk-1	15.822	3.20888982086904	0	FALSE
PRG1	smn-1	16.672	18.8436840772819	0	FALSE
PRG1	smo-1	22.656	12.4445919590439	0	FALSE
PRG1	smoc-1	18.73	26.763846451278	0	FALSE
PRG1	smp-1	22.362	2.60338234741133	0	FALSE
PRG1	smp-2	24.7	3.35483186143541	0	FALSE
PRG1	smr-1	3.292	5.39303548509652	2	FALSE
PRG1	smrc-1	13.788	4.11534670526606	0	FALSE
PRG1	smrn-1	16.856	7.78433817354316	0	FALSE
PRG1	sms-1	18.448	1.87792187675912	0	FALSE
PRG1	sms-2	20.492	12.3432624794375	0	FALSE
PRG1	sms-3	24.006	4.59198546566144	0	FALSE
PRG1	sms-5	17.2	22.5340017107253	0	FALSE
PRG1	smu-1	27.65	2.72882356161123	0	FALSE
PRG1	smu-2	7.496	20.7190947828102	0	FALSE
PRG1	smz-1	12.424	2.421780720263	0	FALSE
PRG1	smz-2	19.196	28.4934627243991	0	FALSE
PRG1	sna-1	25.398	10.9540755220885	0	FALSE
PRG1	sna-2	24.032	12.6870244649842	0	FALSE
PRG1	sna-3	14.606	43.3679959130693	0	FALSE
PRG1	snai-1	15.224	1.05363725406136	0	FALSE
PRG1	snap-1	25.284	7.76789318840643	0	FALSE
PRG1	snap-29	8.986	3.67457056475187	0	FALSE
PRG1	snb-1	21.978	11.7563436321882	0	FALSE
PRG1	snb-2	19.74	3.30971420982867	0	FALSE
PRG1	snb-5	3.628	6.03065432189773	2	FALSE
PRG1	snb-6	25.716	10.1863022867858	0	FALSE
PRG1	snb-7	11.294	12.4899357338167	0	FALSE
PRG1	snet-1	25.682	2.68506962878404	0	FALSE
PRG1	snf-1	19.492	11.131436567383	0	FALSE
PRG1	snf-10	15.738	7.18350294909409	0	FALSE
PRG1	snf-11	9.582	2.02554382262727	0	FALSE
PRG1	snf-12	15.168	2.83084967476511	0	FALSE
PRG1	snf-2	20.748	11.1274673314073	0	FALSE
PRG1	snf-3	18.726	23.8273458526419	0	FALSE
PRG1	snf-5	15.73	1.59819517990802	0	FALSE
PRG1	snf-6	22.954	7.90682454313887	0	FALSE
PRG1	snf-7	14.492	5.29248974593449	0	FALSE
PRG1	snf-9	24.036	9.59740941634454	0	FALSE
PRG1	snfc-5	26.246	8.48852439446612	0	FALSE
PRG1	sng-1	19.784	5.28423435441579	0	FALSE
PRG1	snn-1	20.722	10.985821517789	0	FALSE
PRG1	snpc-1.1	6.462	4.40075071162174	0	FALSE
PRG1	snpc-1.2	21.062	8.64659217581585	0	FALSE
PRG1	snpc-1.3	20.982	4.32595962516836	0	FALSE
PRG1	snpc-1.4	14.926	17.9299541282035	0	FALSE
PRG1	snpc-3.1	17.972	2.09431757402026	0	FALSE
PRG1	snpc-3.2	13.512	3.90824032796218	0	FALSE
PRG1	snpc-3.4	13.052	18.3114019621265	0	FALSE
PRG1	snpc-4	27.676	8.37779133894029	0	FALSE
PRG1	snpn-1	21.994	24.7591753740156	0	FALSE
PRG1	snr-1	23.562	5.43839136075573	0	FALSE
PRG1	snr-2	18.65	33.6841479896342	0	FALSE
PRG1	snr-3	19.144	3.58578115123236	0	FALSE
PRG1	snr-4	25.12	1.90937610709402	0	FALSE
PRG1	snr-5	18.972	10.6578584337843	0	FALSE
PRG1	snr-6	28.604	2.68791004849376	0	FALSE
PRG1	snr-7	4.304	4.69480358241287	2	FALSE
PRG1	snrp-200	23.382	11.361527144463	0	FALSE
PRG1	snrp-27	22.18	12.2031073939432	0	FALSE
PRG1	snrp-3	20.496	13.773031194146	0	FALSE
PRG1	snrp-40.1	23.908	3.29245210881346	0	FALSE
PRG1	snrp-40.2	25.102	11.5221692954794	0	FALSE
PRG1	snt-1	14.052	3.05235725473068	0	FALSE
PRG1	snt-2	22.372	2.93507671662818	0	FALSE
PRG1	snt-3	27.846	4.95202766332635	0	FALSE
PRG1	snt-4	22.788	6.16668904487133	0	FALSE
PRG1	snt-5	18.514	3.39695235236172	0	FALSE
PRG1	snt-6	17.728	3.32457711672089	0	FALSE
PRG1	snt-7	22.714	6.7251056917667	0	FALSE
PRG1	snu-13	19.258	11.6617076398672	0	FALSE
PRG1	snu-23	18.98	9.47773787259011	0	FALSE
PRG1	snu-66	26.03	10.2533297650516	0	FALSE
PRG1	snx-1	22.022	2.32528477600336	1	TRUE
PRG1	snx-13	22.758	1.12001113476094	0	FALSE
PRG1	snx-14	18.27	7.81918836493862	0	FALSE
PRG1	snx-17	16.832	24.59537617896	0	FALSE
PRG1	snx-27	23.25	13.9787923872339	0	FALSE
PRG1	snx-3	27.262	5.43390520868674	0	FALSE
PRG1	snx-6	21.622	2.09233505732221	0	FALSE
PRG1	soap-1	20.088	2.86908558547211	0	FALSE
PRG1	soc-1	14.982	2.95703979039892	0	FALSE
PRG1	soc-2	25.994	4.56069989147256	0	FALSE
PRG1	sod-1	17.882	3.23029726816544	0	FALSE
PRG1	sod-2	27.564	4.67091062902657	0	FALSE
PRG1	sod-3	27.478	7.69327597475515	0	FALSE
PRG1	sod-4	6.352	3.11179670207551	0	FALSE
PRG1	sod-5	26.81	4.4875052669947	0	FALSE
PRG1	sodh-1	27.544	5.77021828093819	0	FALSE
PRG1	sodh-2	27.432	5.53757944627532	0	FALSE
PRG1	soem-1	14.814	13.2368911343084	0	FALSE
PRG1	sol-1	20.928	16.6811650932319	0	FALSE
PRG1	sol-2	15.192	1.69194874133849	0	FALSE
PRG1	somi-1	20.422	5.15425295781533	0	FALSE
PRG1	sop-2	20.534	6.29570766545116	0	FALSE
PRG1	sop-3	11.016	33.4311435104477	0	FALSE
PRG1	sor-1	25.826	6.32544528948381	1	TRUE
PRG1	sor-3	22.7	13.7673127524947	0	FALSE
PRG1	sorb-1	19.454	8.90321065175068	0	FALSE
PRG1	sorf-1	24.682	7.55127318425066	0	FALSE
PRG1	sorf-2	29.034	1.49271056538798	0	FALSE
PRG1	sos-1	26.546	7.81644319865955	1	TRUE
PRG1	sosi-1	25.372	12.7662536426164	0	FALSE
PRG1	sox-2	11.368	3.14742106050264	0	FALSE
PRG1	sox-3	21.758	6.39014090478449	0	FALSE
PRG1	sox-4	19.112	8.80852072866763	0	FALSE
PRG1	spas-1	27.38	3.73384141628429	0	FALSE
PRG1	spat-1	6.79	9.40489251316029	0	FALSE
PRG1	spat-2	20.986	3.61386745260248	0	FALSE
PRG1	spch-1	23.404	9.46222152881747	0	FALSE
PRG1	spch-2	17.414	9.35399414188129	0	FALSE
PRG1	spch-3	23.686	11.7451496508969	0	FALSE
PRG1	spcs-1	19.714	6.1009360953059	0	FALSE
PRG1	spcs-2	27.57	2.11977799116193	0	FALSE
PRG1	spcs-3	23.162	12.9910264885479	0	FALSE
PRG1	spd-1	23.752	8.23480971247927	0	FALSE
PRG1	spd-2	9.86	61.6102596414275	0	FALSE
PRG1	spd-3	21.71	5.03602316908107	0	FALSE
PRG1	spd-5	26.242	7.85386741635166	1	TRUE
PRG1	spdl-1	24.258	9.78359141183412	1	TRUE
PRG1	spds-1	24.408	20.7636015801273	0	FALSE
PRG1	spe-10	27.21	8.79133586366272	0	FALSE
PRG1	spe-11	23.046	6.57868326783651	0	FALSE
PRG1	spe-12	19.87	15.2575048240536	0	FALSE
PRG1	spe-15	28.716	4.82950876077269	0	FALSE
PRG1	spe-17	20.464	5.8363632796211	0	FALSE
PRG1	spe-18	16.848	2.10494220801958	0	FALSE
PRG1	spe-19	21.58	13.7944187589578	0	FALSE
PRG1	spe-26	9.166	12.6800362656641	0	FALSE
PRG1	spe-27	21.952	1.81913698276526	0	FALSE
PRG1	spe-29	22.75	4.21049803281484	0	FALSE
PRG1	spe-36	25.696	7.5381492817573	0	FALSE
PRG1	spe-38	22.304	12.9815967608306	0	FALSE
PRG1	spe-39	19.018	0.625921806286799	0	FALSE
PRG1	spe-4	23.936	5.88571381052573	0	FALSE
PRG1	spe-41	26.8	8.77068093498252	0	FALSE
PRG1	spe-42	16.812	7.35904407262608	0	FALSE
PRG1	spe-43	24.662	11.5844970937553	0	FALSE
PRG1	spe-44	16.266	7.30069502167455	0	FALSE
PRG1	spe-45	18.114	14.2849300055996	0	FALSE
PRG1	spe-46	27.934	3.19046279658317	0	FALSE
PRG1	spe-47	2.452	5.53508566959985	2	FALSE
PRG1	spe-48	10.968	4.58526188032116	1	TRUE
PRG1	spe-49	18.61	36.3376898699439	0	FALSE
PRG1	spe-5	21.784	0.758895866789767	0	FALSE
PRG1	spe-51	21.578	4.05477800511037	0	FALSE
PRG1	spe-54	18.588	42.7625648536393	0	FALSE
PRG1	spe-57	27.874	1.68741814169141	0	FALSE
PRG1	spe-58	19.12	4.29252814407598	0	FALSE
PRG1	spe-6	16.528	3.19306595345083	0	FALSE
PRG1	spe-8	26.042	6.41871647194893	0	FALSE
PRG1	spe-9	26.282	1.82305241842565	0	FALSE
PRG1	spex-1	14.142	2.07028553756643	0	FALSE
PRG1	spex-2	19.824	3.26438728250791	0	FALSE
PRG1	spex-3	8.248	3.30969345278681	0	FALSE
PRG1	spg-20	26.83	2.73471256473546	0	FALSE
PRG1	spg-7	28.508	2.64499722242278	0	FALSE
PRG1	sph-1	3.228	1.85097512345596	2	FALSE
PRG1	sphk-1	27.308	4.18113260692481	0	FALSE
PRG1	sphr-1	12.716	1.27970088749972	0	FALSE
PRG1	spi-1	21.368	5.4663098800424	0	FALSE
PRG1	spi-2	26.308	5.71247269478844	0	FALSE
PRG1	spi-3	24.274	9.55424790841218	0	FALSE
PRG1	spi-4	25.63	8.32763731706023	0	FALSE
PRG1	spia-1	23.014	12.3253728099153	0	FALSE
PRG1	spig-1	20.102	23.8452517558106	0	FALSE
PRG1	spig-10	27.476	3.57598460871226	0	FALSE
PRG1	spig-11	26.478	5.1587427914196	0	FALSE
PRG1	spig-12	23.612	5.8654245391787	0	FALSE
PRG1	spig-13	18.32	5.93762529613004	0	FALSE
PRG1	spig-14	15.676	4.71813450236236	0	FALSE
PRG1	spig-15	8.986	4.23143521414528	0	FALSE
PRG1	spig-16	16.096	2.74226835393871	0	FALSE
PRG1	spig-17	14.892	2.62719321332691	0	FALSE
PRG1	spig-18	23.374	19.4618793300728	0	FALSE
PRG1	spig-20	26.52	10.4722052588535	0	FALSE
PRG1	spig-3	27.32	7.74489041763299	0	FALSE
PRG1	spig-4	24.528	3.05152664955885	0	FALSE
PRG1	spig-5	26.396	5.3129994625849	0	FALSE
PRG1	spig-6	22.198	25.7275820681017	0	FALSE
PRG1	spig-7	24.76	8.47338837961669	0	FALSE
PRG1	spig-8	23.112	9.24268548343999	0	FALSE
PRG1	spig-9	25.886	6.30906914026801	0	FALSE
PRG1	spin-1	21.578	5.55391586359917	0	FALSE
PRG1	spin-2	24.03	3.23632494302515	0	FALSE
PRG1	spin-3	23.18	5.16671061079962	0	FALSE
PRG1	spin-4	21.142	3.37525553237733	0	FALSE
PRG1	spk-1	5.922	5.82805899523417	0	FALSE
PRG1	spl-1	29.266	0.317425658784762	0	FALSE
PRG1	spl-2	29.186	1.06010638758149	0	FALSE
PRG1	spl-3	28.582	0.729461214214288	0	FALSE
PRG1	spn-4	14.422	25.8853485459021	0	FALSE
PRG1	spo-11	20.116	11.591169477512	0	FALSE
PRG1	spon-1	24.934	8.18605114356554	0	FALSE
PRG1	spop-1	18.668	30.1215110004966	0	FALSE
PRG1	spot-1	3.628	6.00540550127835	2	FALSE
PRG1	spp-1	16.228	2.24577756468865	0	FALSE
PRG1	spp-10	24.318	5.76837911526071	0	FALSE
PRG1	spp-11	29.03	2.57168023412475	0	FALSE
PRG1	spp-12	20.592	5.53169849446993	0	FALSE
PRG1	spp-13	24.216	11.5262137394632	0	FALSE
PRG1	spp-14	13.056	4.73163365600915	0	FALSE
PRG1	spp-15	15.782	2.48591049757734	0	FALSE
PRG1	spp-16	25.878	9.17857065897289	0	FALSE
PRG1	spp-17	16.938	5.48321210897894	0	FALSE
PRG1	spp-18	16.794	16.5268749200214	0	FALSE
PRG1	spp-19	13.826	3.06629358633407	0	FALSE
PRG1	spp-2	15.89	6.81941531855697	0	FALSE
PRG1	spp-20	24.81	20.7911902124984	0	FALSE
PRG1	spp-21	15.37	3.98765731094748	0	FALSE
PRG1	spp-22	25.648	12.9615374658984	0	FALSE
PRG1	spp-23	22.512	11.9003024192619	0	FALSE
PRG1	spp-24	22.044	2.99308393594418	0	FALSE
PRG1	spp-25	23.298	14.2442472107019	0	FALSE
PRG1	spp-26	13.03	54.8296118650635	0	FALSE
PRG1	spp-27	16.15	3.18208424954294	0	FALSE
PRG1	spp-28	22.798	14.4211343980869	0	FALSE
PRG1	spp-29	19.338	3.20412029324871	0	FALSE
PRG1	spp-3	15.792	5.40985495439967	0	FALSE
PRG1	spp-30	20.132	3.01702687130093	0	FALSE
PRG1	spp-4	23.39	17.0059600496177	0	FALSE
PRG1	spp-5	24.536	7.47297965323354	0	FALSE
PRG1	spp-6	21.258	7.0835858289299	0	FALSE
PRG1	spp-7	24.11	12.3115205251586	0	FALSE
PRG1	spp-8	22.03	7.08408930935004	0	FALSE
PRG1	spp-9	13.414	0.876703596270587	0	FALSE
PRG1	spr-1	20.24	6.12897198547809	0	FALSE
PRG1	spr-2	12.216	4.96606713971803	0	FALSE
PRG1	spr-3	23.042	6.58560501006838	0	FALSE
PRG1	spr-4	14.254	2.43208833857202	1	TRUE
PRG1	spr-5	17.738	4.22753405343592	0	FALSE
PRG1	sprp-4	24.326	6.04764125072482	0	FALSE
PRG1	sprr-1	24.47	8.82727716364179	0	FALSE
PRG1	sprr-2	7.656	8.3699605833139	0	FALSE
PRG1	sprr-3	2.444	2.9019023283956	2	FALSE
PRG1	spsb-1	18.086	4.57326946064286	0	FALSE
PRG1	spsb-2	24.546	11.2620630969536	0	FALSE
PRG1	spsp-1	7.736	0.916785068588269	0	FALSE
PRG1	spt-16	25.954	8.48863735708811	0	FALSE
PRG1	spt-4	19.718	1.75367153350063	0	FALSE
PRG1	spt-5	8.426	9.66228010866097	1	TRUE
PRG1	sptf-1	21.51	9.92863683878935	0	FALSE
PRG1	sptf-2	10.612	8.14103920331887	0	FALSE
PRG1	sptf-3	18.372	8.6522830030181	0	FALSE
PRG1	sptl-1	25.764	4.62109800783623	0	FALSE
PRG1	sptl-2	16.164	2.28510466961456	0	FALSE
PRG1	sptl-3	27.786	5.2285969604511	1	TRUE
PRG1	spv-1	16.47	22.8155356578164	0	FALSE
PRG1	sqd-1	12.678	4.39535584796203	0	FALSE
PRG1	sql-1	21.006	13.9248411705584	0	FALSE
PRG1	sqrd-1	28.862	3.57571300180535	0	FALSE
PRG1	sqst-1	19.068	3.54731616943192	1	TRUE
PRG1	sqst-2	22.598	6.94042513099361	0	FALSE
PRG1	sqst-3	8.714	3.43469338331652	0	FALSE
PRG1	sqst-4	25.44	2.57760948282311	0	FALSE
PRG1	sqst-5	20.932	20.1325776804872	0	FALSE
PRG1	sqt-1	17.692	12.9579742766565	0	FALSE
PRG1	sqt-2	15.84	1.36354867843783	0	FALSE
PRG1	sqt-3	10.958	5.07337693296004	0	FALSE
PRG1	sqv-1	19.936	1.92925708419677	0	FALSE
PRG1	sqv-2	17.802	2.75032070190968	0	FALSE
PRG1	sqv-3	4.57	3.37576556248173	2	FALSE
PRG1	sqv-4	26.646	6.88812593234266	0	FALSE
PRG1	sqv-5	28.01	4.51430348069424	0	FALSE
PRG1	sqv-6	28.342	1.1001383767115	0	FALSE
PRG1	sqv-7	20.91	4.25915682583735	0	FALSE
PRG1	sqv-8	26.744	8.42865083580923	0	FALSE
PRG1	sra-1	25.026	5.7697141716546	0	FALSE
PRG1	sra-10	16.668	2.15457123853786	0	FALSE
PRG1	sra-11	24.81	0.443369609028618	0	FALSE
PRG1	sra-12	17.468	8.76031379263585	0	FALSE
PRG1	sra-13	24.218	7.9799371357117	0	FALSE
PRG1	sra-14	17.9	4.26341542532713	0	FALSE
PRG1	sra-17	23.28	7.65262131062268	0	FALSE
PRG1	sra-18	23.564	7.7186080444877	0	FALSE
PRG1	sra-2	23.89	9.86796256267036	0	FALSE
PRG1	sra-20	19.054	1.89613392315317	0	FALSE
PRG1	sra-21	22.214	10.5794697083612	0	FALSE
PRG1	sra-22	23.564	6.15232752692255	0	FALSE
PRG1	sra-23	5.7	7.76798838713349	0	FALSE
PRG1	sra-24	24.886	9.13921735646516	0	FALSE
PRG1	sra-25	26.014	11.1765245319563	0	FALSE
PRG1	sra-26	22.918	8.53275038058626	0	FALSE
PRG1	sra-27	21.496	13.8829572143491	0	FALSE
PRG1	sra-28	22.674	9.99472468167838	0	FALSE
PRG1	sra-29	25.466	2.75515071610255	0	FALSE
PRG1	sra-3	25.454	1.56225202290842	0	FALSE
PRG1	sra-30	25.476	7.10101665068222	0	FALSE
PRG1	sra-31	22.976	6.64535427831204	0	FALSE
PRG1	sra-32	20.776	3.5565296238615	0	FALSE
PRG1	sra-33	18.538	7.19565370070025	0	FALSE
PRG1	sra-34	22.982	6.49947848712841	0	FALSE
PRG1	sra-35	6.48	3.59935302150945	0	FALSE
PRG1	sra-36	24.992	4.46222604719842	0	FALSE
PRG1	sra-37	23.336	2.89190752527119	0	FALSE
PRG1	sra-38	10.524	2.46834975547179	0	FALSE
PRG1	sra-39	12.318	11.5574502828525	0	FALSE
PRG1	sra-4	21.786	17.7345475752327	0	FALSE
PRG1	sra-6	17.67	22.2827723301151	0	FALSE
PRG1	sra-7	25.014	6.63999141183737	0	FALSE
PRG1	sra-8	22.1	5.57323907948915	0	FALSE
PRG1	sra-9	23.59	9.02686114960652	0	FALSE
PRG1	srab-1	17.91	4.35761356199784	0	FALSE
PRG1	srab-10	20.466	8.22418018773681	0	FALSE
PRG1	srab-11	17.452	12.1815051171532	0	FALSE
PRG1	srab-12	17.372	23.4944063571614	0	FALSE
PRG1	srab-13	22.698	11.6066071379318	0	FALSE
PRG1	srab-14	11.79	4.42761090284587	0	FALSE
PRG1	srab-16	22.356	14.2028527380075	0	FALSE
PRG1	srab-17	21.524	9.23460747093911	0	FALSE
PRG1	srab-18	12.714	3.98020667290456	0	FALSE
PRG1	srab-2	16.686	1.91383840167721	0	FALSE
PRG1	srab-20	8.2	2.52441970054688	0	FALSE
PRG1	srab-21	19.874	7.04883483087401	0	FALSE
PRG1	srab-22	22.482	11.7502395416106	0	FALSE
PRG1	srab-23	24.33	9.96968200226625	0	FALSE
PRG1	srab-24	21.186	13.11854467386	0	FALSE
PRG1	srab-25	20.922	20.8691703329612	0	FALSE
PRG1	srab-26	15.024	12.9302103880922	0	FALSE
PRG1	srab-3	24.446	7.03018189490966	0	FALSE
PRG1	srab-4	19.304	23.9733241681345	0	FALSE
PRG1	srab-6	20.452	9.0506828204407	0	FALSE
PRG1	srab-7	22.29	7.42773382452885	0	FALSE
PRG1	srab-8	20.988	4.77407582327281	0	FALSE
PRG1	srab-9	23.83	8.19838867927764	0	FALSE
PRG1	srb-1	14.128	2.34883448846942	0	FALSE
PRG1	srb-11	20.83	17.0652620243122	0	FALSE
PRG1	srb-12	14.72	12.2825823934405	0	FALSE
PRG1	srb-13	17.024	28.0941811036877	0	FALSE
PRG1	srb-15	25.46	2.34021509972761	0	FALSE
PRG1	srb-16	7.972	5.73285217451635	0	FALSE
PRG1	srb-17	10.196	7.90654521924261	0	FALSE
PRG1	srb-18	10.122	5.71320474604897	0	FALSE
PRG1	srb-19	16.752	2.11237094556745	0	FALSE
PRG1	srb-2	14.878	3.63461974886172	0	FALSE
PRG1	srb-3	14.57	1.17582990384432	0	FALSE
PRG1	srb-5	8.016	7.73282045988987	0	FALSE
PRG1	srb-6	17.158	1.96021196032898	0	FALSE
PRG1	srb-7	18.694	21.6955112259118	0	FALSE
PRG1	srbc-1	4.906	4.363624633376	2	FALSE
PRG1	srbc-10	2.264	2.80398767634344	2	FALSE
PRG1	srbc-11	9.116	2.2029761454636	0	FALSE
PRG1	srbc-12	5.338	9.70303248080098	0	FALSE
PRG1	srbc-13	19.684	2.45135445423342	0	FALSE
PRG1	srbc-14	21.052	18.3869604309565	0	FALSE
PRG1	srbc-16	7.478	3.50809926242818	0	FALSE
PRG1	srbc-17	6.288	2.72081384077518	0	FALSE
PRG1	srbc-19	6.674	2.1232232045452	0	FALSE
PRG1	srbc-2	2.152	1.24687805436791	2	FALSE
PRG1	srbc-20	6.568	5.76093358344287	0	FALSE
PRG1	srbc-21	9.542	3.99024587429903	0	FALSE
PRG1	srbc-22	23.302	4.73138029272178	0	FALSE
PRG1	srbc-23	15.9	3.97323030744329	0	FALSE
PRG1	srbc-24	12.74	25.4173530606842	0	FALSE
PRG1	srbc-25	4.18	5.08056473243907	2	FALSE
PRG1	srbc-26	3.804	6.14714906543177	2	FALSE
PRG1	srbc-27	6.484	5.36541736449872	0	FALSE
PRG1	srbc-29	9.67	6.44236530596588	0	FALSE
PRG1	srbc-3	11.254	12.6440840048936	0	FALSE
PRG1	srbc-30	3.152	7.40784206735851	2	FALSE
PRG1	srbc-31	2.716	5.80758296115769	2	FALSE
PRG1	srbc-32	10.054	5.42442244939237	0	FALSE
PRG1	srbc-33	3.33	4.6522322476966	2	FALSE
PRG1	srbc-34	8.712	7.2288537485229	0	FALSE
PRG1	srbc-36	2.422	1.44213453316045	2	FALSE
PRG1	srbc-37	29.514	5.65699242272967	0	FALSE
PRG1	srbc-38	28.91	6.6768763509424	0	FALSE
PRG1	srbc-39	29.258	0.559215950160344	0	FALSE
PRG1	srbc-40	2.94	3.41832504119758	2	FALSE
PRG1	srbc-41	8.892	5.68365876956531	0	FALSE
PRG1	srbc-42	29.524	1.53759771945385	0	FALSE
PRG1	srbc-43	27.328	6.01445451079117	0	FALSE
PRG1	srbc-44	26.946	8.29026000926691	0	FALSE
PRG1	srbc-45	24.196	1.23973658792614	0	FALSE
PRG1	srbc-48	1.722	0.757166365296476	2	FALSE
PRG1	srbc-49	17.404	1.05682219177427	0	FALSE
PRG1	srbc-5	9.886	5.24808412807312	0	FALSE
PRG1	srbc-50	4.488	1.662932990824	2	FALSE
PRG1	srbc-51	23.02	3.82263940247832	0	FALSE
PRG1	srbc-54	2.08	5.80915671807431	2	FALSE
PRG1	srbc-55	17.922	3.72933352513433	0	FALSE
PRG1	srbc-56	4.268	13.5383048087643	0	FALSE
PRG1	srbc-57	3.908	3.02443077115504	2	FALSE
PRG1	srbc-58	23.664	5.92562991650164	0	FALSE
PRG1	srbc-59	3.87	2.38930775308875	2	FALSE
PRG1	srbc-6	2.792	2.27089792036495	2	FALSE
PRG1	srbc-60	19.956	1.35325491000771	0	FALSE
PRG1	srbc-61	21.128	21.2509297393564	0	FALSE
PRG1	srbc-62	12.752	7.98497165769122	0	FALSE
PRG1	srbc-63	5.682	3.42262669131509	0	FALSE
PRG1	srbc-64	1.936	2.77198509607411	2	FALSE
PRG1	srbc-65	13.788	2.06695117446459	0	FALSE
PRG1	srbc-66	2.038	4.38051307569492	2	FALSE
PRG1	srbc-67	20.93	1.50710084047659	0	FALSE
PRG1	srbc-68	1.812	0.719558764371154	2	FALSE
PRG1	srbc-7	11.39	5.71452163516454	0	FALSE
PRG1	srbc-70	21.504	0.85406105625367	0	FALSE
PRG1	srbc-71	2.294	1.96405934194748	2	FALSE
PRG1	srbc-75	11.09	6.36171322837043	0	FALSE
PRG1	srbc-76	12.326	10.0345851642808	0	FALSE
PRG1	srbc-77	2.002	0.893533657342569	2	FALSE
PRG1	srbc-78	4.094	3.95972332763252	2	FALSE
PRG1	srbc-79	4.776	5.82250254408857	2	FALSE
PRG1	srbc-8	4.698	6.53542358555643	2	FALSE
PRG1	srbc-81	2.684	2.30577473126167	2	FALSE
PRG1	srbc-82	3.576	2.59781301174353	2	FALSE
PRG1	srbc-83	1.952	1.22308774449932	2	FALSE
PRG1	srbc-84	11.1	8.48833208064111	0	FALSE
PRG1	srbc-9	29.668	0.830230582609975	0	FALSE
PRG1	src-1	15.448	3.51067007927809	0	FALSE
PRG1	src-2	28.532	1.73682251252451	0	FALSE
PRG1	srd-1	23.784	4.78461099959919	0	FALSE
PRG1	srd-10	25.54	10.1560615907448	0	FALSE
PRG1	srd-11	13.24	9.9275000321761	0	FALSE
PRG1	srd-12	16.758	4.480523865074	0	FALSE
PRG1	srd-13	18.458	13.9445876835304	0	FALSE
PRG1	srd-15	24.79	2.7280216645523	0	FALSE
PRG1	srd-16	27.682	8.37327968731143	0	FALSE
PRG1	srd-17	19.732	2.10772664590696	0	FALSE
PRG1	srd-18	17.28	1.02791201784327	0	FALSE
PRG1	srd-19	3.794	7.18112363218164	2	FALSE
PRG1	srd-2	25.78	6.09419095969642	0	FALSE
PRG1	srd-20	3.548	7.04453192779796	2	FALSE
PRG1	srd-21	27.416	5.71539725212343	0	FALSE
PRG1	srd-23	26.048	8.34753752468656	0	FALSE
PRG1	srd-25	22.174	18.710765590398	0	FALSE
PRG1	srd-26	27.146	7.2233452655479	0	FALSE
PRG1	srd-27	26.35	3.5139732939024	0	FALSE
PRG1	srd-28	18.546	2.13600729668747	0	FALSE
PRG1	srd-29	25.64	8.64247642590907	0	FALSE
PRG1	srd-3	24.944	7.26840367217151	0	FALSE
PRG1	srd-30	26.338	2.32511491157144	0	FALSE
PRG1	srd-31	23.384	8.85151453098029	0	FALSE
PRG1	srd-32	15.918	36.1444293074372	0	FALSE
PRG1	srd-33	26.258	6.60261887029502	0	FALSE
PRG1	srd-34	27.152	19.1028554181976	0	FALSE
PRG1	srd-35	23.988	1.83292355783505	0	FALSE
PRG1	srd-36	5.13	2.99776929809546	0	FALSE
PRG1	srd-38	5.25	6.1115852217655	0	FALSE
PRG1	srd-39	26.128	6.80031546609733	0	FALSE
PRG1	srd-4	8.504	9.82668643801726	0	FALSE
PRG1	srd-40	25.656	11.0445837970529	0	FALSE
PRG1	srd-41	24.33	3.54356136083692	0	FALSE
PRG1	srd-42	22.998	8.56929449692836	0	FALSE
PRG1	srd-43	29.104	1.37837003722454	0	FALSE
PRG1	srd-44	24.24	6.22821170301293	0	FALSE
PRG1	srd-45	23.552	3.23407316948525	0	FALSE
PRG1	srd-46	8.568	2.45847194419355	0	FALSE
PRG1	srd-47	19.774	3.07397929289222	0	FALSE
PRG1	srd-48	19.656	4.08818309848983	0	FALSE
PRG1	srd-49	15.534	2.57362845065457	0	FALSE
PRG1	srd-5	24.348	15.9611277419318	0	FALSE
PRG1	srd-50	20.016	2.84302872431435	0	FALSE
PRG1	srd-51	21.328	12.8117227011616	0	FALSE
PRG1	srd-53	24.14	3.50953303556991	0	FALSE
PRG1	srd-54	25.646	9.07408514181337	0	FALSE
PRG1	srd-55	26.638	3.27112022076104	0	FALSE
PRG1	srd-56	9.708	4.06221921511866	0	FALSE
PRG1	srd-58	21.79	3.08335512294462	0	FALSE
PRG1	srd-59	25.206	7.41688460341665	0	FALSE
PRG1	srd-61	26.896	4.78641387270572	0	FALSE
PRG1	srd-63	23.276	1.41274816858768	0	FALSE
PRG1	srd-64	25.63	5.12064543979512	0	FALSE
PRG1	srd-65	27.704	3.75037659211145	0	FALSE
PRG1	srd-66	27.564	7.29954368790118	0	FALSE
PRG1	srd-67	24.508	7.51962926877661	0	FALSE
PRG1	srd-68	26.22	4.18789657705793	0	FALSE
PRG1	srd-69	25.168	6.13333820220374	0	FALSE
PRG1	srd-7	19.798	2.8069287538155	0	FALSE
PRG1	srd-70	28.372	6.93408396797441	0	FALSE
PRG1	srd-72	16.73	7.64975895156345	0	FALSE
PRG1	srd-73	8.508	12.6181810362887	0	FALSE
PRG1	srd-74	25.786	3.63729378687379	0	FALSE
PRG1	srd-8	26.086	1.8363900486173	0	FALSE
PRG1	srd-9	23.444	1.0742754299822	0	FALSE
PRG1	srdf-2.1	27.742	5.33629593216443	0	FALSE
PRG1	srdf-2.2	28.612	2.03379926625803	0	FALSE
PRG1	srdh-1	27.528	7.52752687651228	0	FALSE
PRG1	sre-1	20.51	1.46554250270006	0	FALSE
PRG1	sre-10	25.306	10.3489991124363	0	FALSE
PRG1	sre-11	24.01	5.0772886822683	0	FALSE
PRG1	sre-12	22.998	1.46115189315521	0	FALSE
PRG1	sre-13	22.13	9.80069465533635	0	FALSE
PRG1	sre-14	16.488	2.91165035861919	0	FALSE
PRG1	sre-15	18.45	14.2826912836834	0	FALSE
PRG1	sre-16	20.156	6.80156304182264	0	FALSE
PRG1	sre-18	24.45	9.73415132924336	0	FALSE
PRG1	sre-19	19.75	12.1226441109333	0	FALSE
PRG1	sre-2	23.096	1.85159643379343	0	FALSE
PRG1	sre-20	11.286	2.05575873360033	0	FALSE
PRG1	sre-21	23.076	4.66517642483795	0	FALSE
PRG1	sre-22	17.558	0.844189573202461	0	FALSE
PRG1	sre-23	22.252	11.2598322236524	0	FALSE
PRG1	sre-24	20.394	1.69028770942032	0	FALSE
PRG1	sre-26	16.046	4.00350083173159	0	FALSE
PRG1	sre-27	19.076	1.61685634252148	0	FALSE
PRG1	sre-28	19.366	1.45987267224585	0	FALSE
PRG1	sre-29	13.068	3.06062517785447	0	FALSE
PRG1	sre-3	23.916	4.28268131872282	0	FALSE
PRG1	sre-30	17.624	1.43913750561416	0	FALSE
PRG1	sre-31	21.336	14.178074072496	0	FALSE
PRG1	sre-32	12.288	5.18999048629473	0	FALSE
PRG1	sre-33	10.114	2.07114431050444	0	FALSE
PRG1	sre-34	15.57	5.39479921366715	0	FALSE
PRG1	sre-35	20.984	14.7259523909049	0	FALSE
PRG1	sre-36	22.416	13.5851495200278	0	FALSE
PRG1	sre-37	20.638	6.80592453977933	0	FALSE
PRG1	sre-38	15.91	4.55525665095242	0	FALSE
PRG1	sre-39	24.586	2.21430055838212	0	FALSE
PRG1	sre-4	15.646	4.34253858896949	0	FALSE
PRG1	sre-40	23.246	4.95844638636246	0	FALSE
PRG1	sre-41	23.594	8.17601503980453	0	FALSE
PRG1	sre-42	23.706	4.44095389368413	0	FALSE
PRG1	sre-43	23.626	8.82929039851279	0	FALSE
PRG1	sre-44	19.608	2.63978932942589	0	FALSE
PRG1	sre-45	20.654	4.06349131089272	0	FALSE
PRG1	sre-46	16.88	27.9941039370231	0	FALSE
PRG1	sre-47	23.78	9.35185239624399	0	FALSE
PRG1	sre-48	22.764	6.85599438386151	0	FALSE
PRG1	sre-49	18.666	31.6242398106252	0	FALSE
PRG1	sre-5	21.778	8.1670246552654	0	FALSE
PRG1	sre-50	25.024	2.67871171160865	0	FALSE
PRG1	sre-51	23.856	8.58384554503938	0	FALSE
PRG1	sre-52	23.532	13.9598082183456	0	FALSE
PRG1	sre-53	21.078	6.64118303886355	0	FALSE
PRG1	sre-54	8.792	2.49632222746472	0	FALSE
PRG1	sre-55	15.26	2.77714549153566	0	FALSE
PRG1	sre-56	22.796	3.53501129767758	0	FALSE
PRG1	sre-6	21.87	9.00556793534697	0	FALSE
PRG1	sre-7	13.602	2.43911183078064	0	FALSE
PRG1	sre-8	23.138	6.86667333432321	0	FALSE
PRG1	sre-9	8.458	10.6851889916997	0	FALSE
PRG1	srf-3	24.008	6.04061569510102	0	FALSE
PRG1	srg-1	10.12	7.24720021672289	0	FALSE
PRG1	srg-10	22.526	6.28924136107644	0	FALSE
PRG1	srg-11	5.878	2.31521277117441	0	FALSE
PRG1	srg-13	17.1	1.99474361412989	0	FALSE
PRG1	srg-14	20.474	4.86425037671585	0	FALSE
PRG1	srg-15	18.692	2.92741727054578	0	FALSE
PRG1	srg-16	22.688	10.9911229549897	0	FALSE
PRG1	srg-17	14.838	3.00846936632634	0	FALSE
PRG1	srg-2	20.246	3.90209911643584	0	FALSE
PRG1	srg-20	21.4	2.29899893528972	0	FALSE
PRG1	srg-21	24.354	8.57568942199237	0	FALSE
PRG1	srg-22	23.184	0.884283103688914	0	FALSE
PRG1	srg-23	21.698	3.31209545779881	0	FALSE
PRG1	srg-24	22.78	0.464574418097384	0	FALSE
PRG1	srg-25	23.834	6.7550948927718	0	FALSE
PRG1	srg-26	26.898	5.54314934640484	0	FALSE
PRG1	srg-27	2.384	4.22180793291481	2	FALSE
PRG1	srg-28	25.468	1.60252034430583	0	FALSE
PRG1	srg-29	22.488	8.05735587331563	0	FALSE
PRG1	srg-3	15.55	3.18116789865766	0	FALSE
PRG1	srg-30	16.896	3.60439854984247	0	FALSE
PRG1	srg-31	19.962	42.90957683236	0	FALSE
PRG1	srg-32	25.774	12.6808725627561	0	FALSE
PRG1	srg-33	13.71	5.68577011314205	0	FALSE
PRG1	srg-34	24.212	3.39120501804827	0	FALSE
PRG1	srg-36	23.06	9.36184857907894	0	FALSE
PRG1	srg-37	27.008	8.51234821710456	0	FALSE
PRG1	srg-38	28.016	3.24084003182165	0	FALSE
PRG1	srg-39	20.754	2.07317798373024	0	FALSE
PRG1	srg-4	21.394	13.3108929197496	0	FALSE
PRG1	srg-40	26.908	8.27846895114389	0	FALSE
PRG1	srg-41	7.834	8.60971392281862	0	FALSE
PRG1	srg-42	9.774	1.79790322377645	0	FALSE
PRG1	srg-44	18.776	2.53433433075165	0	FALSE
PRG1	srg-45	17.746	3.82367814984388	0	FALSE
PRG1	srg-46	23.702	6.22452640950377	0	FALSE
PRG1	srg-47	25.924	5.85062817847035	0	FALSE
PRG1	srg-48	27.074	9.46744747371666	0	FALSE
PRG1	srg-5	23.548	5.52695604888105	0	FALSE
PRG1	srg-50	21.844	15.446807572235	0	FALSE
PRG1	srg-51	17.858	3.17544755332535	0	FALSE
PRG1	srg-53	27.632	4.06234121563728	0	FALSE
PRG1	srg-54	4.75	2.92851110384075	2	FALSE
PRG1	srg-55	22.002	11.4281989887453	0	FALSE
PRG1	srg-56	24.138	6.4451143320771	0	FALSE
PRG1	srg-57	22.484	18.5712925735923	0	FALSE
PRG1	srg-58	16.26	11.534767845695	0	FALSE
PRG1	srg-59	20.464	17.9527171417315	0	FALSE
PRG1	srg-6	25.762	5.50155591157012	0	FALSE
PRG1	srg-60	23.156	1.80336981349429	0	FALSE
PRG1	srg-61	29.332	4.20315912289369	0	FALSE
PRG1	srg-62	15.724	6.15654254971864	0	FALSE
PRG1	srg-64	5.85	5.57458935354541	0	FALSE
PRG1	srg-65	17.986	3.23540108074494	0	FALSE
PRG1	srg-66	13.358	1.84848809710114	0	FALSE
PRG1	srg-67	4.176	5.30777973603664	2	FALSE
PRG1	srg-68	12.702	2.4350942690188	0	FALSE
PRG1	srg-69	22.806	5.61423640828208	0	FALSE
PRG1	srg-7	17.196	15.6909087289023	0	FALSE
PRG1	srg-8	21.534	3.59102658839101	0	FALSE
PRG1	srg-9	18.852	4.27486216716133	0	FALSE
PRG1	srgp-1	15.494	1.86422174806933	0	FALSE
PRG1	srh-1	26.266	11.276059320867	0	FALSE
PRG1	srh-10	22.568	8.21732741857644	0	FALSE
PRG1	srh-100	27.006	4.21385562038444	0	FALSE
PRG1	srh-102	28.532	4.30919633510672	0	FALSE
PRG1	srh-104	28.87	6.57926611104854	0	FALSE
PRG1	srh-105	26.508	7.22092885335112	0	FALSE
PRG1	srh-109	21.02	1.97617212992994	0	FALSE
PRG1	srh-11	26.606	14.2427153336802	0	FALSE
PRG1	srh-111	25.36	1.8442711882758	0	FALSE
PRG1	srh-112	22.04	2.98818962620678	0	FALSE
PRG1	srh-113	23.354	1.70542013531257	0	FALSE
PRG1	srh-115	4.16	3.49178823229181	2	FALSE
PRG1	srh-116	28.03	5.39717615671879	0	FALSE
PRG1	srh-118	9.634	4.37842532780722	0	FALSE
PRG1	srh-119	23.432	2.50221502981886	0	FALSE
PRG1	srh-120	26.266	7.70587714740176	0	FALSE
PRG1	srh-122	3.936	3.74519791901236	2	FALSE
PRG1	srh-123	25.846	7.87864775884469	0	FALSE
PRG1	srh-125	26.066	0.434549182525717	0	FALSE
PRG1	srh-127	25.6	12.1224727553055	0	FALSE
PRG1	srh-128	22.806	8.84920697657009	0	FALSE
PRG1	srh-129	12.92	4.35195182728768	0	FALSE
PRG1	srh-130	21.144	6.86894852512624	0	FALSE
PRG1	srh-131	11.194	5.86806657577597	0	FALSE
PRG1	srh-132	20.734	5.79990090769079	0	FALSE
PRG1	srh-133	18.852	4.41665801231381	0	FALSE
PRG1	srh-134	24.85	4.03439338838774	0	FALSE
PRG1	srh-135	21.344	3.5439739786891	0	FALSE
PRG1	srh-136	15.098	2.45619877711418	0	FALSE
PRG1	srh-137	18.758	3.11659548867042	0	FALSE
PRG1	srh-138	24.034	8.10713418266887	0	FALSE
PRG1	srh-139	8.646	5.5820983264512	0	FALSE
PRG1	srh-140	15.844	5.1757686129573	0	FALSE
PRG1	srh-141	22.928	6.38732666627746	0	FALSE
PRG1	srh-142	14.652	5.53128803288746	0	FALSE
PRG1	srh-145	21.804	2.2946702035031	0	FALSE
PRG1	srh-146	15.054	1.54620683469676	0	FALSE
PRG1	srh-147	13.206	48.3577762746384	0	FALSE
PRG1	srh-148	20.18	2.84471980332661	0	FALSE
PRG1	srh-149	27.04	8.73560321815034	0	FALSE
PRG1	srh-15	22.298	1.11054244501077	0	FALSE
PRG1	srh-154	16.522	6.92802576950421	0	FALSE
PRG1	srh-159	24.442	2.18845372783546	0	FALSE
PRG1	srh-16	22.792	8.92818872649798	0	FALSE
PRG1	srh-166	18.758	4.86769746598444	0	FALSE
PRG1	srh-167	18.986	2.76296228419109	0	FALSE
PRG1	srh-169	22.86	8.14241921192176	0	FALSE
PRG1	srh-17	28.826	3.34822041958786	0	FALSE
PRG1	srh-170	19.34	2.6316936257633	0	FALSE
PRG1	srh-171	20.15	2.77050230064214	0	FALSE
PRG1	srh-172	10.782	11.5471904299572	0	FALSE
PRG1	srh-173	17.08	3.73539052796855	0	FALSE
PRG1	srh-174	18.048	4.94115204252383	0	FALSE
PRG1	srh-177	14.654	2.8443381255436	0	FALSE
PRG1	srh-178	22.898	11.7918838042288	0	FALSE
PRG1	srh-179	21.546	1.2948124294155	0	FALSE
PRG1	srh-18	28.9	3.9547917605152	0	FALSE
PRG1	srh-180	21.876	3.63672051006515	0	FALSE
PRG1	srh-181	19.358	2.8637488430002	0	FALSE
PRG1	srh-182	19.78	1.59512361620663	0	FALSE
PRG1	srh-183	23.858	8.60820420443443	0	FALSE
PRG1	srh-184	24.074	11.7171444364678	0	FALSE
PRG1	srh-185	14.982	2.35011171752009	0	FALSE
PRG1	srh-186	21.84	11.1779300394449	0	FALSE
PRG1	srh-187	21.222	2.02329318004133	0	FALSE
PRG1	srh-19	23.028	2.82955689644829	0	FALSE
PRG1	srh-190	19.77	33.9122408433436	0	FALSE
PRG1	srh-192	20.604	0.640762596178004	0	FALSE
PRG1	srh-193	17.348	4.93355904125079	0	FALSE
PRG1	srh-194	19.678	2.56352371052809	0	FALSE
PRG1	srh-195	17.396	1.95176526584604	0	FALSE
PRG1	srh-199	21.984	1.15685330123812	0	FALSE
PRG1	srh-2	25.866	5.55489771819397	0	FALSE
PRG1	srh-20	28.984	2.64694202552152	0	FALSE
PRG1	srh-200	19.346	5.56836437912564	0	FALSE
PRG1	srh-201	22.602	1.64816589646327	0	FALSE
PRG1	srh-203	20.046	10.1992858924031	0	FALSE
PRG1	srh-204	21.546	4.02606539849588	0	FALSE
PRG1	srh-206	15.488	8.18404487991109	0	FALSE
PRG1	srh-207	14.606	6.2191336851641	0	FALSE
PRG1	srh-208	20.304	4.38566868620975	0	FALSE
PRG1	srh-209	9.828	5.48196083737463	0	FALSE
PRG1	srh-21	26.944	5.87408276752373	0	FALSE
PRG1	srh-211	25.442	1.77991727213778	0	FALSE
PRG1	srh-212	9.9	9.05942922213279	0	FALSE
PRG1	srh-213	19.45	4.29221240668758	0	FALSE
PRG1	srh-214	14.92	4.65057628214544	0	FALSE
PRG1	srh-215	23.592	8.20406289728455	0	FALSE
PRG1	srh-216	19.792	7.07892235632154	0	FALSE
PRG1	srh-217	25.56	11.8320687521455	0	FALSE
PRG1	srh-218	25.83	5.49025387109037	0	FALSE
PRG1	srh-219	26.85	4.13273587011296	0	FALSE
PRG1	srh-22	21.382	6.59743225473967	0	FALSE
PRG1	srh-220	13.786	1.61434327859467	0	FALSE
PRG1	srh-222	23.22	2.71778862635176	0	FALSE
PRG1	srh-223	19.31	3.21661318555557	0	FALSE
PRG1	srh-227	10.338	3.88454596871101	0	FALSE
PRG1	srh-229	18.516	4.63419527114308	0	FALSE
PRG1	srh-23	15.412	4.73710217463208	0	FALSE
PRG1	srh-231	23.554	7.01074806789	0	FALSE
PRG1	srh-233	20.158	0.598800749161878	0	FALSE
PRG1	srh-234	23.208	5.28308991108856	0	FALSE
PRG1	srh-235	23.376	6.69401914845821	0	FALSE
PRG1	srh-236	21.592	4.11556957594225	0	FALSE
PRG1	srh-237	28.492	7.61101170730381	0	FALSE
PRG1	srh-239	23.428	4.49768324065617	0	FALSE
PRG1	srh-24	22.728	4.15179816308039	0	FALSE
PRG1	srh-240	21.598	6.8420294472777	0	FALSE
PRG1	srh-241	23.564	7.45602476979563	0	FALSE
PRG1	srh-243	21.496	8.73712342173203	0	FALSE
PRG1	srh-244	23.148	9.39337338863521	0	FALSE
PRG1	srh-245	14.5	2.60110650560636	0	FALSE
PRG1	srh-246	14.446	3.80148829767367	0	FALSE
PRG1	srh-247	14.528	2.86024090513835	0	FALSE
PRG1	srh-248	18.746	2.08304105184949	0	FALSE
PRG1	srh-25	25.076	3.45436237206918	0	FALSE
PRG1	srh-250	15.74	1.26108216272422	0	FALSE
PRG1	srh-251	15.772	2.7002001564909	0	FALSE
PRG1	srh-252	5.418	10.0174055577653	0	FALSE
PRG1	srh-255	23.57	2.5961951539893	0	FALSE
PRG1	srh-257	25.918	2.24851165628626	0	FALSE
PRG1	srh-258	10.008	5.13272163759671	0	FALSE
PRG1	srh-264	20.106	3.44433078584568	0	FALSE
PRG1	srh-265	29.274	2.9580079547593	0	FALSE
PRG1	srh-266	20.426	1.73732581982681	0	FALSE
PRG1	srh-268	22.624	5.51657757615194	0	FALSE
PRG1	srh-269	13.498	3.68285418193416	0	FALSE
PRG1	srh-27	16.666	3.57646519174948	0	FALSE
PRG1	srh-270	23.408	3.26907662753462	0	FALSE
PRG1	srh-271	23.962	9.76115399810394	0	FALSE
PRG1	srh-272	15.996	72.511589348181	0	FALSE
PRG1	srh-274	12.214	2.55819549023433	0	FALSE
PRG1	srh-275	20.204	5.33441995849546	0	FALSE
PRG1	srh-276	11.504	4.17680580540897	0	FALSE
PRG1	srh-277	19.374	1.76763537053816	0	FALSE
PRG1	srh-279	26.48	8.39575490106186	0	FALSE
PRG1	srh-28	13.15	6.40162371514801	0	FALSE
PRG1	srh-281	22.296	6.69323507099438	0	FALSE
PRG1	srh-282	24.276	8.48872620709266	0	FALSE
PRG1	srh-283	24.136	4.34221187816845	0	FALSE
PRG1	srh-284	23.57	1.77306522647152	0	FALSE
PRG1	srh-286	27.284	9.94764990197673	0	FALSE
PRG1	srh-287	23.406	3.35031498516598	0	FALSE
PRG1	srh-288	29.588	2.89155215998658	0	FALSE
PRG1	srh-289	20.908	14.1415538729955	0	FALSE
PRG1	srh-290	29.042	3.04788461874513	0	FALSE
PRG1	srh-291	21.146	1.83751749480608	0	FALSE
PRG1	srh-292	21.522	1.89006615947232	0	FALSE
PRG1	srh-293	26.03	3.78940560443772	0	FALSE
PRG1	srh-295	25.436	3.7662456932416	0	FALSE
PRG1	srh-296	25.196	9.02179790558439	0	FALSE
PRG1	srh-297	19.178	4.69221093518766	0	FALSE
PRG1	srh-298	24.772	15.6241562986976	0	FALSE
PRG1	srh-299	3.454	6.54019129022004	2	FALSE
PRG1	srh-3	23.124	2.48153106250535	0	FALSE
PRG1	srh-30	11.54	1.376971280942	0	FALSE
PRG1	srh-300	22.44	4.63233097029135	0	FALSE
PRG1	srh-301	22.308	3.81772103297557	0	FALSE
PRG1	srh-303	24.62	3.22108917837641	0	FALSE
PRG1	srh-304	16.992	1.678240454109	0	FALSE
PRG1	srh-308	18.136	1.89793360548443	0	FALSE
PRG1	srh-31	18.856	12.3899735411139	0	FALSE
PRG1	srh-32	12.782	2.76458688002562	0	FALSE
PRG1	srh-33	17.038	4.45857046464061	0	FALSE
PRG1	srh-34	19.29	21.9271428473274	0	FALSE
PRG1	srh-35	28.896	5.38226336137907	0	FALSE
PRG1	srh-36	22.582	16.9890724380871	0	FALSE
PRG1	srh-37	13.912	1.31011749173367	0	FALSE
PRG1	srh-38	8.278	3.62043790589288	0	FALSE
PRG1	srh-39	26.458	2.73130209666507	0	FALSE
PRG1	srh-4	23.498	2.01312170565631	0	FALSE
PRG1	srh-40	11.64	2.90385631978618	0	FALSE
PRG1	srh-41	18.092	2.61202440582792	0	FALSE
PRG1	srh-42	23.274	6.86861955271283	0	FALSE
PRG1	srh-44	16.78	2.15614451908529	0	FALSE
PRG1	srh-45	22.588	16.4384687820003	0	FALSE
PRG1	srh-46	15.336	2.3684252437876	0	FALSE
PRG1	srh-47	23.298	12.20802527873	0	FALSE
PRG1	srh-48	24.996	10.4644693527525	0	FALSE
PRG1	srh-49	24.12	2.89414910663802	0	FALSE
PRG1	srh-5	21.826	8.42381093446437	0	FALSE
PRG1	srh-50	20.228	2.83784025235615	0	FALSE
PRG1	srh-51	26.548	9.850187300431	0	FALSE
PRG1	srh-52	25.72	5.26658767990907	0	FALSE
PRG1	srh-55	27.634	5.64072925333231	0	FALSE
PRG1	srh-56	28.538	3.53691967808534	0	FALSE
PRG1	srh-57	27.016	10.1427323779841	0	FALSE
PRG1	srh-59	16.322	1.09888477660935	0	FALSE
PRG1	srh-60	25.778	14.9073651124585	0	FALSE
PRG1	srh-61	21.544	2.74812356395782	0	FALSE
PRG1	srh-62	20.01	2.31266086200231	0	FALSE
PRG1	srh-63	17.416	3.72171772656391	0	FALSE
PRG1	srh-67	25.122	3.09390800106171	0	FALSE
PRG1	srh-68	18.7	3.88796165332482	0	FALSE
PRG1	srh-69	21.904	2.32220183266531	0	FALSE
PRG1	srh-7	20.466	2.40183106233607	0	FALSE
PRG1	srh-70	25.742	6.58565277811779	0	FALSE
PRG1	srh-71	22.218	1.43583628711486	0	FALSE
PRG1	srh-72	23.002	5.31371272685036	0	FALSE
PRG1	srh-73	22.346	6.03219370424249	0	FALSE
PRG1	srh-74	18.206	1.58889902069775	0	FALSE
PRG1	srh-75	24.646	6.95404215239711	0	FALSE
PRG1	srh-76	19.092	2.20653616019576	0	FALSE
PRG1	srh-78	6.19	5.4820289179183	0	FALSE
PRG1	srh-79	22.538	9.498153397651	0	FALSE
PRG1	srh-8	23.462	19.0422461758824	0	FALSE
PRG1	srh-80	9.644	6.0894322537912	0	FALSE
PRG1	srh-82	17.69	1.66353182244909	0	FALSE
PRG1	srh-83	12.52	1.99919984197824	0	FALSE
PRG1	srh-85	18.49	2.37782022033322	0	FALSE
PRG1	srh-87	22.418	4.45025094020318	0	FALSE
PRG1	srh-88	21.774	1.56540770637614	0	FALSE
PRG1	srh-89	20.774	1.43913007066854	0	FALSE
PRG1	srh-92	17.608	3.83577682333249	0	FALSE
PRG1	srh-95	25.882	6.96276003001178	0	FALSE
PRG1	srh-97	27.6	4.80554174510826	0	FALSE
PRG1	srh-98	23.744	2.75088105234662	0	FALSE
PRG1	srh-99	8.122	3.06868802357535	0	FALSE
PRG1	sri-1	18.79	25.302669890748	0	FALSE
PRG1	sri-10	26.712	2.68583368131444	0	FALSE
PRG1	sri-11	20.99	1.78608855008628	0	FALSE
PRG1	sri-12	25.81	25.0977420568917	0	FALSE
PRG1	sri-13	22.764	10.7956649881281	0	FALSE
PRG1	sri-14	20.312	4.39991809177438	0	FALSE
PRG1	sri-15	17.956	2.21915839737464	0	FALSE
PRG1	sri-16	15.756	2.8003653585664	0	FALSE
PRG1	sri-17	18.584	3.39611440063779	0	FALSE
PRG1	sri-18	17.876	1.53435264004	0	FALSE
PRG1	sri-19	19.374	1.86016661023782	0	FALSE
PRG1	sri-2	19.42	2.18801109961178	0	FALSE
PRG1	sri-20	17.762	4.35650433696985	0	FALSE
PRG1	sri-21	14.08	5.14731060487593	0	FALSE
PRG1	sri-24	11.07	3.9349867235094	0	FALSE
PRG1	sri-25	20.2	38.4084565985222	0	FALSE
PRG1	sri-26	11.918	1.25776108948167	0	FALSE
PRG1	sri-27	29.188	3.08549488920295	0	FALSE
PRG1	sri-28	19.668	15.4751077757767	0	FALSE
PRG1	sri-29	4.258	6.76887428340561	2	FALSE
PRG1	sri-30	4.734	6.39775261740304	2	FALSE
PRG1	sri-31	15.886	3.47119786564508	0	FALSE
PRG1	sri-32	13.528	4.33821015487792	0	FALSE
PRG1	sri-33	17.904	2.17814096364725	0	FALSE
PRG1	sri-34	7.536	3.25255067937442	0	FALSE
PRG1	sri-36	18.976	3.95387126845706	0	FALSE
PRG1	sri-37	17.242	4.75448474618325	0	FALSE
PRG1	sri-38	9.756	8.78840943175061	0	FALSE
PRG1	sri-39	18.484	3.99112453404613	0	FALSE
PRG1	sri-4	8.98	8.59952127227273	0	FALSE
PRG1	sri-40	18.804	9.8576163364441	0	FALSE
PRG1	sri-42	8.312	2.33657813018484	0	FALSE
PRG1	sri-43	22.67	2.53072764709194	0	FALSE
PRG1	sri-45	16.424	3.35500678982636	0	FALSE
PRG1	sri-46	7.912	3.49623971729426	0	FALSE
PRG1	sri-47	16.402	6.83637857392303	0	FALSE
PRG1	sri-48	20.878	4.69777130621389	0	FALSE
PRG1	sri-5	11.214	1.54274023675111	0	FALSE
PRG1	sri-50	17.768	4.69151636403411	0	FALSE
PRG1	sri-51	19.652	2.2008746980544	0	FALSE
PRG1	sri-53	17.174	2.09238750037806	0	FALSE
PRG1	sri-54	20.572	10.0074972512803	0	FALSE
PRG1	sri-57	10.718	10.2623453888331	0	FALSE
PRG1	sri-6	16.374	3.03665740989047	0	FALSE
PRG1	sri-60	13.686	6.58206814980247	0	FALSE
PRG1	sri-61	24.194	2.80401147132603	0	FALSE
PRG1	sri-62	18.57	1.51212935725352	0	FALSE
PRG1	sri-63	19.1	2.22281986548207	0	FALSE
PRG1	sri-65	10.444	7.986444944692	0	FALSE
PRG1	sri-66	14.916	6.3056296109658	0	FALSE
PRG1	sri-67	8.058	9.25000846444341	0	FALSE
PRG1	sri-69	8.102	6.19127849998487	0	FALSE
PRG1	sri-7	6.074	1.66925147917505	0	FALSE
PRG1	sri-70	6.3	11.2793387211036	0	FALSE
PRG1	sri-71	25.07	3.92155064979399	0	FALSE
PRG1	sri-72	11.486	6.92587609435522	0	FALSE
PRG1	sri-73	19.816	4.14799733865753	0	FALSE
PRG1	sri-74	24.684	2.79027910978073	0	FALSE
PRG1	sri-77	9.858	9.91561632810554	0	FALSE
PRG1	sri-78	24.65	9.19457201040111	0	FALSE
PRG1	sri-9	26.204	9.48758781410749	0	FALSE
PRG1	srj-1	24.864	5.39168847572735	0	FALSE
PRG1	srj-10	10.354	4.09849661138457	0	FALSE
PRG1	srj-11	24.954	23.3409403769059	0	FALSE
PRG1	srj-13	26.442	7.47137480985234	0	FALSE
PRG1	srj-14	26.966	2.33312400999631	0	FALSE
PRG1	srj-15	23.378	10.2817522043103	0	FALSE
PRG1	srj-18	28.08	2.30671935277135	0	FALSE
PRG1	srj-19	20.498	28.0898489624754	0	FALSE
PRG1	srj-20	28.418	5.06943418199999	0	FALSE
PRG1	srj-21	27.988	3.22699795393944	0	FALSE
PRG1	srj-22	23.882	10.8837758863751	0	FALSE
PRG1	srj-23	16.35	3.88198566193146	0	FALSE
PRG1	srj-24	10.56	6.9002193133656	0	FALSE
PRG1	srj-25	18.25	3.02934915072116	0	FALSE
PRG1	srj-26	23.65	5.71082863787044	0	FALSE
PRG1	srj-27	23.054	4.10699348323224	0	FALSE
PRG1	srj-29	23.064	14.8738607835671	0	FALSE
PRG1	srj-32	19.066	5.41888723412853	0	FALSE
PRG1	srj-33	21.578	7.45319585857218	0	FALSE
PRG1	srj-37	16.078	0.848707058261761	0	FALSE
PRG1	srj-38	26.682	8.16356865345924	0	FALSE
PRG1	srj-39	11.14	4.36038462879741	0	FALSE
PRG1	srj-4	28.47	3.94125034283837	0	FALSE
PRG1	srj-40	17.09	3.15269135003492	0	FALSE
PRG1	srj-42	25.244	10.1252511014113	0	FALSE
PRG1	srj-44	19.814	3.22028562914879	0	FALSE
PRG1	srj-45	27.782	6.05620115011058	0	FALSE
PRG1	srj-49	19.708	1.03204873734316	0	FALSE
PRG1	srj-5	28.904	4.66592878411249	0	FALSE
PRG1	srj-50	24.34	18.1739727137001	0	FALSE
PRG1	srj-52	22.486	1.11960263290112	0	FALSE
PRG1	srj-53	19.312	1.24781057033237	0	FALSE
PRG1	srj-54	24.276	3.76206872542487	0	FALSE
PRG1	srj-55	28.902	4.45593663234657	0	FALSE
PRG1	srj-57	25.484	1.49128657837937	0	FALSE
PRG1	srj-6	27.61	0.796812749003984	0	FALSE
PRG1	srj-7	25.486	6.92570980205431	0	FALSE
PRG1	srj-8	22.892	13.6880121842691	0	FALSE
PRG1	srj-9	21.428	3.09426199562686	0	FALSE
PRG1	srlf-1	29.282	2.06835826930766	0	FALSE
PRG1	srlf-10	25.77	11.0434635640486	0	FALSE
PRG1	srlf-11	24.602	14.3539069363293	0	FALSE
PRG1	srlf-12	25.764	9.11314123837822	0	FALSE
PRG1	srlf-13	23.37	3.41153878682959	0	FALSE
PRG1	srlf-14	24.332	2.77167285914074	0	FALSE
PRG1	srlf-15	6.92	13.4753850980859	0	FALSE
PRG1	srlf-16	24.06	8.88524902691415	0	FALSE
PRG1	srlf-17	4.626	7.55140350555132	2	FALSE
PRG1	srlf-18	11.648	5.33573347256398	0	FALSE
PRG1	srlf-19	13.696	1.62084543522332	0	FALSE
PRG1	srlf-2	22.786	16.4664711062724	0	FALSE
PRG1	srlf-20	23.586	12.5037757685545	0	FALSE
PRG1	srlf-21	24.598	14.4773855071188	0	FALSE
PRG1	srlf-22	20.97	20.0291516152382	0	FALSE
PRG1	srlf-23	22.082	13.0860312432822	0	FALSE
PRG1	srlf-24	16.764	18.739425909449	0	FALSE
PRG1	srlf-26	15.664	2.5055321698479	0	FALSE
PRG1	srlf-27	13.128	54.8795190695545	0	FALSE
PRG1	srlf-28	16.71	14.4202664696494	0	FALSE
PRG1	srlf-29	26.808	5.06023234585611	0	FALSE
PRG1	srlf-3	15.504	12.7449413593441	0	FALSE
PRG1	srlf-30	23.416	9.81452355769317	0	FALSE
PRG1	srlf-31	23.58	2.25465810025782	0	FALSE
PRG1	srlf-32	12.134	2.07886827192133	0	FALSE
PRG1	srlf-33	26.586	8.64493673849067	0	FALSE
PRG1	srlf-34	26.986	6.98127384648627	0	FALSE
PRG1	srlf-35	5.814	5.58744088882119	0	FALSE
PRG1	srlf-4	25.732	12.4189974626525	0	FALSE
PRG1	srlf-5	10.526	5.3280423944068	0	FALSE
PRG1	srlf-6	25.452	13.0195645897675	0	FALSE
PRG1	srlf-7	11.208	3.18860947779113	0	FALSE
PRG1	srlf-9	24.272	13.8648406989546	0	FALSE
PRG1	srm-1	26.338	0.791611376136108	0	FALSE
PRG1	srm-2	17.96	26.111953306591	0	FALSE
PRG1	srm-3	27.382	5.08547563054058	0	FALSE
PRG1	srm-4	8.92	1.9369005093241	0	FALSE
PRG1	srm-5	8.984	5.46129158499453	0	FALSE
PRG1	srm-6	14.772	1.53804733355269	0	FALSE
PRG1	srn-1	20.342	2.65810880405182	0	FALSE
PRG1	sro-1	22.892	10.4666333336527	0	FALSE
PRG1	srp-1	25.39	8.88745126169576	0	FALSE
PRG1	srp-2	24.01	10.8284608917045	0	FALSE
PRG1	srp-3	26.454	1.0653711501203	0	FALSE
PRG1	srp-6	25.602	11.8257406952495	1	TRUE
PRG1	srp-7	23.018	9.58107995623921	0	FALSE
PRG1	srp-8	24.776	2.73516753726379	0	FALSE
PRG1	srpa-68	24.048	18.7961420405586	0	FALSE
PRG1	srpa-72	14.168	4.85486441303258	0	FALSE
PRG1	srr-1	25.24	6.81607712151449	0	FALSE
PRG1	srr-10	26.846	8.93485697908093	0	FALSE
PRG1	srr-2	23.576	3.80630279343267	0	FALSE
PRG1	srr-3	11.174	3.67936801523095	0	FALSE
PRG1	srr-4	28.606	4.25117843031249	0	FALSE
PRG1	srr-6	2.444	4.17869768631319	2	FALSE
PRG1	srr-7	27.454	4.71691784572765	0	FALSE
PRG1	srr-8	25.252	10.1601159339006	0	FALSE
PRG1	srr-9	22.308	1.69733867412286	0	FALSE
PRG1	srsx-1	15.708	4.11675994966259	0	FALSE
PRG1	srsx-10	26.766	4.53396426847401	0	FALSE
PRG1	srsx-11	2.794	1.30526718173304	2	FALSE
PRG1	srsx-12	25.608	5.60092078021146	0	FALSE
PRG1	srsx-13	19.904	2.44705900477423	0	FALSE
PRG1	srsx-14	1.822	1.42065632333093	2	FALSE
PRG1	srsx-15	18.072	2.88651629304215	0	FALSE
PRG1	srsx-16	4.312	7.17126246045471	2	FALSE
PRG1	srsx-17	26.156	3.24833772687971	0	FALSE
PRG1	srsx-18	24.04	4.27583403469513	0	FALSE
PRG1	srsx-19	7.76	2.08388680783457	0	FALSE
PRG1	srsx-2	23.034	3.58325338725961	0	FALSE
PRG1	srsx-21	21.95	9.19466707081091	0	FALSE
PRG1	srsx-22	3.534	2.76235763709469	2	FALSE
PRG1	srsx-24	23.586	5.95398820740723	0	FALSE
PRG1	srsx-25	12.354	55.2030294203374	0	FALSE
PRG1	srsx-26	16.384	2.47685446958579	0	FALSE
PRG1	srsx-27	19.726	4.61481610837085	0	FALSE
PRG1	srsx-28	25.022	3.15081571441798	0	FALSE
PRG1	srsx-29	19.526	2.15664082478106	0	FALSE
PRG1	srsx-3	21.802	12.1649434582935	0	FALSE
PRG1	srsx-30	9.736	5.38408607586584	0	FALSE
PRG1	srsx-31	3.75	6.06043636126054	2	FALSE
PRG1	srsx-32	25.34	5.92449144555247	0	FALSE
PRG1	srsx-33	11.216	7.55208551708166	0	FALSE
PRG1	srsx-34	24.35	7.34114242512475	0	FALSE
PRG1	srsx-35	24.508	8.24111578087147	0	FALSE
PRG1	srsx-36	21.572	4.09676135387592	0	FALSE
PRG1	srsx-37	16.83	10.2688684523947	0	FALSE
PRG1	srsx-38	22.214	17.3716062293482	0	FALSE
PRG1	srsx-39	22.072	2.90974208744238	0	FALSE
PRG1	srsx-40	29.472	2.07994304987833	0	FALSE
PRG1	srsx-5	26.758	6.72017787669662	0	FALSE
PRG1	srsx-6	15.314	4.60874528436399	0	FALSE
PRG1	srsx-7	16.706	3.25738225554079	0	FALSE
PRG1	srsx-8	23.378	8.06681729093973	0	FALSE
PRG1	srsx-9	2.746	3.88481729150607	2	FALSE
PRG1	srsy-1	24.374	8.52907647798693	0	FALSE
PRG1	srsy-2	12.594	4.54840659211258	0	FALSE
PRG1	srt-1	14.094	4.77824861750058	0	FALSE
PRG1	srt-11	25.556	4.80114271575116	0	FALSE
PRG1	srt-12	25.012	7.87304263359497	0	FALSE
PRG1	srt-13	17.572	2.83785696778411	0	FALSE
PRG1	srt-14	19.668	5.98723576802839	0	FALSE
PRG1	srt-15	15.262	2.66329859327078	0	FALSE
PRG1	srt-16	15.504	2.04911520973346	0	FALSE
PRG1	srt-17	13.48	3.16610049449159	0	FALSE
PRG1	srt-18	29.77	1.97915473703077	0	FALSE
PRG1	srt-19	23.752	7.04555610700912	0	FALSE
PRG1	srt-20	25.176	16.0737147426593	0	FALSE
PRG1	srt-22	19.118	13.3525355478019	0	FALSE
PRG1	srt-23	19.204	14.9548967392849	0	FALSE
PRG1	srt-24	4.728	5.95493412026191	2	FALSE
PRG1	srt-27	5.656	1.461170686803	0	FALSE
PRG1	srt-28	20.61	6.18541344920462	0	FALSE
PRG1	srt-29	20.702	8.23513300952939	0	FALSE
PRG1	srt-3	18.934	3.29631026321562	0	FALSE
PRG1	srt-30	20.566	0.652902049513242	0	FALSE
PRG1	srt-31	6.44	8.98610950076416	0	FALSE
PRG1	srt-32	28.454	4.47112744970158	0	FALSE
PRG1	srt-33	26.766	22.7807432841451	0	FALSE
PRG1	srt-34	29.604	1.15902599474828	0	FALSE
PRG1	srt-35	5.708	2.95084028242713	0	FALSE
PRG1	srt-36	18.228	2.20653069271391	0	FALSE
PRG1	srt-37	27.352	16.4021044200113	0	FALSE
PRG1	srt-38	5.792	9.7898366056924	0	FALSE
PRG1	srt-39	17.206	8.76605316719336	0	FALSE
PRG1	srt-4	21.18	3.18250658124181	0	FALSE
PRG1	srt-40	21.066	1.92607151859352	0	FALSE
PRG1	srt-41	26.688	6.14345011400337	0	FALSE
PRG1	srt-42	23.412	36.2618748721391	0	FALSE
PRG1	srt-43	18.032	4.81492946225152	0	FALSE
PRG1	srt-44	15.716	2.3146596243118	0	FALSE
PRG1	srt-45	7.538	11.2270870246644	0	FALSE
PRG1	srt-47	15.06	3.69943911744598	0	FALSE
PRG1	srt-48	24.798	5.32556022363662	0	FALSE
PRG1	srt-49	18.942	4.28278933220245	0	FALSE
PRG1	srt-5	23.948	11.7003626820697	0	FALSE
PRG1	srt-50	12.966	9.32486209782684	0	FALSE
PRG1	srt-52	13.662	12.0083828240631	0	FALSE
PRG1	srt-53	20.17	5.55047670732131	0	FALSE
PRG1	srt-54	24.33	7.97523088924065	0	FALSE
PRG1	srt-55	18.768	3.54904933976515	0	FALSE
PRG1	srt-56	9.75	5.53513670382639	0	FALSE
PRG1	srt-59	14.998	1.2379049297319	0	FALSE
PRG1	srt-6	26.402	8.83586812161521	0	FALSE
PRG1	srt-61	25.332	13.5395936007461	0	FALSE
PRG1	srt-62	25.38	3.55648160539633	0	FALSE
PRG1	srt-63	23.338	18.2151648090369	0	FALSE
PRG1	srt-64	17.638	4.22038989485546	0	FALSE
PRG1	srt-65	29.276	4.63051306632076	0	FALSE
PRG1	srt-67	28.6	2.41296743738501	0	FALSE
PRG1	srt-68	29.072	2.1190559502673	0	FALSE
PRG1	srt-69	28.368	7.64237008632858	0	FALSE
PRG1	srt-7	16.022	3.89711464152298	0	FALSE
PRG1	srt-70	20.786	2.44402842195425	0	FALSE
PRG1	srt-73	12.612	11.7335698458047	0	FALSE
PRG1	srt-74	28.736	1.9389005215333	0	FALSE
PRG1	srt-8	23.13	6.93786161339797	0	FALSE
PRG1	srtx-1	15.094	3.80631967335784	0	FALSE
PRG1	sru-1	26.63	10.6727265329171	0	FALSE
PRG1	sru-11	25.658	10.5413645291964	0	FALSE
PRG1	sru-12	18.94	11.554690398604	0	FALSE
PRG1	sru-13	23.796	11.2249209013911	0	FALSE
PRG1	sru-15	22.194	4.63723979952772	0	FALSE
PRG1	sru-16	29.042	1.8535324313615	0	FALSE
PRG1	sru-17	28.656	2.00839561177096	0	FALSE
PRG1	sru-18	28.612	8.72501541321839	0	FALSE
PRG1	sru-19	20.53	21.0626627336315	0	FALSE
PRG1	sru-2	26.852	2.86677224959143	0	FALSE
PRG1	sru-20	19.604	25.0333247557429	0	FALSE
PRG1	sru-21	25.62	12.7946118682437	0	FALSE
PRG1	sru-22	22.504	9.49199334380459	0	FALSE
PRG1	sru-23	27.398	6.21247109070325	0	FALSE
PRG1	sru-24	22.084	8.01527448779343	0	FALSE
PRG1	sru-25	21.116	9.2207042679399	0	FALSE
PRG1	sru-26	26.754	6.90836529266549	0	FALSE
PRG1	sru-27	24.844	0.541224804829225	0	FALSE
PRG1	sru-28	3.288	2.76580110569091	2	FALSE
PRG1	sru-29	27.06	4.52543075087705	0	FALSE
PRG1	sru-3	24.102	10.8127659985488	0	FALSE
PRG1	sru-30	25.22	11.1625686569724	0	FALSE
PRG1	sru-31	26.288	4.79920132980114	0	FALSE
PRG1	sru-35	11.434	2.8558902694271	0	FALSE
PRG1	sru-36	21.256	1.83073051188851	0	FALSE
PRG1	sru-37	15.28	3.79129538166499	0	FALSE
PRG1	sru-38	14.098	7.41356971722758	0	FALSE
PRG1	sru-39	16.494	2.83451800884859	0	FALSE
PRG1	sru-4	24.308	1.89916577867415	0	FALSE
PRG1	sru-40	25.15	11.3496427257397	0	FALSE
PRG1	sru-42	27.914	7.61819084909739	0	FALSE
PRG1	sru-44	27.426	1.63927915454545	0	FALSE
PRG1	sru-45	25.848	10.8821666123605	0	FALSE
PRG1	sru-47	23.382	13.7369135684303	0	FALSE
PRG1	sru-48	24.016	5.52893510685694	0	FALSE
PRG1	sru-6	28.468	4.3991351654174	0	FALSE
PRG1	sru-7	17.688	3.60641572769375	0	FALSE
PRG1	sru-8	28.852	3.80249607362156	0	FALSE
PRG1	sru-9	10.89	5.86258574821391	0	FALSE
PRG1	srv-1	11.984	11.8456939952506	0	FALSE
PRG1	srv-10	2.56	0.390625	2	FALSE
PRG1	srv-11	22.012	7.77269966158901	0	FALSE
PRG1	srv-12	12.496	4.68358375243662	0	FALSE
PRG1	srv-13	23.862	6.43220092354072	0	FALSE
PRG1	srv-14	23.956	2.66087908362441	0	FALSE
PRG1	srv-15	19.908	17.5623269679998	0	FALSE
PRG1	srv-16	23.55	5.83033572563128	0	FALSE
PRG1	srv-17	23.668	7.35427196550709	0	FALSE
PRG1	srv-19	23.564	12.0127918058522	0	FALSE
PRG1	srv-2	27.784	3.38061831957111	0	FALSE
PRG1	srv-21	23.622	5.85927233079108	0	FALSE
PRG1	srv-22	21.648	7.00944974482218	0	FALSE
PRG1	srv-24	21.838	1.92907722183613	0	FALSE
PRG1	srv-25	19.596	2.08559419700224	0	FALSE
PRG1	srv-26	14.062	2.6548351338454	0	FALSE
PRG1	srv-27	20.098	1.71258191031898	0	FALSE
PRG1	srv-28	18.404	4.18292031819119	0	FALSE
PRG1	srv-29	20.44	3.32752956421369	0	FALSE
PRG1	srv-3	29.496	2.86189495994987	0	FALSE
PRG1	srv-30	21.052	10.4578354598799	0	FALSE
PRG1	srv-31	20.02	8.6277777245663	0	FALSE
PRG1	srv-32	23.24	6.26338140204088	0	FALSE
PRG1	srv-34	22.168	9.23993620855107	0	FALSE
PRG1	srv-4	28.376	5.64531463072646	0	FALSE
PRG1	srv-5	14.26	6.08221226556956	0	FALSE
PRG1	srv-6	27.928	2.73648211544902	0	FALSE
PRG1	srv-7	18.202	23.5606219168419	0	FALSE
PRG1	srv-8	21.176	4.31190105122895	0	FALSE
PRG1	srv-9	14.366	2.78982824952741	0	FALSE
PRG1	srw-1	2.446	1.17782995019525	2	FALSE
PRG1	srw-10	23.212	6.09057064519441	0	FALSE
PRG1	srw-100	27.862	3.10488769998071	0	FALSE
PRG1	srw-101	26.95	2.03101034262026	0	FALSE
PRG1	srw-102	26.4	5.72903361979249	0	FALSE
PRG1	srw-103	5.202	7.83149092721483	0	FALSE
PRG1	srw-107	26.554	4.09226489579564	0	FALSE
PRG1	srw-108	28.996	2.83098181857814	0	FALSE
PRG1	srw-109	27.656	2.06224051173128	0	FALSE
PRG1	srw-11	16.684	9.803116126957	0	FALSE
PRG1	srw-111	23.064	7.60969969080385	0	FALSE
PRG1	srw-112	9.742	5.43668023107022	0	FALSE
PRG1	srw-113	8.332	3.98366136264769	0	FALSE
PRG1	srw-115	25.27	10.6813446779922	0	FALSE
PRG1	srw-117	25.22	5.89268806177677	0	FALSE
PRG1	srw-118	23.938	11.5445482888921	0	FALSE
PRG1	srw-119	28.5	1.83180075285313	0	FALSE
PRG1	srw-12	28.08	1.76057081115503	0	FALSE
PRG1	srw-120	25.6	8.39171242371566	0	FALSE
PRG1	srw-121	26.35	5.41399178661371	0	FALSE
PRG1	srw-122	24.932	7.40821640137548	0	FALSE
PRG1	srw-123	27.196	4.22685206821525	0	FALSE
PRG1	srw-124	28.656	2.58207326380669	0	FALSE
PRG1	srw-127	13.418	3.5151830048774	0	FALSE
PRG1	srw-129	25.864	7.63786308835898	0	FALSE
PRG1	srw-13	16.924	4.28713637445857	0	FALSE
PRG1	srw-130	27.478	5.6633364304891	0	FALSE
PRG1	srw-133	4.34	3.03937925305828	2	FALSE
PRG1	srw-134	12.994	2.10239278941566	0	FALSE
PRG1	srw-135	22.358	3.73426594717677	0	FALSE
PRG1	srw-136	25.092	7.56370821649004	0	FALSE
PRG1	srw-137	25.938	6.06769702681806	0	FALSE
PRG1	srw-138	16.69	2.31395704222019	0	FALSE
PRG1	srw-139	19.886	3.65013075139635	0	FALSE
PRG1	srw-14	25.154	9.14987811199375	0	FALSE
PRG1	srw-140	17.584	4.62705603752467	0	FALSE
PRG1	srw-141	26.296	9.3657958372511	0	FALSE
PRG1	srw-142	26.5	6.83675281367141	0	FALSE
PRG1	srw-143	27.838	3.51957966694006	0	FALSE
PRG1	srw-144	25.816	9.5785090654101	0	FALSE
PRG1	srw-145	21.11	2.36356653329538	0	FALSE
PRG1	srw-15	21.49	5.88512520367785	0	FALSE
PRG1	srw-16	11.628	4.51328453378466	0	FALSE
PRG1	srw-17	17.946	3.84054497686603	0	FALSE
PRG1	srw-19	24.58	9.95848220525139	0	FALSE
PRG1	srw-2	27.518	2.14964881933854	0	FALSE
PRG1	srw-20	21.88	0.901999742047098	0	FALSE
PRG1	srw-21	27.07	2.23639613855417	0	FALSE
PRG1	srw-22	23.828	10.8912321973934	0	FALSE
PRG1	srw-23	16.064	5.48667579929833	0	FALSE
PRG1	srw-24	21.282	5.28186399595757	0	FALSE
PRG1	srw-26	27.87	2.68447944180756	0	FALSE
PRG1	srw-29	25.538	5.67939303063557	0	FALSE
PRG1	srw-3	27.606	3.10012766433923	0	FALSE
PRG1	srw-31	23.414	12.5909213753426	0	FALSE
PRG1	srw-32	27.208	4.20534280208594	0	FALSE
PRG1	srw-33	27.126	6.51992733152997	0	FALSE
PRG1	srw-34	25.492	5.62832166504102	0	FALSE
PRG1	srw-35	19.646	20.5088372535834	0	FALSE
PRG1	srw-36	26.218	8.851652221578	0	FALSE
PRG1	srw-38	19.384	1.48876776602788	0	FALSE
PRG1	srw-39	25.806	5.07800986876758	0	FALSE
PRG1	srw-4	23.888	2.70186847934723	0	FALSE
PRG1	srw-40	10.91	5.1898763215003	0	FALSE
PRG1	srw-41	21.332	3.46030892860742	0	FALSE
PRG1	srw-42	11.376	5.54376218471427	0	FALSE
PRG1	srw-43	28.066	2.40756444491562	0	FALSE
PRG1	srw-44	22.908	24.2383020915151	0	FALSE
PRG1	srw-48	23.592	16.8632920670126	0	FALSE
PRG1	srw-51	17.158	3.55839219802927	0	FALSE
PRG1	srw-53	21.23	17.2974435627087	0	FALSE
PRG1	srw-54	22.566	8.17608306784031	0	FALSE
PRG1	srw-55	25.382	6.78512006726434	0	FALSE
PRG1	srw-56	23.592	12.1721318745905	0	FALSE
PRG1	srw-57	27.902	2.49947072937356	0	FALSE
PRG1	srw-59	26.516	7.77262804852974	0	FALSE
PRG1	srw-6	16.246	3.05376650280045	0	FALSE
PRG1	srw-60	23.49	12.2359001095969	0	FALSE
PRG1	srw-61	14.036	3.00863044034648	0	FALSE
PRG1	srw-62	25.794	7.23462902873299	0	FALSE
PRG1	srw-63	27.254	3.10513754768717	0	FALSE
PRG1	srw-66	27.74	2.47927164586148	0	FALSE
PRG1	srw-67	15.142	3.33702281594988	0	FALSE
PRG1	srw-68	4.836	5.42306479649313	2	FALSE
PRG1	srw-69	27.686	4.94983871525121	0	FALSE
PRG1	srw-7	15.674	1.83617465408536	0	FALSE
PRG1	srw-71	4.996	35.3143961065113	0	FALSE
PRG1	srw-72	27.882	0.601428127573476	0	FALSE
PRG1	srw-73	23.138	16.5414952047296	0	FALSE
PRG1	srw-76	18.326	5.04734080189809	0	FALSE
PRG1	srw-77	25.924	3.41808297865963	0	FALSE
PRG1	srw-79	26.248	3.52262587773452	0	FALSE
PRG1	srw-8	17.278	2.96938132419459	0	FALSE
PRG1	srw-82	2.816	1.93854319090287	2	FALSE
PRG1	srw-83	26.532	7.05153857617084	0	FALSE
PRG1	srw-84	26.74	1.80980607816946	0	FALSE
PRG1	srw-85	25.93	11.6204052721849	0	FALSE
PRG1	srw-86	22.336	11.9231807614418	0	FALSE
PRG1	srw-87	17.132	2.01288695138583	0	FALSE
PRG1	srw-88	13.124	5.77349639009046	0	FALSE
PRG1	srw-89	21.962	12.0795366477559	0	FALSE
PRG1	srw-9	17.628	2.10444575126852	0	FALSE
PRG1	srw-90	11.754	7.26891841361977	0	FALSE
PRG1	srw-91	19.4	1.67386936918861	0	FALSE
PRG1	srw-94	22.59	5.67175471555448	0	FALSE
PRG1	srw-95	26.29	3.86083041154897	0	FALSE
PRG1	srw-97	17.884	2.19522443415023	0	FALSE
PRG1	srw-98	26.836	2.9664316769249	0	FALSE
PRG1	srw-99	22.304	15.3881621897575	0	FALSE
PRG1	srx-1	27.236	8.09240911866535	0	FALSE
PRG1	srx-10	13.468	12.8897572876788	0	FALSE
PRG1	srx-101	9.918	7.06989153567421	0	FALSE
PRG1	srx-102	22.826	7.02818593087545	0	FALSE
PRG1	srx-104	17.218	3.17218481379254	0	FALSE
PRG1	srx-105	16.884	6.05899365528569	0	FALSE
PRG1	srx-108	17.606	3.52647027625744	0	FALSE
PRG1	srx-110	21.868	8.92934866926061	0	FALSE
PRG1	srx-111	8.678	1.70608486041223	0	FALSE
PRG1	srx-112	13.526	9.65277203635323	0	FALSE
PRG1	srx-113	12.466	8.33624903922577	0	FALSE
PRG1	srx-114	8.796	14.447017000321	0	FALSE
PRG1	srx-115	17.646	0.643149085758186	0	FALSE
PRG1	srx-116	23.324	10.1259875734996	0	FALSE
PRG1	srx-117	22.764	11.4642767315534	0	FALSE
PRG1	srx-118	11.212	8.96159120889448	0	FALSE
PRG1	srx-119	14.31	2.06829470118081	0	FALSE
PRG1	srx-12	23.21	17.9961256567052	0	FALSE
PRG1	srx-120	7.16	10.3794537797465	0	FALSE
PRG1	srx-121	16.084	3.16768180191151	0	FALSE
PRG1	srx-122	21.864	3.60507303849419	0	FALSE
PRG1	srx-125	11.558	6.51072102575846	0	FALSE
PRG1	srx-128	16.21	1.20572611262752	0	FALSE
PRG1	srx-129	4.488	3.70639525601764	2	FALSE
PRG1	srx-13	21.672	16.3303473753943	0	FALSE
PRG1	srx-130	24.102	8.51009104120633	0	FALSE
PRG1	srx-131	19.316	1.54905591893969	0	FALSE
PRG1	srx-133	8.094	14.067861534951	0	FALSE
PRG1	srx-134	17.726	2.93668844392206	0	FALSE
PRG1	srx-135	19.07	12.8328952885062	0	FALSE
PRG1	srx-136	21.932	3.62683287807402	0	FALSE
PRG1	srx-137	16.29	10.2807783032664	0	FALSE
PRG1	srx-14	26.892	8.48408059758499	0	FALSE
PRG1	srx-16	16.622	5.78978020034814	0	FALSE
PRG1	srx-17	23.086	14.5265509775759	0	FALSE
PRG1	srx-18	26.244	4.68109748603865	0	FALSE
PRG1	srx-19	24.176	12.0542936927008	0	FALSE
PRG1	srx-2	11.41	2.02622752352268	0	FALSE
PRG1	srx-20	22.078	2.24819606195594	0	FALSE
PRG1	srx-21	21.572	10.6485274712058	0	FALSE
PRG1	srx-22	18.546	10.8807933356738	0	FALSE
PRG1	srx-23	23.544	11.6971813893258	0	FALSE
PRG1	srx-24	20.26	13.3203066567036	0	FALSE
PRG1	srx-26	23.964	13.2029956009359	0	FALSE
PRG1	srx-28	23.128	8.99734543696262	0	FALSE
PRG1	srx-29	16.882	2.6141899227675	0	FALSE
PRG1	srx-3	16.72	4.4860446393778	0	FALSE
PRG1	srx-31	26.15	4.17920922345926	0	FALSE
PRG1	srx-32	24.836	9.2267524551607	0	FALSE
PRG1	srx-33	6.552	7.98654042617748	0	FALSE
PRG1	srx-34	6.564	2.16685259766595	0	FALSE
PRG1	srx-36	28.83	3.53500449471479	0	FALSE
PRG1	srx-38	24.6	11.5513693180427	0	FALSE
PRG1	srx-39	8.474	8.2206798812556	0	FALSE
PRG1	srx-4	12.06	8.01207014718545	0	FALSE
PRG1	srx-41	23.49	14.6069530384125	0	FALSE
PRG1	srx-42	23.088	17.7276499013921	0	FALSE
PRG1	srx-43	17.488	2.85549864249266	0	FALSE
PRG1	srx-44	27.366	4.69092033395195	0	FALSE
PRG1	srx-45	22.156	3.20257829006958	0	FALSE
PRG1	srx-46	14.804	3.90753935096504	0	FALSE
PRG1	srx-47	20.628	1.19111437286144	0	FALSE
PRG1	srx-48	29.462	2.61335975220825	0	FALSE
PRG1	srx-5	23.51	13.7570940577008	0	FALSE
PRG1	srx-50	28.4	5.21845954053447	0	FALSE
PRG1	srx-51	27.6	11.4223277167305	0	FALSE
PRG1	srx-54	25.586	12.2662545217158	0	FALSE
PRG1	srx-56	27.494	4.15843357754494	0	FALSE
PRG1	srx-58	6.45	4.06071344301048	0	FALSE
PRG1	srx-59	21.348	9.28919919537118	0	FALSE
PRG1	srx-6	27.368	4.83119960393803	0	FALSE
PRG1	srx-60	17.196	5.92955918667076	0	FALSE
PRG1	srx-62	21.786	3.11055314896024	0	FALSE
PRG1	srx-63	26.384	6.34962496350828	0	FALSE
PRG1	srx-64	24.362	2.21949139200485	0	FALSE
PRG1	srx-65	12.522	3.59562672167519	0	FALSE
PRG1	srx-66	19.612	8.00566011692325	0	FALSE
PRG1	srx-67	29.128	6.11223135095501	0	FALSE
PRG1	srx-68	22.626	5.83613877606657	0	FALSE
PRG1	srx-7	9.438	14.6961049468294	0	FALSE
PRG1	srx-73	23.466	13.8225445773406	0	FALSE
PRG1	srx-74	27.912	13.7899395752005	0	FALSE
PRG1	srx-76	26.32	4.66498205617817	0	FALSE
PRG1	srx-77	26.172	23.6695776141177	0	FALSE
PRG1	srx-78	28.766	2.95974014097853	0	FALSE
PRG1	srx-8	29.82	1.06811591607196	0	FALSE
PRG1	srx-80	27.254	12.3725752139267	0	FALSE
PRG1	srx-82	27.792	9.37696062178399	0	FALSE
PRG1	srx-84	17.182	3.05022515994151	0	FALSE
PRG1	srx-85	19.882	26.842198343086	0	FALSE
PRG1	srx-86	18.244	2.69491587337274	0	FALSE
PRG1	srx-87	27.484	8.09104330224761	0	FALSE
PRG1	srx-88	27.206	5.64561480037908	0	FALSE
PRG1	srx-9	10.048	34.1022834165245	0	FALSE
PRG1	srx-90	28.294	3.9942956395921	0	FALSE
PRG1	srx-92	21.432	16.6918490969122	0	FALSE
PRG1	srx-93	28.918	4.07092398902806	0	FALSE
PRG1	srx-95	14.36	3.70621423140256	0	FALSE
PRG1	srx-96	22.858	12.1705938796674	0	FALSE
PRG1	srx-97	7.14	4.85976234534943	0	FALSE
PRG1	srx-98	21.11	4.77342766979085	0	FALSE
PRG1	srxa-1	17.586	1.53299377206911	0	FALSE
PRG1	srxa-10	2.668	1.68457309252206	2	FALSE
PRG1	srxa-11	29.508	2.59095525562544	0	FALSE
PRG1	srxa-12	13.098	4.42071341148517	0	FALSE
PRG1	srxa-13	18.238	3.0769675064478	0	FALSE
PRG1	srxa-14	10.362	6.09039147779922	0	FALSE
PRG1	srxa-15	22.972	6.66151962090354	0	FALSE
PRG1	srxa-16	19.632	5.73314479320401	0	FALSE
PRG1	srxa-18	21.07	11.1771045254535	0	FALSE
PRG1	srxa-19	6.102	5.62041500069002	0	FALSE
PRG1	srxa-2	29.072	2.04098400014807	0	FALSE
PRG1	srxa-4	18.196	1.47700810767611	0	FALSE
PRG1	srxa-5	4.182	4.66559900760663	2	FALSE
PRG1	srxa-6	4.766	3.64808572902216	2	FALSE
PRG1	srxa-7	3.912	3.31030252416762	2	FALSE
PRG1	srxa-8	22.196	6.54873717964009	0	FALSE
PRG1	srxa-9	11.264	2.39092634229769	0	FALSE
PRG1	srz-1	18.556	2.08948118522701	0	FALSE
PRG1	srz-10	15.73	2.57920696441205	0	FALSE
PRG1	srz-100	22.86	4.82619367097123	0	FALSE
PRG1	srz-101	24.58	8.22445553760728	0	FALSE
PRG1	srz-102	19.794	8.95897069384597	0	FALSE
PRG1	srz-103	24.058	4.26690913607386	0	FALSE
PRG1	srz-104	28.46	0.704057094501547	0	FALSE
PRG1	srz-105	7.572	11.3462639195357	0	FALSE
PRG1	srz-11	15.862	4.01688154877883	0	FALSE
PRG1	srz-12	27.496	7.77489903311208	0	FALSE
PRG1	srz-13	21.016	5.09742549184713	0	FALSE
PRG1	srz-14	24.044	8.88807755657564	0	FALSE
PRG1	srz-15	21.056	7.82858610591499	0	FALSE
PRG1	srz-16	26.386	5.23262711815049	0	FALSE
PRG1	srz-18	18.514	5.18084661940214	0	FALSE
PRG1	srz-19	24.304	3.29402994978626	0	FALSE
PRG1	srz-20	24.28	3.08855021965587	0	FALSE
PRG1	srz-23	26.316	5.48109227436622	0	FALSE
PRG1	srz-24	13.5	0.895040442488488	0	FALSE
PRG1	srz-25	15.908	4.11356052084973	0	FALSE
PRG1	srz-29	26.466	8.31622652581681	0	FALSE
PRG1	srz-3	21.682	16.8505139356621	0	FALSE
PRG1	srz-31	21.94	10.9984422314123	0	FALSE
PRG1	srz-32	21.958	13.559873941066	0	FALSE
PRG1	srz-37	25.536	14.5916667337268	0	FALSE
PRG1	srz-38	25.006	9.78783375782306	0	FALSE
PRG1	srz-4	15.318	1.4534744244522	0	FALSE
PRG1	srz-42	24.848	12.0867266614038	0	FALSE
PRG1	srz-44	27.102	5.76515533818992	0	FALSE
PRG1	srz-47	24.538	12.024290052575	0	FALSE
PRG1	srz-48	26.892	3.83846602002416	0	FALSE
PRG1	srz-5	6.12	4.93317945733677	0	FALSE
PRG1	srz-54	27.976	3.72927669773076	0	FALSE
PRG1	srz-56	24.574	3.80059947053387	0	FALSE
PRG1	srz-58	22.854	2.27817202939529	0	FALSE
PRG1	srz-59	17.004	4.71369860682417	0	FALSE
PRG1	srz-6	8.714	4.62788731161069	0	FALSE
PRG1	srz-60	30.224	1.48972830542476	0	FALSE
PRG1	srz-61	27.024	4.05044126668689	0	FALSE
PRG1	srz-62	12.198	2.50638332388388	0	FALSE
PRG1	srz-63	24.576	2.30889003664701	0	FALSE
PRG1	srz-64	22.576	12.715724684341	0	FALSE
PRG1	srz-66	22.668	18.5135952382061	0	FALSE
PRG1	srz-67	20.572	12.4431208449351	0	FALSE
PRG1	srz-69	25.866	9.57850238812161	0	FALSE
PRG1	srz-70	26.218	11.4543826935441	0	FALSE
PRG1	srz-71	27.46	3.68240138677288	0	FALSE
PRG1	srz-72	21.384	3.43302711860136	0	FALSE
PRG1	srz-74	25.11	6.28859490139553	0	FALSE
PRG1	srz-75	27.518	4.4115440733838	0	FALSE
PRG1	srz-78	17.384	1.68821404989355	0	FALSE
PRG1	srz-79	17.392	1.16168123320375	0	FALSE
PRG1	srz-82	6.548	3.89716259199427	0	FALSE
PRG1	srz-83	24.414	13.0536069140996	0	FALSE
PRG1	srz-85	5.138	2.92396169975883	0	FALSE
PRG1	srz-9	15.96	1.56453521167716	0	FALSE
PRG1	srz-90	23.538	11.2445707369872	0	FALSE
PRG1	srz-91	20.732	9.92346722611731	0	FALSE
PRG1	srz-94	24.212	14.2617391086643	0	FALSE
PRG1	srz-95	9.434	6.05525767166432	0	FALSE
PRG1	srz-96	24.542	6.74950329842086	0	FALSE
PRG1	srz-97	25.544	6.14573377834285	0	FALSE
PRG1	srz-99	23.896	11.5775976299398	0	FALSE
PRG1	ssb-1	6.144	7.8687549836474	0	FALSE
PRG1	sshk-1	21.948	16.466302501226	0	FALSE
PRG1	ssna-1	23.942	5.7694807039303	0	FALSE
PRG1	ssp-10	27.426	5.43870752125635	0	FALSE
PRG1	ssp-16	26.668	6.35487575247982	0	FALSE
PRG1	ssp-19	27.82	2.54235634719727	0	FALSE
PRG1	ssp-31	25.48	14.0401187453614	0	FALSE
PRG1	ssp-32	23.916	19.8173740707831	0	FALSE
PRG1	ssp-33	21.064	3.14239409267368	0	FALSE
PRG1	ssp-34	27.658	8.33644137105557	0	FALSE
PRG1	ssp-35	28.244	1.14525424402342	0	FALSE
PRG1	ssp-36	26.848	11.1412660689556	0	FALSE
PRG1	ssp-37	22.944	7.68288893505306	0	FALSE
PRG1	ssp-9	26.866	5.64395413800292	0	FALSE
PRG1	ssq-1	23.15	11.2631624127373	0	FALSE
PRG1	ssq-2	26.15	9.10659905488634	0	FALSE
PRG1	ssq-3	24.68	10.189450767585	0	FALSE
PRG1	ssq-4	24.364	8.54451359186767	0	FALSE
PRG1	ssr-2	8.842	6.92221316844366	0	FALSE
PRG1	sss-1	16.906	3.06660338101912	0	FALSE
PRG1	sssh-1	14.372	10.4570499674206	0	FALSE
PRG1	sst-20	19.642	6.17680331738814	0	FALSE
PRG1	ssu-1	22.524	9.16601500813769	0	FALSE
PRG1	ssu-2	25.272	8.7261882512456	0	FALSE
PRG1	ssup-72	26.394	7.44777025965185	0	FALSE
PRG1	sta-1	26.05	2.45306215471362	0	FALSE
PRG1	sta-2	21.274	16.6349702225894	0	FALSE
PRG1	stam-1	6.888	7.77723300239818	0	FALSE
PRG1	stau-1	6.5	3.99852043642063	1	TRUE
PRG1	stc-1	25.772	2.62269747433673	0	FALSE
PRG1	stdh-1	28.088	6.43765685954767	0	FALSE
PRG1	stdh-2	29.57	2.24055805899607	0	FALSE
PRG1	stdh-3	25.252	14.1426068551713	0	FALSE
PRG1	stdh-4	27.846	12.1712027555599	0	FALSE
PRG1	stg-1	25.256	9.42743700554838	0	FALSE
PRG1	stg-2	21.202	3.52218214270559	0	FALSE
PRG1	sth-1	27.494	2.50998107393926	0	FALSE
PRG1	sti-1	3.46	0.578034682080924	2	FALSE
PRG1	stim-1	22.32	9.49619999741337	0	FALSE
PRG1	stip-1	12.878	6.57578335681094	1	TRUE
PRG1	stl-1	21.416	7.05996591855308	1	TRUE
PRG1	stn-1	26.704	10.5956980840354	0	FALSE
PRG1	stn-2	25.164	2.343709831721	0	FALSE
PRG1	sto-1	22.196	15.1600244113446	0	FALSE
PRG1	sto-2	17.688	1.91696214204153	0	FALSE
PRG1	sto-3	14.136	5.85758189948959	0	FALSE
PRG1	sto-4	24.752	13.7350576013301	0	FALSE
PRG1	sto-5	19.058	1.8840083610042	0	FALSE
PRG1	sto-6	12.548	4.42262072233344	0	FALSE
PRG1	str-1	25	10.7869180028403	0	FALSE
PRG1	str-10	29.436	2.75682366380347	0	FALSE
PRG1	str-101	23.47	11.7092974852647	0	FALSE
PRG1	str-102	26.668	12.130814439526	0	FALSE
PRG1	str-103	27.692	3.84374777930975	0	FALSE
PRG1	str-106	24.634	1.34409439474639	0	FALSE
PRG1	str-108	3.786	1.68713358929438	2	FALSE
PRG1	str-109	14.228	3.69422214475774	0	FALSE
PRG1	str-111	27.576	4.6126297266021	0	FALSE
PRG1	str-112	28.008	3.98403831837755	0	FALSE
PRG1	str-113	28.258	4.78588071805843	0	FALSE
PRG1	str-114	26.862	15.1708345102483	0	FALSE
PRG1	str-115	27.83	6.20872757929003	0	FALSE
PRG1	str-116	23.476	1.34689104472201	0	FALSE
PRG1	str-118	28.742	2.25310636657415	0	FALSE
PRG1	str-119	29.06	2.61006652702016	0	FALSE
PRG1	str-12	27.876	2.68984064569814	0	FALSE
PRG1	str-120	23.846	11.0041449255384	0	FALSE
PRG1	str-121	16.018	3.69086131279805	0	FALSE
PRG1	str-123	27.654	4.76192846726634	0	FALSE
PRG1	str-124	21.444	7.20738519604248	0	FALSE
PRG1	str-125	23.818	19.7867988513957	0	FALSE
PRG1	str-129	24.73	12.4240454344667	0	FALSE
PRG1	str-13	27.3	3.14570769914243	0	FALSE
PRG1	str-130	20.616	10.0520801571905	0	FALSE
PRG1	str-131	22.048	9.79152455622232	0	FALSE
PRG1	str-134	29.446	0.372483042401584	0	FALSE
PRG1	str-135	23.3	12.8704210152834	0	FALSE
PRG1	str-136	20.342	1.70129793473767	0	FALSE
PRG1	str-138	26.314	14.0948249580368	0	FALSE
PRG1	str-139	22.826	1.19440676210444	0	FALSE
PRG1	str-14	24.986	4.82378833582488	0	FALSE
PRG1	str-140	24.696	4.11974970431242	0	FALSE
PRG1	str-141	15.1	2.88782729939274	0	FALSE
PRG1	str-143	28.3	7.21216042704589	0	FALSE
PRG1	str-144	29.174	3.25944364978096	0	FALSE
PRG1	str-145	17.158	8.10761089999101	0	FALSE
PRG1	str-146	22.566	3.12182678836168	0	FALSE
PRG1	str-148	24.572	12.9171055604412	0	FALSE
PRG1	str-149	27.192	1.39925908591504	0	FALSE
PRG1	str-15	26.064	6.00899040344377	0	FALSE
PRG1	str-150	28.256	7.64347651889779	0	FALSE
PRG1	str-151	27.25	15.4081469470119	0	FALSE
PRG1	str-153	21.714	2.60080536848357	0	FALSE
PRG1	str-155	16.608	2.57662106884234	0	FALSE
PRG1	str-156	20.336	1.98670990539504	0	FALSE
PRG1	str-158	19.034	4.0012451733563	0	FALSE
PRG1	str-159	22.6	12.6785547847238	0	FALSE
PRG1	str-16	27.712	4.07289493977283	0	FALSE
PRG1	str-160	24.364	19.3988412174234	0	FALSE
PRG1	str-161	26.506	7.33723863978194	0	FALSE
PRG1	str-162	15.37	1.92785066883917	0	FALSE
PRG1	str-163	24.336	2.2477777583647	0	FALSE
PRG1	str-164	17.896	4.9234237176684	0	FALSE
PRG1	str-165	21.06	8.90905153131335	0	FALSE
PRG1	str-166	27.536	7.61164911945812	0	FALSE
PRG1	str-168	27.486	3.40106050285977	0	FALSE
PRG1	str-169	27.048	10.9967556233345	0	FALSE
PRG1	str-170	19.47	2.84834055967998	0	FALSE
PRG1	str-171	18.178	1.6796099943969	0	FALSE
PRG1	str-172	19.422	4.39271432258154	0	FALSE
PRG1	str-173	25.876	4.31793657381157	0	FALSE
PRG1	str-174	23.706	3.92516605780652	0	FALSE
PRG1	str-175	26.158	6.36056603180947	0	FALSE
PRG1	str-176	12.858	3.50296254076048	0	FALSE
PRG1	str-177	28.05	2.61090624415391	0	FALSE
PRG1	str-178	13.332	5.23829530220828	0	FALSE
PRG1	str-18	8.228	5.58101405201563	0	FALSE
PRG1	str-180	20.616	3.58101218129564	0	FALSE
PRG1	str-181	28.266	10.4794901211691	0	FALSE
PRG1	str-182	21.316	9.18159333769351	0	FALSE
PRG1	str-185	19.33	2.62643999386322	0	FALSE
PRG1	str-187	26.586	9.58275590869883	0	FALSE
PRG1	str-188	25.552	15.3302889218109	0	FALSE
PRG1	str-19	25.96	7.04230414956138	0	FALSE
PRG1	str-190	25.006	9.83319187408608	0	FALSE
PRG1	str-193	28.538	2.5578008389615	0	FALSE
PRG1	str-196	24.652	10.035282063709	0	FALSE
PRG1	str-198	25.584	6.78012336228318	0	FALSE
PRG1	str-199	22.834	3.31069003265167	0	FALSE
PRG1	str-2	10.396	3.70965069731631	0	FALSE
PRG1	str-20	29.272	3.25936290439401	0	FALSE
PRG1	str-200	28.956	1.73031130432326	0	FALSE
PRG1	str-204	22.314	11.3034284040198	0	FALSE
PRG1	str-205	27.428	6.23575204553357	0	FALSE
PRG1	str-206	18.406	16.3534352331153	0	FALSE
PRG1	str-207	18.294	7.6043698185493	0	FALSE
PRG1	str-208	29.644	0.849927055904657	0	FALSE
PRG1	str-209	23.498	9.74088180053062	0	FALSE
PRG1	str-211	26.502	6.72301072796486	0	FALSE
PRG1	str-214	28.984	0.922108454704255	0	FALSE
PRG1	str-217	21.216	8.3520487103344	0	FALSE
PRG1	str-220	25.7	4.38421437375377	0	FALSE
PRG1	str-221	16.998	6.92432154791308	0	FALSE
PRG1	str-222	20.98	1.83275823924979	0	FALSE
PRG1	str-225	26.62	15.9188341727352	0	FALSE
PRG1	str-226	19.278	3.22328845623415	0	FALSE
PRG1	str-227	26.182	8.9483427385911	0	FALSE
PRG1	str-228	25.8	5.92319844263873	0	FALSE
PRG1	str-229	27.86	5.39362634781388	0	FALSE
PRG1	str-23	26.52	5.42311724692007	0	FALSE
PRG1	str-230	26.79	1.45217347248428	0	FALSE
PRG1	str-231	27.672	4.55515997219918	0	FALSE
PRG1	str-232	7.67	2.67036494762243	0	FALSE
PRG1	str-233	6.516	2.10593074191706	0	FALSE
PRG1	str-236	11.814	2.98763264874351	0	FALSE
PRG1	str-238	25.388	8.75959602212708	0	FALSE
PRG1	str-240	16.628	2.59695527107002	0	FALSE
PRG1	str-243	27.868	1.14135323245563	0	FALSE
PRG1	str-244	25.562	4.25078787987399	0	FALSE
PRG1	str-245	24.78	28.402196790081	0	FALSE
PRG1	str-246	25.848	19.9944634841687	0	FALSE
PRG1	str-247	22.818	13.3435368169582	0	FALSE
PRG1	str-248	20.454	2.04948480558456	0	FALSE
PRG1	str-249	4.668	4.39395301482038	2	FALSE
PRG1	str-25	26.716	8.57301535729071	0	FALSE
PRG1	str-250	28.824	2.40782576867964	0	FALSE
PRG1	str-252	22.684	4.13574519325814	0	FALSE
PRG1	str-253	25.942	8.92533054923615	0	FALSE
PRG1	str-254	26.706	8.11893779958729	0	FALSE
PRG1	str-255	28.896	2.41983422131758	0	FALSE
PRG1	str-256	25.506	2.02599174991241	0	FALSE
PRG1	str-257	21.722	0.352711192512253	0	FALSE
PRG1	str-258	23.806	11.050733173025	0	FALSE
PRG1	str-260	28.772	2.80560903296655	0	FALSE
PRG1	str-261	21.854	4.97551930838174	0	FALSE
PRG1	str-262	25.772	1.58788990423361	0	FALSE
PRG1	str-263	12.83	8.21487677503546	0	FALSE
PRG1	str-264	26.202	7.21235176904027	0	FALSE
PRG1	str-265	28.828	1.52361104829275	0	FALSE
PRG1	str-267	11.752	3.11743089021302	0	FALSE
PRG1	str-268	20.292	3.082967258515	0	FALSE
PRG1	str-27	10.298	10.1063753542439	0	FALSE
PRG1	str-28	24.3	10.3150674470503	0	FALSE
PRG1	str-3	5.748	5.07424528611803	0	FALSE
PRG1	str-30	17.138	1.43545413669599	0	FALSE
PRG1	str-31	27.614	1.09440333624924	0	FALSE
PRG1	str-32	28.966	2.95426915489554	0	FALSE
PRG1	str-33	29.354	4.43449864087059	0	FALSE
PRG1	str-37	26.966	3.14617848875012	0	FALSE
PRG1	str-38	18.9	1.88741364886106	0	FALSE
PRG1	str-39	26.97	8.47726362858345	0	FALSE
PRG1	str-4	11.44	1.94578927356224	0	FALSE
PRG1	str-40	25.662	3.66366689017966	0	FALSE
PRG1	str-41	27.102	7.15307284316116	0	FALSE
PRG1	str-43	23.22	5.42746731314407	0	FALSE
PRG1	str-44	12.648	3.80551153260704	0	FALSE
PRG1	str-45	24.422	3.58083405165034	0	FALSE
PRG1	str-46	22.834	8.1075498685898	0	FALSE
PRG1	str-47	27.288	8.25048703526459	0	FALSE
PRG1	str-48	23.19	1.46963287520069	0	FALSE
PRG1	str-5	28.848	7.04854481217373	0	FALSE
PRG1	str-52	23.626	11.3161825757691	0	FALSE
PRG1	str-55	26.446	7.83163528530694	0	FALSE
PRG1	str-56	23.324	9.51097354254154	0	FALSE
PRG1	str-57	25.31	2.97796952765093	0	FALSE
PRG1	str-6	27.498	9.02156479244682	0	FALSE
PRG1	str-60	25.212	3.55221167937454	0	FALSE
PRG1	str-61	26.44	2.78854895479074	0	FALSE
PRG1	str-63	18.158	9.05307999998055	0	FALSE
PRG1	str-64	28.056	6.66236220043072	0	FALSE
PRG1	str-66	28.652	4.43719720679366	0	FALSE
PRG1	str-67	28.942	2.75954543746586	0	FALSE
PRG1	str-68	26.892	5.62412029041658	0	FALSE
PRG1	str-69	24.82	5.9728612603879	0	FALSE
PRG1	str-7	26.772	18.836870758463	0	FALSE
PRG1	str-71	27.39	4.02427054968421	0	FALSE
PRG1	str-73	29.016	3.26284485219844	0	FALSE
PRG1	str-74	14.942	7.23683501116396	0	FALSE
PRG1	str-76	28.472	2.78822691836212	0	FALSE
PRG1	str-77	21.91	26.1464472202018	0	FALSE
PRG1	str-78	23.026	9.6464382474278	0	FALSE
PRG1	str-79	25.604	5.56184218093696	0	FALSE
PRG1	str-8	28.49	2.17973761437183	0	FALSE
PRG1	str-81	24.442	12.9453989447181	0	FALSE
PRG1	str-82	25.912	10.6262860780401	0	FALSE
PRG1	str-83	26.262	11.4263126661808	0	FALSE
PRG1	str-84	23.436	5.90139518347583	0	FALSE
PRG1	str-85	20.566	1.04716601890104	0	FALSE
PRG1	str-86	24.904	12.7979038906361	0	FALSE
PRG1	str-87	28.48	4.77043758432374	0	FALSE
PRG1	str-88	4.156	4.41908781368598	2	FALSE
PRG1	str-89	19.612	2.15105500350133	0	FALSE
PRG1	str-9	22.776	5.26052007540695	0	FALSE
PRG1	str-90	24.35	8.34277202719812	0	FALSE
PRG1	str-92	27.672	3.41202981427613	0	FALSE
PRG1	str-93	23.382	1.91201876424289	0	FALSE
PRG1	str-94	26.534	5.79693219749976	0	FALSE
PRG1	str-96	11.532	4.72355282359492	0	FALSE
PRG1	str-97	26.402	6.62024033677379	0	FALSE
PRG1	str-99	26.956	11.9163416274693	0	FALSE
PRG1	strd-1	14.248	5.82377212774383	0	FALSE
PRG1	strl-1	28.244	2.35901685886613	0	FALSE
PRG1	strm-1	28.708	1.81726050933072	0	FALSE
PRG1	stt-3	27.54	4.43876576760751	0	FALSE
PRG1	subs-4	25.324	1.41844677360217	0	FALSE
PRG1	suca-1	25.5	12.866241753327	0	FALSE
PRG1	sucg-1	29.218	1.92568121270468	0	FALSE
PRG1	such-1	28.37	4.42779273213157	0	FALSE
PRG1	sucl-1	25.158	11.4807408139849	0	FALSE
PRG1	sucl-2	26.68	7.35717118702106	0	FALSE
PRG1	suco-1	10.94	91.8670813815169	0	FALSE
PRG1	suds-3	14.792	13.1369068398125	0	FALSE
PRG1	sue-1	20.658	8.40759977598258	0	FALSE
PRG1	suex-1	18.888	7.62043135428413	0	FALSE
PRG1	suex-2	26.228	5.64645568195811	0	FALSE
PRG1	suf-1	15.766	3.04505471331215	0	FALSE
PRG1	sul-1	27.126	3.97532240514292	0	FALSE
PRG1	sul-2	24.376	4.83183165714508	0	FALSE
PRG1	sul-3	27.096	1.8357815210035	0	FALSE
PRG1	sulp-1	22.594	5.25651658845331	0	FALSE
PRG1	sulp-2	24.614	6.55243930535593	0	FALSE
PRG1	sulp-3	15.614	4.69774102005398	0	FALSE
PRG1	sulp-4	24.752	3.00210658608342	0	FALSE
PRG1	sulp-5	23.666	12.8819917231545	0	FALSE
PRG1	sulp-6	26.154	3.40920909999338	0	FALSE
PRG1	sulp-7	28.262	4.26256698484831	0	FALSE
PRG1	sulp-8	18.52	2.42710432998461	0	FALSE
PRG1	sumv-1	24.204	7.98803678376091	0	FALSE
PRG1	sumv-2	22.02	13.5854359451622	0	FALSE
PRG1	sun-1	22.914	5.27940607844363	0	FALSE
PRG1	suox-1	25.038	7.44835142092166	0	FALSE
PRG1	sup-1	9.368	1.35109029310818	0	FALSE
PRG1	sup-10	15.116	4.06479690090611	0	FALSE
PRG1	sup-12	21.994	11.1259668860546	0	FALSE
PRG1	sup-17	17.422	12.0363153320712	0	FALSE
PRG1	sup-18	23.604	8.03188212945554	0	FALSE
PRG1	sup-26	18.396	9.79511903482488	0	FALSE
PRG1	sup-35	21.942	18.5319965955822	0	FALSE
PRG1	sup-36	5.768	7.12866201893761	0	FALSE
PRG1	sup-37	20.754	4.33070076099318	0	FALSE
PRG1	sup-46	24.208	7.45437601988172	0	FALSE
PRG1	sup-9	19.292	1.30486204945611	0	FALSE
PRG1	supr-1	5.114	5.56280769201994	0	FALSE
PRG1	sups-1	24.928	10.3134140246852	0	FALSE
PRG1	sur-2	28.96	2.17828999625268	0	FALSE
PRG1	sur-5	24.86	2.96782295301883	0	FALSE
PRG1	sur-6	12.026	5.00116363556886	1	TRUE
PRG1	sur-7	19.244	25.6032604141648	0	FALSE
PRG1	suro-1	13	4.38899915806183	0	FALSE
PRG1	sut-1	23.586	8.4361218608	0	FALSE
PRG1	sut-2	19.726	5.29152153221431	1	TRUE
PRG1	sut-6	11.642	32.9139572123222	0	FALSE
PRG1	svct-1	24.484	1.03672052036977	0	FALSE
PRG1	svh-1	25.06	9.98363638686432	0	FALSE
PRG1	svh-11	26.634	0.810332666412496	0	FALSE
PRG1	svh-2	5.268	9.67681207162144	0	FALSE
PRG1	svh-5	15.784	3.49850907374838	0	FALSE
PRG1	svop-1	20.146	22.5941978838462	0	FALSE
PRG1	swah-1	20.964	20.5386128939644	0	FALSE
PRG1	swan-1	28.092	3.10242464723171	0	FALSE
PRG1	swan-2	23.082	6.11881798275234	0	FALSE
PRG1	swd-2.1	24.414	14.9244256148918	0	FALSE
PRG1	swd-2.2	4.882	6.27909188499502	2	FALSE
PRG1	swip-10	14.992	17.5795145503852	0	FALSE
PRG1	swm-1	26.654	8.74964330970921	0	FALSE
PRG1	swp-1	7.812	6.51673603199186	0	FALSE
PRG1	sws-1	23.928	7.11652349757552	0	FALSE
PRG1	swsn-1	18.858	2.75678749057349	0	FALSE
PRG1	swsn-2.2	19.004	12.7793954030395	0	FALSE
PRG1	swsn-3	20.198	7.30093241665448	0	FALSE
PRG1	swsn-4	24.4	16.1404661209141	1	TRUE
PRG1	swsn-6	18.214	28.7944129816951	1	TRUE
PRG1	swsn-9	11.664	4.75363258619357	0	FALSE
PRG1	swt-1	22.482	11.9586936857867	0	FALSE
PRG1	swt-2	20.004	8.57423990936147	0	FALSE
PRG1	swt-3	23.906	5.09736902455042	0	FALSE
PRG1	swt-4	22.706	8.4341298513881	0	FALSE
PRG1	swt-5	15.932	33.9412488336696	0	FALSE
PRG1	swt-6	29.37	2.07541373379573	0	FALSE
PRG1	swt-7	25.516	15.4032872994123	0	FALSE
PRG1	syd-1	19.396	15.0091426221017	0	FALSE
PRG1	syd-2	20.762	16.2334490974803	1	TRUE
PRG1	syd-9	21.314	17.0203800518942	0	FALSE
PRG1	sydn-1	22.52	14.7531806811252	0	FALSE
PRG1	syf-1	17.2	14.3369664627956	1	TRUE
PRG1	syf-2	17.084	24.8524676152068	0	FALSE
PRG1	syf-3	20.244	5.42377529630438	0	FALSE
PRG1	syg-1	8.096	11.3322436502653	0	FALSE
PRG1	syg-2	20.478	3.55766986600567	0	FALSE
PRG1	sygl-1	14.414	7.32947508746018	0	FALSE
PRG1	sym-1	24.876	4.72942009948705	0	FALSE
PRG1	sym-2	24.234	6.73276730228406	0	FALSE
PRG1	sym-3	6.024	2.50823366494137	0	FALSE
PRG1	sym-4	19.666	9.87408094864004	0	FALSE
PRG1	symk-1	24.096	13.6722676307193	0	FALSE
PRG1	syp-1	14.972	1.89586261800491	0	FALSE
PRG1	syp-2	26.4	6.46080442372719	0	FALSE
PRG1	syp-3	20.622	20.1909646683172	0	FALSE
PRG1	syp-4	20.826	8.69739729516782	1	TRUE
PRG1	syp-5	16.128	33.5189059544206	0	FALSE
PRG1	syp-6	7.052	6.29263599107224	1	TRUE
PRG1	sys-1	20.824	6.64127290335399	0	FALSE
PRG1	sysm-1	21.43	13.4124242611709	0	FALSE
PRG1	syx-16	16.416	4.57208290305354	0	FALSE
PRG1	syx-17	11.232	14.621943998202	0	FALSE
PRG1	syx-18	23.694	10.1046998959169	0	FALSE
PRG1	syx-2	24.94	9.53422273407771	0	FALSE
PRG1	syx-3	24.19	3.83265479149642	0	FALSE
PRG1	syx-4	27.314	7.58121020252839	0	FALSE
PRG1	syx-5	18.196	13.1946114590498	0	FALSE
PRG1	syx-6	14.976	5.40568532021884	0	FALSE
PRG1	syx-7	25.376	9.99698392903617	0	FALSE
PRG1	szy-2	17.286	6.8560030371159	0	FALSE
PRG1	szy-20	15.558	35.950368432079	1	TRUE
PRG1	szy-4	16.824	1.53830804717614	0	FALSE
PRG1	szy-5	5.35	4.00235758978763	0	FALSE
PRG1	taap-1	22.436	12.5527003254367	0	FALSE
PRG1	tab-1	13.276	6.03874988185291	0	FALSE
PRG1	tac-1	24.542	19.3678760558182	0	FALSE
PRG1	taco-1	28.568	3.34911731943176	0	FALSE
PRG1	tads-1	15.752	18.0508697117059	0	FALSE
PRG1	taf-1	14.662	3.75193752620586	0	FALSE
PRG1	taf-10	15.924	13.5949672333833	0	FALSE
PRG1	taf-11.1	19.51	4.89713910577369	0	FALSE
PRG1	taf-11.2	21.804	8.44514730024123	0	FALSE
PRG1	taf-11.3	18.558	4.25323935619725	0	FALSE
PRG1	taf-12	16.298	6.8902548212678	0	FALSE
PRG1	taf-13	7.472	2.56980225326912	0	FALSE
PRG1	taf-2	28.044	9.64813049201479	0	FALSE
PRG1	taf-3	8.302	6.11789294011485	0	FALSE
PRG1	taf-4	23.58	16.3557633352902	0	FALSE
PRG1	taf-5	27.91	5.3498782892838	0	FALSE
PRG1	taf-6.1	24.936	8.02582436913402	1	TRUE
PRG1	taf-6.2	28.322	1.70678006155951	0	FALSE
PRG1	taf-7.1	20.8	9.67768280006626	0	FALSE
PRG1	taf-7.2	22.126	8.96827733243019	0	FALSE
PRG1	taf-8	24.168	10.3767859935728	0	FALSE
PRG1	taf-9	24.514	12.609549565243	0	FALSE
PRG1	tag-10	20.288	9.34595099118299	0	FALSE
PRG1	tag-115	27.282	5.90391032427847	0	FALSE
PRG1	tag-120	12.486	2.35319295681946	0	FALSE
PRG1	tag-123	14.706	1.97935659094288	0	FALSE
PRG1	tag-124	27.796	8.78279631952548	0	FALSE
PRG1	tag-131	20.718	3.18259924852594	0	FALSE
PRG1	tag-138	14.678	3.69420977608145	0	FALSE
PRG1	tag-151	22.002	8.20687736704953	0	FALSE
PRG1	tag-153	24.912	7.03185710267733	1	TRUE
PRG1	tag-164	18.666	22.0083305205886	0	FALSE
PRG1	tag-175	29.104	5.66461563376817	0	FALSE
PRG1	tag-18	19.784	11.4028112607746	0	FALSE
PRG1	tag-180	10.386	1.48476460821885	0	FALSE
PRG1	tag-191	2.58	5.72935872057926	2	FALSE
PRG1	tag-196	25.292	6.31581035096709	0	FALSE
PRG1	tag-209	20.094	4.38882261281128	0	FALSE
PRG1	tag-225	27.334	8.35258864930094	0	FALSE
PRG1	tag-229	26.056	5.77908654950747	0	FALSE
PRG1	tag-234	27.31	1.25007030502465	0	FALSE
PRG1	tag-243	22.478	6.35285656210874	0	FALSE
PRG1	tag-244	27.48	4.54402956075708	0	FALSE
PRG1	tag-250	23.958	2.18992318151184	0	FALSE
PRG1	tag-266	20.016	6.8465844659495	0	FALSE
PRG1	tag-267	23.728	4.92325905704457	0	FALSE
PRG1	tag-272	17.614	22.2951999589654	0	FALSE
PRG1	tag-273	23.036	5.01887818785052	1	TRUE
PRG1	tag-275	18.028	3.96486954440414	0	FALSE
PRG1	tag-276	16.218	7.60649085735279	0	FALSE
PRG1	tag-278	19.726	16.0462594405093	0	FALSE
PRG1	tag-280	24.278	3.41269812756159	0	FALSE
PRG1	tag-281	21.202	8.00328231345603	0	FALSE
PRG1	tag-290	25.166	6.44587261382746	0	FALSE
PRG1	tag-293	23.184	8.58028652897223	0	FALSE
PRG1	tag-294	10.074	6.22830295896606	0	FALSE
PRG1	tag-296	26.826	10.0832633581356	0	FALSE
PRG1	tag-297	27.128	7.65380298654361	0	FALSE
PRG1	tag-30	23.524	13.362838771777	0	FALSE
PRG1	tag-307	25.184	6.24382130585253	0	FALSE
PRG1	tag-314	5.262	8.36658930098057	0	FALSE
PRG1	tag-321	25.492	6.93456169647195	0	FALSE
PRG1	tag-322	4.55	5.33844298966642	2	FALSE
PRG1	tag-325	13.446	5.43589462460608	0	FALSE
PRG1	tag-329	28.802	2.16315847659193	0	FALSE
PRG1	tag-335	26.9	9.99875615873697	0	FALSE
PRG1	tag-340	23.43	7.29677534722481	0	FALSE
PRG1	tag-342	21.008	5.90082402182703	0	FALSE
PRG1	tag-343	21.308	4.11406141744797	0	FALSE
PRG1	tag-344	8.764	3.60157693406553	0	FALSE
PRG1	tag-353	20.98	4.00948347851537	0	FALSE
PRG1	tag-4	12.772	4.78645808577273	0	FALSE
PRG1	tag-51	28.346	6.06539323962447	0	FALSE
PRG1	tag-52	20.828	13.0744001333128	1	TRUE
PRG1	tag-53	15.01	6.23372131756246	0	FALSE
PRG1	tag-65	10.368	4.39109906599397	0	FALSE
PRG1	tag-68	14	1.69407731794735	0	FALSE
PRG1	tag-72	17.508	12.8100397239831	0	FALSE
PRG1	tag-76	26.636	3.80332927720988	0	FALSE
PRG1	tag-77	25.034	7.7862613308446	0	FALSE
PRG1	tag-89	20.276	4.52592431227872	0	FALSE
PRG1	tag-96	28.752	2.50482566636162	0	FALSE
PRG1	tald-1	28.658	1.51406556754502	1	TRUE
PRG1	talp-3	25.85	7.88010680547407	0	FALSE
PRG1	tam-1	22.674	5.73671207498542	0	FALSE
PRG1	tap-1	24.604	16.3567579577495	0	FALSE
PRG1	tars-1	25.216	4.48747171989465	0	FALSE
PRG1	tasp-1	28.254	1.36702154891432	0	FALSE
PRG1	tat-1	28.7	2.07777721475618	0	FALSE
PRG1	tat-2	22.132	7.75863032792553	0	FALSE
PRG1	tat-3	27.346	1.47221386851004	0	FALSE
PRG1	tat-4	26.326	3.46412258453887	0	FALSE
PRG1	tat-5	26.274	5.82950029982019	0	FALSE
PRG1	tat-6	26.148	6.17483526343156	0	FALSE
PRG1	tatn-1	23.802	18.6251634323789	0	FALSE
PRG1	tax-2	15.068	5.18618113502051	0	FALSE
PRG1	tax-4	27.436	2.98917389106713	0	FALSE
PRG1	tax-6	25.934	12.9790859020855	0	FALSE
PRG1	tba-1	21.958	23.1065143097029	0	FALSE
PRG1	tba-2	18.698	10.618795888862	0	FALSE
PRG1	tba-4	22.274	16.0540303410406	0	FALSE
PRG1	tba-5	23.746	12.8518809948744	0	FALSE
PRG1	tba-6	15.182	0.861832550852121	0	FALSE
PRG1	tba-7	24.566	12.7686506648309	0	FALSE
PRG1	tba-8	23.826	9.41575160664616	0	FALSE
PRG1	tba-9	19.92	18.8848455896593	0	FALSE
PRG1	tbb-1	16.392	6.65733225020193	0	FALSE
PRG1	tbb-2	15.554	3.08756283638493	0	FALSE
PRG1	tbb-4	18.366	2.24978149450522	0	FALSE
PRG1	tbb-6	29.348	1.94406297000592	0	FALSE
PRG1	tbc-1	25.716	6.14044050006631	0	FALSE
PRG1	tbc-10	22.908	12.5467042904542	0	FALSE
PRG1	tbc-11	25.744	11.2953456870921	0	FALSE
PRG1	tbc-12	23.614	12.1513943297921	0	FALSE
PRG1	tbc-13	17.128	8.65711867543898	0	FALSE
PRG1	tbc-14	16.664	3.77526694156665	0	FALSE
PRG1	tbc-16	9.072	2.56078529632141	0	FALSE
PRG1	tbc-17	10.872	19.4905621929307	0	FALSE
PRG1	tbc-18	23.904	9.86034631357486	0	FALSE
PRG1	tbc-19	24.642	8.52630515945385	0	FALSE
PRG1	tbc-2	12.656	8.43593258988258	1	TRUE
PRG1	tbc-20	19.068	6.7784000374344	0	FALSE
PRG1	tbc-3	13.464	6.89903765661856	0	FALSE
PRG1	tbc-6	8.998	57.7910155234649	0	FALSE
PRG1	tbc-7	22.604	18.4593999365643	0	FALSE
PRG1	tbc-8	17.812	8.15618736512438	0	FALSE
PRG1	tbc-9	15.71	10.9715460895403	0	FALSE
PRG1	tbca-1	24.23	4.63129628456962	0	FALSE
PRG1	tbcb-1	20.774	17.9653156929508	0	FALSE
PRG1	tbcc-1	3.216	10.5093062595246	0	FALSE
PRG1	tbcd-1	25.716	4.49793607440515	0	FALSE
PRG1	tbce-1	24.006	12.997204750712	1	TRUE
PRG1	tbck-1	28.082	3.6213285838224	0	FALSE
PRG1	tbg-1	28.654	0.49821503942885	0	FALSE
PRG1	tbh-1	10.03	3.19432090600215	0	FALSE
PRG1	tbp-1	5.04	10.1878689860637	0	FALSE
PRG1	tbx-11	18.082	22.3126415684779	0	FALSE
PRG1	tbx-2	16.994	33.4495959350999	0	FALSE
PRG1	tbx-30	15.246	4.32443042049572	0	FALSE
PRG1	tbx-31	21.962	12.461354549197	0	FALSE
PRG1	tbx-32	11.786	7.24396720493113	0	FALSE
PRG1	tbx-33	18.784	4.05292545325926	0	FALSE
PRG1	tbx-34	18.682	11.4652769678137	0	FALSE
PRG1	tbx-35	22.546	4.47529275463381	0	FALSE
PRG1	tbx-36	18.706	7.79257811945974	0	FALSE
PRG1	tbx-37	2.158	5.91074653249985	2	FALSE
PRG1	tbx-38	16.698	2.49716862859667	0	FALSE
PRG1	tbx-39	17.268	1.24904421723817	0	FALSE
PRG1	tbx-40	17.87	20.3992520896943	0	FALSE
PRG1	tbx-41	24.47	8.95621652458764	0	FALSE
PRG1	tbx-43	24.07	5.84530460458443	0	FALSE
PRG1	tbx-7	24.096	11.5423560906076	0	FALSE
PRG1	tbx-8	2.186	4.18766422373131	2	FALSE
PRG1	tbx-9	20.776	9.36974718801832	0	FALSE
PRG1	tc1a	26.736	4.87080930108928	0	FALSE
PRG1	tc3a	25.264	15.1488905087411	0	FALSE
PRG1	tcab-1	23.774	3.86377968928307	0	FALSE
PRG1	tcc-1	26.542	8.29604216798113	1	TRUE
PRG1	tceb-3	11.426	4.02761780660907	0	FALSE
PRG1	tcer-1	14.668	6.23469682824046	0	FALSE
PRG1	tcl-2	16.046	5.05579034426837	0	FALSE
PRG1	tct-1	14.966	10.3065300242713	0	FALSE
PRG1	tctn-1	17.752	2.11427740259685	0	FALSE
PRG1	tdc-1	16.28	0.879473038284788	0	FALSE
PRG1	tdo-2	29.316	2.27888980968094	0	FALSE
PRG1	tdp-1	17.196	17.46565914137	0	FALSE
PRG1	tebp-1	16.756	19.2955418475206	0	FALSE
PRG1	tebp-2	19.15	5.76745795207269	0	FALSE
PRG1	teg-1	9.598	3.16739507059993	0	FALSE
PRG1	teg-4	26.29	2.28429601515723	0	FALSE
PRG1	tent-5	20.236	5.74029771687338	0	FALSE
PRG1	tep-1	14.59	10.6262571854692	0	FALSE
PRG1	tes-1	27.5	1.94349944240914	0	FALSE
PRG1	test-1	22.778	2.93083326259968	0	FALSE
PRG1	tex-2	7.82	3.74245796078309	0	FALSE
PRG1	tfbm-1	23.572	9.91938751111609	1	TRUE
PRG1	tfg-1	15.156	9.38067336850648	0	FALSE
PRG1	tftc-1	18.422	3.94484123642769	0	FALSE
PRG1	tftc-3	22.736	11.8912550747994	0	FALSE
PRG1	tftc-5	17.826	38.3548530031926	0	FALSE
PRG1	tgn-38	8.484	2.52057683631752	0	FALSE
PRG1	tgs-1	26.052	12.0838093596564	0	FALSE
PRG1	tgt-1	24.69	13.575256768405	0	FALSE
PRG1	tgt-2	28.842	1.65216914579257	1	TRUE
PRG1	thk-1	25.114	6.39315830860871	0	FALSE
PRG1	thn-1	26.162	8.9042176059761	0	FALSE
PRG1	thn-2	25.762	11.854290899359	0	FALSE
PRG1	thn-4	17.054	4.37655635252366	0	FALSE
PRG1	thn-5	19.432	1.8086358696162	0	FALSE
PRG1	thn-6	26.004	7.28704107825632	0	FALSE
PRG1	thoc-1	22.096	19.1446886163051	0	FALSE
PRG1	thoc-2	23.776	15.3137900778702	1	TRUE
PRG1	thoc-3	25.112	15.2288437801668	0	FALSE
PRG1	thoc-5	25.6	14.0387983854539	0	FALSE
PRG1	thoc-7	23.96	7.11115990022348	0	FALSE
PRG1	tiam-1	14.404	3.05336556341982	0	FALSE
PRG1	tiar-1	20.546	5.9988801640269	0	FALSE
PRG1	tiar-2	11.212	4.17024774212425	0	FALSE
PRG1	tif-1A	22.922	10.2604358546064	0	FALSE
PRG1	tig-2	23.376	18.4687199093428	0	FALSE
PRG1	tig-3	26.456	8.19330516914385	0	FALSE
PRG1	tim-1	20.75	13.9462918536373	1	TRUE
PRG1	timm-17B.1	15.254	1.54204338642852	0	FALSE
PRG1	timm-17b.2	3.998	9.66370083182362	2	FALSE
PRG1	timm-23	16.504	7.40995566348761	0	FALSE
PRG1	timp-1	27.846	3.06279450303352	0	FALSE
PRG1	tin-10	25.634	0.772667729123214	0	FALSE
PRG1	tin-13	27.774	5.15175847225797	0	FALSE
PRG1	tin-44	26.196	7.19980926490648	0	FALSE
PRG1	tin-9.1	23.494	11.0057767857721	0	FALSE
PRG1	tin-9.2	27.562	6.72474825658843	0	FALSE
PRG1	tipn-1	14.532	13.4954959387308	0	FALSE
PRG1	tir-1	17.088	5.29043695437302	0	FALSE
PRG1	tkr-1	21.992	13.5482989773543	0	FALSE
PRG1	tkr-2	25.718	2.75569677221565	0	FALSE
PRG1	tkr-3	23.496	3.85231900329289	0	FALSE
PRG1	tkt-1	29.09	1.39889927462192	0	FALSE
PRG1	tlf-1	14.19	4.34962276993291	0	FALSE
PRG1	tli-1	22.702	13.9163207934902	0	FALSE
PRG1	tlk-1	19.54	36.4263577583944	0	FALSE
PRG1	tlp-1	15.248	6.90570226468154	0	FALSE
PRG1	tmbi-4	21.588	8.80663309189459	0	FALSE
PRG1	tmc-1	22.85	6.68747063197289	0	FALSE
PRG1	tmc-2	18.274	10.5665275166974	0	FALSE
PRG1	tmd-2	2.698	1.21241121080772	2	FALSE
PRG1	tmed-1	23.62	8.80044638969405	0	FALSE
PRG1	tmed-10	23.514	5.98197792466682	0	FALSE
PRG1	tmed-12	14.586	4.17663786642121	0	FALSE
PRG1	tmed-13	6.464	2.12287201644981	0	FALSE
PRG1	tmed-3	23.526	8.90687215552123	0	FALSE
PRG1	tmed-4	22.196	7.79150130934659	0	FALSE
PRG1	tmem-107	29.092	2.21589162082262	0	FALSE
PRG1	tmem-120	23.454	10.7960259189884	0	FALSE
PRG1	tmem-131	20.756	12.0393416442963	0	FALSE
PRG1	tmem-135	9.064	5.3854735698774	0	FALSE
PRG1	tmem-138	29.192	2.63719729673771	0	FALSE
PRG1	tmem-145	23.632	9.19962811878394	0	FALSE
PRG1	tmem-17	29.174	2.69010790230254	0	FALSE
PRG1	tmem-184	22.448	4.95882782774703	0	FALSE
PRG1	tmem-189	19.798	6.60635336335082	0	FALSE
PRG1	tmem-208	27.194	6.61556171543187	0	FALSE
PRG1	tmem-218	26.572	7.34508176076958	0	FALSE
PRG1	tmem-231	16.01	19.9690049429337	0	FALSE
PRG1	tmem-24	21.994	1.40381725357568	0	FALSE
PRG1	tmem-258	26.832	6.49091719793232	0	FALSE
PRG1	tmem-39	20.204	0.647800563783264	0	FALSE
PRG1	tmyb-1	14.468	9.4600120355197	0	FALSE
PRG1	tnc-2	10.702	3.29263351090501	0	FALSE
PRG1	tni-1	22.484	13.0597909496939	0	FALSE
PRG1	tni-3	17.514	19.1217848567093	0	FALSE
PRG1	tni-4	10.278	5.96777342534937	0	FALSE
PRG1	tns-1	19.456	6.53610332991579	0	FALSE
PRG1	tnsl-1	23.892	11.746145735349	0	FALSE
PRG1	tnt-2	18.582	8.15446320913604	0	FALSE
PRG1	tnt-3	21.554	4.88104242473383	0	FALSE
PRG1	tnt-4	13.644	8.69473323914623	0	FALSE
PRG1	toc-1	10.964	5.94271859959895	0	FALSE
PRG1	toca-1	18.212	1.40066011439587	0	FALSE
PRG1	toca-2	26.12	13.1170977261485	1	TRUE
PRG1	toe-1	25.388	7.25583032535409	1	TRUE
PRG1	toe-2	13.7	43.2999628336429	1	TRUE
PRG1	toe-4	19.016	5.76528019319578	0	FALSE
PRG1	tofu-1	5.612	9.31575468678129	1	TRUE
PRG1	tofu-2	22.274	6.38317144295769	1	TRUE
PRG1	tofu-4	13.89	3.310169599013	0	FALSE
PRG1	tofu-5	25.646	17.089424084013	0	FALSE
PRG1	tofu-6	28.362	4.79005140237764	0	FALSE
PRG1	tofu-7	21.47	5.59045553226567	0	FALSE
PRG1	toh-1	27.718	5.26439390961541	0	FALSE
PRG1	tol-1	20.57	37.8820573002565	0	FALSE
PRG1	tom-1	25.052	9.17675488871827	0	FALSE
PRG1	tomm-20	12.898	6.18052195848325	0	FALSE
PRG1	tomm-22	15.44	19.6972666023913	0	FALSE
PRG1	tomm-40	27.284	5.8946078311444	0	FALSE
PRG1	tomm-7	22.794	8.86499956851349	0	FALSE
PRG1	tomm-70	25.586	5.21309144560839	1	TRUE
PRG1	top-1	5.93	3.3663515645324	0	FALSE
PRG1	top-2	19.116	21.4403640089219	0	FALSE
PRG1	top-3A	17.29	10.15453571917	0	FALSE
PRG1	top-3b	26.702	7.72819203612273	0	FALSE
PRG1	tor-1	26.676	3.8925571438448	0	FALSE
PRG1	tor-2	26.584	1.22141085393659	0	FALSE
PRG1	tos-1	15.874	9.57463956532977	0	FALSE
PRG1	tost-1	24.712	8.52105517033541	0	FALSE
PRG1	tpa-1	7.98	1.59251441442843	0	FALSE
PRG1	tpan-1	13.262	10.2089364726486	0	FALSE
PRG1	tph-1	25.118	7.00887239649397	0	FALSE
PRG1	tpi-1	27.626	4.94776183398284	0	FALSE
PRG1	tpk-1	25.264	7.86251648939257	0	FALSE
PRG1	tpp-2	26.872	13.3628024208244	1	TRUE
PRG1	tppp-1	15.538	16.6742405199673	1	TRUE
PRG1	tpra-1	18.918	6.03427801904284	0	FALSE
PRG1	tps-1	22.166	2.62644116685718	0	FALSE
PRG1	tps-2	25.606	5.53122796846756	0	FALSE
PRG1	tpst-1	25.432	9.71262732746323	0	FALSE
PRG1	tpst-2	27.99	4.62482427974053	0	FALSE
PRG1	tpxl-1	21.688	10.6656323200863	0	FALSE
PRG1	tra-1	19.792	4.05172016219352	0	FALSE
PRG1	tra-2	14.45	5.35270743400754	0	FALSE
PRG1	tra-3	24.094	7.99585033193141	0	FALSE
PRG1	tra-4	15.514	11.724661536983	0	FALSE
PRG1	trak-1	25.548	9.28199697062739	0	FALSE
PRG1	tram-1	28.986	2.00906883597241	0	FALSE
PRG1	trap-1	10.116	1.03111149153067	0	FALSE
PRG1	trap-2	25.242	10.2957362552909	0	FALSE
PRG1	trap-3	12.002	6.39022678085074	0	FALSE
PRG1	trap-4	26.682	6.3972651065281	0	FALSE
PRG1	trcs-1	25.216	11.4653537258687	0	FALSE
PRG1	trcs-2	11.186	77.5854756826947	0	FALSE
PRG1	trd-1	9.878	19.0497392547233	0	FALSE
PRG1	tre-1	24.47	3.70094537666929	0	FALSE
PRG1	tre-2	27.052	2.42054308213186	0	FALSE
PRG1	tre-3	25.04	5.34286244895994	0	FALSE
PRG1	tre-4	26.082	11.6384586499178	0	FALSE
PRG1	tre-5	25.858	5.66126017854492	0	FALSE
PRG1	tres-1	21.788	4.54603349475494	0	FALSE
PRG1	trf-1	23.692	11.663730920213	0	FALSE
PRG1	trf-2	15.832	14.6220043147972	0	FALSE
PRG1	trh-1	20.278	26.6578301409895	0	FALSE
PRG1	trhr-1	18.63	1.70967346308459	0	FALSE
PRG1	tric-1B.1	27.192	5.69571993660727	0	FALSE
PRG1	tric-1B.2	24.23	3.78267608675835	0	FALSE
PRG1	trim-21	15.962	1.2587574913785	0	FALSE
PRG1	trip-4	4.752	7.06832671973831	2	FALSE
PRG1	trk-1	18.764	26.2086558705891	0	FALSE
PRG1	trm-1	26.242	2.31848173203872	0	FALSE
PRG1	trm-2a	25.282	7.9646432888921	0	FALSE
PRG1	trmt-10a	22.076	15.3026545805011	0	FALSE
PRG1	trmt-10c.1	26.562	2.77961909040632	0	FALSE
PRG1	trmt-6	28.238	7.34931644704436	0	FALSE
PRG1	trp-1	27.512	4.72698593270479	0	FALSE
PRG1	trp-2	24.874	5.02038834209654	0	FALSE
PRG1	trp-4	23.898	13.1639516643723	0	FALSE
PRG1	trpa-1	27.268	5.0481985142199	0	FALSE
PRG1	trpa-2	30.086	0.726158233613637	0	FALSE
PRG1	trpl-2	24.878	18.0520445451144	0	FALSE
PRG1	trpl-4	18.612	27.2258987885902	0	FALSE
PRG1	trpl-5	29.248	0.689934259060691	0	FALSE
PRG1	trpp-1	26.55	5.98135260876947	0	FALSE
PRG1	trpp-10	13.792	8.13348985902008	0	FALSE
PRG1	trpp-11	28.7	4.42954314858655	0	FALSE
PRG1	trpp-12	26.824	9.88137887104729	0	FALSE
PRG1	trpp-3	25.464	5.63185490801642	0	FALSE
PRG1	trpp-4	23.476	15.3233460395675	0	FALSE
PRG1	trpp-5	29.874	1.96138342137212	0	FALSE
PRG1	trpp-6	24.048	3.60500403290377	0	FALSE
PRG1	trpp-8	21.516	28.7628412818974	0	FALSE
PRG1	trpp-9	27.546	5.65129185074991	0	FALSE
PRG1	trt-1	24.738	9.56591078540861	0	FALSE
PRG1	trul-1	16.57	46.3349515929897	0	FALSE
PRG1	trx-1	26.398	11.4133354727943	0	FALSE
PRG1	trx-2	23.186	18.5257687073122	0	FALSE
PRG1	trx-3	28.042	3.6434618231628	0	FALSE
PRG1	trx-4	26.978	7.05434472787345	0	FALSE
PRG1	trx-5	28.538	5.5148341510032	0	FALSE
PRG1	trxr-1	6.274	2.44233105634402	0	FALSE
PRG1	trxr-2	4.822	2.84122043937008	2	FALSE
PRG1	try-1	24.378	13.6813791843801	0	FALSE
PRG1	try-10	21.74	10.6466117516934	0	FALSE
PRG1	try-11	4.212	2.18500956597218	2	FALSE
PRG1	try-12	21.682	9.34266979239874	0	FALSE
PRG1	try-13	20.738	19.2412630186276	0	FALSE
PRG1	try-14	20.794	6.31919273603654	0	FALSE
PRG1	try-15	21.996	9.64056040947569	0	FALSE
PRG1	try-16	15.074	7.77963386084992	0	FALSE
PRG1	try-3	24.472	14.6562867486508	0	FALSE
PRG1	try-4	18.672	1.80564384281315	0	FALSE
PRG1	try-5	26.126	10.5647297739065	0	FALSE
PRG1	try-6	26.61	6.87377604778184	0	FALSE
PRG1	try-7	27.848	3.98344799167669	0	FALSE
PRG1	try-8	7.528	27.4461821330753	0	FALSE
PRG1	try-9	25.652	3.26139176681603	0	FALSE
PRG1	tsct-1	21.098	8.58335811373268	0	FALSE
PRG1	tsen-2	24.478	7.92913687331959	0	FALSE
PRG1	tsen-34	27.294	8.80921688258364	0	FALSE
PRG1	tsen-54	21.964	23.7322665984369	0	FALSE
PRG1	tsfm-1	18.224	21.6385170787728	0	FALSE
PRG1	tsg-101	25.118	8.77354886063142	0	FALSE
PRG1	tsn-1	6.522	6.26900154339874	0	FALSE
PRG1	tsp-1	25.994	7.34888672185329	0	FALSE
PRG1	tsp-10	21.492	17.7383128251738	0	FALSE
PRG1	tsp-11	22.472	19.3371415097652	0	FALSE
PRG1	tsp-12	25.328	9.03013760426363	0	FALSE
PRG1	tsp-13	22.08	9.20002959745771	0	FALSE
PRG1	tsp-14	23.644	2.34485964475604	0	FALSE
PRG1	tsp-15	24.262	11.7764608354513	0	FALSE
PRG1	tsp-16	23.122	12.1199231943139	0	FALSE
PRG1	tsp-17	18.088	2.73324033167499	0	FALSE
PRG1	tsp-18	5.284	8.34378260138183	0	FALSE
PRG1	tsp-19	14.366	5.15965094785795	0	FALSE
PRG1	tsp-2	26.804	3.4638699711794	0	FALSE
PRG1	tsp-20	21.526	15.1529386647402	0	FALSE
PRG1	tsp-21	25.832	3.85121834105845	0	FALSE
PRG1	tsp-3	25.432	11.1690894903941	0	FALSE
PRG1	tsp-4	26.902	8.51430157161748	0	FALSE
PRG1	tsp-5	21.01	19.1822279862991	0	FALSE
PRG1	tsp-6	27.972	5.37978055398626	0	FALSE
PRG1	tsp-7	22.558	19.5690066192346	0	FALSE
PRG1	tsp-8	4.23	4.20245598927451	2	FALSE
PRG1	tsp-9	28.33	4.79692975061326	0	FALSE
PRG1	tspo-1	22.338	2.14796518651891	0	FALSE
PRG1	tsr-1	29.064	1.74300377265105	0	FALSE
PRG1	tsr-2	17.728	7.81136972300576	0	FALSE
PRG1	ttb-1	8.588	6.96482044577391	0	FALSE
PRG1	ttbk-2.1	25.386	9.95711181173507	0	FALSE
PRG1	ttbk-2.2	25.21	9.28669146652396	0	FALSE
PRG1	ttbk-3	10.144	2.08025755063587	0	FALSE
PRG1	ttbk-4	26.21	19.7382429242306	0	FALSE
PRG1	ttbk-5	26.914	16.8088303575938	0	FALSE
PRG1	ttbk-6	27.826	3.93853933173346	0	FALSE
PRG1	ttbk-7	18.47	8.1089963083266	0	FALSE
PRG1	ttbk-8.1	23.1	10.8652403228933	0	FALSE
PRG1	ttbk-8.2	26.562	9.41414024472829	0	FALSE
PRG1	ttc-1	17.484	7.23191903889678	1	TRUE
PRG1	ttc-17	25.814	9.33789166350989	0	FALSE
PRG1	ttc-36	25.91	8.13904549592825	0	FALSE
PRG1	ttc-37	27.91	4.24484506474235	1	TRUE
PRG1	ttc-4	11.652	4.37836113493346	0	FALSE
PRG1	ttc-7	28.722	1.70465876803134	0	FALSE
PRG1	tth-1	18.692	18.1277902135841	0	FALSE
PRG1	ttll-11	22.69	8.39290560998197	0	FALSE
PRG1	ttll-12	25.612	8.31359078773842	0	FALSE
PRG1	ttll-15	24.206	9.64769994039075	0	FALSE
PRG1	ttll-4	19.226	2.11903896273411	0	FALSE
PRG1	ttll-5	26.462	1.60583209580224	1	TRUE
PRG1	ttll-9	25.612	2.83311330178498	0	FALSE
PRG1	ttm-1	12.962	19.7585803305862	0	FALSE
PRG1	ttm-2	22.258	9.05955003372104	0	FALSE
PRG1	ttm-5	4.782	2.79545628029293	2	FALSE
PRG1	ttr-1	26.9	2.83662854312783	0	FALSE
PRG1	ttr-10	26.028	5.32236445583243	0	FALSE
PRG1	ttr-11	6.818	10.2393502647062	0	FALSE
PRG1	ttr-12	23.198	12.1657857794853	0	FALSE
PRG1	ttr-13	5.084	4.97915573006979	0	FALSE
PRG1	ttr-14	16.904	17.2827577259311	0	FALSE
PRG1	ttr-15	24.358	7.07364064485706	0	FALSE
PRG1	ttr-16	9.966	2.8703535458944	0	FALSE
PRG1	ttr-17	25.27	4.04918947124226	0	FALSE
PRG1	ttr-18	26.642	4.81092034985319	0	FALSE
PRG1	ttr-19	26.904	6.14206735006335	0	FALSE
PRG1	ttr-2	26.918	5.8415958759905	0	FALSE
PRG1	ttr-20	26.118	8.01026469640498	0	FALSE
PRG1	ttr-21	28.528	3.31614042623275	0	FALSE
PRG1	ttr-22	26.958	9.80569824573472	0	FALSE
PRG1	ttr-23	26.046	4.72721875120285	0	FALSE
PRG1	ttr-24	28.048	2.43127406375896	0	FALSE
PRG1	ttr-25	27.52	7.43049285651529	0	FALSE
PRG1	ttr-26	27.02	4.62598074966666	0	FALSE
PRG1	ttr-27	10.184	6.01733136379663	0	FALSE
PRG1	ttr-28	24.084	12.9855831310899	0	FALSE
PRG1	ttr-29	25.942	3.64843759411991	0	FALSE
PRG1	ttr-3	25.78	9.5763581316229	0	FALSE
PRG1	ttr-30	27.806	5.69612862186152	0	FALSE
PRG1	ttr-31	12.994	4.00428821717435	0	FALSE
PRG1	ttr-32	26.236	4.72068637445346	0	FALSE
PRG1	ttr-33	26.48	3.25069685001216	0	FALSE
PRG1	ttr-34	23.094	10.1390043081384	0	FALSE
PRG1	ttr-35	24.842	13.1007350382905	0	FALSE
PRG1	ttr-36	26.326	2.61293323569122	0	FALSE
PRG1	ttr-37	24.096	10.1202753773274	0	FALSE
PRG1	ttr-38	27.894	3.95347688942856	0	FALSE
PRG1	ttr-39	14.93	1.46438118614035	0	FALSE
PRG1	ttr-40	25.732	9.92477911262106	0	FALSE
PRG1	ttr-41	26	4.32927286623237	0	FALSE
PRG1	ttr-42	20.936	14.2079702078359	0	FALSE
PRG1	ttr-43	26.534	4.35079240906661	0	FALSE
PRG1	ttr-44	25.056	6.88481568992049	0	FALSE
PRG1	ttr-45	23.104	8.34582490416535	0	FALSE
PRG1	ttr-46	21.342	13.6242288741345	0	FALSE
PRG1	ttr-47	27.306	4.36375227507078	0	FALSE
PRG1	ttr-48	7.558	3.54704693250631	0	FALSE
PRG1	ttr-49	24.398	2.54950790324447	0	FALSE
PRG1	ttr-5	23.932	12.2017877583923	0	FALSE
PRG1	ttr-50	18.298	2.34342907959656	0	FALSE
PRG1	ttr-51	26.632	2.51694712960558	0	FALSE
PRG1	ttr-52	18.56	4.33268054537075	0	FALSE
PRG1	ttr-53	18.03	38.6554052725493	0	FALSE
PRG1	ttr-54	25.534	7.18666183851494	0	FALSE
PRG1	ttr-55	22.46	9.48864614575523	0	FALSE
PRG1	ttr-56	21.572	11.4625672008039	0	FALSE
PRG1	ttr-57	26.406	8.41521949136435	0	FALSE
PRG1	ttr-58	23.504	7.91712562808999	0	FALSE
PRG1	ttr-59	7.764	6.06083838223292	0	FALSE
PRG1	ttr-6	25.002	8.61025305622871	0	FALSE
PRG1	ttr-7	27.546	3.60338171649843	0	FALSE
PRG1	ttr-8	25.258	4.27526807908248	0	FALSE
PRG1	ttr-9	23.336	9.01785773042596	0	FALSE
PRG1	ttx-1	14.618	15.8828111949367	0	FALSE
PRG1	ttx-3	22.224	10.3203047642924	0	FALSE
PRG1	ttx-7	17.138	14.9450512409997	0	FALSE
PRG1	ttyh-1	15.638	32.0990433179504	0	FALSE
PRG1	tub-1	6.03	4.35619420781549	0	FALSE
PRG1	tub-2	24.004	3.89820162629511	0	FALSE
PRG1	tufm-1	24.384	1.91185473218397	0	FALSE
PRG1	tufm-2	22.25	10.3276459160792	0	FALSE
PRG1	tut-1	19.61	2.29672983679522	1	TRUE
PRG1	tut-2	26.78	3.21904959942548	0	FALSE
PRG1	twf-2	24.464	13.1518664593118	0	FALSE
PRG1	twk-1	8.11	1.68841725494811	0	FALSE
PRG1	twk-10	18.75	5.5686742886735	0	FALSE
PRG1	twk-11	22.502	3.48658264557243	0	FALSE
PRG1	twk-12	23.804	6.9469692254545	0	FALSE
PRG1	twk-13	8.406	0.782806751194965	0	FALSE
PRG1	twk-14	24.808	5.83308975988039	0	FALSE
PRG1	twk-16	21.32	6.85196435338598	0	FALSE
PRG1	twk-17	18.514	4.81575278217265	0	FALSE
PRG1	twk-18	21.49	5.50333401008546	0	FALSE
PRG1	twk-2	27.258	10.5304697451764	0	FALSE
PRG1	twk-20	21.106	8.15853674562556	0	FALSE
PRG1	twk-21	18.98	8.97467687812862	0	FALSE
PRG1	twk-22	20.01	6.40684727818846	0	FALSE
PRG1	twk-23	17.55	1.87558753169605	0	FALSE
PRG1	twk-24	16.364	11.6827240792113	0	FALSE
PRG1	twk-25	21.192	6.42075937295728	0	FALSE
PRG1	twk-26	23.764	23.209491682713	0	FALSE
PRG1	twk-28	16.904	38.6988943683838	0	FALSE
PRG1	twk-29	6.324	7.23821110375464	0	FALSE
PRG1	twk-3	25.668	3.80178909581402	0	FALSE
PRG1	twk-30	19.82	4.47721390115674	0	FALSE
PRG1	twk-31	20.076	4.11769282103803	0	FALSE
PRG1	twk-32	23.6	5.13333073729805	0	FALSE
PRG1	twk-33	20.162	1.68867306328076	0	FALSE
PRG1	twk-34	10.044	8.66406176225427	0	FALSE
PRG1	twk-35	14.058	3.01056841729865	0	FALSE
PRG1	twk-36	13.9	8.37643049002718	0	FALSE
PRG1	twk-37	26.232	9.90412927996794	0	FALSE
PRG1	twk-39	22.4	2.93133988265657	0	FALSE
PRG1	twk-4	23.966	14.9603819473354	0	FALSE
PRG1	twk-40	16.392	3.83082627207527	0	FALSE
PRG1	twk-42	21.714	17.4333434280821	0	FALSE
PRG1	twk-43	18.29	9.1314091039067	0	FALSE
PRG1	twk-44	25.388	12.6690025988545	0	FALSE
PRG1	twk-45	11.892	2.93918813914813	0	FALSE
PRG1	twk-46	22.11	9.65491354260065	0	FALSE
PRG1	twk-47	17.124	4.71984614234484	0	FALSE
PRG1	twk-48	6.178	0.973882094949262	0	FALSE
PRG1	twk-49	23.79	8.59268226009232	0	FALSE
PRG1	twk-5	21.33	5.01673741754457	0	FALSE
PRG1	twk-6	27.888	3.10944505850001	0	FALSE
PRG1	twk-7	19.004	7.45212938913922	0	FALSE
PRG1	twk-8	19.204	6.67428296497364	0	FALSE
PRG1	twk-9	20.716	8.3143719585304	0	FALSE
PRG1	twnk-1	20.236	14.9710558895397	0	FALSE
PRG1	txbp-3	27.572	1.26795216584569	0	FALSE
PRG1	txdc-12.1	25.754	5.97117587195279	0	FALSE
PRG1	txdc-12.2	27.678	4.23831711955179	0	FALSE
PRG1	txdc-15	22.818	12.217226191595	0	FALSE
PRG1	txdc-17	26.506	11.8616117250124	0	FALSE
PRG1	txdc-9	13.916	9.37399089208082	0	FALSE
PRG1	txl-1	24.854	7.58141550772129	0	FALSE
PRG1	txt-1	19.738	4.65643177121166	0	FALSE
PRG1	txt-10	26.71	3.80307067465452	0	FALSE
PRG1	txt-11	9.448	5.21396558739883	0	FALSE
PRG1	txt-12	22.438	2.61799889098146	0	FALSE
PRG1	txt-13	23.284	4.69947497711919	0	FALSE
PRG1	txt-14	9.796	4.11355673994289	0	FALSE
PRG1	txt-17	26.71	10.7590209812447	0	FALSE
PRG1	txt-19	18.694	3.40482632138199	0	FALSE
PRG1	txt-2	26.062	9.46295755674825	0	FALSE
PRG1	txt-3	17.89	6.09855574011477	0	FALSE
PRG1	txt-4	26.06	9.55853274231598	0	FALSE
PRG1	txt-5	22.946	15.6560953263226	0	FALSE
PRG1	txt-6	24.66	6.57816085390337	0	FALSE
PRG1	txt-7	12.546	25.038340795403	0	FALSE
PRG1	tyms-1	23.628	4.63895827722397	0	FALSE
PRG1	tyr-1	22.272	8.50351731603459	0	FALSE
PRG1	tyr-2	21.916	3.62405581346158	0	FALSE
PRG1	tyr-3	7.126	26.4803489490377	0	FALSE
PRG1	tyr-4	18.58	6.67926617380641	0	FALSE
PRG1	tyr-5	25.242	11.3211210624024	0	FALSE
PRG1	tyr-6	27.042	1.47348396459023	0	FALSE
PRG1	tyra-2	17.562	13.900131685483	0	FALSE
PRG1	tyra-3	22.83	7.4593429581713	0	FALSE
PRG1	uad-2	9.942	63.1843568496202	0	FALSE
PRG1	uaf-1	2.048	2.83455571751953	2	FALSE
PRG1	uaf-2	27.166	5.41396711997598	0	FALSE
PRG1	uba-1	25.41	8.70857474441431	0	FALSE
PRG1	uba-2	25.176	8.48611522481118	0	FALSE
PRG1	uba-5	25.318	12.0925665100826	0	FALSE
PRG1	ubc-1	19.608	8.03979088559294	0	FALSE
PRG1	ubc-12	7.114	8.02629136483817	1	TRUE
PRG1	ubc-13	24.026	19.4818013717678	0	FALSE
PRG1	ubc-14	25.092	5.37661286386033	0	FALSE
PRG1	ubc-15	26.154	7.74562668599859	0	FALSE
PRG1	ubc-16	26.048	7.87684359608703	0	FALSE
PRG1	ubc-17	26.25	5.13826955880644	0	FALSE
PRG1	ubc-18	28.202	2.64723128373507	0	FALSE
PRG1	ubc-19	19.82	26.1588748608632	0	FALSE
PRG1	ubc-20	25.324	8.3370965793601	0	FALSE
PRG1	ubc-21	27.244	5.20029161428444	0	FALSE
PRG1	ubc-22	15.218	7.74316457670705	0	FALSE
PRG1	ubc-23	10.278	7.0266397527046	0	FALSE
PRG1	ubc-24	28.22	2.59517789328552	0	FALSE
PRG1	ubc-25	16.16	6.21544092061561	0	FALSE
PRG1	ubc-26	21.558	16.0693012799011	0	FALSE
PRG1	ubc-3	10.71	2.26122895206579	0	FALSE
PRG1	ubc-6	21.126	10.4379177766653	0	FALSE
PRG1	ubc-7	27.062	1.6666213280972	0	FALSE
PRG1	ubc-8	18.804	5.04898076642427	0	FALSE
PRG1	ubc-9	11.354	7.4605550956478	0	FALSE
PRG1	ubh-1	27.576	2.8934253336063	0	FALSE
PRG1	ubh-2	25.426	10.7899481035003	0	FALSE
PRG1	ubh-3	27.44	5.50792109137255	0	FALSE
PRG1	ubh-4	5.688	4.73444755385722	0	FALSE
PRG1	ubl-5	27.162	2.57967938512719	0	FALSE
PRG1	ubq-1	26.102	6.70498153613705	0	FALSE
PRG1	ubq-2	22.462	6.95129557835018	0	FALSE
PRG1	ubql-1	23.16	6.53121830608266	0	FALSE
PRG1	ubr-1	12.236	31.5521635360164	1	TRUE
PRG1	ubxn-1	13.952	9.49872590453286	0	FALSE
PRG1	ubxn-2	15.356	7.28856394542976	0	FALSE
PRG1	ubxn-3	15.186	5.8492928124421	0	FALSE
PRG1	ubxn-4	10.768	7.32255044621078	1	TRUE
PRG1	ubxn-5	27.74	5.53866049217625	0	FALSE
PRG1	ubxn-6	19.49	29.7778861997086	0	FALSE
PRG1	ucp-4	19.448	8.66427493662678	0	FALSE
PRG1	ucr-1	25.164	7.93526461514701	0	FALSE
PRG1	ucr-11	24.126	19.4409475942755	0	FALSE
PRG1	ucr-2.1	18.788	52.0796047639279	0	FALSE
PRG1	ucr-2.2	23.276	24.7514721706704	0	FALSE
PRG1	ucr-2.3	28.606	3.66202568533535	1	TRUE
PRG1	uda-1	16.054	1.87729013706064	0	FALSE
PRG1	uev-1	27.932	3.46952540862386	0	FALSE
PRG1	uev-2	23.88	17.6121264259014	0	FALSE
PRG1	uev-3	22.814	11.1802518584934	0	FALSE
PRG1	ufbp-1	17.294	0.941831410689874	0	FALSE
PRG1	ufc-1	25.094	11.4339973222806	0	FALSE
PRG1	ufd-1	21.068	27.8549104994642	0	FALSE
PRG1	ufd-2	11.6	10.1150853895345	0	FALSE
PRG1	ufd-3	20.128	9.13443091745619	1	TRUE
PRG1	ufl-1	27.992	1.20709672339283	1	TRUE
PRG1	ufm-1	15.922	2.16357946894846	0	FALSE
PRG1	uggt-1	26.356	12.8279286175852	0	FALSE
PRG1	uggt-2	28.146	2.27296934254527	0	FALSE
PRG1	ugt-1	25.544	3.4373089395122	0	FALSE
PRG1	ugt-10	28.002	6.02361806169737	0	FALSE
PRG1	ugt-11	8.354	1.31836580342431	0	FALSE
PRG1	ugt-12	27.01	6.31586884907544	0	FALSE
PRG1	ugt-13	28.466	4.12085664024936	0	FALSE
PRG1	ugt-14	29.06	2.55214576027732	0	FALSE
PRG1	ugt-15	3.114	2.51426835338001	2	FALSE
PRG1	ugt-16	28.966	1.0205105383622	0	FALSE
PRG1	ugt-17	27.744	2.88368655722894	0	FALSE
PRG1	ugt-18	27.576	4.84524584476671	0	FALSE
PRG1	ugt-19	28.944	1.43403213021923	0	FALSE
PRG1	ugt-2	25.99	8.37004051998291	0	FALSE
PRG1	ugt-20	28.404	1.32961509546767	0	FALSE
PRG1	ugt-21	28.07	2.62166301579382	0	FALSE
PRG1	ugt-22	27.61	5.96104037999014	0	FALSE
PRG1	ugt-23	27.478	1.81205202528582	0	FALSE
PRG1	ugt-24	27.144	3.58752097465584	0	FALSE
PRG1	ugt-25	28.326	2.21745474575329	0	FALSE
PRG1	ugt-26	28.898	1.20058066123411	0	FALSE
PRG1	ugt-27	28.48	1.16798085523033	0	FALSE
PRG1	ugt-28	23.912	3.75675430531523	0	FALSE
PRG1	ugt-29	27.85	4.28140605521484	0	FALSE
PRG1	ugt-3	25.8	5.55346694709747	0	FALSE
PRG1	ugt-30	24.654	6.37243510836932	0	FALSE
PRG1	ugt-31	28.226	2.84923948239538	0	FALSE
PRG1	ugt-32	27.454	5.18315284748659	0	FALSE
PRG1	ugt-33	27.722	3.12223530195777	0	FALSE
PRG1	ugt-34	28	4.25449941898251	0	FALSE
PRG1	ugt-35	26.93	3.05126455019297	0	FALSE
PRG1	ugt-36	28.578	2.31468521476638	0	FALSE
PRG1	ugt-37	29.224	1.48280829943988	0	FALSE
PRG1	ugt-38	29.424	3.10980850377661	0	FALSE
PRG1	ugt-39	29.87	0.670822394024571	0	FALSE
PRG1	ugt-4	24.9	10.2401369852815	0	FALSE
PRG1	ugt-40	24.1	6.88765434476012	0	FALSE
PRG1	ugt-41	26.022	7.55667405166267	0	FALSE
PRG1	ugt-42	7.466	2.60857564857438	0	FALSE
PRG1	ugt-43	23.126	3.14469152884224	0	FALSE
PRG1	ugt-44	28.752	1.59864066634685	0	FALSE
PRG1	ugt-45	22.876	1.18132817586209	0	FALSE
PRG1	ugt-46	28.906	1.34221946427533	0	FALSE
PRG1	ugt-47	27.972	2.7467569312445	0	FALSE
PRG1	ugt-48	27.812	1.3155562160166	0	FALSE
PRG1	ugt-49	24.058	3.75874435986057	0	FALSE
PRG1	ugt-5	28.898	2.08280397961469	0	FALSE
PRG1	ugt-50	23.598	3.08903848431407	0	FALSE
PRG1	ugt-51	26.868	1.45711302079141	0	FALSE
PRG1	ugt-52	27.56	3.6791629800455	0	FALSE
PRG1	ugt-53	29.198	0.637250856030718	0	FALSE
PRG1	ugt-54	28.45	3.60534010487425	0	FALSE
PRG1	ugt-55	27.892	3.98942662741968	0	FALSE
PRG1	ugt-56	25.98	3.57522466040788	0	FALSE
PRG1	ugt-57	23.942	4.66072949813009	0	FALSE
PRG1	ugt-58	28.566	3.27556395968512	0	FALSE
PRG1	ugt-59	28.43	0.984561027244349	0	FALSE
PRG1	ugt-6	27.53	5.17390866989351	0	FALSE
PRG1	ugt-60	28.13	4.492796173606	0	FALSE
PRG1	ugt-61	29.132	1.93075579038452	0	FALSE
PRG1	ugt-62	28.478	1.35804062291968	0	FALSE
PRG1	ugt-63	11.896	7.17181267926475	0	FALSE
PRG1	ugt-64	4.57	6.16780664746407	2	FALSE
PRG1	ugt-65	25.734	2.44327634099816	0	FALSE
PRG1	ugt-66	28.202	2.43212593829254	0	FALSE
PRG1	ugt-67	28.804	3.76076149272536	0	FALSE
PRG1	ugt-7	27.944	1.90147202985514	0	FALSE
PRG1	ugt-8	29.252	1.13956880350065	0	FALSE
PRG1	ugt-9	25.892	5.74036014587045	0	FALSE
PRG1	ugtp-1	21.476	5.19519230209941	0	FALSE
PRG1	uig-1	22.552	4.78034355237628	0	FALSE
PRG1	ula-1	27.218	8.16097490722815	0	FALSE
PRG1	ule-1	19.254	1.14885876087651	0	FALSE
PRG1	ule-2	22.474	3.94668512730753	0	FALSE
PRG1	ule-3	21.258	4.26746137803268	0	FALSE
PRG1	ule-4	12.128	23.6773450743632	0	FALSE
PRG1	ule-5	24.984	5.59461623662421	0	FALSE
PRG1	ulp-1	14.258	7.44622406211914	0	FALSE
PRG1	ulp-2	24.238	6.31330529987469	1	TRUE
PRG1	ulp-3	27.672	3.46745989715538	0	FALSE
PRG1	ulp-4	23.052	1.65568017728618	0	FALSE
PRG1	ulp-5	25.988	1.47717409766551	0	FALSE
PRG1	umps-1	4.914	3.93971348484495	2	FALSE
PRG1	unc-1	21.546	15.2662907087383	0	FALSE
PRG1	unc-10	20.826	27.9643445394422	0	FALSE
PRG1	unc-101	19.974	9.69070465238864	0	FALSE
PRG1	unc-103	19.462	17.0844166724357	0	FALSE
PRG1	unc-104	24.512	8.51194980699792	0	FALSE
PRG1	unc-105	18.138	3.80564595804853	0	FALSE
PRG1	unc-108	17.268	4.47233224341694	0	FALSE
PRG1	unc-11	20.844	3.1697570994374	1	TRUE
PRG1	unc-112	23.384	5.98261471305943	0	FALSE
PRG1	unc-115	21.806	3.37080351285764	0	FALSE
PRG1	unc-116	10.612	6.58195358496018	0	FALSE
PRG1	unc-119	27.762	7.79705262288367	0	FALSE
PRG1	unc-120	12.36	2.49762929456847	0	FALSE
PRG1	unc-122	19.382	1.82062694850639	0	FALSE
PRG1	unc-129	26.422	10.7659756486381	0	FALSE
PRG1	unc-13	16.122	6.56775309006553	0	FALSE
PRG1	unc-130	21.14	11.8276252321842	0	FALSE
PRG1	unc-132	24.868	8.19820651775883	0	FALSE
PRG1	unc-14	12.394	4.12303377591053	0	FALSE
PRG1	unc-15	16.242	11.8574965972389	1	TRUE
PRG1	unc-16	24.378	10.8426512399822	0	FALSE
PRG1	unc-17	6.626	1.85023997057373	0	FALSE
PRG1	unc-18	23.898	11.2464611948477	0	FALSE
PRG1	unc-2	21.276	7.27569137999005	0	FALSE
PRG1	unc-23	18.936	8.34427958984864	0	FALSE
PRG1	unc-24	13	15.3297097167559	0	FALSE
PRG1	unc-25	26.164	4.89353196703315	0	FALSE
PRG1	unc-26	24.53	8.2348649661627	1	TRUE
PRG1	unc-27	15.854	6.78078454075299	0	FALSE
PRG1	unc-29	26.97	1.47126324649807	0	FALSE
PRG1	unc-3	18.632	16.3447412858554	0	FALSE
PRG1	unc-30	20.378	9.15747830591151	0	FALSE
PRG1	unc-31	15.926	1.12725829913406	0	FALSE
PRG1	unc-32	21.892	13.4459991701691	0	FALSE
PRG1	unc-33	19.608	6.05268692708873	0	FALSE
PRG1	unc-34	10.666	27.8288018500193	0	FALSE
PRG1	unc-36	25.622	2.84341439060433	0	FALSE
PRG1	unc-37	15.354	7.36952378060058	0	FALSE
PRG1	unc-38	27.218	3.28157731339436	0	FALSE
PRG1	unc-39	16.476	23.8405804351828	0	FALSE
PRG1	unc-4	18.236	6.85047036666142	0	FALSE
PRG1	unc-40	20.748	4.85807485992584	0	FALSE
PRG1	unc-41	23.492	3.42231990688693	0	FALSE
PRG1	unc-42	20.192	5.30299172676053	0	FALSE
PRG1	unc-43	19.364	22.7058644001999	1	TRUE
PRG1	unc-45	29.108	2.02101534138385	1	TRUE
PRG1	unc-46	26.08	9.23590386675767	0	FALSE
PRG1	unc-47	28.948	2.40320410363024	0	FALSE
PRG1	unc-49	25.15	11.5296839096878	0	FALSE
PRG1	unc-5	24.364	14.1659041334221	0	FALSE
PRG1	unc-50	21.136	9.80551507881852	0	FALSE
PRG1	unc-51	11.142	5.70865350421948	0	FALSE
PRG1	unc-53	13.458	10.6375167954745	0	FALSE
PRG1	unc-54	22.458	15.2769583178274	0	FALSE
PRG1	unc-55	24.316	15.3742916795418	0	FALSE
PRG1	unc-57	4.656	1.83881914029244	3	TRUE
PRG1	unc-58	21.012	5.70659848336697	0	FALSE
PRG1	unc-59	23.246	12.0665959359264	0	FALSE
PRG1	unc-6	23.472	7.72691735380679	0	FALSE
PRG1	unc-60	25.36	12.8262209106761	0	FALSE
PRG1	unc-61	25.81	5.78302365542859	0	FALSE
PRG1	unc-62	21.564	3.65537416901519	0	FALSE
PRG1	unc-63	17.25	2.94370623996708	0	FALSE
PRG1	unc-64	18.882	2.30253312129278	0	FALSE
PRG1	unc-69	23.81	3.98903591076029	0	FALSE
PRG1	unc-7	24.576	8.977706940991	0	FALSE
PRG1	unc-71	19.832	4.59883857258418	0	FALSE
PRG1	unc-75	26.014	4.32784788309635	0	FALSE
PRG1	unc-76	19.828	7.43426369708528	1	TRUE
PRG1	unc-77	14.666	26.9824785761558	0	FALSE
PRG1	unc-78	22.3	2.57896271471042	0	FALSE
PRG1	unc-79	24.914	15.3541541797706	0	FALSE
PRG1	unc-8	9.202	3.65257662474009	0	FALSE
PRG1	unc-82	21.782	4.34510727469584	0	FALSE
PRG1	unc-83	8.498	4.33915158375559	0	FALSE
PRG1	unc-84	14.93	5.4284181562837	0	FALSE
PRG1	unc-85	19.868	2.16557146116769	0	FALSE
PRG1	unc-86	18.462	3.22053666346116	0	FALSE
PRG1	unc-87	10.594	24.8607540073987	0	FALSE
PRG1	unc-9	29.168	2.9336894715085	0	FALSE
PRG1	unc-93	24.504	6.62183795750859	0	FALSE
PRG1	unc-94	22.008	16.7247541071565	0	FALSE
PRG1	unc-95	19.7	5.84418075613261	0	FALSE
PRG1	unc-96	13.294	2.37432076501808	0	FALSE
PRG1	unc-97	7.398	10.013383599954	0	FALSE
PRG1	unc-98	15.576	12.4947576052323	0	FALSE
PRG1	uncp-18	7.17	3.24099024787231	0	FALSE
PRG1	ung-1	16.892	1.98623330710851	0	FALSE
PRG1	unk-1	11.924	36.2057906469042	0	FALSE
PRG1	upb-1	7.236	5.1064077073639	0	FALSE
PRG1	upp-1	26.37	8.42023749553433	0	FALSE
PRG1	urb-1	27.146	3.7845928055012	0	FALSE
PRG1	uri-1	16.786	14.792377752471	1	TRUE
PRG1	urm-1	15.658	7.64415027479848	0	FALSE
PRG1	usip-1	26.588	1.59733674606153	0	FALSE
PRG1	uso-1	27.846	4.53446746616944	1	TRUE
PRG1	usp-14	25.724	8.62011238731085	0	FALSE
PRG1	usp-3	22.572	8.19332446876429	0	FALSE
PRG1	usp-33	27.222	3.15722258557561	0	FALSE
PRG1	usp-39	26.764	11.7690251895634	0	FALSE
PRG1	usp-4	22.604	5.32330053883856	0	FALSE
PRG1	usp-46	25.992	2.72352376800602	0	FALSE
PRG1	usp-48	24.464	8.30744618225818	0	FALSE
PRG1	usp-5	24.762	15.2158441870652	1	TRUE
PRG1	usp-50	21.854	12.7312968412517	0	FALSE
PRG1	utx-1	25.334	9.71999768271069	0	FALSE
PRG1	uvs-1	18.87	13.7633421340468	0	FALSE
PRG1	vab-1	21.85	9.0316281601181	0	FALSE
PRG1	vab-15	10.258	85.400864223052	0	FALSE
PRG1	vab-19	6.348	4.77993678959935	0	FALSE
PRG1	vab-2	17.096	3.85580776519383	0	FALSE
PRG1	vab-23	25.656	6.08360885091472	0	FALSE
PRG1	vab-3	19.02	2.33387561823639	0	FALSE
PRG1	vab-7	18.816	5.00233070656377	0	FALSE
PRG1	vab-8	17.906	4.29889256542187	0	FALSE
PRG1	vab-9	20.352	35.9197178411188	0	FALSE
PRG1	vacl-14	28.73	2.61781088828159	0	FALSE
PRG1	valv-1	20.274	0.959987422369765	0	FALSE
PRG1	vamp-7	21.61	13.1412491356068	0	FALSE
PRG1	vamp-8	19.9	5.36642480512029	0	FALSE
PRG1	vang-1	15.538	33.6704088947162	0	FALSE
PRG1	vap-1	17.434	46.3383857218012	0	FALSE
PRG1	vap-2	25.348	3.08491980583688	0	FALSE
PRG1	vars-1	23.624	1.68937938204981	0	FALSE
PRG1	vav-1	5.744	4.41905731558727	0	FALSE
PRG1	vbh-1	21.394	12.1951414174332	1	TRUE
PRG1	vdac-1	28.656	4.09598736566083	0	FALSE
PRG1	vem-1	24.508	9.95523874695826	0	FALSE
PRG1	vep-1	21.962	11.2895419534767	0	FALSE
PRG1	vep-2	17.43	2.48727484646534	0	FALSE
PRG1	ver-1	28.456	1.33830490998647	0	FALSE
PRG1	ver-3	22.792	4.2210665423682	0	FALSE
PRG1	ver-4	28.168	6.72055227869824	0	FALSE
PRG1	vet-1	23.756	14.0174987245144	0	FALSE
PRG1	vet-2	6.948	3.92235504015514	1	TRUE
PRG1	vet-6	20.138	12.5702004747379	0	FALSE
PRG1	vgln-1	21.834	4.90174789271675	0	FALSE
PRG1	vglu-2	22.862	2.6515310933477	0	FALSE
PRG1	vglu-3	19.95	2.61925746542133	0	FALSE
PRG1	vha-1	29.362	2.14527898967043	0	FALSE
PRG1	vha-10	23.88	9.02334074551023	0	FALSE
PRG1	vha-11	26.978	8.59254281869499	0	FALSE
PRG1	vha-12	20.92	4.32237099610943	0	FALSE
PRG1	vha-13	25.274	6.98374707795411	0	FALSE
PRG1	vha-14	15.292	4.10743049255495	0	FALSE
PRG1	vha-15	28.726	7.58928713229279	0	FALSE
PRG1	vha-16	27.566	3.84955802993847	0	FALSE
PRG1	vha-17	27.608	3.16532216416756	0	FALSE
PRG1	vha-18	28.666	6.32496108455628	0	FALSE
PRG1	vha-19	27.788	5.64782312235663	0	FALSE
PRG1	vha-2	28.812	2.99467843156059	0	FALSE
PRG1	vha-20	17.34	15.4868183792114	0	FALSE
PRG1	vha-3	28.812	2.99467843156059	0	FALSE
PRG1	vha-4	29.184	1.75701412972383	0	FALSE
PRG1	vha-5	26.336	14.5183376296241	0	FALSE
PRG1	vha-6	28.18	4.55275129594596	0	FALSE
PRG1	vha-7	23.548	11.0637698667768	0	FALSE
PRG1	vha-8	24.116	4.40144234504226	0	FALSE
PRG1	vha-9	27.138	2.85932609877976	0	FALSE
PRG1	vhl-1	14.012	4.95615630970204	0	FALSE
PRG1	vhp-1	19.668	4.29886034247749	0	FALSE
PRG1	vig-1	17.366	9.07959521994806	0	FALSE
PRG1	viln-1	22.216	12.0280381164221	0	FALSE
PRG1	viro-2	20.848	26.519783019375	0	FALSE
PRG1	vit-1	20.14	1.14200595829196	0	FALSE
PRG1	vit-2	27.46	4.45854382973311	0	FALSE
PRG1	vit-3	19.264	14.5428812685441	0	FALSE
PRG1	vit-4	26.308	1.04665621559513	0	FALSE
PRG1	vit-5	25.938	2.3864880474489	0	FALSE
PRG1	vit-6	24.116	8.06449735927676	0	FALSE
PRG1	vkmt-1	23.292	5.27304596769313	0	FALSE
PRG1	vmo-1	20.1	1.2605830307781	0	FALSE
PRG1	vms-1	25.228	5.89384595927166	0	FALSE
PRG1	vnut-1	22.406	4.09409171585645	0	FALSE
PRG1	vpat-1	21.968	14.4958920594699	0	FALSE
PRG1	vpr-1	18.744	9.10141342773234	0	FALSE
PRG1	vps-11	24.044	12.3133837985507	0	FALSE
PRG1	vps-15	26.492	10.7675098246557	0	FALSE
PRG1	vps-16	17.096	2.97586206344853	0	FALSE
PRG1	vps-18	26.982	9.59331650457917	1	TRUE
PRG1	vps-2	25.7	4.8943786676817	0	FALSE
PRG1	vps-20	24.5	15.1460198028521	0	FALSE
PRG1	vps-22	26.466	10.3748290285999	0	FALSE
PRG1	vps-24	26.108	5.5677963004085	0	FALSE
PRG1	vps-25	15.476	4.30403907074019	0	FALSE
PRG1	vps-26	24.142	20.0638626012931	0	FALSE
PRG1	vps-28	28.178	4.72055463611858	0	FALSE
PRG1	vps-29	24.78	2.71266298438318	0	FALSE
PRG1	vps-32.1	18.708	5.89820154002343	0	FALSE
PRG1	vps-33.1	27.664	4.79603196841505	0	FALSE
PRG1	vps-33.2	27.97	5.14489613641754	0	FALSE
PRG1	vps-34	26.874	5.76625189656862	0	FALSE
PRG1	vps-35	29.156	1.57335196198242	0	FALSE
PRG1	vps-36	25.974	6.14516576880452	0	FALSE
PRG1	vps-37	23.33	7.32704877711279	0	FALSE
PRG1	vps-39	28.672	2.92307828318339	0	FALSE
PRG1	vps-4	21.092	3.46709510834228	1	TRUE
PRG1	vps-41	29.266	2.49665456352697	0	FALSE
PRG1	vps-45	28.372	1.70377220158919	0	FALSE
PRG1	vps-50	27.428	6.08355772958554	0	FALSE
PRG1	vps-51	11.116	6.72618826867298	1	TRUE
PRG1	vps-52	16.512	5.30209983034867	1	TRUE
PRG1	vps-53	12.374	5.70003734618315	1	TRUE
PRG1	vps-54	29.476	0.901625228526789	0	FALSE
PRG1	vps-60	9.318	11.7639137631876	0	FALSE
PRG1	vps-72	5.722	4.42708811588631	0	FALSE
PRG1	vps-8	28.29	4.73355548688561	0	FALSE
PRG1	vrk-1	22.882	0.645555212051102	0	FALSE
PRG1	vrp-1	1.856	6.89570980852421	2	FALSE
PRG1	vsra-1	27.216	9.1249677675874	0	FALSE
PRG1	vti-1	24.096	11.8218850067198	0	FALSE
PRG1	vwa-8	26.49	6.47636948820839	0	FALSE
PRG1	wac-1.1	23.538	9.97062269416093	0	FALSE
PRG1	wac-1.2	9.306	4.09651536925243	0	FALSE
PRG1	wago-1	25.59	7.74509073161132	1	TRUE
PRG1	wago-10	13.084	2.326137038832	0	FALSE
PRG1	wago-4	26.476	8.9975852215303	1	TRUE
PRG1	wago-5	21.074	18.2864996029672	0	FALSE
PRG1	wah-1	19.152	4.95721113657631	0	FALSE
PRG1	wapl-1	23.118	5.36338461197372	0	FALSE
PRG1	wars-1	27.05	8.30349949770281	0	FALSE
PRG1	wars-2	27.54	10.5580852684945	0	FALSE
PRG1	wbp-2	25.768	13.698375677637	0	FALSE
PRG1	wbp-4	23.604	3.10696889734612	0	FALSE
PRG1	wdfy-2	24.944	9.13425687092078	0	FALSE
PRG1	wdr-12	25.124	10.0374576393121	0	FALSE
PRG1	wdr-20	22.694	2.20049182657356	0	FALSE
PRG1	wdr-23	23.228	9.92004787879348	0	FALSE
PRG1	wdr-31	27.086	2.23104647928138	0	FALSE
PRG1	wdr-37	25.822	9.37862817639694	0	FALSE
PRG1	wdr-4	24.54	13.6176283626167	1	TRUE
PRG1	wdr-46	27.044	5.1742128298401	0	FALSE
PRG1	wdr-48	26.638	5.07693585595372	0	FALSE
PRG1	wdr-5.1	21.718	8.41708961609993	0	FALSE
PRG1	wdr-5.2	25.02	3.2527932866553	0	FALSE
PRG1	wdr-5.3	22.792	12.9726047901277	0	FALSE
PRG1	wdr-54	17.46	35.8412086981743	0	FALSE
PRG1	wdr-60	20.514	14.3111260243166	0	FALSE
PRG1	wdr-62	26.406	10.5337526978835	0	FALSE
PRG1	wdr-83	24.278	22.5998830777582	0	FALSE
PRG1	wee-1.1	17.734	5.22207708139476	0	FALSE
PRG1	wee-1.3	10.608	63.105665764981	0	FALSE
PRG1	wht-1	28.868	4.43122760659878	0	FALSE
PRG1	wht-2	26.212	6.09789573596304	0	FALSE
PRG1	wht-3	27.632	3.18403474240229	0	FALSE
PRG1	wht-4	26.456	4.90629730635652	0	FALSE
PRG1	wht-5	25.356	7.0830417169383	0	FALSE
PRG1	wht-6	26.122	6.9665920573636	0	FALSE
PRG1	wht-7	28.8	3.21335360590847	0	FALSE
PRG1	wht-8	24.92	3.51266882022704	0	FALSE
PRG1	wip-1	20.506	18.8040589162812	0	FALSE
PRG1	wnk-1	7.166	1.75297892798685	1	TRUE
PRG1	wrb-1	25.866	4.79663413182644	0	FALSE
PRG1	wrk-1	14.762	4.55140201266587	0	FALSE
PRG1	wrm-1	24.424	11.9929239860302	0	FALSE
PRG1	wrn-1	22.236	6.44958804881385	0	FALSE
PRG1	wrt-1	2.486	1.59892251925598	2	FALSE
PRG1	wrt-10	20.444	9.69681919301878	0	FALSE
PRG1	wrt-2	24.582	7.26562002322156	0	FALSE
PRG1	wrt-3	22.77	8.54512993215916	0	FALSE
PRG1	wrt-4	24.006	7.63694429919692	0	FALSE
PRG1	wrt-5	23.288	5.94377224830759	0	FALSE
PRG1	wrt-6	17.424	16.6040620511374	0	FALSE
PRG1	wrt-7	24.974	5.24733475437502	0	FALSE
PRG1	wrt-8	22.334	20.0754019078914	0	FALSE
PRG1	wrt-9	3.648	3.89312294926473	2	FALSE
PRG1	wshc-2	21.004	15.8869584934447	0	FALSE
PRG1	wshc-4	26.184	9.62209875068384	0	FALSE
PRG1	wshc-5	26.722	12.6421478412391	0	FALSE
PRG1	wsp-1	19.13	14.9241341616239	0	FALSE
PRG1	wts-1	26.23	9.47133395285906	0	FALSE
PRG1	wve-1	21.668	19.9176054496296	0	FALSE
PRG1	wwp-1	20.01	6.55435196875993	1	TRUE
PRG1	xbp-1	13.656	2.29099147021224	0	FALSE
PRG1	xbx-1	15.232	2.54410281991426	0	FALSE
PRG1	xbx-3	11.066	47.9229426695627	0	FALSE
PRG1	xbx-4	4.66	4.7307741813409	2	FALSE
PRG1	xbx-5	23.972	9.28531248458837	0	FALSE
PRG1	xbx-6	23.71	15.8177139635117	0	FALSE
PRG1	xbx-9	20.952	8.46750212391437	0	FALSE
PRG1	xdh-1	28.65	1.53756044268878	0	FALSE
PRG1	xnd-1	12.302	6.07033862702357	0	FALSE
PRG1	xnp-1	21.638	8.85685938541334	0	FALSE
PRG1	xol-1	16.078	8.48403894452029	0	FALSE
PRG1	xpa-1	11.848	1.06661432609211	0	FALSE
PRG1	xpb-1	23.738	17.409134332082	0	FALSE
PRG1	xpc-1	22.16	3.82976280934638	0	FALSE
PRG1	xpd-1	17.974	1.38621666873461	0	FALSE
PRG1	xpf-1	10.43	3.6990492279694	0	FALSE
PRG1	xpg-1	22.944	18.2826107487163	1	TRUE
PRG1	xpo-1	27.498	7.65833646380271	0	FALSE
PRG1	xpo-2	28.3	2.64404473166508	0	FALSE
PRG1	xpo-3	27.534	4.3078365807458	0	FALSE
PRG1	xpo-7	27.302	3.53320139866455	0	FALSE
PRG1	xrep-4	24.662	9.55103640097782	0	FALSE
PRG1	xrn-1	20.27	3.06109364725971	1	TRUE
PRG1	xrn-2	26.42	7.53198239254062	0	FALSE
PRG1	xtr-1	9.59	13.6610575221315	0	FALSE
PRG1	xtr-2	16.176	21.4649173506436	0	FALSE
PRG1	xxxp-1	22.2	4.868512979838	0	FALSE
PRG1	yap-1	16.326	8.20577810733145	0	FALSE
PRG1	yars-1	29.106	1.40583423021345	0	FALSE
PRG1	yars-2	10.438	11.023557701955	0	FALSE
PRG1	yif-1	13.11	1.0881268205711	0	FALSE
PRG1	yju-2	11.854	37.3927018707362	0	FALSE
PRG1	ykt-6	7.904	5.72038662762688	0	FALSE
PRG1	ymel-1	13.704	2.71302505205681	0	FALSE
PRG1	yop-1	8.074	9.21221608137476	0	FALSE
PRG1	ythc-2	3.524	3.33714586843747	2	FALSE
PRG1	zag-1	4.77	6.24372017267733	2	FALSE
PRG1	zak-1	15.964	3.93806819121696	0	FALSE
PRG1	zeel-1	27.118	4.34098136215702	0	FALSE
PRG1	zen-4	5.764	5.37345046986094	0	FALSE
PRG1	zer-1	17.216	6.45515239370815	0	FALSE
PRG1	zfh-2	23.654	6.43393802827073	0	FALSE
PRG1	zfp-1	24.772	11.8816661939189	0	FALSE
PRG1	zfp-2	21.012	17.7883548717385	0	FALSE
PRG1	zfp-3	21.152	4.44696546211768	0	FALSE
PRG1	zfr-1	10.324	6.67804923673229	0	FALSE
PRG1	zfyv-19	13.61	13.7582537186437	0	FALSE
PRG1	zgpa-1	20.67	15.6485889691681	0	FALSE
PRG1	zhit-1	26.172	10.3838060518365	0	FALSE
PRG1	zhit-2	15.91	1.71901877198961	0	FALSE
PRG1	zhit-3	16.434	15.9036436066881	0	FALSE
PRG1	zhp-1	24.996	9.57853000658833	0	FALSE
PRG1	zhp-2	26.74	11.4793742051549	0	FALSE
PRG1	zhp-3	3.948	2.9068039620962	2	FALSE
PRG1	zhp-4	21.32	7.21572240928705	0	FALSE
PRG1	zif-1	27.774	2.22395458889136	0	FALSE
PRG1	zig-1	26.742	9.16563934725113	0	FALSE
PRG1	zig-10	22.256	10.6744054977665	0	FALSE
PRG1	zig-11	26.918	1.34136213930381	0	FALSE
PRG1	zig-12	20.114	7.18646752219743	0	FALSE
PRG1	zig-13	26.768	5.81529214577379	0	FALSE
PRG1	zig-2	22.598	15.9411626378342	0	FALSE
PRG1	zig-3	28.312	2.07663560137957	0	FALSE
PRG1	zig-4	27.214	7.73333516976448	0	FALSE
PRG1	zig-5	10.356	9.93457485538646	0	FALSE
PRG1	zig-6	27.816	4.55463588948836	0	FALSE
PRG1	zig-7	25.06	4.17519160168879	0	FALSE
PRG1	zig-8	18.916	5.32191057582128	0	FALSE
PRG1	zig-9	27.166	7.38312368132588	0	FALSE
PRG1	zim-1	10.72	2.85545295989066	0	FALSE
PRG1	zim-2	13.078	1.58780820950205	0	FALSE
PRG1	zim-3	15.614	4.03346789951431	0	FALSE
PRG1	zip-1	14.992	17.8341761203211	0	FALSE
PRG1	zip-10	23.63	9.44990968562532	0	FALSE
PRG1	zip-11	19.67	5.00175139760241	0	FALSE
PRG1	zip-12	2.908	4.15795020638015	2	FALSE
PRG1	zip-2	6.648	36.8966626364124	0	FALSE
PRG1	zip-3	2.36	1.30601991588326	2	FALSE
PRG1	zip-4	2.234	4.91983228792627	2	FALSE
PRG1	zip-5	16.27	28.4833234325871	0	FALSE
PRG1	zip-6	17.31	4.69166283873141	0	FALSE
PRG1	zip-7	21.612	19.3472328012594	0	FALSE
PRG1	zip-8	16.568	4.32880207991134	0	FALSE
PRG1	zip-9	17.88	3.18693811183632	0	FALSE
PRG1	zipt-1	20.406	3.91805647928002	0	FALSE
PRG1	zipt-11	20.438	6.22771163732159	0	FALSE
PRG1	zipt-13	17.658	4.34652258241279	0	FALSE
PRG1	zipt-15	23.042	15.0738764722945	0	FALSE
PRG1	zipt-16	12.91	4.46316352932236	0	FALSE
PRG1	zipt-17	18.482	10.5292385811337	0	FALSE
PRG1	zipt-2.1	17.508	14.2291446638184	0	FALSE
PRG1	zipt-2.2	19.35	7.96595188954256	0	FALSE
PRG1	zipt-2.3	18.288	3.2015984588676	0	FALSE
PRG1	zipt-2.4	20.672	12.2745468884252	0	FALSE
PRG1	zipt-3	16.452	4.0053106985706	0	FALSE
PRG1	zipt-7.1	25.68	17.2964934739307	0	FALSE
PRG1	zipt-7.2	10.654	6.61393700692962	0	FALSE
PRG1	zipt-9	22.702	27.2713081144994	0	FALSE
PRG1	zmp-1	24.528	10.1762510158526	0	FALSE
PRG1	zmp-2	26.748	6.20513676226956	0	FALSE
PRG1	zmp-3	14.51	4.20032377834356	0	FALSE
PRG1	zmp-4	21.2	9.76010535093624	0	FALSE
PRG1	zmp-5	24.358	11.8238589170693	0	FALSE
PRG1	zmp-6	19.868	9.74921705682249	0	FALSE
PRG1	znf-207	14.918	10.162361630463	0	FALSE
PRG1	znf-236	22.308	7.87803831256037	0	FALSE
PRG1	znf-474	22.636	18.3814049480734	0	FALSE
PRG1	znf-598	23.368	5.34828818050048	0	FALSE
PRG1	znf-622	21.978	22.9974352605574	0	FALSE
PRG1	znf-706	22.154	15.8127007727646	0	FALSE
PRG1	znf-782	20.002	19.1814861373831	0	FALSE
PRG1	zoo-1	12.594	8.9020874651027	0	FALSE
PRG1	ztf-1	11.16	47.3948694901355	0	FALSE
PRG1	ztf-11	18.162	14.5867168457263	0	FALSE
PRG1	ztf-13	22.014	4.48560639434145	0	FALSE
PRG1	ztf-14	17.034	1.20997280995546	0	FALSE
PRG1	ztf-15	20.284	5.13283179849609	0	FALSE
PRG1	ztf-16	9.37	96.0658414116609	0	FALSE
PRG1	ztf-17	20.01	1.73298759464265	0	FALSE
PRG1	ztf-18	21.74	14.1834041810066	0	FALSE
PRG1	ztf-2	17.876	5.05694835688233	0	FALSE
PRG1	ztf-20	5.1	5.69471989468926	0	FALSE
PRG1	ztf-22	22.882	9.1913169765383	0	FALSE
PRG1	ztf-23	5.112	3.37519269306321	0	FALSE
PRG1	ztf-25	6.438	6.64232712395909	0	FALSE
PRG1	ztf-26	21.682	2.99989998041996	0	FALSE
PRG1	ztf-27	6.128	8.61597164258805	0	FALSE
PRG1	ztf-28	12.388	2.26701672273595	0	FALSE
PRG1	ztf-29	18.382	6.12602623410532	0	FALSE
PRG1	ztf-3	11.218	42.3133959710759	0	FALSE
PRG1	ztf-30	18.256	12.7031679387843	0	FALSE
PRG1	ztf-31	24.558	9.8443490166455	0	FALSE
PRG1	ztf-4	15.384	4.57370784712005	0	FALSE
PRG1	ztf-6	12.748	5.79937030505685	0	FALSE
PRG1	ztf-7	8.018	3.13465238115272	1	TRUE
PRG1	ztf-8	2.556	1.71877015934967	2	FALSE
PRG1	ztf-9	18.028	26.3244906663646	0	FALSE
PRG1	zwl-1	18.824	0.962550507212216	0	FALSE
PRG1	zyg-1	22.7	19.153980359516	0	FALSE
PRG1	zyg-11	24.036	22.7398512008397	0	FALSE
PRG1	zyg-12	20.31	14.9315098593097	0	FALSE
PRG1	zyg-8	21.264	18.0885666757442	0	FALSE
PRG1	zyg-9	24.7	8.33511703224703	1	TRUE
PRG1	zyx-1	20.54	5.83078636603385	0	FALSE
PRG1	zzz-1	23.416	13.1994079518451	0	FALSE
