bait	tag	MD	CV	turboID	turboID_f
Y57A10A.13	2L52.1	16.718	1.45869551737698	0	0
Y57A10A.13	2O16	29.968	2.97296352195754	0	0
Y57A10A.13	3A339	14.878	2.6642267276435	0	0
Y57A10A.13	3E324	25.104	1.12054075451169	0	0
Y57A10A.13	4D656	19.664	6.09824063241609	0	0
Y57A10A.13	5H1	12.656	10.7436542532848	0	0
Y57A10A.13	5N224	20.642	6.92384491342683	0	0
Y57A10A.13	5N226	23.78	6.38742869984954	0	0
Y57A10A.13	AC3.12	23.628	10.569547229449	0	0
Y57A10A.13	AC3.5	21.874	2.94695147143147	0	0
Y57A10A.13	AC7.3	22.174	4.22677895545297	0	0
Y57A10A.13	AC8.10	23.134	7.14162730835661	0	0
Y57A10A.13	AC8.11	13.836	4.91965510292329	0	0
Y57A10A.13	AC8.3	14.864	5.26127425193027	0	0
Y57A10A.13	AH10.2	14.48	42.0688393829867	0	0
Y57A10A.13	AH10.4	12.63	37.1487037671869	0	0
Y57A10A.13	AH6.17	22.736	8.86642126772331	0	0
Y57A10A.13	AH6.3	13.962	20.6924345187265	0	0
Y57A10A.13	AH9.1	15.84	3.58322344134282	0	0
Y57A10A.13	AH9.3	15.3	8.86892221159182	0	0
Y57A10A.13	AH9.4	17.366	1.44511208018021	0	0
Y57A10A.13	AH9.6	21.976	2.45186927059633	0	0
Y57A10A.13	B0001.2	17.848	20.2554512601369	0	0
Y57A10A.13	B0001.3	25.772	9.69526479446648	0	0
Y57A10A.13	B0001.4	24.348	1.06840225297351	0	0
Y57A10A.13	B0001.5	23.464	10.945260248912	0	0
Y57A10A.13	B0001.7	17.25	2.03848706927736	0	0
Y57A10A.13	B0001.8	24.538	9.68923690706831	0	0
Y57A10A.13	B0019.2	15.422	19.5245400014508	0	0
Y57A10A.13	B0024.11	7.128	10.0548225415317	0	0
Y57A10A.13	B0024.13	23.824	6.81026067050493	0	0
Y57A10A.13	B0024.15	5.602	5.02587085337349	0	0
Y57A10A.13	B0024.3	24.8	2.6026031553395	0	0
Y57A10A.13	B0024.4	23.842	4.4585205535055	0	0
Y57A10A.13	B0025.4	14.572	21.3046116699977	0	0
Y57A10A.13	B0025.5	7.614	16.3496380098835	0	0
Y57A10A.13	B0034.1	18.594	2.92168810411284	0	0
Y57A10A.13	B0034.2	16.914	7.83364679412977	0	0
Y57A10A.13	B0034.4	10.53	27.7173635438118	0	0
Y57A10A.13	B0034.5	23.03	1.16188347027874	0	0
Y57A10A.13	B0034.7	9.448	10.7317725224274	0	0
Y57A10A.13	B0035.13	21.484	6.05983416967766	0	0
Y57A10A.13	B0035.15	13.818	5.15968763439442	0	0
Y57A10A.13	B0035.18	26.112	6.46783580933133	0	0
Y57A10A.13	B0035.21	15.114	8.34472429540813	0	0
Y57A10A.13	B0035.22	3.54	11.302965550137	0	0
Y57A10A.13	B0035.3	19.99	0.84673891344726	0	0
Y57A10A.13	B0041.1	26.77	3.63547372867743	0	0
Y57A10A.13	B0041.11	15.088	11.4487553146983	0	0
Y57A10A.13	B0041.12	7.206	11.3771211396512	0	0
Y57A10A.13	B0041.5	20.742	6.90562711841422	0	0
Y57A10A.13	B0041.8	22.824	9.90561796406771	0	0
Y57A10A.13	B0198.2	23.158	2.90079596001739	0	0
Y57A10A.13	B0198.3	23.288	7.40244867124107	0	0
Y57A10A.13	B0205.1	27.454	6.70472257293572	0	0
Y57A10A.13	B0205.10	16.086	4.48857301537323	0	0
Y57A10A.13	B0205.12	21.3	5.20227198046526	0	0
Y57A10A.13	B0205.13	22.082	6.01801485250731	0	0
Y57A10A.13	B0205.14	15.852	2.61450570706037	0	0
Y57A10A.13	B0205.4	22.096	6.65583506148597	0	0
Y57A10A.13	B0205.5	10.166	2.96458940196453	0	0
Y57A10A.13	B0205.8	19.46	16.4939743204294	0	0
Y57A10A.13	B0205.9	22.758	1.77630897445297	0	0
Y57A10A.13	B0207.1	20.01	19.0089733703884	0	0
Y57A10A.13	B0207.10	10.596	10.8243088426618	0	0
Y57A10A.13	B0207.11	22.07	3.85697506933039	0	0
Y57A10A.13	B0207.2	16.692	16.6221881334116	0	0
Y57A10A.13	B0207.6	20.848	1.41577596426503	0	0
Y57A10A.13	B0207.7	25.148	1.10033739283996	0	0
Y57A10A.13	B0207.9	27.048	3.58987424706282	0	0
Y57A10A.13	B0212.3	23.47	6.05410142151461	0	0
Y57A10A.13	B0218.5	24.922	3.7902272876677	0	0
Y57A10A.13	B0218.7	17.6	10.9559687636277	0	0
Y57A10A.13	B0222.1	16.258	4.81660504459377	0	0
Y57A10A.13	B0222.11	16.714	4.25143153429819	0	0
Y57A10A.13	B0222.15	17.78	2.90918085604816	0	0
Y57A10A.13	B0222.5	19.354	4.69328895170147	0	0
Y57A10A.13	B0228.1	22.712	6.75738711965543	0	0
Y57A10A.13	B0228.6	14.814	8.35419468569236	0	0
Y57A10A.13	B0228.7	26.428	4.88656613137739	0	0
Y57A10A.13	B0228.8	20.904	3.96398489174518	0	0
Y57A10A.13	B0228.9	23.562	14.8665901428566	0	0
Y57A10A.13	B0238.15	14.912	9.17785324544018	0	0
Y57A10A.13	B0238.9	14.494	4.10517594636289	0	0
Y57A10A.13	B0244.10	23.17	5.49759838951789	0	0
Y57A10A.13	B0244.15	25.302	4.17055794434775	0	0
Y57A10A.13	B0244.16	24.432	2.01523270995538	0	0
Y57A10A.13	B0244.17	22.12	8.07901727695127	0	0
Y57A10A.13	B0244.4	8.956	2.24649867618745	0	0
Y57A10A.13	B0244.5	21.03	3.82616632374443	0	0
Y57A10A.13	B0244.6	20.706	5.84517345359274	0	0
Y57A10A.13	B0244.7	19.776	1.02051349394043	0	0
Y57A10A.13	B0244.9	5.066	3.69449329920154	0	0
Y57A10A.13	B0250.18	17.898	1.97593234823571	0	0
Y57A10A.13	B0250.5	24.89	2.899555578144	0	0
Y57A10A.13	B0250.7	14.142	10.7711756660803	0	0
Y57A10A.13	B0250.8	24.618	15.2868322803285	0	0
Y57A10A.13	B0252.1	28.444	3.84075763752448	0	0
Y57A10A.13	B0252.11	9.958	13.6345254078395	0	0
Y57A10A.13	B0252.3	22.932	15.3774360753635	0	0
Y57A10A.13	B0252.5	20.794	25.3707001061041	0	0
Y57A10A.13	B0252.8	21.252	7.89921230650291	0	0
Y57A10A.13	B0261.5	16.844	3.08446853700384	0	0
Y57A10A.13	B0261.6	21.52	43.4563164131731	0	0
Y57A10A.13	B0261.7	23.032	27.4837309932685	0	0
Y57A10A.13	B0261.8	12.85	3.09136561339163	0	0
Y57A10A.13	B0261.9	20.554	2.40806919999693	0	0
Y57A10A.13	B0272.3	27.324	2.24631587395492	0	0
Y57A10A.13	B0272.4	24.252	1.44270862452881	0	0
Y57A10A.13	B0273.1	22.288	4.55721272986929	0	0
Y57A10A.13	B0273.115	23.164	8.34600782166963	0	0
Y57A10A.13	B0280.11	15.518	2.18882327811853	0	0
Y57A10A.13	B0280.17	25.036	2.59788929753817	0	0
Y57A10A.13	B0280.2	5.602	6.89210715857667	0	0
Y57A10A.13	B0280.7	22.158	5.57588205508007	0	0
Y57A10A.13	B0280.9	20.102	2.74178358469813	0	0
Y57A10A.13	B0281.1	24.654	4.09515186144709	0	0
Y57A10A.13	B0281.3	12.942	2.46070984954497	0	0
Y57A10A.13	B0281.4	5.714	10.629962926967	0	0
Y57A10A.13	B0281.5	25.042	5.45471017038238	0	0
Y57A10A.13	B0281.6	25.212	3.22880157574335	0	0
Y57A10A.13	B0284.3	24.704	28.8390415178648	0	0
Y57A10A.13	B0285.3	18.126	3.30869068767363	0	0
Y57A10A.13	B0285.6	24.732	5.7613334078818	0	0
Y57A10A.13	B0286.1	15.092	21.5525929337416	0	0
Y57A10A.13	B0294.1	18.582	6.33578054711578	0	0
Y57A10A.13	B0294.3	23.28	7.7713534403338	0	0
Y57A10A.13	B0302.2	8.904	9.76979215368408	0	0
Y57A10A.13	B0302.4	6.446	7.37878398639673	0	0
Y57A10A.13	B0302.5	15.3	8.86892221159182	0	0
Y57A10A.13	B0303.11	18.73	8.76495447357642	0	0
Y57A10A.13	B0303.14	17.304	6.25237140249225	0	0
Y57A10A.13	B0303.16	25.61	5.41251751457957	0	0
Y57A10A.13	B0303.4	23.136	11.335868697853	0	0
Y57A10A.13	B0303.7	19.996	3.63985561384156	0	0
Y57A10A.13	B0304.2	16.988	3.18154736885108	0	0
Y57A10A.13	B0304.4	21.486	8.94378078790448	0	0
Y57A10A.13	B0310.1	20.832	3.31784233936272	0	0
Y57A10A.13	B0310.2	19.156	5.71718999735437	0	0
Y57A10A.13	B0310.3	11.602	9.10732149630813	0	0
Y57A10A.13	B0310.6	9.122	7.1946132170993	0	0
Y57A10A.13	B0334.10	22.056	5.41860540555598	0	0
Y57A10A.13	B0334.13	16.986	4.0402674338275	0	0
Y57A10A.13	B0334.20	10.794	12.931996025318	0	0
Y57A10A.13	B0334.5	25.344	3.04262373087292	0	0
Y57A10A.13	B0336.12	8.338	12.6880780148854	0	0
Y57A10A.13	B0336.13	23.292	4.28057097418	0	0
Y57A10A.13	B0336.7	8.48	5.47746422759132	0	0
Y57A10A.13	B0348.1	21.646	1.9737378645809	0	0
Y57A10A.13	B0348.10	13.536	13.1091314132096	0	0
Y57A10A.13	B0348.2	22.938	4.175579131493	0	0
Y57A10A.13	B0353.1	14.424	31.9560565832912	0	0
Y57A10A.13	B0361.11	24.616	1.65355086836402	0	0
Y57A10A.13	B0361.14	6.294	8.15311242588811	0	0
Y57A10A.13	B0361.3	12.522	12.3333602626885	0	0
Y57A10A.13	B0361.4	18.206	3.18424734865685	0	0
Y57A10A.13	B0361.9	5.27	5.82700285874159	0	0
Y57A10A.13	B0365.9	21.646	2.92739512516423	0	0
Y57A10A.13	B0379.1	26.088	7.80861200170517	0	0
Y57A10A.13	B0379.2	22.126	4.62539929950116	0	0
Y57A10A.13	B0379.6	16.38	4.88266923128567	0	0
Y57A10A.13	B0379.7	19.594	5.11693166172992	0	0
Y57A10A.13	B0391.14	22.992	11.4156020268057	0	0
Y57A10A.13	B0393.3	18.354	3.53109521047174	0	0
Y57A10A.13	B0393.4	19.308	2.64149372004466	0	0
Y57A10A.13	B0393.5	20.188	4.25943799519056	0	0
Y57A10A.13	B0393.7	9.276	5.20465281816624	0	0
Y57A10A.13	B0393.8	28.038	1.39949394395426	0	0
Y57A10A.13	B0393.9	23.058	5.4431333456438	0	0
Y57A10A.13	B0395.3	25.658	2.43228356055636	0	0
Y57A10A.13	B0403.1	20.046	2.73746948074185	0	0
Y57A10A.13	B0403.3	20.282	11.4045215762615	0	0
Y57A10A.13	B0403.5	18.946	3.91556160298371	0	0
Y57A10A.13	B0403.6	12.814	3.83610695503122	0	0
Y57A10A.13	B0410.1	14.864	9.81727346591354	0	0
Y57A10A.13	B0410.3	20.258	2.64252311583177	0	0
Y57A10A.13	B0416.10	22.098	8.62602690253895	0	0
Y57A10A.13	B0416.11	12.324	28.9928359724226	0	0
Y57A10A.13	B0416.2	18.308	5.40600987019465	0	0
Y57A10A.13	B0416.3	19.274	9.13571646637947	0	0
Y57A10A.13	B0416.4	27.092	4.33030656587873	0	0
Y57A10A.13	B0416.5	23.932	1.26028887667268	0	0
Y57A10A.13	B0416.7	16.862	7.57600665529253	0	0
Y57A10A.13	B0432.1	23.266	3.16161524413862	0	0
Y57A10A.13	B0432.10	20.872	3.17849465939065	0	0
Y57A10A.13	B0432.11	18.402	9.92342073091441	0	0
Y57A10A.13	B0432.14	18.396	3.6385650760411	0	0
Y57A10A.13	B0432.7	13.55	1.48612771701862	0	0
Y57A10A.13	B0432.8	25.736	3.4891156216277	0	0
Y57A10A.13	B0432.9	25.53	2.26558156565987	0	0
Y57A10A.13	B0454.26	20.536	2.63956409324817	0	0
Y57A10A.13	B0454.5	14.6	1.56713166967775	0	0
Y57A10A.13	B0454.6	23.184	4.15207137141455	0	0
Y57A10A.13	B0454.8	25.584	8.96645128257796	0	0
Y57A10A.13	B0457.2	10.27	9.96281707259548	0	0
Y57A10A.13	B0457.4	20.716	27.3624981773169	0	0
Y57A10A.13	B0457.6	13.006	3.8499882198725	0	0
Y57A10A.13	B0462.5	19.668	19.4330703856769	0	0
Y57A10A.13	B0464.6	22.97	4.92283008775171	0	0
Y57A10A.13	B0464.9	21.03	7.42033626149673	0	0
Y57A10A.13	B0478.3	14.186	6.1851688970049	0	0
Y57A10A.13	B0491.6	23.228	22.729971566595	0	0
Y57A10A.13	B0495.5	22.364	4.72884327052277	0	0
Y57A10A.13	B0495.7	25.054	6.3348346943429	0	0
Y57A10A.13	B0495.8	18.038	4.63125700333641	0	0
Y57A10A.13	B0495.9	23.83	10.0740484534651	0	0
Y57A10A.13	B0496.1	24.82	8.02369806738161	0	0
Y57A10A.13	B0496.11	24.208	7.40637863272191	0	0
Y57A10A.13	B0496.2	21.624	3.51911330597502	0	0
Y57A10A.13	B0496.6	18.358	2.08080817279674	0	0
Y57A10A.13	B0507.1	24.076	3.48989101192365	0	0
Y57A10A.13	B0507.2	27.262	4.29821985256241	0	0
Y57A10A.13	B0507.3	24.966	11.1286798936636	0	0
Y57A10A.13	B0507.4	21.358	11.7077158113165	0	0
Y57A10A.13	B0507.5	23.516	2.14938890241593	0	0
Y57A10A.13	B0507.6	23.694	4.96319929946078	0	0
Y57A10A.13	B0507.7	9.832	5.99624365706814	0	0
Y57A10A.13	B0507.8	19.28	7.4830936094278	0	0
Y57A10A.13	B0507.9	20.924	15.8963076487395	0	0
Y57A10A.13	B0511.11	23.5	5.94824517339567	0	0
Y57A10A.13	B0511.12	23.918	8.07272354163443	0	0
Y57A10A.13	B0511.17	9	4.89771929789648	0	0
Y57A10A.13	B0511.19	23.1	7.66686099274379	0	0
Y57A10A.13	B0511.6	6.082	5.72690244276225	0	0
Y57A10A.13	B0513.4	9.738	2.275932664152	0	0
Y57A10A.13	B0513.90	12.402	6.48810841527697	0	0
Y57A10A.13	B0524.2	21.912	2.71020560844063	0	0
Y57A10A.13	B0524.3	24.246	5.8996535728703	0	0
Y57A10A.13	B0524.5	16.848	14.2785100017194	0	0
Y57A10A.13	B0524.6	22.946	9.39940278099348	0	0
Y57A10A.13	B0545.4	25.948	2.28962842571893	0	0
Y57A10A.13	B0546.3	21.718	11.3045454382174	0	0
Y57A10A.13	B0546.4	15.344	4.32513688487758	0	0
Y57A10A.13	B0546.5	15.654	28.8196834892867	0	0
Y57A10A.13	B0547.2	12.534	10.3657418761508	0	0
Y57A10A.13	B0554.1	10.534	7.88570765116284	0	0
Y57A10A.13	B0554.2	15.768	5.70959438444243	0	0
Y57A10A.13	B0554.4	23.852	20.8936985956795	0	0
Y57A10A.13	B0554.5	24.96	1.83967972338443	0	0
Y57A10A.13	B0554.7	25.132	2.84927425001334	0	0
Y57A10A.13	B0563.1	21.234	20.9255166527368	0	0
Y57A10A.13	B0563.10	20.17	1.89731215846827	0	0
Y57A10A.13	B0563.18	27.816	2.50683758702479	0	0
Y57A10A.13	B0563.5	16.404	15.5605561042116	0	0
Y57A10A.13	B0563.6	7.43	3.14058193528346	0	0
Y57A10A.13	B0563.7	18.528	2.28201648837685	0	0
Y57A10A.13	B0563.8	24.094	8.69343166900221	0	0
Y57A10A.13	B0563.9	14.388	8.48048456356802	0	0
Y57A10A.13	B0564.2	26.406	5.12771201042087	0	0
Y57A10A.13	B0564.6	23.704	6.87081909191524	0	0
Y57A10A.13	BE0003N10.1	26.428	2.5884793713395	0	0
Y57A10A.13	BE0003N10.6	17.232	11.3668868569348	0	0
Y57A10A.13	BE10.1	20.304	4.01581501755757	0	0
Y57A10A.13	BE10.3	24.478	6.33039780523721	0	0
Y57A10A.13	BE10.4	10.888	1.98413303615596	0	0
Y57A10A.13	BE10.5	17.316	18.8598196612266	0	0
Y57A10A.13	C01A2.1	12.712	2.09345715513419	0	0
Y57A10A.13	C01A2.2	10.572	6.06974151579384	0	0
Y57A10A.13	C01A2.4	14.392	4.18614449875893	0	0
Y57A10A.13	C01A2.6	18.934	9.24735426920806	0	0
Y57A10A.13	C01A2.9	16.872	14.5737064922147	0	0
Y57A10A.13	C01B10.11	19.52	7.93214121259881	0	0
Y57A10A.13	C01B10.3	23.864	1.30664286864321	0	0
Y57A10A.13	C01B10.44	25.994	7.74099914807786	0	0
Y57A10A.13	C01B10.6	21.262	14.5501361484202	0	0
Y57A10A.13	C01B10.7	26.858	4.11531691366094	0	0
Y57A10A.13	C01B10.9	24.246	9.44596446096772	0	0
Y57A10A.13	C01B4.6	23.27	9.68074550801669	0	0
Y57A10A.13	C01B4.7	6.256	5.63852889714735	0	0
Y57A10A.13	C01B4.8	14.788	3.73652751755395	0	0
Y57A10A.13	C01B7.7	23.206	10.3977808871944	0	0
Y57A10A.13	C01B9.1	25.65	7.47969244603537	0	0
Y57A10A.13	C01B9.4	17.202	15.3812226841844	0	0
Y57A10A.13	C01C10.2	21.586	4.0716594732059	0	0
Y57A10A.13	C01C4.2	18.864	2.35484740641762	0	0
Y57A10A.13	C01C4.3	23.774	14.3549475447291	0	0
Y57A10A.13	C01F1.5	26.586	1.99470108092171	0	0
Y57A10A.13	C01F1.6	24.304	5.7306525672233	0	0
Y57A10A.13	C01F6.14	13.88	16.3369219960735	0	0
Y57A10A.13	C01G10.1	17.752	1.77395609684328	0	0
Y57A10A.13	C01G10.14	10.512	7.60303348824476	0	0
Y57A10A.13	C01G10.15	13.924	13.0644045060913	0	0
Y57A10A.13	C01G10.17	17.598	6.6539929744193	0	0
Y57A10A.13	C01G10.18	17.93	6.70209880168535	0	0
Y57A10A.13	C01G10.4	8.96	3.36028330743852	0	0
Y57A10A.13	C01G10.5	15.498	6.28698024068813	0	0
Y57A10A.13	C01G10.6	16.3	11.2183580048526	0	0
Y57A10A.13	C01G10.7	22.128	1.80862456428351	0	0
Y57A10A.13	C01G10.9	22.264	3.0037395350724	0	0
Y57A10A.13	C01G12.13	22.574	6.4921175716691	0	0
Y57A10A.13	C01G12.16	12.57	3.03873178278191	0	0
Y57A10A.13	C01G12.3	14.862	2.65475963538962	0	0
Y57A10A.13	C01G12.7	5.326	2.43579590429286	0	0
Y57A10A.13	C01G12.9	11.064	4.0685504453131	0	0
Y57A10A.13	C01G5.25	18.468	5.57529548455223	0	0
Y57A10A.13	C01G5.3	26.498	6.73117035713929	0	0
Y57A10A.13	C01G5.4	20.518	6.05999866429996	0	0
Y57A10A.13	C01G5.5	26.322	5.55042377515757	0	0
Y57A10A.13	C01G5.9	27.076	5.31500217992645	0	0
Y57A10A.13	C01G6.2	24.288	6.83709349258905	0	0
Y57A10A.13	C01G6.3	26.274	6.42954506754456	0	0
Y57A10A.13	C01G6.4	13.672	2.90200331576583	0	0
Y57A10A.13	C01G6.5	18.218	12.2290297888027	0	0
Y57A10A.13	C01G6.9	26.314	3.62069109678368	0	0
Y57A10A.13	C01G8.1	18.312	23.8863159960703	0	0
Y57A10A.13	C01H6.3	26.218	3.85697624909531	0	0
Y57A10A.13	C01H6.4	23.048	3.66355219056818	0	0
Y57A10A.13	C01H6.8	21.748	5.24925746888933	0	0
Y57A10A.13	C02B10.3	23.194	1.94173716222103	0	0
Y57A10A.13	C02B10.4	15.926	8.27102432269735	0	0
Y57A10A.13	C02B10.6	5.42	4.44339283350269	0	0
Y57A10A.13	C02B4.3	25.496	4.05491978251256	0	0
Y57A10A.13	C02B8.1	14.376	1.97151833064485	0	0
Y57A10A.13	C02B8.12	17.222	9.0404280374001	0	0
Y57A10A.13	C02B8.3	11.802	2.29979817298666	0	0
Y57A10A.13	C02B8.6	22.22	3.53120464665491	0	0
Y57A10A.13	C02B8.7	13.796	5.45001666867198	0	0
Y57A10A.13	C02C2.6	21.946	3.28830258417855	0	0
Y57A10A.13	C02D5.2	15.784	58.113603636535	0	0
Y57A10A.13	C02D5.4	27.444	2.75167196942864	0	0
Y57A10A.13	C02E7.10	14.308	2.55527733331021	0	0
Y57A10A.13	C02E7.6	14.35	11.1429639163964	0	0
Y57A10A.13	C02E7.7	15.492	14.2122721464241	0	0
Y57A10A.13	C02E7.8	13.202	4.14684815918988	0	0
Y57A10A.13	C02F12.5	16.462	7.51894151843817	0	0
Y57A10A.13	C02F12.8	22.412	11.0316878884748	0	0
Y57A10A.13	C02F4.4	14.216	16.3026971169456	0	0
Y57A10A.13	C02F4.5	10.586	12.9367244829529	0	0
Y57A10A.13	C02F5.10	16.624	5.03546782541472	0	0
Y57A10A.13	C02F5.12	22.38	2.69803916701529	0	0
Y57A10A.13	C02F5.13	25.086	2.97807935198561	0	0
Y57A10A.13	C02F5.14	19.912	7.79804115484341	0	0
Y57A10A.13	C02F5.2	19.88	10.4212193182814	0	0
Y57A10A.13	C02F5.3	26.35	3.42608540517415	0	0
Y57A10A.13	C02F5.5	17.64	12.6759955595704	0	0
Y57A10A.13	C02G6.2	27.296	0.981869848315064	0	0
Y57A10A.13	C02G6.3	12.448	12.8449823355128	0	0
Y57A10A.13	C02H6.1	8.452	9.50005419903064	0	0
Y57A10A.13	C02H6.3	22.808	2.62432741650675	0	0
Y57A10A.13	C03A3.1	19.388	2.0235526858245	0	0
Y57A10A.13	C03A3.2	22.438	2.98989467038304	0	0
Y57A10A.13	C03A3.3	23.706	4.71441874366378	0	0
Y57A10A.13	C03A3.9	16.538	43.6970125221431	0	0
Y57A10A.13	C03A7.13	22.456	8.9424475975423	0	0
Y57A10A.13	C03A7.2	21.542	5.49371832267427	0	0
Y57A10A.13	C03B1.1	21.288	2.75942592614815	0	0
Y57A10A.13	C03B1.10	8.914	3.42075634490225	0	0
Y57A10A.13	C03B1.13	9.074	3.1908101005741	0	0
Y57A10A.13	C03B1.14	28.164	4.74395530457399	0	0
Y57A10A.13	C03B1.17	16.008	5.28099431942253	0	0
Y57A10A.13	C03B1.2	26.134	5.20652264400312	0	0
Y57A10A.13	C03B1.3	22.352	10.7853924496983	0	0
Y57A10A.13	C03B1.4	25.138	6.68709792734449	0	0
Y57A10A.13	C03B1.5	22.862	3.38763218889676	0	0
Y57A10A.13	C03B1.6	20.774	13.4210414840261	0	0
Y57A10A.13	C03B1.7	12.38	5.03179801198838	0	0
Y57A10A.13	C03B1.9	15.468	52.9102446703982	0	0
Y57A10A.13	C03B8.2	15.652	9.98870509818275	0	0
Y57A10A.13	C03B8.3	19.632	13.5748188812315	0	0
Y57A10A.13	C03C10.2	13.844	26.734363192215	0	0
Y57A10A.13	C03C10.5	13.768	10.3560616618736	0	0
Y57A10A.13	C03C10.7	19.224	10.7970641694095	0	0
Y57A10A.13	C03C11.1	11.696	4.24648515559245	0	0
Y57A10A.13	C03D6.1	23.338	7.18780184761419	0	0
Y57A10A.13	C03D6.9	13.69	6.52587590198591	0	0
Y57A10A.13	C03E10.1	26.088	7.70308971978742	0	0
Y57A10A.13	C03E10.3	22.028	3.10734160169479	0	0
Y57A10A.13	C03F11.2	19.81	2.14582648226475	0	0
Y57A10A.13	C03F11.3	23.674	6.5910371608262	0	0
Y57A10A.13	C03F11.4	19.084	19.945469010716	0	0
Y57A10A.13	C03G5.14	8.32	1.44480952886674	0	0
Y57A10A.13	C03G6.17	22.462	2.99382533962714	0	0
Y57A10A.13	C03G6.21	26.478	1.2797454479319	0	0
Y57A10A.13	C03G6.6	17.854	5.53004814779723	0	0
Y57A10A.13	C03H12.1	26.786	2.13624652639667	0	0
Y57A10A.13	C03H5.3	12.65	6.82296332310903	0	0
Y57A10A.13	C03H5.4	25.116	9.36385102487821	0	0
Y57A10A.13	C03H5.5	20.132	4.00645338942747	0	0
Y57A10A.13	C03H5.6	20.82	12.8269954911051	0	0
Y57A10A.13	C03H5.7	17.946	10.3803373187974	0	0
Y57A10A.13	C03H5.9	3.618	1.78484071762995	1	1
Y57A10A.13	C04A11.1	14.996	28.8261455630525	0	0
Y57A10A.13	C04A11.2	20.066	15.7229597155417	0	0
Y57A10A.13	C04A11.5	21.972	14.5963608610156	0	0
Y57A10A.13	C04A2.15	25.274	6.90473101302992	0	0
Y57A10A.13	C04B4.1	12.6	30.5493706376954	0	0
Y57A10A.13	C04B4.2	16.78	4.52880934254191	0	0
Y57A10A.13	C04B4.4	17.518	31.5208739040268	0	0
Y57A10A.13	C04B4.5	22.596	7.74546692529825	0	0
Y57A10A.13	C04B4.6	14.91	3.07239354018681	0	0
Y57A10A.13	C04C11.1	17.4	9.36631748819858	0	0
Y57A10A.13	C04C11.25	3.066	10.5298993102746	0	0
Y57A10A.13	C04C3.14	4.044	5.31105232785933	1	1
Y57A10A.13	C04C3.4	11.614	7.96943425684825	0	0
Y57A10A.13	C04C3.6	25.82	3.80576870535655	0	0
Y57A10A.13	C04C3.7	23.248	3.12031240866803	0	0
Y57A10A.13	C04C3.9	19.936	15.0460053976929	0	0
Y57A10A.13	C04E12.2	23.936	12.5422832426131	0	0
Y57A10A.13	C04E12.4	13.92	21.1175128582793	0	0
Y57A10A.13	C04E12.5	17.006	6.70178820690798	0	0
Y57A10A.13	C04E6.12	7.698	3.94488776921411	0	0
Y57A10A.13	C04E6.13	18.57	3.36704332763859	0	0
Y57A10A.13	C04E6.4	22.484	4.21451558538726	0	0
Y57A10A.13	C04E6.5	22.566	4.48918775210901	0	0
Y57A10A.13	C04E6.7	13.346	42.8505258076373	0	0
Y57A10A.13	C04E6.8	20.216	26.6701843172339	0	0
Y57A10A.13	C04E7.1	27.528	4.86522204210318	0	0
Y57A10A.13	C04E7.3	16.528	2.89892689140023	0	0
Y57A10A.13	C04E7.5	23.612	8.78652154956642	0	0
Y57A10A.13	C04F1.1	21.412	4.14227625703539	0	0
Y57A10A.13	C04F12.12	19.498	10.1671452032313	0	0
Y57A10A.13	C04F12.16	21.408	4.900636255208	0	0
Y57A10A.13	C04F12.5	21.844	13.6013270460063	0	0
Y57A10A.13	C04F12.7	23.304	4.05374670755844	0	0
Y57A10A.13	C04F12.8	12.7	5.85622477290081	0	0
Y57A10A.13	C04F5.2	17.916	1.46169811405192	0	0
Y57A10A.13	C04F5.8	22.97	8.62439034947742	0	0
Y57A10A.13	C04F5.9	26.746	3.82039306520708	0	0
Y57A10A.13	C04F6.7	22.32	2.74853815330811	0	0
Y57A10A.13	C04F6.9	11.028	4.61854277324059	0	0
Y57A10A.13	C04G2.10	26.48	1.63480821917775	0	0
Y57A10A.13	C04G2.5	19.978	6.65783111365692	0	0
Y57A10A.13	C04G6.11	24.602	4.33519968493815	0	0
Y57A10A.13	C04G6.13	14.576	6.07881039239251	0	0
Y57A10A.13	C04G6.2	21.42	6.96441392762242	0	0
Y57A10A.13	C04G6.4	23.996	6.01737234788415	0	0
Y57A10A.13	C04G6.5	26.494	3.42857502096727	0	0
Y57A10A.13	C04G6.6	16.136	28.079090760334	0	0
Y57A10A.13	C04H4.1	18.794	11.5528934319174	0	0
Y57A10A.13	C04H5.1	25.542	7.95050929630588	0	0
Y57A10A.13	C04H5.7	18.976	5.8071586433964	0	0
Y57A10A.13	C05A2.4	11.314	13.161602945893	0	0
Y57A10A.13	C05A9.2	14.53	4.31806836155166	0	0
Y57A10A.13	C05B5.1	24.26	4.4650157205647	0	0
Y57A10A.13	C05B5.11	13.366	5.10198325274402	0	0
Y57A10A.13	C05B5.12	19.286	2.70362509061664	0	0
Y57A10A.13	C05B5.16	19.76	9.69099824070136	0	0
Y57A10A.13	C05B5.17	19.968	3.95290544733116	0	0
Y57A10A.13	C05B5.2	20.304	10.3401273357001	0	0
Y57A10A.13	C05B5.4	22.316	4.15856239537463	0	0
Y57A10A.13	C05B5.5	25.28	1.29061219154078	0	0
Y57A10A.13	C05C10.2	20.854	15.7472673800353	0	0
Y57A10A.13	C05C10.3	25.932	2.34270907283288	0	0
Y57A10A.13	C05C10.5	24.726	17.0366138692671	0	0
Y57A10A.13	C05C10.7	12.76	16.2098825187206	0	0
Y57A10A.13	C05C10.8	27.31	6.66311892019318	0	0
Y57A10A.13	C05C12.1	25.566	8.31527554491045	0	0
Y57A10A.13	C05C12.4	21.95	4.76740941901697	0	0
Y57A10A.13	C05C12.5	18.846	8.62464973396794	0	0
Y57A10A.13	C05C12.6	12.936	3.33419876369678	0	0
Y57A10A.13	C05C8.1	27.674	3.13725896113994	0	0
Y57A10A.13	C05C8.5	22.18	4.09448816650692	0	0
Y57A10A.13	C05C8.7	22.894	2.77641977034952	0	0
Y57A10A.13	C05C8.8	24.104	5.91043326591116	0	0
Y57A10A.13	C05C9.1	17.178	0.809153584999141	0	0
Y57A10A.13	C05C9.2	13.41	29.8492191182161	0	0
Y57A10A.13	C05C9.3	23.524	8.17159113467977	0	0
Y57A10A.13	C05D10.4	11.958	4.79207037545978	0	0
Y57A10A.13	C05D11.1	25.556	9.9173511114988	0	0
Y57A10A.13	C05D11.13	5.666	6.06473183054416	0	0
Y57A10A.13	C05D11.5	20.782	9.20898053811155	0	0
Y57A10A.13	C05D11.8	23.774	9.1263389888824	0	0
Y57A10A.13	C05D12.1	20.638	10.6674004200685	0	0
Y57A10A.13	C05D12.2	9.786	37.4843543210706	0	0
Y57A10A.13	C05D12.3	25.178	2.55233703738125	0	0
Y57A10A.13	C05D12.4	28.876	1.56675349082615	0	0
Y57A10A.13	C05D12.5	23.23	10.79645779198	0	0
Y57A10A.13	C05D12.7	14.278	9.03086026745442	0	0
Y57A10A.13	C05D2.8	17.752	5.35127249776769	0	0
Y57A10A.13	C05D9.3	23.38	4.2913579576195	0	0
Y57A10A.13	C05D9.4	10.444	4.91667760578513	0	0
Y57A10A.13	C05D9.7	11.768	3.13917795640778	0	0
Y57A10A.13	C05D9.9	27.68	2.21218067018002	0	0
Y57A10A.13	C05E11.2	22.534	2.49395377805076	0	0
Y57A10A.13	C05E11.3	19.294	11.4713050356136	0	0
Y57A10A.13	C05E11.6	16.584	24.4229004854239	0	0
Y57A10A.13	C05E11.7	21.064	4.99142761265695	0	0
Y57A10A.13	C05E4.12	26.518	2.33002259585306	0	0
Y57A10A.13	C05E4.15	9.694	3.99896476721381	0	0
Y57A10A.13	C05E4.7	27.676	2.49844431924825	0	0
Y57A10A.13	C05E7.3	17.686	5.20102481717359	0	0
Y57A10A.13	C05G5.1	12.656	11.1556051819078	0	0
Y57A10A.13	C05G5.3	5.646	5.03708984707147	0	0
Y57A10A.13	C05G5.5	23.85	1.3119067377075	0	0
Y57A10A.13	C05G5.7	3.188	8.00458615193806	1	1
Y57A10A.13	C06A1.3	26.262	6.21108838540948	0	0
Y57A10A.13	C06A1.6	11.698	13.8748011927404	0	0
Y57A10A.13	C06A1.7	11.564	19.5128333450233	0	0
Y57A10A.13	C06A12.19	8.962	41.4740379486553	0	0
Y57A10A.13	C06A12.3	17.252	2.0408864915306	0	0
Y57A10A.13	C06A12.8	27.004	4.53244096439059	0	0
Y57A10A.13	C06A5.12	21.084	9.27832144711791	0	0
Y57A10A.13	C06A5.2	11.236	21.6218402838589	0	0
Y57A10A.13	C06A5.3	22.83	5.9746815356013	0	0
Y57A10A.13	C06A5.8	20.668	4.89424896092504	0	0
Y57A10A.13	C06A6.2	21.678	15.2023979251769	0	0
Y57A10A.13	C06A6.4	24.11	3.87733798031096	0	0
Y57A10A.13	C06A6.7	18.694	6.6188497153743	0	0
Y57A10A.13	C06A8.6	6.476	1.53874900164955	0	0
Y57A10A.13	C06B3.1	4.526	2.81478164457642	1	1
Y57A10A.13	C06B3.16	14.62	3.39353667753924	0	0
Y57A10A.13	C06B3.6	23.558	5.99488394941245	0	0
Y57A10A.13	C06B3.7	18.622	10.4371713199056	0	0
Y57A10A.13	C06B8.2	24.274	7.66443518019087	0	0
Y57A10A.13	C06B8.3	20.052	3.72718635386374	0	0
Y57A10A.13	C06C3.10	12.782	3.00436730350494	0	0
Y57A10A.13	C06C3.12	27.292	2.3831154807224	0	0
Y57A10A.13	C06C3.3	19.358	33.1259255431605	0	0
Y57A10A.13	C06C3.4	26.398	4.17415646748303	0	0
Y57A10A.13	C06C3.7	12.864	3.39761962436075	0	0
Y57A10A.13	C06C6.7	17.012	4.94213268592515	0	0
Y57A10A.13	C06C6.8	12.274	16.2316078891412	0	0
Y57A10A.13	C06C6.9	7.976	9.17244420493039	0	0
Y57A10A.13	C06E1.1	19.388	2.05906603710932	0	0
Y57A10A.13	C06E1.11	22.678	19.3099809992153	0	0
Y57A10A.13	C06E1.7	18.368	4.92883639808451	0	0
Y57A10A.13	C06E1.9	20.492	14.2489367621262	0	0
Y57A10A.13	C06E2.1	5.692	7.86806784008924	0	0
Y57A10A.13	C06E2.2	18.604	3.52773724023027	0	0
Y57A10A.13	C06E2.5	15.558	43.9688986542222	0	0
Y57A10A.13	C06E2.9	14.614	13.6031978086837	0	0
Y57A10A.13	C06E4.1	19.822	9.65451968836469	0	0
Y57A10A.13	C06E4.2	19.026	11.4103246759151	0	0
Y57A10A.13	C06E4.3	26.314	2.67986937703598	0	0
Y57A10A.13	C06E4.5	24.094	2.30162644122929	0	0
Y57A10A.13	C06E4.6	23.292	3.26439132878423	0	0
Y57A10A.13	C06E4.8	21.308	29.4299911436658	0	0
Y57A10A.13	C06E7.2	18.468	11.876471506449	0	0
Y57A10A.13	C06E7.4	12.438	4.5189549090798	0	0
Y57A10A.13	C06E7.88	28.116	2.75507196584208	0	0
Y57A10A.13	C06E8.5	13.684	2.71010212028866	0	0
Y57A10A.13	C06G1.1	14.014	11.5768806068578	0	0
Y57A10A.13	C06G3.3	19.72	9.71290607898879	0	0
Y57A10A.13	C06G4.1	20.414	12.5559320158831	0	0
Y57A10A.13	C06G4.4	13.056	6.29686897033254	0	0
Y57A10A.13	C06G4.5	21.18	13.4805040035829	0	0
Y57A10A.13	C06G4.6	26.494	4.51425172804593	0	0
Y57A10A.13	C06H2.2	24.96	16.4547176092855	0	0
Y57A10A.13	C06H2.7	23.448	16.6605576044566	0	0
Y57A10A.13	C06H5.11	10.604	21.0733758317258	0	0
Y57A10A.13	C06H5.12	10.802	15.8296438316512	0	0
Y57A10A.13	C06H5.13	10.012	12.3119040997871	0	0
Y57A10A.13	C06H5.6	26.404	0.840747579185676	0	0
Y57A10A.13	C06H5.8	23.758	1.72198327926644	0	0
Y57A10A.13	C07A12.18	11.644	11.2824417830288	0	0
Y57A10A.13	C07A12.2	19.14	19.9505078526297	0	0
Y57A10A.13	C07A4.2	25.258	2.80392774061601	0	0
Y57A10A.13	C07A4.3	27.104	2.04335929944901	0	0
Y57A10A.13	C07A9.10	25.776	5.59477640393815	0	0
Y57A10A.13	C07A9.12	19.592	14.7458137348394	0	0
Y57A10A.13	C07A9.13	16.662	2.71352959053544	0	0
Y57A10A.13	C07A9.5	20.144	7.47105062652532	0	0
Y57A10A.13	C07A9.9	15.78	10.5317588719452	0	0
Y57A10A.13	C07B5.2	27.114	2.2046575905771	0	0
Y57A10A.13	C07B5.3	24.732	7.22268575908708	0	0
Y57A10A.13	C07B5.4	21.138	17.1624152667861	0	0
Y57A10A.13	C07B5.6	22.834	8.07311600510291	0	0
Y57A10A.13	C07B5.8	7.24	29.9285839925709	0	0
Y57A10A.13	C07C7.1	22.874	5.78138219445879	0	0
Y57A10A.13	C07C7.3	9.576	8.47075672192391	0	0
Y57A10A.13	C07D10.1	22.676	10.1948346222519	0	0
Y57A10A.13	C07D10.5	26.916	1.53827114268731	0	0
Y57A10A.13	C07D10.6	20.564	7.72665060464045	0	0
Y57A10A.13	C07D8.5	24.254	3.77055660174264	0	0
Y57A10A.13	C07D8.6	21.634	11.428558039616	0	0
Y57A10A.13	C07E3.10	18.022	13.2260815308407	0	0
Y57A10A.13	C07E3.3	19.028	4.45338506868741	0	0
Y57A10A.13	C07E3.4	8.892	7.88564825132893	0	0
Y57A10A.13	C07E3.8	16.586	3.47649093978872	0	0
Y57A10A.13	C07E3.9	19.71	7.65596006221169	0	0
Y57A10A.13	C07F11.2	17.49	16.1668799929396	0	0
Y57A10A.13	C07G1.15	12.934	10.0096984230498	0	0
Y57A10A.13	C07G1.6	17.316	5.43304980752348	0	0
Y57A10A.13	C07G1.7	13.292	15.2034784633339	0	0
Y57A10A.13	C07G2.5	6.174	1.42404306059821	0	0
Y57A10A.13	C07G3.10	24.662	18.2725017771658	0	0
Y57A10A.13	C07G3.15	25.398	6.45998568631078	0	0
Y57A10A.13	C07G3.8	25.276	4.21089123643663	0	0
Y57A10A.13	C07H4.1	10.298	2.91351069607387	0	0
Y57A10A.13	C07H6.2	12.15	11.1502131655323	0	0
Y57A10A.13	C07H6.9	18.62	14.8051020173407	0	0
Y57A10A.13	C08A9.10	24.126	3.74530725630773	0	0
Y57A10A.13	C08A9.3	26	1.77632357519315	0	0
Y57A10A.13	C08B11.3	26.358	4.6568968325151	0	0
Y57A10A.13	C08B11.9	26.074	6.06323135415967	0	0
Y57A10A.13	C08B6.10	11.174	11.7547888870726	0	0
Y57A10A.13	C08B6.11	23.474	5.20740823503993	0	0
Y57A10A.13	C08B6.14	26.21	9.7926793414939	0	0
Y57A10A.13	C08B6.18	5.928	9.86618600478442	0	0
Y57A10A.13	C08B6.2	13.306	2.26312340779984	0	0
Y57A10A.13	C08B6.3	23.528	1.23601332799198	0	0
Y57A10A.13	C08B6.6	22.41	3.0577295190272	0	0
Y57A10A.13	C08B6.8	24.432	5.8974188917956	0	0
Y57A10A.13	C08D8.1	21.332	2.11896539831489	0	0
Y57A10A.13	C08D8.7	18.148	15.5088502566966	0	0
Y57A10A.13	C08E3.1	17.974	2.2088931093901	0	0
Y57A10A.13	C08E3.14	27.56	2.76988620827275	0	0
Y57A10A.13	C08E3.15	10.328	8.70621032001617	0	0
Y57A10A.13	C08E8.1	20.498	4.74189090802629	0	0
Y57A10A.13	C08E8.10	4.554	3.24439588260708	1	1
Y57A10A.13	C08E8.11	27.916	1.26003995585301	0	0
Y57A10A.13	C08E8.2	18.492	3.13518586654326	0	0
Y57A10A.13	C08E8.3	16.702	7.48118730173794	0	0
Y57A10A.13	C08E8.4	23.504	5.54091372567063	0	0
Y57A10A.13	C08E8.5	12.216	12.9634328566193	0	0
Y57A10A.13	C08E8.6	15.052	17.1387380635885	0	0
Y57A10A.13	C08F1.10	24.75	4.66137265853401	0	0
Y57A10A.13	C08F1.11	7.362	7.47166031897065	0	0
Y57A10A.13	C08F1.12	24.084	1.52604347909283	0	0
Y57A10A.13	C08F1.6	17.022	21.228522267756	0	0
Y57A10A.13	C08F1.8	23.132	6.85926519099565	0	0
Y57A10A.13	C08F11.1	8.686	4.39571116512217	0	0
Y57A10A.13	C08F11.10	26.624	6.43263115294013	0	0
Y57A10A.13	C08F11.12	28.016	4.4899592796699	0	0
Y57A10A.13	C08F11.13	5.966	2.16153800357059	0	0
Y57A10A.13	C08F11.17	21.9	15.2602302506007	0	0
Y57A10A.13	C08F11.3	19.57	4.68145358351547	0	0
Y57A10A.13	C08F11.7	17.27	17.7015010473426	0	0
Y57A10A.13	C08F8.15	16.612	3.12371974476815	0	0
Y57A10A.13	C08F8.2	23.916	2.32139427147762	0	0
Y57A10A.13	C08F8.3	19.39	20.6077441384821	0	0
Y57A10A.13	C08F8.6	14.874	3.59659770251513	0	0
Y57A10A.13	C08F8.9	19.912	20.1230554134667	0	0
Y57A10A.13	C08G5.6	20.844	5.18430035172957	0	0
Y57A10A.13	C08G5.7	21.244	8.04021479325789	0	0
Y57A10A.13	C08G9.1	17.814	12.8123704458245	0	0
Y57A10A.13	C08G9.2	23.102	2.85203806551982	0	0
Y57A10A.13	C08H9.15	20.05	11.8753525676914	0	0
Y57A10A.13	C08H9.16	18.898	4.43741208966329	0	0
Y57A10A.13	C08H9.18	6.066	6.12025436203039	0	0
Y57A10A.13	C09B7.2	21.054	9.15542880218621	0	0
Y57A10A.13	C09B8.3	18.228	6.13978713838782	0	0
Y57A10A.13	C09B8.4	13.294	16.2207975128404	0	0
Y57A10A.13	C09B8.8	20.914	1.33394035594273	0	0
Y57A10A.13	C09B9.1	17.302	7.56998913369528	0	0
Y57A10A.13	C09B9.2	20.51	18.9417442084444	0	0
Y57A10A.13	C09B9.4	22.146	5.9577583717425	0	0
Y57A10A.13	C09B9.7	20.718	27.3901920652093	0	0
Y57A10A.13	C09B9.85	21.628	22.3376991589655	0	0
Y57A10A.13	C09D4.1	18.188	1.28143014136417	0	0
Y57A10A.13	C09D4.2	17.614	6.58317396093143	0	0
Y57A10A.13	C09D4.3	21.906	11.8215526207574	0	0
Y57A10A.13	C09D4.4	25.778	1.28467922893927	0	0
Y57A10A.13	C09D4.6	17.482	2.65861753587112	0	0
Y57A10A.13	C09D4.9	13.15	12.3764112538097	0	0
Y57A10A.13	C09E10.3	4.856	7.6591312247298	1	1
Y57A10A.13	C09E7.10	23.528	12.4622521587535	0	0
Y57A10A.13	C09E7.11	21.206	10.9927475593084	0	0
Y57A10A.13	C09E7.4	16.204	3.00106204204969	0	0
Y57A10A.13	C09E7.7	20.852	8.60948247799231	0	0
Y57A10A.13	C09E7.8	27.328	1.95340242347691	0	0
Y57A10A.13	C09E8.1	16.032	4.46111691588493	0	0
Y57A10A.13	C09E8.6	10.302	13.5339084285196	0	0
Y57A10A.13	C09E9.1	25.706	10.6512709283788	0	0
Y57A10A.13	C09F12.2	21.232	4.89661350425431	0	0
Y57A10A.13	C09F12.3	24.96	2.16309054273928	0	0
Y57A10A.13	C09F5.1	14.268	4.88787722813156	0	0
Y57A10A.13	C09F5.3	15.308	49.1665674078663	0	0
Y57A10A.13	C09F9.1	20.006	3.27937439982701	0	0
Y57A10A.13	C09F9.2	21.272	3.5273908733789	0	0
Y57A10A.13	C09G1.2	16.354	5.68003756661408	0	0
Y57A10A.13	C09G1.4	20.41	12.4121410211153	0	0
Y57A10A.13	C09G1.5	18.93	5.92878514383442	0	0
Y57A10A.13	C09G12.17	12.02	6.34083161806696	0	0
Y57A10A.13	C09G12.5	10.29	2.36752725268801	0	0
Y57A10A.13	C09G4.4	26.474	3.24546014646435	0	0
Y57A10A.13	C09G5.13	20.042	8.88417984892117	0	0
Y57A10A.13	C09G5.14	19.608	6.37141885122545	0	0
Y57A10A.13	C09G5.7	25.79	3.10960191336936	0	0
Y57A10A.13	C09G9.1	22.768	1.1100015247104	0	0
Y57A10A.13	C09G9.3	5.696	4.01034796649835	0	0
Y57A10A.13	C09G9.5	13.782	2.65031944284407	0	0
Y57A10A.13	C09G9.8	17.62	4.49305016201982	0	0
Y57A10A.13	C09H10.4	22.462	2.76262170484941	0	0
Y57A10A.13	C09H10.5	19.592	5.87366939515099	0	0
Y57A10A.13	C09H10.9	18.562	13.837701044895	0	0
Y57A10A.13	C09H5.7	19.182	2.55883652120746	0	0
Y57A10A.13	C10A4.1	27.74	5.99552863579681	0	0
Y57A10A.13	C10A4.10	16.854	9.87558344398094	0	0
Y57A10A.13	C10A4.13	9.568	11.0156582163694	0	0
Y57A10A.13	C10A4.2	21.532	9.33271337147787	0	0
Y57A10A.13	C10A4.3	24.296	2.24903170570141	0	0
Y57A10A.13	C10A4.4	18.528	6.09880572962946	0	0
Y57A10A.13	C10A4.6	20.352	6.57525819377359	0	0
Y57A10A.13	C10A4.7	19.104	1.70205976934583	0	0
Y57A10A.13	C10A4.9	19.986	3.69185929803572	0	0
Y57A10A.13	C10B5.1	24.346	8.14636032633143	0	0
Y57A10A.13	C10B5.3	8.04	4.3629954519379	0	0
Y57A10A.13	C10C5.3	19.164	2.89889781712185	0	0
Y57A10A.13	C10C5.4	23.924	1.99622646249442	0	0
Y57A10A.13	C10C5.5	24.548	1.92097619661275	0	0
Y57A10A.13	C10C5.7	14.422	5.09871486335439	0	0
Y57A10A.13	C10C6.13	9.934	11.2365083786686	0	0
Y57A10A.13	C10C6.3	10.382	4.49384681357562	0	0
Y57A10A.13	C10C6.7	19.87	4.5956410433491	0	0
Y57A10A.13	C10E2.1	26.636	1.33650537968902	0	0
Y57A10A.13	C10E2.2	15.556	0.40554924905085	0	0
Y57A10A.13	C10E2.5	26.164	13.7673932729559	0	0
Y57A10A.13	C10F3.7	23.926	9.65027163679497	0	0
Y57A10A.13	C10G11.1	15.544	11.3659844008368	0	0
Y57A10A.13	C10G11.10	2.724	3.42020989687286	1	1
Y57A10A.13	C10G11.6	15.99	3.99149322613395	0	0
Y57A10A.13	C10G11.8	25.768	8.91952893143417	0	0
Y57A10A.13	C10G8.2	27.558	3.30585272199235	0	0
Y57A10A.13	C10G8.3	26.704	7.14246079594958	0	0
Y57A10A.13	C10G8.4	14.418	2.4655679247651	0	0
Y57A10A.13	C10G8.8	17.952	18.299004514838	0	0
Y57A10A.13	C10H11.7	25.518	2.38039426364787	0	0
Y57A10A.13	C11D2.3	25.87	1.94199562227761	0	0
Y57A10A.13	C11D2.4	24.41	3.98485219620199	0	0
Y57A10A.13	C11D2.7	27.69	4.64807111789331	0	0
Y57A10A.13	C11E4.6	27.42	4.59026283921245	0	0
Y57A10A.13	C11E4.7	21.374	1.66783390409054	0	0
Y57A10A.13	C11E4.8	5.144	2.03239969497436	0	0
Y57A10A.13	C11G10.1	27.976	2.15251529305857	0	0
Y57A10A.13	C11G6.2	23.536	19.5489513363112	0	0
Y57A10A.13	C11H1.5	16.996	7.16894222417914	0	0
Y57A10A.13	C11H1.7	23.174	6.75919045269323	0	0
Y57A10A.13	C11H1.9	25.316	1.18456039911251	0	0
Y57A10A.13	C12D12.1	21.952	5.78413017147065	0	0
Y57A10A.13	C12D12.3	20.336	7.01771725012075	0	0
Y57A10A.13	C12D5.10	20.088	5.7932723567185	0	0
Y57A10A.13	C12D5.3	22.858	12.7851315189672	0	0
Y57A10A.13	C12D5.4	24.904	7.49478829134704	0	0
Y57A10A.13	C12D5.5	26.158	8.96821218235615	0	0
Y57A10A.13	C12D5.9	24.234	3.85513622540195	0	0
Y57A10A.13	C12D8.13	20.56	0.491221057313329	0	0
Y57A10A.13	C12D8.20	21.268	8.50734635126249	0	0
Y57A10A.13	C12D8.21	13.424	33.3774942385484	0	0
Y57A10A.13	C12D8.9	15.67	33.3056729174101	0	0
Y57A10A.13	C13A10.1	18.776	9.55711655116295	0	0
Y57A10A.13	C13A10.2	23.734	3.37458694637147	0	0
Y57A10A.13	C13A2.1	20.888	2.22226858546252	0	0
Y57A10A.13	C13A2.10	24.45	5.15077676611245	0	0
Y57A10A.13	C13A2.12	24.648	17.4582118034574	0	0
Y57A10A.13	C13A2.3	14.348	42.2135741041787	0	0
Y57A10A.13	C13A2.4	21.886	7.63582304888143	0	0
Y57A10A.13	C13A2.5	14.352	2.85988692512229	0	0
Y57A10A.13	C13A2.6	21.164	3.72730703197651	0	0
Y57A10A.13	C13A2.7	17.468	2.27172485924196	0	0
Y57A10A.13	C13A2.9	17.606	9.05496805906847	0	0
Y57A10A.13	C13B4.1	16.426	2.62261032526564	0	0
Y57A10A.13	C13B7.6	22.19	10.8928168101496	0	0
Y57A10A.13	C13B9.1	25.698	5.23017297169421	0	0
Y57A10A.13	C13B9.2	23.662	7.22080608409348	0	0
Y57A10A.13	C13C4.6	8.006	9.35739264172849	0	0
Y57A10A.13	C13C4.7	24.61	5.77537508814077	0	0
Y57A10A.13	C13C4.8	22.08	6.44907498976307	0	0
Y57A10A.13	C13E3.1	25.73	2.84818092971918	0	0
Y57A10A.13	C13F10.1	18.652	31.394327160082	0	0
Y57A10A.13	C13F10.5	13.308	20.4040921648695	0	0
Y57A10A.13	C13F10.6	26.412	6.3897176107723	0	0
Y57A10A.13	C13F10.7	18.148	27.80119702352	0	0
Y57A10A.13	C13F10.8	5.162	6.79883451525804	0	0
Y57A10A.13	C13G3.1	19.484	9.52160756118844	0	0
Y57A10A.13	C13G3.12	4.128	11.5155770149194	0	0
Y57A10A.13	C13G5.2	24.108	3.70572266836597	0	0
Y57A10A.13	C14A11.2	21.672	5.21944766506558	0	0
Y57A10A.13	C14A11.5	25.34	4.1547189228893	0	0
Y57A10A.13	C14A11.6	19.504	19.1857847465757	0	0
Y57A10A.13	C14A11.9	16.4	6.71742586352873	0	0
Y57A10A.13	C14A4.12	21.544	2.72133732673842	0	0
Y57A10A.13	C14A4.13	20.674	6.87419972676991	0	0
Y57A10A.13	C14A4.6	11.184	6.50036380326881	0	0
Y57A10A.13	C14A4.7	12.15	7.81394686343045	0	0
Y57A10A.13	C14A4.8	10.59	1.04726501476954	0	0
Y57A10A.13	C14A4.9	24.054	2.22573530753422	0	0
Y57A10A.13	C14A6.12	16.06	3.87180491067759	0	0
Y57A10A.13	C14A6.13	24.272	12.2252329630551	0	0
Y57A10A.13	C14A6.3	14.118	45.768300715287	0	0
Y57A10A.13	C14A6.5	17.584	11.6880820459637	0	0
Y57A10A.13	C14A6.6	24.032	15.6622422303744	0	0
Y57A10A.13	C14A6.7	15.858	3.98535020453471	0	0
Y57A10A.13	C14A6.8	12.374	2.83922789219929	0	0
Y57A10A.13	C14B1.12	18.49	11.4873846397561	0	0
Y57A10A.13	C14B1.2	22.708	6.1417808240221	0	0
Y57A10A.13	C14B1.3	27.132	8.46719003942403	0	0
Y57A10A.13	C14B1.8	23.57	10.0194673249098	0	0
Y57A10A.13	C14B4.2	26.358	7.25840406718252	0	0
Y57A10A.13	C14B9.10	27.528	5.87854535018633	0	0
Y57A10A.13	C14B9.2	23.804	7.27294149210006	0	0
Y57A10A.13	C14B9.3	21.596	2.73210512678769	0	0
Y57A10A.13	C14B9.8	26.748	6.63563629872491	0	0
Y57A10A.13	C14C10.1	16.298	1.83733890604309	0	0
Y57A10A.13	C14C10.10	5.436	14.8492467714053	0	0
Y57A10A.13	C14C10.2	16.812	28.9396472352753	0	0
Y57A10A.13	C14C10.5	28.816	0.905806638013165	0	0
Y57A10A.13	C14C11.1	21.088	9.27885197042688	0	0
Y57A10A.13	C14C11.2	16.85	0.9068668718063	0	0
Y57A10A.13	C14C11.4	21.708	3.49394488777586	0	0
Y57A10A.13	C14C11.7	18.372	14.4469767078773	0	0
Y57A10A.13	C14C6.13	23.944	3.57059991078935	0	0
Y57A10A.13	C14C6.2	18.668	6.94071601050486	0	0
Y57A10A.13	C14C6.3	20.12	6.17313429967974	0	0
Y57A10A.13	C14C6.5	18.83	27.6531668538343	0	0
Y57A10A.13	C14C6.6	17.514	46.3379510649641	0	0
Y57A10A.13	C14C6.8	22.482	6.93427808847125	0	0
Y57A10A.13	C14E2.1	20.01	15.3856904735791	0	0
Y57A10A.13	C14E2.11	16	0.644992732517198	0	0
Y57A10A.13	C14E2.3	18.034	6.12368836800486	0	0
Y57A10A.13	C14E2.4	26.272	5.07759784819726	0	0
Y57A10A.13	C14E2.5	20.566	4.46660604393583	0	0
Y57A10A.13	C14E2.6	25.944	2.81805267474945	0	0
Y57A10A.13	C14E2.7	13.896	9.30547872812891	0	0
Y57A10A.13	C14F11.4	21.404	9.23121465393389	0	0
Y57A10A.13	C14F11.7	10.736	14.2755396462497	0	0
Y57A10A.13	C14H10.2	26.584	7.1148914569659	0	0
Y57A10A.13	C14H10.3	24.664	9.60266953913131	0	0
Y57A10A.13	C15A11.2	13.24	5.30558884646472	0	0
Y57A10A.13	C15A11.4	23.092	1.84120281488536	0	0
Y57A10A.13	C15A11.7	21.076	6.47656970725281	0	0
Y57A10A.13	C15B12.1	20.658	9.59867532760908	0	0
Y57A10A.13	C15B12.2	21.978	1.03426317463185	0	0
Y57A10A.13	C15B12.3	14.572	7.47591090736912	0	0
Y57A10A.13	C15B12.4	25	5.00455792253422	0	0
Y57A10A.13	C15B12.8	15.814	1.30255113430125	0	0
Y57A10A.13	C15B12.9	23.4	1.98062055149683	0	0
Y57A10A.13	C15C6.1	18.18	1.64327494458632	0	0
Y57A10A.13	C15C6.2	16.906	19.1850747741442	0	0
Y57A10A.13	C15C6.3	16.514	3.10622494184157	0	0
Y57A10A.13	C15C7.4	21.78	18.1767449396866	0	0
Y57A10A.13	C15C7.6	21.27	2.75406706527647	0	0
Y57A10A.13	C15C8.5	23.67	2.98047554278957	0	0
Y57A10A.13	C15C8.6	19.912	4.17218113682652	0	0
Y57A10A.13	C15C8.8	16.958	18.3375969756479	0	0
Y57A10A.13	C15F1.1	20.792	6.4628328650467	0	0
Y57A10A.13	C15F1.2	17.842	1.61588047100481	0	0
Y57A10A.13	C15F1.5	23.14	2.57429936857047	0	0
Y57A10A.13	C15F1.8	24.152	13.325457483757	0	0
Y57A10A.13	C15H11.1	23.896	8.1621104115229	0	0
Y57A10A.13	C15H11.10	17.17	7.67667870224344	0	0
Y57A10A.13	C15H11.11	21.272	7.52657379956211	0	0
Y57A10A.13	C15H11.13	9.272	16.1185644812657	0	0
Y57A10A.13	C15H7.3	21.578	38.6673162529398	0	0
Y57A10A.13	C15H7.4	24.436	14.6953596718941	0	0
Y57A10A.13	C15H9.11	21.608	3.2788708447637	0	0
Y57A10A.13	C15H9.2	18.82	4.20035157788983	0	0
Y57A10A.13	C15H9.3	19.632	2.99305623744844	0	0
Y57A10A.13	C15H9.4	4.356	9.01856224368831	1	1
Y57A10A.13	C15H9.5	20.05	12.9387748339879	0	0
Y57A10A.13	C15H9.9	25.414	9.86093750897678	0	0
Y57A10A.13	C16A11.10	25.702	4.50944216297132	0	0
Y57A10A.13	C16A11.2	22.34	14.0008001994396	0	0
Y57A10A.13	C16A11.3	26.242	15.5162143646484	0	0
Y57A10A.13	C16A11.4	25.07	7.33814872015796	0	0
Y57A10A.13	C16A11.5	24.73	6.17206574940506	0	0
Y57A10A.13	C16A11.7	16.94	22.0645016632859	0	0
Y57A10A.13	C16A3.2	23.862	12.503843796176	0	0
Y57A10A.13	C16A3.5	27.55	0.837209625747429	0	0
Y57A10A.13	C16A3.6	4.08	6.41482957269725	1	1
Y57A10A.13	C16B8.2	23.186	4.42477722520201	0	0
Y57A10A.13	C16B8.3	12.626	36.4134085217144	0	0
Y57A10A.13	C16B8.4	24.204	9.24343841075544	0	0
Y57A10A.13	C16C10.1	23.228	3.80858500971993	0	0
Y57A10A.13	C16C10.13	5.028	4.4124067030469	0	0
Y57A10A.13	C16C10.2	20.398	1.62942580373529	0	0
Y57A10A.13	C16C10.4	17.948	30.1447042647602	0	0
Y57A10A.13	C16C10.8	25.882	8.19568504542733	0	0
Y57A10A.13	C16C10.9	19.386	10.3583319610409	0	0
Y57A10A.13	C16C2.4	11.392	29.7652589398292	0	0
Y57A10A.13	C16C4.1	18.764	20.4198289221822	0	0
Y57A10A.13	C16C4.17	14.644	8.13817951639236	0	0
Y57A10A.13	C16C4.18	15.6	15.9652709053803	0	0
Y57A10A.13	C16C8.10	27.948	3.94995661525432	0	0
Y57A10A.13	C16C8.11	23.51	7.0752876744331	0	0
Y57A10A.13	C16C8.12	22.118	4.68402017789507	0	0
Y57A10A.13	C16C8.14	25.514	11.1809427497033	0	0
Y57A10A.13	C16C8.16	20.684	11.6464817302424	0	0
Y57A10A.13	C16C8.17	18.692	6.06054540061852	0	0
Y57A10A.13	C16C8.18	17.86	18.940164657906	0	0
Y57A10A.13	C16C8.19	26.858	2.12625352853066	0	0
Y57A10A.13	C16C8.20	22.226	13.3011803653388	0	0
Y57A10A.13	C16C8.21	26.438	9.6264775442171	0	0
Y57A10A.13	C16C8.22	27.546	2.91833413212866	0	0
Y57A10A.13	C16C8.25	24.822	8.06634742631241	0	0
Y57A10A.13	C16C8.26	22.774	8.3281938122983	0	0
Y57A10A.13	C16C8.27	12.548	0.958649291278009	0	0
Y57A10A.13	C16C8.4	19.206	13.2962600125192	0	0
Y57A10A.13	C16C8.5	10.22	2.68679652010685	0	0
Y57A10A.13	C16C8.7	21.912	4.45276332507194	0	0
Y57A10A.13	C16C8.8	19.792	2.51294991145975	0	0
Y57A10A.13	C16C8.9	25.14	6.35011083968468	0	0
Y57A10A.13	C16D2.1	27.6	2.22627164655044	0	0
Y57A10A.13	C16D2.3	10.978	19.4390143492556	0	0
Y57A10A.13	C16D9.3	22.092	22.5028963409172	0	0
Y57A10A.13	C16D9.4	21.868	34.0775481691077	0	0
Y57A10A.13	C16D9.5	2.842	1.30237547665881	1	1
Y57A10A.13	C16D9.6	21.288	9.85415990398005	0	0
Y57A10A.13	C16D9.8	9.68	6.16381565709765	0	0
Y57A10A.13	C16D9.9	18.512	6.64602943125187	0	0
Y57A10A.13	C16E9.1	23.916	8.89431669050387	0	0
Y57A10A.13	C16E9.2	17.158	6.71398323208437	0	0
Y57A10A.13	C16H3.3	24.738	2.74723171793997	0	0
Y57A10A.13	C17A2.2	6.524	2.82135508641166	0	0
Y57A10A.13	C17A2.3	24.786	1.79493764876105	0	0
Y57A10A.13	C17A2.4	26.184	1.0296069536972	0	0
Y57A10A.13	C17A2.7	25.05	6.71638149892647	0	0
Y57A10A.13	C17B7.10	23.2	5.18505997153768	0	0
Y57A10A.13	C17B7.12	23.184	9.36723514100843	0	0
Y57A10A.13	C17B7.14	9.642	9.52393007122542	0	0
Y57A10A.13	C17B7.15	11.296	2.09735930623103	0	0
Y57A10A.13	C17B7.3	6.004	2.92683312944555	0	0
Y57A10A.13	C17B7.4	27.348	3.60487066927436	0	0
Y57A10A.13	C17B7.5	20.11	15.2140756867118	0	0
Y57A10A.13	C17B7.8	24.182	2.6224826203745	0	0
Y57A10A.13	C17B7.9	23.714	12.132441041355	0	0
Y57A10A.13	C17C3.1	20.348	2.08602500664171	0	0
Y57A10A.13	C17C3.11	11.27	4.47366909173222	0	0
Y57A10A.13	C17C3.13	18.802	13.8487775435185	0	0
Y57A10A.13	C17C3.15	10.884	9.67178921784594	0	0
Y57A10A.13	C17C3.24	12.08	2.84785056486251	0	0
Y57A10A.13	C17C3.3	25.674	3.61884286326055	0	0
Y57A10A.13	C17C3.5	11.098	3.49352345241776	0	0
Y57A10A.13	C17C3.6	25.198	7.78848209898318	0	0
Y57A10A.13	C17C3.9	23.622	2.98974051433339	0	0
Y57A10A.13	C17D12.3	13.956	28.4049856201539	0	0
Y57A10A.13	C17D12.5	20.616	2.19663171085742	0	0
Y57A10A.13	C17D12.9	21.136	3.20167133523562	0	0
Y57A10A.13	C17E4.1	15.628	16.3966816898914	0	0
Y57A10A.13	C17E4.10	8.71	58.6943105040435	0	0
Y57A10A.13	C17E4.11	21.338	26.9508040028629	0	0
Y57A10A.13	C17E4.19	27.048	1.61649629042538	0	0
Y57A10A.13	C17E4.2	19.918	11.7043918258464	0	0
Y57A10A.13	C17E4.20	28.15	2.68822882351416	0	0
Y57A10A.13	C17E7.12	15.294	2.01456207812163	0	0
Y57A10A.13	C17E7.13	22.162	3.89065546593938	0	0
Y57A10A.13	C17E7.4	11.346	18.3658541922808	0	0
Y57A10A.13	C17E7.9	22.346	10.325625602799	0	0
Y57A10A.13	C17F3.1	7.566	8.80426404734418	0	0
Y57A10A.13	C17F3.3	19.24	6.13701905160136	0	0
Y57A10A.13	C17F4.11	17.604	25.0629596006388	0	0
Y57A10A.13	C17F4.12	19.262	10.9996591788391	0	0
Y57A10A.13	C17F4.2	15.36	3.6571508676199	0	0
Y57A10A.13	C17F4.3	24.708	3.36926593792913	0	0
Y57A10A.13	C17F4.7	16.482	2.96717691835365	0	0
Y57A10A.13	C17F4.8	23.028	6.8648119528271	0	0
Y57A10A.13	C17G1.14	27.014	2.9207288939122	0	0
Y57A10A.13	C17G1.2	10.754	10.5973618572432	0	0
Y57A10A.13	C17G1.5	23.464	4.14020485693608	0	0
Y57A10A.13	C17G10.1	23.898	18.1146697394027	0	0
Y57A10A.13	C17G10.13	16.646	22.095885025846	0	0
Y57A10A.13	C17G10.6	21.14	3.95926513653408	0	0
Y57A10A.13	C17G10.7	13.158	5.75175328706201	0	0
Y57A10A.13	C17H1.2	12.42	7.55643684808378	0	0
Y57A10A.13	C17H11.1	13.304	1.11183776831633	0	0
Y57A10A.13	C17H11.2	24.77	4.51736132840352	0	0
Y57A10A.13	C17H11.4	13.814	5.20042769863332	0	0
Y57A10A.13	C17H11.5	25.368	2.51088590862634	0	0
Y57A10A.13	C17H11.6	23.436	7.0464346914848	0	0
Y57A10A.13	C17H12.10	22.752	4.17237931573075	0	0
Y57A10A.13	C17H12.11	26.27	4.29727165334452	0	0
Y57A10A.13	C17H12.12	21.918	6.35472241219271	0	0
Y57A10A.13	C17H12.2	25.486	3.20073345689656	0	0
Y57A10A.13	C17H12.3	12.216	6.76065281115052	0	0
Y57A10A.13	C17H12.37	18.37	11.008242422825	0	0
Y57A10A.13	C17H12.5	19.76	25.3904129697893	0	0
Y57A10A.13	C17H12.6	22.584	4.13039138337132	0	0
Y57A10A.13	C17H12.8	19.002	6.37170735996435	0	0
Y57A10A.13	C18A11.1	28.298	2.27683252409161	0	0
Y57A10A.13	C18A11.2	17.288	9.10282442051617	0	0
Y57A10A.13	C18A11.3	22.282	11.2952941153285	0	0
Y57A10A.13	C18A11.4	24.358	9.56156591608376	0	0
Y57A10A.13	C18A3.10	10.274	10.3961109362812	0	0
Y57A10A.13	C18A3.11	24.212	14.0066630746676	0	0
Y57A10A.13	C18A3.3	22.352	22.3687231476156	0	0
Y57A10A.13	C18A3.7	12.96	4.00231712055476	0	0
Y57A10A.13	C18B10.6	21.944	6.93343497317015	0	0
Y57A10A.13	C18B12.4	18.01	40.2583429595332	0	0
Y57A10A.13	C18B2.2	18.85	19.24516062624	0	0
Y57A10A.13	C18B2.3	23.09	5.42476112135724	0	0
Y57A10A.13	C18B2.4	11.358	4.63481144606081	0	0
Y57A10A.13	C18B2.5	21.4	13.0074523275622	0	0
Y57A10A.13	C18C4.7	26.108	8.67410229955276	0	0
Y57A10A.13	C18D1.2	22.908	5.03480580309307	0	0
Y57A10A.13	C18D11.1	21.454	4.61765400133037	0	0
Y57A10A.13	C18D11.10	14.166	15.7395904223245	0	0
Y57A10A.13	C18D11.3	21.264	19.0678205389426	0	0
Y57A10A.13	C18D11.6	12.482	27.1328876268444	0	0
Y57A10A.13	C18D11.7	22.922	6.32628191531844	0	0
Y57A10A.13	C18D11.9	16.034	7.82414752427718	0	0
Y57A10A.13	C18D4.12	19.472	5.13537386606393	0	0
Y57A10A.13	C18D4.3	25.694	11.5091689613385	0	0
Y57A10A.13	C18D4.4	26.822	5.71786586614679	0	0
Y57A10A.13	C18D4.6	21.364	9.10951953338573	0	0
Y57A10A.13	C18E3.1	24.496	1.92011321364739	0	0
Y57A10A.13	C18E3.3	24.31	6.74399990374089	0	0
Y57A10A.13	C18E9.2	10.854	8.63920501332679	0	0
Y57A10A.13	C18E9.5	23.122	6.61307362560492	0	0
Y57A10A.13	C18E9.7	26.184	4.64574370486423	0	0
Y57A10A.13	C18E9.8	25.24	5.06047027779937	0	0
Y57A10A.13	C18E9.9	20.774	21.1006525217086	0	0
Y57A10A.13	C18F10.2	16.76	3.7244600994727	0	0
Y57A10A.13	C18F10.7	20.042	2.0142472295615	0	0
Y57A10A.13	C18G1.1	15.272	24.1032527737025	0	0
Y57A10A.13	C18G1.6	17.838	4.27812369962857	0	0
Y57A10A.13	C18G1.7	23.69	5.09969764324118	0	0
Y57A10A.13	C18G1.8	18.36	4.09475950527506	0	0
Y57A10A.13	C18G1.9	22.198	4.1497047181963	0	0
Y57A10A.13	C18H2.5	20.762	19.8677916809498	0	0
Y57A10A.13	C18H7.1	24.902	5.11486331276792	0	0
Y57A10A.13	C18H7.11	26.416	2.14806486752866	0	0
Y57A10A.13	C18H7.12	15.902	4.66801165909533	0	0
Y57A10A.13	C18H7.4	27.402	1.68926748487917	0	0
Y57A10A.13	C18H7.6	18.682	5.33550912752887	0	0
Y57A10A.13	C18H7.7	17.238	3.70510587891702	0	0
Y57A10A.13	C18H9.1	17.852	17.5375857013049	0	0
Y57A10A.13	C18H9.5	18.41	2.03349337830906	0	0
Y57A10A.13	C18H9.6	5.834	10.2635198306391	0	0
Y57A10A.13	C23F12.3	22.276	13.9423496323742	0	0
Y57A10A.13	C23F12.4	20.434	4.84839952519033	0	0
Y57A10A.13	C23F12.9	7.462	7.92283791321351	0	0
Y57A10A.13	C23G10.1	15.442	20.5916803981511	0	0
Y57A10A.13	C23G10.10	19.542	12.0967230766795	0	0
Y57A10A.13	C23G10.11	16.376	7.97016043141465	0	0
Y57A10A.13	C23G10.2	20.942	2.42342444187389	0	0
Y57A10A.13	C23G10.5	19.4	9.78757261759587	0	0
Y57A10A.13	C23G10.7	23.91	8.52127610035132	0	0
Y57A10A.13	C23H3.2	24.768	3.97094749372953	0	0
Y57A10A.13	C23H3.5	23.212	2.99629424553318	0	0
Y57A10A.13	C23H3.9	20.654	3.30381943887141	0	0
Y57A10A.13	C23H4.6	28.63	2.83512314289214	0	0
Y57A10A.13	C23H4.8	24.318	3.94762881352431	0	0
Y57A10A.13	C23H5.11	22.566	3.93758311946498	0	0
Y57A10A.13	C23H5.12	19.494	4.1955545783139	0	0
Y57A10A.13	C23H5.15	15.248	12.0070737517498	0	0
Y57A10A.13	C23H5.8	25.804	2.64344427187006	0	0
Y57A10A.13	C24A11.1	20.218	7.66495187932595	0	0
Y57A10A.13	C24A3.1	28.16	2.24593583818777	0	0
Y57A10A.13	C24A3.2	21.176	2.56957091445331	0	0
Y57A10A.13	C24A3.4	20.714	4.42192968207202	0	0
Y57A10A.13	C24A3.9	26.93	9.03992074533638	0	0
Y57A10A.13	C24A8.5	24.278	9.86863385124783	0	0
Y57A10A.13	C24A8.6	14.044	3.92776850135573	0	0
Y57A10A.13	C24B5.4	22.722	1.80586716038273	0	0
Y57A10A.13	C24B9.3	19.958	4.7955172738896	0	0
Y57A10A.13	C24D10.2	19.542	10.4538059925906	0	0
Y57A10A.13	C24D10.4	13.39	19.2869890321777	0	0
Y57A10A.13	C24D10.49	19.458	2.16686092067561	0	0
Y57A10A.13	C24D10.5	20.092	2.37924375582607	0	0
Y57A10A.13	C24D10.6	24.296	9.54834695201751	0	0
Y57A10A.13	C24F3.2	26.254	6.92183638632052	0	0
Y57A10A.13	C24G6.8	14.89	12.7905158524709	0	0
Y57A10A.13	C24H10.2	20.736	11.4618380628315	0	0
Y57A10A.13	C24H10.3	24.108	5.23112058705958	0	0
Y57A10A.13	C24H10.4	20.932	8.89697956573554	0	0
Y57A10A.13	C24H11.1	17.92	2.12786562108679	0	0
Y57A10A.13	C24H11.2	19.362	5.17808938899116	0	0
Y57A10A.13	C24H11.5	16.628	1.43291170821288	0	0
Y57A10A.13	C24H12.1	23.696	3.17724988485897	0	0
Y57A10A.13	C24H12.18	23.334	13.3202164856731	0	0
Y57A10A.13	C24H12.4	16.282	3.64423822947454	0	0
Y57A10A.13	C24H12.6	22.65	2.31124879028015	0	0
Y57A10A.13	C24H12.8	20.58	4.9331096364571	0	0
Y57A10A.13	C25A1.1	20.926	3.15245026019354	0	0
Y57A10A.13	C25A1.15	14.742	3.46727561912641	0	0
Y57A10A.13	C25A1.16	23.244	2.41279359161616	0	0
Y57A10A.13	C25A1.20	26.704	2.50781341303296	0	0
Y57A10A.13	C25A11.2	26.316	2.29396708849608	0	0
Y57A10A.13	C25A6.1	19.61	9.57724345518379	0	0
Y57A10A.13	C25A8.1	11.956	3.12090468532675	0	0
Y57A10A.13	C25A8.2	12.782	71.2519472290986	0	0
Y57A10A.13	C25A8.5	18.864	8.7555377168248	0	0
Y57A10A.13	C25B8.8	23.904	4.6777075031171	0	0
Y57A10A.13	C25D7.10	16.962	40.0514767257771	0	0
Y57A10A.13	C25D7.15	25.832	3.66703995410568	0	0
Y57A10A.13	C25D7.16	14.966	3.44278707294559	0	0
Y57A10A.13	C25D7.5	19.13	23.137541549958	0	0
Y57A10A.13	C25D7.9	16.26	2.1481241324198	0	0
Y57A10A.13	C25E10.10	24.426	1.96290030033595	0	0
Y57A10A.13	C25E10.11	8.608	5.50704474012494	0	0
Y57A10A.13	C25E10.12	25.042	5.15972792672034	0	0
Y57A10A.13	C25E10.13	18.376	3.92694950752267	0	0
Y57A10A.13	C25E10.16	23.84	2.72570328796724	0	0
Y57A10A.13	C25E10.17	25.002	4.33401828393311	0	0
Y57A10A.13	C25E10.4	24.908	3.12397433793645	0	0
Y57A10A.13	C25E10.5	23.756	3.62852281239306	0	0
Y57A10A.13	C25E10.8	26.75	5.52304029916618	0	0
Y57A10A.13	C25F6.1	16.94	7.19716976235333	0	0
Y57A10A.13	C25F6.6	15.59	2.65364202609848	0	0
Y57A10A.13	C25F6.8	14.51	5.3720676140331	0	0
Y57A10A.13	C25F9.10	26.454	4.91488849428325	0	0
Y57A10A.13	C25F9.11	24.944	5.5247324282637	0	0
Y57A10A.13	C25F9.12	23.882	5.68915160384293	0	0
Y57A10A.13	C25F9.13	4.128	1.61053974211189	1	1
Y57A10A.13	C25F9.14	26.164	2.42113840633899	0	0
Y57A10A.13	C25F9.15	25.756	4.09651014103465	0	0
Y57A10A.13	C25F9.16	18.882	3.2369649949958	0	0
Y57A10A.13	C25F9.2	17.702	3.32946012457507	0	0
Y57A10A.13	C25F9.4	25.112	1.44936398519448	0	0
Y57A10A.13	C25F9.5	27.536	5.04653927444236	0	0
Y57A10A.13	C25F9.6	20.804	2.60112329564691	0	0
Y57A10A.13	C25F9.8	24.992	5.05338113029174	0	0
Y57A10A.13	C25F9.9	18.856	14.8946122414418	0	0
Y57A10A.13	C25G4.17	26.83	5.35617956409722	0	0
Y57A10A.13	C25G4.2	26.018	4.77362754806899	0	0
Y57A10A.13	C25G4.3	23.394	4.15578217646793	0	0
Y57A10A.13	C25G4.7	20.394	4.62736815987669	0	0
Y57A10A.13	C25G4.8	23.834	3.10956728135654	0	0
Y57A10A.13	C25G6.1	23.888	2.06770426098166	0	0
Y57A10A.13	C25G6.3	24.918	13.5825387608131	0	0
Y57A10A.13	C25G6.4	17.556	6.92447205739962	0	0
Y57A10A.13	C25H3.1	23.784	7.94132251180533	0	0
Y57A10A.13	C25H3.10	21.036	16.4803384849299	0	0
Y57A10A.13	C25H3.14	22.398	7.23116243201048	0	0
Y57A10A.13	C25H3.15	5.584	11.9561270975437	0	0
Y57A10A.13	C25H3.16	25.89	10.8184001123688	0	0
Y57A10A.13	C25H3.17	24.532	6.39216643741215	0	0
Y57A10A.13	C25H3.3	23.212	1.16215385075538	0	0
Y57A10A.13	C25H3.7	22.31	4.15646764498226	0	0
Y57A10A.13	C26B2.2	17.512	13.4150800371815	0	0
Y57A10A.13	C26B2.7	25.188	2.53583171773956	0	0
Y57A10A.13	C26B2.8	24.636	4.35787495132391	0	0
Y57A10A.13	C26B9.1	22.33	5.81314598555628	0	0
Y57A10A.13	C26B9.2	23.298	4.04851574100715	0	0
Y57A10A.13	C26B9.3	18.276	2.6577274040085	0	0
Y57A10A.13	C26B9.5	22.594	11.4822839218392	0	0
Y57A10A.13	C26B9.6	15.298	3.19949591379452	0	0
Y57A10A.13	C26B9.7	22.356	7.41293455945319	0	0
Y57A10A.13	C26C6.10	16.274	2.85239175074765	0	0
Y57A10A.13	C26C6.4	25.224	9.41196700181481	0	0
Y57A10A.13	C26C6.6	22.836	11.9758268079266	0	0
Y57A10A.13	C26C6.8	7.516	5.15521723725141	0	0
Y57A10A.13	C26C6.9	24.258	2.54576476739977	0	0
Y57A10A.13	C26D10.3	21.644	7.08421217810871	0	0
Y57A10A.13	C26D10.4	28.644	2.04396790534984	0	0
Y57A10A.13	C26D10.6	23.272	3.43443691880736	0	0
Y57A10A.13	C26D10.7	20.586	28.8471716770318	0	0
Y57A10A.13	C26E1.1	19.03	11.1656826322492	0	0
Y57A10A.13	C26E1.2	13.188	34.2409124253242	0	0
Y57A10A.13	C26E6.1	27.644	1.32384777583071	0	0
Y57A10A.13	C26E6.12	23.998	3.78824883095197	0	0
Y57A10A.13	C26F1.1	9.822	4.21347788749136	0	0
Y57A10A.13	C26F1.3	16.608	3.23646911455618	0	0
Y57A10A.13	C26G2.2	23.356	5.04856892078717	0	0
Y57A10A.13	C26H9A.3	22.664	2.74531290933396	0	0
Y57A10A.13	C26H9A.4	5.928	11.5077653182494	0	0
Y57A10A.13	C27A12.4	20.888	10.5699101810114	0	0
Y57A10A.13	C27A2.12	24.346	11.3093945172955	0	0
Y57A10A.13	C27A2.7	19.84	4.2654055559937	0	0
Y57A10A.13	C27A2.8	23.93	20.5173269109404	0	0
Y57A10A.13	C27A7.1	22.564	0.501013393407644	0	0
Y57A10A.13	C27A7.3	24.016	6.59228202336275	0	0
Y57A10A.13	C27A7.5	10.024	2.34235619851146	0	0
Y57A10A.13	C27A7.6	8.126	1.93524181893267	0	0
Y57A10A.13	C27A7.8	17.244	6.49832569515867	0	0
Y57A10A.13	C27A7.9	26.41	5.30548305855128	0	0
Y57A10A.13	C27B7.2	23.102	4.68046769515933	0	0
Y57A10A.13	C27B7.5	6.264	4.4907495372384	0	0
Y57A10A.13	C27B7.6	21.684	5.40391515960081	0	0
Y57A10A.13	C27B7.7	28.544	2.45543028577316	0	0
Y57A10A.13	C27B7.9	19.66	2.80425537107538	0	0
Y57A10A.13	C27C12.1	21.144	16.2709237260605	0	0
Y57A10A.13	C27C12.3	15.132	17.6823325738114	0	0
Y57A10A.13	C27C12.4	22.884	2.44138244318553	0	0
Y57A10A.13	C27C7.1	14.856	16.2521624643577	0	0
Y57A10A.13	C27C7.5	24.506	1.22914473799144	0	0
Y57A10A.13	C27C7.7	23.236	5.48059749086821	0	0
Y57A10A.13	C27D6.1	22.136	4.91524901220194	0	0
Y57A10A.13	C27D6.11	20.314	16.0391188944195	0	0
Y57A10A.13	C27D6.15	23.384	9.2186841559495	0	0
Y57A10A.13	C27D6.3	18.406	7.4610097874502	0	0
Y57A10A.13	C27D8.1	24.074	2.81431223497779	0	0
Y57A10A.13	C27D8.2	23.73	7.36571612110891	0	0
Y57A10A.13	C27D8.3	22.804	8.37133721313256	0	0
Y57A10A.13	C27D8.4	21.812	8.86147876423028	0	0
Y57A10A.13	C27D9.1	21.176	24.5599968576014	0	0
Y57A10A.13	C27D9.2	22.554	5.8511590555943	0	0
Y57A10A.13	C27F2.10	20.322	12.1048277176094	0	0
Y57A10A.13	C27F2.4	4.03	2.09085602312069	1	1
Y57A10A.13	C27F2.6	23.622	1.65788172237568	0	0
Y57A10A.13	C27F2.7	23.694	12.7411812838198	0	0
Y57A10A.13	C27F2.9	24.298	3.50951779608642	0	0
Y57A10A.13	C27H5.12	11.614	10.8186260424144	0	0
Y57A10A.13	C27H5.2	29.27	3.21719863774875	0	0
Y57A10A.13	C27H5.6	21.392	2.52720649975635	0	0
Y57A10A.13	C27H6.8	25.12	3.83521265244791	0	0
Y57A10A.13	C27H6.9	26.792	10.0001792655717	0	0
Y57A10A.13	C28A5.1	27.608	3.4366822701623	0	0
Y57A10A.13	C28A5.2	26.3	1.23705691901121	0	0
Y57A10A.13	C28A5.6	16.72	4.54722485042718	0	0
Y57A10A.13	C28C12.1	9.6	4.90137098167441	0	0
Y57A10A.13	C28C12.11	15.176	2.63598773222425	0	0
Y57A10A.13	C28C12.12	26.222	8.26130814563073	0	0
Y57A10A.13	C28D4.10	26.594	3.69429643965719	0	0
Y57A10A.13	C28D4.18	4.29	7.9373966638608	1	1
Y57A10A.13	C28D4.4	22.218	3.60622154995989	0	0
Y57A10A.13	C28D4.5	22.388	7.07411057041987	0	0
Y57A10A.13	C28D4.7	20.774	3.1782514328942	0	0
Y57A10A.13	C28D4.8	22.838	2.5414004334499	0	0
Y57A10A.13	C28F5.1	18.99	2.81025046111139	0	0
Y57A10A.13	C28F5.4	24.542	4.84946398839285	0	0
Y57A10A.13	C28G1.10	24.642	4.74229952900461	0	0
Y57A10A.13	C28G1.2	21.11	4.35426063999924	0	0
Y57A10A.13	C28G1.6	26.47	13.5676527464737	0	0
Y57A10A.13	C28H8.2	26.236	1.83857734884364	0	0
Y57A10A.13	C28H8.3	23.846	24.288543120136	0	0
Y57A10A.13	C28H8.5	13.644	9.20111649483054	0	0
Y57A10A.13	C28H8.7	17.226	2.98884943721616	0	0
Y57A10A.13	C28H8.8	26.286	4.47314296149641	0	0
Y57A10A.13	C29A12.1	19.708	13.7720613746748	0	0
Y57A10A.13	C29A12.22	9.908	29.1669867657678	0	0
Y57A10A.13	C29A12.6	21.754	3.47490066621792	0	0
Y57A10A.13	C29E4.10	27.08	2.72652414638671	0	0
Y57A10A.13	C29E4.11	19.518	5.60539625694383	0	0
Y57A10A.13	C29E4.12	25.95	2.58418785808077	0	0
Y57A10A.13	C29E4.13	17.744	8.09735710400634	0	0
Y57A10A.13	C29E4.14	18.428	5.80846054365539	0	0
Y57A10A.13	C29E4.15	20.856	4.69455563056308	0	0
Y57A10A.13	C29E4.17	7.856	11.5402692429326	0	0
Y57A10A.13	C29E4.9	27.066	4.90742333785021	0	0
Y57A10A.13	C29F3.3	26.178	3.87399762961772	0	0
Y57A10A.13	C29F3.7	25.78	1.04516629831711	0	0
Y57A10A.13	C29F4.3	18.664	19.0226721372968	0	0
Y57A10A.13	C29F5.1	25.358	3.91993494151181	0	0
Y57A10A.13	C29F5.8	21.13	17.602501444077	0	0
Y57A10A.13	C29F7.1	22.834	2.64323433604699	0	0
Y57A10A.13	C29F7.10	17.96	9.4564676089431	0	0
Y57A10A.13	C29F7.2	22.206	2.73286848062476	0	0
Y57A10A.13	C29F7.3	23.32	14.4679650936686	0	0
Y57A10A.13	C29F9.12	18.844	6.865664514749	0	0
Y57A10A.13	C29F9.5	23.262	20.6077244957111	0	0
Y57A10A.13	C29F9.6	16.448	1.03481127088066	0	0
Y57A10A.13	C29F9.8	15.926	22.330558313165	0	0
Y57A10A.13	C29F9.9	14.434	59.5864494276191	0	0
Y57A10A.13	C29G2.3	23.094	24.2096542529032	0	0
Y57A10A.13	C29G2.6	16.11	3.44268767817804	0	0
Y57A10A.13	C29H12.2	21.688	5.30441562996428	0	0
Y57A10A.13	C29H12.6	7.81	25.5455379442681	0	0
Y57A10A.13	C30A5.10	26.894	7.79977883439709	0	0
Y57A10A.13	C30A5.16	21.028	4.73129626969448	0	0
Y57A10A.13	C30A5.4	23.906	3.95111187250584	0	0
Y57A10A.13	C30B5.17	7.292	4.08818866822871	0	0
Y57A10A.13	C30B5.2	14.914	13.0636627082739	0	0
Y57A10A.13	C30B5.6	18.432	4.07432378780699	0	0
Y57A10A.13	C30E1.4	23.762	2.43313221641757	0	0
Y57A10A.13	C30F12.2	7.338	1.39442651864666	0	0
Y57A10A.13	C30F12.3	19.002	7.92501675611746	0	0
Y57A10A.13	C30F12.4	16.348	2.73503880495961	0	0
Y57A10A.13	C30F12.5	21.366	2.54263168622457	0	0
Y57A10A.13	C30F2.2	22.362	11.6828627593427	0	0
Y57A10A.13	C30F2.4	15.274	16.321566561665	0	0
Y57A10A.13	C30F2.5	20.668	6.00832742059979	0	0
Y57A10A.13	C30F8.3	20.874	7.13377291031105	0	0
Y57A10A.13	C30G12.1	18.054	0.935572499851063	0	0
Y57A10A.13	C30G12.2	24.016	4.99854228704458	0	0
Y57A10A.13	C30G12.4	8.85	5.1644722630628	0	0
Y57A10A.13	C30G12.6	24.404	12.9643650059231	0	0
Y57A10A.13	C30G4.2	22.784	3.2482787597669	0	0
Y57A10A.13	C30G4.4	19.828	17.393803128652	0	0
Y57A10A.13	C30G7.2	24.698	3.74161864277353	0	0
Y57A10A.13	C30G7.3	22.212	10.0197328906429	0	0
Y57A10A.13	C30G7.4	16.756	4.89951569194415	0	0
Y57A10A.13	C30G7.5	23.208	0.923845900672275	0	0
Y57A10A.13	C30H6.12	13.102	13.3438016586635	0	0
Y57A10A.13	C30H6.5	18.89	24.1758921719564	0	0
Y57A10A.13	C30H6.8	28.424	1.57996047233767	0	0
Y57A10A.13	C30H6.9	23.316	11.1124571512373	0	0
Y57A10A.13	C31A11.13	6.208	19.0790614055027	0	0
Y57A10A.13	C31B8.1	12.56	0.731878037852318	0	0
Y57A10A.13	C31B8.12	23.77	10.3727102856673	0	0
Y57A10A.13	C31B8.16	13.398	8.63665257885224	0	0
Y57A10A.13	C31B8.7	23.168	2.96278591095863	0	0
Y57A10A.13	C31B8.9	24.652	2.61498941396121	0	0
Y57A10A.13	C31C9.6	24.418	9.8629856223833	0	0
Y57A10A.13	C31C9.7	18.8	17.565960861475	0	0
Y57A10A.13	C31C9.9	23.462	2.96022767505325	0	0
Y57A10A.13	C31E10.11	16.406	8.89339913128108	0	0
Y57A10A.13	C31E10.5	26.546	2.04283671574864	0	0
Y57A10A.13	C31E10.6	24.204	0.967435408492329	0	0
Y57A10A.13	C31G12.1	19.648	3.99692194286399	0	0
Y57A10A.13	C31G12.3	18.068	3.70106104130592	0	0
Y57A10A.13	C31G12.4	21.306	17.1830230292534	0	0
Y57A10A.13	C31H1.1	22.5	16.7933849410349	0	0
Y57A10A.13	C31H1.2	22.604	9.11308763330741	0	0
Y57A10A.13	C31H1.5	21.068	3.84314018136088	0	0
Y57A10A.13	C31H2.14	11.816	5.90527987229404	0	0
Y57A10A.13	C31H2.3	2.702	5.1175088134548	1	1
Y57A10A.13	C31H2.4	22.91	4.97379093149045	0	0
Y57A10A.13	C31H5.1	18.316	4.27962357553853	0	0
Y57A10A.13	C31H5.4	12.676	18.4307787422984	0	0
Y57A10A.13	C31H5.5	10.88	9.40626095683874	0	0
Y57A10A.13	C31H5.6	23.334	2.14592212169631	0	0
Y57A10A.13	C31H5.7	28.432	1.03185456775975	0	0
Y57A10A.13	C32A9.1	22.206	11.1093736221524	0	0
Y57A10A.13	C32B5.13	22.304	6.09390054912317	0	0
Y57A10A.13	C32B5.15	26.24	3.69330531694686	0	0
Y57A10A.13	C32B5.18	20.818	9.84281795259668	0	0
Y57A10A.13	C32B5.6	18.64	3.4177230477749	0	0
Y57A10A.13	C32B5.7	24.902	6.85307236160384	0	0
Y57A10A.13	C32C4.16	5.906	3.55892973052794	0	0
Y57A10A.13	C32D5.1	20.916	4.9532243695566	0	0
Y57A10A.13	C32D5.10	23.992	5.15226350872184	0	0
Y57A10A.13	C32D5.11	18.628	2.70002808197505	0	0
Y57A10A.13	C32D5.12	19.968	1.69512171965966	0	0
Y57A10A.13	C32D5.14	15.47	9.16937771012456	0	0
Y57A10A.13	C32D5.4	25.602	5.94970412638225	0	0
Y57A10A.13	C32D5.6	22.404	5.6993524521174	0	0
Y57A10A.13	C32D5.7	14.402	1.23761567372695	0	0
Y57A10A.13	C32D5.8	24.974	11.6583291943115	0	0
Y57A10A.13	C32E12.1	17.268	14.3605059471511	0	0
Y57A10A.13	C32E12.4	23.78	12.8783963541299	0	0
Y57A10A.13	C32E8.1	25.594	7.56289434474596	0	0
Y57A10A.13	C32E8.12	13.718	17.4472356810678	0	0
Y57A10A.13	C32E8.13	9.864	7.80701957580754	0	0
Y57A10A.13	C32E8.4	6.042	7.61463225198488	0	0
Y57A10A.13	C32E8.9	25.83	13.2833365619816	0	0
Y57A10A.13	C32F10.4	20.468	3.14251854811643	0	0
Y57A10A.13	C32F10.8	17.316	1.82649108699879	0	0
Y57A10A.13	C32H11.3	26.462	2.80899739513286	0	0
Y57A10A.13	C32H11.4	23.476	6.88161431904485	0	0
Y57A10A.13	C32H11.9	24.822	1.91529936206964	0	0
Y57A10A.13	C33A11.2	21.108	3.74226699466501	0	0
Y57A10A.13	C33A12.1	21.326	3.02140405273003	0	0
Y57A10A.13	C33A12.19	21.08	8.14455481966791	0	0
Y57A10A.13	C33A12.3	23.456	8.8879663081191	0	0
Y57A10A.13	C33A12.4	17.198	9.04706664771342	0	0
Y57A10A.13	C33B4.2	24.64	2.19174632431772	0	0
Y57A10A.13	C33B4.4	16.35	12.7375078371731	0	0
Y57A10A.13	C33B4.5	16.666	4.93181769605755	0	0
Y57A10A.13	C33C12.1	8.482	4.02095236921334	0	0
Y57A10A.13	C33C12.11	15.656	39.0773076255457	0	0
Y57A10A.13	C33C12.12	19.112	11.285582639367	0	0
Y57A10A.13	C33C12.4	26.39	3.07483637991762	0	0
Y57A10A.13	C33C12.7	11.648	5.37049925232625	0	0
Y57A10A.13	C33D3.3	22.176	11.267612125448	0	0
Y57A10A.13	C33D3.4	19.954	2.66922012883698	0	0
Y57A10A.13	C33D3.5	8.582	3.16805322171363	0	0
Y57A10A.13	C33D9.10	23.224	7.4279168931557	0	0
Y57A10A.13	C33D9.13	25.76	7.92201343373372	0	0
Y57A10A.13	C33D9.3	25.288	1.17952544072875	0	0
Y57A10A.13	C33D9.6	20.642	9.21067724998753	0	0
Y57A10A.13	C33D9.8	27.188	3.17803009788451	0	0
Y57A10A.13	C33E10.1	25.416	11.6428037800926	0	0
Y57A10A.13	C33E10.10	26.518	3.73763406586174	0	0
Y57A10A.13	C33E10.8	26.51	4.08622773220231	0	0
Y57A10A.13	C33F10.1	22.638	7.24023965860577	0	0
Y57A10A.13	C33F10.11	20.98	6.65768358398894	0	0
Y57A10A.13	C33F10.12	12.048	4.63300595362432	0	0
Y57A10A.13	C33F10.14	20.18	4.07188078972728	0	0
Y57A10A.13	C33F10.4	20.074	4.38060877805589	0	0
Y57A10A.13	C33F10.8	23.638	17.8453758265406	0	0
Y57A10A.13	C33G3.4	26.82	3.01437478469914	0	0
Y57A10A.13	C33G3.5	21.056	18.9632287434112	0	0
Y57A10A.13	C33G3.6	20.858	5.46641190740051	0	0
Y57A10A.13	C33G8.13	24.582	8.42435201177622	0	0
Y57A10A.13	C33G8.2	6.36	7.21645015242951	0	0
Y57A10A.13	C33H5.1	21.182	9.31731267033375	0	0
Y57A10A.13	C33H5.13	17.378	7.28328654270731	0	0
Y57A10A.13	C33H5.16	27.648	8.54554476253374	0	0
Y57A10A.13	C33H5.2	19.688	9.33726069236332	0	0
Y57A10A.13	C34B2.11	11.778	6.01993125312154	0	0
Y57A10A.13	C34B2.3	21.348	2.08658234552834	0	0
Y57A10A.13	C34B2.4	23.15	8.6281245099005	0	0
Y57A10A.13	C34B2.9	18.986	4.59254379507685	0	0
Y57A10A.13	C34B4.2	19.36	4.29232118513303	0	0
Y57A10A.13	C34B4.3	17.336	5.85857552891512	0	0
Y57A10A.13	C34B4.4	19.424	7.90696200473884	0	0
Y57A10A.13	C34B4.5	24.98	2.51294643757903	0	0
Y57A10A.13	C34B7.1	22.552	8.57208293293315	0	0
Y57A10A.13	C34C12.1	23.648	3.33106782190819	0	0
Y57A10A.13	C34C12.12	10.818	11.9523767852112	0	0
Y57A10A.13	C34C12.2	20.286	9.47111036827342	0	0
Y57A10A.13	C34C12.4	12.354	9.92640007709278	0	0
Y57A10A.13	C34C12.6	24.98	1.79252307263716	0	0
Y57A10A.13	C34C12.7	17.16	26.3717657947731	0	0
Y57A10A.13	C34C12.8	24.446	9.3590343049302	0	0
Y57A10A.13	C34C12.9	22.558	5.63572309015621	0	0
Y57A10A.13	C34C6.10	12.32	13.7285746688744	0	0
Y57A10A.13	C34C6.3	20.29	2.85621324845456	0	0
Y57A10A.13	C34C6.9	15.816	7.30548168326931	0	0
Y57A10A.13	C34D1.4	21.504	22.5344853088026	0	0
Y57A10A.13	C34D10.1	25.712	7.2931911939753	0	0
Y57A10A.13	C34D10.5	8.544	10.8288728115564	0	0
Y57A10A.13	C34D4.10	23.984	26.3385377990047	0	0
Y57A10A.13	C34D4.2	6.572	10.1989662588171	0	0
Y57A10A.13	C34D4.3	21.886	15.9680046710996	0	0
Y57A10A.13	C34D4.4	18.958	18.9769376658315	0	0
Y57A10A.13	C34E10.10	26.49	2.08002677447428	0	0
Y57A10A.13	C34E10.12	25.882	10.8149963956366	0	0
Y57A10A.13	C34E10.9	23.348	2.72121936388676	0	0
Y57A10A.13	C34E11.2	21.748	10.9415738973489	0	0
Y57A10A.13	C34E11.4	21.7	9.99888502777793	0	0
Y57A10A.13	C34E7.3	22.298	11.9541801804266	0	0
Y57A10A.13	C34F11.1	25.304	8.42814561339434	0	0
Y57A10A.13	C34F11.2	20.188	8.87297444747878	0	0
Y57A10A.13	C34F11.5	28.848	0.867442751353506	0	0
Y57A10A.13	C34F11.8	19.804	2.81338342692289	0	0
Y57A10A.13	C34F6.1	27.264	3.46786500413013	0	0
Y57A10A.13	C34F6.10	26.616	13.3192178316602	0	0
Y57A10A.13	C34F6.11	19.624	8.2811549299028	0	0
Y57A10A.13	C34F6.12	18.674	24.3216242890208	0	0
Y57A10A.13	C34F6.5	20.874	9.79594526316611	0	0
Y57A10A.13	C34F6.7	24.674	7.62800691681533	0	0
Y57A10A.13	C34F6.9	23.716	6.10285358364011	0	0
Y57A10A.13	C34G6.3	12.788	2.21413100855939	0	0
Y57A10A.13	C34H4.1	23.86	1.85950465645256	0	0
Y57A10A.13	C34H4.2	24.614	2.62692394926597	0	0
Y57A10A.13	C34H4.5	18.108	10.192600109949	0	0
Y57A10A.13	C35A11.2	21.282	3.12186101468323	0	0
Y57A10A.13	C35A11.3	4.962	5.55840193803304	1	1
Y57A10A.13	C35A11.4	23.39	3.64971592111241	0	0
Y57A10A.13	C35A5.10	17.264	2.25963015882591	0	0
Y57A10A.13	C35A5.11	22.534	9.17059499046051	0	0
Y57A10A.13	C35A5.3	14.416	21.9474893369662	0	0
Y57A10A.13	C35A5.4	25.112	8.8680832884377	0	0
Y57A10A.13	C35A5.5	21.872	5.96591065099398	0	0
Y57A10A.13	C35A5.6	16.33	2.40740035350316	0	0
Y57A10A.13	C35B1.2	14.35	2.55284447163961	0	0
Y57A10A.13	C35B1.3	4.904	2.08253204432085	1	1
Y57A10A.13	C35B1.4	15.85	4.23770981520716	0	0
Y57A10A.13	C35B1.5	24.614	10.098908592889	0	0
Y57A10A.13	C35B1.7	9.506	32.0814289591607	0	0
Y57A10A.13	C35B1.8	22.374	4.68480993100161	0	0
Y57A10A.13	C35B1.9	15.2	32.2906036670121	0	0
Y57A10A.13	C35B8.3	12.424	3.90502066564171	0	0
Y57A10A.13	C35C5.10	20.732	5.56565571727758	0	0
Y57A10A.13	C35C5.8	23.69	3.13947043545126	0	0
Y57A10A.13	C35C5.9	18.38	6.55654710217311	0	0
Y57A10A.13	C35D10.1	26.96	1.99780905185389	0	0
Y57A10A.13	C35D10.10	24.39	1.92308969242453	0	0
Y57A10A.13	C35D10.12	25.332	0.898626507074399	0	0
Y57A10A.13	C35D10.17	14.472	17.475573829713	0	0
Y57A10A.13	C35D10.3	19.806	5.98773106532623	0	0
Y57A10A.13	C35D10.5	22.318	1.22684156742769	0	0
Y57A10A.13	C35D10.6	21.748	14.4425895305996	0	0
Y57A10A.13	C35D10.7	23.018	5.28820348562312	0	0
Y57A10A.13	C35D10.8	17.168	29.7983827590138	0	0
Y57A10A.13	C35D6.13	21.884	5.0091923706566	0	0
Y57A10A.13	C35D6.3	27.794	4.85893539165265	0	0
Y57A10A.13	C35D6.4	23.512	11.8290036451174	0	0
Y57A10A.13	C35E7.10	27.596	1.80652207828493	0	0
Y57A10A.13	C35E7.11	11.292	6.32909801056787	0	0
Y57A10A.13	C35E7.12	11.084	8.49833465317155	0	0
Y57A10A.13	C35E7.2	22.762	4.70342365986858	0	0
Y57A10A.13	C35E7.3	26.876	6.1335308628793	0	0
Y57A10A.13	C35E7.4	14.092	3.1954293220736	0	0
Y57A10A.13	C35E7.5	20.096	19.6496239141225	0	0
Y57A10A.13	C35E7.6	11.606	3.23688376626417	0	0
Y57A10A.13	C35E7.7	28.102	0.78342834470184	0	0
Y57A10A.13	C35E7.9	15.72	13.9092770995981	0	0
Y57A10A.13	C36A4.10	11.952	7.77423908340322	0	0
Y57A10A.13	C36A4.11	10.914	4.26260195973592	0	0
Y57A10A.13	C36A4.4	19.726	3.39475393833054	0	0
Y57A10A.13	C36B1.11	17.382	7.14765231814527	0	0
Y57A10A.13	C36B1.13	17.294	18.3121079947447	0	0
Y57A10A.13	C36B1.14	19.07	2.99473224231251	0	0
Y57A10A.13	C36B1.6	16.028	12.0277131085489	0	0
Y57A10A.13	C36B1.9	16.002	32.4648994181896	0	0
Y57A10A.13	C36B7.1	27.728	1.38541693891151	0	0
Y57A10A.13	C36B7.2	24.854	9.58059660937624	0	0
Y57A10A.13	C36B7.3	7.994	86.6819663681456	0	0
Y57A10A.13	C36B7.4	25.522	6.67343491196984	0	0
Y57A10A.13	C36B7.5	24.378	2.77327722968323	0	0
Y57A10A.13	C36B7.6	19.726	35.2951908729046	0	0
Y57A10A.13	C36C5.12	15.384	58.2469471613745	0	0
Y57A10A.13	C36C5.14	22.386	20.2530028897406	0	0
Y57A10A.13	C36C5.15	24.02	15.1744973568263	0	0
Y57A10A.13	C36C5.4	24.792	6.87277537574106	0	0
Y57A10A.13	C36C9.11	10.92	11.5894058220787	0	0
Y57A10A.13	C36C9.12	10.578	18.08544782213	0	0
Y57A10A.13	C36C9.4	16.688	28.1308262302929	0	0
Y57A10A.13	C36C9.5	21.984	3.17967951060813	0	0
Y57A10A.13	C36C9.6	23.23	4.99345005628778	0	0
Y57A10A.13	C36E6.2	20.38	14.7338423279234	0	0
Y57A10A.13	C36E6.8	21.842	5.55144632501233	0	0
Y57A10A.13	C36E8.4	23.76	3.60739588182912	0	0
Y57A10A.13	C36E8.6	16.308	18.5792006243588	0	0
Y57A10A.13	C36F7.5	12.824	2.89184633609092	0	0
Y57A10A.13	C36H8.1	17.846	5.80098583776303	0	0
Y57A10A.13	C37A2.6	24.622	6.93332512104915	0	0
Y57A10A.13	C37A2.7	10.094	9.47612178719514	0	0
Y57A10A.13	C37A2.8	29.756	2.97647711154273	0	0
Y57A10A.13	C37A5.11	21.266	5.58090910477692	0	0
Y57A10A.13	C37A5.3	11.47	6.47601361327075	0	0
Y57A10A.13	C37A5.5	7.72	5.2200626112979	0	0
Y57A10A.13	C37A5.6	7.374	7.00378489408817	0	0
Y57A10A.13	C37A5.7	24.272	7.60329943613656	0	0
Y57A10A.13	C37C3.1	23.892	5.223616449136	0	0
Y57A10A.13	C37C3.10	22.072	2.25746192777982	0	0
Y57A10A.13	C37C3.11	16.922	6.22900988356481	0	0
Y57A10A.13	C37C3.12	21.392	3.41527509068867	0	0
Y57A10A.13	C37C3.17	7.412	2.56234533490222	0	0
Y57A10A.13	C37C3.2	25.298	6.76632431005838	0	0
Y57A10A.13	C37C3.9	22.446	3.12441381398122	0	0
Y57A10A.13	C37E2.10	19.306	4.28004262107497	0	0
Y57A10A.13	C37E2.2	20.468	1.33146974882734	0	0
Y57A10A.13	C37E2.3	18.166	3.55977311943984	0	0
Y57A10A.13	C37H5.13	22.014	4.67317012226552	0	0
Y57A10A.13	C37H5.14	24.134	2.52153580385579	0	0
Y57A10A.13	C37H5.5	21.456	9.19154750780623	0	0
Y57A10A.13	C38C10.2	17.762	5.10523052240897	0	0
Y57A10A.13	C38C10.3	17.134	5.11132218650155	0	0
Y57A10A.13	C38C3.3	24.122	8.28690503833953	0	0
Y57A10A.13	C38C3.4	25.234	2.6601115975134	0	0
Y57A10A.13	C38C3.6	18.254	4.69799580584356	0	0
Y57A10A.13	C38C5.1	18.668	4.84563304453617	0	0
Y57A10A.13	C38C6.3	11.584	3.13257415194523	0	0
Y57A10A.13	C38D4.10	13.258	3.2588115663025	0	0
Y57A10A.13	C38D4.7	21.264	16.9652111629518	0	0
Y57A10A.13	C38D9.2	18.194	3.56129987203861	0	0
Y57A10A.13	C38D9.8	24.238	26.8983651956865	0	0
Y57A10A.13	C38H2.2	15.748	3.35001538658667	0	0
Y57A10A.13	C38H2.3	15.682	7.24881105446364	0	0
Y57A10A.13	C39B10.1	15.468	5.46956241460857	0	0
Y57A10A.13	C39B10.3	26.038	4.88507121329793	0	0
Y57A10A.13	C39B10.4	23.78	8.69229121250458	0	0
Y57A10A.13	C39B10.5	7.362	6.26923251058774	0	0
Y57A10A.13	C39B10.7	15.318	6.00359290067475	0	0
Y57A10A.13	C39B5.10	13.264	7.491480438258	0	0
Y57A10A.13	C39B5.14	15.702	1.10619752402629	0	0
Y57A10A.13	C39B5.2	27.644	3.38771089103554	0	0
Y57A10A.13	C39B5.5	23.486	6.36471819228255	0	0
Y57A10A.13	C39B5.6	26.968	1.72802959513915	0	0
Y57A10A.13	C39D10.1	9.052	4.82957064449781	0	0
Y57A10A.13	C39D10.11	13.652	26.6671063450893	0	0
Y57A10A.13	C39D10.2	11.218	7.17067760383201	0	0
Y57A10A.13	C39D10.5	23.7	6.25035383285125	0	0
Y57A10A.13	C39D10.7	13.154	7.40421710079846	0	0
Y57A10A.13	C39D10.8	28.912	0.831329225687243	0	0
Y57A10A.13	C39E6.2	14.172	4.87320171492834	0	0
Y57A10A.13	C39E9.12	3.79	4.34756122777944	1	1
Y57A10A.13	C39E9.7	20.198	9.80241316548052	0	0
Y57A10A.13	C39E9.8	19.956	2.35960187844032	0	0
Y57A10A.13	C39F7.1	20.224	6.8008393961977	0	0
Y57A10A.13	C39F7.5	15.686	3.51632337797831	0	0
Y57A10A.13	C39H7.4	23.506	3.50678877099758	0	0
Y57A10A.13	C40A11.2	24.926	12.6041727175048	0	0
Y57A10A.13	C40A11.3	24.11	5.97975000204377	0	0
Y57A10A.13	C40A11.4	24.036	15.9639672355371	0	0
Y57A10A.13	C40A11.6	26.564	6.04371784009016	0	0
Y57A10A.13	C40A11.7	23.898	5.58505815763079	0	0
Y57A10A.13	C40A11.8	23.236	4.2552579544862	0	0
Y57A10A.13	C40C9.3	24.664	9.68860806276623	0	0
Y57A10A.13	C40C9.4	21.62	28.8643512419198	0	0
Y57A10A.13	C40H1.2	22.408	3.01428327804334	0	0
Y57A10A.13	C40H1.3	23.27	6.41433242237459	0	0
Y57A10A.13	C40H1.7	13.614	6.42050900724693	0	0
Y57A10A.13	C40H1.8	23.642	9.03038533087555	0	0
Y57A10A.13	C40H1.9	5.908	5.14985077932466	0	0
Y57A10A.13	C40H5.2	12.316	1.35452468146423	0	0
Y57A10A.13	C41A3.2	4.188	6.75660050392148	1	1
Y57A10A.13	C41C4.9	5.038	2.5971301681296	0	0
Y57A10A.13	C41D11.10	16.156	5.41472415776867	0	0
Y57A10A.13	C41D11.3	19.772	5.65829577277522	0	0
Y57A10A.13	C41D11.9	20.2	9.0294641274648	0	0
Y57A10A.13	C41G11.1	21.816	5.18582651977372	0	0
Y57A10A.13	C41G6.12	21.15	2.7312894778319	0	0
Y57A10A.13	C41G6.13	19.08	26.8773404826804	0	0
Y57A10A.13	C41G7.15	27.1	2.77330270767348	0	0
Y57A10A.13	C41G7.7	15.384	15.1858372638224	0	0
Y57A10A.13	C41G7.8	14.15	10.868812224637	0	0
Y57A10A.13	C41H7.2	20.374	7.96596105049397	0	0
Y57A10A.13	C41H7.9	19.606	4.88670118797085	0	0
Y57A10A.13	C42C1.12	25.966	2.72546189807421	0	0
Y57A10A.13	C42C1.19	21.006	4.42085200882973	0	0
Y57A10A.13	C42C1.3	23.888	10.959074604596	0	0
Y57A10A.13	C42C1.8	25.232	4.94159823386217	0	0
Y57A10A.13	C42C1.9	21.16	11.752244895939	0	0
Y57A10A.13	C42D4.13	14.718	26.1697993335651	0	0
Y57A10A.13	C42D4.18	25.068	6.80821732560887	0	0
Y57A10A.13	C42D4.19	16.868	11.1143703233099	0	0
Y57A10A.13	C42D4.3	24.124	9.77394113830552	0	0
Y57A10A.13	C42D8.1	18.93	10.0126906072908	0	0
Y57A10A.13	C42D8.9	21.404	9.71149597949494	0	0
Y57A10A.13	C43C3.4	16.304	10.3723208429109	0	0
Y57A10A.13	C43D7.4	16.652	12.4901547696972	0	0
Y57A10A.13	C43D7.7	19.93	17.7904574280397	0	0
Y57A10A.13	C43D7.8	24.116	8.53417260954298	0	0
Y57A10A.13	C43E11.12	19.872	3.82983616753457	0	0
Y57A10A.13	C43E11.5	21.67	4.81310788826154	0	0
Y57A10A.13	C43E11.9	24.49	10.3397814264519	0	0
Y57A10A.13	C43F9.11	20.158	13.4243944310772	0	0
Y57A10A.13	C43F9.4	19.846	5.98839555988245	0	0
Y57A10A.13	C43F9.5	24.16	2.98113830523343	0	0
Y57A10A.13	C43F9.7	19.64	1.82057629111824	0	0
Y57A10A.13	C43G2.3	24.406	7.23676543111305	0	0
Y57A10A.13	C43H6.12	10.01	13.8319255474116	0	0
Y57A10A.13	C43H6.4	25.458	4.28024623364678	0	0
Y57A10A.13	C43H6.6	15.786	27.7318039335509	0	0
Y57A10A.13	C44B11.1	23.988	11.0865815870103	0	0
Y57A10A.13	C44B11.4	26.652	6.68001165327828	0	0
Y57A10A.13	C44B11.6	11.656	15.6656434807709	0	0
Y57A10A.13	C44B12.3	21.736	9.19365018531819	0	0
Y57A10A.13	C44B12.6	21.096	3.00521186450772	0	0
Y57A10A.13	C44B12.9	17.014	3.18190099893558	0	0
Y57A10A.13	C44B7.11	27.8	1.91308072310428	0	0
Y57A10A.13	C44B7.5	25.772	1.44413608105436	0	0
Y57A10A.13	C44B7.7	19.022	37.9731288857361	0	0
Y57A10A.13	C44B9.2	23.388	6.21179455207558	0	0
Y57A10A.13	C44B9.3	18.142	17.2409541221676	0	0
Y57A10A.13	C44C1.1	20.268	1.49057258615392	0	0
Y57A10A.13	C44C1.6	19.602	14.3407354876478	0	0
Y57A10A.13	C44C10.10	23.022	1.41466378171047	0	0
Y57A10A.13	C44C10.11	25.628	7.58523663044556	0	0
Y57A10A.13	C44C10.12	21.708	15.8750365189842	0	0
Y57A10A.13	C44C10.15	21.692	3.65404225784557	0	0
Y57A10A.13	C44C10.3	23.868	4.472738718615	0	0
Y57A10A.13	C44C10.5	23.728	9.83396449003396	0	0
Y57A10A.13	C44C10.7	26.2	2.48443672676715	0	0
Y57A10A.13	C44C10.9	17.086	18.8169891213517	0	0
Y57A10A.13	C44C11.6	8.208	5.16057481288012	0	0
Y57A10A.13	C44E12.1	25.076	3.23123858917995	0	0
Y57A10A.13	C44E4.5	25.25	2.79369379620568	0	0
Y57A10A.13	C44F1.1	26.506	3.06864740797406	0	0
Y57A10A.13	C44H4.4	24.846	4.58186900717265	0	0
Y57A10A.13	C44H4.6	22.434	20.6542826420609	0	0
Y57A10A.13	C44H4.8	14.082	2.53585730670821	0	0
Y57A10A.13	C44H9.4	24.322	8.69237483522796	0	0
Y57A10A.13	C44H9.5	23.162	6.3820703737054	0	0
Y57A10A.13	C44H9.6	19.29	4.49144945663279	0	0
Y57A10A.13	C44H9.7	21.062	14.966745744187	0	0
Y57A10A.13	C45B11.2	22.208	18.1608934116662	0	0
Y57A10A.13	C45B11.5	7.842	8.83354370384584	0	0
Y57A10A.13	C45B11.6	20.22	1.16772689941816	0	0
Y57A10A.13	C45B11.8	11.036	3.52318524672874	0	0
Y57A10A.13	C45B11.9	20.318	5.20396202675442	0	0
Y57A10A.13	C45B2.2	23.374	21.5474449244057	0	0
Y57A10A.13	C45B2.3	25.94	4.8008918891432	0	0
Y57A10A.13	C45B2.6	21.79	3.97348925015871	0	0
Y57A10A.13	C45B2.8	12.792	1.09638662588668	0	0
Y57A10A.13	C45E1.4	28.028	2.33107210954665	0	0
Y57A10A.13	C45E1.5	14.04	6.05350256499801	0	0
Y57A10A.13	C45E5.1	16.978	1.3878361620943	0	0
Y57A10A.13	C45G7.13	19.92	13.029502182747	0	0
Y57A10A.13	C45G7.4	21.404	1.91256476584739	0	0
Y57A10A.13	C45G9.10	17.786	12.8705434942309	0	0
Y57A10A.13	C45G9.11	19.166	11.0377625868908	0	0
Y57A10A.13	C45G9.12	19.444	15.5102516104466	0	0
Y57A10A.13	C45G9.14	18.336	38.107068458808	0	0
Y57A10A.13	C45G9.15	26.774	7.21924728836481	0	0
Y57A10A.13	C45G9.2	24.268	8.18421174519427	0	0
Y57A10A.13	C45G9.4	21.472	14.119905841807	0	0
Y57A10A.13	C45G9.5	27.33	12.245271262163	0	0
Y57A10A.13	C45G9.6	21.318	1.97724548858618	0	0
Y57A10A.13	C45G9.8	21.752	19.2513030186216	0	0
Y57A10A.13	C45G9.9	22.12	21.5820767772055	0	0
Y57A10A.13	C45H4.13	26.426	4.43558465763653	0	0
Y57A10A.13	C45H4.14	22.404	5.39146197916573	0	0
Y57A10A.13	C45H4.18	13.308	3.92918382262945	0	0
Y57A10A.13	C45H4.21	17.45	10.2209159375088	0	0
Y57A10A.13	C46A5.1	25.35	1.46196295544035	0	0
Y57A10A.13	C46A5.4	27.566	1.88962295289737	0	0
Y57A10A.13	C46A5.6	16.342	6.68050414942846	0	0
Y57A10A.13	C46C11.3	23.544	6.43686976840818	0	0
Y57A10A.13	C46C11.4	26.976	7.17343063587264	0	0
Y57A10A.13	C46C2.2	13.744	5.47232983245761	0	0
Y57A10A.13	C46C2.3	26.106	4.17560164590605	0	0
Y57A10A.13	C46C2.5	22.944	10.05749572143	0	0
Y57A10A.13	C46C2.6	25.518	3.33321732444326	0	0
Y57A10A.13	C46C2.7	20.656	4.94675798421904	0	0
Y57A10A.13	C46E10.1	20.742	6.54205220252845	0	0
Y57A10A.13	C46E10.3	23.052	10.0276464405059	0	0
Y57A10A.13	C46E10.8	17.082	12.7047388525662	0	0
Y57A10A.13	C46F11.4	23.056	10.3955403265956	0	0
Y57A10A.13	C46F11.5	25.228	5.61695823554724	0	0
Y57A10A.13	C46F11.6	14.844	3.38268311994669	0	0
Y57A10A.13	C46F2.1	19.772	12.7099944134283	0	0
Y57A10A.13	C46F4.3	20.524	10.3675432665987	0	0
Y57A10A.13	C46F9.5	15.302	3.8580304855942	0	0
Y57A10A.13	C46F9.6	27.63	2.75978533472645	0	0
Y57A10A.13	C46G7.1	23.108	5.59767494662454	0	0
Y57A10A.13	C46G7.2	27.126	3.64950470335978	0	0
Y57A10A.13	C46G7.5	11.388	14.4985652027569	0	0
Y57A10A.13	C46H11.1	18.102	20.2679584103606	0	0
Y57A10A.13	C46H11.10	21.894	7.87715628406229	0	0
Y57A10A.13	C46H11.2	21.822	4.68163392317889	0	0
Y57A10A.13	C46H11.3	18.042	20.0871867890771	0	0
Y57A10A.13	C46H11.6	27.524	7.56208748483141	0	0
Y57A10A.13	C46H11.7	22.424	19.7076083505955	0	0
Y57A10A.13	C46H3.1	17.904	24.3075623603445	0	0
Y57A10A.13	C46H3.2	23.02	12.5562169539599	0	0
Y57A10A.13	C47A10.12	18.428	4.77370746740954	0	0
Y57A10A.13	C47A10.16	7.226	9.65039848822958	0	0
Y57A10A.13	C47A4.1	20.858	2.75879889632363	0	0
Y57A10A.13	C47A4.3	14.234	2.24956484876005	0	0
Y57A10A.13	C47A4.5	12.966	5.24153585919264	0	0
Y57A10A.13	C47B2.2	14.894	2.1509277120238	0	0
Y57A10A.13	C47B2.9	6.34	7.41324921135647	0	0
Y57A10A.13	C47D12.2	25.228	2.25267360015489	0	0
Y57A10A.13	C47D12.4	24.936	4.09917092522102	0	0
Y57A10A.13	C47D12.5	17.458	10.3577187291723	0	0
Y57A10A.13	C47D2.1	19.856	12.7601702701416	0	0
Y57A10A.13	C47E12.10	15.47	12.0000505596231	0	0
Y57A10A.13	C47E12.11	9.654	8.6151136525325	0	0
Y57A10A.13	C47E12.12	16.484	6.21668592657975	0	0
Y57A10A.13	C47E12.13	26.146	4.58766755508762	0	0
Y57A10A.13	C47E12.14	25.936	5.10116506120163	0	0
Y57A10A.13	C47E12.2	20.97	4.8044678028529	0	0
Y57A10A.13	C47E12.3	23.758	6.18075732635447	0	0
Y57A10A.13	C47E12.9	27.96	1.69631238007592	0	0
Y57A10A.13	C47E8.1	15.26	2.39703029595962	0	0
Y57A10A.13	C47E8.11	20.75	10.6635150422174	0	0
Y57A10A.13	C47E8.3	17.516	4.12212751343308	0	0
Y57A10A.13	C47E8.4	19.772	4.66695994729583	0	0
Y57A10A.13	C47E8.9	22.62	3.33914458015591	0	0
Y57A10A.13	C47F8.1	25.614	1.30528289676787	0	0
Y57A10A.13	C47F8.3	23.408	6.55591012329361	0	0
Y57A10A.13	C47F8.5	24.988	7.8232896920523	0	0
Y57A10A.13	C47F8.6	23.602	3.92361136576809	0	0
Y57A10A.13	C47F8.7	20.556	1.92714493697052	0	0
Y57A10A.13	C47G2.3	18.952	7.54928802617308	0	0
Y57A10A.13	C47G2.4	7.64	1.46339527323285	0	0
Y57A10A.13	C48A7.16	6.252	12.9070865610893	0	0
Y57A10A.13	C48B4.10	10.81	2.02566960596283	0	0
Y57A10A.13	C48B4.11	24.688	1.63569048324778	0	0
Y57A10A.13	C48B4.12	15.378	7.22577418030691	0	0
Y57A10A.13	C48B4.13	18.594	9.50495388443553	0	0
Y57A10A.13	C48B4.3	24.468	7.20845944693703	0	0
Y57A10A.13	C48B4.6	24.974	0.539151471256908	0	0
Y57A10A.13	C48B4.7	20.896	5.0101192294202	0	0
Y57A10A.13	C48B4.8	25.046	1.09073272800715	0	0
Y57A10A.13	C48B4.9	24.426	2.3462217549271	0	0
Y57A10A.13	C48B6.10	12.026	5.50245317160961	0	0
Y57A10A.13	C48B6.2	20.528	3.69060833056524	0	0
Y57A10A.13	C48B6.4	17.656	5.36233273761788	0	0
Y57A10A.13	C48B6.9	16.79	2.44664632596113	0	0
Y57A10A.13	C48D1.1	12.294	4.58207672583881	0	0
Y57A10A.13	C48D1.5	22.956	3.08190211064659	0	0
Y57A10A.13	C48D1.9	14.14	18.7673617908409	0	0
Y57A10A.13	C48D5.3	20.74	6.62869283119899	0	0
Y57A10A.13	C48E7.1	19.26	3.34155615985547	0	0
Y57A10A.13	C48E7.6	27.26	4.45764604251101	0	0
Y57A10A.13	C48E7.7	18.854	16.3196710959849	0	0
Y57A10A.13	C49A1.1	23.728	4.67283204790766	0	0
Y57A10A.13	C49A1.10	21.21	2.16391433142158	0	0
Y57A10A.13	C49A1.5	21.786	8.63675314405366	0	0
Y57A10A.13	C49A9.1	21.538	19.895499881404	0	0
Y57A10A.13	C49A9.10	24.478	6.95050080357246	0	0
Y57A10A.13	C49A9.2	5.12	2.80666169203124	0	0
Y57A10A.13	C49A9.3	27.078	8.57887325825132	0	0
Y57A10A.13	C49A9.4	26.188	5.85977764032733	0	0
Y57A10A.13	C49A9.5	25.038	6.87300565345623	0	0
Y57A10A.13	C49A9.6	13.42	16.1132228472232	0	0
Y57A10A.13	C49A9.9	12.568	5.80932868452752	0	0
Y57A10A.13	C49C3.10	25.162	5.14441658864562	0	0
Y57A10A.13	C49C3.11	26.524	10.3474385789291	0	0
Y57A10A.13	C49C3.15	26.202	11.2309755728237	0	0
Y57A10A.13	C49C3.20	23.756	5.13369841963485	0	0
Y57A10A.13	C49C3.21	16.892	23.4266896129235	0	0
Y57A10A.13	C49C3.4	27.692	5.80173900385734	0	0
Y57A10A.13	C49C3.6	26.576	5.06858200859737	0	0
Y57A10A.13	C49C3.7	26.952	6.21640772196157	0	0
Y57A10A.13	C49C3.8	14.018	4.5419227861205	0	0
Y57A10A.13	C49C3.9	3.648	3.64902659918722	1	1
Y57A10A.13	C49C8.1	15.526	6.52807048067169	0	0
Y57A10A.13	C49C8.2	24.426	13.8977400561647	0	0
Y57A10A.13	C49C8.3	24.656	15.6515461498366	0	0
Y57A10A.13	C49C8.5	25.292	2.68996323130957	0	0
Y57A10A.13	C49C8.6	24.092	6.24232771262351	0	0
Y57A10A.13	C49C8.8	26.2	6.69947905717678	0	0
Y57A10A.13	C49F5.13	7.884	5.27001097514219	0	0
Y57A10A.13	C49F5.3	16.552	6.36452523236374	0	0
Y57A10A.13	C49F5.5	11.11	3.95271737399576	0	0
Y57A10A.13	C49F5.6	22.1	2.83898340693872	0	0
Y57A10A.13	C49F5.8	22.152	23.3131395558316	0	0
Y57A10A.13	C49F8.1	8.928	13.3320058166988	0	0
Y57A10A.13	C49F8.14	12.638	10.8143590615329	0	0
Y57A10A.13	C49F8.15	18.332	7.10352029113518	0	0
Y57A10A.13	C49F8.3	27.142	3.21206961733531	0	0
Y57A10A.13	C49G7.10	22.746	4.85522112849512	0	0
Y57A10A.13	C49G7.12	22.152	5.46854352460336	0	0
Y57A10A.13	C49G7.13	25.23	5.91848887740538	0	0
Y57A10A.13	C49G7.7	20.316	2.25043309582153	0	0
Y57A10A.13	C49G9.2	20.096	6.70064833640707	0	0
Y57A10A.13	C49H3.12	21.112	2.82523959846653	0	0
Y57A10A.13	C49H3.16	14.774	34.479154822552	0	0
Y57A10A.13	C49H3.3	9.76	4.5504954900005	0	0
Y57A10A.13	C49H3.4	25.492	8.81353576283304	0	0
Y57A10A.13	C49H3.6	23.5	10.7353867534448	0	0
Y57A10A.13	C50A2.3	19.508	5.05192902447665	0	0
Y57A10A.13	C50A2.7	17.11	4.75153895265443	0	0
Y57A10A.13	C50B6.1	22.464	9.5824877298998	0	0
Y57A10A.13	C50B6.3	25.234	7.46335479752483	0	0
Y57A10A.13	C50B6.7	23.442	2.34823190978428	0	0
Y57A10A.13	C50B6.9	21.134	9.53293765170628	0	0
Y57A10A.13	C50B8.4	15.358	28.5899903297223	0	0
Y57A10A.13	C50B8.5	21.828	7.35350489391021	0	0
Y57A10A.13	C50B8.6	22.178	13.348440798667	0	0
Y57A10A.13	C50C3.1	21.422	24.6557882702541	0	0
Y57A10A.13	C50C3.12	22.088	7.34626451412156	0	0
Y57A10A.13	C50C3.19	22.15	3.96379520361044	0	0
Y57A10A.13	C50C3.2	28.802	3.72631090659295	0	0
Y57A10A.13	C50C3.5	13.808	5.1677396436289	0	0
Y57A10A.13	C50D2.1	20.228	12.2316145211816	0	0
Y57A10A.13	C50D2.10	15.098	3.99424147774526	0	0
Y57A10A.13	C50D2.2	21.698	2.79909064648228	0	0
Y57A10A.13	C50D2.5	13.762	4.4090258515936	0	0
Y57A10A.13	C50D2.6	19.118	2.49689982489101	0	0
Y57A10A.13	C50D2.7	5.906	5.8722328348373	0	0
Y57A10A.13	C50E10.1	5.646	3.31260023825889	0	0
Y57A10A.13	C50E10.2	24.656	4.52132545752084	0	0
Y57A10A.13	C50E3.11	20.826	15.6662676115397	0	0
Y57A10A.13	C50E3.12	11.526	7.43273595367598	0	0
Y57A10A.13	C50E3.13	18.908	9.43518047261742	0	0
Y57A10A.13	C50E3.15	28.684	0.88354616702671	0	0
Y57A10A.13	C50E3.5	19.046	2.95442010784272	0	0
Y57A10A.13	C50E3.6	11.888	2.50483750762572	0	0
Y57A10A.13	C50E3.7	7.614	8.19704997684852	0	0
Y57A10A.13	C50E3.9	26.742	2.32062064737653	0	0
Y57A10A.13	C50F2.2	23.016	5.59220279200243	0	0
Y57A10A.13	C50F2.4	22.168	6.04385702007724	0	0
Y57A10A.13	C50F2.5	21.838	4.57796027510849	0	0
Y57A10A.13	C50F2.7	14.876	6.99897562373972	0	0
Y57A10A.13	C50F4.1	25.036	3.0318949296598	0	0
Y57A10A.13	C50F4.10	27.126	2.83891620938456	0	0
Y57A10A.13	C50F4.12	15.28	3.31225546914256	0	0
Y57A10A.13	C50F4.16	15.166	0.789318066815004	0	0
Y57A10A.13	C50F4.4	23.02	4.01313456225401	0	0
Y57A10A.13	C50F4.6	16.89	27.2420319519494	0	0
Y57A10A.13	C50F4.8	20.116	5.22062505861687	0	0
Y57A10A.13	C50F4.9	13.996	1.33821489207695	0	0
Y57A10A.13	C50F7.3	24.42	4.33055153716988	0	0
Y57A10A.13	C50F7.5	16.362	13.6341689169518	0	0
Y57A10A.13	C50F7.9	23.438	3.71025304031061	0	0
Y57A10A.13	C50H11.13	20.654	6.06579257847453	0	0
Y57A10A.13	C50H11.8	19.342	7.99397854658565	0	0
Y57A10A.13	C50H2.13	19.312	8.33585266000034	0	0
Y57A10A.13	C50H2.4	24.932	4.16858764884918	0	0
Y57A10A.13	C50H2.5	23.664	4.85681705795739	0	0
Y57A10A.13	C50H2.7	24.776	3.66565030468126	0	0
Y57A10A.13	C51E3.10	6.252	5.66792347180295	0	0
Y57A10A.13	C51E3.6	23.36	5.52284097509589	0	0
Y57A10A.13	C51E3.9	27.964	0.924110519268691	0	0
Y57A10A.13	C52A10.3	25.438	1.48926934413732	0	0
Y57A10A.13	C52A11.3	14.43	7.86441295729824	0	0
Y57A10A.13	C52B11.5	18.93	7.22783297432133	0	0
Y57A10A.13	C52B9.10	24.728	3.85119489831781	0	0
Y57A10A.13	C52B9.19	18.664	17.1440339219131	0	0
Y57A10A.13	C52B9.4	21.112	6.35093528328544	0	0
Y57A10A.13	C52B9.8	22.02	4.46541920781915	0	0
Y57A10A.13	C52D10.3	22.678	4.16748905975621	0	0
Y57A10A.13	C52E2.2	12.152	20.945713974603	0	0
Y57A10A.13	C52E2.3	17.674	24.1075717465007	0	0
Y57A10A.13	C52E2.4	18.712	1.99474104510421	0	0
Y57A10A.13	C52E2.5	19.696	4.53158669562511	0	0
Y57A10A.13	C52E4.12	17.882	17.5467918753534	0	0
Y57A10A.13	C52E4.7	22.752	8.86246422079434	0	0
Y57A10A.13	C52G5.2	23.836	5.15024124040976	0	0
Y57A10A.13	C52G5.3	21.01	16.517350673381	0	0
Y57A10A.13	C53A3.1	15.566	3.61891630910075	0	0
Y57A10A.13	C53A3.3	12.76	7.0019465178454	0	0
Y57A10A.13	C53A3.4	25.026	7.20270197516316	0	0
Y57A10A.13	C53A5.11	25.58	5.17942229222447	0	0
Y57A10A.13	C53A5.13	18.896	8.03302089842246	0	0
Y57A10A.13	C53A5.16	23.864	5.72751346470293	0	0
Y57A10A.13	C53A5.17	25.834	2.11973756304491	0	0
Y57A10A.13	C53A5.2	12.552	4.83405144754868	0	0
Y57A10A.13	C53A5.9	25.642	4.38897091345939	0	0
Y57A10A.13	C53B4.2	26.922	14.7250126370548	0	0
Y57A10A.13	C53B4.3	24.302	2.4325564844551	0	0
Y57A10A.13	C53B7.2	17.474	0.894477461826232	0	0
Y57A10A.13	C53B7.3	17.674	22.5590296115486	0	0
Y57A10A.13	C53B7.6	19.388	10.2493873904465	0	0
Y57A10A.13	C53C11.1	22.448	11.7724202126249	0	0
Y57A10A.13	C53C11.2	10.534	34.5465980097534	0	0
Y57A10A.13	C53C11.4	12.048	15.0153738218106	0	0
Y57A10A.13	C53C11.5	22.106	12.9552326367956	0	0
Y57A10A.13	C53C7.3	15.148	31.0223310544477	0	0
Y57A10A.13	C53D5.1	20.928	19.5370437275063	0	0
Y57A10A.13	C53D5.5	19.922	20.4007155631153	0	0
Y57A10A.13	C53D6.10	22.66	9.7692290279117	0	0
Y57A10A.13	C53D6.11	11.848	5.16457363626051	0	0
Y57A10A.13	C53D6.6	22.62	4.72091828091004	0	0
Y57A10A.13	C53D6.7	23.55	3.50144716608529	0	0
Y57A10A.13	C53D6.8	24.444	3.79719523683811	0	0
Y57A10A.13	C53H9.2	11.472	5.60780411785151	0	0
Y57A10A.13	C53H9.3	21.742	9.21259656829774	0	0
Y57A10A.13	C53H9.4	14.332	8.46645648340791	0	0
Y57A10A.13	C54C6.11	23.532	4.38046218269879	0	0
Y57A10A.13	C54C6.4	5.844	3.04326231897854	0	0
Y57A10A.13	C54C6.5	23.694	3.58872164916013	0	0
Y57A10A.13	C54C6.6	20.782	3.77499259403617	0	0
Y57A10A.13	C54C6.7	17.814	23.8146278146562	0	0
Y57A10A.13	C54C8.12	13.944	5.6776705785976	0	0
Y57A10A.13	C54C8.3	21.302	8.24968281345742	0	0
Y57A10A.13	C54C8.4	24.006	5.1299467898881	0	0
Y57A10A.13	C54D1.7	22.23	9.18345616104922	0	0
Y57A10A.13	C54D10.10	25.038	2.36459499723644	0	0
Y57A10A.13	C54D10.13	24.47	6.76069787414451	0	0
Y57A10A.13	C54D10.3	22.8	11.2278560149532	0	0
Y57A10A.13	C54D10.4	24.138	6.03750592778114	0	0
Y57A10A.13	C54D10.5	21.302	9.0109396029997	0	0
Y57A10A.13	C54D10.9	20.196	14.7320169254242	0	0
Y57A10A.13	C54D2.6	21.056	15.6333197817474	0	0
Y57A10A.13	C54E10.10	12.248	2.63515493240068	0	0
Y57A10A.13	C54E10.11	15.254	8.23519496956748	0	0
Y57A10A.13	C54E10.3	18.664	1.63640027165205	0	0
Y57A10A.13	C54E10.6	2.84	4.49547370943793	1	1
Y57A10A.13	C54E10.7	11.392	14.6423696625956	0	0
Y57A10A.13	C54E4.1	14.328	12.5568414364969	0	0
Y57A10A.13	C54E4.12	21.96	5.24164264346585	0	0
Y57A10A.13	C54E4.4	18.822	1.31938397566171	0	0
Y57A10A.13	C54E4.5	23.946	10.1725324172096	0	0
Y57A10A.13	C54F6.12	20.928	10.2416770582533	0	0
Y57A10A.13	C54F6.15	17.554	2.2888431343486	0	0
Y57A10A.13	C54F6.17	16.402	8.26544983328205	0	0
Y57A10A.13	C54F6.18	22.478	8.80267914151755	0	0
Y57A10A.13	C54F6.19	18.312	5.98129358317068	0	0
Y57A10A.13	C54F6.20	5.832	9.74534438694314	0	0
Y57A10A.13	C54F6.3	27.946	2.29426467980609	0	0
Y57A10A.13	C54F6.5	5.652	17.5629520146754	0	0
Y57A10A.13	C54F6.6	26.73	7.89844949724794	0	0
Y57A10A.13	C54G10.1	15.214	2.92718919925449	0	0
Y57A10A.13	C54G4.2	23.658	31.5611246838283	0	0
Y57A10A.13	C54G4.3	26.04	4.21588330925145	0	0
Y57A10A.13	C54G4.4	23.224	5.52955806998878	0	0
Y57A10A.13	C54G4.5	9.162	4.01504768077697	0	0
Y57A10A.13	C54G4.7	24.5	12.722979960504	0	0
Y57A10A.13	C54G4.9	17.638	2.49055169261718	0	0
Y57A10A.13	C54G6.2	26.584	1.47919881308688	0	0
Y57A10A.13	C54G6.3	20.584	3.78009048132865	0	0
Y57A10A.13	C54G6.8	14.976	2.6519255055385	0	0
Y57A10A.13	C54G7.1	19.682	13.1790495772796	0	0
Y57A10A.13	C54H2.4	18.574	16.0399843237732	0	0
Y57A10A.13	C55A1.1	22.472	5.61715737761006	0	0
Y57A10A.13	C55A1.11	16.406	12.8356005929587	0	0
Y57A10A.13	C55A1.4	14.304	3.18710680308716	0	0
Y57A10A.13	C55A1.6	5.15	7.46626560377879	0	0
Y57A10A.13	C55A6.1	21.116	3.47143382612392	0	0
Y57A10A.13	C55A6.10	18.392	1.99455110283523	0	0
Y57A10A.13	C55A6.11	11.296	17.5804061197391	0	0
Y57A10A.13	C55A6.12	21.82	3.83505690546755	0	0
Y57A10A.13	C55A6.3	25.174	10.6105169507468	0	0
Y57A10A.13	C55A6.4	23.046	7.05205635945588	0	0
Y57A10A.13	C55A6.6	26.936	9.42407934229607	0	0
Y57A10A.13	C55A6.7	28.224	0.554353946020632	0	0
Y57A10A.13	C55B6.1	8.798	5.33449998516555	0	0
Y57A10A.13	C55B6.4	10.214	2.76795517629852	0	0
Y57A10A.13	C55B6.5	25.7	8.402552334639	0	0
Y57A10A.13	C55B6.7	12.12	13.6763492391163	0	0
Y57A10A.13	C55B7.10	24.758	2.23238308854867	0	0
Y57A10A.13	C55B7.11	17.272	4.23805736309903	0	0
Y57A10A.13	C55B7.3	15.152	2.09609541864789	0	0
Y57A10A.13	C55C2.3	19.294	1.94606113291112	0	0
Y57A10A.13	C55C2.4	25.934	4.08344076446504	0	0
Y57A10A.13	C55C3.1	21.47	7.29805229525648	0	0
Y57A10A.13	C55C3.3	23.56	5.36788570035613	0	0
Y57A10A.13	C55C3.4	25.084	4.77066878860647	0	0
Y57A10A.13	C55C3.6	12.692	9.68688331798721	0	0
Y57A10A.13	C55C3.7	14.944	1.55830671935358	0	0
Y57A10A.13	C55C3.73	7.312	11.2881676220281	0	0
Y57A10A.13	C55C3.8	23.358	9.12558191689652	0	0
Y57A10A.13	C56A3.4	23.736	5.78154817325937	0	0
Y57A10A.13	C56A3.5	15.274	6.12817966621024	0	0
Y57A10A.13	C56A3.8	21.188	7.27939675037209	0	0
Y57A10A.13	C56C10.4	15.3	2.79865281908584	0	0
Y57A10A.13	C56C10.6	20.98	2.79802862181872	0	0
Y57A10A.13	C56C10.7	20.26	32.6382756676571	0	0
Y57A10A.13	C56C10.9	14.236	3.22000132887994	0	0
Y57A10A.13	C56E10.3	29.148	2.21056974206084	0	0
Y57A10A.13	C56E6.2	8.12	4.71049051697174	0	0
Y57A10A.13	C56E6.4	24.95	10.8093524799471	0	0
Y57A10A.13	C56E6.7	16.928	11.3896989361479	0	0
Y57A10A.13	C56G2.15	19.848	6.15717504220379	0	0
Y57A10A.13	C56G2.22	5.074	5.59278837821853	0	0
Y57A10A.13	C56G2.3	19.636	3.90008057726318	0	0
Y57A10A.13	C56G2.4	24.396	3.94473062308025	0	0
Y57A10A.13	C56G2.5	26.096	5.21375213961084	0	0
Y57A10A.13	C56G2.9	8.874	4.36630750002046	0	0
Y57A10A.13	C56G3.2	22.686	14.7157598945378	0	0
Y57A10A.13	C56G7.3	22.356	10.4439097586426	0	0
Y57A10A.13	CC8.2	19.178	21.4533578840916	0	0
Y57A10A.13	CC8.3	6.524	24.8830464695678	0	0
Y57A10A.13	CD4.1	17.156	1.47782121383033	0	0
Y57A10A.13	CD4.11	15.26	2.7558019204868	0	0
Y57A10A.13	CD4.8	17.882	3.04079778404376	0	0
Y57A10A.13	CTEL54X.2	5.076	5.39269990126327	0	0
Y57A10A.13	CTEL55X.1	15	3.70525152842407	0	0
Y57A10A.13	D1005.10	12.196	6.11326340343554	0	0
Y57A10A.13	D1005.2	20.76	7.48296662563608	0	0
Y57A10A.13	D1005.4	23.306	16.0538963402463	0	0
Y57A10A.13	D1005.5	23.898	6.46192172609939	0	0
Y57A10A.13	D1005.6	24.908	4.26203802991654	0	0
Y57A10A.13	D1007.10	25.168	7.92089971939691	0	0
Y57A10A.13	D1007.15	21.882	10.7440089609278	0	0
Y57A10A.13	D1007.18	11.926	4.71266164310874	0	0
Y57A10A.13	D1007.19	17.234	21.622742665118	0	0
Y57A10A.13	D1007.3	14.556	4.07381134616315	0	0
Y57A10A.13	D1007.4	21.986	7.83310998988105	0	0
Y57A10A.13	D1007.8	12.012	2.51161513849453	0	0
Y57A10A.13	D1014.13	22.522	3.36737248380072	0	0
Y57A10A.13	D1014.2	22.336	6.06248185784445	0	0
Y57A10A.13	D1014.4	27.132	5.77756221559556	0	0
Y57A10A.13	D1014.5	19.362	5.69089523727513	0	0
Y57A10A.13	D1014.6	22.482	6.62956881345807	0	0
Y57A10A.13	D1014.7	18.65	36.0649904796742	0	0
Y57A10A.13	D1022.2	19.048	3.6287751238368	0	0
Y57A10A.13	D1022.3	26.482	2.2743898119437	0	0
Y57A10A.13	D1022.4	23.582	2.79929087997561	0	0
Y57A10A.13	D1022.5	26.866	4.92887038877238	0	0
Y57A10A.13	D1022.9	19.242	4.88382000918431	0	0
Y57A10A.13	D1025.1	15.882	53.8835974044285	0	0
Y57A10A.13	D1025.10	13.252	3.15736244268611	0	0
Y57A10A.13	D1037.1	26.838	10.2821841013259	0	0
Y57A10A.13	D1044.1	24.89	3.8991143719458	0	0
Y57A10A.13	D1044.4	17.426	12.9450836434653	0	0
Y57A10A.13	D1044.5	14.026	12.212223390459	0	0
Y57A10A.13	D1044.6	23.754	7.48546475404244	0	0
Y57A10A.13	D1044.7	19.37	4.0299883160567	0	0
Y57A10A.13	D1046.16	22.394	16.7516764144915	0	0
Y57A10A.13	D1046.18	8.206	7.04200300574306	0	0
Y57A10A.13	D1046.2	21.38	8.71811979283206	0	0
Y57A10A.13	D1046.4	22.614	3.83936428526368	0	0
Y57A10A.13	D1053.2	26.892	1.79098854711414	0	0
Y57A10A.13	D1053.3	16.24	2.06303763149642	0	0
Y57A10A.13	D1053.4	25.006	4.69326175622282	0	0
Y57A10A.13	D1054.1	20.436	5.58456869670488	0	0
Y57A10A.13	D1054.10	4.722	5.22057855950674	1	1
Y57A10A.13	D1054.18	10.81	7.64932257564349	0	0
Y57A10A.13	D1054.19	18.282	3.86978657237506	0	0
Y57A10A.13	D1054.3	16.586	5.69870862187796	0	0
Y57A10A.13	D1054.5	19.738	2.34628158085969	0	0
Y57A10A.13	D1054.8	22.804	3.72284768054535	0	0
Y57A10A.13	D1054.9	21.086	8.27631932629004	0	0
Y57A10A.13	D1069.3	17.808	20.7347311718516	0	0
Y57A10A.13	D1079.1	11.71	2.01000893184284	0	0
Y57A10A.13	D1081.10	18.472	1.57339341124636	0	0
Y57A10A.13	D1081.11	16.738	11.7613893237104	0	0
Y57A10A.13	D1081.12	24.05	3.36772669127926	0	0
Y57A10A.13	D1081.19	6.392	7.78102388104056	0	0
Y57A10A.13	D1081.20	22.952	4.61313145358271	0	0
Y57A10A.13	D1081.3	18.328	18.5357363257567	0	0
Y57A10A.13	D1081.4	23.408	9.94851585347685	0	0
Y57A10A.13	D1081.5	18.206	3.9628564779825	0	0
Y57A10A.13	D1081.6	16.266	34.5304515186746	0	0
Y57A10A.13	D1086.1	18.456	0.995108850979569	0	0
Y57A10A.13	D1086.10	16.538	9.81951850122805	0	0
Y57A10A.13	D1086.11	20.894	2.78469086561897	0	0
Y57A10A.13	D1086.12	24.912	10.811333948161	0	0
Y57A10A.13	D1086.17	28.172	5.90227823499026	0	0
Y57A10A.13	D1086.18	22.638	8.59497846548024	0	0
Y57A10A.13	D1086.19	22.118	24.4971357208328	0	0
Y57A10A.13	D1086.2	22.476	5.55673404235702	0	0
Y57A10A.13	D1086.21	23.566	4.72626166582206	0	0
Y57A10A.13	D1086.3	18.118	2.89264646749724	0	0
Y57A10A.13	D1086.5	22.344	7.4487142423534	0	0
Y57A10A.13	D1086.6	14.754	4.80762215320376	0	0
Y57A10A.13	D1086.7	10.606	5.61442771931786	0	0
Y57A10A.13	D1086.8	26.328	3.60766598264061	0	0
Y57A10A.13	D1086.9	23.918	2.43706803556475	0	0
Y57A10A.13	D2005.1	23.682	3.28800576434979	0	0
Y57A10A.13	D2005.3	16.444	26.5470429567105	0	0
Y57A10A.13	D2005.4	20.592	20.1954059741222	0	0
Y57A10A.13	D2005.6	16.788	12.1991404527158	0	0
Y57A10A.13	D2005.7	20.736	6.8913780437378	0	0
Y57A10A.13	D2007.1	26.05	7.1509937147568	0	0
Y57A10A.13	D2007.2	10.47	16.9517870727296	0	0
Y57A10A.13	D2021.4	20.136	0.912760042861156	0	0
Y57A10A.13	D2023.1	23.112	1.44652217804948	0	0
Y57A10A.13	D2023.3	14.432	44.3715875822264	0	0
Y57A10A.13	D2023.4	25.648	3.58197758566979	0	0
Y57A10A.13	D2023.6	24.476	5.25711838286545	0	0
Y57A10A.13	D2024.1	22.236	7.23622189865429	0	0
Y57A10A.13	D2024.18	23.08	5.21165849409824	0	0
Y57A10A.13	D2024.4	24.338	3.50121929137589	0	0
Y57A10A.13	D2024.5	13.746	2.18645058020898	0	0
Y57A10A.13	D2030.11	23.378	12.5534781375835	0	0
Y57A10A.13	D2030.12	21.732	4.20848213988438	0	0
Y57A10A.13	D2030.2	23.006	10.624644124887	0	0
Y57A10A.13	D2030.3	23.13	12.9534046440038	0	0
Y57A10A.13	D2030.4	23.054	16.4975474137263	0	0
Y57A10A.13	D2030.7	21.706	21.9825545772646	0	0
Y57A10A.13	D2030.8	15.056	3.1165875225478	0	0
Y57A10A.13	D2045.5	24.982	2.88074049103526	0	0
Y57A10A.13	D2045.7	13.844	2.4731917656514	0	0
Y57A10A.13	D2045.8	23.248	5.17903658396563	0	0
Y57A10A.13	D2045.9	22.902	2.18439405789599	0	0
Y57A10A.13	D2062.1	24.724	7.91247222279336	0	0
Y57A10A.13	D2062.13	14.972	9.90601422835894	0	0
Y57A10A.13	D2062.4	25.164	3.21048374896756	0	0
Y57A10A.13	D2062.5	25.346	2.553344771238	0	0
Y57A10A.13	D2063.1	24.764	1.92216201608032	0	0
Y57A10A.13	D2085.7	26.536	2.93512420179043	0	0
Y57A10A.13	D2089.3	17.378	33.103380426295	0	0
Y57A10A.13	D2089.8	23.076	12.188699156821	0	0
Y57A10A.13	D2092.10	25.956	9.98030656089056	0	0
Y57A10A.13	D2092.4	18.644	14.4167945946081	0	0
Y57A10A.13	D2092.8	17.876	18.5234843872949	0	0
Y57A10A.13	D2096.10	12.028	1.86869425967227	0	0
Y57A10A.13	D2096.11	8.064	6.71110971499513	0	0
Y57A10A.13	D2096.12	22.65	5.44319117259954	0	0
Y57A10A.13	D2096.13	26.914	5.52039483264931	0	0
Y57A10A.13	D2096.5	11.29	3.51237910697934	0	0
Y57A10A.13	D2096.6	19.876	6.71241150671508	0	0
Y57A10A.13	D2096.7	23.438	1.63259947060462	0	0
Y57A10A.13	D2096.9	12.58	5.00163631692826	0	0
Y57A10A.13	DC2.5	26.412	3.7265680153309	0	0
Y57A10A.13	DH11.2	27.324	2.44256120630772	0	0
Y57A10A.13	DH11.5	16.632	24.4919194413525	0	0
Y57A10A.13	DY3.8	19.884	3.47005384778802	0	0
Y57A10A.13	E01A2.1	21.936	6.75802587208523	0	0
Y57A10A.13	E01A2.2	10.138	2.46636414283401	0	0
Y57A10A.13	E01A2.8	2.472	2.25958576760015	1	1
Y57A10A.13	E01B7.2	25.068	9.2342736842725	0	0
Y57A10A.13	E01G4.3	21.55	2.77977215826525	0	0
Y57A10A.13	E01G4.5	25.15	4.2729203754613	0	0
Y57A10A.13	E01G4.6	24.742	5.54336464815177	0	0
Y57A10A.13	E01G6.1	20.14	20.0697504883677	0	0
Y57A10A.13	E01G6.2	12.89	11.390591577827	0	0
Y57A10A.13	E02A10.3	17.74	7.46011043145906	0	0
Y57A10A.13	E02A10.4	16.922	7.14280770339515	0	0
Y57A10A.13	E02C12.10	20.104	7.19975685381331	0	0
Y57A10A.13	E02C12.11	23.332	4.66563620400885	0	0
Y57A10A.13	E02C12.12	23.774	3.29671139647584	0	0
Y57A10A.13	E02C12.19	27.81	1.29624517566889	0	0
Y57A10A.13	E02C12.6	24.776	2.60208962598237	0	0
Y57A10A.13	E02C12.8	24.506	8.80186079125104	0	0
Y57A10A.13	E02C12.9	23.356	2.54069800621587	0	0
Y57A10A.13	E02D9.1	12.684	9.18041685089247	0	0
Y57A10A.13	E02H1.1	27.234	4.82552749345291	0	0
Y57A10A.13	E02H1.5	11.942	3.21787426568682	0	0
Y57A10A.13	E02H1.6	17.768	16.5421683901384	0	0
Y57A10A.13	E02H4.2	7.15	6.74381172097409	0	0
Y57A10A.13	E02H4.4	24.154	6.1734445508557	0	0
Y57A10A.13	E02H4.5	18.826	5.4326786380663	0	0
Y57A10A.13	E02H4.6	19.296	2.89951720543513	0	0
Y57A10A.13	E02H4.7	27.602	1.52795583392138	0	0
Y57A10A.13	E02H4.8	21.548	5.82641546939939	0	0
Y57A10A.13	E02H9.1	14.32	3.72181154593884	0	0
Y57A10A.13	E02H9.13	15.278	5.37823856820139	0	0
Y57A10A.13	E02H9.3	9.928	12.3636670740767	0	0
Y57A10A.13	E02H9.6	16.782	14.5910319646039	0	0
Y57A10A.13	E02H9.7	10.326	57.4777868900779	0	0
Y57A10A.13	E02H9.9	6.094	3.80192726158834	0	0
Y57A10A.13	E03H12.4	26.664	2.8028377095876	0	0
Y57A10A.13	E03H12.5	23.43	19.265900311848	0	0
Y57A10A.13	E03H12.7	15.482	8.35817812615469	0	0
Y57A10A.13	E03H4.11	20.406	20.0472458557882	0	0
Y57A10A.13	E03H4.2	23.84	5.20463943450161	0	0
Y57A10A.13	E03H4.3	20.05	4.56529409645487	0	0
Y57A10A.13	E03H4.4	25.74	10.4504438125107	0	0
Y57A10A.13	E03H4.5	25.408	2.87451226991603	0	0
Y57A10A.13	E03H4.8	23.072	4.82149917209335	0	0
Y57A10A.13	E04D5.4	19.13	11.1631432667726	0	0
Y57A10A.13	E04D5.5	9.814	9.93873143103544	0	0
Y57A10A.13	E04F6.10	13.224	25.2711755928154	0	0
Y57A10A.13	E04F6.15	15.458	3.38330570398966	0	0
Y57A10A.13	E04F6.4	20.386	11.4798595643052	0	0
Y57A10A.13	E04F6.6	26.084	2.25225294874134	0	0
Y57A10A.13	E04F6.8	26.41	4.27080059359138	0	0
Y57A10A.13	E04F6.9	25.182	3.46719635471793	0	0
Y57A10A.13	EEED8.10	22.41	6.43096863910893	0	0
Y57A10A.13	EEED8.12	9.4	10.3539116154309	0	0
Y57A10A.13	EEED8.13	17.27	1.38364830866804	0	0
Y57A10A.13	EEED8.14	23.548	7.93534253426023	0	0
Y57A10A.13	EEED8.15	23.424	2.70653814436709	0	0
Y57A10A.13	EEED8.18	24.776	10.5268311306249	0	0
Y57A10A.13	EEED8.2	21.388	13.8828827112944	0	0
Y57A10A.13	EEED8.3	14.404	16.5273150761884	0	0
Y57A10A.13	EEED8.4	7.522	6.06999668805499	0	0
Y57A10A.13	EGAP1.1	26.784	1.81387839041893	0	0
Y57A10A.13	EGAP1.5	26.934	5.43136607108394	0	0
Y57A10A.13	EGAP2.1	20.508	0.620057123425463	0	0
Y57A10A.13	EGAP2.2	9.224	4.13435445553088	0	0
Y57A10A.13	EGAP4.1	26.302	6.33926770407651	0	0
Y57A10A.13	EGAP5.1	20.484	10.2191664461687	0	0
Y57A10A.13	EGAP9.3	26.11	1.66613839403724	0	0
Y57A10A.13	EGAP9.4	18.944	1.51325244198404	0	0
Y57A10A.13	E_BE45912.2	25.668	2.71924436759471	0	0
Y57A10A.13	F01D4.5	25.286	4.18472406800642	0	0
Y57A10A.13	F01D5.1	20.4	5.92681318849504	0	0
Y57A10A.13	F01D5.10	11.326	29.4683555884633	0	0
Y57A10A.13	F01D5.2	9.91	6.72119643624696	0	0
Y57A10A.13	F01D5.3	21.744	10.1142106215079	0	0
Y57A10A.13	F01D5.5	22.162	4.32755377937995	0	0
Y57A10A.13	F01D5.6	24.514	4.17850732707974	0	0
Y57A10A.13	F01D5.7	21.734	5.60762706639747	0	0
Y57A10A.13	F01D5.8	20.3	14.2028341520091	0	0
Y57A10A.13	F01E11.18	20.356	1.54788411030128	0	0
Y57A10A.13	F01E11.20	3.614	13.1216143068309	0	0
Y57A10A.13	F01E11.3	25.266	11.8325166336592	0	0
Y57A10A.13	F01F1.11	11.91	17.5485800575936	0	0
Y57A10A.13	F01F1.14	13.524	52.7878227117218	0	0
Y57A10A.13	F01F1.15	10.82	2.00684387713572	0	0
Y57A10A.13	F01F1.2	21.992	8.95268876624289	0	0
Y57A10A.13	F01F1.3	22.952	4.11716146315276	0	0
Y57A10A.13	F01G10.10	26.772	2.41817861607431	0	0
Y57A10A.13	F01G10.4	26.462	2.00151684721813	0	0
Y57A10A.13	F01G10.5	26.178	7.76792403029956	0	0
Y57A10A.13	F01G10.6	21.206	6.25650967139452	0	0
Y57A10A.13	F01G10.9	19.138	7.53349013436768	0	0
Y57A10A.13	F01G12.18	23.75	14.5662608681388	0	0
Y57A10A.13	F01G4.4	18.858	5.78531635773565	0	0
Y57A10A.13	F01G4.6	17.894	1.57005048867015	0	0
Y57A10A.13	F02A9.1	17.924	6.42199149656603	0	0
Y57A10A.13	F02A9.7	23.162	8.70740592929286	0	0
Y57A10A.13	F02C12.1	21.476	4.53183747965515	0	0
Y57A10A.13	F02C12.2	25.102	7.57558358308641	0	0
Y57A10A.13	F02C12.3	17.84	14.3419458213272	0	0
Y57A10A.13	F02C9.1	11.606	23.0287746745954	0	0
Y57A10A.13	F02C9.2	26.268	4.28725042639339	0	0
Y57A10A.13	F02D10.2	16.612	13.6496567612396	0	0
Y57A10A.13	F02D10.3	17.09	4.30344669589161	0	0
Y57A10A.13	F02D10.6	14.884	7.23689687553184	0	0
Y57A10A.13	F02D8.1	10.116	3.78273754956545	0	0
Y57A10A.13	F02D8.4	21.97	5.62963416953301	0	0
Y57A10A.13	F02D8.9	19.416	15.6525556025012	0	0
Y57A10A.13	F02E11.2	4.408	6.13026612631438	1	1
Y57A10A.13	F02E11.3	16.894	2.95862419255457	0	0
Y57A10A.13	F02E11.4	22.022	4.02753697282907	0	0
Y57A10A.13	F02E11.7	18	3.59547898558766	0	0
Y57A10A.13	F02E8.4	9.148	3.15914155980559	0	0
Y57A10A.13	F02E9.1	22.932	7.32583860578352	0	0
Y57A10A.13	F02E9.10	15.55	14.2319921806794	0	0
Y57A10A.13	F02E9.3	25.418	7.02175034572532	0	0
Y57A10A.13	F02E9.5	9.744	20.4990850766307	0	0
Y57A10A.13	F02E9.7	22.714	3.34647535364996	0	0
Y57A10A.13	F02H6.2	15.756	1.58834643907353	0	0
Y57A10A.13	F02H6.3	20.926	5.59527477771526	0	0
Y57A10A.13	F02H6.6	25.986	2.67549968742716	0	0
Y57A10A.13	F02H6.7	7.456	3.82254254016677	0	0
Y57A10A.13	F07A11.1	16.646	36.4058016038691	0	0
Y57A10A.13	F07A11.4	14.868	9.11190665202351	0	0
Y57A10A.13	F07A11.5	24.98	3.24308826014081	0	0
Y57A10A.13	F07A5.4	25.712	5.02075934867114	0	0
Y57A10A.13	F07B10.4	23.406	4.8420360624045	0	0
Y57A10A.13	F07B10.7	24.6	2.56419980291222	0	0
Y57A10A.13	F07B7.1	21.36	2.95630405906252	0	0
Y57A10A.13	F07B7.12	29.38	0.931202452028892	0	0
Y57A10A.13	F07B7.14	23.966	9.78363176464384	0	0
Y57A10A.13	F07B7.2	21.972	4.38037135336923	0	0
Y57A10A.13	F07B7.7	23.96	4.17237042982678	0	0
Y57A10A.13	F07B7.8	25.546	3.82597770393879	0	0
Y57A10A.13	F07C3.16	22.5	3.4051522327783	0	0
Y57A10A.13	F07C3.2	17.226	7.47872798445981	0	0
Y57A10A.13	F07C3.3	24.138	8.85946282144736	0	0
Y57A10A.13	F07C3.9	23.582	7.71381219391921	0	0
Y57A10A.13	F07C4.10	26.214	3.97875521331695	0	0
Y57A10A.13	F07C4.11	23.86	11.6680215528523	0	0
Y57A10A.13	F07C4.6	23.618	21.1558380656588	0	0
Y57A10A.13	F07C6.2	23.188	8.01764497874601	0	0
Y57A10A.13	F07C6.3	6.25	1.87616630392937	0	0
Y57A10A.13	F07C6.4	22.75	7.37446974427163	0	0
Y57A10A.13	F07C6.6	28.064	3.42498135137801	0	0
Y57A10A.13	F07D3.3	18.36	5.23655351192471	0	0
Y57A10A.13	F07E5.12	7.292	2.94827717743512	0	0
Y57A10A.13	F07E5.13	26.344	3.19654786308967	0	0
Y57A10A.13	F07E5.5	21.306	11.4446494622823	0	0
Y57A10A.13	F07E5.7	20.332	13.1735922605369	0	0
Y57A10A.13	F07E5.8	23.738	14.9933054343967	0	0
Y57A10A.13	F07E5.9	5.978	6.36038170649409	0	0
Y57A10A.13	F07F6.1	18.582	25.9457622502743	0	0
Y57A10A.13	F07F6.2	24.298	7.29613197405328	0	0
Y57A10A.13	F07F6.4	16.322	2.8013829823491	0	0
Y57A10A.13	F07F6.7	9.91	3.53034423502238	0	0
Y57A10A.13	F07F6.8	15.102	30.7512746204752	0	0
Y57A10A.13	F07G11.1	26.774	2.23842637298312	0	0
Y57A10A.13	F07G11.2	26.17	2.15616904542084	0	0
Y57A10A.13	F07G11.3	19.716	13.4261911937261	0	0
Y57A10A.13	F07G11.4	20.192	2.2151933985361	0	0
Y57A10A.13	F07G6.10	25.83	6.6818990687771	0	0
Y57A10A.13	F07G6.12	25.054	4.69734563464366	0	0
Y57A10A.13	F07G6.2	11.168	11.8794335787336	0	0
Y57A10A.13	F07G6.5	15.05	9.17148130669511	0	0
Y57A10A.13	F07G6.8	22.544	2.61063062387146	0	0
Y57A10A.13	F07H5.10	9.57	5.63343419819604	0	0
Y57A10A.13	F07H5.13	8.49	6.99263834231519	0	0
Y57A10A.13	F07H5.7	22.12	3.1576066791311	0	0
Y57A10A.13	F08A7.1	19.652	19.668226467872	0	0
Y57A10A.13	F08A8.5	21.11	3.41497968976192	0	0
Y57A10A.13	F08A8.8	15.328	4.801776514661	0	0
Y57A10A.13	F08B12.11	3.972	8.11401536914523	1	1
Y57A10A.13	F08B12.4	12.514	12.9881729617885	0	0
Y57A10A.13	F08B4.8	15.694	5.28664896044801	0	0
Y57A10A.13	F08B6.1	11.972	3.26903934789113	0	0
Y57A10A.13	F08C6.18	11.036	5.00284630879421	0	0
Y57A10A.13	F08C6.2	13.446	1.70130532156632	0	0
Y57A10A.13	F08C6.5	20.048	4.86996140408222	0	0
Y57A10A.13	F08D12.12	15.62	4.1907753774784	0	0
Y57A10A.13	F08D12.15	25.322	2.63786264756107	0	0
Y57A10A.13	F08D12.2	23.824	3.12316642613042	0	0
Y57A10A.13	F08D12.3	22.332	3.37009133137141	0	0
Y57A10A.13	F08D12.4	27.178	4.10207969795426	0	0
Y57A10A.13	F08D12.7	4.888	7.73284535654339	1	1
Y57A10A.13	F08F1.3	22.366	2.09916719019602	0	0
Y57A10A.13	F08F1.4	26.87	3.7915828497875	0	0
Y57A10A.13	F08F1.9	24.802	2.44745301968121	0	0
Y57A10A.13	F08F3.1	20.484	4.98925035662451	0	0
Y57A10A.13	F08F3.10	20.36	0.81375449537234	0	0
Y57A10A.13	F08F3.4	25.344	6.35017393651791	0	0
Y57A10A.13	F08F3.6	22.464	1.27807270347608	0	0
Y57A10A.13	F08F3.8	23.948	21.0556297198037	0	0
Y57A10A.13	F08F8.10	22.776	7.69071117751484	0	0
Y57A10A.13	F08F8.11	26.036	2.08054921757938	0	0
Y57A10A.13	F08F8.6	9.176	5.45368150892375	0	0
Y57A10A.13	F08F8.7	24.238	4.27253541453972	0	0
Y57A10A.13	F08F8.9	3.072	5.09728623204776	1	1
Y57A10A.13	F08G12.1	19.644	9.73968757073026	0	0
Y57A10A.13	F08G12.11	18.762	5.67497817256764	0	0
Y57A10A.13	F08G12.3	24.14	4.39251745886027	0	0
Y57A10A.13	F08G12.5	16.58	3.12672517390346	0	0
Y57A10A.13	F08G2.4	13.666	6.67163455690764	0	0
Y57A10A.13	F08G2.5	6.528	11.3468538625725	0	0
Y57A10A.13	F08G2.7	11.936	2.17957272674385	0	0
Y57A10A.13	F08G2.8	24.308	10.1699791207284	0	0
Y57A10A.13	F08G5.3	22.52	5.18255692644589	0	0
Y57A10A.13	F08H9.2	13.79	11.8865944231002	0	0
Y57A10A.13	F08H9.3	13.18	3.95083956356603	0	0
Y57A10A.13	F08H9.4	20.87	4.81868226127368	0	0
Y57A10A.13	F09A5.2	23.658	8.96777452566353	0	0
Y57A10A.13	F09A5.3	24.106	3.13283813052028	0	0
Y57A10A.13	F09B12.3	15.312	50.4156336929834	0	0
Y57A10A.13	F09B12.5	18.396	2.27292223871277	0	0
Y57A10A.13	F09B12.7	7.738	20.8826057929666	0	0
Y57A10A.13	F09B9.4	11.604	8.81003100753262	0	0
Y57A10A.13	F09B9.5	23.634	9.78835847985168	0	0
Y57A10A.13	F09C12.2	23.92	5.53594427429185	0	0
Y57A10A.13	F09C12.8	22.194	1.7871877938446	0	0
Y57A10A.13	F09C6.10	27.158	3.26295976894032	0	0
Y57A10A.13	F09C6.11	18.78	4.72875230393526	0	0
Y57A10A.13	F09C6.12	17.578	5.10157732416652	0	0
Y57A10A.13	F09C6.13	14.87	10.6655664754141	0	0
Y57A10A.13	F09C6.14	25.974	5.05030409343015	0	0
Y57A10A.13	F09C6.15	20.436	10.5714858773106	0	0
Y57A10A.13	F09C6.16	25.812	1.15167720519834	0	0
Y57A10A.13	F09C6.3	12.154	5.73840166496571	0	0
Y57A10A.13	F09C8.1	24.12	6.0980518007181	0	0
Y57A10A.13	F09C8.2	15.286	22.0254193882902	0	0
Y57A10A.13	F09D12.2	18.636	8.85859433370274	0	0
Y57A10A.13	F09E10.1	17.404	11.277129674468	0	0
Y57A10A.13	F09E10.5	6.658	6.83215080730796	0	0
Y57A10A.13	F09E10.6	22.846	1.86082251363306	0	0
Y57A10A.13	F09E10.7	22.544	9.24337210991415	0	0
Y57A10A.13	F09E5.11	22.822	1.50753402443017	0	0
Y57A10A.13	F09E5.12	20.022	22.6420685998957	0	0
Y57A10A.13	F09E5.14	19.792	7.28280366653299	0	0
Y57A10A.13	F09E5.16	18.42	8.32992853445903	0	0
Y57A10A.13	F09E5.3	25.376	4.94868632926555	0	0
Y57A10A.13	F09E5.7	20.856	2.46560978173628	0	0
Y57A10A.13	F09E5.8	26.454	6.46076721222543	0	0
Y57A10A.13	F09F7.5	16.746	2.84876063611701	0	0
Y57A10A.13	F09F7.6	25.57	0.922160823038843	0	0
Y57A10A.13	F09F9.1	19.604	13.2085166973353	0	0
Y57A10A.13	F09F9.3	17.39	3.90839009261392	0	0
Y57A10A.13	F09F9.4	11.842	7.02759590200662	0	0
Y57A10A.13	F09F9.5	18.092	2.47046414829764	0	0
Y57A10A.13	F09G2.1	22.97	15.8036113651561	0	0
Y57A10A.13	F09G2.2	23.12	2.37298732255107	0	0
Y57A10A.13	F09G2.8	20.496	14.8923297006882	0	0
Y57A10A.13	F09G8.10	6.55	9.97228254745823	0	0
Y57A10A.13	F09G8.5	20.978	13.1051745687008	0	0
Y57A10A.13	F09G8.7	26.69	2.4078334976485	0	0
Y57A10A.13	F10A3.11	25.754	6.60420458141127	0	0
Y57A10A.13	F10A3.12	23.14	4.24796958758373	0	0
Y57A10A.13	F10A3.17	25.316	2.3526313095497	0	0
Y57A10A.13	F10A3.4	25.402	3.79992300846367	0	0
Y57A10A.13	F10B5.2	24.09	3.49753273617756	0	0
Y57A10A.13	F10C1.1	6.298	3.64400532450054	0	0
Y57A10A.13	F10C1.23	8.698	11.1663212418458	0	0
Y57A10A.13	F10C1.3	8.792	13.3658499227703	0	0
Y57A10A.13	F10C1.8	19.328	12.7702408985902	0	0
Y57A10A.13	F10C1.9	20.268	6.15158828702263	0	0
Y57A10A.13	F10C2.3	22.56	4.00570431152081	0	0
Y57A10A.13	F10C2.4	27.596	1.34678375616042	0	0
Y57A10A.13	F10C2.5	26.304	2.63521383299042	0	0
Y57A10A.13	F10C2.7	24.558	1.28748403084062	0	0
Y57A10A.13	F10C5.3	26.248	5.22051582246779	0	0
Y57A10A.13	F10D11.2	20.82	2.25437688812706	0	0
Y57A10A.13	F10D11.3	26.036	9.79336300567002	0	0
Y57A10A.13	F10D11.4	13.03	8.68230665153875	0	0
Y57A10A.13	F10D11.5	21.212	1.69891950259611	0	0
Y57A10A.13	F10D11.6	24.29	4.3347087486916	0	0
Y57A10A.13	F10D2.10	20.53	8.85523452435888	0	0
Y57A10A.13	F10D2.16	18.588	2.76874986226516	0	0
Y57A10A.13	F10D2.8	26.478	3.9092612682676	0	0
Y57A10A.13	F10D7.10	21.456	3.7643059603705	0	0
Y57A10A.13	F10D7.11	24.22	17.7313675792247	0	0
Y57A10A.13	F10D7.3	21.818	10.2505441677107	0	0
Y57A10A.13	F10D7.4	25.976	1.49955863948111	0	0
Y57A10A.13	F10D7.5	22.47	0.795485666743187	0	0
Y57A10A.13	F10E7.1	26.222	1.52553199305469	0	0
Y57A10A.13	F10E7.11	16.546	18.719389117108	0	0
Y57A10A.13	F10E7.2	13.904	3.60276997054792	0	0
Y57A10A.13	F10E7.5	27.8	2.92154101362823	0	0
Y57A10A.13	F10E7.6	23.736	3.34988591323092	0	0
Y57A10A.13	F10E7.9	16.078	3.02131753991144	0	0
Y57A10A.13	F10E9.1	19.358	9.69706284466761	0	0
Y57A10A.13	F10E9.10	22.032	1.69901080734886	0	0
Y57A10A.13	F10E9.11	10.78	5.62162848835833	0	0
Y57A10A.13	F10E9.12	24.644	9.94482190220663	0	0
Y57A10A.13	F10E9.2	19.812	25.8345277804952	0	0
Y57A10A.13	F10E9.3	8.814	9.89430124322889	0	0
Y57A10A.13	F10E9.4	23.56	3.21601812215868	0	0
Y57A10A.13	F10E9.5	28.104	3.17435620558325	0	0
Y57A10A.13	F10E9.7	17.228	7.911115610119	0	0
Y57A10A.13	F10G2.1	25.366	7.65436019149262	0	0
Y57A10A.13	F10G2.10	25.598	4.62629170921384	0	0
Y57A10A.13	F10G2.2	27.002	6.24856450253002	0	0
Y57A10A.13	F10G2.4	14.066	12.2692902458014	0	0
Y57A10A.13	F10G2.7	17.53	1.13733040715213	0	0
Y57A10A.13	F10G7.10	27.784	3.35388087147162	0	0
Y57A10A.13	F10G7.12	24.086	18.0180629488371	0	0
Y57A10A.13	F10G7.5	22.652	6.06463561800473	0	0
Y57A10A.13	F10G7.9	20.212	6.34024994427897	0	0
Y57A10A.13	F10G8.1	14.824	8.49740093493281	0	0
Y57A10A.13	F10G8.2	24.064	4.20768126287442	0	0
Y57A10A.13	F10G8.8	22.68	9.57435026768154	0	0
Y57A10A.13	F10G8.9	18.87	1.51983364066772	0	0
Y57A10A.13	F11A10.5	23.024	12.9653180934051	0	0
Y57A10A.13	F11A10.6	21.828	4.07339212921662	0	0
Y57A10A.13	F11A5.13	11.41	2.39778510434784	0	0
Y57A10A.13	F11A5.15	21.176	5.79304639835105	0	0
Y57A10A.13	F11A5.16	22.198	9.63005066900297	0	0
Y57A10A.13	F11A5.17	26.774	4.61087659494472	0	0
Y57A10A.13	F11A5.18	24.16	17.8273716355754	0	0
Y57A10A.13	F11A5.5	24.166	4.57011450673867	0	0
Y57A10A.13	F11A5.9	24.756	3.3798183644876	0	0
Y57A10A.13	F11A6.15	12.15	9.39984718661448	0	0
Y57A10A.13	F11A6.16	9.126	13.5887891528194	0	0
Y57A10A.13	F11C1.1	18.136	2.76399628242683	0	0
Y57A10A.13	F11C1.10	18.112	6.35674695714662	0	0
Y57A10A.13	F11C1.4	19.224	5.13436798397139	0	0
Y57A10A.13	F11C1.7	13.098	17.8384179180408	0	0
Y57A10A.13	F11C1.9	15.55	9.64458720016344	0	0
Y57A10A.13	F11C3.1	23.528	8.77908667123598	0	0
Y57A10A.13	F11C7.2	23.398	6.32420062835739	0	0
Y57A10A.13	F11C7.6	26.238	16.8992888484942	0	0
Y57A10A.13	F11C7.7	17.208	20.3753915061105	0	0
Y57A10A.13	F11D11.12	14.72	5.34768006660405	0	0
Y57A10A.13	F11D11.21	16.01	2.91766913532209	0	0
Y57A10A.13	F11D11.22	26.922	0.554932007933529	0	0
Y57A10A.13	F11D11.3	27.846	1.60574346861879	0	0
Y57A10A.13	F11D11.4	13.654	16.6654134350676	0	0
Y57A10A.13	F11D11.6	22.722	14.8384717198828	0	0
Y57A10A.13	F11D5.1	22.978	8.60794353207154	0	0
Y57A10A.13	F11D5.5	22.1	4.96120367464101	0	0
Y57A10A.13	F11D5.6	21.338	20.4878133129537	0	0
Y57A10A.13	F11D5.7	21.732	4.7969934371613	0	0
Y57A10A.13	F11E6.10	7.6	10.9147096354687	0	0
Y57A10A.13	F11E6.11	22.362	2.52579623886954	0	0
Y57A10A.13	F11E6.4	23.656	8.38173569980786	0	0
Y57A10A.13	F11E6.6	21.916	5.08065585734731	0	0
Y57A10A.13	F11E6.8	24.156	2.90353211055038	0	0
Y57A10A.13	F11E6.9	25.774	12.5661846157434	0	0
Y57A10A.13	F11F1.1	24.836	6.97846072303322	0	0
Y57A10A.13	F11G11.13	13.434	5.15710800298099	0	0
Y57A10A.13	F11G11.14	19.932	2.82794786326334	0	0
Y57A10A.13	F11G11.15	26.36	1.74114654664081	0	0
Y57A10A.13	F11G11.4	20.048	7.69745120745906	0	0
Y57A10A.13	F11G11.5	18.788	8.23408407202954	0	0
Y57A10A.13	F12A10.1	22.61	4.33549344912375	0	0
Y57A10A.13	F12A10.6	25.194	4.67124305510686	0	0
Y57A10A.13	F12A10.8	8.622	18.5040776430166	0	0
Y57A10A.13	F12A10.9	17.01	8.16277711169737	0	0
Y57A10A.13	F12D9.2	19.464	14.7907753646564	0	0
Y57A10A.13	F12E12.1	22.442	4.34612042214379	0	0
Y57A10A.13	F12E12.2	25.208	2.96854741547597	0	0
Y57A10A.13	F12E12.6	24.28	16.3197273892253	0	0
Y57A10A.13	F12F6.1	25.774	5.80911304258951	0	0
Y57A10A.13	F12F6.7	18.996	1.80933065368705	0	0
Y57A10A.13	F13A2.1	15.246	23.9486831675325	0	0
Y57A10A.13	F13A2.10	15.628	3.61895641428782	0	0
Y57A10A.13	F13A2.2	19.838	37.1919617142333	0	0
Y57A10A.13	F13A2.3	20.3	10.686533334524	0	0
Y57A10A.13	F13A2.4	15.22	7.22180531695977	0	0
Y57A10A.13	F13A2.5	10.506	5.243144924141	0	0
Y57A10A.13	F13A2.9	22.208	5.89347937471763	0	0
Y57A10A.13	F13A7.1	19.09	18.443474437514	0	0
Y57A10A.13	F13A7.11	20.912	15.4301761444823	0	0
Y57A10A.13	F13A7.12	18.306	27.2116698673826	0	0
Y57A10A.13	F13A7.14	13.506	17.9508682527658	0	0
Y57A10A.13	F13A7.7	20.602	5.26680331142144	0	0
Y57A10A.13	F13B12.1	15.632	1.11482795295687	0	0
Y57A10A.13	F13B12.2	21.62	6.06811315906542	0	0
Y57A10A.13	F13B12.3	21.712	3.36399367454379	0	0
Y57A10A.13	F13B12.4	21.016	8.421253922455	0	0
Y57A10A.13	F13B12.6	19.746	4.92185421240203	0	0
Y57A10A.13	F13B12.7	3.21	2.82957977018457	1	1
Y57A10A.13	F13B6.1	25.928	3.90021118191991	0	0
Y57A10A.13	F13B6.2	24.202	3.59110918455221	0	0
Y57A10A.13	F13B6.3	24.734	3.16294761265492	0	0
Y57A10A.13	F13B9.2	20.768	7.59179603302684	0	0
Y57A10A.13	F13C5.1	8.522	12.3763580282516	0	0
Y57A10A.13	F13C5.2	15.754	2.246277200878	0	0
Y57A10A.13	F13C5.3	21.294	2.89082795100546	0	0
Y57A10A.13	F13C5.5	21.228	22.9391829254929	0	0
Y57A10A.13	F13D11.3	9.176	1.56529504004096	0	0
Y57A10A.13	F13D11.4	22.446	3.58639893782443	0	0
Y57A10A.13	F13D12.10	22.51	2.75092579756628	0	0
Y57A10A.13	F13D12.3	15.692	7.43576641634552	0	0
Y57A10A.13	F13D12.5	20.354	15.7117657235997	0	0
Y57A10A.13	F13D12.8	18.76	4.20399662113654	0	0
Y57A10A.13	F13D2.1	26.472	5.68719100006147	0	0
Y57A10A.13	F13E6.1	18.556	15.1498019715479	0	0
Y57A10A.13	F13E6.2	21.872	4.72112063692292	0	0
Y57A10A.13	F13E9.11	21.206	8.75312153065748	0	0
Y57A10A.13	F13E9.12	16.512	20.7779970035606	0	0
Y57A10A.13	F13E9.13	22.854	7.22481927961715	0	0
Y57A10A.13	F13E9.15	13.806	16.3624495050204	0	0
Y57A10A.13	F13E9.16	6.456	4.99832409276017	0	0
Y57A10A.13	F13E9.19	11.838	11.1267325505867	0	0
Y57A10A.13	F13E9.5	29.698	1.67946825835673	0	0
Y57A10A.13	F13E9.9	13.49	11.4270496734381	0	0
Y57A10A.13	F13G3.10	16.6	12.8216350082621	0	0
Y57A10A.13	F13G3.12	22.68	1.1128244677358	0	0
Y57A10A.13	F13G3.15	9.876	4.67346831286443	0	0
Y57A10A.13	F13G3.3	12.21	3.829212031961	0	0
Y57A10A.13	F13G3.6	27.894	2.95568006496963	0	0
Y57A10A.13	F13G3.7	22.944	2.43694760207304	0	0
Y57A10A.13	F13H10.1	9.37	6.90205449498613	0	0
Y57A10A.13	F13H10.3	16.474	2.82853042472513	0	0
Y57A10A.13	F13H10.5	22.464	4.06211277424249	0	0
Y57A10A.13	F13H10.6	13.446	7.91010685153712	0	0
Y57A10A.13	F13H10.8	22.034	6.02114419002877	0	0
Y57A10A.13	F13H10.9	9.246	7.0119902701389	0	0
Y57A10A.13	F13H6.3	24.228	6.60363267040427	0	0
Y57A10A.13	F13H6.5	26.164	1.25680807109183	0	0
Y57A10A.13	F13H8.1	23.468	5.59420508390242	0	0
Y57A10A.13	F13H8.11	23.4	2.94484447681398	0	0
Y57A10A.13	F13H8.12	5.698	9.10353768727927	0	0
Y57A10A.13	F13H8.2	29.574	1.29103764050352	0	0
Y57A10A.13	F13H8.3	17.53	5.62248506135843	0	0
Y57A10A.13	F13H8.5	22.544	5.95976699630907	0	0
Y57A10A.13	F13H8.6	23.628	7.97293242513412	0	0
Y57A10A.13	F13H8.8	23.4	4.89376885727767	0	0
Y57A10A.13	F14B4.1	27.158	2.59812591604876	0	0
Y57A10A.13	F14B6.2	8.106	3.36111313354271	0	0
Y57A10A.13	F14B6.3	16.714	5.03632847080887	0	0
Y57A10A.13	F14B6.4	26.15	2.56713078324928	0	0
Y57A10A.13	F14B6.6	22.35	6.88892747401683	0	0
Y57A10A.13	F14B8.4	19.618	6.91189552196161	0	0
Y57A10A.13	F14B8.5	16.082	31.9588820942856	0	0
Y57A10A.13	F14B8.6	16.128	29.5875374317937	0	0
Y57A10A.13	F14D12.1	21.516	14.8490179835783	0	0
Y57A10A.13	F14D2.11	21.156	14.8576823062875	0	0
Y57A10A.13	F14D2.14	19.794	8.03619979220696	0	0
Y57A10A.13	F14D2.15	27.684	1.21870762218635	0	0
Y57A10A.13	F14D2.19	19.944	12.1976541612936	0	0
Y57A10A.13	F14D2.5	21.834	10.9403651284571	0	0
Y57A10A.13	F14D2.7	23.704	2.46957796032075	0	0
Y57A10A.13	F14D2.8	22.828	2.25278810186541	0	0
Y57A10A.13	F14D7.1	23.854	1.65699425039897	0	0
Y57A10A.13	F14D7.12	16.512	4.04303052661673	0	0
Y57A10A.13	F14D7.14	20.672	24.0816529526667	0	0
Y57A10A.13	F14D7.18	15.544	11.113284780122	0	0
Y57A10A.13	F14D7.2	14.864	9.12753380514526	0	0
Y57A10A.13	F14D7.3	15.012	3.08923795345768	0	0
Y57A10A.13	F14D7.6	23.894	5.17400463741623	0	0
Y57A10A.13	F14D7.8	25.336	5.07752141800827	0	0
Y57A10A.13	F14D7.9	20.888	2.25223380089819	0	0
Y57A10A.13	F14E5.2	23.248	1.85845336140909	0	0
Y57A10A.13	F14E5.8	14.404	10.5508656582824	0	0
Y57A10A.13	F14F3.4	25.11	7.71737890165788	0	0
Y57A10A.13	F14F3.5	12.702	2.46356255274545	0	0
Y57A10A.13	F14F7.4	13.27	2.76626297558066	0	0
Y57A10A.13	F14F7.5	23.43	9.83802307479605	0	0
Y57A10A.13	F14F7.7	20.498	8.81106677324031	0	0
Y57A10A.13	F14F8.14	12.206	5.58474855877425	0	0
Y57A10A.13	F14F8.15	18.276	7.10921738981074	0	0
Y57A10A.13	F14F8.8	16.592	10.5607951343378	0	0
Y57A10A.13	F14F8.9	23.702	14.613353417015	0	0
Y57A10A.13	F14F9.2	9.224	6.36901191619353	0	0
Y57A10A.13	F14F9.3	23.8	17.1655754473666	0	0
Y57A10A.13	F14F9.4	25.918	8.40195217477318	0	0
Y57A10A.13	F14F9.5	21.66	6.3062922335254	0	0
Y57A10A.13	F14F9.6	11.512	3.82426971002083	0	0
Y57A10A.13	F14F9.8	18.096	6.23818666606424	0	0
Y57A10A.13	F14H12.17	25.974	5.76232534084578	0	0
Y57A10A.13	F14H12.2	21.566	19.0039863103171	0	0
Y57A10A.13	F14H12.3	11.492	3.19092858941568	0	0
Y57A10A.13	F14H12.6	23.298	8.60122616016493	0	0
Y57A10A.13	F14H12.7	23.658	2.16056205838031	0	0
Y57A10A.13	F14H12.8	20.668	8.5094882281059	0	0
Y57A10A.13	F14H3.12	20.574	18.101692450657	0	0
Y57A10A.13	F14H3.14	12.396	1.28644615280256	0	0
Y57A10A.13	F14H3.15	9.926	7.06534278345984	0	0
Y57A10A.13	F14H3.3	18.662	2.91419679063733	0	0
Y57A10A.13	F14H3.4	24.372	12.9793053414226	0	0
Y57A10A.13	F14H3.5	18.294	9.69047043495826	0	0
Y57A10A.13	F14H3.6	16.046	0.605186258821403	0	0
Y57A10A.13	F14H8.2	24.182	6.80320258476196	0	0
Y57A10A.13	F14H8.4	25.018	8.06341487365963	0	0
Y57A10A.13	F14H8.5	5.302	3.41427499379843	0	0
Y57A10A.13	F14H8.8	16.138	9.1727220829066	0	0
Y57A10A.13	F15A4.10	18.48	1.86000835955598	0	0
Y57A10A.13	F15A4.2	14.878	1.53814306801503	0	0
Y57A10A.13	F15A4.5	18.432	18.8041078982913	0	0
Y57A10A.13	F15A8.1	7.092	9.59469443936929	0	0
Y57A10A.13	F15B10.3	22.882	12.5611127128248	0	0
Y57A10A.13	F15B9.10	19.824	3.93504504076998	0	0
Y57A10A.13	F15B9.11	21.65	8.85433600504732	0	0
Y57A10A.13	F15B9.6	24.762	1.88024251958609	0	0
Y57A10A.13	F15B9.8	23.31	7.22053730391761	0	0
Y57A10A.13	F15D3.4	19.318	4.43815215773468	0	0
Y57A10A.13	F15D3.5	16.636	5.56755299867859	0	0
Y57A10A.13	F15D3.9	16.162	17.697636079331	0	0
Y57A10A.13	F15D4.2	10.624	1.91357126416409	0	0
Y57A10A.13	F15D4.4	12.982	6.70167535184829	0	0
Y57A10A.13	F15D4.5	16.142	9.30804470140124	0	0
Y57A10A.13	F15D4.6	14.588	26.834189034449	0	0
Y57A10A.13	F15E6.10	16.182	13.8269036760936	0	0
Y57A10A.13	F15E6.3	16.704	6.83174588859607	0	0
Y57A10A.13	F15E6.4	13.836	10.4359016668098	0	0
Y57A10A.13	F15E6.5	21.354	17.3626701155007	0	0
Y57A10A.13	F15E6.6	27.366	1.10974904942319	0	0
Y57A10A.13	F15E6.9	27.282	1.51869652417568	0	0
Y57A10A.13	F15G9.1	16.348	7.19534518607172	0	0
Y57A10A.13	F15G9.2	8.228	11.4060947205328	0	0
Y57A10A.13	F15G9.5	22.046	5.41204172111167	0	0
Y57A10A.13	F15G9.6	21.966	8.67369462472783	0	0
Y57A10A.13	F15H10.10	24.13	8.56696337491666	0	0
Y57A10A.13	F15H10.12	23.804	3.81023998424262	0	0
Y57A10A.13	F15H10.5	22.896	2.62556298053785	0	0
Y57A10A.13	F15H10.7	25.902	6.15933223069292	0	0
Y57A10A.13	F15H10.8	24.25	9.3766612939788	0	0
Y57A10A.13	F15H10.9	22.716	5.45698542552394	0	0
Y57A10A.13	F15H9.1	25.382	11.487959171833	0	0
Y57A10A.13	F16A11.1	16.702	9.40478042892799	0	0
Y57A10A.13	F16B12.1	22.82	23.2030510965801	0	0
Y57A10A.13	F16B12.4	25.57	14.445830494896	0	0
Y57A10A.13	F16B12.6	17.538	3.1542407610922	0	0
Y57A10A.13	F16B12.7	18.178	32.4433492932717	0	0
Y57A10A.13	F16B3.2	17.754	7.18723194603562	0	0
Y57A10A.13	F16B3.3	19.02	12.3753670262314	0	0
Y57A10A.13	F16B4.2	26.982	2.48637078845358	0	0
Y57A10A.13	F16B4.4	14.268	5.2134484478957	0	0
Y57A10A.13	F16B4.5	15.096	4.43717409098493	0	0
Y57A10A.13	F16B4.6	16.772	1.15336571617009	0	0
Y57A10A.13	F16B4.7	14.824	3.95813398145513	0	0
Y57A10A.13	F16C3.1	17.752	6.67065580314943	0	0
Y57A10A.13	F16C3.2	25.838	3.63448926531284	0	0
Y57A10A.13	F16C3.3	26.564	1.0572799085404	0	0
Y57A10A.13	F16C3.4	6.708	2.47752920817439	0	0
Y57A10A.13	F16D3.6	4.64	1.64838992896319	1	1
Y57A10A.13	F16F9.1	17.208	6.43337198317164	0	0
Y57A10A.13	F16F9.3	24.424	8.8896361558457	0	0
Y57A10A.13	F16F9.4	24.876	3.81942854526478	0	0
Y57A10A.13	F16G10.1	26.754	6.00992801422042	0	0
Y57A10A.13	F16G10.10	23.12	20.5482377680001	0	0
Y57A10A.13	F16G10.11	17.71	21.9279457787268	0	0
Y57A10A.13	F16G10.13	18.944	9.72936280162949	0	0
Y57A10A.13	F16G10.14	17.07	9.34805510707585	0	0
Y57A10A.13	F16G10.2	18.916	12.4275963086463	0	0
Y57A10A.13	F16G10.3	23.738	13.3144019416453	0	0
Y57A10A.13	F16G10.5	11.084	5.4591011425214	0	0
Y57A10A.13	F16G10.6	3.562	20.8046056021275	0	0
Y57A10A.13	F16G10.7	17.048	7.94867669455836	0	0
Y57A10A.13	F16G10.8	19.28	11.3549534554642	0	0
Y57A10A.13	F16G10.9	18.8	11.4938550118334	0	0
Y57A10A.13	F16H6.10	21.354	2.12587969790932	0	0
Y57A10A.13	F16H6.3	24.74	11.3112783467608	0	0
Y57A10A.13	F16H6.4	21.444	6.52984839588949	0	0
Y57A10A.13	F16H6.7	11.866	57.9358931664958	0	0
Y57A10A.13	F16H6.8	26.034	5.61893242721888	0	0
Y57A10A.13	F16H6.9	25.272	5.77405416735893	0	0
Y57A10A.13	F17A2.13	18.338	16.6485886071892	0	0
Y57A10A.13	F17A2.16	17.734	4.13576809444382	0	0
Y57A10A.13	F17A9.2	22.478	20.7725686049786	0	0
Y57A10A.13	F17A9.4	20.776	7.24426311499491	0	0
Y57A10A.13	F17A9.5	21.896	3.77183662500067	0	0
Y57A10A.13	F17B5.1	27.584	1.1896255395588	0	0
Y57A10A.13	F17B5.10	19.842	15.6289678707183	0	0
Y57A10A.13	F17B5.4	25.66	5.28163484516955	0	0
Y57A10A.13	F17B5.6	24.62	5.66150098546625	0	0
Y57A10A.13	F17B5.8	16.478	12.7942626611075	0	0
Y57A10A.13	F17C11.11	23.198	3.14008398231517	0	0
Y57A10A.13	F17C11.12	22.276	5.06025430778855	0	0
Y57A10A.13	F17C11.13	22.442	3.00889184206885	0	0
Y57A10A.13	F17C11.2	15.516	3.99681067479319	0	0
Y57A10A.13	F17C11.22	12.158	8.18533765202546	0	0
Y57A10A.13	F17C11.26	16.81	2.27343775062718	0	0
Y57A10A.13	F17C11.4	10.678	73.8212296870729	0	0
Y57A10A.13	F17C11.6	4.502	10.2169566892154	0	0
Y57A10A.13	F17C8.3	11.632	7.64657210974593	0	0
Y57A10A.13	F17C8.6	14.22	5.16793911911636	0	0
Y57A10A.13	F17C8.7	21.392	18.425911394289	0	0
Y57A10A.13	F17C8.9	22.242	10.0213579068825	0	0
Y57A10A.13	F17E5.2	17.93	1.84513264803941	0	0
Y57A10A.13	F17E9.15	13.644	41.5818171279739	0	0
Y57A10A.13	F17E9.16	22.758	15.9491457936242	0	0
Y57A10A.13	F17E9.18	17.44	17.2186462193793	0	0
Y57A10A.13	F17E9.2	12.328	7.64267472998053	0	0
Y57A10A.13	F17E9.3	16.836	7.35757373900298	0	0
Y57A10A.13	F17E9.4	12.128	7.38650071075478	0	0
Y57A10A.13	F17E9.5	20.516	5.17859517729644	0	0
Y57A10A.13	F17H10.1	9.946	5.55430314865687	0	0
Y57A10A.13	F17H10.2	21.426	6.12239822349707	0	0
Y57A10A.13	F17H10.4	19.962	2.49003789410347	0	0
Y57A10A.13	F18A1.1	27.07	5.91591006585727	0	0
Y57A10A.13	F18A1.7	18.122	15.8816193559065	0	0
Y57A10A.13	F18A11.2	21.77	4.90406138040322	0	0
Y57A10A.13	F18A11.3	19.118	12.8191184542601	0	0
Y57A10A.13	F18A11.5	26.43	3.84466392258339	0	0
Y57A10A.13	F18A12.2	11.182	4.31278053304947	0	0
Y57A10A.13	F18A12.7	14.296	22.2392875312231	0	0
Y57A10A.13	F18C12.3	24.076	9.09299907959434	0	0
Y57A10A.13	F18C12.4	22.516	8.3991168756402	0	0
Y57A10A.13	F18C5.10	23.28	5.89678230428664	0	0
Y57A10A.13	F18C5.5	13.426	23.7463578475451	0	0
Y57A10A.13	F18C5.9	27.748	2.11961092987894	0	0
Y57A10A.13	F18E2.15	15.208	7.91252647798397	0	0
Y57A10A.13	F18E3.10	21.088	4.41765651433144	0	0
Y57A10A.13	F18E3.11	5.428	10.2685664940228	0	0
Y57A10A.13	F18E3.12	6.186	1.73582019987664	0	0
Y57A10A.13	F18E3.13	5.776	4.47567503279438	0	0
Y57A10A.13	F18E9.1	6.262	2.34537347543155	0	0
Y57A10A.13	F18E9.3	21.078	3.21884839372479	0	0
Y57A10A.13	F18E9.4	24.298	7.13296411344036	0	0
Y57A10A.13	F18E9.7	17.236	5.85890909568876	0	0
Y57A10A.13	F18E9.8	26.282	3.08892498004757	0	0
Y57A10A.13	F18F11.4	24.728	5.80362424791627	0	0
Y57A10A.13	F18G5.1	18.282	9.99289874665441	0	0
Y57A10A.13	F18G5.6	14.65	4.14868843659324	0	0
Y57A10A.13	F18H3.1	19.724	3.02005722204692	0	0
Y57A10A.13	F18H3.4	21.68	20.7924042974724	0	0
Y57A10A.13	F19B10.1	14.504	20.562800197435	0	0
Y57A10A.13	F19B10.10	23.032	5.82442048189374	0	0
Y57A10A.13	F19B10.13	17.232	2.89064793551455	0	0
Y57A10A.13	F19B10.2	23.122	7.48576320670822	0	0
Y57A10A.13	F19B10.3	16.646	4.62019325555622	0	0
Y57A10A.13	F19B10.4	15.816	6.07944379535037	0	0
Y57A10A.13	F19B10.5	14.93	46.2854632878556	0	0
Y57A10A.13	F19B10.6	22.826	3.98434625778502	0	0
Y57A10A.13	F19B2.5	26.698	2.92077471288385	0	0
Y57A10A.13	F19B2.6	20.618	16.175655738904	0	0
Y57A10A.13	F19B2.7	25.402	8.67644108496814	0	0
Y57A10A.13	F19B6.1	19.896	1.47249484819885	0	0
Y57A10A.13	F19B6.10	19.434	20.0729220635326	0	0
Y57A10A.13	F19B6.3	24.954	7.06921597108296	0	0
Y57A10A.13	F19C6.2	21.224	7.128194340232	0	0
Y57A10A.13	F19C6.3	23.77	7.47020987822118	0	0
Y57A10A.13	F19C6.4	25.112	2.73676095507034	0	0
Y57A10A.13	F19C6.5	14.25	9.12186229926267	0	0
Y57A10A.13	F19C7.2	19.038	4.08077359313052	0	0
Y57A10A.13	F19C7.3	23.754	8.7822176990749	0	0
Y57A10A.13	F19C7.4	20.922	5.25918757316008	0	0
Y57A10A.13	F19C7.8	21.212	8.39368772075446	0	0
Y57A10A.13	F19D8.2	17.952	2.85708277459673	0	0
Y57A10A.13	F19F10.1	24.494	6.59699594877741	0	0
Y57A10A.13	F19F10.11	15.47	1.69429119871767	0	0
Y57A10A.13	F19F10.14	15.436	4.5860673808395	0	0
Y57A10A.13	F19F10.3	23.57	5.96085409145109	0	0
Y57A10A.13	F19G12.1	17.626	46.0859923554743	0	0
Y57A10A.13	F19G12.11	12.118	6.25165108753568	0	0
Y57A10A.13	F19G12.3	17.154	2.9703801290602	0	0
Y57A10A.13	F19G12.4	15.04	19.4183088660378	0	0
Y57A10A.13	F19G12.8	12.22	4.77900869878155	0	0
Y57A10A.13	F19G12.9	9.814	7.86265649366256	0	0
Y57A10A.13	F19H6.5	25.786	4.36749236227103	0	0
Y57A10A.13	F19H6.6	18.122	7.68445396939533	0	0
Y57A10A.13	F20A1.2	20.46	8.78882472126498	0	0
Y57A10A.13	F20A1.4	24.906	6.63035821781156	0	0
Y57A10A.13	F20A1.6	14.844	15.8733681748329	0	0
Y57A10A.13	F20A1.8	24.104	6.14472524373006	0	0
Y57A10A.13	F20B10.3	20.094	9.83661919897714	0	0
Y57A10A.13	F20B6.10	8.962	11.6781885151678	0	0
Y57A10A.13	F20B6.4	14.294	12.9787081395302	0	0
Y57A10A.13	F20B6.5	7.436	5.00803707560542	0	0
Y57A10A.13	F20B6.6	18.36	2.10277746105621	0	0
Y57A10A.13	F20B6.9	24.708	9.86332758829963	0	0
Y57A10A.13	F20C5.11	15.31	7.80214413474029	0	0
Y57A10A.13	F20C5.5	26.4	4.43141347543493	0	0
Y57A10A.13	F20C5.6	29.092	3.27357942279165	0	0
Y57A10A.13	F20C5.7	23.612	6.29600881519808	0	0
Y57A10A.13	F20D1.22	10.818	14.9615406274115	0	0
Y57A10A.13	F20D1.3	14.464	59.4752182532332	0	0
Y57A10A.13	F20D12.12	5.292	7.90088467057592	0	0
Y57A10A.13	F20D12.7	14.61	8.24301696577784	0	0
Y57A10A.13	F20D6.1	27.58	3.2443454614522	0	0
Y57A10A.13	F20D6.10	13.306	5.58486241933753	0	0
Y57A10A.13	F20D6.11	24.714	2.66235398408395	0	0
Y57A10A.13	F20D6.12	22.14	3.66383013381631	0	0
Y57A10A.13	F20D6.15	18.624	8.60209906783766	0	0
Y57A10A.13	F20D6.2	24.956	2.89349695846573	0	0
Y57A10A.13	F20D6.5	23.458	4.27426239056771	0	0
Y57A10A.13	F20D6.6	25.3	6.21364742330251	0	0
Y57A10A.13	F20D6.8	13.164	3.02125868588269	0	0
Y57A10A.13	F20D6.9	11.804	3.56848869663389	0	0
Y57A10A.13	F20E11.17	13.072	23.154773800318	0	0
Y57A10A.13	F20E11.18	9.272	5.81969051945587	0	0
Y57A10A.13	F20E11.7	25.612	3.42371089992884	0	0
Y57A10A.13	F20G2.1	19.852	1.15605206194361	0	0
Y57A10A.13	F20G2.2	19.138	1.43260256655739	0	0
Y57A10A.13	F20G2.3	10.034	6.0179988724274	0	0
Y57A10A.13	F20G2.5	23.996	1.42442089275277	0	0
Y57A10A.13	F20G2.6	5.698	8.66231603679774	0	0
Y57A10A.13	F20G4.2	17.616	2.41394816120969	0	0
Y57A10A.13	F20H11.1	23.316	3.37389554735861	0	0
Y57A10A.13	F20H11.4	24.482	3.88967800767908	0	0
Y57A10A.13	F21A3.11	24.508	1.88278338481715	0	0
Y57A10A.13	F21A3.2	18.966	2.08404201460598	0	0
Y57A10A.13	F21A3.3	22.104	5.52923667255314	0	0
Y57A10A.13	F21A3.4	26.084	4.61643595040104	0	0
Y57A10A.13	F21A9.1	14.12	1.4702931651577	0	0
Y57A10A.13	F21A9.2	22.454	5.54047330750497	0	0
Y57A10A.13	F21C10.1	6.426	3.24492039065755	0	0
Y57A10A.13	F21C10.10	25.116	7.1214014694892	0	0
Y57A10A.13	F21C10.11	10.262	10.3317604233707	0	0
Y57A10A.13	F21C10.13	20.6	2.25427819825268	0	0
Y57A10A.13	F21C10.18	15.434	5.17983714580961	0	0
Y57A10A.13	F21C10.19	17.188	6.72621134886196	0	0
Y57A10A.13	F21C10.3	19.964	15.1631616872903	0	0
Y57A10A.13	F21C10.4	17.408	3.1172501187493	0	0
Y57A10A.13	F21C10.5	17.434	4.19891161160228	0	0
Y57A10A.13	F21C10.6	24.54	3.13694038368667	0	0
Y57A10A.13	F21C10.9	21.98	6.84422351763645	0	0
Y57A10A.13	F21C3.6	19.67	12.9564758364842	0	0
Y57A10A.13	F21C3.7	10.368	26.3186854963668	0	0
Y57A10A.13	F21D12.2	8.032	9.95330939750259	0	0
Y57A10A.13	F21D12.3	16.046	2.8696694135275	0	0
Y57A10A.13	F21D5.3	23.104	2.36961576728017	0	0
Y57A10A.13	F21D5.4	17.976	6.99858687145298	0	0
Y57A10A.13	F21D5.5	9.712	8.34064259394643	0	0
Y57A10A.13	F21D5.6	23.126	12.1857688631162	0	0
Y57A10A.13	F21D5.7	27.544	4.12715996254435	0	0
Y57A10A.13	F21D5.9	22.85	12.0447941139771	0	0
Y57A10A.13	F21D9.1	24.018	7.48033723034362	0	0
Y57A10A.13	F21D9.11	24.832	5.22195183835976	0	0
Y57A10A.13	F21D9.2	20.38	9.88522641429586	0	0
Y57A10A.13	F21D9.3	10.706	6.98627436132713	0	0
Y57A10A.13	F21D9.4	25.31	3.83268093647658	0	0
Y57A10A.13	F21D9.8	20.79	10.9855181661175	0	0
Y57A10A.13	F21E9.2	21.548	14.9686690457599	0	0
Y57A10A.13	F21F3.2	20.022	8.90244608528162	0	0
Y57A10A.13	F21F3.4	17.574	2.19335816116513	0	0
Y57A10A.13	F21F3.6	16.392	0.98121972257057	0	0
Y57A10A.13	F21F3.7	10.254	9.8966783700455	0	0
Y57A10A.13	F21F8.5	26.76	4.09734235132562	0	0
Y57A10A.13	F21G4.1	24.57	5.26495575475146	0	0
Y57A10A.13	F21G4.3	23.242	1.64214523047935	0	0
Y57A10A.13	F21G4.5	24.268	3.48498584779087	0	0
Y57A10A.13	F21H12.3	16.276	9.37366205101668	0	0
Y57A10A.13	F21H7.12	20.028	9.65262567748524	0	0
Y57A10A.13	F21H7.2	17.818	18.5199763839137	0	0
Y57A10A.13	F21H7.3	23.69	2.50014232080386	0	0
Y57A10A.13	F21H7.5	22.126	19.1826481000329	0	0
Y57A10A.13	F22B3.10	25.046	3.57533149500716	0	0
Y57A10A.13	F22B3.5	22.438	17.2631640311565	0	0
Y57A10A.13	F22B3.7	24.452	6.48872156983645	0	0
Y57A10A.13	F22B3.8	8.45	4.60170937165055	0	0
Y57A10A.13	F22B5.10	16.494	1.72422755405393	0	0
Y57A10A.13	F22B5.4	27.27	4.38950174560393	0	0
Y57A10A.13	F22B5.5	25.938	2.73449871613163	0	0
Y57A10A.13	F22B5.6	21.458	5.13659900026782	0	0
Y57A10A.13	F22B7.1	15.676	18.8010847648979	0	0
Y57A10A.13	F22B7.3	21.926	11.4489864196592	0	0
Y57A10A.13	F22B7.9	20.67	5.46022005343707	0	0
Y57A10A.13	F22B8.3	17.242	2.18645205586075	0	0
Y57A10A.13	F22B8.7	23.566	6.01311105883847	0	0
Y57A10A.13	F22D3.4	21.058	10.9559411072554	0	0
Y57A10A.13	F22D6.15	14.848	5.25634026126372	0	0
Y57A10A.13	F22D6.8	15.798	9.0519336328334	0	0
Y57A10A.13	F22D6.9	19.316	2.55008732349327	0	0
Y57A10A.13	F22E12.1	21.77	2.83756457721277	0	0
Y57A10A.13	F22E12.3	18.626	9.69641205335232	0	0
Y57A10A.13	F22E5.1	17.318	9.20978987133724	0	0
Y57A10A.13	F22E5.11	26.494	4.40386680916152	0	0
Y57A10A.13	F22E5.12	21.692	5.47730590754659	0	0
Y57A10A.13	F22E5.13	24.804	2.48600196222817	0	0
Y57A10A.13	F22E5.17	27.142	0.68304280336666	0	0
Y57A10A.13	F22E5.2	19.046	11.4626153206497	0	0
Y57A10A.13	F22E5.20	25.992	3.28653624657699	0	0
Y57A10A.13	F22E5.21	13.156	3.29996073000064	0	0
Y57A10A.13	F22E5.22	13.438	28.4012889545624	0	0
Y57A10A.13	F22E5.23	25.156	9.87232241752079	0	0
Y57A10A.13	F22E5.6	13.418	2.97659524015302	0	0
Y57A10A.13	F22E5.7	19.82	22.6377260279625	0	0
Y57A10A.13	F22E5.8	25.894	4.311217735127	0	0
Y57A10A.13	F22E5.9	22.082	2.4394271290001	0	0
Y57A10A.13	F22F1.2	20.07	8.52178179962066	0	0
Y57A10A.13	F22F1.3	20.924	15.4819039976412	0	0
Y57A10A.13	F22F4.4	15.856	23.4670664339736	0	0
Y57A10A.13	F22F4.5	24.052	5.18678509413164	0	0
Y57A10A.13	F22F4.9	21.912	7.20353734211688	0	0
Y57A10A.13	F22F7.11	20.36	18.1360801776319	0	0
Y57A10A.13	F22F7.12	26.278	3.73569887218245	0	0
Y57A10A.13	F22F7.2	15.054	4.37277837618638	0	0
Y57A10A.13	F22F7.3	16.43	2.43152578885431	0	0
Y57A10A.13	F22F7.4	11.434	7.40474144166493	0	0
Y57A10A.13	F22F7.7	21.232	4.63957046585856	0	0
Y57A10A.13	F22F7.8	18.9	6.94281915977058	0	0
Y57A10A.13	F22G12.3	24.924	4.88002592255121	0	0
Y57A10A.13	F22G12.4	28.674	1.42210520840621	0	0
Y57A10A.13	F22G12.5	27.716	1.3676268137373	0	0
Y57A10A.13	F22H10.1	23.692	1.81481139145697	0	0
Y57A10A.13	F22H10.11	12.25	12.4751147541795	0	0
Y57A10A.13	F22H10.2	12.784	25.555071659474	0	0
Y57A10A.13	F22H10.3	17.288	3.71426124382857	0	0
Y57A10A.13	F22H10.6	17.99	25.827004337723	0	0
Y57A10A.13	F23A7.1	15.732	27.7683360138522	0	0
Y57A10A.13	F23A7.3	26.578	6.96020686332014	0	0
Y57A10A.13	F23A7.4	14.84	5.85303782178992	0	0
Y57A10A.13	F23A7.5	15.038	3.84610346891162	0	0
Y57A10A.13	F23A7.8	11.406	11.74241091882	0	0
Y57A10A.13	F23B12.1	19.898	5.24094014450021	0	0
Y57A10A.13	F23B12.4	22.68	7.90195545417013	0	0
Y57A10A.13	F23B12.7	25.892	6.97302495429486	0	0
Y57A10A.13	F23B2.10	25.164	4.12050849363399	0	0
Y57A10A.13	F23B2.7	13.858	7.54575811080136	0	0
Y57A10A.13	F23C8.13	21.16	6.8281457031658	0	0
Y57A10A.13	F23C8.14	15.486	6.11288539060144	0	0
Y57A10A.13	F23C8.3	26.542	7.55894466487524	0	0
Y57A10A.13	F23C8.7	9.896	1.26131639261357	0	0
Y57A10A.13	F23C8.8	23.69	5.93448926556905	0	0
Y57A10A.13	F23D12.1	9.5	4.4179186887228	0	0
Y57A10A.13	F23D12.10	21.806	4.36294232574312	0	0
Y57A10A.13	F23D12.11	13.168	7.22811587150847	0	0
Y57A10A.13	F23D12.2	25.152	5.72894455682952	0	0
Y57A10A.13	F23D12.3	19.144	41.2120638712693	0	0
Y57A10A.13	F23D12.4	26.166	5.94338567365675	0	0
Y57A10A.13	F23D12.7	13.384	5.34535977156605	0	0
Y57A10A.13	F23F1.10	26.708	6.6286766637341	0	0
Y57A10A.13	F23F1.2	21.864	8.3774551775228	0	0
Y57A10A.13	F23F1.4	19.918	5.16173701970308	0	0
Y57A10A.13	F23F1.5	27.766	2.69400482416352	0	0
Y57A10A.13	F23F1.6	24.808	2.64533426231027	0	0
Y57A10A.13	F23F12.12	12.55	10.0040467359971	0	0
Y57A10A.13	F23F12.13	24.83	3.31238745372652	0	0
Y57A10A.13	F23F12.3	24.8	4.13940308600512	0	0
Y57A10A.13	F23F12.8	24.688	6.19803112931135	0	0
Y57A10A.13	F23G4.1	22.676	3.74022422053627	0	0
Y57A10A.13	F23H11.2	14.412	5.13892145955143	0	0
Y57A10A.13	F23H11.4	23.63	11.6738561930128	0	0
Y57A10A.13	F23H11.5	23.084	1.41723443857296	0	0
Y57A10A.13	F23H11.7	21.412	6.91354224934917	0	0
Y57A10A.13	F23H12.10	11.34	14.4398838124992	0	0
Y57A10A.13	F23H12.3	20.396	24.8315606054643	0	0
Y57A10A.13	F23H12.5	16.656	12.1959750979719	0	0
Y57A10A.13	F23H12.7	10.372	2.57028125905477	0	0
Y57A10A.13	F25A2.1	16.54	1.54142065102563	0	0
Y57A10A.13	F25B3.2	19.984	3.55647008593191	0	0
Y57A10A.13	F25B3.4	21.338	3.67901706765925	0	0
Y57A10A.13	F25B3.5	26.626	4.65260212006847	0	0
Y57A10A.13	F25B4.4	25.378	6.43227084703366	0	0
Y57A10A.13	F25B4.7	23.25	3.22551970051659	0	0
Y57A10A.13	F25B4.8	25.454	6.84001394721695	0	0
Y57A10A.13	F25B5.3	20.52	2.59522942606128	0	0
Y57A10A.13	F25B5.5	9.692	4.62600639559649	0	0
Y57A10A.13	F25B5.6	26.594	3.31868132108547	0	0
Y57A10A.13	F25D1.3	17.808	2.76454895212008	0	0
Y57A10A.13	F25D1.5	18.364	7.64745625278159	0	0
Y57A10A.13	F25D1.8	19.726	22.8467698502296	0	0
Y57A10A.13	F25E2.2	24.838	3.66367467724545	0	0
Y57A10A.13	F25E2.3	20.118	3.50095620525684	0	0
Y57A10A.13	F25E5.1	24.924	11.0272884628855	0	0
Y57A10A.13	F25E5.16	18.294	6.27296220380283	0	0
Y57A10A.13	F25E5.2	13.826	9.92029062338331	0	0
Y57A10A.13	F25E5.5	26.152	2.85576632624892	0	0
Y57A10A.13	F25E5.8	2.73	3.98746173206543	1	1
Y57A10A.13	F25E5.9	21.956	17.9790961102969	0	0
Y57A10A.13	F25F2.1	20.51	8.35726033194109	0	0
Y57A10A.13	F25F8.1	23.98	6.4047323221284	0	0
Y57A10A.13	F25G6.1	26.242	3.42298387319973	0	0
Y57A10A.13	F25G6.8	23.506	20.0283034708085	0	0
Y57A10A.13	F25G6.9	28.256	2.49555979290179	0	0
Y57A10A.13	F25H2.12	22.678	6.15117014323897	0	0
Y57A10A.13	F25H2.3	19.894	3.33895374690933	0	0
Y57A10A.13	F25H2.4	25.51	1.72815150491236	0	0
Y57A10A.13	F25H2.6	24.146	10.0900164118027	0	0
Y57A10A.13	F25H2.7	24.884	2.48386816656521	0	0
Y57A10A.13	F25H5.10	20.608	17.1743472278583	0	0
Y57A10A.13	F25H5.2	18.242	4.44595005512074	0	0
Y57A10A.13	F25H5.7	21.182	2.52239602775214	0	0
Y57A10A.13	F25H5.8	19.83	6.55504476875911	0	0
Y57A10A.13	F25H8.2	16.778	4.84105074559021	0	0
Y57A10A.13	F25H9.2	19.76	1.32210025077056	0	0
Y57A10A.13	F25H9.6	24.972	12.2093261293694	0	0
Y57A10A.13	F25H9.7	26.658	5.39278687933333	0	0
Y57A10A.13	F26A1.1	26.528	6.24010890454703	0	0
Y57A10A.13	F26A1.19	20.348	34.7731259115891	0	0
Y57A10A.13	F26A1.3	19.164	13.0465246757559	0	0
Y57A10A.13	F26A1.4	24.43	5.29694657678804	0	0
Y57A10A.13	F26A1.7	21.538	2.158200870341	0	0
Y57A10A.13	F26A1.8	22.388	4.80976462374702	0	0
Y57A10A.13	F26A1.9	23.44	6.33040253085338	0	0
Y57A10A.13	F26A10.2	19.402	2.20255959984811	0	0
Y57A10A.13	F26A3.1	9.246	4.85590108252554	0	0
Y57A10A.13	F26A3.4	24.224	8.2468055837299	0	0
Y57A10A.13	F26A3.5	21.274	11.2341542467436	0	0
Y57A10A.13	F26A3.7	23.44	15.7595092396633	0	0
Y57A10A.13	F26B1.1	15.58	12.3173892411187	0	0
Y57A10A.13	F26B1.5	12.32	4.70604255440447	0	0
Y57A10A.13	F26B1.8	11.96	3.9814610203375	0	0
Y57A10A.13	F26C11.1	22.502	2.87722599883417	0	0
Y57A10A.13	F26C11.3	20.104	16.7886655779755	0	0
Y57A10A.13	F26C11.4	27.396	1.36322898599183	0	0
Y57A10A.13	F26D10.13	24.178	5.5833892422583	0	0
Y57A10A.13	F26D11.1	26.196	1.62016051125703	0	0
Y57A10A.13	F26D11.12	21.304	5.89297860427898	0	0
Y57A10A.13	F26D11.13	27.542	3.66464527077833	0	0
Y57A10A.13	F26D11.2	24.844	4.81069652251592	0	0
Y57A10A.13	F26D2.10	18.716	5.68204705338224	0	0
Y57A10A.13	F26D2.13	27.484	2.2648774388938	0	0
Y57A10A.13	F26D2.14	26.42	3.11855995511705	0	0
Y57A10A.13	F26D2.15	20.374	9.70422768059025	0	0
Y57A10A.13	F26D2.16	22.636	10.0588591747033	0	0
Y57A10A.13	F26D2.3	22.438	3.9171546888813	0	0
Y57A10A.13	F26E4.2	19.278	17.9772579214625	0	0
Y57A10A.13	F26E4.3	9.422	6.88092664182603	0	0
Y57A10A.13	F26E4.4	23.49	7.9566786265311	0	0
Y57A10A.13	F26E4.5	22.496	5.4626309915355	0	0
Y57A10A.13	F26E4.7	21.334	13.38744600185	0	0
Y57A10A.13	F26F12.2	19.126	16.0259924634381	0	0
Y57A10A.13	F26F12.3	22.718	18.835968353178	0	0
Y57A10A.13	F26F12.4	21.574	12.0038759649001	0	0
Y57A10A.13	F26F12.5	18.104	6.77919792761355	0	0
Y57A10A.13	F26F12.8	16.464	3.10082205669422	0	0
Y57A10A.13	F26F2.1	12.874	2.59465532244475	0	0
Y57A10A.13	F26F2.10	14.55	2.23552659344201	0	0
Y57A10A.13	F26F2.11	20.546	14.3526462970482	0	0
Y57A10A.13	F26F2.13	16.08	14.4114328974763	0	0
Y57A10A.13	F26F2.2	15.896	4.97131649302073	0	0
Y57A10A.13	F26F2.3	20.348	17.2268539519669	0	0
Y57A10A.13	F26F2.4	18.554	4.39144290216359	0	0
Y57A10A.13	F26F2.5	17.88	5.45911149482118	0	0
Y57A10A.13	F26F2.7	17.286	3.11656825192292	0	0
Y57A10A.13	F26F2.8	21.948	9.84599858130866	0	0
Y57A10A.13	F26F4.12	20.266	9.28970879438794	0	0
Y57A10A.13	F26F4.2	4.264	5.78893126568224	1	1
Y57A10A.13	F26F4.5	25.63	10.0913256881988	0	0
Y57A10A.13	F26F4.6	25.964	2.83203458120279	0	0
Y57A10A.13	F26F4.8	22.126	17.2818914955132	0	0
Y57A10A.13	F26F4.9	24.904	6.68260343820194	0	0
Y57A10A.13	F26G1.1	23.84	14.5745466278452	0	0
Y57A10A.13	F26G1.10	17.072	4.07644699546379	0	0
Y57A10A.13	F26G1.11	16.848	14.0796181166462	0	0
Y57A10A.13	F26G1.15	17.908	11.6448429884509	0	0
Y57A10A.13	F26G1.2	19.238	13.9435282473429	0	0
Y57A10A.13	F26G1.3	15.402	6.11852136151635	0	0
Y57A10A.13	F26G1.5	2.936	2.98486407359763	1	1
Y57A10A.13	F26G1.9	26.644	6.20347960354051	0	0
Y57A10A.13	F26G5.1	19.308	2.18062171326138	0	0
Y57A10A.13	F26H11.4	22.346	8.60312432069224	0	0
Y57A10A.13	F26H11.8	19.324	3.80375395370387	0	0
Y57A10A.13	F26H9.5	24.552	3.40763317820479	0	0
Y57A10A.13	F27B10.1	18.202	3.82436338530148	0	0
Y57A10A.13	F27B3.6	17.51	6.93601245088014	0	0
Y57A10A.13	F27B3.8	11.116	8.25153316387894	0	0
Y57A10A.13	F27C1.1	17.144	1.93087202322753	0	0
Y57A10A.13	F27C1.11	14.14	1.98335271037909	0	0
Y57A10A.13	F27C1.13	20.096	7.31798525702688	0	0
Y57A10A.13	F27C1.2	24.802	7.11092839325555	0	0
Y57A10A.13	F27C1.3	12.548	3.05624056807148	0	0
Y57A10A.13	F27C1.4	17.836	1.65875024705372	0	0
Y57A10A.13	F27C1.6	26.688	3.29548807656543	0	0
Y57A10A.13	F27C8.2	27.072	3.37026425641952	0	0
Y57A10A.13	F27C8.3	23.688	6.45568230508872	0	0
Y57A10A.13	F27D4.1	27.626	1.49282402592132	0	0
Y57A10A.13	F27D4.12	7.206	7.08396296592188	0	0
Y57A10A.13	F27D4.4	11.58	4.80459566142816	0	0
Y57A10A.13	F27D4.6	25.396	3.22424173632807	0	0
Y57A10A.13	F27D4.7	21.372	13.5422005686581	0	0
Y57A10A.13	F27D4.8	14.434	25.5708153749854	0	0
Y57A10A.13	F27D9.12	22.33	5.9947097673058	0	0
Y57A10A.13	F27D9.13	9.616	3.28493889294594	0	0
Y57A10A.13	F27D9.7	21.648	5.54221704703988	0	0
Y57A10A.13	F27E5.3	15.97	5.85129437005569	0	0
Y57A10A.13	F27E5.5	13.122	6.45283348881162	0	0
Y57A10A.13	F27E5.7	26.332	4.84357336352802	0	0
Y57A10A.13	F27E5.8	13.5	2.68154286813303	0	0
Y57A10A.13	F27E5.9	21.296	15.8566043900436	0	0
Y57A10A.13	F28A10.1	24.29	4.21265793133591	0	0
Y57A10A.13	F28A10.13	20.288	14.9255558063596	0	0
Y57A10A.13	F28A10.4	21.926	14.0892633111439	0	0
Y57A10A.13	F28A10.5	26.684	3.45575399486574	0	0
Y57A10A.13	F28A10.7	15.852	1.59677343333205	0	0
Y57A10A.13	F28A10.8	24.172	10.2073490355148	0	0
Y57A10A.13	F28A12.10	22.914	7.61668823365389	0	0
Y57A10A.13	F28A12.3	23.114	5.15517087579314	0	0
Y57A10A.13	F28B1.2	27.34	4.43842761503716	0	0
Y57A10A.13	F28B1.9	25.096	7.14276564063855	0	0
Y57A10A.13	F28B12.1	14.746	1.0257789448631	0	0
Y57A10A.13	F28B12.6	25.124	13.6504452704299	0	0
Y57A10A.13	F28B3.10	20.292	3.31581267097752	0	0
Y57A10A.13	F28B3.6	20.978	12.0134547291055	0	0
Y57A10A.13	F28B4.1	24.712	13.3641449560978	0	0
Y57A10A.13	F28B4.3	27.87	4.54753825316193	0	0
Y57A10A.13	F28B4.4	20.28	11.5428332553319	0	0
Y57A10A.13	F28C1.1	29.338	2.45467571604116	0	0
Y57A10A.13	F28C1.3	21.93	3.84391671969131	0	0
Y57A10A.13	F28C10.1	18.27	26.136329111312	0	0
Y57A10A.13	F28C10.3	23.842	8.08883860091125	0	0
Y57A10A.13	F28C6.10	20.19	3.11130238227626	0	0
Y57A10A.13	F28C6.5	18.628	2.23199689824795	0	0
Y57A10A.13	F28C6.8	24.884	4.29568689128313	0	0
Y57A10A.13	F28D1.6	2.326	1.07909719673355	1	1
Y57A10A.13	F28D9.4	26.454	5.16143003670808	0	0
Y57A10A.13	F28E10.1	15.94	34.4610198496653	0	0
Y57A10A.13	F28E10.4	6.46	6.28604969171732	0	0
Y57A10A.13	F28F5.4	10.27	15.2602419688791	0	0
Y57A10A.13	F28F5.6	18.418	21.6325217274233	0	0
Y57A10A.13	F28F8.7	25.544	7.50044991012505	0	0
Y57A10A.13	F28F8.9	25.61	2.30047611427652	0	0
Y57A10A.13	F28F9.2	18.96	6.92747709092354	0	0
Y57A10A.13	F28F9.3	21.774	12.5121912468672	0	0
Y57A10A.13	F28G4.2	23.796	5.56920132275042	0	0
Y57A10A.13	F28G4.3	9.88	67.330632905267	0	0
Y57A10A.13	F28G4.4	25.47	5.14667647161958	0	0
Y57A10A.13	F28H1.1	15.628	4.05158969903088	0	0
Y57A10A.13	F28H1.4	6.324	4.74989071376287	0	0
Y57A10A.13	F28H1.5	25.97	2.64376494320707	0	0
Y57A10A.13	F28H6.4	18.94	1.07363777231588	0	0
Y57A10A.13	F28H6.6	20.958	14.5201588738428	0	0
Y57A10A.13	F28H6.7	15.326	11.4191196866402	0	0
Y57A10A.13	F28H6.8	18.734	6.88655866678879	0	0
Y57A10A.13	F28H7.2	14.656	1.3522913910303	0	0
Y57A10A.13	F28H7.3	26.308	2.0731644521953	0	0
Y57A10A.13	F28H7.7	26.01	4.09173512688968	0	0
Y57A10A.13	F28H7.8	23.778	4.01872792687963	0	0
Y57A10A.13	F29A7.3	27.618	2.21217417522504	0	0
Y57A10A.13	F29A7.4	26.672	1.95310384428601	0	0
Y57A10A.13	F29A7.6	23.88	10.5194346853018	0	0
Y57A10A.13	F29A7.8	27.158	2.68613236854607	0	0
Y57A10A.13	F29B9.1	25.68	5.17062990101185	0	0
Y57A10A.13	F29B9.11	17.41	13.5442885918107	0	0
Y57A10A.13	F29B9.12	5.19	7.8774532164777	0	0
Y57A10A.13	F29B9.5	20.61	3.33079335704658	0	0
Y57A10A.13	F29B9.7	13.434	7.45172274445937	0	0
Y57A10A.13	F29B9.8	21.556	9.75744132344265	0	0
Y57A10A.13	F29C12.6	23.728	6.64494170687047	0	0
Y57A10A.13	F29C4.4	16.42	29.6066963810631	0	0
Y57A10A.13	F29C6.1	23.986	8.68637479715333	0	0
Y57A10A.13	F29D10.1	15.064	20.0396943356396	0	0
Y57A10A.13	F29D10.2	11.386	18.800202352684	0	0
Y57A10A.13	F29D10.3	24.57	5.66615611730017	0	0
Y57A10A.13	F29F11.20	23.2	1.50769676141316	0	0
Y57A10A.13	F29G6.1	15.308	3.18436646913349	0	0
Y57A10A.13	F29G9.1	15.674	5.60960622767034	0	0
Y57A10A.13	F30A10.11	26.54	10.1671113357533	0	0
Y57A10A.13	F30A10.12	3.036	1.75223136736105	1	1
Y57A10A.13	F30A10.13	25.434	14.7553782018477	0	0
Y57A10A.13	F30A10.14	20.552	24.7407276563135	0	0
Y57A10A.13	F30A10.15	18.874	4.5020847962	0	0
Y57A10A.13	F30A10.2	16.96	5.27292114287332	0	0
Y57A10A.13	F30A10.3	23.956	3.70758544431466	0	0
Y57A10A.13	F30A10.4	20.7	2.57175490902535	0	0
Y57A10A.13	F30A10.9	25.776	0.877247972789156	0	0
Y57A10A.13	F30B5.11	27.424	2.63637941789164	0	0
Y57A10A.13	F30B5.4	25.854	2.81832380134549	0	0
Y57A10A.13	F30F8.1	20.458	9.02025839596675	0	0
Y57A10A.13	F30F8.10	20.058	2.11735912874085	0	0
Y57A10A.13	F30F8.5	25.644	7.04549092664395	0	0
Y57A10A.13	F30F8.9	17.194	5.14946036695372	0	0
Y57A10A.13	F30H5.3	26.824	2.27905832685893	0	0
Y57A10A.13	F30H5.5	28.39	2.12994013111938	0	0
Y57A10A.13	F31A3.3	23.824	13.2826713382977	0	0
Y57A10A.13	F31A3.5	14.148	5.19842124082884	0	0
Y57A10A.13	F31B12.3	17.668	20.2502229207815	0	0
Y57A10A.13	F31B12.4	17.684	17.1930337590228	0	0
Y57A10A.13	F31B9.2	12.496	4.86072408488231	0	0
Y57A10A.13	F31B9.3	14.782	22.7695447933314	0	0
Y57A10A.13	F31B9.4	19.378	36.6950194005051	0	0
Y57A10A.13	F31B9.7	20.566	9.92509835650426	0	0
Y57A10A.13	F31C3.6	23.046	18.3852564522458	0	0
Y57A10A.13	F31D4.2	21.762	2.25055256819314	0	0
Y57A10A.13	F31D4.5	23.262	14.5734849529448	0	0
Y57A10A.13	F31D4.8	19.534	10.1449984484894	0	0
Y57A10A.13	F31D5.1	19.88	5.33649822865642	0	0
Y57A10A.13	F31D5.2	24.874	2.4651124879454	0	0
Y57A10A.13	F31D5.6	4.866	6.67282904666057	1	1
Y57A10A.13	F31D5.7	27.776	2.84083047146749	0	0
Y57A10A.13	F31E3.12	21.172	15.3440815697538	0	0
Y57A10A.13	F31E3.2	17.838	4.7267671271875	0	0
Y57A10A.13	F31E3.4	26.074	5.36745658033151	0	0
Y57A10A.13	F31E3.6	26.646	1.61910929172349	0	0
Y57A10A.13	F31E8.4	24.252	7.03003965982755	0	0
Y57A10A.13	F31E8.5	22.16	2.38124376052097	0	0
Y57A10A.13	F31E9.3	25.066	1.53208030291445	0	0
Y57A10A.13	F31E9.6	19.304	4.80756176282912	0	0
Y57A10A.13	F31F4.1	16.882	4.14841626478725	0	0
Y57A10A.13	F31F4.11	22.452	3.64195560977808	0	0
Y57A10A.13	F31F4.17	24.9	6.2701426198107	0	0
Y57A10A.13	F31F6.1	18.622	27.0598444968379	0	0
Y57A10A.13	F31F6.2	20.308	12.2536310804936	0	0
Y57A10A.13	F31F6.3	25.89	2.50154344000934	0	0
Y57A10A.13	F31F7.1	21.192	5.15441304379376	0	0
Y57A10A.13	F31F7.2	26.614	2.90424573955382	0	0
Y57A10A.13	F32A11.1	24.996	4.86522907367135	0	0
Y57A10A.13	F32A5.4	24.662	10.2624792572602	0	0
Y57A10A.13	F32A5.8	19.746	2.86941706431263	0	0
Y57A10A.13	F32A7.8	12.206	47.5958254456669	0	0
Y57A10A.13	F32B4.1	25.716	3.10574700930649	0	0
Y57A10A.13	F32B4.2	12.75	11.4293375917184	0	0
Y57A10A.13	F32B4.5	21.574	5.10858079051601	0	0
Y57A10A.13	F32B4.8	5.326	5.2883180310087	0	0
Y57A10A.13	F32B5.1	8.562	4.21547951376696	0	0
Y57A10A.13	F32B5.2	23.358	8.60552958478412	0	0
Y57A10A.13	F32B5.3	23.84	1.22257480216356	0	0
Y57A10A.13	F32B5.6	23.952	1.78635104251637	0	0
Y57A10A.13	F32B5.7	25.382	3.90948466054207	0	0
Y57A10A.13	F32B6.4	20.604	18.7475057121329	0	0
Y57A10A.13	F32D1.11	13.92	0.814352302353062	0	0
Y57A10A.13	F32D1.3	25.402	14.2353793886717	0	0
Y57A10A.13	F32D1.5	22.742	8.25209408696572	0	0
Y57A10A.13	F32D1.7	12.5	6.50538238691624	0	0
Y57A10A.13	F32D1.8	21.184	5.72711113486389	0	0
Y57A10A.13	F32D8.1	24.012	2.94957257957129	0	0
Y57A10A.13	F32D8.11	12.824	16.6023051571592	0	0
Y57A10A.13	F32D8.12	25.008	4.77318932494135	0	0
Y57A10A.13	F32D8.13	27.85	3.37866053750743	0	0
Y57A10A.13	F32D8.14	12.526	2.07153320876664	0	0
Y57A10A.13	F32D8.15	18.478	4.8094493300374	0	0
Y57A10A.13	F32D8.2	22.694	7.23628619432139	0	0
Y57A10A.13	F32D8.3	20.034	5.98030508216105	0	0
Y57A10A.13	F32D8.4	26.002	3.21634235215952	0	0
Y57A10A.13	F32D8.5	23.032	1.69868710198265	0	0
Y57A10A.13	F32D8.7	20.946	2.85007023488357	0	0
Y57A10A.13	F32D8.8	11.6	3.16450945568581	0	0
Y57A10A.13	F32E10.5	25.038	4.81673494729355	0	0
Y57A10A.13	F32E10.8	20.244	7.88430333874686	0	0
Y57A10A.13	F32E10.9	9.602	3.97487392697366	0	0
Y57A10A.13	F32F2.4	19.812	2.18689007438761	0	0
Y57A10A.13	F32G8.2	21.594	11.3691864283617	0	0
Y57A10A.13	F32G8.3	14.398	4.89574984268754	0	0
Y57A10A.13	F32H2.10	9.676	3.27028986466536	0	0
Y57A10A.13	F32H2.11	21.646	1.52299038227031	0	0
Y57A10A.13	F32H2.12	14.242	54.1951911585573	0	0
Y57A10A.13	F32H2.6	8.784	94.6529800907377	0	0
Y57A10A.13	F32H2.7	12.882	22.1158163264323	0	0
Y57A10A.13	F32H2.8	22.318	3.22475726740997	0	0
Y57A10A.13	F32H5.1	25.716	4.67385137055902	0	0
Y57A10A.13	F32H5.3	3.716	4.1147793161566	1	1
Y57A10A.13	F32H5.4	20.668	1.4227686154641	0	0
Y57A10A.13	F33A8.4	26.724	12.1266646312916	0	0
Y57A10A.13	F33A8.7	23.706	8.47244172348575	0	0
Y57A10A.13	F33C8.2	23.466	5.99588020126688	0	0
Y57A10A.13	F33C8.4	23.932	1.81402020950665	0	0
Y57A10A.13	F33D11.1	23.19	4.22716934920776	0	0
Y57A10A.13	F33D11.10	25.576	12.6944848426461	0	0
Y57A10A.13	F33D11.16	14.55	25.2466721934579	0	0
Y57A10A.13	F33D11.17	3.42	4.03572331632815	1	1
Y57A10A.13	F33D11.2	14.738	7.36128053902053	0	0
Y57A10A.13	F33D11.6	16.024	9.14552823097629	0	0
Y57A10A.13	F33D11.7	14.65	3.31286645661973	0	0
Y57A10A.13	F33D4.4	16.074	3.18639796202806	0	0
Y57A10A.13	F33D4.6	18.848	7.15916334429104	0	0
Y57A10A.13	F33E11.2	22.268	14.2718378974154	0	0
Y57A10A.13	F33E11.3	10.118	1.70813792891725	0	0
Y57A10A.13	F33E2.10	21.11	13.9299084771146	0	0
Y57A10A.13	F33E2.4	15.072	8.91580027883825	0	0
Y57A10A.13	F33E2.5	24.776	13.9789614671684	0	0
Y57A10A.13	F33E2.6	19.664	11.9153713658217	0	0
Y57A10A.13	F33E2.7	15.44	4.90114257654947	0	0
Y57A10A.13	F33G12.3	25.35	4.13194983345857	0	0
Y57A10A.13	F33G12.6	20.454	15.8199855005983	0	0
Y57A10A.13	F33G12.7	17.074	7.81233340457971	0	0
Y57A10A.13	F33H1.3	13.724	4.50250614645861	0	0
Y57A10A.13	F33H12.1	24.65	6.57607617063603	0	0
Y57A10A.13	F33H12.7	17.972	16.3671245133655	0	0
Y57A10A.13	F33H2.2	26.476	5.66881859281916	0	0
Y57A10A.13	F33H2.3	14.404	12.5760759256273	0	0
Y57A10A.13	F33H2.6	27.334	3.32643206685868	0	0
Y57A10A.13	F33H2.8	17.314	3.43096358947928	0	0
Y57A10A.13	F34D10.3	20.374	1.62920255386964	0	0
Y57A10A.13	F34D10.4	16.424	4.73871517053907	0	0
Y57A10A.13	F34D10.8	15.656	14.6729718327639	0	0
Y57A10A.13	F34D10.9	26.874	2.19157994425017	0	0
Y57A10A.13	F34D6.1	23.5	1.3782242332512	0	0
Y57A10A.13	F34H10.1	17.264	12.4681737536713	0	0
Y57A10A.13	F34H10.3	3.036	2.27725770980812	1	1
Y57A10A.13	F34H10.4	19.772	2.8676069436696	0	0
Y57A10A.13	F34H10.5	19.632	13.2245390902063	0	0
Y57A10A.13	F35A5.1	25.056	6.1438736330521	0	0
Y57A10A.13	F35A5.2	26.65	3.99311947610151	0	0
Y57A10A.13	F35A5.5	9.184	5.45328083886331	0	0
Y57A10A.13	F35A5.8	17.888	1.38714796979738	0	0
Y57A10A.13	F35B12.10	8.014	4.6694013690576	0	0
Y57A10A.13	F35B12.9	6.86	39.3764132028093	0	0
Y57A10A.13	F35B3.3	25.526	4.17259358999864	0	0
Y57A10A.13	F35B3.4	17.014	2.5655191176255	0	0
Y57A10A.13	F35B3.7	18.408	7.37683925222708	0	0
Y57A10A.13	F35C11.2	17.32	1.61146486569894	0	0
Y57A10A.13	F35C11.3	27.42	2.88387720254839	0	0
Y57A10A.13	F35C11.4	13.902	2.14738692643307	0	0
Y57A10A.13	F35C11.5	22.296	7.73018727887544	0	0
Y57A10A.13	F35C11.6	18.864	10.591703874727	0	0
Y57A10A.13	F35C11.7	21.148	3.73039674413078	0	0
Y57A10A.13	F35C12.3	22.302	6.69374753883017	0	0
Y57A10A.13	F35C12.7	22.19	9.84809257565078	0	0
Y57A10A.13	F35C5.1	16.834	15.713377535191	0	0
Y57A10A.13	F35C5.3	19.898	8.72467440907806	0	0
Y57A10A.13	F35C8.5	20.824	1.01506166658589	0	0
Y57A10A.13	F35C8.8	15.756	21.9409681836253	0	0
Y57A10A.13	F35D11.1	15.706	3.45305955224816	0	0
Y57A10A.13	F35D11.3	13.216	3.10534383859925	0	0
Y57A10A.13	F35D11.4	27.202	2.85662288196491	0	0
Y57A10A.13	F35D2.1	25.29	0.804546854463259	0	0
Y57A10A.13	F35D2.2	23.328	10.5573017027892	0	0
Y57A10A.13	F35D2.3	25.084	4.69121955029039	0	0
Y57A10A.13	F35D2.6	23.214	2.99281362206395	0	0
Y57A10A.13	F35E12.10	26.308	5.76847509009365	0	0
Y57A10A.13	F35E12.2	25.694	16.8002089534316	0	0
Y57A10A.13	F35E12.6	23.258	2.36739510713243	0	0
Y57A10A.13	F35E12.9	28.484	1.74314659038099	0	0
Y57A10A.13	F35E2.1	3.216	1.973951523396	1	1
Y57A10A.13	F35E2.2	26.004	6.26912748423775	0	0
Y57A10A.13	F35E2.5	13.558	5.13590553948495	0	0
Y57A10A.13	F35E2.8	26.178	5.81991994834716	0	0
Y57A10A.13	F35E8.1	24.592	27.71429129154	0	0
Y57A10A.13	F35E8.10	27.522	3.88604964497043	0	0
Y57A10A.13	F35E8.2	18.952	1.59669350757048	0	0
Y57A10A.13	F35E8.6	24.43	15.0874257431161	0	0
Y57A10A.13	F35E8.7	23.008	7.38537158607215	0	0
Y57A10A.13	F35E8.9	18.194	3.20336774295772	0	0
Y57A10A.13	F35F10.1	17.542	22.6111218270007	0	0
Y57A10A.13	F35F10.13	21.736	3.68190993637782	0	0
Y57A10A.13	F35F10.14	18.78	15.5162364763808	0	0
Y57A10A.13	F35F10.5	26.054	2.4458588557338	0	0
Y57A10A.13	F35F10.6	12.684	11.4757631088843	0	0
Y57A10A.13	F35F10.7	10.512	9.3443489795757	0	0
Y57A10A.13	F35F11.2	24.016	6.06997590450823	0	0
Y57A10A.13	F35G12.12	25.796	5.99438572214835	0	0
Y57A10A.13	F35G12.5	24.28	1.16528454289911	0	0
Y57A10A.13	F35G12.7	23.986	3.64535171278819	0	0
Y57A10A.13	F35G2.1	25.394	15.0341740161345	0	0
Y57A10A.13	F35G2.3	23.414	14.7022604128113	0	0
Y57A10A.13	F35G2.5	14.272	3.83978838526977	0	0
Y57A10A.13	F35H10.10	25.58	6.23340966830326	0	0
Y57A10A.13	F35H10.2	18.502	3.12017845805054	0	0
Y57A10A.13	F35H10.5	20.64	8.54301452032744	0	0
Y57A10A.13	F35H10.6	24.496	9.64946202782528	0	0
Y57A10A.13	F35H12.1	18.438	7.96522731318522	0	0
Y57A10A.13	F35H12.5	20.978	3.25066140434318	0	0
Y57A10A.13	F35H12.6	12.274	2.75843673139229	0	0
Y57A10A.13	F35H8.1	26.784	3.43515027427279	0	0
Y57A10A.13	F35H8.12	23.044	8.24661503111046	0	0
Y57A10A.13	F35H8.2	24.24	3.83163999515166	0	0
Y57A10A.13	F35H8.4	25.348	6.49151624527514	0	0
Y57A10A.13	F36A2.10	10.992	12.6853241071379	0	0
Y57A10A.13	F36A2.11	27.964	3.20035376126674	0	0
Y57A10A.13	F36A2.12	22.21	4.21107927296767	0	0
Y57A10A.13	F36A2.14	25.28	20.9646860758671	0	0
Y57A10A.13	F36A2.2	26.038	4.17855422253553	0	0
Y57A10A.13	F36A2.3	17.158	14.2777093886269	0	0
Y57A10A.13	F36A2.7	26.95	2.08635315801695	0	0
Y57A10A.13	F36A2.9	21.602	7.30045692298258	0	0
Y57A10A.13	F36A4.1	17.998	13.1653396882734	0	0
Y57A10A.13	F36A4.2	21.706	15.3143992384944	0	0
Y57A10A.13	F36A4.3	17.772	10.944897846022	0	0
Y57A10A.13	F36A4.4	19.56	13.5257562336033	0	0
Y57A10A.13	F36A4.5	22.096	10.5510407918668	0	0
Y57A10A.13	F36D1.10	21.586	12.4441419096979	0	0
Y57A10A.13	F36D1.12	16.018	10.7961447027113	0	0
Y57A10A.13	F36D1.13	16.978	5.1338154252587	0	0
Y57A10A.13	F36D1.15	10.722	27.6961617443825	0	0
Y57A10A.13	F36D1.4	14.9	6.64107440065848	0	0
Y57A10A.13	F36D1.5	9.144	8.05778552913846	0	0
Y57A10A.13	F36D1.6	27.474	4.81711368870388	0	0
Y57A10A.13	F36D1.8	20.936	7.14185635984774	0	0
Y57A10A.13	F36D1.9	9.868	6.40330515617273	0	0
Y57A10A.13	F36D3.1	28.056	0.889148187684905	0	0
Y57A10A.13	F36D3.14	18.444	11.2190097475971	0	0
Y57A10A.13	F36D3.16	19.918	19.0315713278015	0	0
Y57A10A.13	F36D3.4	28.068	4.1167719990099	0	0
Y57A10A.13	F36D3.5	26.746	4.59034504029468	0	0
Y57A10A.13	F36D3.8	12.38	3.53940263331287	0	0
Y57A10A.13	F36D4.1	25.566	11.3890434862355	0	0
Y57A10A.13	F36D4.4	10.126	6.25467356743511	0	0
Y57A10A.13	F36D4.5	21.644	4.64608817125562	0	0
Y57A10A.13	F36D4.6	14.918	8.20291974341704	0	0
Y57A10A.13	F36F12.1	22.266	6.42043188237831	0	0
Y57A10A.13	F36F12.2	15.74	5.15298302124132	0	0
Y57A10A.13	F36F12.3	20.828	8.88846139960813	0	0
Y57A10A.13	F36F12.7	13.916	18.5589212561575	0	0
Y57A10A.13	F36F2.1	23.01	15.1523681405337	0	0
Y57A10A.13	F36F2.2	19.518	11.5862734547886	0	0
Y57A10A.13	F36F2.7	17.8	19.1941719103436	0	0
Y57A10A.13	F36F2.8	21.686	10.549664546337	0	0
Y57A10A.13	F36G3.1	24.518	5.42315984164293	0	0
Y57A10A.13	F36G3.2	22.556	4.05997268011355	0	0
Y57A10A.13	F36G3.3	7.128	6.06135293855759	0	0
Y57A10A.13	F36G9.13	21.122	13.7873259772384	0	0
Y57A10A.13	F36G9.15	16.686	23.7890266557926	0	0
Y57A10A.13	F36G9.3	25.266	3.78476345007925	0	0
Y57A10A.13	F36G9.7	20.61	10.1375738337658	0	0
Y57A10A.13	F36H1.11	21.618	3.1926895385457	0	0
Y57A10A.13	F36H1.12	26.436	3.26538844751267	0	0
Y57A10A.13	F36H1.3	19.416	12.2457312221314	0	0
Y57A10A.13	F36H12.10	5.47	24.3861569720491	0	0
Y57A10A.13	F36H12.17	23.62	3.03426671437786	0	0
Y57A10A.13	F36H12.3	19.594	20.1792041004952	0	0
Y57A10A.13	F36H12.4	8.978	13.034568549695	0	0
Y57A10A.13	F36H12.5	19.35	3.60036513641388	0	0
Y57A10A.13	F36H12.9	24.808	0.975541746117036	0	0
Y57A10A.13	F36H2.6	19.968	1.00497728748845	0	0
Y57A10A.13	F36H5.10	22.45	3.54491268166165	0	0
Y57A10A.13	F36H5.12	17.652	26.0536242791263	0	0
Y57A10A.13	F36H5.13	13.682	2.98789015570435	0	0
Y57A10A.13	F36H5.14	12.006	2.49638957807644	0	0
Y57A10A.13	F36H5.17	14.4	17.8689610363479	0	0
Y57A10A.13	F36H5.18	11.312	3.34842944794868	0	0
Y57A10A.13	F36H5.4	24.536	1.88883123555342	0	0
Y57A10A.13	F36H5.8	26.176	3.69726645096873	0	0
Y57A10A.13	F36H5.9	27.842	1.72838591579235	0	0
Y57A10A.13	F36H9.1	24.724	6.42180851153586	0	0
Y57A10A.13	F36H9.10	26.532	1.11502258930201	0	0
Y57A10A.13	F36H9.2	6.944	3.47805364365851	0	0
Y57A10A.13	F36H9.4	23.69	2.64877593879509	0	0
Y57A10A.13	F36H9.5	16.15	2.26451065608789	0	0
Y57A10A.13	F36H9.7	21.178	3.06893218729399	0	0
Y57A10A.13	F37A4.1	20.978	2.4284062122121	0	0
Y57A10A.13	F37A4.2	17.036	11.1574550877825	0	0
Y57A10A.13	F37A4.3	24.922	3.21595329917236	0	0
Y57A10A.13	F37A4.4	27.994	1.0839710838054	0	0
Y57A10A.13	F37A4.5	23.186	1.58368001312937	0	0
Y57A10A.13	F37A4.6	19.16	15.6518343520731	0	0
Y57A10A.13	F37A8.1	19.076	6.3396470206261	0	0
Y57A10A.13	F37A8.2	23.172	1.80800565824632	0	0
Y57A10A.13	F37A8.5	26.056	4.91838439040785	0	0
Y57A10A.13	F37B12.1	19.52	14.8689621050099	0	0
Y57A10A.13	F37B12.3	10.604	1.14648267939865	0	0
Y57A10A.13	F37B4.10	23.042	12.4193379553767	0	0
Y57A10A.13	F37B4.15	10.652	27.2761473329296	0	0
Y57A10A.13	F37C12.10	22.776	11.9944445089017	0	0
Y57A10A.13	F37C12.14	18.94	3.35238089828705	0	0
Y57A10A.13	F37C12.18	23.314	5.30011949395866	0	0
Y57A10A.13	F37C12.21	21.854	3.2840246233965	0	0
Y57A10A.13	F37C4.4	17.728	6.04294681039907	0	0
Y57A10A.13	F37C4.5	25.26	2.97281375025404	0	0
Y57A10A.13	F37C4.6	22.182	4.16637872346724	0	0
Y57A10A.13	F37C4.8	26.358	2.42623728316885	0	0
Y57A10A.13	F37D6.3	15.434	13.9841678991229	0	0
Y57A10A.13	F37D6.4	25.564	1.67398259755161	0	0
Y57A10A.13	F37F2.2	14.314	36.8195743891414	0	0
Y57A10A.13	F37H8.5	18.812	59.5857279832696	0	0
Y57A10A.13	F37H8.6	7.556	6.46773906044762	0	0
Y57A10A.13	F38A1.11	24.76	2.60915313107225	0	0
Y57A10A.13	F38A1.13	25.854	4.68321055932593	0	0
Y57A10A.13	F38A1.15	25.422	2.357930396852	0	0
Y57A10A.13	F38A1.6	27.198	5.87372454631662	0	0
Y57A10A.13	F38A1.8	22.812	7.58362650560322	0	0
Y57A10A.13	F38A1.9	22.208	8.30652949380778	0	0
Y57A10A.13	F38A5.2	16.102	4.20463470359436	0	0
Y57A10A.13	F38A5.22	27.468	2.80874116305058	0	0
Y57A10A.13	F38A5.6	23.94	8.32482296915839	0	0
Y57A10A.13	F38A5.8	17.164	19.2649396436286	0	0
Y57A10A.13	F38A6.4	8.952	14.3197155072572	0	0
Y57A10A.13	F38A6.5	27.022	1.44407478296357	0	0
Y57A10A.13	F38B2.2	18.098	11.0251107028775	0	0
Y57A10A.13	F38B2.3	13.342	10.8887729986205	0	0
Y57A10A.13	F38B2.4	27.032	7.45141541845799	0	0
Y57A10A.13	F38B2.6	13.458	5.0487667058736	0	0
Y57A10A.13	F38B6.2	22.592	5.43949071714174	0	0
Y57A10A.13	F38B6.3	22.97	20.1687581800583	0	0
Y57A10A.13	F38B6.4	28.962	1.20264555821007	0	0
Y57A10A.13	F38B6.6	21.618	16.9891428150672	0	0
Y57A10A.13	F38B6.7	22.02	6.49449323304229	0	0
Y57A10A.13	F38B6.8	23.338	4.56275943904409	0	0
Y57A10A.13	F38B7.10	23.5	11.2875498782691	0	0
Y57A10A.13	F38B7.11	24.53	6.72528371828107	0	0
Y57A10A.13	F38B7.17	9.152	7.21790948180429	0	0
Y57A10A.13	F38B7.2	20.91	19.8438514901212	0	0
Y57A10A.13	F38B7.3	15.072	4.62999176016339	0	0
Y57A10A.13	F38C2.1	22.568	3.72306012597877	0	0
Y57A10A.13	F38C2.4	22.076	27.3364060532378	0	0
Y57A10A.13	F38C2.7	21.032	2.20243919635516	0	0
Y57A10A.13	F38E1.10	23.326	7.47115668701299	0	0
Y57A10A.13	F38E1.3	23.378	5.80912582852823	0	0
Y57A10A.13	F38E1.6	20.772	7.48517972832212	0	0
Y57A10A.13	F38E11.6	17.712	21.0732184172529	0	0
Y57A10A.13	F38E11.9	25.714	3.46350834135609	0	0
Y57A10A.13	F38E9.1	15.332	7.16821935642035	0	0
Y57A10A.13	F38E9.4	12.684	52.5091552833257	0	0
Y57A10A.13	F38E9.6	9.678	26.5055145238232	0	0
Y57A10A.13	F38G1.3	22.82	8.10763433416128	0	0
Y57A10A.13	F38H12.5	10.372	3.18850129683012	0	0
Y57A10A.13	F38H4.3	7.322	77.0655017547591	0	0
Y57A10A.13	F38H4.4	19.77	12.9884185698159	0	0
Y57A10A.13	F38H4.5	26.814	4.10619779179319	0	0
Y57A10A.13	F38H4.6	26.644	4.2174236180983	0	0
Y57A10A.13	F39B2.3	26.54	3.94290266569037	0	0
Y57A10A.13	F39B2.5	21.324	1.52341874543268	0	0
Y57A10A.13	F39B3.3	7.014	62.8072619301483	0	0
Y57A10A.13	F39B3.7	24.37	3.15789005470988	0	0
Y57A10A.13	F39D8.3	21.886	3.85226787832767	0	0
Y57A10A.13	F39E9.14	12.884	5.60517184117365	0	0
Y57A10A.13	F39E9.6	21.488	10.2469100672819	0	0
Y57A10A.13	F39F10.2	22.89	5.22267635922597	0	0
Y57A10A.13	F39F10.3	21.926	9.44473447718451	0	0
Y57A10A.13	F39F10.4	18.982	4.53541411231786	0	0
Y57A10A.13	F39F10.5	17.346	8.27110310562935	0	0
Y57A10A.13	F39G3.2	24.252	6.44852291183605	0	0
Y57A10A.13	F39G3.3	19.84	5.30468509944676	0	0
Y57A10A.13	F39G3.4	17.006	1.16021914379994	0	0
Y57A10A.13	F39G3.5	22.41	1.60083811821973	0	0
Y57A10A.13	F39H11.1	16.582	4.46539961593628	0	0
Y57A10A.13	F39H12.1	26.082	8.30936818040385	0	0
Y57A10A.13	F39H12.3	20.438	21.1702398706791	0	0
Y57A10A.13	F39H2.3	12.202	6.00151271464806	0	0
Y57A10A.13	F40A3.1	24.276	15.1761383021536	0	0
Y57A10A.13	F40A3.2	17.58	28.9629932710799	0	0
Y57A10A.13	F40A3.3	22.302	13.6853605364132	0	0
Y57A10A.13	F40A3.4	21.012	10.6702057847081	0	0
Y57A10A.13	F40A3.6	8.006	63.4848952314995	0	0
Y57A10A.13	F40A3.7	9.046	7.15848935775709	0	0
Y57A10A.13	F40B5.2	22.126	8.87497818007966	0	0
Y57A10A.13	F40C5.1	22.498	4.31062362845708	0	0
Y57A10A.13	F40C5.2	19.408	19.401642385111	0	0
Y57A10A.13	F40D4.12	27.28	6.64840211135273	0	0
Y57A10A.13	F40D4.13	19.084	31.5428258183362	0	0
Y57A10A.13	F40D4.17	20.066	19.887834756743	0	0
Y57A10A.13	F40E10.5	14.154	5.16495120883839	0	0
Y57A10A.13	F40E12.1	15.718	3.61142801115562	0	0
Y57A10A.13	F40E3.3	24.314	17.0199883361137	0	0
Y57A10A.13	F40E3.5	22.854	2.75291074007003	0	0
Y57A10A.13	F40E3.6	14.418	4.15666482316626	0	0
Y57A10A.13	F40F11.3	21.03	22.6459919139165	0	0
Y57A10A.13	F40F12.3	21.842	13.9602220317338	0	0
Y57A10A.13	F40F12.9	18.906	5.14774002886263	0	0
Y57A10A.13	F40F4.7	20.646	8.74885698643564	0	0
Y57A10A.13	F40F8.1	26.452	5.38432334794077	0	0
Y57A10A.13	F40F8.11	15.53	4.0694205561687	0	0
Y57A10A.13	F40F8.12	22.648	10.748277601034	0	0
Y57A10A.13	F40F8.3	20.702	6.19545614252789	0	0
Y57A10A.13	F40F8.4	21.232	3.18976921417973	0	0
Y57A10A.13	F40F8.5	19.862	2.80534865011	0	0
Y57A10A.13	F40F9.10	24.946	2.7571879771332	0	0
Y57A10A.13	F40F9.3	9.83	73.2836947956427	0	0
Y57A10A.13	F40G12.10	18.802	16.0644279528055	0	0
Y57A10A.13	F40G12.11	13.124	3.46906532721863	0	0
Y57A10A.13	F40G12.2	19.932	4.05985094721808	0	0
Y57A10A.13	F40G12.4	24.634	10.151237776875	0	0
Y57A10A.13	F40G12.5	21.69	9.18081447016034	0	0
Y57A10A.13	F40G12.6	24.488	3.90135496998612	0	0
Y57A10A.13	F40G12.7	25.48	6.94057999153876	0	0
Y57A10A.13	F40G12.9	12.34	37.2800101078292	0	0
Y57A10A.13	F40G9.12	24.886	7.05834288781837	0	0
Y57A10A.13	F40G9.14	23.7	1.24204101515063	0	0
Y57A10A.13	F40G9.15	20.846	17.0643590462544	0	0
Y57A10A.13	F40G9.17	27.088	4.36011264735558	0	0
Y57A10A.13	F40G9.18	25.362	1.00849040752371	0	0
Y57A10A.13	F40G9.19	27.292	2.72763430065901	0	0
Y57A10A.13	F40G9.5	18.04	1.20812054976182	0	0
Y57A10A.13	F40G9.6	18.984	3.47014108768766	0	0
Y57A10A.13	F40G9.7	23.702	15.3606394517227	0	0
Y57A10A.13	F40G9.8	15.116	32.829101462336	0	0
Y57A10A.13	F40G9.9	16.288	2.02109522504326	0	0
Y57A10A.13	F40H3.1	21.744	10.6866740021907	0	0
Y57A10A.13	F40H3.3	17.876	6.55280559739379	0	0
Y57A10A.13	F40H6.5	23.224	6.46332660496618	0	0
Y57A10A.13	F41B4.1	10.994	11.4269259915133	0	0
Y57A10A.13	F41B4.2	24.74	6.22145552816119	0	0
Y57A10A.13	F41B4.3	18.82	3.06322023679941	0	0
Y57A10A.13	F41B5.1	19.764	8.20410453018286	0	0
Y57A10A.13	F41B5.12	25.33	8.29925474648773	0	0
Y57A10A.13	F41C3.1	24.312	2.35233769730421	0	0
Y57A10A.13	F41C3.11	25.186	1.75389190346357	0	0
Y57A10A.13	F41C3.2	5.816	2.05105852248235	0	0
Y57A10A.13	F41C3.7	23.022	9.02022719096384	0	0
Y57A10A.13	F41C3.8	12.616	8.40101960888938	0	0
Y57A10A.13	F41C6.4	25.592	1.78452112513597	0	0
Y57A10A.13	F41C6.6	11.634	22.9636199330954	0	0
Y57A10A.13	F41C6.7	22.506	4.20053737795507	0	0
Y57A10A.13	F41D3.11	22.028	16.3653742159135	0	0
Y57A10A.13	F41D3.6	23.052	9.4353346047107	0	0
Y57A10A.13	F41D3.7	16.588	8.05530988118627	0	0
Y57A10A.13	F41D3.8	15.12	8.53687143532725	0	0
Y57A10A.13	F41D3.9	21.478	37.8535225803729	0	0
Y57A10A.13	F41D9.2	14.98	8.20551884512825	0	0
Y57A10A.13	F41E6.1	16.236	30.3267625398292	0	0
Y57A10A.13	F41E6.12	13.884	3.19828253230366	0	0
Y57A10A.13	F41E6.15	17.258	12.5742392576765	0	0
Y57A10A.13	F41E6.17	24.538	2.8210166393188	0	0
Y57A10A.13	F41E6.5	25.294	4.96693264147188	0	0
Y57A10A.13	F41E6.7	12.588	5.21333431676145	0	0
Y57A10A.13	F41E6.8	21.746	7.17915497848831	0	0
Y57A10A.13	F41E7.2	22.384	4.09031594545928	0	0
Y57A10A.13	F41E7.6	24.39	3.71670469320528	0	0
Y57A10A.13	F41E7.7	15.758	13.8031621807649	0	0
Y57A10A.13	F41E7.9	19.298	20.7889286699506	0	0
Y57A10A.13	F41F3.1	17.674	5.69153820425837	0	0
Y57A10A.13	F41F3.3	14.808	11.9613319360933	0	0
Y57A10A.13	F41F3.8	18.728	14.8118959932544	0	0
Y57A10A.13	F41F3.9	20.446	12.65341919083	0	0
Y57A10A.13	F41G3.10	23.654	8.28049342470953	0	0
Y57A10A.13	F41G3.18	17.604	29.9760346770964	0	0
Y57A10A.13	F41G3.19	19.586	4.87006072216877	0	0
Y57A10A.13	F41G3.20	18.73	20.51038292016	0	0
Y57A10A.13	F41G3.21	18.17	4.6710751339789	0	0
Y57A10A.13	F41G3.3	9.984	10.1791109881472	0	0
Y57A10A.13	F41G3.5	24.506	5.25915909658086	0	0
Y57A10A.13	F41G3.6	17.706	5.60522752828632	0	0
Y57A10A.13	F41G4.13	19.932	28.3934767011646	0	0
Y57A10A.13	F41G4.7	20.338	2.44894414717344	0	0
Y57A10A.13	F41G4.8	23.514	3.61819338788554	0	0
Y57A10A.13	F41H10.1	21.082	9.16224666313741	0	0
Y57A10A.13	F41H10.12	20.81	12.5044775439411	0	0
Y57A10A.13	F41H10.2	23.47	12.2660641440633	0	0
Y57A10A.13	F41H10.3	24.148	4.62087730748378	0	0
Y57A10A.13	F41H10.4	24.632	7.38889642227344	0	0
Y57A10A.13	F41H10.5	22.438	2.6168606140435	0	0
Y57A10A.13	F41H8.1	19.63	9.26788371912746	0	0
Y57A10A.13	F41H8.2	20.218	3.56794321057319	0	0
Y57A10A.13	F42A10.5	15.734	5.92946221210184	0	0
Y57A10A.13	F42A10.6	27.89	2.85527198455531	0	0
Y57A10A.13	F42A10.7	28.616	2.14076395051309	0	0
Y57A10A.13	F42A10.9	21.422	22.5426469742035	0	0
Y57A10A.13	F42A6.1	19.104	7.70474099820713	0	0
Y57A10A.13	F42A6.2	11.72	4.74758626049269	0	0
Y57A10A.13	F42A6.5	23.976	7.84619787054028	0	0
Y57A10A.13	F42A6.6	18.168	1.66468558294485	0	0
Y57A10A.13	F42A8.1	8.402	0.603370238306905	0	0
Y57A10A.13	F42A9.11	20.162	5.31238747892107	0	0
Y57A10A.13	F42A9.17	21.904	7.7985525645774	0	0
Y57A10A.13	F42A9.3	21.528	5.51717458520114	0	0
Y57A10A.13	F42A9.6	19.624	2.98389503386307	0	0
Y57A10A.13	F42A9.7	24.126	10.3164285090847	0	0
Y57A10A.13	F42A9.8	12.832	5.12428676200392	0	0
Y57A10A.13	F42A9.9	18.778	11.8455550880905	0	0
Y57A10A.13	F42C5.3	21.632	7.1329826410432	0	0
Y57A10A.13	F42C5.4	23.818	0.761771327906069	0	0
Y57A10A.13	F42C5.5	20.054	5.72807404932355	0	0
Y57A10A.13	F42C5.6	21.712	3.15340734460451	0	0
Y57A10A.13	F42C5.9	22.934	5.69592720962095	0	0
Y57A10A.13	F42D1.4	19.838	4.31564004099369	0	0
Y57A10A.13	F42E11.3	19.578	10.1015448949243	0	0
Y57A10A.13	F42E8.1	25.502	3.19389061738312	0	0
Y57A10A.13	F42F12.11	19.59	8.39702503057406	0	0
Y57A10A.13	F42F12.14	22.292	2.94321786379342	0	0
Y57A10A.13	F42F12.4	25.342	6.75204002881636	0	0
Y57A10A.13	F42G10.1	21.13	3.04399029453592	0	0
Y57A10A.13	F42G2.2	23.762	9.91894964166197	0	0
Y57A10A.13	F42G2.5	21.794	14.2491128657972	0	0
Y57A10A.13	F42G2.7	12.036	7.8705668858425	0	0
Y57A10A.13	F42G4.2	22.31	25.052259747376	0	0
Y57A10A.13	F42G4.5	20.076	24.2617219792887	0	0
Y57A10A.13	F42G4.6	11.87	2.41831509594058	0	0
Y57A10A.13	F42G4.7	19.978	7.14845150772346	0	0
Y57A10A.13	F42G8.8	18.3	1.54896587792988	0	0
Y57A10A.13	F42H10.2	17.158	1.04453044957314	0	0
Y57A10A.13	F42H10.3	9.858	1.13504570750248	0	0
Y57A10A.13	F42H10.6	20.184	12.6325355144272	0	0
Y57A10A.13	F42H11.1	12.79	15.6886371133518	0	0
Y57A10A.13	F43B10.1	12.8	3.74470655037715	0	0
Y57A10A.13	F43C1.5	6.896	2.78104879994748	0	0
Y57A10A.13	F43C1.7	24.91	9.78460404198393	0	0
Y57A10A.13	F43C11.1	27.58	3.41837714796483	0	0
Y57A10A.13	F43C11.10	24.86	12.5065312580334	0	0
Y57A10A.13	F43C11.11	16.148	18.8000944880593	0	0
Y57A10A.13	F43C11.12	27.122	2.87605954761542	0	0
Y57A10A.13	F43C11.16	9.81	2.64152059528032	0	0
Y57A10A.13	F43C11.2	20.658	10.8702040062368	0	0
Y57A10A.13	F43C11.3	15.278	10.7051548114039	0	0
Y57A10A.13	F43C11.4	16.566	9.58111940665233	0	0
Y57A10A.13	F43C11.6	20.246	13.5991120727016	0	0
Y57A10A.13	F43C11.7	28.934	2.05132993022854	0	0
Y57A10A.13	F43C11.8	27.448	2.66473489526042	0	0
Y57A10A.13	F43C9.1	20.772	12.0970596270171	0	0
Y57A10A.13	F43C9.2	22.958	6.89324739485579	0	0
Y57A10A.13	F43D2.3	12.898	25.4216346066142	0	0
Y57A10A.13	F43D2.6	15.53	4.85782554575559	0	0
Y57A10A.13	F43D2.7	16.404	8.18426047667858	0	0
Y57A10A.13	F43E12.1	16.492	28.8962607286551	0	0
Y57A10A.13	F43E2.1	23.564	7.63102221136978	0	0
Y57A10A.13	F43E2.11	22.094	10.7151714364495	0	0
Y57A10A.13	F43E2.6	13.91	12.4428081610242	0	0
Y57A10A.13	F43G6.10	16.046	14.4494706118514	0	0
Y57A10A.13	F43G6.16	14.418	7.36342820772026	0	0
Y57A10A.13	F43G6.17	23.884	10.1437876735456	0	0
Y57A10A.13	F43G6.4	17.388	17.6692624933119	0	0
Y57A10A.13	F43G6.7	9.032	10.0890876790283	0	0
Y57A10A.13	F43G6.8	26.084	5.43433039683522	0	0
Y57A10A.13	F43G9.13	20.988	12.6956266662753	0	0
Y57A10A.13	F43G9.21	12.206	34.1664042614037	0	0
Y57A10A.13	F43G9.4	25.62	3.78056766958575	0	0
Y57A10A.13	F43G9.8	14.504	16.2532210112625	0	0
Y57A10A.13	F43H9.3	24.266	2.22716665991872	0	0
Y57A10A.13	F43H9.4	23.978	1.99343296114856	0	0
Y57A10A.13	F44A2.3	26.9	1.91224106313929	0	0
Y57A10A.13	F44A2.5	22.488	8.01170155721033	0	0
Y57A10A.13	F44A2.7	23.688	3.9753658417555	0	0
Y57A10A.13	F44A6.3	19.032	18.9623911139256	0	0
Y57A10A.13	F44A6.4	18.486	3.12011353678561	0	0
Y57A10A.13	F44A6.5	24.986	7.68912731455595	0	0
Y57A10A.13	F44B9.10	20.066	4.17855498152821	0	0
Y57A10A.13	F44B9.2	23.036	2.91635260167785	0	0
Y57A10A.13	F44B9.5	6.2	4.53194236071843	0	0
Y57A10A.13	F44B9.8	19.36	18.8262924894313	0	0
Y57A10A.13	F44B9.9	23.124	4.25987414828929	0	0
Y57A10A.13	F44D12.10	12.27	7.13179646011585	0	0
Y57A10A.13	F44D12.16	11.54	10.0689735857168	0	0
Y57A10A.13	F44D12.19	6.978	7.7838554849573	0	0
Y57A10A.13	F44D12.2	23.182	2.88185597628797	0	0
Y57A10A.13	F44D12.6	20.476	7.90058463280885	0	0
Y57A10A.13	F44D12.8	25.334	6.88232486178679	0	0
Y57A10A.13	F44E2.10	13.65	10.1671943934096	0	0
Y57A10A.13	F44E2.3	26.67	5.87271650399782	0	0
Y57A10A.13	F44E2.4	23.158	5.73026793457934	0	0
Y57A10A.13	F44E2.6	15.248	4.75605600562837	0	0
Y57A10A.13	F44E2.7	25.822	7.13650626471629	0	0
Y57A10A.13	F44E2.8	25.774	4.23969766519239	0	0
Y57A10A.13	F44E2.9	22.128	6.34965473823183	0	0
Y57A10A.13	F44E5.1	23.702	3.88512727008074	0	0
Y57A10A.13	F44E5.15	25.574	6.85174102400239	0	0
Y57A10A.13	F44E5.17	6.808	11.0708605464752	0	0
Y57A10A.13	F44E5.2	6.666	1.48734408136159	0	0
Y57A10A.13	F44E5.4	6.624	5.82111196125349	0	0
Y57A10A.13	F44E7.3	20.404	16.0837418136698	0	0
Y57A10A.13	F44E7.4	27.948	1.41535312032821	0	0
Y57A10A.13	F44E7.5	25.084	1.82528180681	0	0
Y57A10A.13	F44E7.7	19.974	5.36007467176429	0	0
Y57A10A.13	F44E7.9	23.054	4.98173988640357	0	0
Y57A10A.13	F44F1.4	25.386	6.49705464885407	0	0
Y57A10A.13	F44F1.6	25.83	0.870004067140696	0	0
Y57A10A.13	F44F4.10	13.762	10.6831192357892	0	0
Y57A10A.13	F44F4.15	20.08	6.92508686344231	0	0
Y57A10A.13	F44F4.3	22.626	2.66716733081471	0	0
Y57A10A.13	F44F4.9	19.23	2.32414976391956	0	0
Y57A10A.13	F44G3.7	20.316	4.69571338791537	0	0
Y57A10A.13	F44G4.1	21.324	16.4795076412883	0	0
Y57A10A.13	F44G4.2	25.66	5.28587455436544	0	0
Y57A10A.13	F44G4.3	22.014	10.2602932410667	0	0
Y57A10A.13	F44G4.5	15.276	16.2782826963716	0	0
Y57A10A.13	F44G4.6	15.326	4.11702619951727	0	0
Y57A10A.13	F44G4.7	22.208	8.3679974454118	0	0
Y57A10A.13	F45B8.5	20.806	9.21988032058235	0	0
Y57A10A.13	F45C12.17	22.042	2.22774572752729	0	0
Y57A10A.13	F45D11.11	22.856	10.4775116792182	0	0
Y57A10A.13	F45D11.14	25.262	4.12858098245573	0	0
Y57A10A.13	F45D11.15	26.8	2.38543465797382	0	0
Y57A10A.13	F45D11.5	17.526	2.98305213293765	0	0
Y57A10A.13	F45D11.7	24.47	1.58116404758096	0	0
Y57A10A.13	F45D3.1	19.376	4.00812576103263	0	0
Y57A10A.13	F45D3.2	11.196	12.6210876191073	0	0
Y57A10A.13	F45D3.3	14.054	12.7614670904129	0	0
Y57A10A.13	F45D3.4	13.234	8.02010862655744	0	0
Y57A10A.13	F45E1.1	21.514	7.36774291898743	0	0
Y57A10A.13	F45E1.2	15.42	14.3965220037589	0	0
Y57A10A.13	F45E1.4	19.492	13.4680356914029	0	0
Y57A10A.13	F45E1.5	21.234	6.42656664985659	0	0
Y57A10A.13	F45E10.2	19.416	16.9231940612393	0	0
Y57A10A.13	F45E12.5	27.316	8.8913493959746	0	0
Y57A10A.13	F45E12.6	22.342	6.30942815966883	0	0
Y57A10A.13	F45E4.5	10.084	7.17115222916959	0	0
Y57A10A.13	F45E4.6	20.048	3.08218202252738	0	0
Y57A10A.13	F45E6.1	17.094	1.95498758153321	0	0
Y57A10A.13	F45F2.10	23.846	8.22377145064788	0	0
Y57A10A.13	F45F2.11	15.916	11.4236878552967	0	0
Y57A10A.13	F45F2.9	16.816	12.0753218499105	0	0
Y57A10A.13	F45G2.10	25.988	2.72421473707769	0	0
Y57A10A.13	F45G2.7	20.052	4.00291399060607	0	0
Y57A10A.13	F45G2.8	22.848	12.1866141496778	0	0
Y57A10A.13	F45G2.9	26.518	1.43977063168299	0	0
Y57A10A.13	F45H10.2	24.208	6.09994761964624	0	0
Y57A10A.13	F45H10.5	23.756	8.26404512841486	0	0
Y57A10A.13	F45H11.11	21.08	14.369625394043	0	0
Y57A10A.13	F45H11.8	22.022	2.18233304525185	0	0
Y57A10A.13	F46A8.11	27.12	2.63675297656614	0	0
Y57A10A.13	F46A8.3	11.46	45.9847551407032	0	0
Y57A10A.13	F46A8.4	26.328	4.20957151832956	0	0
Y57A10A.13	F46A8.5	23.568	15.2007928295962	0	0
Y57A10A.13	F46A8.6	22.152	4.33056627648513	0	0
Y57A10A.13	F46A8.7	10.544	4.11252144645173	0	0
Y57A10A.13	F46A8.8	19.594	33.2164316295141	0	0
Y57A10A.13	F46A9.1	20.002	2.02538379648737	0	0
Y57A10A.13	F46A9.2	15.314	3.89686748015536	0	0
Y57A10A.13	F46B3.1	24.542	8.64773267693242	0	0
Y57A10A.13	F46B3.14	23.242	3.82509060592017	0	0
Y57A10A.13	F46B3.15	12.41	4.15281183778408	0	0
Y57A10A.13	F46B3.16	11.75	2.46735132158711	0	0
Y57A10A.13	F46B3.23	12.798	10.4615480983233	0	0
Y57A10A.13	F46B3.7	14.064	1.58323143245476	0	0
Y57A10A.13	F46B3.8	15.276	5.9783479281668	0	0
Y57A10A.13	F46B3.9	22.176	2.47966674905226	0	0
Y57A10A.13	F46B6.10	14.192	7.3403250481026	0	0
Y57A10A.13	F46B6.12	22.836	8.05350150991916	0	0
Y57A10A.13	F46B6.13	8.028	8.43336173359199	0	0
Y57A10A.13	F46B6.2	13.802	2.4916972640764	0	0
Y57A10A.13	F46B6.4	19.896	29.2726271707712	0	0
Y57A10A.13	F46B6.5	17.518	13.8454288601352	0	0
Y57A10A.13	F46B6.6	28.868	1.24883442784835	0	0
Y57A10A.13	F46B6.9	22.74	6.40087208498818	0	0
Y57A10A.13	F46C3.2	22.07	0.833637040914102	0	0
Y57A10A.13	F46C3.6	12.236	12.03117444201	0	0
Y57A10A.13	F46C3.7	13.396	15.2889220757357	0	0
Y57A10A.13	F46C5.1	23.194	7.96918279244205	0	0
Y57A10A.13	F46C5.10	22.552	2.67808584307093	0	0
Y57A10A.13	F46C5.2	23.61	2.22393656803474	0	0
Y57A10A.13	F46C5.4	21.692	16.3342324259348	0	0
Y57A10A.13	F46C5.6	26.036	3.62929511948378	0	0
Y57A10A.13	F46C5.7	21.764	4.54654465970155	0	0
Y57A10A.13	F46C5.9	23.454	11.0894067379758	0	0
Y57A10A.13	F46C8.1	18.212	2.64857669462978	0	0
Y57A10A.13	F46C8.3	18.982	14.4799551709574	0	0
Y57A10A.13	F46C8.8	15.568	19.0118090704586	0	0
Y57A10A.13	F46E10.18	18.546	2.31498273325453	0	0
Y57A10A.13	F46E10.3	27.64	3.79168576821669	0	0
Y57A10A.13	F46F11.1	23.652	11.9115718433144	0	0
Y57A10A.13	F46F11.7	20.414	10.3692823479613	0	0
Y57A10A.13	F46F11.8	23.552	7.44523696443865	0	0
Y57A10A.13	F46F2.3	16.982	10.7207399378219	0	0
Y57A10A.13	F46F2.5	22.5	14.1219730723717	0	0
Y57A10A.13	F46F3.3	21.03	2.76512916672531	0	0
Y57A10A.13	F46F5.1	3.564	4.24878086003746	1	1
Y57A10A.13	F46F5.10	17.284	37.0670153778686	0	0
Y57A10A.13	F46F5.11	24.858	4.4212381998808	0	0
Y57A10A.13	F46F5.13	14.022	8.25292489908985	0	0
Y57A10A.13	F46F5.14	23.046	17.2261872035154	0	0
Y57A10A.13	F46F5.15	27.274	1.50919834144802	0	0
Y57A10A.13	F46F5.16	27.914	2.62137574272993	0	0
Y57A10A.13	F46F5.5	23.696	19.1261523121467	0	0
Y57A10A.13	F46F5.7	24.472	1.44484175275106	0	0
Y57A10A.13	F46F5.8	26.078	4.43829873318535	0	0
Y57A10A.13	F46G10.1	26.036	2.28918322649685	0	0
Y57A10A.13	F46G10.2	17.21	11.089829554592	0	0
Y57A10A.13	F46G10.4	5.912	4.15944665580225	0	0
Y57A10A.13	F46G11.2	13.986	36.2900583353809	0	0
Y57A10A.13	F46G11.4	23.108	5.71856576721867	0	0
Y57A10A.13	F46G11.6	24.41	1.93825436168515	0	0
Y57A10A.13	F46H5.11	23.2	4.57140468398719	0	0
Y57A10A.13	F46H5.2	18.93	13.7036910202606	0	0
Y57A10A.13	F46H5.3	18.064	12.3078642788146	0	0
Y57A10A.13	F46H5.4	13.67	2.01734926600405	0	0
Y57A10A.13	F46H5.5	22.718	2.69363297604174	0	0
Y57A10A.13	F46H5.7	26.034	1.07777777872388	0	0
Y57A10A.13	F46H6.5	24.416	18.5423649795586	0	0
Y57A10A.13	F47B10.3	15.06	2.76702078831536	0	0
Y57A10A.13	F47B10.4	20.968	11.3444359326324	0	0
Y57A10A.13	F47B10.5	23.622	1.85263729020173	0	0
Y57A10A.13	F47B10.6	18.892	3.56919448188777	0	0
Y57A10A.13	F47B10.8	16.636	33.1025442341294	0	0
Y57A10A.13	F47B10.9	24.622	12.5507182800875	0	0
Y57A10A.13	F47B3.1	23.096	21.4066517955519	0	0
Y57A10A.13	F47B3.2	26.466	6.97111106537791	0	0
Y57A10A.13	F47B3.3	12.46	2.76449512835471	0	0
Y57A10A.13	F47B3.4	15.398	6.77849619630798	0	0
Y57A10A.13	F47B3.5	12.718	20.8430916816227	0	0
Y57A10A.13	F47B3.7	23.632	23.6283767150479	0	0
Y57A10A.13	F47B7.2	25.524	4.46961394537137	0	0
Y57A10A.13	F47B7.3	19.474	9.27787494650753	0	0
Y57A10A.13	F47B7.4	18.91	9.72591755106247	0	0
Y57A10A.13	F47B7.5	11.304	4.34583774518114	0	0
Y57A10A.13	F47B8.1	13.162	8.25967516825151	0	0
Y57A10A.13	F47B8.10	22.668	1.81741164971237	0	0
Y57A10A.13	F47B8.13	11.748	5.58285208891608	0	0
Y57A10A.13	F47B8.14	12.57	13.0083154613101	0	0
Y57A10A.13	F47B8.18	10.37	8.0680812587664	0	0
Y57A10A.13	F47B8.2	14.33	3.45270533896803	0	0
Y57A10A.13	F47B8.3	24.738	16.4002547491257	0	0
Y57A10A.13	F47B8.4	22.936	13.7571914282128	0	0
Y57A10A.13	F47B8.5	21.424	3.94805336247947	0	0
Y57A10A.13	F47B8.8	26.77	3.69882985393488	0	0
Y57A10A.13	F47C12.13	15.222	4.8038727684059	0	0
Y57A10A.13	F47C12.6	15.652	7.17178888370403	0	0
Y57A10A.13	F47C12.7	8.392	11.1147357766041	0	0
Y57A10A.13	F47C12.8	13.754	6.44600355836066	0	0
Y57A10A.13	F47D12.3	23.798	4.20281108870773	0	0
Y57A10A.13	F47D12.6	20.156	8.74714238936443	0	0
Y57A10A.13	F47D12.7	25.126	3.99341030544837	0	0
Y57A10A.13	F47D12.9	26.078	5.73798692867964	0	0
Y57A10A.13	F47D2.11	19.432	2.57446442537742	0	0
Y57A10A.13	F47E1.1	20.324	2.01509807086524	0	0
Y57A10A.13	F47E1.2	13.332	3.24332641404684	0	0
Y57A10A.13	F47E1.20	26.706	2.78121635909477	0	0
Y57A10A.13	F47E1.4	25.59	0.952407784834225	0	0
Y57A10A.13	F47F2.1	23.096	4.07498640513233	0	0
Y57A10A.13	F47F2.3	24.14	6.08059477517402	0	0
Y57A10A.13	F47G3.1	16.778	0.845422492621153	0	0
Y57A10A.13	F47G3.3	25.958	8.27581665016883	0	0
Y57A10A.13	F47G3.4	24.704	3.81350431623647	0	0
Y57A10A.13	F47G4.14	5.434	12.4905063643032	0	0
Y57A10A.13	F47G4.4	13.012	3.8350679197125	0	0
Y57A10A.13	F47G4.5	10.96	2.46096787577759	0	0
Y57A10A.13	F47G6.3	15.78	20.4012464999114	0	0
Y57A10A.13	F47G9.4	25.88	5.62916826760837	0	0
Y57A10A.13	F47G9.6	26.386	5.14927183376998	0	0
Y57A10A.13	F47H4.2	27.792	2.5401311753128	0	0
Y57A10A.13	F48A11.4	23.028	3.9905788098356	0	0
Y57A10A.13	F48A9.2	17.128	20.4387714630413	0	0
Y57A10A.13	F48B9.3	4.778	3.11979373699692	1	1
Y57A10A.13	F48B9.8	24.568	6.13874862647197	0	0
Y57A10A.13	F48C1.11	15.282	4.86532300419342	0	0
Y57A10A.13	F48C1.3	16.17	3.54667927246497	0	0
Y57A10A.13	F48C1.5	10.09	9.91328016608335	0	0
Y57A10A.13	F48C1.6	17.486	10.5423131095687	0	0
Y57A10A.13	F48C1.8	21.768	8.99275002693046	0	0
Y57A10A.13	F48C1.9	10.878	20.8487034043867	0	0
Y57A10A.13	F48C5.2	23.926	5.87138778011237	0	0
Y57A10A.13	F48D6.4	22.182	3.7816716428932	0	0
Y57A10A.13	F48E3.2	25.532	1.37624542513004	0	0
Y57A10A.13	F48E3.6	16.81	15.430618944511	0	0
Y57A10A.13	F48E3.9	25.432	3.67456714952593	0	0
Y57A10A.13	F48E8.2	16.784	20.5735712636459	0	0
Y57A10A.13	F48E8.3	24.45	2.49270748563456	0	0
Y57A10A.13	F48E8.4	27.792	2.34935178983138	0	0
Y57A10A.13	F48E8.8	20.848	3.62302256059705	0	0
Y57A10A.13	F48F5.6	14.452	1.05666256124113	0	0
Y57A10A.13	F48F5.8	6.808	9.13850616507809	0	0
Y57A10A.13	F48F7.3	23.45	6.0950236121552	0	0
Y57A10A.13	F48F7.5	3.386	15.6298242678322	0	0
Y57A10A.13	F48F7.6	10.818	3.69199065745731	0	0
Y57A10A.13	F48G7.10	22.968	4.65950994290393	0	0
Y57A10A.13	F48G7.12	21.006	3.9582146377522	0	0
Y57A10A.13	F48G7.13	20.738	4.1426849483932	0	0
Y57A10A.13	F48G7.4	21.28	3.33083555388522	0	0
Y57A10A.13	F48G7.5	18.692	35.3754752643311	0	0
Y57A10A.13	F48G7.7	15.128	29.4147766641668	0	0
Y57A10A.13	F48G7.8	8.806	8.6314503918237	0	0
Y57A10A.13	F48G7.9	16.656	6.89666168258493	0	0
Y57A10A.13	F49A5.10	25.068	4.24403140135485	0	0
Y57A10A.13	F49B2.3	22.086	16.5019314403389	0	0
Y57A10A.13	F49B2.6	15.536	6.27097510649627	0	0
Y57A10A.13	F49B2.7	27.218	2.57004231421904	0	0
Y57A10A.13	F49B2.9	22.372	8.34816257367492	0	0
Y57A10A.13	F49C12.1	24.176	5.35759791141702	0	0
Y57A10A.13	F49C12.11	11.272	6.82111251521103	0	0
Y57A10A.13	F49C12.12	17.856	1.35605020854889	0	0
Y57A10A.13	F49C12.15	22.858	7.03916405321171	0	0
Y57A10A.13	F49C12.2	14.02	4.16788324821551	0	0
Y57A10A.13	F49C12.3	23.444	4.23074920879256	0	0
Y57A10A.13	F49C12.4	9.752	44.6275867540195	0	0
Y57A10A.13	F49C12.5	22.048	11.4438808269047	0	0
Y57A10A.13	F49C12.6	22.344	5.5723340789264	0	0
Y57A10A.13	F49C12.7	23.88	2.71807481869862	0	0
Y57A10A.13	F49C12.9	22.956	13.5154581803836	0	0
Y57A10A.13	F49C5.10	13.514	3.90633051624161	0	0
Y57A10A.13	F49C5.11	17.434	11.7635700062286	0	0
Y57A10A.13	F49C5.12	23.918	17.6258327272597	0	0
Y57A10A.13	F49C5.16	13.708	4.05066896822504	0	0
Y57A10A.13	F49C5.3	4.758	2.95888023881935	1	1
Y57A10A.13	F49C5.5	18.798	2.37172195353265	0	0
Y57A10A.13	F49C5.7	11.216	7.15592232659584	0	0
Y57A10A.13	F49C5.9	23.446	8.14685900421484	0	0
Y57A10A.13	F49D11.10	29.522	1.25453792135205	0	0
Y57A10A.13	F49D11.11	23.1	1.62611601480459	0	0
Y57A10A.13	F49D11.14	8.396	6.03425397787076	0	0
Y57A10A.13	F49D11.2	14.97	2.17639740249097	0	0
Y57A10A.13	F49D11.3	8.65	5.54853079584576	0	0
Y57A10A.13	F49D11.4	10.666	11.5034657513453	0	0
Y57A10A.13	F49D11.6	24.082	5.02290358538851	0	0
Y57A10A.13	F49D11.7	10.714	5.96458992175321	0	0
Y57A10A.13	F49E10.2	10.304	5.57702270078448	0	0
Y57A10A.13	F49E10.4	20.17	13.7919827185352	0	0
Y57A10A.13	F49E11.2	18.692	19.5804376725522	0	0
Y57A10A.13	F49E11.7	10.376	2.50170179545365	0	0
Y57A10A.13	F49E12.10	21.02	15.7922243982458	0	0
Y57A10A.13	F49E12.12	17.246	1.35837183943837	0	0
Y57A10A.13	F49E12.7	16.686	4.61417999507922	0	0
Y57A10A.13	F49E12.8	9.792	26.67791735205	0	0
Y57A10A.13	F49E2.2	25.324	2.21971640901536	0	0
Y57A10A.13	F49E2.5	21.216	10.9833192852572	0	0
Y57A10A.13	F49E8.6	20.1	9.703979780666	0	0
Y57A10A.13	F49E8.7	21.304	19.401583931714	0	0
Y57A10A.13	F49E8.8	21.338	4.73094934029662	0	0
Y57A10A.13	F49F1.10	19.788	18.972072241262	0	0
Y57A10A.13	F49F1.11	12.884	5.22584487620871	0	0
Y57A10A.13	F49F1.12	18.63	4.72950755739718	0	0
Y57A10A.13	F49F1.14	20.528	10.4141610582954	0	0
Y57A10A.13	F49F1.15	4.88	2.34986576663519	1	1
Y57A10A.13	F49F1.17	21.088	7.26834770525386	0	0
Y57A10A.13	F49F1.18	25.352	3.5778901110968	0	0
Y57A10A.13	F49F1.2	4.57	3.38991977786208	1	1
Y57A10A.13	F49F1.4	4.684	1.93679221691575	1	1
Y57A10A.13	F49F1.5	18.56	1.08496931926736	0	0
Y57A10A.13	F49F1.7	9.572	3.75472504777653	0	0
Y57A10A.13	F49F1.9	24.258	7.39042298745265	0	0
Y57A10A.13	F49H12.2	16.608	2.21862842487911	0	0
Y57A10A.13	F49H12.3	21.55	3.49509606638525	0	0
Y57A10A.13	F49H12.4	15.756	4.87952064914449	0	0
Y57A10A.13	F49H12.7	20.104	4.54127855944221	0	0
Y57A10A.13	F49H6.12	19.802	3.48182411657877	0	0
Y57A10A.13	F49H6.15	2.874	3.42334693841304	1	1
Y57A10A.13	F49H6.17	15.33	4.8784319891163	0	0
Y57A10A.13	F49H6.5	24.55	5.81736519733371	0	0
Y57A10A.13	F49H6.8	13.734	4.98711703381481	0	0
Y57A10A.13	F52A8.1	24.25	3.63997829987961	0	0
Y57A10A.13	F52A8.3	7.816	4.7928155088093	0	0
Y57A10A.13	F52B10.3	26.03	2.73316249416207	0	0
Y57A10A.13	F52B11.2	23.458	5.1146729615933	0	0
Y57A10A.13	F52B11.5	26.466	1.4891531447414	0	0
Y57A10A.13	F52B5.2	27.294	2.21964537686299	0	0
Y57A10A.13	F52B5.7	22.222	2.94287116757566	0	0
Y57A10A.13	F52C12.1	17.414	42.5396963059069	0	0
Y57A10A.13	F52C12.2	19.346	19.8511372931194	0	0
Y57A10A.13	F52C12.6	26.228	9.63824201526024	0	0
Y57A10A.13	F52C6.2	18.6	9.96612368114542	0	0
Y57A10A.13	F52C6.3	7.06	2.46149393724968	0	0
Y57A10A.13	F52C6.4	18.078	5.95967676541717	0	0
Y57A10A.13	F52C9.3	25.142	3.85464017865014	0	0
Y57A10A.13	F52C9.5	18.806	2.69899316653089	0	0
Y57A10A.13	F52C9.6	26.332	2.73344522577598	0	0
Y57A10A.13	F52D1.2	15.258	4.28027911136839	0	0
Y57A10A.13	F52D10.2	18.64	6.07633950388489	0	0
Y57A10A.13	F52D10.4	24.222	2.48933886889753	0	0
Y57A10A.13	F52D2.12	17.864	28.780698919066	0	0
Y57A10A.13	F52D2.5	17.676	7.63103917020091	0	0
Y57A10A.13	F52D2.6	24.692	4.3849719419966	0	0
Y57A10A.13	F52D2.7	12.926	4.31595168957129	0	0
Y57A10A.13	F52E1.14	26.408	1.54338917507184	0	0
Y57A10A.13	F52E1.2	16.104	6.75419032623868	0	0
Y57A10A.13	F52E1.3	19.066	14.4151201067911	0	0
Y57A10A.13	F52E1.5	6.642	3.71146822613533	0	0
Y57A10A.13	F52E1.9	17.584	8.29156244395713	0	0
Y57A10A.13	F52E10.2	19.708	21.3440203251682	0	0
Y57A10A.13	F52E10.4	14.678	6.22579129048921	0	0
Y57A10A.13	F52E4.5	20.654	1.68716992356304	0	0
Y57A10A.13	F52F10.2	25.85	1.2983896670668	0	0
Y57A10A.13	F52F12.8	24.848	5.80133838744866	0	0
Y57A10A.13	F52F12.9	22.996	4.33972397444362	0	0
Y57A10A.13	F52G2.3	24.332	5.66539047765745	0	0
Y57A10A.13	F52G3.1	19.012	14.1676879877245	0	0
Y57A10A.13	F52G3.5	21.124	7.45598176150724	0	0
Y57A10A.13	F52G3.8	20.982	2.56155885050011	0	0
Y57A10A.13	F52H2.1	3.222	2.91479997067011	1	1
Y57A10A.13	F52H2.15	19.178	3.33683124907677	0	0
Y57A10A.13	F52H2.3	12.996	10.609252422716	0	0
Y57A10A.13	F52H2.4	23.366	5.20057628707117	0	0
Y57A10A.13	F52H2.5	24.86	2.41066471463759	0	0
Y57A10A.13	F52H2.6	26.408	3.73280290494091	0	0
Y57A10A.13	F52H3.11	7.382	0.786395300661068	0	0
Y57A10A.13	F52H3.6	21.412	10.2873098010723	0	0
Y57A10A.13	F53A10.2	21.776	4.06891716933841	0	0
Y57A10A.13	F53A2.1	6.762	3.12559576523563	0	0
Y57A10A.13	F53A2.11	9.892	3.91030575855959	0	0
Y57A10A.13	F53A2.3	22.66	3.13917374117895	0	0
Y57A10A.13	F53A2.9	25.708	6.45967592123153	0	0
Y57A10A.13	F53A3.1	16.416	11.0517630595238	0	0
Y57A10A.13	F53A3.7	21.85	6.46565470882047	0	0
Y57A10A.13	F53A9.1	15.346	12.1687257171869	0	0
Y57A10A.13	F53A9.3	19.636	4.1065817995453	0	0
Y57A10A.13	F53A9.6	13.536	14.8268166143441	0	0
Y57A10A.13	F53A9.7	12.612	11.6837688010976	0	0
Y57A10A.13	F53A9.8	12.004	4.24596949314056	0	0
Y57A10A.13	F53A9.9	14.202	10.2972766408872	0	0
Y57A10A.13	F53B1.2	21.242	3.12117858086519	0	0
Y57A10A.13	F53B1.3	23.65	8.16122422550598	0	0
Y57A10A.13	F53B1.8	21.316	17.4279103846834	0	0
Y57A10A.13	F53B1.9	11.614	10.2108477100494	0	0
Y57A10A.13	F53B2.5	25.172	2.4049247452844	0	0
Y57A10A.13	F53B2.8	16.6	10.7397998544899	0	0
Y57A10A.13	F53B3.3	18.958	15.2829329771304	0	0
Y57A10A.13	F53B3.5	21.44	19.1556989748067	0	0
Y57A10A.13	F53B3.6	6.696	2.75698464975253	0	0
Y57A10A.13	F53B6.13	13.438	2.18699012998308	0	0
Y57A10A.13	F53B6.4	13.44	4.87393786760784	0	0
Y57A10A.13	F53B6.5	14.26	4.08692138627866	0	0
Y57A10A.13	F53B6.7	25.022	2.22126816982295	0	0
Y57A10A.13	F53B7.4	14.414	2.95508537510679	0	0
Y57A10A.13	F53B7.7	19.08	3.20693051169358	0	0
Y57A10A.13	F53C11.1	22.28	6.06115735528346	0	0
Y57A10A.13	F53C11.3	28.534	2.38809013781558	0	0
Y57A10A.13	F53C11.4	22.24	5.06569226225343	0	0
Y57A10A.13	F53C11.5	19.488	10.1472230827464	0	0
Y57A10A.13	F53C3.1	23.346	3.99431480552341	0	0
Y57A10A.13	F53C3.11	24.866	4.30575088785221	0	0
Y57A10A.13	F53C3.3	25.22	2.10113264068069	0	0
Y57A10A.13	F53C3.4	23.628	3.47656953948524	0	0
Y57A10A.13	F53C3.6	25.038	2.39908516916486	0	0
Y57A10A.13	F53C3.7	18.832	9.28186953090645	0	0
Y57A10A.13	F53C3.8	19.998	6.62065073575874	0	0
Y57A10A.13	F53E10.1	22.156	3.269464233829	0	0
Y57A10A.13	F53E10.5	14.02	11.2735641972043	0	0
Y57A10A.13	F53E10.6	16.824	11.1152008455302	0	0
Y57A10A.13	F53E4.1	21.062	7.56162710336375	0	0
Y57A10A.13	F53E4.2	22.812	1.34092643280968	0	0
Y57A10A.13	F53F1.2	22.018	6.66037871454001	0	0
Y57A10A.13	F53F1.3	27.496	3.97825188140783	0	0
Y57A10A.13	F53F1.4	13.57	8.13837621811475	0	0
Y57A10A.13	F53F1.6	23.184	7.28603810638519	0	0
Y57A10A.13	F53F10.1	20.858	2.14740742251762	0	0
Y57A10A.13	F53F10.8	24.074	1.67488619669749	0	0
Y57A10A.13	F53F4.1	5.6	4.07792401666759	0	0
Y57A10A.13	F53F4.10	24.988	5.12780230937615	0	0
Y57A10A.13	F53F4.11	24.584	3.05748256995935	0	0
Y57A10A.13	F53F4.12	20.344	10.7399355743037	0	0
Y57A10A.13	F53F4.15	6.262	4.19541004986277	0	0
Y57A10A.13	F53F4.16	19.784	8.06920542387954	0	0
Y57A10A.13	F53F4.17	21.254	6.82440269212377	0	0
Y57A10A.13	F53F4.18	12.546	5.78892223512172	0	0
Y57A10A.13	F53F4.2	14.866	9.52669160738047	0	0
Y57A10A.13	F53F4.4	24.62	3.40956268621435	0	0
Y57A10A.13	F53F4.7	22.256	4.21108596022677	0	0
Y57A10A.13	F53F8.3	23.794	7.44185317742045	0	0
Y57A10A.13	F53F8.4	25.976	4.37366410644192	0	0
Y57A10A.13	F53F8.5	14.872	9.00751045125914	0	0
Y57A10A.13	F53F8.6	17.686	4.74945208161108	0	0
Y57A10A.13	F53F8.7	15.962	6.26901254444073	0	0
Y57A10A.13	F53G12.18	17.934	2.78788892383174	0	0
Y57A10A.13	F53G12.4	13.578	0.5471844342615	0	0
Y57A10A.13	F53G12.8	17.094	5.76687155774965	0	0
Y57A10A.13	F53G12.9	25.576	1.92453653131001	0	0
Y57A10A.13	F53G2.1	17.546	1.17328184656531	0	0
Y57A10A.13	F53G2.12	18.572	9.14377223876227	0	0
Y57A10A.13	F53G2.13	27.394	1.46600282082338	0	0
Y57A10A.13	F53G2.2	9.712	5.92985974835766	0	0
Y57A10A.13	F53G2.3	19.018	5.15641889323504	0	0
Y57A10A.13	F53H1.3	20.602	3.49436810291106	0	0
Y57A10A.13	F53H1.4	28.006	8.27999817605467	0	0
Y57A10A.13	F53H2.1	19.614	1.39327223839266	0	0
Y57A10A.13	F53H2.3	6.914	5.90578319744821	0	0
Y57A10A.13	F53H4.2	17.906	1.85081031663684	0	0
Y57A10A.13	F53H4.3	21.198	8.28935141427549	0	0
Y57A10A.13	F53H4.4	21.614	1.46255698585639	0	0
Y57A10A.13	F53H4.6	23.294	12.356265891501	0	0
Y57A10A.13	F53H8.3	23.394	2.0096532338685	0	0
Y57A10A.13	F54A3.2	27.398	6.94020867294923	0	0
Y57A10A.13	F54A3.5	18.928	21.4790083669917	0	0
Y57A10A.13	F54A3.6	8.364	4.67783827052348	0	0
Y57A10A.13	F54B11.10	16.508	3.20982156710514	0	0
Y57A10A.13	F54B11.11	16.294	3.78786834993522	0	0
Y57A10A.13	F54B11.5	23.096	8.20134742499568	0	0
Y57A10A.13	F54B11.7	15.868	65.1509249461311	0	0
Y57A10A.13	F54B11.8	27.31	2.54360376905043	0	0
Y57A10A.13	F54B11.9	14.242	3.31143272818848	0	0
Y57A10A.13	F54B3.2	20.218	3.16364076601196	0	0
Y57A10A.13	F54B3.4	22.502	7.33836233542571	0	0
Y57A10A.13	F54B8.1	27.032	1.21273369877081	0	0
Y57A10A.13	F54B8.4	18.708	7.48327682424565	0	0
Y57A10A.13	F54C1.1	25.43	5.71317046753095	0	0
Y57A10A.13	F54C1.6	22.542	3.43357343634683	0	0
Y57A10A.13	F54C1.8	21.22	16.6178523461977	0	0
Y57A10A.13	F54C4.4	16.324	4.51112859750902	0	0
Y57A10A.13	F54C8.1	25.026	2.25696238818443	0	0
Y57A10A.13	F54C8.4	5.922	4.27424053785537	0	0
Y57A10A.13	F54C8.6	23.556	0.864083915441593	0	0
Y57A10A.13	F54C8.7	14.716	22.7527019710111	0	0
Y57A10A.13	F54C9.14	16.336	11.4068248092429	0	0
Y57A10A.13	F54C9.3	17.846	2.66581601737972	0	0
Y57A10A.13	F54C9.7	20.618	4.53900743277188	0	0
Y57A10A.13	F54C9.9	29.664	1.90079833358605	0	0
Y57A10A.13	F54D1.1	19.778	7.89552091650672	0	0
Y57A10A.13	F54D1.6	26.522	9.52296993473646	0	0
Y57A10A.13	F54D10.10	21.91	2.808884898469	0	0
Y57A10A.13	F54D10.4	23.692	6.50113953955379	0	0
Y57A10A.13	F54D10.5	22.392	4.65260326609744	0	0
Y57A10A.13	F54D10.7	23.892	10.0145239270559	0	0
Y57A10A.13	F54D10.8	25.526	3.05477859610407	0	0
Y57A10A.13	F54D10.9	26.816	1.78523075733923	0	0
Y57A10A.13	F54D11.4	11.24	14.3018608533999	0	0
Y57A10A.13	F54D12.1	26.01	5.02432995503772	0	0
Y57A10A.13	F54D12.10	25.184	7.09128627743167	0	0
Y57A10A.13	F54D12.2	24.364	4.46340889001661	0	0
Y57A10A.13	F54D12.7	24.48	6.06758610192522	0	0
Y57A10A.13	F54D12.8	16.748	6.04480132917973	0	0
Y57A10A.13	F54D12.9	24.658	9.04141724088583	0	0
Y57A10A.13	F54D5.15	16.388	15.2596649153715	0	0
Y57A10A.13	F54D5.17	15.768	3.24755335725178	0	0
Y57A10A.13	F54D5.2	5.752	4.69627257521448	0	0
Y57A10A.13	F54D5.23	11.728	20.5267585435588	0	0
Y57A10A.13	F54D5.24	20.7	7.22533175913851	0	0
Y57A10A.13	F54D5.3	19.7	16.3553819394385	0	0
Y57A10A.13	F54D5.4	18.344	9.4079719034803	0	0
Y57A10A.13	F54D5.5	13.772	20.448720529692	0	0
Y57A10A.13	F54D5.7	22.22	3.2074982472514	0	0
Y57A10A.13	F54D5.9	22.966	10.7850704139441	0	0
Y57A10A.13	F54D8.10	18.404	8.79426328856408	0	0
Y57A10A.13	F54D8.6	22.476	5.91948000382527	0	0
Y57A10A.13	F54E12.2	23.018	13.7351008260216	0	0
Y57A10A.13	F54E2.1	23.508	3.85971700184857	0	0
Y57A10A.13	F54E2.2	9.314	6.37201717603047	0	0
Y57A10A.13	F54E2.5	14.264	3.48620696212087	0	0
Y57A10A.13	F54E2.9	9.94	1.93776260405012	0	0
Y57A10A.13	F54E4.2	20.844	2.7193229067616	0	0
Y57A10A.13	F54E4.3	21.652	1.02879859280102	0	0
Y57A10A.13	F54E4.4	3.56	4.23216830711218	1	1
Y57A10A.13	F54E7.6	22.056	3.67563126035309	0	0
Y57A10A.13	F54E7.9	26.984	4.2939370312366	0	0
Y57A10A.13	F54F11.1	20.768	0.513435102564187	0	0
Y57A10A.13	F54F12.1	24.68	10.1155899046663	0	0
Y57A10A.13	F54F12.2	16.342	7.10794773834825	0	0
Y57A10A.13	F54F2.14	13.6	7.83993883926783	0	0
Y57A10A.13	F54F2.6	11.808	10.269208512248	0	0
Y57A10A.13	F54F2.7	24.408	8.93269118709456	0	0
Y57A10A.13	F54F2.9	26.538	2.23205518935857	0	0
Y57A10A.13	F54F7.10	25.87	2.85313368183161	0	0
Y57A10A.13	F54F7.14	21.998	17.6432795637725	0	0
Y57A10A.13	F54F7.2	25.31	5.6814883480529	0	0
Y57A10A.13	F54F7.3	22.45	7.89255026847018	0	0
Y57A10A.13	F54F7.6	11.864	21.8581169876925	0	0
Y57A10A.13	F54F7.8	18.346	15.2063363647821	0	0
Y57A10A.13	F54F7.9	21.618	3.94161075155715	0	0
Y57A10A.13	F54G2.1	22.614	18.0975063993077	0	0
Y57A10A.13	F54H12.10	22.402	9.70581906851194	0	0
Y57A10A.13	F54H12.2	23.302	3.76873797578811	0	0
Y57A10A.13	F54H12.3	26.242	5.40938805309078	0	0
Y57A10A.13	F54H12.4	14.914	8.45410322369792	0	0
Y57A10A.13	F54H12.5	26.674	2.85335705419506	0	0
Y57A10A.13	F54H12.7	8.41	60.7124047394668	0	0
Y57A10A.13	F54H12.8	23.978	3.69051807926246	0	0
Y57A10A.13	F54H5.14	22.844	3.97819734361322	0	0
Y57A10A.13	F54H5.2	22.344	4.44624360396481	0	0
Y57A10A.13	F54H5.3	24.092	16.776740404045	0	0
Y57A10A.13	F54H5.5	16.178	13.7713532704862	0	0
Y57A10A.13	F55A11.1	10.88	6.78405959089924	0	0
Y57A10A.13	F55A11.11	8.8	5.38605196643367	0	0
Y57A10A.13	F55A11.4	22.892	14.7336545086052	0	0
Y57A10A.13	F55A11.6	21.636	4.50046067750493	0	0
Y57A10A.13	F55A11.7	14.822	11.4917789813555	0	0
Y57A10A.13	F55A11.8	16.252	2.91035248684622	0	0
Y57A10A.13	F55A12.18	19.486	11.3861237291426	0	0
Y57A10A.13	F55A12.2	14.722	1.72335576445585	0	0
Y57A10A.13	F55A12.5	20.82	3.40188542944927	0	0
Y57A10A.13	F55A12.6	16.09	2.46690917178239	0	0
Y57A10A.13	F55A3.2	4.606	4.73823238928723	1	1
Y57A10A.13	F55A3.6	23.876	4.20842462460139	0	0
Y57A10A.13	F55A4.13	3.732	12.8497286749515	0	0
Y57A10A.13	F55A4.3	23.152	17.5017895382419	0	0
Y57A10A.13	F55A4.7	21.48	3.71900797587925	0	0
Y57A10A.13	F55B11.2	27.618	2.55664745626913	0	0
Y57A10A.13	F55B11.3	26.18	1.28741784158539	0	0
Y57A10A.13	F55B11.4	18.46	7.00119290521742	0	0
Y57A10A.13	F55B11.5	26.936	1.91429882014963	0	0
Y57A10A.13	F55B11.6	14.514	4.81716815659049	0	0
Y57A10A.13	F55B11.7	24.216	9.70272850201474	0	0
Y57A10A.13	F55B12.10	22.208	13.3942532909624	0	0
Y57A10A.13	F55B12.2	22.408	5.27612118025127	0	0
Y57A10A.13	F55C10.4	19.88	9.97492646215599	0	0
Y57A10A.13	F55C10.5	20.768	1.83682028928944	0	0
Y57A10A.13	F55C12.19	22.832	11.6291132136529	0	0
Y57A10A.13	F55C12.2	20.254	4.37439997338114	0	0
Y57A10A.13	F55C12.4	17.338	28.5378969020999	0	0
Y57A10A.13	F55C12.6	20.238	1.60509151780236	0	0
Y57A10A.13	F55C5.10	19.406	1.85709924285003	0	0
Y57A10A.13	F55C5.17	15.172	9.6181806329289	0	0
Y57A10A.13	F55C7.2	11.702	24.0761159404883	0	0
Y57A10A.13	F55C9.11	13.974	4.07385320831478	0	0
Y57A10A.13	F55C9.14	26.818	4.86862708329436	0	0
Y57A10A.13	F55C9.15	25.692	8.85151254518791	0	0
Y57A10A.13	F55C9.3	16.016	4.02773095787755	0	0
Y57A10A.13	F55C9.5	15.738	13.3865772832732	0	0
Y57A10A.13	F55C9.6	24.342	3.29078576124849	0	0
Y57A10A.13	F55D1.1	24.548	12.0138678849781	0	0
Y57A10A.13	F55D10.4	17.252	5.83361017597694	0	0
Y57A10A.13	F55D12.1	17.846	12.7391523478172	0	0
Y57A10A.13	F55D12.2	26.678	2.08355461196075	0	0
Y57A10A.13	F55D12.5	21.362	2.98670712409969	0	0
Y57A10A.13	F55D12.6	17.656	12.0610022055039	0	0
Y57A10A.13	F55E10.1	14.302	3.24335200857728	0	0
Y57A10A.13	F55E10.2	6.056	5.52812932858017	0	0
Y57A10A.13	F55E10.4	13.498	9.39002797358644	0	0
Y57A10A.13	F55F1.2	19.586	8.03595350355452	0	0
Y57A10A.13	F55F10.3	18.88	22.5837855453809	0	0
Y57A10A.13	F55F3.4	27	2.82405889491974	0	0
Y57A10A.13	F55F8.2	25.77	0.894196245386334	0	0
Y57A10A.13	F55F8.3	29.852	1.11490443976464	0	0
Y57A10A.13	F55F8.7	11.03	4.42945911162507	0	0
Y57A10A.13	F55F8.8	22.062	4.96544767032419	0	0
Y57A10A.13	F55G1.1	14.992	7.75919393539782	0	0
Y57A10A.13	F55G1.15	16.542	2.99326830482587	0	0
Y57A10A.13	F55G1.6	20.832	3.22182516869434	0	0
Y57A10A.13	F55G1.7	18.06	9.55265853891937	0	0
Y57A10A.13	F55G11.1	18.348	0.787358450611779	0	0
Y57A10A.13	F55G11.10	26.056	2.45483845220369	0	0
Y57A10A.13	F55G11.2	25.73	1.62282313222798	0	0
Y57A10A.13	F55G11.4	25.684	4.15349980253002	0	0
Y57A10A.13	F55G11.6	21.248	10.5289974431498	0	0
Y57A10A.13	F55G11.7	24.91	3.84927130481513	0	0
Y57A10A.13	F55G11.8	26.536	4.78644073942959	0	0
Y57A10A.13	F55G7.1	15.726	4.98161780607087	0	0
Y57A10A.13	F55G7.3	14.666	5.44041299601305	0	0
Y57A10A.13	F55G7.4	13.286	3.2978716215306	0	0
Y57A10A.13	F55G7.5	16.298	7.06240013219679	0	0
Y57A10A.13	F55H12.2	12.904	10.4152136275976	0	0
Y57A10A.13	F55H12.4	21.822	7.91342271782248	0	0
Y57A10A.13	F55H12.7	18.858	4.36029888664659	0	0
Y57A10A.13	F55H2.5	20.936	2.83014922552123	0	0
Y57A10A.13	F55H2.7	24.214	2.6071377108851	0	0
Y57A10A.13	F55H2.8	13.402	11.1165416912942	0	0
Y57A10A.13	F56A11.4	17.082	2.29037357059269	0	0
Y57A10A.13	F56A11.5	20.162	1.43894784521296	0	0
Y57A10A.13	F56A11.6	23.466	1.30362432049267	0	0
Y57A10A.13	F56A4.10	22.56	2.61299337822509	0	0
Y57A10A.13	F56A4.12	22.744	2.96880886444468	0	0
Y57A10A.13	F56A4.3	26.136	11.3061827575229	0	0
Y57A10A.13	F56A4.4	25.162	3.37207294993342	0	0
Y57A10A.13	F56A6.5	20.53	18.2552330944364	0	0
Y57A10A.13	F56A6.8	28.024	2.89594713723256	0	0
Y57A10A.13	F56A8.3	23.932	5.11533420003963	0	0
Y57A10A.13	F56A8.4	27.46	5.9413779137407	0	0
Y57A10A.13	F56A8.5	26.468	5.06084192010257	0	0
Y57A10A.13	F56A8.8	27.238	2.51632900643548	0	0
Y57A10A.13	F56A8.9	21.272	4.1810504487977	0	0
Y57A10A.13	F56B3.11	26.3	5.09434760397799	0	0
Y57A10A.13	F56B3.2	25.654	4.73522920192018	0	0
Y57A10A.13	F56B3.4	28	3.95373434946286	0	0
Y57A10A.13	F56B3.6	22.398	5.62863731267073	0	0
Y57A10A.13	F56B3.9	12.66	41.6350029056463	0	0
Y57A10A.13	F56B6.6	23.416	2.09119132438071	0	0
Y57A10A.13	F56C11.3	19.594	6.47681221862575	0	0
Y57A10A.13	F56C11.5	24.306	2.56662111803368	0	0
Y57A10A.13	F56C3.1	18.822	6.61981479542156	0	0
Y57A10A.13	F56C3.10	18.932	12.3700323907197	0	0
Y57A10A.13	F56C3.3	19.044	11.7822957508674	0	0
Y57A10A.13	F56C3.4	15.544	21.9951727809512	0	0
Y57A10A.13	F56C3.7	8.224	3.30842103214827	0	0
Y57A10A.13	F56C3.8	18.446	24.9072489739462	0	0
Y57A10A.13	F56C3.9	24.892	8.47887488612093	0	0
Y57A10A.13	F56C4.1	22.618	2.73536160314089	0	0
Y57A10A.13	F56C4.2	25.81	2.83697266073684	0	0
Y57A10A.13	F56C4.4	25.5	2.89147549301744	0	0
Y57A10A.13	F56C9.10	21.414	1.79579568055055	0	0
Y57A10A.13	F56C9.3	22.19	9.10068946602324	0	0
Y57A10A.13	F56C9.6	16.826	21.597506375092	0	0
Y57A10A.13	F56C9.8	18.618	6.43870281597234	0	0
Y57A10A.13	F56D1.1	22.238	12.2383152258451	0	0
Y57A10A.13	F56D2.2	20.904	6.05110468117581	0	0
Y57A10A.13	F56D2.3	20.23	8.41839543762045	0	0
Y57A10A.13	F56D2.5	25.89	6.48030695814644	0	0
Y57A10A.13	F56D2.8	14.982	6.96655247631913	0	0
Y57A10A.13	F56D3.1	19.468	1.16421568293894	0	0
Y57A10A.13	F56D5.2	28.526	2.2792431431157	0	0
Y57A10A.13	F56D5.3	21.894	19.9003669671743	0	0
Y57A10A.13	F56D5.5	26.836	3.85019239073172	0	0
Y57A10A.13	F56D5.6	17.438	10.3262184906381	0	0
Y57A10A.13	F56D5.9	28.936	1.41578172305928	0	0
Y57A10A.13	F56D6.11	21.422	12.7932465872759	0	0
Y57A10A.13	F56D6.12	23.322	10.3943662042621	0	0
Y57A10A.13	F56D6.13	22.786	13.3169465739862	0	0
Y57A10A.13	F56D6.14	14.1	7.4947796328097	0	0
Y57A10A.13	F56D6.18	18.28	2.25154437934975	0	0
Y57A10A.13	F56D6.19	17.056	1.15235201808734	0	0
Y57A10A.13	F56D6.20	1.828	2.16757251161477	1	1
Y57A10A.13	F56D6.21	17.184	33.8225286134178	0	0
Y57A10A.13	F56D6.22	14.572	11.1287907823932	0	0
Y57A10A.13	F56D6.23	19.38	1.40223717664615	0	0
Y57A10A.13	F56D6.6	17.174	35.487928701252	0	0
Y57A10A.13	F56D6.8	19.848	2.35870594982034	0	0
Y57A10A.13	F56D6.9	16.392	2.18105923775027	0	0
Y57A10A.13	F56F10.1	24.462	1.96422751168618	0	0
Y57A10A.13	F56F10.2	7.562	7.75292760293234	0	0
Y57A10A.13	F56F11.1	21.648	6.6100021336654	0	0
Y57A10A.13	F56F11.2	16.686	6.88295764959535	0	0
Y57A10A.13	F56F11.4	24.93	6.58165955844121	0	0
Y57A10A.13	F56F4.3	23.754	3.73781045856778	0	0
Y57A10A.13	F56F4.4	12.604	4.7866355926186	0	0
Y57A10A.13	F56F4.8	19.166	10.7061110027199	0	0
Y57A10A.13	F56G4.6	26.398	3.17476769310429	0	0
Y57A10A.13	F56G4.7	24.278	20.3625051716565	0	0
Y57A10A.13	F56H1.10	25.22	3.22979814943349	0	0
Y57A10A.13	F56H11.2	22.574	10.5638635696516	0	0
Y57A10A.13	F56H6.1	24.566	6.95098981996508	0	0
Y57A10A.13	F56H6.13	24.746	2.70307154897874	0	0
Y57A10A.13	F56H6.2	24.922	9.37047348263697	0	0
Y57A10A.13	F56H6.3	23.802	6.85817030316865	0	0
Y57A10A.13	F56H6.4	20.496	4.33155260239684	0	0
Y57A10A.13	F56H6.7	23.69	13.0454589279765	0	0
Y57A10A.13	F56H6.9	21.134	6.87854873080336	0	0
Y57A10A.13	F56H9.2	17.284	14.4626590198053	0	0
Y57A10A.13	F56H9.6	12.612	57.0716741901931	0	0
Y57A10A.13	F56H9.8	25.232	2.29411981916103	0	0
Y57A10A.13	F57A10.2	25.338	5.32360819621122	0	0
Y57A10A.13	F57A10.4	23.79	5.17450962874289	0	0
Y57A10A.13	F57A8.1	13.818	17.7791976649519	0	0
Y57A10A.13	F57A8.6	5.174	2.93305728103502	0	0
Y57A10A.13	F57B1.1	20.988	2.52309403562788	0	0
Y57A10A.13	F57B1.5	15.024	6.61137183675293	0	0
Y57A10A.13	F57B1.6	23.556	1.31963687943989	0	0
Y57A10A.13	F57B1.9	14.256	4.8213765070825	0	0
Y57A10A.13	F57B10.8	17.432	1.06737325002209	0	0
Y57A10A.13	F57B7.2	6.804	4.18884144319275	0	0
Y57A10A.13	F57B9.1	7.476	5.24883432611017	0	0
Y57A10A.13	F57B9.3	25.214	4.1645986473275	0	0
Y57A10A.13	F57B9.8	16.158	1.24656491700114	0	0
Y57A10A.13	F57C12.2	16.9	0.843065494010352	0	0
Y57A10A.13	F57C12.6	21.92	11.2396297980981	0	0
Y57A10A.13	F57C2.4	15.568	4.0066467079964	0	0
Y57A10A.13	F57C2.5	23.632	5.11968640821042	0	0
Y57A10A.13	F57C7.4	26.466	4.19010981087315	0	0
Y57A10A.13	F57C9.4	24.584	0.790639357699927	0	0
Y57A10A.13	F57C9.6	20.384	10.9231987285881	0	0
Y57A10A.13	F57E7.2	7.828	6.73031584712431	0	0
Y57A10A.13	F57E7.4	26.754	6.03040795322438	0	0
Y57A10A.13	F57F4.1	25.116	6.09196855549716	0	0
Y57A10A.13	F57F4.2	18.994	3.1526560885619	0	0
Y57A10A.13	F57F5.3	11.886	6.95726184533566	0	0
Y57A10A.13	F57G12.1	22.714	9.99085888790065	0	0
Y57A10A.13	F57G12.2	19.948	15.5843041223233	0	0
Y57A10A.13	F57G4.1	19.796	13.3939083119281	0	0
Y57A10A.13	F57G4.10	18.174	3.41403964801888	0	0
Y57A10A.13	F57G4.11	27.27	2.9991311669369	0	0
Y57A10A.13	F57G8.7	22.36	9.21705838178565	0	0
Y57A10A.13	F57G9.3	18.73	6.65207359881027	0	0
Y57A10A.13	F57G9.7	20.412	17.6207346718816	0	0
Y57A10A.13	F57H12.5	22.916	1.70315395533914	0	0
Y57A10A.13	F57H12.6	26.648	5.66686414195219	0	0
Y57A10A.13	F58A3.3	23.638	4.06867588924512	0	0
Y57A10A.13	F58A3.4	27.19	5.85357579276958	0	0
Y57A10A.13	F58A4.1	17.728	8.48010446362082	0	0
Y57A10A.13	F58A4.2	14.504	4.37378452078898	0	0
Y57A10A.13	F58A4.6	23.91	7.91111244640342	0	0
Y57A10A.13	F58A6.1	13.584	2.04514787006881	0	0
Y57A10A.13	F58A6.2	15.238	2.13630618537833	0	0
Y57A10A.13	F58A6.5	18.908	2.82674559301348	0	0
Y57A10A.13	F58B3.4	29.538	1.86621994578817	0	0
Y57A10A.13	F58B3.6	24.766	3.69503357426085	0	0
Y57A10A.13	F58B4.2	24.716	12.1032304520396	0	0
Y57A10A.13	F58B4.3	27.742	2.20140111891946	0	0
Y57A10A.13	F58B4.5	25.044	1.32510143563258	0	0
Y57A10A.13	F58B4.6	27.53	2.77635224032276	0	0
Y57A10A.13	F58B4.7	15.052	12.5597571370344	0	0
Y57A10A.13	F58B6.1	21.192	9.97074479346154	0	0
Y57A10A.13	F58B6.11	6.916	5.62201740643413	0	0
Y57A10A.13	F58D12.1	19.474	2.44079770054982	0	0
Y57A10A.13	F58D12.3	27.642	2.25233832124265	0	0
Y57A10A.13	F58D12.5	23.602	9.64250033084304	0	0
Y57A10A.13	F58D2.2	18.716	4.73793813908384	0	0
Y57A10A.13	F58D2.3	28.192	1.9420848358883	0	0
Y57A10A.13	F58D2.4	15.404	7.45904220710503	0	0
Y57A10A.13	F58D2.5	21.002	10.968269435253	0	0
Y57A10A.13	F58D5.2	9.474	3.08602099499339	0	0
Y57A10A.13	F58D5.3	15.824	3.93554086115619	0	0
Y57A10A.13	F58D5.5	19.486	11.453637124625	0	0
Y57A10A.13	F58D5.7	25.78	2.6631083891692	0	0
Y57A10A.13	F58D5.8	25.48	6.78515700384577	0	0
Y57A10A.13	F58D5.9	17.44	43.109791042478	0	0
Y57A10A.13	F58E1.13	18.022	27.6912829801493	0	0
Y57A10A.13	F58E2.2	27.98	1.85726716428116	0	0
Y57A10A.13	F58E2.3	25.506	13.0515889170326	0	0
Y57A10A.13	F58E2.4	26.802	3.97733962608724	0	0
Y57A10A.13	F58E2.5	26.268	0.82021094532676	0	0
Y57A10A.13	F58E6.11	14.058	1.98053874580109	0	0
Y57A10A.13	F58E6.13	23.37	14.2720198708903	0	0
Y57A10A.13	F58E6.4	24.074	1.22154532030989	0	0
Y57A10A.13	F58E6.5	15.13	34.5529600268664	0	0
Y57A10A.13	F58E6.6	25.75	3.34736106374182	0	0
Y57A10A.13	F58E6.8	24.272	10.7317760885257	0	0
Y57A10A.13	F58F12.1	24.298	8.30347253118274	0	0
Y57A10A.13	F58F12.12	18.836	12.7270945898158	0	0
Y57A10A.13	F58F12.2	25.46	7.67858613679946	0	0
Y57A10A.13	F58F12.3	22.214	12.6636342569497	0	0
Y57A10A.13	F58F6.5	19.154	1.01679157315737	0	0
Y57A10A.13	F58F6.6	19.548	9.45457430949883	0	0
Y57A10A.13	F58F9.1	21.436	19.8684998247375	0	0
Y57A10A.13	F58F9.3	26.986	4.32595827801039	0	0
Y57A10A.13	F58F9.4	27.594	4.4457341611824	0	0
Y57A10A.13	F58F9.6	18.332	7.93786871672826	0	0
Y57A10A.13	F58F9.8	25.582	7.34893799992733	0	0
Y57A10A.13	F58F9.9	25.616	3.55274604063214	0	0
Y57A10A.13	F58G1.2	22.59	7.07482122566551	0	0
Y57A10A.13	F58G1.3	25.928	2.43078493167316	0	0
Y57A10A.13	F58G1.7	20.166	1.49531893478566	0	0
Y57A10A.13	F58G1.8	9.27	3.82233391942321	0	0
Y57A10A.13	F58G11.4	21.142	2.08261617293555	0	0
Y57A10A.13	F58G6.3	20.304	1.74185633166923	0	0
Y57A10A.13	F58G6.7	22.892	10.0157623697694	0	0
Y57A10A.13	F58H1.2	13.738	3.59095538206049	0	0
Y57A10A.13	F58H1.3	22.064	3.44342159151608	0	0
Y57A10A.13	F58H1.5	16.526	19.5488744646289	0	0
Y57A10A.13	F58H1.6	24.106	8.58189177306705	0	0
Y57A10A.13	F58H1.7	24.278	3.65003136192772	0	0
Y57A10A.13	F58H1.8	21.468	4.30696310968771	0	0
Y57A10A.13	F58H10.1	17	15.4663380428836	0	0
Y57A10A.13	F58H7.1	21.138	0.661807248145086	0	0
Y57A10A.13	F58H7.5	19.776	10.7561755365329	0	0
Y57A10A.13	F59A1.11	10.17	10.437412085777	0	0
Y57A10A.13	F59A1.12	13.668	2.35400381061635	0	0
Y57A10A.13	F59A1.13	22.62	6.98664766229475	0	0
Y57A10A.13	F59A1.15	20.292	3.1039677047926	0	0
Y57A10A.13	F59A1.16	19.938	6.63488974094447	0	0
Y57A10A.13	F59A1.18	17.764	4.24832309295429	0	0
Y57A10A.13	F59A1.6	26.384	1.86386498492824	0	0
Y57A10A.13	F59A2.5	7.764	4.54335867858756	0	0
Y57A10A.13	F59A3.10	13.046	2.76828865533261	0	0
Y57A10A.13	F59A3.12	23.588	3.27267486904331	0	0
Y57A10A.13	F59A3.13	19.062	4.00788471358568	0	0
Y57A10A.13	F59A3.2	20.376	15.8204841909127	0	0
Y57A10A.13	F59A3.7	19.04	6.87533903099964	0	0
Y57A10A.13	F59A3.8	18.698	47.6453630765378	0	0
Y57A10A.13	F59A6.10	1.214	0.939188982783475	1	1
Y57A10A.13	F59A6.11	24.756	11.9279569798537	0	0
Y57A10A.13	F59A6.12	27.406	6.4303734422621	0	0
Y57A10A.13	F59A6.13	6.372	7.07817112067895	0	0
Y57A10A.13	F59A6.2	26.078	5.10494023488774	0	0
Y57A10A.13	F59A6.3	26.002	3.41506994224929	0	0
Y57A10A.13	F59A6.4	23.95	16.5608906861234	0	0
Y57A10A.13	F59A7.11	10.7	36.3476916185716	0	0
Y57A10A.13	F59A7.12	12.996	36.0350606625915	0	0
Y57A10A.13	F59A7.14	11.548	7.50520125008442	0	0
Y57A10A.13	F59A7.2	10.452	10.6471795396827	0	0
Y57A10A.13	F59A7.5	17.514	7.73088218562788	0	0
Y57A10A.13	F59A7.7	4.74	3.43435033672989	1	1
Y57A10A.13	F59B1.10	25.082	6.28995686970353	0	0
Y57A10A.13	F59B1.2	20.112	12.8595083189529	0	0
Y57A10A.13	F59B1.4	22.966	9.21426213915446	0	0
Y57A10A.13	F59B1.6	24.654	3.16360479806264	0	0
Y57A10A.13	F59B1.8	21.72	1.50038404574589	0	0
Y57A10A.13	F59B10.2	22.82	4.12338720287388	0	0
Y57A10A.13	F59B10.3	18.112	3.99045763176767	0	0
Y57A10A.13	F59B10.4	19.718	4.75741536552733	0	0
Y57A10A.13	F59B10.5	12.94	7.85825274737939	0	0
Y57A10A.13	F59B10.6	29.07	2.21431111384712	0	0
Y57A10A.13	F59B2.12	28.494	0.414211486595649	0	0
Y57A10A.13	F59B2.13	22.1	7.174264866191	0	0
Y57A10A.13	F59B2.14	18.462	2.72699621896815	0	0
Y57A10A.13	F59B2.15	12.038	19.7173738886592	0	0
Y57A10A.13	F59B2.3	26.608	7.7103782391479	0	0
Y57A10A.13	F59B2.8	19.8	1.80621765073209	0	0
Y57A10A.13	F59B2.9	19.348	10.9501568838343	0	0
Y57A10A.13	F59B8.1	21.132	25.3788379319463	0	0
Y57A10A.13	F59C12.3	23.852	12.0119701151236	0	0
Y57A10A.13	F59C12.4	16.758	7.80136225152841	0	0
Y57A10A.13	F59C6.12	26.32	2.67189395966513	0	0
Y57A10A.13	F59C6.16	12.604	0.702057182025672	0	0
Y57A10A.13	F59C6.18	12.34	9.37006110564105	0	0
Y57A10A.13	F59C6.3	17.118	1.48156256423857	0	0
Y57A10A.13	F59C6.8	18.332	15.0126609221411	0	0
Y57A10A.13	F59D12.2	20.702	6.52096594553768	0	0
Y57A10A.13	F59D12.3	17.016	9.12456786220081	0	0
Y57A10A.13	F59D12.5	24.464	2.90489955767847	0	0
Y57A10A.13	F59D6.1	18.166	4.48793952062716	0	0
Y57A10A.13	F59E11.2	7.946	2.63172907153277	0	0
Y57A10A.13	F59E11.5	21.904	4.30001729359502	0	0
Y57A10A.13	F59E11.6	18.626	12.9808052693724	0	0
Y57A10A.13	F59E11.7	11.578	2.89721894575669	0	0
Y57A10A.13	F59E12.1	24.422	6.45241065182347	0	0
Y57A10A.13	F59E12.15	22.73	4.80570587045187	0	0
Y57A10A.13	F59E12.17	7.436	6.7906864386624	0	0
Y57A10A.13	F59E12.3	14.736	6.62724626481982	0	0
Y57A10A.13	F59E12.6	20.14	4.66746075158119	0	0
Y57A10A.13	F59E12.8	25.162	6.40047493773271	0	0
Y57A10A.13	F59E12.9	14.396	10.9451799962644	0	0
Y57A10A.13	F59F3.6	19.932	1.36543268272628	0	0
Y57A10A.13	F59F4.3	10.246	13.261374824723	0	0
Y57A10A.13	F59F5.3	26.518	0.724586235732736	0	0
Y57A10A.13	F59F5.4	21.396	7.6634592822793	0	0
Y57A10A.13	F59F5.5	17.814	2.7713606503337	0	0
Y57A10A.13	F59F5.7	23.57	4.17650985408138	0	0
Y57A10A.13	F59G1.4	14.194	5.32290351203092	0	0
Y57A10A.13	F59G1.8	20.842	10.4805037147177	0	0
Y57A10A.13	F59H6.14	26.59	3.56593633655623	0	0
Y57A10A.13	F59H6.15	17.528	11.2440389339756	0	0
Y57A10A.13	H01G02.1	17.01	14.9630287458307	0	0
Y57A10A.13	H01G02.3	1.502	4.0879045094564	1	1
Y57A10A.13	H01G02.4	20.564	6.2035968039255	0	0
Y57A10A.13	H01M10.1	17.596	27.6499674648666	0	0
Y57A10A.13	H01M10.2	23.852	3.88576772743593	0	0
Y57A10A.13	H02F09.2	19.068	16.6874349053108	0	0
Y57A10A.13	H02F09.3	24.356	10.09561487943	0	0
Y57A10A.13	H03A11.2	10.816	7.08978496466014	0	0
Y57A10A.13	H03E18.1	25.046	1.68866116909831	0	0
Y57A10A.13	H03E18.2	17.896	20.3231008804161	0	0
Y57A10A.13	H03G16.1	19.928	17.9497526006169	0	0
Y57A10A.13	H03G16.5	17.708	1.54158299065877	0	0
Y57A10A.13	H03G16.6	21.244	10.9412343472953	0	0
Y57A10A.13	H03G16.7	12.56	9.85783257916003	0	0
Y57A10A.13	H04D03.2	19.97	6.42885273198234	0	0
Y57A10A.13	H04D03.4	27.542	3.14651841177103	0	0
Y57A10A.13	H04D03.6	14.996	5.80051222823108	0	0
Y57A10A.13	H04D03.7	25.7	2.9831951723086	0	0
Y57A10A.13	H04J21.1	24.838	8.98018239112536	0	0
Y57A10A.13	H04J21.4	22.414	2.48457735117629	0	0
Y57A10A.13	H04M03.11	17.018	2.52516438429304	0	0
Y57A10A.13	H04M03.12	22.226	2.49222701895748	0	0
Y57A10A.13	H04M03.3	22.806	5.28152261385486	0	0
Y57A10A.13	H05C05.1	18.912	10.0377889649995	0	0
Y57A10A.13	H05C05.2	6.32	5.56840644138221	0	0
Y57A10A.13	H05C05.4	16.832	1.72311359736668	0	0
Y57A10A.13	H05L14.1	26.196	1.72661935673856	0	0
Y57A10A.13	H05L14.2	26.136	2.08403502554322	0	0
Y57A10A.13	H05L14.3	23.636	9.89421108684054	0	0
Y57A10A.13	H06A10.1	17.964	1.46362639200078	0	0
Y57A10A.13	H06H21.11	25.18	23.2555063686843	0	0
Y57A10A.13	H06H21.37	22.728	18.1162673340517	0	0
Y57A10A.13	H06H21.8	24.07	4.96716279867456	0	0
Y57A10A.13	H06I04.3	27.874	2.30354572836148	0	0
Y57A10A.13	H06I04.6	5.11	4.87865004396004	0	0
Y57A10A.13	H08J19.1	22.494	5.7583007565163	0	0
Y57A10A.13	H08M01.1	21.276	6.07587232252526	0	0
Y57A10A.13	H09F14.1	18.334	1.04461783526773	0	0
Y57A10A.13	H10D18.1	17.672	1.57144001427884	0	0
Y57A10A.13	H10D18.5	20.55	2.37447647664347	0	0
Y57A10A.13	H10E21.1	19.492	22.9152743360384	0	0
Y57A10A.13	H10E21.4	22.798	13.6262148716472	0	0
Y57A10A.13	H10E21.5	22.256	2.59839697386182	0	0
Y57A10A.13	H11E01.2	19.554	13.8208660425988	0	0
Y57A10A.13	H11E01.3	17.736	19.726769131249	0	0
Y57A10A.13	H11L12.1	17.882	3.40009469964492	0	0
Y57A10A.13	H12C20.7	23.39	8.62314299998205	0	0
Y57A10A.13	H12D21.10	27.148	3.9566823966307	0	0
Y57A10A.13	H12D21.11	15.64	4.49325204176436	0	0
Y57A10A.13	H12D21.2	21.616	11.0487147639428	0	0
Y57A10A.13	H12D21.3	9.44	12.1365208314167	0	0
Y57A10A.13	H12D21.5	14.938	8.68400221102999	0	0
Y57A10A.13	H12D21.6	14.516	15.8132995305351	0	0
Y57A10A.13	H12D21.9	4.268	7.62903292476952	1	1
Y57A10A.13	H12I13.1	27.288	3.266382535229	0	0
Y57A10A.13	H12I13.6	19.296	12.5862757665283	0	0
Y57A10A.13	H12I19.115	5.268	18.3431616006577	0	0
Y57A10A.13	H13N06.2	24.9	3.36727290220957	0	0
Y57A10A.13	H13N06.7	15.118	5.60926996897598	0	0
Y57A10A.13	H14A12.3	26.96	1.71648159676062	0	0
Y57A10A.13	H14A12.5	19.048	4.39196940921411	0	0
Y57A10A.13	H14E04.2	21.59	3.2231622830397	0	0
Y57A10A.13	H14E04.3	22.034	7.53446751392281	0	0
Y57A10A.13	H14N18.2	20.086	4.15609572643418	0	0
Y57A10A.13	H14N18.4	23.088	3.95740145182961	0	0
Y57A10A.13	H16D19.3	23.584	6.08434554842496	0	0
Y57A10A.13	H17B01.2	20.132	1.95161672083445	0	0
Y57A10A.13	H17B01.5	15.832	15.189958420193	0	0
Y57A10A.13	H18N23.2	18.982	13.3921584974313	0	0
Y57A10A.13	H19J13.2	22.356	2.21960851187117	0	0
Y57A10A.13	H20E11.1	17.976	1.89042881392475	0	0
Y57A10A.13	H20E11.2	26.576	2.34844741585358	0	0
Y57A10A.13	H20E11.3	23.746	2.32393821610995	0	0
Y57A10A.13	H20J04.1	27.412	2.00797864763841	0	0
Y57A10A.13	H20J04.4	4.314	6.4168113574293	1	1
Y57A10A.13	H20J04.6	22.858	7.75978008556303	0	0
Y57A10A.13	H20J04.7	9.386	4.55931079520662	0	0
Y57A10A.13	H20J04.9	24.916	6.91284835017321	0	0
Y57A10A.13	H21P03.10	18.142	8.80754161330781	0	0
Y57A10A.13	H23L24.1	26.806	2.34986478663369	0	0
Y57A10A.13	H23L24.4	10.808	3.19603323140852	0	0
Y57A10A.13	H23N18.5	25.892	8.24990011437452	0	0
Y57A10A.13	H23N18.6	16.296	4.36911001762056	0	0
Y57A10A.13	H24K24.2	27.662	2.87646728802926	0	0
Y57A10A.13	H25K10.1	23.884	2.56267902112353	0	0
Y57A10A.13	H25K10.2	21.648	8.15402212717022	0	0
Y57A10A.13	H25K10.4	20.078	15.7117391478937	0	0
Y57A10A.13	H25P06.5	27.514	4.20988991951952	0	0
Y57A10A.13	H25P19.1	3.412	3.04157709592488	1	1
Y57A10A.13	H27A22.1	25.308	3.59986697595348	0	0
Y57A10A.13	H27M09.5	14.252	45.4111627730684	0	0
Y57A10A.13	H28G03.2	10.29	8.25415641111218	0	0
Y57A10A.13	H28G03.3	5.692	1.01988231016866	0	0
Y57A10A.13	H29C22.1	17.122	5.65790569382844	0	0
Y57A10A.13	H31B20.2	9.604	19.2269779462871	0	0
Y57A10A.13	H31G24.1	17.468	6.74008020394958	0	0
Y57A10A.13	H31G24.3	24.992	5.59631671725884	0	0
Y57A10A.13	H32C10.1	22.056	2.30039717318196	0	0
Y57A10A.13	H32K16.2	13.878	11.350830315086	0	0
Y57A10A.13	H34I24.1	7.7	114.205587318372	0	0
Y57A10A.13	H34I24.2	21.594	16.1979022277395	0	0
Y57A10A.13	H35B03.1	22.976	14.3463044523902	0	0
Y57A10A.13	H35B03.2	22.7	10.0576652483091	0	0
Y57A10A.13	H35N09.1	13.118	7.45106193337955	0	0
Y57A10A.13	H35N09.2	27.21	1.39581984673524	0	0
Y57A10A.13	H37A05.2	25.876	4.78402213347281	0	0
Y57A10A.13	H37A05.4	14.138	10.432983831931	0	0
Y57A10A.13	H38K22.6	17.142	13.539440250507	0	0
Y57A10A.13	H38K22.7	20.776	3.94489488637996	0	0
Y57A10A.13	H38K22.9	8.328	10.2542395231869	0	0
Y57A10A.13	H39E20.1	11.936	20.8972813410013	0	0
Y57A10A.13	H39E23.2	23.736	9.64114862577716	0	0
Y57A10A.13	H39E23.3	23.962	2.18079042326926	0	0
Y57A10A.13	H40L08.1	12.526	16.7942426431225	0	0
Y57A10A.13	H40L08.2	18.862	4.42544534219862	0	0
Y57A10A.13	H40L08.3	28.294	0.813123659247911	0	0
Y57A10A.13	H40L08.7	18.704	17.7995275514404	0	0
Y57A10A.13	H40L08.8	4.534	20.0236245308833	0	0
Y57A10A.13	H40L08.9	20.628	12.7101258987101	0	0
Y57A10A.13	H41C03.1	15.984	6.90694657508447	0	0
Y57A10A.13	H41C03.2	23.158	2.55801455194161	0	0
Y57A10A.13	H41C03.3	23.31	1.86602858609451	0	0
Y57A10A.13	H42K12.3	20.264	13.4402518379704	0	0
Y57A10A.13	H43E16.1	26.592	4.1922230199071	0	0
Y57A10A.13	H43I07.1	26.294	6.23429975754576	0	0
Y57A10A.13	H43I07.4	12.14	11.493374527114	0	0
Y57A10A.13	JC8.16	17.698	3.37662549838094	0	0
Y57A10A.13	JC8.4	18.264	3.27202993601017	0	0
Y57A10A.13	JC8.7	25.038	3.75953715514059	0	0
Y57A10A.13	K01A11.1	24.994	2.89794938005503	0	0
Y57A10A.13	K01A11.3	18.764	26.9591738268258	0	0
Y57A10A.13	K01A12.2	11.068	3.40371078510187	0	0
Y57A10A.13	K01A12.3	19.718	2.11774186188221	0	0
Y57A10A.13	K01A12.4	13.916	2.7005303313681	0	0
Y57A10A.13	K01A2.10	18.816	5.4429657033531	0	0
Y57A10A.13	K01A2.12	10.516	8.20191867636034	0	0
Y57A10A.13	K01A2.4	10.644	64.8072305277847	0	0
Y57A10A.13	K01A2.5	23.544	17.882639265561	0	0
Y57A10A.13	K01A2.6	13.608	3.7059192910237	0	0
Y57A10A.13	K01A6.4	12.328	2.59787082127406	0	0
Y57A10A.13	K01A6.5	14.726	11.1944401156247	0	0
Y57A10A.13	K01A6.6	22.834	2.30505559399803	0	0
Y57A10A.13	K01A6.7	12.85	20.6293946560411	0	0
Y57A10A.13	K01A6.8	7.792	6.41067465834895	0	0
Y57A10A.13	K01B6.3	24.32	4.38263348327253	0	0
Y57A10A.13	K01B6.4	21.916	3.42498514302319	0	0
Y57A10A.13	K01C8.2	21.036	11.4907031392693	0	0
Y57A10A.13	K01D12.1	18.206	11.393178239243	0	0
Y57A10A.13	K01D12.10	21.784	9.7296177975754	0	0
Y57A10A.13	K01D12.15	12.392	2.99363861389296	0	0
Y57A10A.13	K01D12.20	7.136	21.4352242050328	0	0
Y57A10A.13	K01D12.5	12.032	3.40727570646358	0	0
Y57A10A.13	K01D12.8	20.152	5.53271592796737	0	0
Y57A10A.13	K01D12.9	16.63	19.1678221387361	0	0
Y57A10A.13	K01F9.2	22.684	6.33733218793984	0	0
Y57A10A.13	K01G12.22	24.004	6.79102049762374	0	0
Y57A10A.13	K01G12.3	12.216	7.93124425034109	0	0
Y57A10A.13	K01G5.10	23.206	3.90295918082887	0	0
Y57A10A.13	K01G5.8	13.92	6.88344360126995	0	0
Y57A10A.13	K01H12.4	8.304	4.54797533377452	0	0
Y57A10A.13	K02A11.2	25.844	2.1522186239737	0	0
Y57A10A.13	K02A2.1	26.06	1.97574300258726	0	0
Y57A10A.13	K02A2.5	10.304	4.9436315431063	0	0
Y57A10A.13	K02A2.6	25.368	0.726543370670289	0	0
Y57A10A.13	K02A6.3	20.964	9.24378641730354	0	0
Y57A10A.13	K02B12.2	18.166	12.4502341210042	0	0
Y57A10A.13	K02B12.6	12.594	9.66085538879311	0	0
Y57A10A.13	K02B12.7	10.562	27.0678908510862	0	0
Y57A10A.13	K02B12.9	11.968	9.94518275152965	0	0
Y57A10A.13	K02B2.6	13.646	4.84756191790665	0	0
Y57A10A.13	K02B7.3	18.474	1.5159335623294	0	0
Y57A10A.13	K02C4.2	17.4	25.6074954552481	0	0
Y57A10A.13	K02C4.3	26.51	8.09060482727797	0	0
Y57A10A.13	K02C4.5	16.616	18.8955602435091	0	0
Y57A10A.13	K02D10.1	7.324	4.70866044998634	0	0
Y57A10A.13	K02D10.2	14.202	12.4337997331344	0	0
Y57A10A.13	K02D10.3	15.274	8.37060688502736	0	0
Y57A10A.13	K02D10.4	19.838	24.4279458078802	0	0
Y57A10A.13	K02D10.8	20.364	2.89801867343516	0	0
Y57A10A.13	K02D3.1	20.994	2.19771937999326	0	0
Y57A10A.13	K02D3.2	24.574	7.17904979271886	0	0
Y57A10A.13	K02E10.4	7.932	8.90809889926898	0	0
Y57A10A.13	K02E10.5	23.714	8.80319439587857	0	0
Y57A10A.13	K02E10.6	7.782	2.61525367358318	0	0
Y57A10A.13	K02E10.7	23.814	5.58531310722651	0	0
Y57A10A.13	K02E11.10	19.164	11.2140728080415	0	0
Y57A10A.13	K02E11.3	21.554	4.18001576724757	0	0
Y57A10A.13	K02E11.4	19.718	51.532007015236	0	0
Y57A10A.13	K02E11.5	22.734	5.71048588393727	0	0
Y57A10A.13	K02E11.6	16.588	1.1591261364634	0	0
Y57A10A.13	K02E11.7	24.586	11.1312824709584	0	0
Y57A10A.13	K02E2.1	23.468	8.80715168027362	0	0
Y57A10A.13	K02E2.11	11.636	5.86556719702322	0	0
Y57A10A.13	K02E2.6	23.948	8.73500094277256	0	0
Y57A10A.13	K02E2.7	23.248	15.4195084555788	0	0
Y57A10A.13	K02E2.8	27.122	2.15879480184982	0	0
Y57A10A.13	K02E7.1	17.128	3.36946620022745	0	0
Y57A10A.13	K02E7.10	19.124	3.06436419954434	0	0
Y57A10A.13	K02E7.11	20.934	3.87233951051399	0	0
Y57A10A.13	K02E7.12	7.228	6.06175722201122	0	0
Y57A10A.13	K02E7.4	19.868	13.7912227989294	0	0
Y57A10A.13	K02E7.7	14.158	6.30588902905369	0	0
Y57A10A.13	K02F2.5	15.844	5.14372880693281	0	0
Y57A10A.13	K02F3.12	21.356	13.5611286692966	0	0
Y57A10A.13	K02F3.2	27.492	3.90742745802315	0	0
Y57A10A.13	K02F3.9	18.55	7.58605692061956	0	0
Y57A10A.13	K02F6.1	24.754	10.9388748382672	0	0
Y57A10A.13	K02F6.3	27.422	2.09064794507724	0	0
Y57A10A.13	K02F6.4	28.252	1.90667669059112	0	0
Y57A10A.13	K02F6.5	26.272	12.2192324581071	0	0
Y57A10A.13	K02F6.6	22.31	18.3621248112569	0	0
Y57A10A.13	K02F6.7	20.946	10.6941979204553	0	0
Y57A10A.13	K02F6.8	21.778	7.07310048347115	0	0
Y57A10A.13	K02G10.15	15.312	4.14113047929137	0	0
Y57A10A.13	K02G10.5	19.638	2.12758808873334	0	0
Y57A10A.13	K02H11.4	22.196	2.80717721263903	0	0
Y57A10A.13	K02H11.9	26.768	2.55928474131883	0	0
Y57A10A.13	K03A1.4	16.254	4.64584563421619	0	0
Y57A10A.13	K03A11.1	21.104	8.6652937764361	0	0
Y57A10A.13	K03A11.4	26.15	5.05424294912025	0	0
Y57A10A.13	K03A11.5	19.818	7.76755095915574	0	0
Y57A10A.13	K03A11.6	22.762	25.1829138711762	0	0
Y57A10A.13	K03B4.1	22.39	3.33733010924008	0	0
Y57A10A.13	K03B4.2	15.284	11.4072372931615	0	0
Y57A10A.13	K03B4.4	21.39	4.34141196939474	0	0
Y57A10A.13	K03B4.6	20.482	9.60936199294274	0	0
Y57A10A.13	K03B4.8	25.674	6.49095319655746	0	0
Y57A10A.13	K03B4.9	24.64	0.991207365407449	0	0
Y57A10A.13	K03B8.11	14.332	9.59123855779074	0	0
Y57A10A.13	K03B8.14	16.168	19.0673577814618	0	0
Y57A10A.13	K03B8.4	17.212	15.3732744395843	0	0
Y57A10A.13	K03B8.6	15.844	4.49973229566977	0	0
Y57A10A.13	K03B8.8	14.982	1.11028580356475	0	0
Y57A10A.13	K03D3.2	27.008	2.69126275319902	0	0
Y57A10A.13	K03D3.5	25.702	5.29959270802832	0	0
Y57A10A.13	K03H1.11	22.522	4.67987699818621	0	0
Y57A10A.13	K03H1.12	10.608	4.1049565073204	0	0
Y57A10A.13	K03H1.13	22.412	3.09022900720239	0	0
Y57A10A.13	K03H1.5	28.874	1.59962806295776	0	0
Y57A10A.13	K03H1.7	12.76	7.16516982435486	0	0
Y57A10A.13	K03H1.9	22.366	10.7713222972429	0	0
Y57A10A.13	K03H6.1	24.276	6.07100764199228	0	0
Y57A10A.13	K03H6.4	9.386	6.06333432573029	0	0
Y57A10A.13	K03H6.5	14.772	2.32068712277994	0	0
Y57A10A.13	K03H9.3	27.37	8.81609419472747	0	0
Y57A10A.13	K04A8.1	21.058	8.13585514589519	0	0
Y57A10A.13	K04A8.19	24.802	9.65146545493214	0	0
Y57A10A.13	K04A8.20	24.152	17.2167900357358	0	0
Y57A10A.13	K04B12.2	24.412	4.1641327237245	0	0
Y57A10A.13	K04C1.2	20.688	5.18160358100401	0	0
Y57A10A.13	K04C1.3	26.818	4.34704890957315	0	0
Y57A10A.13	K04C1.5	23.71	1.85575706452974	0	0
Y57A10A.13	K04C2.2	24.768	7.84928788077273	0	0
Y57A10A.13	K04C2.3	21.486	4.83841406788243	0	0
Y57A10A.13	K04C2.5	22.878	15.8656095377419	0	0
Y57A10A.13	K04C2.7	19.41	14.261179870274	0	0
Y57A10A.13	K04C2.8	24.558	2.55181105474841	0	0
Y57A10A.13	K04D7.6	20.876	2.20754477011629	0	0
Y57A10A.13	K04E7.1	18.41	3.31208065604044	0	0
Y57A10A.13	K04F1.8	12.14	17.9519701382562	0	0
Y57A10A.13	K04F1.9	16.438	6.15158358755934	0	0
Y57A10A.13	K04F10.1	22.362	4.96834832298707	0	0
Y57A10A.13	K04F10.2	9.448	3.86752631383888	0	0
Y57A10A.13	K04F10.3	21.456	3.20380395081112	0	0
Y57A10A.13	K04F10.7	20.018	14.6228566468268	0	0
Y57A10A.13	K04G11.1	25.618	3.48193989859614	0	0
Y57A10A.13	K04G11.3	27.082	7.17148572063958	0	0
Y57A10A.13	K04G2.10	24.392	4.69289971441092	0	0
Y57A10A.13	K04G2.12	21.232	2.59671601381411	0	0
Y57A10A.13	K04G2.4	5.676	37.1604118419037	0	0
Y57A10A.13	K04G2.7	21.178	15.3323561539588	0	0
Y57A10A.13	K04G2.9	9.108	2.80930018971144	0	0
Y57A10A.13	K04G7.1	22.362	11.9513820471776	0	0
Y57A10A.13	K04H4.2	24.75	4.17854749371464	0	0
Y57A10A.13	K04H4.5	18.138	16.9374781636958	0	0
Y57A10A.13	K04H8.2	28.436	1.89730729946081	0	0
Y57A10A.13	K04H8.3	5.036	7.67339952934679	0	0
Y57A10A.13	K05B2.2	26.392	5.61008918306809	0	0
Y57A10A.13	K05B2.4	24.13	5.79072096861581	0	0
Y57A10A.13	K05C4.10	22.12	3.66547048835886	0	0
Y57A10A.13	K05C4.2	15.878	2.54014165099386	0	0
Y57A10A.13	K05C4.3	17.38	16.7201346034109	0	0
Y57A10A.13	K05C4.4	22.166	2.18712860864185	0	0
Y57A10A.13	K05C4.5	25.982	2.55959446434367	0	0
Y57A10A.13	K05C4.7	22.638	6.5304679861865	0	0
Y57A10A.13	K05C4.8	13.122	8.38033936714008	0	0
Y57A10A.13	K05C4.9	11.408	1.76124536092073	0	0
Y57A10A.13	K05D4.9	20.43	3.85553835465438	0	0
Y57A10A.13	K05F1.1	26.078	3.48335257047662	0	0
Y57A10A.13	K05F1.10	22.584	7.09880308011125	0	0
Y57A10A.13	K05F1.13	17.18	1.84021361577849	0	0
Y57A10A.13	K05F1.14	22.09	3.01508842106776	0	0
Y57A10A.13	K05F1.6	20.634	8.16053027520312	0	0
Y57A10A.13	K05F1.8	11.558	4.61704840272095	0	0
Y57A10A.13	K05F1.9	13.68	12.1079422904701	0	0
Y57A10A.13	K05F6.10	16.014	17.8830254878777	0	0
Y57A10A.13	K05F6.12	22.394	6.56954182948081	0	0
Y57A10A.13	K05F6.14	24.14	11.9852614998284	0	0
Y57A10A.13	K05F6.4	18.718	1.66706733563847	0	0
Y57A10A.13	K05F6.8	24.926	20.5503698411692	0	0
Y57A10A.13	K05G3.1	22.892	21.5010435729598	0	0
Y57A10A.13	K05G3.2	12.1	13.6304770665274	0	0
Y57A10A.13	K06A1.2	20.624	12.253483724575	0	0
Y57A10A.13	K06A4.10	10.072	4.73424646749393	0	0
Y57A10A.13	K06A4.2	16.312	8.39104709868579	0	0
Y57A10A.13	K06A4.6	8.26	23.0282128885608	0	0
Y57A10A.13	K06A4.7	19.752	15.6811093736821	0	0
Y57A10A.13	K06A5.2	10.616	8.2927456836199	0	0
Y57A10A.13	K06A5.3	22.936	4.64674185592232	0	0
Y57A10A.13	K06A9.2	24.726	3.14335450904368	0	0
Y57A10A.13	K06A9.3	10.73	5.01403146485816	0	0
Y57A10A.13	K06B4.15	6.504	13.6035794590147	0	0
Y57A10A.13	K06B4.4	13.748	4.54725036758844	0	0
Y57A10A.13	K06B9.6	10.426	4.19266241932469	0	0
Y57A10A.13	K06G5.1	27.698	3.42237462004419	0	0
Y57A10A.13	K06G5.3	17.46	5.6069820162751	0	0
Y57A10A.13	K06H6.1	11.144	66.2417756038672	0	0
Y57A10A.13	K06H6.2	26.064	7.60915384510173	0	0
Y57A10A.13	K06H6.4	21.798	25.2560250821376	0	0
Y57A10A.13	K06H6.5	22.076	16.7733956039178	0	0
Y57A10A.13	K06H7.1	22.08	4.35289465279463	0	0
Y57A10A.13	K06H7.2	10.304	6.49203667647612	0	0
Y57A10A.13	K06H7.7	17.678	25.3209926359755	0	0
Y57A10A.13	K06H7.8	19.5	10.5118823846589	0	0
Y57A10A.13	K07A1.1	11.826	1.04525872757398	0	0
Y57A10A.13	K07A1.10	28.6	5.08563999590317	0	0
Y57A10A.13	K07A1.13	21.51	2.49079717919064	0	0
Y57A10A.13	K07A1.15	17.794	5.1993079137651	0	0
Y57A10A.13	K07A1.17	23.576	3.41252601802411	0	0
Y57A10A.13	K07A1.20	4.722	6.05394116877845	1	1
Y57A10A.13	K07A1.21	26.526	8.14577228313406	0	0
Y57A10A.13	K07A1.3	21.866	8.88433036579215	0	0
Y57A10A.13	K07A1.4	25.948	4.18054284007628	0	0
Y57A10A.13	K07A1.5	10.734	3.84263257491093	0	0
Y57A10A.13	K07A1.6	19.9	3.08442030943194	0	0
Y57A10A.13	K07A12.1	22.448	9.37108289487731	0	0
Y57A10A.13	K07A12.5	8.464	6.9273104147651	0	0
Y57A10A.13	K07A12.8	18.548	7.80354280379488	0	0
Y57A10A.13	K07A3.3	25.65	9.9315395373953	0	0
Y57A10A.13	K07B1.4	10.572	1.48267315296403	0	0
Y57A10A.13	K07B1.7	27.388	8.24186341059069	0	0
Y57A10A.13	K07C11.10	11.402	6.09097193958207	0	0
Y57A10A.13	K07C11.7	24.162	2.55889360112029	0	0
Y57A10A.13	K07C11.8	7.216	5.26297463852075	0	0
Y57A10A.13	K07C5.13	6.864	6.75258701645074	0	0
Y57A10A.13	K07C5.2	19.698	4.2957642905686	0	0
Y57A10A.13	K07C5.3	22.346	19.6277422171807	0	0
Y57A10A.13	K07C5.6	26.146	8.91529622306994	0	0
Y57A10A.13	K07C5.9	20.512	6.91911954871266	0	0
Y57A10A.13	K07D4.2	27.196	3.00274749937928	0	0
Y57A10A.13	K07D4.4	20.838	1.88763140707392	0	0
Y57A10A.13	K07D4.5	23.548	3.16487622524728	0	0
Y57A10A.13	K07D4.6	19.704	4.25940669585761	0	0
Y57A10A.13	K07D4.9	22.552	3.74871914943656	0	0
Y57A10A.13	K07E1.1	20.21	7.47138489388496	0	0
Y57A10A.13	K07E12.2	23.872	10.958135984422	0	0
Y57A10A.13	K07E3.1	24.544	7.74900107802827	0	0
Y57A10A.13	K07E3.2	26.698	2.85261233469355	0	0
Y57A10A.13	K07E3.4	27.158	1.99387997066679	0	0
Y57A10A.13	K07E3.9	20.07	21.8021635806357	0	0
Y57A10A.13	K07E8.6	25.782	6.84222903933322	0	0
Y57A10A.13	K07E8.7	15.872	2.68762234225471	0	0
Y57A10A.13	K07F5.12	16.066	2.32293264021875	0	0
Y57A10A.13	K07F5.14	28.214	5.21551722991514	0	0
Y57A10A.13	K07F5.15	22.902	6.35119848598489	0	0
Y57A10A.13	K07F5.16	21.21	24.5285894175153	0	0
Y57A10A.13	K07F5.17	7.306	4.20494498991126	0	0
Y57A10A.13	K07F5.22	23.35	4.54163423215193	0	0
Y57A10A.13	K07F5.6	22.554	6.97479681715279	0	0
Y57A10A.13	K07F5.7	24.94	11.8291696424032	0	0
Y57A10A.13	K07F5.8	20.374	2.62270576478849	0	0
Y57A10A.13	K07G5.4	18.228	5.2903423147875	0	0
Y57A10A.13	K07G5.5	17.934	0.840664198493787	0	0
Y57A10A.13	K07G6.1	17.462	4.61816633825396	0	0
Y57A10A.13	K07H8.11	25.906	8.67445738660877	0	0
Y57A10A.13	K07H8.12	12.202	10.0910362838321	0	0
Y57A10A.13	K07H8.2	18.224	5.40497441872144	0	0
Y57A10A.13	K07H8.5	16.99	1.65589227741438	0	0
Y57A10A.13	K07H8.7	9.072	2.34272873102621	0	0
Y57A10A.13	K07H8.8	26.86	14.6908648355857	0	0
Y57A10A.13	K07H8.9	19.008	5.22443668253583	0	0
Y57A10A.13	K08A2.2	20.068	6.30247465311521	0	0
Y57A10A.13	K08B12.1	27.05	1.52043805712967	0	0
Y57A10A.13	K08B12.3	26.864	8.03479395706156	0	0
Y57A10A.13	K08B4.7	15.876	13.2620067596917	0	0
Y57A10A.13	K08B5.1	9.534	3.48078879315946	0	0
Y57A10A.13	K08B5.2	26.602	5.54156665555476	0	0
Y57A10A.13	K08C7.1	19.524	5.16329818637051	0	0
Y57A10A.13	K08C7.4	9.786	5.17109622310532	0	0
Y57A10A.13	K08C7.6	24.37	3.01467706068172	0	0
Y57A10A.13	K08C7.7	21.504	1.23937193052953	0	0
Y57A10A.13	K08C9.1	20.766	6.12321247585175	0	0
Y57A10A.13	K08C9.10	14.984	6.45869349962008	0	0
Y57A10A.13	K08C9.2	24.89	1.83432402021077	0	0
Y57A10A.13	K08C9.5	27.374	3.81854838022213	0	0
Y57A10A.13	K08C9.6	16.756	2.5511416635419	0	0
Y57A10A.13	K08C9.7	6.508	2.79427762507982	0	0
Y57A10A.13	K08C9.9	14.682	9.25845960621051	0	0
Y57A10A.13	K08D10.10	21.246	6.79248804760249	0	0
Y57A10A.13	K08D10.11	15.328	7.51386217064345	0	0
Y57A10A.13	K08D10.13	11.056	11.091782430572	0	0
Y57A10A.13	K08D10.14	19.224	3.99485722863302	0	0
Y57A10A.13	K08D12.3	18.416	3.42967558807483	0	0
Y57A10A.13	K08D12.8	21.55	6.41312063159408	0	0
Y57A10A.13	K08D8.1	17.05	20.6151474712293	0	0
Y57A10A.13	K08D8.10	17.54	11.8505887930922	0	0
Y57A10A.13	K08D8.11	12.712	26.8106481806092	0	0
Y57A10A.13	K08D8.12	12.334	29.9032143955381	0	0
Y57A10A.13	K08D8.2	18.076	14.0646585174229	0	0
Y57A10A.13	K08D8.3	17.946	2.25749252697417	0	0
Y57A10A.13	K08D8.4	25.82	2.41105786045875	0	0
Y57A10A.13	K08D8.5	8.142	8.7126014615023	0	0
Y57A10A.13	K08D8.6	26.154	3.1701230592876	0	0
Y57A10A.13	K08D8.7	18.608	8.4939812302885	0	0
Y57A10A.13	K08D8.9	15.604	3.93663116351942	0	0
Y57A10A.13	K08D9.10	9.91	15.4381261198	0	0
Y57A10A.13	K08D9.2	22.428	33.740248999081	0	0
Y57A10A.13	K08D9.4	25.862	4.42421185365224	0	0
Y57A10A.13	K08D9.6	21.2	18.3214797380976	0	0
Y57A10A.13	K08D9.9	17.278	11.0036014076191	0	0
Y57A10A.13	K08E3.2	15.86	39.6652090861139	0	0
Y57A10A.13	K08E4.2	8.554	1.75083568976304	0	0
Y57A10A.13	K08E4.3	24.72	5.4732875163979	0	0
Y57A10A.13	K08E4.7	26.926	1.82898815097951	0	0
Y57A10A.13	K08E4.8	18.42	3.6780422770802	0	0
Y57A10A.13	K08E5.1	10.056	3.99422294552878	0	0
Y57A10A.13	K08E5.5	6.27	13.4520783948705	0	0
Y57A10A.13	K08E5.6	26.934	2.07012006970554	0	0
Y57A10A.13	K08E7.4	12.42	25.2129255490142	0	0
Y57A10A.13	K08E7.5	20.264	3.38183752801073	0	0
Y57A10A.13	K08E7.6	21.684	14.3528448399773	0	0
Y57A10A.13	K08E7.8	27.704	5.78055956319901	0	0
Y57A10A.13	K08F11.1	13.322	18.6902391016464	0	0
Y57A10A.13	K08F4.12	19.906	8.55988520931654	0	0
Y57A10A.13	K08F4.3	26.172	3.59714846701688	0	0
Y57A10A.13	K08F4.5	23.898	7.69560166573971	0	0
Y57A10A.13	K08F8.7	12.608	4.62833847911152	0	0
Y57A10A.13	K08F9.1	25.034	2.44250729286056	0	0
Y57A10A.13	K08F9.3	17.288	19.4172500122486	0	0
Y57A10A.13	K08F9.4	17.24	45.799613353266	0	0
Y57A10A.13	K08H10.10	20.564	2.56780567403866	0	0
Y57A10A.13	K08H10.6	21.488	7.67570001470219	0	0
Y57A10A.13	K08H2.10	19.102	18.1122425520227	0	0
Y57A10A.13	K08H2.2	20.866	19.353798188183	0	0
Y57A10A.13	K08H2.3	22.692	3.3188211621836	0	0
Y57A10A.13	K08H2.4	14.142	64.5702792899036	0	0
Y57A10A.13	K08H2.5	24.694	1.70023940452516	0	0
Y57A10A.13	K08H2.7	22.608	1.68064633875331	0	0
Y57A10A.13	K09A11.1	27.114	3.08588859744985	0	0
Y57A10A.13	K09A9.6	17.462	13.1348931996686	0	0
Y57A10A.13	K09A9.8	26.524	3.04680158464989	0	0
Y57A10A.13	K09B11.4	27.708	2.62922375894874	0	0
Y57A10A.13	K09B11.5	25.002	13.956516515838	0	0
Y57A10A.13	K09B3.1	3.466	3.29339369304697	1	1
Y57A10A.13	K09C4.1	24.494	2.86811832984086	0	0
Y57A10A.13	K09C4.10	13.174	5.71288477038326	0	0
Y57A10A.13	K09C4.2	25.004	2.3413512430767	0	0
Y57A10A.13	K09C4.4	21.586	15.7454849606398	0	0
Y57A10A.13	K09C4.5	20.742	6.2495013811777	0	0
Y57A10A.13	K09C4.7	20.902	7.17908919627224	0	0
Y57A10A.13	K09C4.9	10.844	52.7902696445629	0	0
Y57A10A.13	K09C6.10	25.52	2.51959552352863	0	0
Y57A10A.13	K09C6.2	22.798	1.61206556279878	0	0
Y57A10A.13	K09C6.3	18.66	3.45752623273417	0	0
Y57A10A.13	K09C6.7	18.868	15.1134636322083	0	0
Y57A10A.13	K09C6.8	22.306	8.44660295115986	0	0
Y57A10A.13	K09C6.9	24.296	10.7196422396123	0	0
Y57A10A.13	K09C8.2	20.794	3.29072490717484	0	0
Y57A10A.13	K09C8.7	19.03	5.78547997369126	0	0
Y57A10A.13	K09C8.8	13.032	6.66205713534788	0	0
Y57A10A.13	K09C8.9	8.168	7.10478547820037	0	0
Y57A10A.13	K09D9.1	21.428	6.12812048050945	0	0
Y57A10A.13	K09D9.14	12.748	4.41951985006431	0	0
Y57A10A.13	K09D9.3	18.15	11.9509072771715	0	0
Y57A10A.13	K09D9.9	18.114	3.04599622266909	0	0
Y57A10A.13	K09E2.1	24.872	6.88162861013407	0	0
Y57A10A.13	K09E2.2	22.498	6.08370109567876	0	0
Y57A10A.13	K09E2.3	18.248	3.39396253535404	0	0
Y57A10A.13	K09E3.2	16.166	11.2344304885029	0	0
Y57A10A.13	K09E3.7	25.366	11.3557858378956	0	0
Y57A10A.13	K09E4.1	20.706	8.29149622504238	0	0
Y57A10A.13	K09E4.3	22.53	10.1693120348809	0	0
Y57A10A.13	K09E4.4	23.498	12.0993668121525	0	0
Y57A10A.13	K09E9.1	22.756	5.87070606788085	0	0
Y57A10A.13	K09E9.3	25.478	18.2480518382472	0	0
Y57A10A.13	K09E9.4	7.854	2.59939906395209	0	0
Y57A10A.13	K09E9.7	22.144	23.630708786918	0	0
Y57A10A.13	K09F5.1	19.234	13.6281890765217	0	0
Y57A10A.13	K09F5.4	16.71	4.80491316672685	0	0
Y57A10A.13	K09F5.6	18.998	6.25534091343267	0	0
Y57A10A.13	K09F6.10	26.292	1.84209748797033	0	0
Y57A10A.13	K09F6.11	22.112	12.5785960306827	0	0
Y57A10A.13	K09F6.13	19.872	8.38533766200227	0	0
Y57A10A.13	K09F6.15	21.032	24.229117221018	0	0
Y57A10A.13	K09F6.3	10.908	2.52433367435615	0	0
Y57A10A.13	K09F6.6	25.676	2.7424519871992	0	0
Y57A10A.13	K09F6.7	28.454	1.12066147282613	0	0
Y57A10A.13	K09F6.9	25.508	8.32591712794181	0	0
Y57A10A.13	K09G1.1	15.686	32.6663229770155	0	0
Y57A10A.13	K09G1.2	23.322	5.39005238509924	0	0
Y57A10A.13	K09H11.11	19.276	14.0877908114728	0	0
Y57A10A.13	K09H11.15	20.698	12.5630123261313	0	0
Y57A10A.13	K09H11.4	3.55	11.3535455007417	0	0
Y57A10A.13	K09H11.6	20.556	3.87910824467792	0	0
Y57A10A.13	K09H11.9	19.166	15.6191856196392	0	0
Y57A10A.13	K09H9.1	13.624	6.64027606424878	0	0
Y57A10A.13	K09H9.5	23.96	22.1066515976645	0	0
Y57A10A.13	K09H9.7	27.494	5.47730997800483	0	0
Y57A10A.13	K09H9.8	14.93	8.06745370508502	0	0
Y57A10A.13	K09H9.9	19.734	4.11998335111803	0	0
Y57A10A.13	K10B2.4	24.838	2.44755089964398	0	0
Y57A10A.13	K10B3.1	11.286	7.20367504022244	0	0
Y57A10A.13	K10B3.5	20.688	2.15938023105679	0	0
Y57A10A.13	K10B4.1	27.328	3.46088507946152	0	0
Y57A10A.13	K10B4.3	22.87	9.84448131648765	0	0
Y57A10A.13	K10C2.12	27.102	3.67399404430964	0	0
Y57A10A.13	K10C2.14	20.804	3.97534528824356	0	0
Y57A10A.13	K10C2.2	24.136	1.35006930506528	0	0
Y57A10A.13	K10C2.6	24.332	8.27366954688208	0	0
Y57A10A.13	K10C2.7	23.476	9.24331585082446	0	0
Y57A10A.13	K10C2.8	26.296	2.40673256434888	0	0
Y57A10A.13	K10C3.4	24.346	2.22060816145968	0	0
Y57A10A.13	K10C3.5	20.996	7.37571834923237	0	0
Y57A10A.13	K10C8.4	22.35	21.6093950050579	0	0
Y57A10A.13	K10C9.1	20.522	9.06517300881601	0	0
Y57A10A.13	K10C9.4	15.4	3.37849598424118	0	0
Y57A10A.13	K10C9.7	19.826	6.44528362128869	0	0
Y57A10A.13	K10D11.2	27.084	5.01106054523478	0	0
Y57A10A.13	K10D11.3	16.928	23.3539060314812	0	0
Y57A10A.13	K10D11.4	19.366	8.01067748170584	0	0
Y57A10A.13	K10D11.5	21.874	8.35857388412053	0	0
Y57A10A.13	K10D11.6	22.058	1.78869515373835	0	0
Y57A10A.13	K10D11.7	24.302	7.98799222515045	0	0
Y57A10A.13	K10D2.5	25.558	2.75411338594764	0	0
Y57A10A.13	K10D2.8	19.364	7.62108690526546	0	0
Y57A10A.13	K10D3.4	25.246	4.74270336517799	0	0
Y57A10A.13	K10D3.6	21.382	1.0819563177193	0	0
Y57A10A.13	K10D3.8	5.514	4.87069801870476	0	0
Y57A10A.13	K10D6.3	14.204	16.7175366545175	0	0
Y57A10A.13	K10D6.4	15.954	4.99451516490278	0	0
Y57A10A.13	K10F12.7	25.63	8.11577102666605	0	0
Y57A10A.13	K10G4.10	23.156	1.8180468805678	0	0
Y57A10A.13	K10G4.15	14.664	12.2530226185716	0	0
Y57A10A.13	K10G4.3	24.726	3.81365127365697	0	0
Y57A10A.13	K10G4.5	19.88	23.9326427055715	0	0
Y57A10A.13	K10G6.5	24.026	3.2023739510362	0	0
Y57A10A.13	K10G6.9	24.768	9.28259396153224	0	0
Y57A10A.13	K10G9.2	13.722	5.46650141941163	0	0
Y57A10A.13	K10H10.10	24.866	3.14461471643363	0	0
Y57A10A.13	K10H10.12	16.85	14.903293116247	0	0
Y57A10A.13	K10H10.13	18.634	26.6712867063674	0	0
Y57A10A.13	K10H10.4	12.128	5.95251524006301	0	0
Y57A10A.13	K10H10.5	4.592	5.87050822284974	1	1
Y57A10A.13	K10H10.6	28.104	3.47701257833247	0	0
Y57A10A.13	K10H10.7	10.84	5.53582405486255	0	0
Y57A10A.13	K10H10.9	28.376	1.02581117939125	0	0
Y57A10A.13	K11C4.1	20.998	10.2761275734679	0	0
Y57A10A.13	K11C4.2	20.28	5.03176075493933	0	0
Y57A10A.13	K11D12.11	25.33	3.74862296738073	0	0
Y57A10A.13	K11D12.12	26.898	1.75865617664927	0	0
Y57A10A.13	K11D12.13	21.85	6.88790986556028	0	0
Y57A10A.13	K11D12.14	9.872	8.22482204435729	0	0
Y57A10A.13	K11D12.6	21.918	1.98543039853277	0	0
Y57A10A.13	K11D12.7	22.644	1.18687685600046	0	0
Y57A10A.13	K11D12.8	21.294	10.5374409979709	0	0
Y57A10A.13	K11D2.1	24.934	1.69932544458714	0	0
Y57A10A.13	K11D2.4	9.396	1.44287844445145	0	0
Y57A10A.13	K11D9.3	21.168	1.51444446196761	0	0
Y57A10A.13	K11E4.1	20.446	3.5888579455713	0	0
Y57A10A.13	K11E4.6	21.088	5.90563097612362	0	0
Y57A10A.13	K11G12.6	22.636	3.03132414180727	0	0
Y57A10A.13	K11G9.5	22.282	3.33111863125694	0	0
Y57A10A.13	K11H12.1	21.184	17.6485723261534	0	0
Y57A10A.13	K11H12.10	16.764	17.4676751714679	0	0
Y57A10A.13	K11H12.11	26.61	4.04599130597394	0	0
Y57A10A.13	K11H12.3	26.65	1.55258242893638	0	0
Y57A10A.13	K11H12.4	23.85	6.36840548260947	0	0
Y57A10A.13	K11H12.5	23.876	1.526751092729	0	0
Y57A10A.13	K11H12.6	18.87	7.52936954231753	0	0
Y57A10A.13	K11H12.7	19.262	25.5346934652455	0	0
Y57A10A.13	K11H12.8	17.27	4.17891941748721	0	0
Y57A10A.13	K11H12.9	21.416	12.9854242989671	0	0
Y57A10A.13	K11H3.2	16.82	12.16769885908	0	0
Y57A10A.13	K11H3.3	16.83	1.31727862610787	0	0
Y57A10A.13	K11H3.4	12.476	19.4174859062281	0	0
Y57A10A.13	K11H3.5	11.414	3.22775123772859	0	0
Y57A10A.13	K11H3.8	23.154	14.7720739736272	0	0
Y57A10A.13	K12B6.11	9.886	5.72548251078655	0	0
Y57A10A.13	K12B6.4	18.586	2.01768356078451	0	0
Y57A10A.13	K12B6.9	17.52	2.21097533655783	0	0
Y57A10A.13	K12C11.1	25.386	3.95084147708338	0	0
Y57A10A.13	K12C11.3	24.03	7.74211426470751	0	0
Y57A10A.13	K12C11.5	21.682	2.78401753432082	0	0
Y57A10A.13	K12C11.6	6.588	3.68918041948194	0	0
Y57A10A.13	K12C11.7	23.384	2.75897577470426	0	0
Y57A10A.13	K12D12.4	20.776	10.2101871795753	0	0
Y57A10A.13	K12D12.5	28.812	0.81780793974861	0	0
Y57A10A.13	K12D9.1	26.308	1.38712425785553	0	0
Y57A10A.13	K12G11.6	20.422	3.15663103677269	0	0
Y57A10A.13	K12H4.2	22.238	13.6690884795054	0	0
Y57A10A.13	K12H4.3	22.578	15.2201419228707	0	0
Y57A10A.13	K12H4.5	8.7	2.56375954289603	0	0
Y57A10A.13	K12H4.6	13.606	16.3513534921777	0	0
Y57A10A.13	K12H4.7	24.634	2.95037075299687	0	0
Y57A10A.13	K12H6.10	14.418	25.8650653390533	0	0
Y57A10A.13	K12H6.12	10.95	1.65269050875378	0	0
Y57A10A.13	K12H6.2	15.186	2.95027668192698	0	0
Y57A10A.13	K12H6.4	28.376	1.93851396414205	0	0
Y57A10A.13	K12H6.5	26.306	5.67192134490135	0	0
Y57A10A.13	K12H6.6	21.424	3.54090730492541	0	0
Y57A10A.13	K12H6.7	10.46	5.20396229455328	0	0
Y57A10A.13	K12H6.8	22.47	8.09283884145068	0	0
Y57A10A.13	K12H6.9	26.636	4.33705734356953	0	0
Y57A10A.13	M01A12.4	23.31	1.58759142599428	0	0
Y57A10A.13	M01A8.1	15.782	10.239148710368	0	0
Y57A10A.13	M01B12.4	21.822	12.107746913915	0	0
Y57A10A.13	M01B2.10	21.462	6.3044427178503	0	0
Y57A10A.13	M01B2.12	17.838	2.30372211862689	0	0
Y57A10A.13	M01B2.13	12.822	2.79050714520309	0	0
Y57A10A.13	M01B2.8	27.27	0.700105723947081	0	0
Y57A10A.13	M01D1.12	26.834	3.67790706599017	0	0
Y57A10A.13	M01D7.9	19.406	10.6756750818336	0	0
Y57A10A.13	M01E10.3	14.316	5.9637746212153	0	0
Y57A10A.13	M01E11.1	19.622	6.17900220737513	0	0
Y57A10A.13	M01E5.2	26.808	4.612938553672	0	0
Y57A10A.13	M01E5.3	15.044	32.7075333278696	0	0
Y57A10A.13	M01E5.4	25.976	7.59157032749037	0	0
Y57A10A.13	M01F1.4	22.882	2.85899030146418	0	0
Y57A10A.13	M01F1.8	17.962	2.88330700462387	0	0
Y57A10A.13	M01F1.9	18.814	1.69278605639505	0	0
Y57A10A.13	M01G12.10	26.506	4.04655926685398	0	0
Y57A10A.13	M01G12.14	28.088	2.01482491871685	0	0
Y57A10A.13	M01G12.15	20.152	19.5711854609479	0	0
Y57A10A.13	M01G12.16	24.14	12.1471059445227	0	0
Y57A10A.13	M01G12.2	26.72	6.00793144792009	0	0
Y57A10A.13	M01G12.5	17.534	2.17493358605092	0	0
Y57A10A.13	M01G12.6	19.78	3.91915899425053	0	0
Y57A10A.13	M01G12.7	24.326	6.69993070786613	0	0
Y57A10A.13	M01G12.9	18.738	7.76771082846241	0	0
Y57A10A.13	M01G5.1	24.686	6.04685123077083	0	0
Y57A10A.13	M01H9.10	21.886	3.72721798786739	0	0
Y57A10A.13	M01H9.2	20.936	4.58995344057873	0	0
Y57A10A.13	M01H9.3	15.718	8.86386870075443	0	0
Y57A10A.13	M01H9.4	10.808	2.70417284619128	0	0
Y57A10A.13	M01H9.5	11.278	9.50269179943284	0	0
Y57A10A.13	M02A10.1	11.97	5.41930651302485	0	0
Y57A10A.13	M02B1.3	23.088	0.267698148654929	0	0
Y57A10A.13	M02B1.4	20.312	4.37851980094043	0	0
Y57A10A.13	M02B7.2	22.918	9.32720340684003	0	0
Y57A10A.13	M02B7.7	26.716	2.85574814852247	0	0
Y57A10A.13	M02D8.2	21.602	3.30500313270896	0	0
Y57A10A.13	M02D8.3	20.022	2.58737588473467	0	0
Y57A10A.13	M02D8.5	21.598	7.75762095017876	0	0
Y57A10A.13	M02D8.7	11.17	4.66091875425071	0	0
Y57A10A.13	M02E1.1	20.302	3.87615555319141	0	0
Y57A10A.13	M02E1.3	7.374	16.9686920730153	0	0
Y57A10A.13	M02E1.4	25.302	6.77909389768978	0	0
Y57A10A.13	M02F4.1	9.79	4.91783579865607	0	0
Y57A10A.13	M02F4.2	5.048	9.28994231263149	0	0
Y57A10A.13	M02G9.4	16.82	17.1579431793476	0	0
Y57A10A.13	M02H5.8	27.46	8.48612411348586	0	0
Y57A10A.13	M03A1.3	17.776	2.51884524193622	0	0
Y57A10A.13	M03A1.8	24.542	4.40358001559241	0	0
Y57A10A.13	M03A8.3	20.942	5.52441334249289	0	0
Y57A10A.13	M03B6.1	5.936	10.685560716031	0	0
Y57A10A.13	M03B6.3	26.69	3.68009321966037	0	0
Y57A10A.13	M03B6.4	21.486	7.37293872357042	0	0
Y57A10A.13	M03B6.5	15.778	39.8942519499585	0	0
Y57A10A.13	M03C11.1	25.996	3.80814219815885	0	0
Y57A10A.13	M03C11.3	23.456	0.558801581780728	0	0
Y57A10A.13	M03C11.6	25.692	3.30549091174374	0	0
Y57A10A.13	M03C11.8	25.34	7.02075272255684	0	0
Y57A10A.13	M03C11.9	10.738	14.8928436092416	0	0
Y57A10A.13	M03D4.3	17.094	7.89464737659967	0	0
Y57A10A.13	M03D4.4	9.078	8.18032894000202	0	0
Y57A10A.13	M03E7.1	17.82	43.7213558663102	0	0
Y57A10A.13	M03E7.2	6.728	5.49779839615847	0	0
Y57A10A.13	M03E7.3	25.208	8.09643093064726	0	0
Y57A10A.13	M03F4.4	13.576	27.9306883540422	0	0
Y57A10A.13	M03F4.6	19.62	22.4637402982065	0	0
Y57A10A.13	M03F8.1	22.406	9.58882241243498	0	0
Y57A10A.13	M03F8.5	21.864	6.34312002468257	0	0
Y57A10A.13	M03F8.6	22.162	3.66761164317472	0	0
Y57A10A.13	M03F8.7	23.202	3.69972986517401	0	0
Y57A10A.13	M04B2.2	18.964	3.48658450883039	0	0
Y57A10A.13	M04B2.4	17.05	1.75855300299882	0	0
Y57A10A.13	M04B2.7	12.694	60.301227429108	0	0
Y57A10A.13	M04C3.1	25.218	11.6557560761557	0	0
Y57A10A.13	M04C3.2	27.176	2.34112169290549	0	0
Y57A10A.13	M04C3.5	27.17	7.36575117354666	0	0
Y57A10A.13	M04C7.3	18.142	7.92564189391942	0	0
Y57A10A.13	M04C7.4	3.81	9.13936238660375	1	1
Y57A10A.13	M04C9.1	14.74	39.522175317315	0	0
Y57A10A.13	M04C9.2	9.692	37.4124325414606	0	0
Y57A10A.13	M04C9.3	10.666	79.1443187335984	0	0
Y57A10A.13	M04C9.4	18.622	38.7504662976314	0	0
Y57A10A.13	M04D5.1	20.254	1.90121172087801	0	0
Y57A10A.13	M04D5.3	13.75	25.7191442346997	0	0
Y57A10A.13	M04D8.4	25.044	4.72451487401051	0	0
Y57A10A.13	M04D8.5	23.548	2.07530207288985	0	0
Y57A10A.13	M04D8.7	20.856	4.96411764847554	0	0
Y57A10A.13	M04D8.8	11.208	7.30351566181281	0	0
Y57A10A.13	M04F3.4	20.524	4.12175585192892	0	0
Y57A10A.13	M04F3.5	19.884	7.01299564852974	0	0
Y57A10A.13	M04G7.1	10.992	3.80544172918398	0	0
Y57A10A.13	M04G7.2	18.698	7.25326410384697	0	0
Y57A10A.13	M04G7.5	13.276	5.67024336250258	0	0
Y57A10A.13	M05B5.1	25.584	3.26259982874678	0	0
Y57A10A.13	M05B5.3	20.294	5.93322591481352	0	0
Y57A10A.13	M05B5.7	18.152	5.4937812184955	0	0
Y57A10A.13	M05D6.1	28.184	1.62645255882539	0	0
Y57A10A.13	M05D6.2	20.184	6.43613207157194	0	0
Y57A10A.13	M05D6.3	23.75	3.67463417064728	0	0
Y57A10A.13	M05D6.5	13.994	22.5754859919996	0	0
Y57A10A.13	M05D6.8	23.642	13.9790036174691	0	0
Y57A10A.13	M05D6.9	18.914	18.5111773215568	0	0
Y57A10A.13	M106.2	26.632	3.23774428463509	0	0
Y57A10A.13	M106.3	21.642	4.79817890945658	0	0
Y57A10A.13	M106.7	24.798	9.24484117270557	0	0
Y57A10A.13	M106.8	21.306	0.628475311790877	0	0
Y57A10A.13	M110.10	20.758	22.7914721737067	0	0
Y57A10A.13	M110.3	21.592	2.53656525885793	0	0
Y57A10A.13	M110.7	22.666	3.16591472580947	0	0
Y57A10A.13	M110.8	24.202	4.17079444903383	0	0
Y57A10A.13	M110.9	24.338	15.8306031319793	0	0
Y57A10A.13	M116.5	25.98	6.69419589013262	0	0
Y57A10A.13	M117.1	17.46	6.03783426259407	0	0
Y57A10A.13	M117.3	12.46	17.1063796322121	0	0
Y57A10A.13	M117.4	21.306	12.4686171488167	0	0
Y57A10A.13	M117.6	16.886	5.32880613917123	0	0
Y57A10A.13	M142.5	24.946	3.8958924588347	0	0
Y57A10A.13	M142.8	24.622	9.85903880050023	0	0
Y57A10A.13	M151.1	17.796	1.29645019091646	0	0
Y57A10A.13	M151.10	16.964	2.58049775759353	0	0
Y57A10A.13	M151.2	28.058	4.77139099746974	0	0
Y57A10A.13	M151.3	22.456	6.85789873632409	0	0
Y57A10A.13	M151.7	18.862	14.3248194561815	0	0
Y57A10A.13	M153.3	26.942	1.10212432698213	0	0
Y57A10A.13	M153.5	20.974	23.0398260847292	0	0
Y57A10A.13	M162.15	15.706	18.2745802085246	0	0
Y57A10A.13	M162.5	13.13	0.519351930578292	0	0
Y57A10A.13	M162.7	28.428	2.22884692316663	0	0
Y57A10A.13	M163.1	17.542	12.7570939120856	0	0
Y57A10A.13	M163.10	20.03	16.4724123424298	0	0
Y57A10A.13	M163.11	17.616	9.55413682421168	0	0
Y57A10A.13	M163.21	15.084	26.3145440862498	0	0
Y57A10A.13	M163.22	22.86	4.10965850623204	0	0
Y57A10A.13	M163.5	19.082	14.462724897377	0	0
Y57A10A.13	M163.7	17.394	11.312136920084	0	0
Y57A10A.13	M163.8	18.57	3.37263678408653	0	0
Y57A10A.13	M163.9	4.188	9.33280875100026	1	1
Y57A10A.13	M176.10	17.326	15.4332410858489	0	0
Y57A10A.13	M176.11	18.102	4.86171792717404	0	0
Y57A10A.13	M176.16	6.528	4.50846750632349	0	0
Y57A10A.13	M176.4	18.71	1.39014503512987	0	0
Y57A10A.13	M176.5	20.572	1.96956529652396	0	0
Y57A10A.13	M176.9	13.04	4.64732784543733	0	0
Y57A10A.13	M18.3	21.43	2.36837658244508	0	0
Y57A10A.13	M18.6	23.538	7.60053400777104	0	0
Y57A10A.13	M195.2	18.416	7.97392921779976	0	0
Y57A10A.13	M199.134	21.204	14.6740784932879	0	0
Y57A10A.13	M199.135	13.03	7.52541108120711	0	0
Y57A10A.13	M199.136	22.014	1.77642706834998	0	0
Y57A10A.13	M199.2	22.624	19.2630675854311	0	0
Y57A10A.13	M199.7	25.326	3.04401805339759	0	0
Y57A10A.13	M199.8	10.04	12.1850246530902	0	0
Y57A10A.13	M199.9	16.92	7.39845553762197	0	0
Y57A10A.13	M28.10	25.308	4.35662344135287	0	0
Y57A10A.13	M28.4	20.562	6.91171152774136	0	0
Y57A10A.13	M28.8	18.978	4.43798639545808	0	0
Y57A10A.13	M28.9	20.896	14.1734962296676	0	0
Y57A10A.13	M57.1	21.644	3.50598148605481	0	0
Y57A10A.13	M57.2	23.076	6.05285559932279	0	0
Y57A10A.13	M6.11	22.482	5.90491434480831	0	0
Y57A10A.13	M6.4	27.18	3.26328588666293	0	0
Y57A10A.13	M60.4	18.646	13.8088441455709	0	0
Y57A10A.13	M60.6	14.656	0.97047082772102	0	0
Y57A10A.13	M60.7	13.742	1.95424007426711	0	0
Y57A10A.13	M7.12	26.09	3.77971941293069	0	0
Y57A10A.13	M7.7	19.958	2.61542534254966	0	0
Y57A10A.13	M7.8	22.314	5.65135439153132	0	0
Y57A10A.13	M70.1	23.164	5.08418731888757	0	0
Y57A10A.13	M70.2	19.698	14.6881924329397	0	0
Y57A10A.13	M70.3	17.412	3.0819455721474	0	0
Y57A10A.13	M70.5	25.15	6.14394533651692	0	0
Y57A10A.13	M79.2	19.662	6.50817143313654	0	0
Y57A10A.13	M88.3	26.09	2.7010291954692	0	0
Y57A10A.13	M88.4	17.484	1.74027463555516	0	0
Y57A10A.13	PDB1.1	22.064	5.10646230044742	0	0
Y57A10A.13	R01B10.2	8.104	6.97628693822985	0	0
Y57A10A.13	R01B10.3	19.642	23.3963212142386	0	0
Y57A10A.13	R01E6.2	22.316	15.5586315984788	0	0
Y57A10A.13	R01E6.5	17.176	9.59129589757474	0	0
Y57A10A.13	R01E6.7	21.182	6.16449883907758	0	0
Y57A10A.13	R01H10.4	23.33	2.7360398736232	0	0
Y57A10A.13	R01H2.1	15.098	21.8912133933915	0	0
Y57A10A.13	R01H2.2	19.552	17.3319438132202	0	0
Y57A10A.13	R01H2.4	26.466	2.41651376281915	0	0
Y57A10A.13	R01H2.7	14.276	2.66761029129834	0	0
Y57A10A.13	R01H2.8	15.462	9.23936239918639	0	0
Y57A10A.13	R02C2.1	23.344	5.56299776036308	0	0
Y57A10A.13	R02C2.7	27.56	4.7574184984771	0	0
Y57A10A.13	R02D1.2	24.734	7.57446176766811	0	0
Y57A10A.13	R02D3.8	26.2	3.85902212292652	0	0
Y57A10A.13	R02D5.1	11.362	31.0569652558904	0	0
Y57A10A.13	R02D5.10	6.596	3.49946344360303	0	0
Y57A10A.13	R02D5.24	18.814	7.23282057464571	0	0
Y57A10A.13	R02D5.3	18.27	15.6904454283433	0	0
Y57A10A.13	R02D5.4	8.684	26.8297920249641	0	0
Y57A10A.13	R02D5.6	13.07	5.65794238415589	0	0
Y57A10A.13	R02D5.7	8.78	62.3841228921801	0	0
Y57A10A.13	R02D5.8	25.678	4.23990974297195	0	0
Y57A10A.13	R02D5.9	13.75	11.8896301786525	0	0
Y57A10A.13	R02E12.12	22.49	3.1708622373292	0	0
Y57A10A.13	R02E12.4	24.668	8.10419294671064	0	0
Y57A10A.13	R02E12.5	19.904	11.9866284054748	0	0
Y57A10A.13	R02E4.1	22.104	21.1586556089824	0	0
Y57A10A.13	R02E4.2	25.242	0.980618715708561	0	0
Y57A10A.13	R02E4.3	5.498	8.19428736914388	0	0
Y57A10A.13	R02F11.1	13.126	9.64580382618722	0	0
Y57A10A.13	R02F11.10	25.756	4.68898957074091	0	0
Y57A10A.13	R02F11.11	22.69	5.59778663640808	0	0
Y57A10A.13	R02F11.12	26.724	7.39566860482901	0	0
Y57A10A.13	R02F11.2	19.758	7.26102012899409	0	0
Y57A10A.13	R02F11.3	20.358	23.1312109321423	0	0
Y57A10A.13	R02F11.9	26.938	3.5083403239392	0	0
Y57A10A.13	R02F2.1	23.022	6.45538823734715	0	0
Y57A10A.13	R02F2.10	6.336	12.3260756533617	0	0
Y57A10A.13	R02F2.4	20.764	10.4509244543937	0	0
Y57A10A.13	R02F2.5	15.84	29.5014119092169	0	0
Y57A10A.13	R02F2.6	15.744	3.9055011593018	0	0
Y57A10A.13	R02F2.7	21.094	4.69191276829568	0	0
Y57A10A.13	R02F2.8	20.586	3.90515602077403	0	0
Y57A10A.13	R03A10.5	26.514	11.0096457089014	0	0
Y57A10A.13	R03C1.1	12.29	7.25558858309285	0	0
Y57A10A.13	R03D7.15	20.934	6.75850328426127	0	0
Y57A10A.13	R03D7.2	23.034	5.36788414329403	0	0
Y57A10A.13	R03D7.5	23.234	3.10601224551875	0	0
Y57A10A.13	R03E9.2	25.808	4.28143400366679	0	0
Y57A10A.13	R03G5.6	18.942	14.6392742611159	0	0
Y57A10A.13	R03G8.1	23.628	5.86038302580665	0	0
Y57A10A.13	R03G8.3	25.558	7.49551422694645	0	0
Y57A10A.13	R03G8.6	26.552	3.17539571139181	0	0
Y57A10A.13	R03H10.1	24.226	3.95435587605437	0	0
Y57A10A.13	R03H10.11	22.232	1.81694433831908	0	0
Y57A10A.13	R03H10.2	23.028	14.6861129703383	0	0
Y57A10A.13	R03H10.4	22.694	6.77882046951849	0	0
Y57A10A.13	R03H10.5	22.152	4.90825394455281	0	0
Y57A10A.13	R03H10.6	24.02	1.86300173482635	0	0
Y57A10A.13	R03H10.7	25.25	6.81936038864242	0	0
Y57A10A.13	R04A9.1	13.246	11.215518796598	0	0
Y57A10A.13	R04A9.3	21.684	18.7188704889179	0	0
Y57A10A.13	R04A9.6	19.27	15.8082604838584	0	0
Y57A10A.13	R04A9.7	23.948	7.62713345825722	0	0
Y57A10A.13	R04A9.9	19.72	34.4012280393755	0	0
Y57A10A.13	R04B3.1	25.238	6.93236936708863	0	0
Y57A10A.13	R04B3.2	22.676	5.21685951285639	0	0
Y57A10A.13	R04B3.3	20.362	9.00310886138708	0	0
Y57A10A.13	R04B5.1	24.596	4.83678407990661	0	0
Y57A10A.13	R04B5.11	22.112	13.7486893784878	0	0
Y57A10A.13	R04B5.5	25.508	6.01458411998191	0	0
Y57A10A.13	R04B5.6	11.13	40.862184021812	0	0
Y57A10A.13	R04B5.7	19.9	7.08097083570192	0	0
Y57A10A.13	R04D3.2	16.234	14.9005313079086	0	0
Y57A10A.13	R04D3.3	16.324	8.53516480042329	0	0
Y57A10A.13	R04D3.4	22.022	8.80196108501635	0	0
Y57A10A.13	R04E5.7	13.842	18.2486563944767	0	0
Y57A10A.13	R04E5.8	18.756	25.8656353839104	0	0
Y57A10A.13	R04E5.9	13.362	5.01740187238752	0	0
Y57A10A.13	R04F11.2	25.392	5.8568385729574	0	0
Y57A10A.13	R04F11.3	13.322	13.1148517758896	0	0
Y57A10A.13	R04F11.5	28.154	2.01091741628632	0	0
Y57A10A.13	R05A10.1	23.014	10.5195391894013	0	0
Y57A10A.13	R05A10.2	17.372	5.22571121876526	0	0
Y57A10A.13	R05A10.3	20.48	8.79638366953267	0	0
Y57A10A.13	R05A10.4	18.412	4.14510765922858	0	0
Y57A10A.13	R05A10.6	25.082	2.54217533864205	0	0
Y57A10A.13	R05A10.7	12.372	7.87134580619124	0	0
Y57A10A.13	R05A10.8	19.958	6.45078207381158	0	0
Y57A10A.13	R05C11.2	23.664	12.5498064046228	0	0
Y57A10A.13	R05C11.4	21.232	6.37012567431116	0	0
Y57A10A.13	R05D11.9	25.348	5.56986685487461	0	0
Y57A10A.13	R05D3.12	14.994	27.4021029617073	0	0
Y57A10A.13	R05D3.2	13.302	2.15233825140134	0	0
Y57A10A.13	R05D3.3	25.926	4.75011697424136	0	0
Y57A10A.13	R05D3.5	23.544	20.0666071278712	0	0
Y57A10A.13	R05D3.8	16.312	2.49374717288887	0	0
Y57A10A.13	R05D3.9	22.778	6.38584890941938	0	0
Y57A10A.13	R05D7.1	14.246	2.9903460256199	0	0
Y57A10A.13	R05D7.2	27.654	5.84791616221967	0	0
Y57A10A.13	R05D7.3	24.064	2.19255853365789	0	0
Y57A10A.13	R05D7.7	20.904	2.30382277494648	0	0
Y57A10A.13	R05D8.11	25.632	7.08104087332974	0	0
Y57A10A.13	R05F9.7	23.49	2.85941679740457	0	0
Y57A10A.13	R05F9.9	18.742	1.90496964333181	0	0
Y57A10A.13	R05G6.1	25.668	1.789868910145	0	0
Y57A10A.13	R05G6.10	18.556	23.0437619515349	0	0
Y57A10A.13	R05G6.3	11.98	3.99840896894741	0	0
Y57A10A.13	R05G6.4	13.952	45.8049717836394	0	0
Y57A10A.13	R05G6.5	11.064	2.94931971648779	0	0
Y57A10A.13	R05G6.9	23.94	2.88281082840077	0	0
Y57A10A.13	R05G9.1	22.076	10.1377931396135	0	0
Y57A10A.13	R05G9.3	16.902	12.4078892547654	0	0
Y57A10A.13	R05G9.5	25.044	2.63983493601096	0	0
Y57A10A.13	R05G9R.1	20.272	8.98111179202111	0	0
Y57A10A.13	R05H10.1	26.21	5.96060276098175	0	0
Y57A10A.13	R05H10.3	20.216	11.1755752955844	0	0
Y57A10A.13	R05H10.7	25.154	5.96231208077017	0	0
Y57A10A.13	R05H11.1	26.348	1.48901774224858	0	0
Y57A10A.13	R05H11.2	9.48	10.6459111979464	0	0
Y57A10A.13	R05H5.3	23.188	11.3075202499029	0	0
Y57A10A.13	R05H5.4	28.394	0.599028711726287	0	0
Y57A10A.13	R05H5.7	22.682	2.84586811723674	0	0
Y57A10A.13	R06A10.1	21.56	1.52321538716818	0	0
Y57A10A.13	R06A10.4	17.568	3.50204798867696	0	0
Y57A10A.13	R06A10.5	14.52	1.59074510502081	0	0
Y57A10A.13	R06B10.7	10.344	22.7196771173179	0	0
Y57A10A.13	R06B9.5	16.244	5.66707468856043	0	0
Y57A10A.13	R06C1.4	23.396	5.88585582256621	0	0
Y57A10A.13	R06C1.6	14.534	6.47867292416493	0	0
Y57A10A.13	R06C7.2	18.026	5.49985047260966	0	0
Y57A10A.13	R06C7.6	27.44	0.96694600301907	0	0
Y57A10A.13	R06F6.12	17.18	13.158758312312	0	0
Y57A10A.13	R06F6.14	14.794	4.61025452536699	0	0
Y57A10A.13	R06F6.8	25.792	1.89672547365926	0	0
Y57A10A.13	R07A4.2	16.766	5.25576181360806	0	0
Y57A10A.13	R07A4.3	9.994	13.6049640728188	0	0
Y57A10A.13	R07A4.4	18.152	5.17840481719778	0	0
Y57A10A.13	R07B1.11	21.214	2.9634826343258	0	0
Y57A10A.13	R07B1.13	15.364	7.3928592620881	0	0
Y57A10A.13	R07B1.3	24.506	3.25743439430561	0	0
Y57A10A.13	R07B1.5	14.642	4.11211813827688	0	0
Y57A10A.13	R07B1.6	14.34	4.66417212937491	0	0
Y57A10A.13	R07B1.7	9.332	6.18990310215757	0	0
Y57A10A.13	R07B1.9	12.528	3.21987285708268	0	0
Y57A10A.13	R07B7.10	21.988	4.12352537608874	0	0
Y57A10A.13	R07B7.12	23.296	8.64508408335757	0	0
Y57A10A.13	R07B7.2	16.686	14.4282305422536	0	0
Y57A10A.13	R07B7.6	24.396	9.65744613901233	0	0
Y57A10A.13	R07B7.8	26.426	11.278474345375	0	0
Y57A10A.13	R07B7.9	22.79	7.9799894754734	0	0
Y57A10A.13	R07C12.1	24.352	13.5774606618693	0	0
Y57A10A.13	R07C12.3	25.5	13.7548984668703	0	0
Y57A10A.13	R07C3.13	27.86	1.09196092930195	0	0
Y57A10A.13	R07C3.3	23.41	3.67153213107028	0	0
Y57A10A.13	R07D5.2	27.96	0.689817651000927	0	0
Y57A10A.13	R07E3.1	20.202	1.7800757392134	0	0
Y57A10A.13	R07E3.4	22.988	1.2301621476129	0	0
Y57A10A.13	R07E3.6	21.892	3.79111915690532	0	0
Y57A10A.13	R07E3.7	11.942	24.8694588265823	0	0
Y57A10A.13	R07E4.1	21.552	5.98618876615637	0	0
Y57A10A.13	R07E4.3	23.71	8.12471380269063	0	0
Y57A10A.13	R07E4.5	21.67	4.11741744876684	0	0
Y57A10A.13	R07E5.11	15.622	5.30653779311712	0	0
Y57A10A.13	R07E5.15	20.564	4.27968226287063	0	0
Y57A10A.13	R07E5.17	19.502	4.07697256557603	0	0
Y57A10A.13	R07E5.19	24.23	0.534138634153725	0	0
Y57A10A.13	R07E5.4	24.28	3.83219471591156	0	0
Y57A10A.13	R07E5.5	25.1	5.48861718942803	0	0
Y57A10A.13	R07E5.6	24.804	2.07649328854313	0	0
Y57A10A.13	R07E5.7	22.638	12.3927924331975	0	0
Y57A10A.13	R07G3.7	5.714	3.83544763086087	0	0
Y57A10A.13	R07G3.8	22.07	12.5644210434902	0	0
Y57A10A.13	R07H5.11	18.4	9.29887969145036	0	0
Y57A10A.13	R07H5.16	22.168	1.68527014213603	0	0
Y57A10A.13	R07H5.9	13.802	3.89681398096231	0	0
Y57A10A.13	R08A2.1	13.37	9.76774817936226	0	0
Y57A10A.13	R08A2.2	17.394	6.64396534150272	0	0
Y57A10A.13	R08A2.5	22.86	2.91681243712505	0	0
Y57A10A.13	R08A2.7	24.15	11.572443349378	0	0
Y57A10A.13	R08A2.9	11.436	8.4330758418601	0	0
Y57A10A.13	R08B4.3	24.532	1.06702776705341	0	0
Y57A10A.13	R08C7.1	18.266	4.98473034941743	0	0
Y57A10A.13	R08C7.11	10.01	10.703073105255	0	0
Y57A10A.13	R08C7.12	14.576	6.65541149195982	0	0
Y57A10A.13	R08C7.4	11.182	35.2303417577271	0	0
Y57A10A.13	R08C7.5	19.62	8.41958777623781	0	0
Y57A10A.13	R08C7.8	20.674	2.54978835392011	0	0
Y57A10A.13	R08D7.4	4.478	3.36234033767135	1	1
Y57A10A.13	R08D7.5	13.254	3.88748689706532	0	0
Y57A10A.13	R08D7.7	24.348	2.85664434334101	0	0
Y57A10A.13	R08E3.1	25.69	4.14635855129876	0	0
Y57A10A.13	R08E3.3	24.19	2.81275027523624	0	0
Y57A10A.13	R08E5.1	26.004	3.0357541407983	0	0
Y57A10A.13	R08E5.4	15.154	16.1003181207116	0	0
Y57A10A.13	R08F11.1	22.314	11.416004608664	0	0
Y57A10A.13	R08F11.4	22.174	5.24150863223041	0	0
Y57A10A.13	R08F11.7	23.038	6.18405426144664	0	0
Y57A10A.13	R09A1.3	23.836	3.38558578586631	0	0
Y57A10A.13	R09A8.1	25.552	7.58859745415732	0	0
Y57A10A.13	R09A8.2	21.01	7.00451563666157	0	0
Y57A10A.13	R09A8.5	18.19	2.0705321149276	0	0
Y57A10A.13	R09A8.9	10.414	7.11930164551091	0	0
Y57A10A.13	R09B5.11	23.88	6.97145003369298	0	0
Y57A10A.13	R09D1.12	24.682	11.3863791202971	0	0
Y57A10A.13	R09D1.13	21.946	3.38935540459757	0	0
Y57A10A.13	R09D1.14	16.164	48.7711021923597	0	0
Y57A10A.13	R09E10.1	15.75	27.6669171003792	0	0
Y57A10A.13	R09E10.13	12.296	4.71789247023824	0	0
Y57A10A.13	R09E10.2	20.73	20.2773400648801	0	0
Y57A10A.13	R09E10.5	16.196	50.4636442716149	0	0
Y57A10A.13	R09E10.6	8.608	8.15492313032153	0	0
Y57A10A.13	R09E10.8	27.214	1.44822250050437	0	0
Y57A10A.13	R09E12.9	28.678	1.14153111837498	0	0
Y57A10A.13	R09F10.1	21.34	19.6002087377861	0	0
Y57A10A.13	R09F10.3	16.478	3.29346382358868	0	0
Y57A10A.13	R09F10.5	17.632	7.67503813485687	0	0
Y57A10A.13	R09F10.8	7.23	7.8253638505204	0	0
Y57A10A.13	R09H10.1	23.948	6.18861390070658	0	0
Y57A10A.13	R09H10.2	26.948	2.02375784815652	0	0
Y57A10A.13	R09H10.3	28.134	1.1981605612476	0	0
Y57A10A.13	R09H10.5	25.34	2.85325383849929	0	0
Y57A10A.13	R09H10.6	24.33	10.3415869534961	0	0
Y57A10A.13	R09H10.7	21.166	1.72190542586645	0	0
Y57A10A.13	R09H3.2	14.566	15.3257485864005	0	0
Y57A10A.13	R09H3.3	11.91	3.41007867189794	0	0
Y57A10A.13	R102.1	28.82	2.44504871631202	0	0
Y57A10A.13	R102.10	17.012	5.82289403271697	0	0
Y57A10A.13	R102.11	6.434	6.50427982811207	0	0
Y57A10A.13	R102.2	28.502	6.55209075674601	0	0
Y57A10A.13	R102.3	21.204	14.8934656179701	0	0
Y57A10A.13	R102.4	19.53	13.7460058449233	0	0
Y57A10A.13	R102.6	22.59	1.82706853328809	0	0
Y57A10A.13	R102.8	18.898	2.84944769654099	0	0
Y57A10A.13	R105.1	24.346	7.70755256976749	0	0
Y57A10A.13	R105.5	24.822	7.5032770222368	0	0
Y57A10A.13	R107.2	23.482	8.12911699317052	0	0
Y57A10A.13	R107.5	9.014	3.951655089575	0	0
Y57A10A.13	R107.9	14.352	27.2887441677428	0	0
Y57A10A.13	R10A10.1	15.73	3.85258455845536	0	0
Y57A10A.13	R10D12.1	17.8	1.88223208626415	0	0
Y57A10A.13	R10D12.10	24.818	9.40861894207471	0	0
Y57A10A.13	R10D12.13	21.238	5.51335805257577	0	0
Y57A10A.13	R10D12.15	22.832	3.19237345223085	0	0
Y57A10A.13	R10D12.6	17.514	17.6360793184639	0	0
Y57A10A.13	R10D12.7	14.474	2.46049466630331	0	0
Y57A10A.13	R10D12.8	18.222	21.1033967767818	0	0
Y57A10A.13	R10E11.5	17.956	7.81795107501273	0	0
Y57A10A.13	R10E11.6	21.896	3.03435324603579	0	0
Y57A10A.13	R10E11.9	21.5	5.7495973005457	0	0
Y57A10A.13	R10E12.2	20.854	6.05043019032422	0	0
Y57A10A.13	R10E4.1	22.194	17.3427175729311	0	0
Y57A10A.13	R10E4.11	23.33	11.2711646004588	0	0
Y57A10A.13	R10E4.3	24.002	4.44991396497291	0	0
Y57A10A.13	R10E4.6	25.324	1.5391801861809	0	0
Y57A10A.13	R10E4.7	19.322	1.82077221612915	0	0
Y57A10A.13	R10E4.9	22.536	0.933214838649281	0	0
Y57A10A.13	R10E8.1	25.486	2.75005108989676	0	0
Y57A10A.13	R10E8.2	26.736	10.1498901498339	0	0
Y57A10A.13	R10E8.3	26.636	6.1259601992883	0	0
Y57A10A.13	R10E8.5	13.984	1.89576482604457	0	0
Y57A10A.13	R10E8.6	29.436	3.21790411335142	0	0
Y57A10A.13	R10E8.8	22.25	8.93743773169516	0	0
Y57A10A.13	R10E9.2	15.21	7.35359048611726	0	0
Y57A10A.13	R10E9.3	8.178	11.8596409397516	0	0
Y57A10A.13	R10E9.4	9.624	8.94251535659657	0	0
Y57A10A.13	R10F2.4	19.03	5.82448632361318	0	0
Y57A10A.13	R10F2.5	22.54	5.58865350346042	0	0
Y57A10A.13	R10F2.6	18.834	18.007098407513	0	0
Y57A10A.13	R10H1.1	22.056	6.66420536776803	0	0
Y57A10A.13	R10H10.3	22.81	2.39241800081407	0	0
Y57A10A.13	R10H10.4	23.036	7.76356789295451	0	0
Y57A10A.13	R10H10.7	29.632	0.484012057621689	0	0
Y57A10A.13	R11.3	15.812	3.01199237006707	0	0
Y57A10A.13	R11.4	23.164	6.57925106385968	0	0
Y57A10A.13	R119.3	23.124	8.46387630404014	0	0
Y57A10A.13	R119.5	18.428	3.45712650820675	0	0
Y57A10A.13	R11A5.3	17.48	12.7067339598051	0	0
Y57A10A.13	R11A5.6	21.196	7.89751081009498	0	0
Y57A10A.13	R11A8.1	12.2	10.5573961409053	0	0
Y57A10A.13	R11D1.1	23.542	4.74876173394169	0	0
Y57A10A.13	R11D1.12	14.078	17.5598669782694	0	0
Y57A10A.13	R11D1.13	21.586	6.15552894801246	0	0
Y57A10A.13	R11D1.2	27.74	0.61968685788288	0	0
Y57A10A.13	R11D1.3	23.724	3.13122833365486	0	0
Y57A10A.13	R11D1.4	26.374	9.20068302022854	0	0
Y57A10A.13	R11D1.7	24.08	5.91518711304686	0	0
Y57A10A.13	R11E3.1	23.056	13.9956517220874	0	0
Y57A10A.13	R11E3.19	12.826	9.21963232684123	0	0
Y57A10A.13	R11E3.2	19.092	2.82729412857083	0	0
Y57A10A.13	R11F4.1	22.848	2.90294403475535	0	0
Y57A10A.13	R11F4.2	20.798	9.55356247657613	0	0
Y57A10A.13	R11G1.1	20.626	4.26144332780987	0	0
Y57A10A.13	R11G1.11	23.256	2.03388827434327	0	0
Y57A10A.13	R11G1.2	2.944	3.10945448134397	1	1
Y57A10A.13	R11G1.7	10.362	10.6534571348681	0	0
Y57A10A.13	R11G10.3	25.394	1.93552762056097	0	0
Y57A10A.13	R11G10.4	11.408	2.95408032675543	0	0
Y57A10A.13	R11G11.16	22.944	7.48983324788075	0	0
Y57A10A.13	R11H6.2	21.448	1.73872110752365	0	0
Y57A10A.13	R11H6.4	15.042	22.2127727485651	0	0
Y57A10A.13	R11H6.5	20.996	6.79653434170976	0	0
Y57A10A.13	R12A1.3	24.118	5.60556614511457	0	0
Y57A10A.13	R12B2.13	7.218	8.0303296177813	0	0
Y57A10A.13	R12B2.2	22.228	8.19598727251272	0	0
Y57A10A.13	R12B2.3	17.228	2.5269267959535	0	0
Y57A10A.13	R12B2.6	20.184	13.2615008329746	0	0
Y57A10A.13	R12B2.7	14.286	3.84979572925439	0	0
Y57A10A.13	R12B2.8	26.648	3.7175067790905	0	0
Y57A10A.13	R12C12.10	7.722	14.7287255658966	0	0
Y57A10A.13	R12C12.5	18.796	8.87551388177814	0	0
Y57A10A.13	R12C12.6	15.252	3.63854214685549	0	0
Y57A10A.13	R12C12.7	23.86	1.41942114181694	0	0
Y57A10A.13	R12C12.9	17.048	4.73522290289299	0	0
Y57A10A.13	R12E2.11	22.548	10.9434231396919	0	0
Y57A10A.13	R12E2.13	23.236	3.04598074104311	0	0
Y57A10A.13	R12E2.14	13.284	4.96256263055376	0	0
Y57A10A.13	R12E2.15	14.416	8.27925056228726	0	0
Y57A10A.13	R12E2.6	14.308	34.668013601662	0	0
Y57A10A.13	R12E2.7	12.98	11.2765327972462	0	0
Y57A10A.13	R12E2.8	22.698	10.7724102293775	0	0
Y57A10A.13	R12G8.1	19.952	16.402372753214	0	0
Y57A10A.13	R12H7.4	14.262	0.616067385681918	0	0
Y57A10A.13	R13A1.1	20.362	3.45935249983483	0	0
Y57A10A.13	R13A1.10	20.64	2.29586758705397	0	0
Y57A10A.13	R13A1.3	20.992	5.63755562273963	0	0
Y57A10A.13	R13A1.5	18.624	9.23403712643329	0	0
Y57A10A.13	R13A5.10	20.984	3.70527674972305	0	0
Y57A10A.13	R13A5.11	22.078	10.3775267962791	0	0
Y57A10A.13	R13A5.15	18.31	2.95552249970484	0	0
Y57A10A.13	R13A5.7	21.654	16.9433231469814	0	0
Y57A10A.13	R13D11.1	15.172	3.44266899503458	0	0
Y57A10A.13	R13D11.10	5.428	3.57804668719535	0	0
Y57A10A.13	R13D11.3	16.912	1.71700013366902	0	0
Y57A10A.13	R13D11.4	22.188	7.16570971385825	0	0
Y57A10A.13	R13D7.2	21.762	16.1172585758684	0	0
Y57A10A.13	R13H4.2	20.506	4.4820635090705	0	0
Y57A10A.13	R13H4.5	24.102	6.19008789801114	0	0
Y57A10A.13	R13H4.6	24.298	5.05816173977669	0	0
Y57A10A.13	R13H4.7	13.308	1.01983995054545	0	0
Y57A10A.13	R13H7.2	25.282	3.19669857706198	0	0
Y57A10A.13	R13H9.6	20.776	11.9867029460375	0	0
Y57A10A.13	R144.10	16.54	2.47699521470635	0	0
Y57A10A.13	R144.11	24.56	3.40793424211444	0	0
Y57A10A.13	R144.12	23.886	3.68709112597602	0	0
Y57A10A.13	R144.13	25.216	10.082746426859	0	0
Y57A10A.13	R144.3	19.49	24.741566298326	0	0
Y57A10A.13	R144.6	17.756	2.36593392261611	0	0
Y57A10A.13	R148.3	15.652	22.0661762685169	0	0
Y57A10A.13	R148.4	14.356	13.1847093365549	0	0
Y57A10A.13	R148.5	17.398	12.6569743580202	0	0
Y57A10A.13	R148.7	11.514	4.44409646947441	0	0
Y57A10A.13	R148.8	19.808	5.06954906777774	0	0
Y57A10A.13	R151.1	21.83	9.29292197840563	0	0
Y57A10A.13	R151.6	15.804	6.08833588196087	0	0
Y57A10A.13	R151.8	17.942	23.8161113942244	0	0
Y57A10A.13	R151.8A	23.394	3.95644222702554	0	0
Y57A10A.13	R155.3	19.222	6.6526727668859	0	0
Y57A10A.13	R155.5	18.812	3.93121623333378	0	0
Y57A10A.13	R160.10	9.668	6.64091448309719	0	0
Y57A10A.13	R160.12	18.374	7.68994673459829	0	0
Y57A10A.13	R160.13	6.558	10.0220226721065	0	0
Y57A10A.13	R160.14	19.798	20.4341317630394	0	0
Y57A10A.13	R160.2	15.882	4.67007145372497	0	0
Y57A10A.13	R160.3	18.882	9.44379271360495	0	0
Y57A10A.13	R160.4	19.162	3.93194229819518	0	0
Y57A10A.13	R160.5	18.194	3.82667658662154	0	0
Y57A10A.13	R160.6	23.498	4.61514857144876	0	0
Y57A10A.13	R166.2	24.446	5.44091656448875	0	0
Y57A10A.13	R166.3	13.538	4.16129424820845	0	0
Y57A10A.13	R186.3	25.758	2.51487237802679	0	0
Y57A10A.13	R186.8	25.178	5.90454855251262	0	0
Y57A10A.13	R193.1	25.036	7.02525710954284	0	0
Y57A10A.13	R193.2	20.644	1.91403259561428	0	0
Y57A10A.13	R193.6	16.936	5.49690893583172	0	0
Y57A10A.13	R31.2	24.772	7.44140752639766	0	0
Y57A10A.13	R52.4	24.564	7.15712283229384	0	0
Y57A10A.13	R52.5	22.846	16.2628224610031	0	0
Y57A10A.13	R52.6	13.238	57.5450421377134	0	0
Y57A10A.13	R53.4	15.25	4.03771523464002	0	0
Y57A10A.13	R53.5	12.582	3.45727430325543	0	0
Y57A10A.13	R53.8	25.848	5.59712403882537	0	0
Y57A10A.13	R57.2	22.08	12.9382026823655	0	0
Y57A10A.13	R74.2	13.052	3.66696734744289	0	0
Y57A10A.13	R74.7	22.76	15.3432324258561	0	0
Y57A10A.13	R74.8	21.89	10.4587044515722	0	0
Y57A10A.13	T01A4.9	19.666	5.44782001433007	0	0
Y57A10A.13	T01B10.5	19.198	12.9486620926532	0	0
Y57A10A.13	T01B11.1	23.084	5.44865648984074	0	0
Y57A10A.13	T01B4.3	15.758	12.350756805849	0	0
Y57A10A.13	T01B6.1	17.544	7.75608610616224	0	0
Y57A10A.13	T01B7.13	21.768	3.82197513526281	0	0
Y57A10A.13	T01B7.5	29.032	3.78198028794099	0	0
Y57A10A.13	T01B7.9	15.294	6.10792905339458	0	0
Y57A10A.13	T01C1.4	18.176	7.84050105015089	0	0
Y57A10A.13	T01C3.11	25.066	4.03317240107178	0	0
Y57A10A.13	T01C3.2	25.128	3.59989962095675	0	0
Y57A10A.13	T01C3.3	27.682	4.60615731628906	0	0
Y57A10A.13	T01C4.8	15.526	9.1688936800985	0	0
Y57A10A.13	T01C8.2	21.234	16.4722848963662	0	0
Y57A10A.13	T01C8.3	15.096	12.9663744893701	0	0
Y57A10A.13	T01D1.3	22.666	10.0236747061773	0	0
Y57A10A.13	T01D1.4	25.618	5.14007323374261	0	0
Y57A10A.13	T01D1.5	11.998	6.16611757476639	0	0
Y57A10A.13	T01D1.7	19.474	2.13200526337401	0	0
Y57A10A.13	T01D1.8	21.446	11.0175438998666	0	0
Y57A10A.13	T01D3.3	24.748	2.82654807291149	0	0
Y57A10A.13	T01D3.6	21.588	1.73611856750871	0	0
Y57A10A.13	T01E8.1	28.168	0.688578381507153	0	0
Y57A10A.13	T01G1.2	17.606	9.84952765979725	0	0
Y57A10A.13	T01G1.4	19.71	2.92929833975616	0	0
Y57A10A.13	T01G5.6	27.516	1.65679516322717	0	0
Y57A10A.13	T01G5.7	23.584	12.1614197296156	0	0
Y57A10A.13	T01G5.8	9.306	18.3391672413539	0	0
Y57A10A.13	T01G6.1	28.922	1.67637155056052	0	0
Y57A10A.13	T01G6.10	23.28	5.88229243046878	0	0
Y57A10A.13	T01G9.2	25.816	4.31712449814196	0	0
Y57A10A.13	T01H10.11	26.354	2.49494596868958	0	0
Y57A10A.13	T01H3.2	23.828	16.6696155860792	0	0
Y57A10A.13	T01H3.3	19.778	4.24102940805583	0	0
Y57A10A.13	T01H3.5	20.254	4.39136359088114	0	0
Y57A10A.13	T02B11.4	24.674	9.38952525111282	0	0
Y57A10A.13	T02B11.6	22.376	5.44380177770257	0	0
Y57A10A.13	T02B11.8	11.65	8.47745416317692	0	0
Y57A10A.13	T02B11.9	14.864	35.1800423887342	0	0
Y57A10A.13	T02C1.1	20.764	7.49790714966655	0	0
Y57A10A.13	T02C1.2	11.778	2.65547538004402	0	0
Y57A10A.13	T02C12.5	21.52	10.7242386060875	0	0
Y57A10A.13	T02C5.1	18.824	12.9469592742736	0	0
Y57A10A.13	T02D1.4	20.506	2.13504703677162	0	0
Y57A10A.13	T02D1.7	19.856	3.32919333119929	0	0
Y57A10A.13	T02D1.8	26.066	5.3160728725944	0	0
Y57A10A.13	T02D1.9	22.608	17.5404909135481	0	0
Y57A10A.13	T02E1.2	24.594	4.38043991170579	0	0
Y57A10A.13	T02E1.6	17.366	4.6125653700765	0	0
Y57A10A.13	T02E1.7	23.02	4.12718915763828	0	0
Y57A10A.13	T02E1.8	22.608	7.06250144592613	0	0
Y57A10A.13	T02E9.5	15.146	2.20593397648324	0	0
Y57A10A.13	T02E9.6	20.322	1.36563711085989	0	0
Y57A10A.13	T02G5.14	23.126	9.19784771310735	0	0
Y57A10A.13	T02G5.15	15.514	6.54519205179708	0	0
Y57A10A.13	T02G5.3	24.15	18.2986234325894	0	0
Y57A10A.13	T02G5.7	26.706	4.72921650743542	0	0
Y57A10A.13	T02G6.11	21.108	3.1671439980121	0	0
Y57A10A.13	T02G6.3	10.312	5.05170536605862	0	0
Y57A10A.13	T02G6.4	27.344	3.20071252791632	0	0
Y57A10A.13	T02G6.5	26.08	2.94110339067737	0	0
Y57A10A.13	T02G6.6	11.112	2.33756191227487	0	0
Y57A10A.13	T02H6.1	22.714	8.91597282113585	0	0
Y57A10A.13	T02H6.10	24.728	4.25499005173412	0	0
Y57A10A.13	T02H6.11	24.8	3.54322847161754	0	0
Y57A10A.13	T02H6.3	20.432	11.9440272862949	0	0
Y57A10A.13	T02H6.4	26.416	3.56233356969864	0	0
Y57A10A.13	T02H6.5	19.798	13.1751838325133	0	0
Y57A10A.13	T02H6.6	17.174	14.1236088759966	0	0
Y57A10A.13	T02H6.7	26.47	5.41415169622247	0	0
Y57A10A.13	T02H6.8	19.01	3.94248541242541	0	0
Y57A10A.13	T02H6.9	22.67	8.64612496302685	0	0
Y57A10A.13	T03D3.5	24.226	5.22868173923177	0	0
Y57A10A.13	T03D8.6	24.394	2.41281890738781	0	0
Y57A10A.13	T03E6.8	19.576	5.75580510156556	0	0
Y57A10A.13	T03E6.9	25.086	2.81782855298219	0	0
Y57A10A.13	T03F1.11	11.364	7.34489254572055	0	0
Y57A10A.13	T03F1.12	22.076	1.32592617332675	0	0
Y57A10A.13	T03F1.6	26.498	7.73796994722635	0	0
Y57A10A.13	T03F6.10	13.814	10.9863622956743	0	0
Y57A10A.13	T03F6.3	26.396	2.26129697689463	0	0
Y57A10A.13	T03F6.4	23.022	3.91212651136803	0	0
Y57A10A.13	T03F6.6	22.29	4.45706028067108	0	0
Y57A10A.13	T03F6.9	25.16	1.73997807153001	0	0
Y57A10A.13	T03F7.5	21.442	2.29459051172088	0	0
Y57A10A.13	T03F7.6	26.444	7.1947207058281	0	0
Y57A10A.13	T03F7.7	21.444	1.96152993453617	0	0
Y57A10A.13	T03G11.10	20.144	3.64469134618753	0	0
Y57A10A.13	T03G11.3	12.334	4.62904639565489	0	0
Y57A10A.13	T03G11.9	22.776	2.15934743845301	0	0
Y57A10A.13	T03G6.1	19.51	6.01988010109402	0	0
Y57A10A.13	T03G6.3	23.252	8.02063669610034	0	0
Y57A10A.13	T03G6.7	3.412	9.24351257707874	1	1
Y57A10A.13	T04A11.1	15.982	1.40776428866554	0	0
Y57A10A.13	T04A11.2	24.694	8.18701811392688	0	0
Y57A10A.13	T04A6.1	18.624	4.46188438340009	0	0
Y57A10A.13	T04A6.2	9.33	1.86415081789133	0	0
Y57A10A.13	T04A6.3	19.786	3.44245461907314	0	0
Y57A10A.13	T04A8.13	6.35	7.44750367107139	0	0
Y57A10A.13	T04A8.18	21.032	6.33302092235096	0	0
Y57A10A.13	T04A8.7	24.622	4.85651741265566	0	0
Y57A10A.13	T04A8.8	17.962	4.02493707068036	0	0
Y57A10A.13	T04B2.3	22.492	10.7482786939591	0	0
Y57A10A.13	T04B2.7	14.306	3.38011825176923	0	0
Y57A10A.13	T04B2.8	15.944	5.52476724299081	0	0
Y57A10A.13	T04B8.1	24.538	1.61204209825303	0	0
Y57A10A.13	T04B8.5	24.282	8.03340614113975	0	0
Y57A10A.13	T04C10.11	19.574	5.4760474267077	0	0
Y57A10A.13	T04C10.3	28.344	2.83891271337944	0	0
Y57A10A.13	T04C12.1	20.624	1.84493634350634	0	0
Y57A10A.13	T04C12.11	12.3	3.29494050880641	0	0
Y57A10A.13	T04C12.33	22.732	7.56063098294686	0	0
Y57A10A.13	T04C12.7	20.496	7.54902991763123	0	0
Y57A10A.13	T04C12.8	17.6	4.0899225451859	0	0
Y57A10A.13	T04C12.9	16.626	1.26422705331998	0	0
Y57A10A.13	T04C4.3	6.402	14.3392349476441	0	0
Y57A10A.13	T04C9.1	25.69	3.49030934549784	0	0
Y57A10A.13	T04C9.2	18.014	9.36857543050018	0	0
Y57A10A.13	T04C9.3	8.65	7.88546091458264	0	0
Y57A10A.13	T04D1.2	22.026	3.94643170921375	0	0
Y57A10A.13	T04D3.1	26.306	3.67447528872422	0	0
Y57A10A.13	T04D3.5	15.142	2.90334724648345	0	0
Y57A10A.13	T04D3.8	25.044	6.75772087590851	0	0
Y57A10A.13	T04F3.3	21.898	2.4906754227945	0	0
Y57A10A.13	T04F3.4	13.104	5.13073689974869	0	0
Y57A10A.13	T04F3.5	24.736	14.6508531855622	0	0
Y57A10A.13	T04F8.2	17.222	2.47524264764754	0	0
Y57A10A.13	T04F8.3	17.792	4.26499574956285	0	0
Y57A10A.13	T04F8.7	14.168	22.7262534360794	0	0
Y57A10A.13	T04F8.8	17.868	12.3623627127902	0	0
Y57A10A.13	T04F8.9	16.258	6.88746074461482	0	0
Y57A10A.13	T04G9.4	27.492	2.2940859094491	0	0
Y57A10A.13	T04G9.6	24.12	4.07516291676763	0	0
Y57A10A.13	T04G9.7	26.968	6.42135174060935	0	0
Y57A10A.13	T04H1.12	18.47	23.1782145884887	0	0
Y57A10A.13	T04H1.13	4.854	11.2071381389816	0	0
Y57A10A.13	T04H1.5	22.84	16.57789011122	0	0
Y57A10A.13	T05A1.5	23.732	2.3256527380705	0	0
Y57A10A.13	T05A10.6	7.31	2.30334586053116	0	0
Y57A10A.13	T05A12.3	14.936	2.95069180249668	0	0
Y57A10A.13	T05A12.4	18.154	0.948185903878591	0	0
Y57A10A.13	T05A7.1	21.64	6.28363860384659	0	0
Y57A10A.13	T05A7.11	26.636	5.76055943834439	0	0
Y57A10A.13	T05A7.13	27.23	3.53536009866535	0	0
Y57A10A.13	T05A7.3	26.422	5.68587365385762	0	0
Y57A10A.13	T05A7.6	22.03	7.8381547603094	0	0
Y57A10A.13	T05A7.7	20.524	9.07745385028366	0	0
Y57A10A.13	T05A8.1	23.366	3.22638298268807	0	0
Y57A10A.13	T05A8.11	6.154	8.85908418840881	0	0
Y57A10A.13	T05A8.2	18.872	5.79787774834226	0	0
Y57A10A.13	T05A8.6	12.71	8.17553262213781	0	0
Y57A10A.13	T05A8.7	26.646	1.34021401846007	0	0
Y57A10A.13	T05A8.8	16.49	25.765132687983	0	0
Y57A10A.13	T05B11.4	23.108	9.33304621507601	0	0
Y57A10A.13	T05B11.7	26.436	6.9010861118355	0	0
Y57A10A.13	T05B4.10	17.466	7.96764309167509	0	0
Y57A10A.13	T05B4.12	26.718	0.849952430620957	0	0
Y57A10A.13	T05B4.13	25.744	6.54262622806891	0	0
Y57A10A.13	T05B4.8	25.066	3.89444401026658	0	0
Y57A10A.13	T05B4.9	27.098	2.83414789220208	0	0
Y57A10A.13	T05B9.1	24.52	5.73266442150286	0	0
Y57A10A.13	T05B9.2	8.432	3.17274311788482	0	0
Y57A10A.13	T05C1.1	17.766	4.98096406227709	0	0
Y57A10A.13	T05C1.2	12.544	22.675198572389	0	0
Y57A10A.13	T05C1.3	19.628	0.65779679117911	0	0
Y57A10A.13	T05C1.5	25.002	10.6968225069793	0	0
Y57A10A.13	T05C12.1	24.92	3.73345211865586	0	0
Y57A10A.13	T05C12.11	2.014	1.1430848493765	1	1
Y57A10A.13	T05C12.15	17.45	5.24832638510436	0	0
Y57A10A.13	T05C12.4	21.368	2.85231836295667	0	0
Y57A10A.13	T05C12.8	13.444	47.1917626894305	0	0
Y57A10A.13	T05C12.9	23.706	10.6981577732485	0	0
Y57A10A.13	T05C3.2	10.522	2.13615800754021	0	0
Y57A10A.13	T05C3.6	22.752	1.25529457547179	0	0
Y57A10A.13	T05C7.4	8.686	3.0758733322268	0	0
Y57A10A.13	T05C7.5	12.988	13.6060228540277	0	0
Y57A10A.13	T05C7.7	10.132	7.36482161008142	0	0
Y57A10A.13	T05C7.8	10.146	6.29618959458441	0	0
Y57A10A.13	T05C7.9	17.81	15.0630646638835	0	0
Y57A10A.13	T05D4.2	24.106	8.84675745831935	0	0
Y57A10A.13	T05D4.5	24.572	6.17923229042074	0	0
Y57A10A.13	T05E12.3	24.22	21.7972521075018	0	0
Y57A10A.13	T05E12.6	24.498	6.17561101503232	0	0
Y57A10A.13	T05E12.8	23.452	5.4066975372924	0	0
Y57A10A.13	T05E12.9	25.828	7.95289608415049	0	0
Y57A10A.13	T05E7.1	23.328	2.90538578969776	0	0
Y57A10A.13	T05E7.4	22.308	3.51075586113854	0	0
Y57A10A.13	T05F1.11	26.648	3.10736989919937	0	0
Y57A10A.13	T05F1.13	27.398	1.97708797674751	0	0
Y57A10A.13	T05F1.15	26.87	3.34687490669984	0	0
Y57A10A.13	T05F1.2	23.654	3.63754254641451	0	0
Y57A10A.13	T05F1.4	18.718	13.0215821168026	0	0
Y57A10A.13	T05F1.5	25.944	5.26310372176739	0	0
Y57A10A.13	T05F1.7	29.066	2.13163319082064	0	0
Y57A10A.13	T05F1.8	16.46	3.56638156049554	0	0
Y57A10A.13	T05F1.9	16.92	15.9570637376313	0	0
Y57A10A.13	T05G5.1	7.468	5.90654653839907	0	0
Y57A10A.13	T05G5.4	20.814	0.791351348318807	0	0
Y57A10A.13	T05G5.5	20.152	2.35914850959173	0	0
Y57A10A.13	T05H10.1	14.526	5.71194285530645	0	0
Y57A10A.13	T05H10.4	17.284	19.9949060359236	0	0
Y57A10A.13	T05H10.8	21.104	2.75209046056538	0	0
Y57A10A.13	T05H4.11	12.648	39.0291556030582	0	0
Y57A10A.13	T05H4.15	25.77	4.89940523997504	0	0
Y57A10A.13	T05H4.3	23.24	5.4790121591319	0	0
Y57A10A.13	T05H4.4	24.43	8.15749000372255	0	0
Y57A10A.13	T05H4.7	6.564	11.7970414143338	0	0
Y57A10A.13	T06A1.1	27.19	2.42415671978857	0	0
Y57A10A.13	T06A1.5	24.354	4.61654399131491	0	0
Y57A10A.13	T06A10.106	26.502	6.80039345162514	0	0
Y57A10A.13	T06A10.107	15.462	5.00663117871659	0	0
Y57A10A.13	T06A10.2	11.49	9.49788125657901	0	0
Y57A10A.13	T06A4.1	20.88	1.22805377442127	0	0
Y57A10A.13	T06A4.3	23.834	3.37154178836604	0	0
Y57A10A.13	T06C10.3	19.344	35.0902935304756	0	0
Y57A10A.13	T06C12.11	18.318	1.51454676818553	0	0
Y57A10A.13	T06C12.12	24.364	8.29907505680586	0	0
Y57A10A.13	T06C12.14	22.968	1.52429460866582	0	0
Y57A10A.13	T06C12.9	16.312	2.34180213561811	0	0
Y57A10A.13	T06D10.3	13.746	5.94283927675667	0	0
Y57A10A.13	T06D10.8	20.83	14.2266857126399	0	0
Y57A10A.13	T06D4.1	21.24	17.4687564197665	0	0
Y57A10A.13	T06D4.2	23.4	6.08055236810951	0	0
Y57A10A.13	T06D4.6	15.128	5.74301808113486	0	0
Y57A10A.13	T06D8.10	26.344	1.14998535315409	0	0
Y57A10A.13	T06D8.2	25.894	3.49332149086005	0	0
Y57A10A.13	T06D8.9	18.55	6.4095425477219	0	0
Y57A10A.13	T06E4.21	24.902	15.0388695915341	0	0
Y57A10A.13	T06E4.5	18.44	24.1093385407786	0	0
Y57A10A.13	T06E4.7	18.162	8.68957993638598	0	0
Y57A10A.13	T06E6.1	21.222	8.21752773944332	0	0
Y57A10A.13	T06E6.10	19.156	12.83352326617	0	0
Y57A10A.13	T06E6.15	25.214	2.88523026310454	0	0
Y57A10A.13	T06E8.2	11.126	5.25030517352929	0	0
Y57A10A.13	T06F4.1	17.78	7.78949900969102	0	0
Y57A10A.13	T06G6.12	22.294	6.04035413482718	0	0
Y57A10A.13	T06G6.3	26.06	5.39410081068475	0	0
Y57A10A.13	T06G6.4	19.622	1.91956142106508	0	0
Y57A10A.13	T06G6.5	23.03	30.7267132423044	0	0
Y57A10A.13	T06G6.6	14.562	2.44552917171977	0	0
Y57A10A.13	T07A5.1	25.016	2.85818474774124	0	0
Y57A10A.13	T07A5.7	8.292	9.6814868404727	0	0
Y57A10A.13	T07A9.12	17.824	2.2826177181825	0	0
Y57A10A.13	T07A9.14	17.904	16.7487510245232	0	0
Y57A10A.13	T07A9.15	23.162	3.33901296246104	0	0
Y57A10A.13	T07A9.8	27.848	4.81507713671519	0	0
Y57A10A.13	T07C12.10	19.206	11.9487158529064	0	0
Y57A10A.13	T07C4.12	18.086	2.04600540926568	0	0
Y57A10A.13	T07C4.3	18.078	9.51387655008929	0	0
Y57A10A.13	T07D1.3	27.87	1.54141668633015	0	0
Y57A10A.13	T07D10.1	21.008	4.28810000312544	0	0
Y57A10A.13	T07D10.3	21.688	2.33961184763578	0	0
Y57A10A.13	T07D3.2	24.41	6.04388990577833	0	0
Y57A10A.13	T07D3.4	22.56	7.12488313042764	0	0
Y57A10A.13	T07D3.9	26.376	2.55789463847946	0	0
Y57A10A.13	T07D4.2	23.62	4.12693491497369	0	0
Y57A10A.13	T07D4.5	26.576	4.63256272209847	0	0
Y57A10A.13	T07E3.2	13.796	49.9310856640045	0	0
Y57A10A.13	T07E3.3	23.542	1.39897986762475	0	0
Y57A10A.13	T07E3.4	13.686	7.44294353254759	0	0
Y57A10A.13	T07F10.3	13.376	3.14999320128827	0	0
Y57A10A.13	T07F10.5	22.684	10.8249448623788	0	0
Y57A10A.13	T07F12.1	21.408	2.30865464012042	0	0
Y57A10A.13	T07F12.2	23.702	3.48300669159546	0	0
Y57A10A.13	T07F12.4	21.388	11.2433059599678	0	0
Y57A10A.13	T07F8.1	28.598	1.77516366324451	0	0
Y57A10A.13	T07F8.4	17.912	18.6261630757915	0	0
Y57A10A.13	T07G12.2	23.844	3.50821445692626	0	0
Y57A10A.13	T07G12.3	19.562	10.4224535153531	0	0
Y57A10A.13	T07G12.4	11.798	4.76597695190166	0	0
Y57A10A.13	T07H3.7	14.114	4.40552491435615	0	0
Y57A10A.13	T07H3.8	16.73	3.25172066643681	0	0
Y57A10A.13	T07H8.11	19.094	22.0435421679557	0	0
Y57A10A.13	T08A9.13	21.736	7.85087923596367	0	0
Y57A10A.13	T08B1.1	24.588	1.30949349331251	0	0
Y57A10A.13	T08B1.4	18.558	1.60003414255591	0	0
Y57A10A.13	T08B2.11	20.306	22.5938702327635	0	0
Y57A10A.13	T08B2.12	19.036	16.2119285577885	0	0
Y57A10A.13	T08B2.15	22.496	4.8081126628901	0	0
Y57A10A.13	T08B2.4	15.252	3.07017274296199	0	0
Y57A10A.13	T08B6.1	18.274	6.51055853824257	0	0
Y57A10A.13	T08B6.4	21.938	3.08593925150622	0	0
Y57A10A.13	T08B6.9	20.458	11.2232638230647	0	0
Y57A10A.13	T08D10.3	26.67	8.33889356431732	0	0
Y57A10A.13	T08D10.4	21.448	12.9714476925589	0	0
Y57A10A.13	T08D10.5	24.532	7.30338668557565	0	0
Y57A10A.13	T08D2.4	22.072	7.43957379114662	0	0
Y57A10A.13	T08D2.5	27.636	3.13740222256202	0	0
Y57A10A.13	T08D2.6	12.518	33.1100970189757	0	0
Y57A10A.13	T08D2.8	23.306	14.1991944936313	0	0
Y57A10A.13	T08E11.1	13.122	2.17118954756963	0	0
Y57A10A.13	T08G11.2	15.412	1.71324585149903	0	0
Y57A10A.13	T08G11.3	23.036	9.41981814622188	0	0
Y57A10A.13	T08G2.2	24.59	6.16026929294989	0	0
Y57A10A.13	T08G3.11	25.964	4.71265240182935	0	0
Y57A10A.13	T08G3.13	19.902	6.86944847446541	0	0
Y57A10A.13	T08G3.6	26.46	4.5851052874857	0	0
Y57A10A.13	T08G5.1	4.31	6.05252782401187	1	1
Y57A10A.13	T08G5.15	24.148	2.61963688321023	0	0
Y57A10A.13	T08G5.2	21.808	2.39925876192972	0	0
Y57A10A.13	T08G5.3	21.23	6.79894529876175	0	0
Y57A10A.13	T08H10.3	19.326	3.39633869603305	0	0
Y57A10A.13	T09A12.1	19.286	11.1302188870874	0	0
Y57A10A.13	T09A12.8	11.11	13.4025790066134	0	0
Y57A10A.13	T09A5.14	19.142	8.76518615804227	0	0
Y57A10A.13	T09A5.15	10.478	7.32682162802303	0	0
Y57A10A.13	T09A5.4	13.254	3.0650282631713	0	0
Y57A10A.13	T09A5.5	28.902	1.42959922592117	0	0
Y57A10A.13	T09B4.2	22.314	11.5732119496772	0	0
Y57A10A.13	T09B4.3	23.046	14.4377473249098	0	0
Y57A10A.13	T09B4.4	22.468	16.5527346971012	0	0
Y57A10A.13	T09B4.5	17.714	4.65272917114235	0	0
Y57A10A.13	T09B4.6	23.84	6.7447525342554	0	0
Y57A10A.13	T09B4.8	20.764	10.7674899595435	0	0
Y57A10A.13	T09B9.1	22.74	7.7930144457511	0	0
Y57A10A.13	T09B9.3	27.322	3.36888055152698	0	0
Y57A10A.13	T09B9.4	21.648	2.46982687251145	0	0
Y57A10A.13	T09B9.5	19.968	5.04709807963864	0	0
Y57A10A.13	T09D3.3	22.826	8.19759974185872	0	0
Y57A10A.13	T09D3.8	13.348	6.18544418955747	0	0
Y57A10A.13	T09D3.9	21.53	7.44200661025169	0	0
Y57A10A.13	T09E11.10	21.668	6.83770415584198	0	0
Y57A10A.13	T09E11.3	23.35	3.05812773198153	0	0
Y57A10A.13	T09E11.6	24.824	5.98510408777001	0	0
Y57A10A.13	T09E11.8	7.11	1.96654450831358	0	0
Y57A10A.13	T09E11.9	25.718	5.14020095966521	0	0
Y57A10A.13	T09E8.4	25.394	3.11938391706344	0	0
Y57A10A.13	T09F3.2	18.984	1.2424153394544	0	0
Y57A10A.13	T09F3.4	26.246	9.18118952010698	0	0
Y57A10A.13	T09F3.5	13.696	3.36284847161658	0	0
Y57A10A.13	T09F3.7	14.912	14.6947607923951	0	0
Y57A10A.13	T09F5.1	23.304	5.79034217184057	0	0
Y57A10A.13	T09F5.10	23.254	2.4637206762382	0	0
Y57A10A.13	T09F5.2	18.804	9.17273995826184	0	0
Y57A10A.13	T09F5.20	21.344	9.56642146706827	0	0
Y57A10A.13	T10B10.4	23.742	3.46410397909941	0	0
Y57A10A.13	T10B10.8	26.816	2.52997980925251	0	0
Y57A10A.13	T10B10.9	12.492	5.04875198707769	0	0
Y57A10A.13	T10B11.4	24.658	7.17759054324489	0	0
Y57A10A.13	T10B11.5	24.17	5.06822422786871	0	0
Y57A10A.13	T10B11.6	19.346	5.80792594228147	0	0
Y57A10A.13	T10B11.8	20.732	17.6377960741969	0	0
Y57A10A.13	T10B5.10	23.448	2.55055945667226	0	0
Y57A10A.13	T10B5.3	22.316	3.64494720147628	0	0
Y57A10A.13	T10B5.4	24.516	7.99387358727994	0	0
Y57A10A.13	T10B5.7	17.032	1.73049067081053	0	0
Y57A10A.13	T10B5.8	22.354	3.11422438336326	0	0
Y57A10A.13	T10B9.14	13.128	14.9187821437446	0	0
Y57A10A.13	T10B9.9	24.978	2.62992160760684	0	0
Y57A10A.13	T10C6.10	22.32	17.2770975656847	0	0
Y57A10A.13	T10C6.15	15.382	1.39992813206439	0	0
Y57A10A.13	T10C6.16	23.916	8.05628353969965	0	0
Y57A10A.13	T10C6.6	23.804	6.9463340925633	0	0
Y57A10A.13	T10C6.7	25.214	6.54005232483763	0	0
Y57A10A.13	T10D4.1	25.418	1.95455906353465	0	0
Y57A10A.13	T10D4.11	24.666	3.04799236631744	0	0
Y57A10A.13	T10D4.14	26.876	3.4169147419392	0	0
Y57A10A.13	T10D4.15	23.008	7.99470229740518	0	0
Y57A10A.13	T10D4.19	25.584	6.55703481698002	0	0
Y57A10A.13	T10D4.6	20.696	13.0211272738782	0	0
Y57A10A.13	T10D4.7	16.866	2.27077108070981	0	0
Y57A10A.13	T10E9.1	16.864	7.77601183643197	0	0
Y57A10A.13	T10E9.14	10.568	2.5883085522425	0	0
Y57A10A.13	T10E9.2	23.724	2.52109822075625	0	0
Y57A10A.13	T10E9.4	25.462	14.0732278348471	0	0
Y57A10A.13	T10E9.5	18.918	2.47945287857836	0	0
Y57A10A.13	T10E9.6	19.53	7.06670151443023	0	0
Y57A10A.13	T10E9.8	21.296	1.22386289808248	0	0
Y57A10A.13	T10F2.2	13.254	4.89273309793327	0	0
Y57A10A.13	T10F2.5	22.706	4.47041188593356	0	0
Y57A10A.13	T10G3.1	23.372	3.6414081587877	0	0
Y57A10A.13	T10G3.2	2.646	2.45799131390916	1	1
Y57A10A.13	T10G3.3	22.168	3.70938094234596	0	0
Y57A10A.13	T10G3.4	25.482	5.45168201135419	0	0
Y57A10A.13	T10G3.8	20.452	8.98726325091425	0	0
Y57A10A.13	T10H10.2	13.892	3.57840237170654	0	0
Y57A10A.13	T10H4.13	19.872	10.1648944319942	0	0
Y57A10A.13	T10H4.4	21.352	5.23865261462982	0	0
Y57A10A.13	T10H9.1	22.974	1.6667666438357	0	0
Y57A10A.13	T10H9.8	25.036	9.63581250784904	0	0
Y57A10A.13	T11B7.1	28.38	0.920194845468681	0	0
Y57A10A.13	T11B7.2	22.534	11.3858309438863	0	0
Y57A10A.13	T11B7.5	22.97	13.839420588639	0	0
Y57A10A.13	T11F8.1	21.516	6.5214260439507	0	0
Y57A10A.13	T11F8.12	24.188	4.3079331861862	0	0
Y57A10A.13	T11F8.4	17.26	1.17528753042299	0	0
Y57A10A.13	T11F8.5	14.758	11.1847289553313	0	0
Y57A10A.13	T11F9.1	23.082	2.0608199585377	0	0
Y57A10A.13	T11F9.10	17.994	7.5227067060079	0	0
Y57A10A.13	T11F9.14	19.46	7.44462269330913	0	0
Y57A10A.13	T11F9.21	22.85	8.8252466877551	0	0
Y57A10A.13	T11F9.22	16.368	19.4812688786814	0	0
Y57A10A.13	T11F9.7	24.446	5.51658530244815	0	0
Y57A10A.13	T11G6.2	20.946	1.75758614326236	0	0
Y57A10A.13	T11G6.3	22.92	2.01597121328934	0	0
Y57A10A.13	T11G6.4	11.156	5.99890976226187	0	0
Y57A10A.13	T11G6.5	23.43	7.78439274411369	0	0
Y57A10A.13	T12A2.21	14.442	2.87518953950021	0	0
Y57A10A.13	T12A2.3	16.494	2.0886360928526	0	0
Y57A10A.13	T12A7.10	16.044	21.6303848282524	0	0
Y57A10A.13	T12A7.2	18.712	3.25717928493257	0	0
Y57A10A.13	T12A7.6	23.466	7.54454917206545	0	0
Y57A10A.13	T12A7.9	11.946	1.95745480034341	0	0
Y57A10A.13	T12B3.2	22.256	2.26082832228644	0	0
Y57A10A.13	T12B3.3	20.526	4.66258559297254	0	0
Y57A10A.13	T12B5.14	16.386	3.53923869176654	0	0
Y57A10A.13	T12B5.15	19.352	9.32905482700636	0	0
Y57A10A.13	T12C9.7	21.708	10.0039222651977	0	0
Y57A10A.13	T12D8.10	24.488	10.0954720705016	0	0
Y57A10A.13	T12D8.5	25.388	6.01148028227772	0	0
Y57A10A.13	T12D8.9	24.534	1.65531811790806	0	0
Y57A10A.13	T12E12.6	21.602	9.97662089980695	0	0
Y57A10A.13	T12F5.2	24.03	22.5918103401728	0	0
Y57A10A.13	T12G3.11	6.596	7.42766170742341	0	0
Y57A10A.13	T12G3.2	23.536	10.9981668063285	0	0
Y57A10A.13	T12G3.4	16.078	3.78594066626172	0	0
Y57A10A.13	T12G3.6	6.16	5.4316444884161	0	0
Y57A10A.13	T13A10.1	20.512	2.18172466295234	0	0
Y57A10A.13	T13A10.2	23.556	19.4403550858066	0	0
Y57A10A.13	T13A10.64	7.994	8.07635388325742	0	0
Y57A10A.13	T13B5.9	23.904	4.04716680188182	0	0
Y57A10A.13	T13C2.2	21.532	6.12798239450504	0	0
Y57A10A.13	T13C2.3	22.434	5.72132698975279	0	0
Y57A10A.13	T13C2.7	17.966	14.4141635579083	0	0
Y57A10A.13	T13C5.10	19.99	3.98209783140283	0	0
Y57A10A.13	T13C5.2	18.888	25.8581286140534	0	0
Y57A10A.13	T13C5.3	15.602	4.23832804289131	0	0
Y57A10A.13	T13C5.6	18.594	1.73962358116583	0	0
Y57A10A.13	T13C5.7	13.388	3.9539744685946	0	0
Y57A10A.13	T13C5.9	24.83	7.88560783294453	0	0
Y57A10A.13	T13F2.2	14.288	8.18800185661193	0	0
Y57A10A.13	T13F2.4	27.138	1.74076468915181	0	0
Y57A10A.13	T13F2.6	14.906	0.921806737545561	0	0
Y57A10A.13	T13F3.4	27.776	2.97456170048197	0	0
Y57A10A.13	T13F3.6	24.564	8.70920588731718	0	0
Y57A10A.13	T13F3.8	26.87	4.92092246773839	0	0
Y57A10A.13	T13G4.1	24.318	4.32144953909101	0	0
Y57A10A.13	T13G4.4	26.37	5.37240774015466	0	0
Y57A10A.13	T13G4.7	15.402	11.9143821110619	0	0
Y57A10A.13	T13H10.2	27.212	3.11099383369766	0	0
Y57A10A.13	T13H5.1	6.814	5.99065718640649	0	0
Y57A10A.13	T13H5.8	18.28	21.3764461801432	0	0
Y57A10A.13	T14A8.2	11.324	6.57927332954132	0	0
Y57A10A.13	T14B1.1	14.386	22.1707731102005	0	0
Y57A10A.13	T14B4.1	16.68	1.60812333105535	0	0
Y57A10A.13	T14B4.19	11.242	8.17595537480154	0	0
Y57A10A.13	T14B4.20	5.074	15.3968506085557	0	0
Y57A10A.13	T14B4.3	12.8	2.20625331975671	0	0
Y57A10A.13	T14B4.5	20.572	3.46996752455124	0	0
Y57A10A.13	T14B4.8	19.762	1.6460877525864	0	0
Y57A10A.13	T14B4.9	18.318	26.5994152614761	0	0
Y57A10A.13	T14E8.2	23.74	4.20776925680504	0	0
Y57A10A.13	T14F9.2	23.302	1.30145721480715	0	0
Y57A10A.13	T14G10.8	23.92	6.6583880008865	0	0
Y57A10A.13	T14G11.1	7.852	1.24587846168065	0	0
Y57A10A.13	T14G12.11	19.086	1.05675802036917	0	0
Y57A10A.13	T14G12.12	17.712	19.3514633100577	0	0
Y57A10A.13	T14G12.6	20.224	4.997565629306	0	0
Y57A10A.13	T14G8.2	22.262	16.2978104893756	0	0
Y57A10A.13	T14G8.3	25.31	6.75951454120227	0	0
Y57A10A.13	T14G8.4	24.11	1.56625529560342	0	0
Y57A10A.13	T14G8.6	20.85	6.22596650630231	0	0
Y57A10A.13	T15B12.1	24.052	2.91590904012635	0	0
Y57A10A.13	T15B12.2	20.518	5.10262938273472	0	0
Y57A10A.13	T15B7.1	23.64	3.43526249336762	0	0
Y57A10A.13	T15B7.14	25.45	1.10194920725974	0	0
Y57A10A.13	T15B7.15	23.876	6.47879669960622	0	0
Y57A10A.13	T15B7.8	19.536	1.49919240832682	0	0
Y57A10A.13	T15D6.1	23.458	12.27864538529	0	0
Y57A10A.13	T15D6.10	22.92	2.02633132979635	0	0
Y57A10A.13	T15D6.11	14.592	43.1074837816743	0	0
Y57A10A.13	T15D6.12	19.096	4.64926257118755	0	0
Y57A10A.13	T15D6.5	22.322	4.16212448212455	0	0
Y57A10A.13	T15D6.8	22.96	6.31089896145229	0	0
Y57A10A.13	T15D6.9	25.252	11.8488020409756	0	0
Y57A10A.13	T15H9.4	20.448	3.10310760574793	0	0
Y57A10A.13	T15H9.5	12.84	6.47331673437812	0	0
Y57A10A.13	T16A1.10	19.54	4.94156973189276	0	0
Y57A10A.13	T16A1.2	24.576	10.3809060747323	0	0
Y57A10A.13	T16A1.4	12.262	8.40852112171448	0	0
Y57A10A.13	T16A1.5	13.266	8.814801945808	0	0
Y57A10A.13	T16A9.3	20.43	8.4052495159444	0	0
Y57A10A.13	T16A9.5	22.084	1.55567354038902	0	0
Y57A10A.13	T16D1.1	18.66	4.39295586190884	0	0
Y57A10A.13	T16G1.13	15.794	11.5716703328276	0	0
Y57A10A.13	T16G1.18	17.978	13.0289400614531	0	0
Y57A10A.13	T16G1.2	17.774	4.75515052382317	0	0
Y57A10A.13	T16G1.3	21.818	5.11609800615732	0	0
Y57A10A.13	T16G1.4	21.69	3.81371162841396	0	0
Y57A10A.13	T16G1.5	18.058	9.38167488713979	0	0
Y57A10A.13	T16G1.6	21.55	1.97556686379656	0	0
Y57A10A.13	T16G1.7	20.414	2.64129441900076	0	0
Y57A10A.13	T16G1.9	27.298	3.19171707783491	0	0
Y57A10A.13	T16G12.1	29.154	0.750940564944386	0	0
Y57A10A.13	T16G12.10	18.334	6.88000543499231	0	0
Y57A10A.13	T16G12.12	15.5	16.948781261917	0	0
Y57A10A.13	T16G12.13	9.194	6.10237744405027	0	0
Y57A10A.13	T16G12.3	12.982	6.27931722003441	0	0
Y57A10A.13	T16G12.4	24.998	2.56385875145298	0	0
Y57A10A.13	T16G12.6	23.698	7.43956723826278	0	0
Y57A10A.13	T16G12.7	20.522	5.02637877008494	0	0
Y57A10A.13	T16G12.8	24.068	1.44659559072282	0	0
Y57A10A.13	T16G12.9	22.12	5.2305625323329	0	0
Y57A10A.13	T16H12.1	19.168	5.98929854593445	0	0
Y57A10A.13	T16H12.13	21.97	11.4068393281497	0	0
Y57A10A.13	T16H12.2	20.51	24.6986034466303	0	0
Y57A10A.13	T16H12.3	24.132	5.2396186408071	0	0
Y57A10A.13	T16H12.9	21.084	3.18140872842572	0	0
Y57A10A.13	T17A3.12	9.918	12.5727396031844	0	0
Y57A10A.13	T17H7.7	20.652	5.34847854336297	0	0
Y57A10A.13	T18D3.1	23.598	5.24205701422954	0	0
Y57A10A.13	T18D3.5	17.992	4.35293140008217	0	0
Y57A10A.13	T18D3.6	16.03	11.4355941723221	0	0
Y57A10A.13	T18D3.9	18.62	1.32153112775127	0	0
Y57A10A.13	T19A5.3	21.132	15.3015101039415	0	0
Y57A10A.13	T19A6.1	17.538	2.55741696742112	0	0
Y57A10A.13	T19A6.4	20.838	3.25574438887596	0	0
Y57A10A.13	T19B10.12	12.066	9.19428734660041	0	0
Y57A10A.13	T19B10.2	18.572	10.5303786346527	0	0
Y57A10A.13	T19B10.5	21.428	7.40869808833019	0	0
Y57A10A.13	T19B4.3	24.18	1.08279797035451	0	0
Y57A10A.13	T19B4.5	12.484	12.0198645907215	0	0
Y57A10A.13	T19C3.2	25.44	7.67929260721282	0	0
Y57A10A.13	T19C3.3	24.59	10.9322229394067	0	0
Y57A10A.13	T19C3.4	17.524	1.91340921335751	0	0
Y57A10A.13	T19C3.5	24.092	1.42323103234031	0	0
Y57A10A.13	T19C3.6	26.854	6.75856959930269	0	0
Y57A10A.13	T19C3.7	23.826	4.94372611944516	0	0
Y57A10A.13	T19C4.1	16.99	7.32825355586169	0	0
Y57A10A.13	T19C4.24	9.41	5.77340162809593	0	0
Y57A10A.13	T19C4.5	17.774	27.1031015152408	0	0
Y57A10A.13	T19C9.10	14.678	4.47671398544409	0	0
Y57A10A.13	T19C9.8	2.638	4.35028887124936	1	1
Y57A10A.13	T19D12.1	27.042	3.89229360482804	0	0
Y57A10A.13	T19D12.10	15.464	3.57733951810798	0	0
Y57A10A.13	T19D12.2	26.494	2.97039035998093	0	0
Y57A10A.13	T19D12.4	25.212	5.62094270070898	0	0
Y57A10A.13	T19D12.5	4.518	9.43139252667844	1	1
Y57A10A.13	T19D12.6	16.84	15.9940027147176	0	0
Y57A10A.13	T19D12.9	16.426	7.74165715596897	0	0
Y57A10A.13	T19D2.13	9.61	15.3214985069152	0	0
Y57A10A.13	T19D2.3	16.39	3.94206044445327	0	0
Y57A10A.13	T19D7.5	20.968	3.25518266739253	0	0
Y57A10A.13	T19D7.6	22.06	11.0898265890058	0	0
Y57A10A.13	T19D7.7	26.226	6.00107691511243	0	0
Y57A10A.13	T19E7.6	26.05	4.34578785353855	0	0
Y57A10A.13	T19H12.12	16.098	1.99914854442746	0	0
Y57A10A.13	T19H12.15	16.828	5.29170804558217	0	0
Y57A10A.13	T19H12.2	17.48	14.8125705918169	0	0
Y57A10A.13	T19H12.3	24.6	4.30155448754515	0	0
Y57A10A.13	T19H12.6	6.338	1.9239919446537	0	0
Y57A10A.13	T19H5.4	18.024	8.93740924451978	0	0
Y57A10A.13	T19H5.6	24.102	20.53453773218	0	0
Y57A10A.13	T19H5.7	25.398	4.94069861817609	0	0
Y57A10A.13	T20B12.3	24.956	7.98417636524415	0	0
Y57A10A.13	T20B12.4	19.394	19.5553390651024	0	0
Y57A10A.13	T20B12.5	27.448	0.800023783258795	0	0
Y57A10A.13	T20B12.7	19.554	4.46588046688115	0	0
Y57A10A.13	T20B3.1	25.104	5.50056584445013	0	0
Y57A10A.13	T20B3.14	20.346	6.96891934077196	0	0
Y57A10A.13	T20B5.2	22.51	2.84196581102834	0	0
Y57A10A.13	T20D3.14	13.63	4.18677560897249	0	0
Y57A10A.13	T20D3.5	21.644	1.43584009064997	0	0
Y57A10A.13	T20D3.6	21.366	4.6719713752571	0	0
Y57A10A.13	T20D4.10	25.62	8.76961540670327	0	0
Y57A10A.13	T20D4.11	26.008	5.89199588476936	0	0
Y57A10A.13	T20D4.12	23.476	12.6700500598526	0	0
Y57A10A.13	T20D4.15	25.112	2.32852523945265	0	0
Y57A10A.13	T20D4.19	16.928	1.72248282397153	0	0
Y57A10A.13	T20D4.3	14.048	43.5052798693217	0	0
Y57A10A.13	T20D4.7	23.29	17.37811652753	0	0
Y57A10A.13	T20F10.2	25.15	2.2972336899649	0	0
Y57A10A.13	T20F5.4	5.252	4.97314520784743	0	0
Y57A10A.13	T20F5.5	10.728	6.56758754039222	0	0
Y57A10A.13	T20F5.6	18.794	24.7443589255447	0	0
Y57A10A.13	T20F5.7	9.566	7.94776125972704	0	0
Y57A10A.13	T20F5.8	18.156	6.28840263862453	0	0
Y57A10A.13	T20F7.1	20.492	13.7983382848434	0	0
Y57A10A.13	T20F7.3	22.438	2.78186773420487	0	0
Y57A10A.13	T20G5.12	18.842	1.66373241646909	0	0
Y57A10A.13	T20G5.13	17.078	11.1611472763832	0	0
Y57A10A.13	T20G5.8	24.996	5.6947393959656	0	0
Y57A10A.13	T20G5.9	24.08	7.25657707081301	0	0
Y57A10A.13	T20H4.5	21.956	2.81345245103571	0	0
Y57A10A.13	T21B10.3	24.686	15.5193241680514	0	0
Y57A10A.13	T21B10.4	12.12	7.41863429490893	0	0
Y57A10A.13	T21B4.15	19.362	10.7681998141932	0	0
Y57A10A.13	T21B6.3	25.238	8.3036173954896	0	0
Y57A10A.13	T21C12.4	14.644	4.87013798119989	0	0
Y57A10A.13	T21C12.8	23.47	6.40879537705549	0	0
Y57A10A.13	T21C9.11	22.206	3.68810715240207	0	0
Y57A10A.13	T21C9.13	22.37	8.10606023246952	0	0
Y57A10A.13	T21C9.6	28.082	1.39275619322953	0	0
Y57A10A.13	T21C9.9	16.26	7.61068557653689	0	0
Y57A10A.13	T21D12.11	23.576	6.56206068426575	0	0
Y57A10A.13	T21D12.12	25.452	4.67376688734783	0	0
Y57A10A.13	T21D12.14	25.794	5.19909883850823	0	0
Y57A10A.13	T21D12.7	27.468	3.34483775287175	0	0
Y57A10A.13	T21D9.2	20.984	6.53266120382837	0	0
Y57A10A.13	T21E12.5	25.008	13.798552260095	0	0
Y57A10A.13	T21E3.2	12.266	6.62662843461696	0	0
Y57A10A.13	T21E8.4	26.242	4.49389498033158	0	0
Y57A10A.13	T21E8.5	9.068	11.0276246127867	0	0
Y57A10A.13	T21E8.6	21.786	8.0197269999861	0	0
Y57A10A.13	T21E8.7	21.39	12.5951163884522	0	0
Y57A10A.13	T21G5.1	20.046	21.9660797072159	0	0
Y57A10A.13	T21G5.12	14.202	12.8415126589674	0	0
Y57A10A.13	T21G5.2	28.768	1.49540332662413	0	0
Y57A10A.13	T21H3.1	28.088	2.6628590435764	0	0
Y57A10A.13	T21H3.5	20.95	5.38872340635672	0	0
Y57A10A.13	T22A3.12	23.038	25.6345586834854	0	0
Y57A10A.13	T22A3.6	22.092	8.83162118067367	0	0
Y57A10A.13	T22B2.1	24.536	7.22330138611683	0	0
Y57A10A.13	T22B2.2	20.764	3.51167359254804	0	0
Y57A10A.13	T22B2.3	25.564	3.53549577603627	0	0
Y57A10A.13	T22B2.5	22.746	1.54237049584762	0	0
Y57A10A.13	T22B3.3	16.92	4.88903235405049	0	0
Y57A10A.13	T22B7.22	5.79	12.3654731051252	0	0
Y57A10A.13	T22B7.3	26.68	9.48057319662406	0	0
Y57A10A.13	T22B7.4	22.088	14.780981162856	0	0
Y57A10A.13	T22B7.7	22.836	10.5106611216556	0	0
Y57A10A.13	T22B7.8	15.824	4.13737616182473	0	0
Y57A10A.13	T22C1.1	25.388	3.11038477121197	0	0
Y57A10A.13	T22C1.11	20.67	5.59455859286695	0	0
Y57A10A.13	T22C1.12	24.196	11.1304230163677	0	0
Y57A10A.13	T22C1.5	17.582	29.8831616408873	0	0
Y57A10A.13	T22C1.6	26.306	7.09285202151802	0	0
Y57A10A.13	T22C1.8	23.154	5.69822610605935	0	0
Y57A10A.13	T22C1.9	15.578	7.81752224058902	0	0
Y57A10A.13	T22C8.1	15.014	3.0345642860203	0	0
Y57A10A.13	T22C8.3	9.184	5.48038963788035	0	0
Y57A10A.13	T22C8.4	19.364	8.95122259600318	0	0
Y57A10A.13	T22C8.6	23.114	7.34890505867481	0	0
Y57A10A.13	T22D1.1	19.526	2.24833683524431	0	0
Y57A10A.13	T22D1.17	17.392	4.26577138117445	0	0
Y57A10A.13	T22D1.18	16.93	10.2649608789883	0	0
Y57A10A.13	T22D1.3	6.482	22.3758622672587	0	0
Y57A10A.13	T22D1.5	21.458	9.83169359018503	0	0
Y57A10A.13	T22D1.8	18.506	19.6044123953069	0	0
Y57A10A.13	T22E5.1	21.748	5.1129608521284	0	0
Y57A10A.13	T22E5.6	22.924	7.7034992548089	0	0
Y57A10A.13	T22F3.10	24.058	9.97595221252401	0	0
Y57A10A.13	T22F3.11	27.444	1.00240483101877	0	0
Y57A10A.13	T22F3.12	26.676	6.92552219144614	0	0
Y57A10A.13	T22F3.2	20.6	14.1575820270575	0	0
Y57A10A.13	T22F3.7	17.436	3.1711893026779	0	0
Y57A10A.13	T22F3.8	25.098	5.93046737463185	0	0
Y57A10A.13	T22F7.1	8.81	3.04360673729669	0	0
Y57A10A.13	T22F7.3	25.336	8.73751444600117	0	0
Y57A10A.13	T22F7.4	17.608	2.89930457389821	0	0
Y57A10A.13	T22G5.1	25.538	7.10116932629778	0	0
Y57A10A.13	T22G5.3	24.176	12.7757008118623	0	0
Y57A10A.13	T22H2.4	23.836	6.03184979481311	0	0
Y57A10A.13	T22H9.1	7.926	3.08993371242285	0	0
Y57A10A.13	T23B12.11	21.274	1.33060274933765	0	0
Y57A10A.13	T23B12.5	21.784	4.0379142297376	0	0
Y57A10A.13	T23B12.6	25.232	4.93491876202588	0	0
Y57A10A.13	T23B3.1	15.796	35.4854766912514	0	0
Y57A10A.13	T23B3.2	11.746	4.35673525079037	0	0
Y57A10A.13	T23B3.5	17.214	5.78559152182818	0	0
Y57A10A.13	T23B3.6	21.782	2.44366046639062	0	0
Y57A10A.13	T23B3.8	13.238	53.6594705816355	0	0
Y57A10A.13	T23B5.3	20.992	3.07848347600219	0	0
Y57A10A.13	T23B5.4	22.096	6.68577143313056	0	0
Y57A10A.13	T23B7.2	16.494	11.8987661109682	0	0
Y57A10A.13	T23B7.3	13.944	4.83842720772622	0	0
Y57A10A.13	T23C6.4	19.392	14.2198877139516	0	0
Y57A10A.13	T23D5.3	14.22	4.12697630129992	0	0
Y57A10A.13	T23D5.8	20.664	2.79795550383483	0	0
Y57A10A.13	T23D8.3	29.664	3.33683377374737	0	0
Y57A10A.13	T23E1.1	22.058	7.33492137991092	0	0
Y57A10A.13	T23E1.3	20.376	14.7724278572032	0	0
Y57A10A.13	T23E7.2	19.858	5.09226524820128	0	0
Y57A10A.13	T23E7.6	20.658	11.7670505581607	0	0
Y57A10A.13	T23F11.11	8.792	73.8672733599012	0	0
Y57A10A.13	T23F11.2	19.09	6.0025350354975	0	0
Y57A10A.13	T23F11.4	21.086	28.7886228625139	0	0
Y57A10A.13	T23F11.6	17.418	22.6304902186484	0	0
Y57A10A.13	T23F2.2	24.332	16.5588388663196	0	0
Y57A10A.13	T23F2.3	24.442	0.560525528133645	0	0
Y57A10A.13	T23F2.4	21.684	2.84743707813325	0	0
Y57A10A.13	T23F2.5	21.3	2.76636992725938	0	0
Y57A10A.13	T23F4.2	11.692	18.129574801658	0	0
Y57A10A.13	T23F6.2	26.744	1.52266788069938	0	0
Y57A10A.13	T23F6.3	20	3.92698994141823	0	0
Y57A10A.13	T23F6.5	13.97	2.81818463636787	0	0
Y57A10A.13	T23G11.1	23.858	4.73351834157444	0	0
Y57A10A.13	T23G11.10	21.028	8.88994151387189	0	0
Y57A10A.13	T23G11.11	22.332	5.30325358762643	0	0
Y57A10A.13	T23G11.4	19.782	3.8028336108359	0	0
Y57A10A.13	T23G11.7	15.486	2.47986083384049	0	0
Y57A10A.13	T23G4.127	13.054	14.2502152972191	0	0
Y57A10A.13	T23G4.2	26.96	3.7305579387902	0	0
Y57A10A.13	T23G5.2	23.966	7.17978073250385	0	0
Y57A10A.13	T23G5.3	21.756	7.86947750505528	0	0
Y57A10A.13	T23G7.2	23.708	4.99527742622413	0	0
Y57A10A.13	T23G7.3	25.738	18.8021985708007	0	0
Y57A10A.13	T23H2.3	22.688	15.8713179369533	0	0
Y57A10A.13	T24A6.1	19.474	8.76994098767636	0	0
Y57A10A.13	T24A6.16	23.862	1.83567881719782	0	0
Y57A10A.13	T24A6.20	24.836	1.95158552454919	0	0
Y57A10A.13	T24A6.7	22.182	11.1310198614473	0	0
Y57A10A.13	T24B1.1	24.09	6.69479911985245	0	0
Y57A10A.13	T24B8.3	6.566	12.8016050737607	0	0
Y57A10A.13	T24B8.4	16.816	30.5305769225875	0	0
Y57A10A.13	T24C12.1	21.758	13.6002082869055	0	0
Y57A10A.13	T24C12.3	26.82	5.22331309698803	0	0
Y57A10A.13	T24C12.4	7.362	4.71654320804041	0	0
Y57A10A.13	T24C2.3	22.966	2.58017170172694	0	0
Y57A10A.13	T24C2.5	14.588	7.39864681468018	0	0
Y57A10A.13	T24C4.10	13.324	4.0683044295215	0	0
Y57A10A.13	T24C4.2	23.998	6.67967261964596	0	0
Y57A10A.13	T24C4.3	21.504	11.1945037396345	0	0
Y57A10A.13	T24C4.5	22.388	4.75941318155942	0	0
Y57A10A.13	T24D1.2	23.066	2.46175843090208	0	0
Y57A10A.13	T24D1.3	22.2	4.33603893733653	0	0
Y57A10A.13	T24D1.7	7.118	3.19654703250037	0	0
Y57A10A.13	T24D3.2	14.44	4.48858183465341	0	0
Y57A10A.13	T24D5.1	19.866	3.28421206214099	0	0
Y57A10A.13	T24D5.2	19.46	3.72922174853421	0	0
Y57A10A.13	T24D5.3	21.836	7.43204648293555	0	0
Y57A10A.13	T24D5.4	22.872	15.6630206877792	0	0
Y57A10A.13	T24D5.6	18.91	5.74336805964956	0	0
Y57A10A.13	T24D8.6	16.348	9.32293159232751	0	0
Y57A10A.13	T24E12.1	18.674	3.15665814557618	0	0
Y57A10A.13	T24E12.10	22.436	5.09630588813775	0	0
Y57A10A.13	T24E12.11	15.758	11.820779563179	0	0
Y57A10A.13	T24E12.12	14.356	5.58836404342744	0	0
Y57A10A.13	T24E12.13	23.346	19.3994873022538	0	0
Y57A10A.13	T24E12.2	23.048	16.8563748313743	0	0
Y57A10A.13	T24E12.3	22.684	10.3564696972136	0	0
Y57A10A.13	T24E12.6	15.162	3.21570624080732	0	0
Y57A10A.13	T24F1.4	19.798	5.23583475738322	0	0
Y57A10A.13	T24F1.7	22.426	4.1343188150258	0	0
Y57A10A.13	T24G10.2	9.978	4.60763611974616	0	0
Y57A10A.13	T24H10.1	13.476	9.05930308496882	0	0
Y57A10A.13	T24H10.4	20.99	3.6824625950405	0	0
Y57A10A.13	T24H10.5	26.04	2.41126460460071	0	0
Y57A10A.13	T24H7.2	19.56	7.58302503793013	0	0
Y57A10A.13	T24H7.8	22.35	7.40732065738698	0	0
Y57A10A.13	T24H7.9	13.292	2.11350464031519	0	0
Y57A10A.13	T25B2.1	16.784	7.82351874968289	0	0
Y57A10A.13	T25B2.2	16.42	8.75137631820163	0	0
Y57A10A.13	T25B2.3	22.11	1.48738884237045	0	0
Y57A10A.13	T25B2.4	19.134	6.61757569831004	0	0
Y57A10A.13	T25B6.1	22.764	5.61180001848173	0	0
Y57A10A.13	T25B6.3	21.538	4.38942379848632	0	0
Y57A10A.13	T25B6.4	13.614	23.5970596187449	0	0
Y57A10A.13	T25B6.5	23.906	3.57749857487966	0	0
Y57A10A.13	T25B6.6	26.37	4.20941419148286	0	0
Y57A10A.13	T25B9.1	26.794	8.85382640961028	0	0
Y57A10A.13	T25B9.11	23.794	10.3702390554145	0	0
Y57A10A.13	T25B9.12	24.576	8.15233116796798	0	0
Y57A10A.13	T25B9.2	19.48	2.32399403376082	0	0
Y57A10A.13	T25B9.3	20.358	20.7565608825547	0	0
Y57A10A.13	T25B9.4	23.938	2.66350242060511	0	0
Y57A10A.13	T25B9.5	22.302	2.55727947741228	0	0
Y57A10A.13	T25B9.6	5.708	4.15948969771062	0	0
Y57A10A.13	T25B9.8	19.89	34.3653352140808	0	0
Y57A10A.13	T25B9.9	21.916	1.90239665355426	0	0
Y57A10A.13	T25C12.3	27.32	1.96228772381848	0	0
Y57A10A.13	T25D1.1	18.438	17.548928795748	0	0
Y57A10A.13	T25D1.2	18.272	14.1852232694793	0	0
Y57A10A.13	T25D1.3	24.532	1.51904717627804	0	0
Y57A10A.13	T25D10.1	24.66	7.59033751149574	0	0
Y57A10A.13	T25D10.4	17.124	3.03964824754713	0	0
Y57A10A.13	T25D3.3	24.3	3.1859135076117	0	0
Y57A10A.13	T25D3.4	18.1	3.84821601799697	0	0
Y57A10A.13	T25E12.14	26.168	3.46684690210696	0	0
Y57A10A.13	T25E12.16	22.6	9.92694948623589	0	0
Y57A10A.13	T25E12.6	21.822	28.4458103009712	0	0
Y57A10A.13	T25E4.1	10.032	4.53926398587155	0	0
Y57A10A.13	T25E4.2	24.478	8.15354867099985	0	0
Y57A10A.13	T25F10.1	19.096	3.93739159829277	0	0
Y57A10A.13	T25F10.3	20.986	3.80022343535274	0	0
Y57A10A.13	T25F10.4	17.426	1.94290442104379	0	0
Y57A10A.13	T25G12.11	24.006	4.01076385674685	0	0
Y57A10A.13	T25G12.13	23.052	6.79778693975201	0	0
Y57A10A.13	T25G12.3	12.692	21.9579381126405	0	0
Y57A10A.13	T25G12.6	18.836	19.9701253416039	0	0
Y57A10A.13	T25G3.1	13.096	13.41779005465	0	0
Y57A10A.13	T25G3.3	24.182	5.5141961465712	0	0
Y57A10A.13	T26A5.2	22.074	9.01903425982709	0	0
Y57A10A.13	T26A5.6	15.89	4.48458697327121	0	0
Y57A10A.13	T26A5.8	5.88	2.51390229576437	0	0
Y57A10A.13	T26A8.3	18.934	8.44451244208875	0	0
Y57A10A.13	T26A8.4	15.45	8.72754994762624	0	0
Y57A10A.13	T26C11.2	20.28	21.9636228578957	0	0
Y57A10A.13	T26C11.4	17.822	8.67640280205011	0	0
Y57A10A.13	T26C11.8	17.272	39.1418172748653	0	0
Y57A10A.13	T26C11.9	18.27	3.50151343219747	0	0
Y57A10A.13	T26C12.1	24.692	3.61524280335046	0	0
Y57A10A.13	T26C12.2	13.368	3.26129699630943	0	0
Y57A10A.13	T26C12.3	22.548	2.29687601636747	0	0
Y57A10A.13	T26C5.2	24.23	2.6058083421072	0	0
Y57A10A.13	T26C5.3	21.04	3.06015006590926	0	0
Y57A10A.13	T26C5.4	15.18	3.25370848350105	0	0
Y57A10A.13	T26C5.5	6.768	6.83624398877741	0	0
Y57A10A.13	T26E3.10	15.956	8.89876735693734	0	0
Y57A10A.13	T26E3.4	18.1	13.8370493884099	0	0
Y57A10A.13	T26E3.5	26.246	8.32822063218281	0	0
Y57A10A.13	T26E3.6	24.608	7.87084802025725	0	0
Y57A10A.13	T26E3.7	27.644	1.73496754620728	0	0
Y57A10A.13	T26E3.8	9.842	3.97911827331419	0	0
Y57A10A.13	T26E4.10	8.086	7.80918514303151	0	0
Y57A10A.13	T26E4.18	10.076	4.24883023861847	0	0
Y57A10A.13	T26E4.2	22.512	4.34022813169805	0	0
Y57A10A.13	T26E4.3	23.72	1.93470386266168	0	0
Y57A10A.13	T26E4.4	21.622	2.39010340282609	0	0
Y57A10A.13	T26E4.7	18.932	1.42684131907002	0	0
Y57A10A.13	T26E4.9	9.27	9.97332153230186	0	0
Y57A10A.13	T26G10.1	22.952	12.8538113123668	0	0
Y57A10A.13	T26G10.3	24.382	9.36856639071757	0	0
Y57A10A.13	T26G10.4	25.918	7.27462107042337	0	0
Y57A10A.13	T26G10.5	21.416	5.42461603615219	0	0
Y57A10A.13	T26G10.8	16.75	6.62296510189524	0	0
Y57A10A.13	T26H10.2	26.194	2.67544734691293	0	0
Y57A10A.13	T26H5.10	14.684	2.10376916851935	0	0
Y57A10A.13	T26H5.11	6.224	4.84755435408544	0	0
Y57A10A.13	T26H5.14	19.782	4.36709201366941	0	0
Y57A10A.13	T26H5.4	25.754	7.34742280108683	0	0
Y57A10A.13	T26H5.8	20.17	12.3441211186906	0	0
Y57A10A.13	T26H5.9	15.426	6.01021245346342	0	0
Y57A10A.13	T26H8.4	8.176	4.99644674430011	0	0
Y57A10A.13	T26H8.5	18.502	16.3730132445373	0	0
Y57A10A.13	T27A1.1	21.086	6.3794419726219	0	0
Y57A10A.13	T27A1.2	26.664	4.79700676460511	0	0
Y57A10A.13	T27A1.3	24.12	3.07540787531563	0	0
Y57A10A.13	T27A10.2	23.948	10.197141581696	0	0
Y57A10A.13	T27A10.5	18.89	2.05574249221255	0	0
Y57A10A.13	T27A10.6	22.43	3.10181462007325	0	0
Y57A10A.13	T27A3.5	27.116	3.81337875330587	0	0
Y57A10A.13	T27A3.8	14.252	13.1241919485742	0	0
Y57A10A.13	T27A8.2	20.484	1.852084919499	0	0
Y57A10A.13	T27A8.3	16.17	5.36645470622552	0	0
Y57A10A.13	T27A8.7	19.802	16.3386419347598	0	0
Y57A10A.13	T27C10.8	20.824	13.2701351277394	0	0
Y57A10A.13	T27C10.9	12.634	1.15327831081551	0	0
Y57A10A.13	T27C5.10	23.598	3.69349309338797	0	0
Y57A10A.13	T27C5.12	24.48	5.40521603893991	0	0
Y57A10A.13	T27D12.6	5.862	25.4034589678913	0	0
Y57A10A.13	T27E4.1	25.286	5.82213655886468	0	0
Y57A10A.13	T27E4.5	14.338	6.32323623807779	0	0
Y57A10A.13	T27E4.7	16.916	16.5098112472303	0	0
Y57A10A.13	T27E7.1	10.828	51.0260770127248	0	0
Y57A10A.13	T27E7.3	21.504	5.76623778772457	0	0
Y57A10A.13	T27E7.4	16.856	10.6260402502426	0	0
Y57A10A.13	T27E7.5	10.328	5.15828422754049	0	0
Y57A10A.13	T27E7.9	22.12	5.60031524392475	0	0
Y57A10A.13	T27E9.2	12.578	15.0376317295353	0	0
Y57A10A.13	T27E9.6	21.408	9.29062454206591	0	0
Y57A10A.13	T27F2.1	26.74	6.59574977494046	0	0
Y57A10A.13	T27F6.1	21.994	3.54854873344033	0	0
Y57A10A.13	T27F6.10	24.012	4.8460983462857	0	0
Y57A10A.13	T27F6.6	23.384	1.02838987891088	0	0
Y57A10A.13	T27F6.7	21.644	2.40553241359267	0	0
Y57A10A.13	T27F6.8	18.25	1.7679195402632	0	0
Y57A10A.13	T27F7.12	15.478	10.4134315116306	0	0
Y57A10A.13	T28A11.13	15.44	2.43371686891916	0	0
Y57A10A.13	T28A11.16	24.58	1.63368372703509	0	0
Y57A10A.13	T28A11.17	23.55	2.89978019305356	0	0
Y57A10A.13	T28A11.18	9.742	4.80663874724453	0	0
Y57A10A.13	T28A11.19	18.904	9.06020151323569	0	0
Y57A10A.13	T28A11.2	18.838	24.4384363107191	0	0
Y57A10A.13	T28A11.20	24.904	4.71017402396801	0	0
Y57A10A.13	T28A11.22	23.572	6.93936677215468	0	0
Y57A10A.13	T28A11.25	27.442	1.87489787599814	0	0
Y57A10A.13	T28A11.3	4.32	3.71814314912245	1	1
Y57A10A.13	T28A11.4	8.784	2.10317696746894	0	0
Y57A10A.13	T28A8.2	18.714	3.681770498951	0	0
Y57A10A.13	T28A8.3	14.91	6.14021009351813	0	0
Y57A10A.13	T28A8.4	12.628	1.94650618153355	0	0
Y57A10A.13	T28A8.5	24.482	6.0743322366697	0	0
Y57A10A.13	T28A8.6	20.778	4.59493486131472	0	0
Y57A10A.13	T28A8.8	11.62	13.7781007131027	0	0
Y57A10A.13	T28B11.1	13.318	1.75483722061777	0	0
Y57A10A.13	T28B8.1	15.456	4.88549846033609	0	0
Y57A10A.13	T28B8.3	26.684	3.52546003661825	0	0
Y57A10A.13	T28B8.4	17.876	5.34266598925832	0	0
Y57A10A.13	T28C12.1	24.784	3.65635016780357	0	0
Y57A10A.13	T28C12.15	10.808	7.04168248716202	0	0
Y57A10A.13	T28C12.2	22.256	6.18464950207256	0	0
Y57A10A.13	T28C12.6	22.044	1.5934262983322	0	0
Y57A10A.13	T28C6.10	25.59	8.39003340439847	0	0
Y57A10A.13	T28C6.11	23.498	7.73816986212368	0	0
Y57A10A.13	T28C6.3	18.512	15.700605944089	0	0
Y57A10A.13	T28C6.5	20.136	4.99897330369519	0	0
Y57A10A.13	T28C6.7	26.706	6.03991203757447	0	0
Y57A10A.13	T28C6.8	19.63	3.26846440953069	0	0
Y57A10A.13	T28D6.4	26.192	1.61134182908142	0	0
Y57A10A.13	T28D6.5	19.028	8.06764964124897	0	0
Y57A10A.13	T28D6.6	24.776	4.22956482662503	0	0
Y57A10A.13	T28D6.7	6.314	4.27709138170952	0	0
Y57A10A.13	T28D9.1	10.122	8.52856410050069	0	0
Y57A10A.13	T28D9.11	6.134	57.8703094382086	0	0
Y57A10A.13	T28D9.16	20.24	19.0083238972938	0	0
Y57A10A.13	T28D9.4	25.106	5.69115427567918	0	0
Y57A10A.13	T28F12.1	25.386	6.50200855175586	0	0
Y57A10A.13	T28F2.1	23.438	1.49433728536868	0	0
Y57A10A.13	T28F2.2	26.188	13.8900093008448	0	0
Y57A10A.13	T28F3.11	8.738	6.81169428639823	0	0
Y57A10A.13	T28F3.5	29.246	1.68007682629883	0	0
Y57A10A.13	T28F3.8	24.862	2.83848974715572	0	0
Y57A10A.13	T28F3.9	11.208	2.13425252773254	0	0
Y57A10A.13	T28F4.1	13.562	4.27423920682678	0	0
Y57A10A.13	T28F4.3	19.542	15.0421869939212	0	0
Y57A10A.13	T28F4.4	27.53	3.67994672960077	0	0
Y57A10A.13	T28F4.5	16.138	13.5692805433381	0	0
Y57A10A.13	T28F4.8	8.128	6.62681946841563	0	0
Y57A10A.13	T28H10.1	23.092	5.4579299792605	0	0
Y57A10A.13	T28H10.2	20.884	4.07679969811284	0	0
Y57A10A.13	T28H11.7	23.946	5.9026398701102	0	0
Y57A10A.13	T28H11.8	23.218	3.78310841638168	0	0
Y57A10A.13	VB0395L.1	18.19	4.12241151628756	0	0
Y57A10A.13	VC5.2	23.738	4.63213915017913	0	0
Y57A10A.13	VF13D12L.3	23.394	3.07498002650961	0	0
Y57A10A.13	VM106R.1	24.288	5.22741191317959	0	0
Y57A10A.13	VW02B12L.2	24.292	4.63599103410594	0	0
Y57A10A.13	VY10G11R.1	27.248	4.06586656112701	0	0
Y57A10A.13	VZK822L.2	15.944	7.89052920228542	0	0
Y57A10A.13	W01A11.1	22.69	4.27251134363937	0	0
Y57A10A.13	W01A11.7	22.374	11.5607232456063	0	0
Y57A10A.13	W01A8.2	23.786	16.4511010920991	0	0
Y57A10A.13	W01A8.6	10.272	4.91960152562304	0	0
Y57A10A.13	W01A8.8	23.998	2.11932705619378	0	0
Y57A10A.13	W01B11.1	16.172	15.3953930164508	0	0
Y57A10A.13	W01B11.6	16.478	3.33209635838011	0	0
Y57A10A.13	W01B6.3	24.844	3.12751828811937	0	0
Y57A10A.13	W01B6.4	13.642	10.8383686801646	0	0
Y57A10A.13	W01B6.5	14.836	3.06171219787463	0	0
Y57A10A.13	W01B6.6	18.724	37.2358808375128	0	0
Y57A10A.13	W01B6.8	13.99	6.80503330491289	0	0
Y57A10A.13	W01C8.1	26.006	2.80606987363727	0	0
Y57A10A.13	W01C9.1	24.252	2.54572681121659	0	0
Y57A10A.13	W01C9.2	19.762	4.2578648072148	0	0
Y57A10A.13	W01D2.3	18.392	9.70354741878661	0	0
Y57A10A.13	W01D2.6	11.188	5.86638102719584	0	0
Y57A10A.13	W01F3.2	21.502	4.56534965313022	0	0
Y57A10A.13	W01G7.4	15.778	1.54429964900937	0	0
Y57A10A.13	W01H2.2	17.964	24.3347283036287	0	0
Y57A10A.13	W02A11.1	26.708	2.18376870250386	0	0
Y57A10A.13	W02A2.12	8.518	10.2158240034287	0	0
Y57A10A.13	W02A2.8	22.49	28.2304292884465	0	0
Y57A10A.13	W02A2.9	24.384	1.5428343647311	0	0
Y57A10A.13	W02B12.1	22.338	1.59893198846381	0	0
Y57A10A.13	W02B12.11	21.49	11.3564541532837	0	0
Y57A10A.13	W02B12.12	9.78	76.9955963272544	0	0
Y57A10A.13	W02B12.13	14.844	13.4457745794585	0	0
Y57A10A.13	W02B12.16	24.4	2.75353721840014	0	0
Y57A10A.13	W02B3.3	20.688	4.37223269994151	0	0
Y57A10A.13	W02B3.4	22.9	3.57878845123116	0	0
Y57A10A.13	W02B3.7	23.42	13.7217217512341	0	0
Y57A10A.13	W02B8.1	20.068	26.3888165031935	0	0
Y57A10A.13	W02C12.2	22.422	10.0590100019037	0	0
Y57A10A.13	W02D3.12	15.528	3.39747825270266	0	0
Y57A10A.13	W02D3.13	8.63	14.8208877254388	0	0
Y57A10A.13	W02D3.4	22.912	2.75006647563582	0	0
Y57A10A.13	W02D7.11	15.64	12.9474519270896	0	0
Y57A10A.13	W02D7.12	17.762	3.1086045594269	0	0
Y57A10A.13	W02D7.4	27.832	3.98638572229864	0	0
Y57A10A.13	W02D7.5	26.736	1.084550849757	0	0
Y57A10A.13	W02D7.6	27.248	1.99895116909125	0	0
Y57A10A.13	W02D7.8	15.7	7.04376240564181	0	0
Y57A10A.13	W02D9.2	17.218	16.1583926398585	0	0
Y57A10A.13	W02D9.4	17.334	3.28924583404766	0	0
Y57A10A.13	W02D9.6	12.434	19.7025272454812	0	0
Y57A10A.13	W02D9.7	10.76	6.1587726461898	0	0
Y57A10A.13	W02D9.8	24.236	1.40214343782437	0	0
Y57A10A.13	W02D9.9	11.8	4.88190027567519	0	0
Y57A10A.13	W02F12.2	10.628	4.79513845323257	0	0
Y57A10A.13	W02F12.4	19.85	5.78884933893127	0	0
Y57A10A.13	W02F12.8	9.954	9.97427529270919	0	0
Y57A10A.13	W02G9.3	27.684	4.89439728433743	0	0
Y57A10A.13	W02G9.4	25.794	8.17434279679523	0	0
Y57A10A.13	W02H3.1	25.512	2.72813920334464	0	0
Y57A10A.13	W02H3.3	14.018	19.7325651902796	0	0
Y57A10A.13	W02H5.11	17.902	20.1129138451358	0	0
Y57A10A.13	W02H5.19	18.848	2.85158254463037	0	0
Y57A10A.13	W02H5.2	22.004	3.43572092226694	0	0
Y57A10A.13	W02H5.8	21.204	3.72251695102316	0	0
Y57A10A.13	W03A5.1	23.112	4.57465262679451	0	0
Y57A10A.13	W03A5.2	21.186	4.7913762871638	0	0
Y57A10A.13	W03B1.3	14.484	6.04077404447421	0	0
Y57A10A.13	W03B1.5	16.636	31.6630171884733	0	0
Y57A10A.13	W03B1.9	21.486	14.8486496090838	0	0
Y57A10A.13	W03C9.1	20.876	10.6782880238515	0	0
Y57A10A.13	W03C9.2	19.158	8.45917063697186	0	0
Y57A10A.13	W03C9.5	24.426	6.31363017317117	0	0
Y57A10A.13	W03C9.6	21.324	15.931422377003	0	0
Y57A10A.13	W03C9.8	15.93	7.50242294744175	0	0
Y57A10A.13	W03D2.9	25.6	7.73644621888217	0	0
Y57A10A.13	W03D8.1	23.088	12.0079056419516	0	0
Y57A10A.13	W03D8.11	23.162	2.1941227677191	0	0
Y57A10A.13	W03D8.14	15.818	3.7958855542089	0	0
Y57A10A.13	W03D8.2	23.484	12.9489262725976	0	0
Y57A10A.13	W03D8.3	17.134	20.5388319739194	0	0
Y57A10A.13	W03D8.5	14.27	20.998525668281	0	0
Y57A10A.13	W03D8.7	24.008	3.24643293135381	0	0
Y57A10A.13	W03D8.8	22.438	2.81734131505998	0	0
Y57A10A.13	W03D8.9	16.074	6.05805039387999	0	0
Y57A10A.13	W03F11.4	26.224	5.31463878085066	0	0
Y57A10A.13	W03F11.5	25.156	5.76407356014742	0	0
Y57A10A.13	W03F8.3	19.122	5.19131488576695	0	0
Y57A10A.13	W03F8.4	23.176	2.25994655926885	0	0
Y57A10A.13	W03F8.6	24.912	8.10846257997247	0	0
Y57A10A.13	W03F9.1	20.346	9.7104951599476	0	0
Y57A10A.13	W03F9.11	24.154	4.78057089924102	0	0
Y57A10A.13	W03F9.2	18.742	23.1423551317118	0	0
Y57A10A.13	W03F9.4	24.362	3.03160417280445	0	0
Y57A10A.13	W03F9.9	22.706	5.23207129273978	0	0
Y57A10A.13	W03G1.2	24.298	14.4190336013286	0	0
Y57A10A.13	W03G1.5	17.462	8.90789546006175	0	0
Y57A10A.13	W03G11.2	24.798	5.21868316296433	0	0
Y57A10A.13	W03G11.3	23.816	10.0596871908797	0	0
Y57A10A.13	W03G11.4	20.16	2.96936220663801	0	0
Y57A10A.13	W03G9.10	18.966	16.3463395780457	0	0
Y57A10A.13	W03G9.5	20.236	16.4968988334124	0	0
Y57A10A.13	W03G9.9	25.272	8.09413115744698	0	0
Y57A10A.13	W03H9.1	28.436	0.875855345772725	0	0
Y57A10A.13	W03H9.2	9.946	3.92606953126588	0	0
Y57A10A.13	W04A4.2	24.618	6.41880075331683	0	0
Y57A10A.13	W04A4.3	21.966	0.637836210006132	0	0
Y57A10A.13	W04A4.6	17.384	4.69017728774794	0	0
Y57A10A.13	W04A8.1	21.688	9.4135450897642	0	0
Y57A10A.13	W04A8.2	16.87	2.22189268689879	0	0
Y57A10A.13	W04A8.3	23.236	1.23972496651656	0	0
Y57A10A.13	W04A8.4	20.034	13.0028040619503	0	0
Y57A10A.13	W04A8.5	16.278	2.17648371068735	0	0
Y57A10A.13	W04A8.6	21.254	5.45105900879117	0	0
Y57A10A.13	W04A8.9	24.122	0.561111825410451	0	0
Y57A10A.13	W04B5.3	14.862	18.8344908045858	0	0
Y57A10A.13	W04B5.5	17.232	3.01914780994148	0	0
Y57A10A.13	W04B5.8	18.784	11.3207770889712	0	0
Y57A10A.13	W04B5.9	9.93	18.7491115427098	0	0
Y57A10A.13	W04C9.2	13.678	6.32083253156523	0	0
Y57A10A.13	W04C9.4	25.454	11.53174528795	0	0
Y57A10A.13	W04C9.5	21.354	7.14597809200406	0	0
Y57A10A.13	W04C9.6	15.302	0.263032437557156	0	0
Y57A10A.13	W04C9.9	19.27	5.89484036128173	0	0
Y57A10A.13	W04D12.1	11.902	17.0732694555075	0	0
Y57A10A.13	W04D2.4	20.602	9.37502410512416	0	0
Y57A10A.13	W04E12.2	20.944	5.27620087037264	0	0
Y57A10A.13	W04E12.3	11.776	23.0444249372538	0	0
Y57A10A.13	W04E12.4	25.362	6.97094309593348	0	0
Y57A10A.13	W04E12.5	18.586	8.32811278939566	0	0
Y57A10A.13	W04E12.7	7.098	3.87804325321909	0	0
Y57A10A.13	W04E12.9	22.266	2.8675929132108	0	0
Y57A10A.13	W04G3.10	25.498	3.21921303936296	0	0
Y57A10A.13	W04G3.11	24.962	7.24932817365669	0	0
Y57A10A.13	W04G3.12	26.714	1.556668900638	0	0
Y57A10A.13	W04G3.13	24.016	4.07419208228733	0	0
Y57A10A.13	W04G3.5	26.046	2.62099324170305	0	0
Y57A10A.13	W04G3.7	20.97	11.0061848691896	0	0
Y57A10A.13	W04G5.10	21.118	5.53618788129892	0	0
Y57A10A.13	W04G5.16	22.03	16.2371532897021	0	0
Y57A10A.13	W04G5.3	19.368	23.1393031945721	0	0
Y57A10A.13	W04G5.4	20.976	18.7310149167599	0	0
Y57A10A.13	W04G5.5	22.99	32.5496059812292	0	0
Y57A10A.13	W04G5.7	21.656	19.4690446676963	0	0
Y57A10A.13	W04G5.8	9.402	40.8600553135087	0	0
Y57A10A.13	W04G5.9	24.79	9.16060473151845	0	0
Y57A10A.13	W04H10.1	26.672	4.30563469333099	0	0
Y57A10A.13	W04H10.2	18.76	31.7125205897754	0	0
Y57A10A.13	W04H10.5	18.972	12.5155572191317	0	0
Y57A10A.13	W04H10.6	23	4.49837189619157	0	0
Y57A10A.13	W05B10.3	28.308	1.71218547766813	0	0
Y57A10A.13	W05B10.4	20.348	18.0959760056682	0	0
Y57A10A.13	W05B10.6	16.078	3.78466321177165	0	0
Y57A10A.13	W05B2.2	25.924	10.7908648930322	0	0
Y57A10A.13	W05B5.1	17.2	3.77929337442217	0	0
Y57A10A.13	W05E10.2	6.952	5.46359189948783	0	0
Y57A10A.13	W05E10.5	6.84	36.6654599818231	0	0
Y57A10A.13	W05F2.3	22.304	12.1063486038071	0	0
Y57A10A.13	W05F2.4	23.292	7.15977177082686	0	0
Y57A10A.13	W05F2.6	24.462	7.61754068076525	0	0
Y57A10A.13	W05F2.7	21.258	1.53457890738764	0	0
Y57A10A.13	W05F2.8	14.486	10.6390868479181	0	0
Y57A10A.13	W05H12.1	21.308	12.9859289545896	0	0
Y57A10A.13	W05H12.4	9.38	12.7573681503604	0	0
Y57A10A.13	W05H5.1	18.572	2.34313285995269	0	0
Y57A10A.13	W05H7.1	16.614	1.09473384320594	0	0
Y57A10A.13	W05H9.2	23.486	10.8960184027954	0	0
Y57A10A.13	W05H9.4	24.622	14.2631612674507	0	0
Y57A10A.13	W06A11.1	11.53	0.94611553466051	0	0
Y57A10A.13	W06A7.2	20.872	9.89357360466546	0	0
Y57A10A.13	W06A7.4	20.656	0.658119499146647	0	0
Y57A10A.13	W06B4.1	24.224	16.4511998121973	0	0
Y57A10A.13	W06B4.2	26.918	3.04418133075665	0	0
Y57A10A.13	W06D11.1	16.928	2.65483651514458	0	0
Y57A10A.13	W06D11.2	25.712	4.86110763449732	0	0
Y57A10A.13	W06D11.3	20.124	2.9777024592111	0	0
Y57A10A.13	W06D11.5	25.18	4.10104146949173	0	0
Y57A10A.13	W06D12.6	24.678	9.07439573024549	0	0
Y57A10A.13	W06D4.3	22.592	6.01033518934578	0	0
Y57A10A.13	W06E11.1	10.26	6.56828968525899	0	0
Y57A10A.13	W06F12.2	19.286	11.397960364768	0	0
Y57A10A.13	W06F12.3	23.108	21.3917230778513	0	0
Y57A10A.13	W06G6.10	12.83	7.4219346444757	0	0
Y57A10A.13	W06G6.11	11.284	13.9759648616331	0	0
Y57A10A.13	W06G6.15	19.728	6.08435112761364	0	0
Y57A10A.13	W06G6.17	14.312	6.05878429122356	0	0
Y57A10A.13	W06G6.2	18.072	4.76812750154725	0	0
Y57A10A.13	W06G6.20	12.256	7.32100606556581	0	0
Y57A10A.13	W06G6.21	20.77	6.81853505166423	0	0
Y57A10A.13	W06G6.9	9.276	6.3470560512436	0	0
Y57A10A.13	W06H8.2	21.42	0.858299547658742	0	0
Y57A10A.13	W06H8.6	15.644	9.28828204154963	0	0
Y57A10A.13	W07A12.4	16.466	37.4421932753501	0	0
Y57A10A.13	W07A12.8	24.214	8.66020138548939	0	0
Y57A10A.13	W07B8.4	23.468	8.47574454829599	0	0
Y57A10A.13	W07E11.1	27.592	1.9142363982119	0	0
Y57A10A.13	W07E6.5	17.498	5.61176731863861	0	0
Y57A10A.13	W07G1.1	20.406	4.26902473693185	0	0
Y57A10A.13	W07G1.7	21.564	3.45624794365173	0	0
Y57A10A.13	W07G4.1	6.202	3.54980705301694	0	0
Y57A10A.13	W07G4.2	22.856	3.78748412937143	0	0
Y57A10A.13	W07G4.5	17.658	10.0102901799308	0	0
Y57A10A.13	W07G4.7	24.456	13.6314652651921	0	0
Y57A10A.13	W07G4.8	23.846	1.74187413961132	0	0
Y57A10A.13	W08A12.2	12.006	10.0114044442436	0	0
Y57A10A.13	W08A12.3	10.588	29.4327464911478	0	0
Y57A10A.13	W08D2.5	21.5	19.5627984385525	0	0
Y57A10A.13	W08E12.2	18.972	7.49930649431083	0	0
Y57A10A.13	W08E12.4	18.13	2.721212660462	0	0
Y57A10A.13	W08E12.6	22	10.4841970808332	0	0
Y57A10A.13	W08E12.7	22.742	7.79867858904257	0	0
Y57A10A.13	W08E12.9	21.934	9.90531614989786	0	0
Y57A10A.13	W08E3.4	18.214	16.1584424461691	0	0
Y57A10A.13	W08F4.1	13.848	11.3912248266096	0	0
Y57A10A.13	W08F4.10	26.868	2.58201675273642	0	0
Y57A10A.13	W08F4.12	18.544	5.79164075817396	0	0
Y57A10A.13	W08F4.13	26.218	2.73657311095907	0	0
Y57A10A.13	W08F4.3	24.196	2.0607873943611	0	0
Y57A10A.13	W08F4.5	19.918	1.93060891987119	0	0
Y57A10A.13	W08F4.7	26.86	0.795888247447205	0	0
Y57A10A.13	W08G11.1	19.416	8.03011929024415	0	0
Y57A10A.13	W08G11.3	16.058	52.3982153373924	0	0
Y57A10A.13	W08G11.5	4.272	1.52063499708911	1	1
Y57A10A.13	W09B6.4	16.516	9.12283993448442	0	0
Y57A10A.13	W09C2.10	22.47	6.88191681984518	0	0
Y57A10A.13	W09C2.7	17.808	12.5886650033634	0	0
Y57A10A.13	W09C2.8	7.868	12.9187811848668	0	0
Y57A10A.13	W09C2.9	10.662	3.49829239787774	0	0
Y57A10A.13	W09C3.1	20.654	7.06923000386683	0	0
Y57A10A.13	W09C3.2	15.848	8.30368074723823	0	0
Y57A10A.13	W09C3.3	19.498	15.3726561981304	0	0
Y57A10A.13	W09C3.4	26.428	1.83652012935149	0	0
Y57A10A.13	W09C3.7	23.664	6.53943339484073	0	0
Y57A10A.13	W09C3.8	26.51	5.21786882688729	0	0
Y57A10A.13	W09C5.1	23.132	7.87272085687471	0	0
Y57A10A.13	W09C5.12	22.766	10.9108078206102	0	0
Y57A10A.13	W09D10.4	23.878	2.47415674072954	0	0
Y57A10A.13	W09D10.5	10.686	3.42343092229511	0	0
Y57A10A.13	W09D6.1	27.132	3.50706030154628	0	0
Y57A10A.13	W09D6.4	25.534	12.3791442674711	0	0
Y57A10A.13	W09D6.5	20.288	11.0782115158391	0	0
Y57A10A.13	W09G10.9	7.264	13.2149985953381	0	0
Y57A10A.13	W09G12.10	19.678	3.83793293150226	0	0
Y57A10A.13	W09G12.6	11.254	16.9662296104035	0	0
Y57A10A.13	W09G12.7	20.7	10.490713852323	0	0
Y57A10A.13	W09G12.8	19.398	4.66612717287779	0	0
Y57A10A.13	W09G12.9	23.226	10.676759944933	0	0
Y57A10A.13	W09G3.1	8.86	25.270449356477	0	0
Y57A10A.13	W09G3.6	26.93	2.61480198132138	0	0
Y57A10A.13	W09G3.7	23.774	2.50716618514751	0	0
Y57A10A.13	W09G3.8	19.666	2.72377948379496	0	0
Y57A10A.13	W09H1.1	21.922	4.01907608497981	0	0
Y57A10A.13	W09H1.3	20.858	4.50020754925876	0	0
Y57A10A.13	W09H1.4	18.824	3.23784313328949	0	0
Y57A10A.13	W09H1.5	26.456	2.44752925426603	0	0
Y57A10A.13	W10C4.1	18.172	1.58844397787921	0	0
Y57A10A.13	W10C6.2	24.376	13.7071781167018	0	0
Y57A10A.13	W10C8.4	16.88	42.4146414027965	0	0
Y57A10A.13	W10C8.5	24.512	7.46625493960209	0	0
Y57A10A.13	W10C8.6	22.478	10.6329163834377	0	0
Y57A10A.13	W10D9.1	22.342	8.22248821340665	0	0
Y57A10A.13	W10D9.3	21.356	3.8950332391067	0	0
Y57A10A.13	W10G11.1	24.33	5.39417335520688	0	0
Y57A10A.13	W10G11.19	26.016	3.3288850096837	0	0
Y57A10A.13	W10G11.2	23.99	7.27771498218432	0	0
Y57A10A.13	W10G11.3	26.208	3.00859368150174	0	0
Y57A10A.13	W10G11.4	14.298	3.66080176472707	0	0
Y57A10A.13	W10G6.1	16.288	13.5787125680192	0	0
Y57A10A.13	W10G6.6	23.28	7.54602957727915	0	0
Y57A10A.13	XG314	23.952	4.42496625041336	0	0
Y57A10A.13	Y102A11A.1	21.446	3.49180479076581	0	0
Y57A10A.13	Y102A11A.2	3.268	4.39402256250646	1	1
Y57A10A.13	Y102A11A.3	26.09	2.64246855548382	0	0
Y57A10A.13	Y102A11A.5	28.47	0.863238899012612	0	0
Y57A10A.13	Y102A11A.9	28.276	1.66699580999484	0	0
Y57A10A.13	Y102A5C.2	14.026	14.4108755391608	0	0
Y57A10A.13	Y102A5C.27	19.604	10.1695950375114	0	0
Y57A10A.13	Y102A5C.36	16.938	10.347591795033	0	0
Y57A10A.13	Y102A5C.4	26.942	4.06114111860337	0	0
Y57A10A.13	Y102A5C.40	12.964	2.03982420898232	0	0
Y57A10A.13	Y102E9.3	14.546	7.96055369296024	0	0
Y57A10A.13	Y102E9.5	19.854	3.58152839966996	0	0
Y57A10A.13	Y102E9.6	12.694	18.9310572216309	0	0
Y57A10A.13	Y102F5A.1	21.024	11.6725818202751	0	0
Y57A10A.13	Y104H12D.2	27.026	2.77616595834534	0	0
Y57A10A.13	Y105C5A.1	19.832	10.579061925747	0	0
Y57A10A.13	Y105C5A.10	13.336	16.645454648431	0	0
Y57A10A.13	Y105C5A.1268	19.174	0.47885173385368	0	0
Y57A10A.13	Y105C5A.1269	20.206	3.80537869805863	0	0
Y57A10A.13	Y105C5A.1270	23.34	2.98287914778911	0	0
Y57A10A.13	Y105C5A.1272	14.67	3.96743242222999	0	0
Y57A10A.13	Y105C5A.1273	17.712	10.5687829776858	0	0
Y57A10A.13	Y105C5A.1274	13.926	10.4828309078155	0	0
Y57A10A.13	Y105C5A.1285	8.238	8.22375876067312	0	0
Y57A10A.13	Y105C5A.13	16.496	3.54271145133833	0	0
Y57A10A.13	Y105C5A.15	20.232	25.6341736218331	0	0
Y57A10A.13	Y105C5A.24	22.602	6.12033658001846	0	0
Y57A10A.13	Y105C5A.26	9.694	13.1366993292566	0	0
Y57A10A.13	Y105C5A.508	18.744	5.45096525217974	0	0
Y57A10A.13	Y105C5A.8	5.036	10.6791318202294	0	0
Y57A10A.13	Y105C5A.9	14.454	27.4433274070088	0	0
Y57A10A.13	Y105C5B.1	18.332	1.38881585155215	0	0
Y57A10A.13	Y105C5B.11	23.544	4.74904215213791	0	0
Y57A10A.13	Y105C5B.1413	23.746	13.2248085418105	0	0
Y57A10A.13	Y105C5B.1418	17.486	6.71602228912173	0	0
Y57A10A.13	Y105C5B.15	25.008	2.67756062379329	0	0
Y57A10A.13	Y105C5B.17	25.544	3.80810970392117	0	0
Y57A10A.13	Y105C5B.18	21.678	1.77686255954054	0	0
Y57A10A.13	Y105C5B.19	21.558	10.1806673955745	0	0
Y57A10A.13	Y105C5B.20	21.376	11.2233825399475	0	0
Y57A10A.13	Y105C5B.25	25.358	1.47300166005884	0	0
Y57A10A.13	Y105C5B.3	24.402	5.54418980444293	0	0
Y57A10A.13	Y105C5B.5	28.226	1.25197918308254	0	0
Y57A10A.13	Y105C5B.8	10.78	1.73173976832973	0	0
Y57A10A.13	Y105C5B.9	22.594	4.49180890133933	0	0
Y57A10A.13	Y105E8A.1	14.608	13.2949772295614	0	0
Y57A10A.13	Y105E8A.11	26.718	3.53594118739329	0	0
Y57A10A.13	Y105E8A.13	25.698	9.06707891350995	0	0
Y57A10A.13	Y105E8A.14	20.288	27.5619702659812	0	0
Y57A10A.13	Y105E8A.2	25.494	5.84152373192662	0	0
Y57A10A.13	Y105E8A.20	25.886	5.05560536771967	0	0
Y57A10A.13	Y105E8A.21	26.352	9.37188881767178	0	0
Y57A10A.13	Y105E8A.27	13.638	4.95127956589742	0	0
Y57A10A.13	Y105E8A.28	18.652	6.19421029694026	0	0
Y57A10A.13	Y105E8A.32	26.184	2.96032785968971	0	0
Y57A10A.13	Y105E8B.11	14.184	7.94870284767113	0	0
Y57A10A.13	Y105E8B.6	24.26	6.64238850911889	0	0
Y57A10A.13	Y105E8B.7	27.854	0.532868045051483	0	0
Y57A10A.13	Y105E8B.9	22.896	2.24592756847886	0	0
Y57A10A.13	Y106G6A.4	25.59	4.11737616150901	0	0
Y57A10A.13	Y106G6D.1	27.352	1.52842578349792	0	0
Y57A10A.13	Y106G6D.2	25.402	4.39716996012271	0	0
Y57A10A.13	Y106G6D.3	16.554	15.6379849883429	0	0
Y57A10A.13	Y106G6D.4	25.178	1.55694516238986	0	0
Y57A10A.13	Y106G6D.5	3.77	3.17749298427346	1	1
Y57A10A.13	Y106G6D.6	22.57	0.577687408524828	0	0
Y57A10A.13	Y106G6D.8	27.24	7.14808710254505	0	0
Y57A10A.13	Y106G6E.1	25.326	12.5881863071007	0	0
Y57A10A.13	Y106G6E.4	27.842	3.24401934896578	0	0
Y57A10A.13	Y106G6E.8	14.392	10.3531370882972	0	0
Y57A10A.13	Y106G6G.1	20.246	4.69418222297827	0	0
Y57A10A.13	Y106G6G.2	29.708	1.8332715552146	0	0
Y57A10A.13	Y106G6G.4	13.604	5.05645989141481	0	0
Y57A10A.13	Y106G6H.1	23.092	1.87776169426825	0	0
Y57A10A.13	Y106G6H.13	19.58	8.3208253505454	0	0
Y57A10A.13	Y106G6H.14	23.648	7.45271816836694	0	0
Y57A10A.13	Y106G6H.16	12.354	8.72909439801784	0	0
Y57A10A.13	Y106G6H.6	25.138	1.74431550522932	0	0
Y57A10A.13	Y106G6H.8	23.242	2.52743563875062	0	0
Y57A10A.13	Y106G6H.9	27.424	5.14074481421584	0	0
Y57A10A.13	Y108F1.5	24.082	8.23486951739467	0	0
Y57A10A.13	Y108G3AL.2	11.126	4.88898550221632	0	0
Y57A10A.13	Y10G11A.1	20.86	7.35205878329062	0	0
Y57A10A.13	Y110A2AL.1	21.234	1.8727306673783	0	0
Y57A10A.13	Y110A2AL.10	15.178	3.14160827649221	0	0
Y57A10A.13	Y110A2AL.2	16.762	2.82810172550982	0	0
Y57A10A.13	Y110A2AL.3	20.998	15.3302600053068	0	0
Y57A10A.13	Y110A2AL.4	24.616	8.18251153722613	0	0
Y57A10A.13	Y110A2AL.5	15.886	2.72415078190452	0	0
Y57A10A.13	Y110A2AL.6	19.886	0.752285352708868	0	0
Y57A10A.13	Y110A2AL.7	18.966	0.735899876510296	0	0
Y57A10A.13	Y110A2AL.9	27.694	4.55398998079751	0	0
Y57A10A.13	Y110A2AR.1	20.26	1.95230803964127	0	0
Y57A10A.13	Y110A7A.11	24.668	3.53642209613598	0	0
Y57A10A.13	Y110A7A.15	22.9	3.89699764494727	0	0
Y57A10A.13	Y110A7A.21	15.474	2.54615733303106	0	0
Y57A10A.13	Y110A7A.7	22.934	5.22955286879838	0	0
Y57A10A.13	Y110A7A.9	27.27	3.89629845264329	0	0
Y57A10A.13	Y111B2A.1	25.152	4.58836960284608	0	0
Y57A10A.13	Y111B2A.12	14.618	2.79782837834288	0	0
Y57A10A.13	Y111B2A.2	23.932	3.98728863373737	0	0
Y57A10A.13	Y111B2A.21	8.78	9.38063847421948	0	0
Y57A10A.13	Y113G7A.12	16.552	6.71231302553388	0	0
Y57A10A.13	Y113G7A.13	17.384	2.20573464851339	0	0
Y57A10A.13	Y113G7A.14	11.424	11.3952972301174	0	0
Y57A10A.13	Y113G7A.16	4.322	7.98895171309855	1	1
Y57A10A.13	Y113G7A.22	8.11	4.10346764298243	0	0
Y57A10A.13	Y113G7B.11	23.978	7.94291617676092	0	0
Y57A10A.13	Y113G7B.12	22.092	14.2144935375133	0	0
Y57A10A.13	Y113G7B.15	22.644	2.41391856738735	0	0
Y57A10A.13	Y113G7B.27	20.396	9.86734245557415	0	0
Y57A10A.13	Y113G7B.28	4.976	9.16275306182618	1	1
Y57A10A.13	Y113G7C.1	24.132	6.43592003277474	0	0
Y57A10A.13	Y116A8A.150	7.854	6.59482463988129	0	0
Y57A10A.13	Y116A8A.2	18.946	25.3658403155798	0	0
Y57A10A.13	Y116A8A.4	23.682	10.835491867215	0	0
Y57A10A.13	Y116A8A.6	23.316	9.1812824964177	0	0
Y57A10A.13	Y116A8A.7	19.958	12.177084128237	0	0
Y57A10A.13	Y116A8B.1	26.404	4.36318242009546	0	0
Y57A10A.13	Y116A8B.4	20.85	3.49248282681073	0	0
Y57A10A.13	Y116A8C.10	15.048	2.06457124409502	0	0
Y57A10A.13	Y116A8C.11	26.998	3.50318791953198	0	0
Y57A10A.13	Y116A8C.19	19.61	14.718265654049	0	0
Y57A10A.13	Y116A8C.20	20.912	6.29179100940542	0	0
Y57A10A.13	Y116A8C.23	18.22	4.68598072115629	0	0
Y57A10A.13	Y116A8C.24	26.628	8.18503610161587	0	0
Y57A10A.13	Y116A8C.25	26.746	2.73674547498007	0	0
Y57A10A.13	Y116A8C.27	19.906	2.84213870796992	0	0
Y57A10A.13	Y116A8C.29	14.876	6.68188344909093	0	0
Y57A10A.13	Y116A8C.3	15.638	11.0860029506688	0	0
Y57A10A.13	Y116A8C.30	9.792	4.34322035967791	0	0
Y57A10A.13	Y116A8C.33	25.472	19.8134703181065	0	0
Y57A10A.13	Y116A8C.37	15.852	37.7341091787585	0	0
Y57A10A.13	Y116A8C.38	7.884	4.58431918377057	0	0
Y57A10A.13	Y116A8C.43	26.732	1.79879323662792	0	0
Y57A10A.13	Y116A8C.44	21.49	5.5442005491592	0	0
Y57A10A.13	Y116A8C.463	22.62	7.64484018006471	0	0
Y57A10A.13	Y116A8C.465	15.022	14.3300104890371	0	0
Y57A10A.13	Y116A8C.467	14.652	11.9533521031805	0	0
Y57A10A.13	Y116A8C.468	10.222	5.22873270130102	0	0
Y57A10A.13	Y116A8C.469	7.83	5.78037776890593	0	0
Y57A10A.13	Y116A8C.470	8.79	3.12700344183954	0	0
Y57A10A.13	Y116A8C.49	15.508	14.9683149429553	0	0
Y57A10A.13	Y116A8C.9	16.416	1.46680290725972	0	0
Y57A10A.13	Y116F11A.1	23.894	6.21206699634374	0	0
Y57A10A.13	Y116F11A.3	16.464	19.2591400256924	0	0
Y57A10A.13	Y116F11A.6	23.19	14.7306728439665	0	0
Y57A10A.13	Y116F11B.13	24.688	13.3148390865076	0	0
Y57A10A.13	Y116F11B.14	18.046	14.0775736365476	0	0
Y57A10A.13	Y116F11B.17	12.134	13.2601298134905	0	0
Y57A10A.13	Y116F11B.2	23.964	15.0983419413621	0	0
Y57A10A.13	Y116F11B.6	20.604	6.15893897106977	0	0
Y57A10A.13	Y116F11B.7	24.284	2.8311533211592	0	0
Y57A10A.13	Y116F11B.8	16.852	3.54439988450904	0	0
Y57A10A.13	Y116F11B.9	25.874	3.53511171678259	0	0
Y57A10A.13	Y119C1A.1	19.72	18.4041802284732	0	0
Y57A10A.13	Y119C1B.1	15.564	30.1815041626132	0	0
Y57A10A.13	Y119C1B.10	19.228	15.4779040797068	0	0
Y57A10A.13	Y119C1B.11	15.796	6.72452046869452	0	0
Y57A10A.13	Y119C1B.12	19.492	3.01193322573875	0	0
Y57A10A.13	Y119C1B.3	6.086	3.83694700459073	0	0
Y57A10A.13	Y119C1B.6	14.044	16.9306951909197	0	0
Y57A10A.13	Y119D3B.12	20.67	3.20419243124016	0	0
Y57A10A.13	Y119D3B.21	16.998	5.81728751680043	0	0
Y57A10A.13	Y11D7A.10	19.354	2.55972368504094	0	0
Y57A10A.13	Y11D7A.19	21.094	4.97078352195326	0	0
Y57A10A.13	Y11D7A.3	21.084	1.9369525293772	0	0
Y57A10A.13	Y11D7A.5	24.884	5.42060152597939	0	0
Y57A10A.13	Y11D7A.7	23.374	6.76395143682612	0	0
Y57A10A.13	Y11D7A.8	10.746	68.9301598427021	0	0
Y57A10A.13	Y11D7A.9	19.45	3.07238275955345	0	0
Y57A10A.13	Y12A6A.1	22.668	5.87247404084873	0	0
Y57A10A.13	Y13C8A.1	5.096	6.69005517543275	0	0
Y57A10A.13	Y14H12A.1	19.024	2.48467108218498	0	0
Y57A10A.13	Y14H12A.2	19.12	8.99482759483047	0	0
Y57A10A.13	Y14H12A.5	25.342	2.11570629336323	0	0
Y57A10A.13	Y14H12B.1	26.208	13.298886942973	0	0
Y57A10A.13	Y14H12B.2	17.164	16.9051477444887	0	0
Y57A10A.13	Y15E3A.3	22.552	12.3165904813149	0	0
Y57A10A.13	Y15E3A.4	24.708	4.70993633069979	0	0
Y57A10A.13	Y15E3A.5	21.844	3.50630722465377	0	0
Y57A10A.13	Y16B4A.2	25.53	1.50841124277084	0	0
Y57A10A.13	Y16E11A.4	15.188	54.5748090011284	0	0
Y57A10A.13	Y17D7B.10	4.434	21.5269532560307	0	0
Y57A10A.13	Y17D7B.2	18.072	3.83434594454832	0	0
Y57A10A.13	Y17D7B.3	22.238	8.43899898567062	0	0
Y57A10A.13	Y17D7B.4	22.614	9.80190703651908	0	0
Y57A10A.13	Y17D7C.1	16.224	5.34105845090819	0	0
Y57A10A.13	Y17D7C.2	24.76	13.1245183693632	0	0
Y57A10A.13	Y17D7C.6	20.218	3.41233450722129	0	0
Y57A10A.13	Y17G7B.12	19.134	2.14106093542612	0	0
Y57A10A.13	Y17G7B.17	10.434	43.6449463429376	0	0
Y57A10A.13	Y17G7B.18	25.666	2.90360093878326	0	0
Y57A10A.13	Y17G7B.20	17.908	4.64209404237006	0	0
Y57A10A.13	Y17G7B.21	24.002	6.47158307784556	0	0
Y57A10A.13	Y17G7B.22	25.07	11.3990232037748	0	0
Y57A10A.13	Y17G7B.23	14.516	3.25556651890343	0	0
Y57A10A.13	Y17G7B.3	22.572	3.4205567866256	0	0
Y57A10A.13	Y17G7B.8	27.028	5.50220078853829	0	0
Y57A10A.13	Y17G9A.2	23.814	20.5622353206144	0	0
Y57A10A.13	Y17G9A.3	20.258	47.4838896044335	0	0
Y57A10A.13	Y17G9A.4	13.99	13.1376756723974	0	0
Y57A10A.13	Y17G9B.11	25.922	5.48499057614804	0	0
Y57A10A.13	Y17G9B.2	13.522	8.93452631999764	0	0
Y57A10A.13	Y17G9B.4	24.986	8.04224463316443	0	0
Y57A10A.13	Y17G9B.5	26.818	5.13980905743275	0	0
Y57A10A.13	Y17G9B.8	20.694	11.9617503605227	0	0
Y57A10A.13	Y18D10A.11	14.612	47.942147276417	0	0
Y57A10A.13	Y18D10A.2	22.476	15.296048184947	0	0
Y57A10A.13	Y18D10A.21	13.496	12.5435406835035	0	0
Y57A10A.13	Y18D10A.23	24.49	5.40632528955936	0	0
Y57A10A.13	Y18D10A.3	23.366	1.27841269346054	0	0
Y57A10A.13	Y18D10A.4	21.684	16.1247382319611	0	0
Y57A10A.13	Y18D10A.9	10.66	4.71522527649613	0	0
Y57A10A.13	Y18H1A.11	24.744	2.66832344273134	0	0
Y57A10A.13	Y18H1A.14	23.212	7.19831993270591	0	0
Y57A10A.13	Y18H1A.15	26.614	5.22157144865035	0	0
Y57A10A.13	Y18H1A.18	5.228	10.1398851465041	0	0
Y57A10A.13	Y18H1A.2	27.262	12.2261285216649	0	0
Y57A10A.13	Y18H1A.4	19.724	2.17199358609052	0	0
Y57A10A.13	Y18H1A.8	15.174	10.5946474142643	0	0
Y57A10A.13	Y18H1A.9	20.576	2.9218044596617	0	0
Y57A10A.13	Y19D10A.6	13.218	2.28496360194079	0	0
Y57A10A.13	Y19D10B.6	23.854	3.16537911135215	0	0
Y57A10A.13	Y19D10B.8	19.97	8.76536204868327	0	0
Y57A10A.13	Y19D2B.1	10.904	2.58630445797155	0	0
Y57A10A.13	Y19D2B.2	19.694	13.8191794007195	0	0
Y57A10A.13	Y1A5A.1	25.598	3.70787451188876	0	0
Y57A10A.13	Y1B5A.1	15.542	17.354721676153	0	0
Y57A10A.13	Y20C6A.1	28.554	2.98222894691843	0	0
Y57A10A.13	Y20C6A.4	23.19	11.6719409705473	0	0
Y57A10A.13	Y20F4.4	22.244	7.32365292319999	0	0
Y57A10A.13	Y20F4.8	22.742	6.61675479857679	0	0
Y57A10A.13	Y22D7AL.1	25.518	2.40366702977274	0	0
Y57A10A.13	Y22D7AL.10	22.146	7.25270893552158	0	0
Y57A10A.13	Y22D7AL.11	22.028	1.8666298585996	0	0
Y57A10A.13	Y22D7AL.12	12.668	11.7435481453486	0	0
Y57A10A.13	Y22D7AL.13	13.24	24.2703462577051	0	0
Y57A10A.13	Y22D7AL.15	14.79	15.7691876246149	0	0
Y57A10A.13	Y22D7AL.16	21.13	5.67804454068584	0	0
Y57A10A.13	Y22D7AL.3	15.728	16.6172724797558	0	0
Y57A10A.13	Y22D7AL.4	26.564	5.26797763687617	0	0
Y57A10A.13	Y22D7AL.6	24.82	8.52842301107853	0	0
Y57A10A.13	Y22D7AL.7	24.032	10.934220757579	0	0
Y57A10A.13	Y22D7AL.9	24.004	2.91299490331581	0	0
Y57A10A.13	Y22D7AR.14	20.13	4.05789230042114	0	0
Y57A10A.13	Y22D7AR.2	27.876	4.60991645095696	0	0
Y57A10A.13	Y22D7AR.3	15.988	3.39180769545714	0	0
Y57A10A.13	Y22D7AR.6	22.58	4.1311705504137	0	0
Y57A10A.13	Y22D7AR.7	25.456	3.63723351044212	0	0
Y57A10A.13	Y22F5A.11	12.684	6.20146580881708	0	0
Y57A10A.13	Y23B4A.1	16.986	3.01962350185702	0	0
Y57A10A.13	Y23H5A.2	22.276	9.37931951644128	0	0
Y57A10A.13	Y23H5A.8	18.964	4.82321665049741	0	0
Y57A10A.13	Y23H5B.1	26.38	4.86598615533945	0	0
Y57A10A.13	Y23H5B.12	6.324	2.8846943076512	0	0
Y57A10A.13	Y23H5B.3	25.918	5.66210619967082	0	0
Y57A10A.13	Y23H5B.5	24.19	9.25725612657637	0	0
Y57A10A.13	Y23H5B.8	25.2	2.53456205035505	0	0
Y57A10A.13	Y24D9A.6	16.026	6.7686810111795	0	0
Y57A10A.13	Y24D9A.7	15.526	6.71986610236151	0	0
Y57A10A.13	Y24D9B.1	18.336	18.7413018016741	0	0
Y57A10A.13	Y24F12A.1	23.242	3.16251016094758	0	0
Y57A10A.13	Y25C1A.13	26.076	5.3949907278685	0	0
Y57A10A.13	Y25C1A.14	27.258	8.12062448257698	0	0
Y57A10A.13	Y25C1A.2	26.22	0.961068128783687	0	0
Y57A10A.13	Y25C1A.6	15.968	5.31178795271927	0	0
Y57A10A.13	Y25C1A.7	16.942	12.6121741729117	0	0
Y57A10A.13	Y25C1A.8	19.552	5.82279388844276	0	0
Y57A10A.13	Y26D4A.12	13.206	4.92974612331121	0	0
Y57A10A.13	Y26D4A.17	24.77	3.50313651823712	0	0
Y57A10A.13	Y26D4A.21	24.39	11.8253669402722	0	0
Y57A10A.13	Y26D4A.3	9.51	3.27073207465737	0	0
Y57A10A.13	Y26D4A.5	25.97	3.35996293544451	0	0
Y57A10A.13	Y26E6A.2	23.014	4.05996673345965	0	0
Y57A10A.13	Y26E6A.3	25.664	10.7568555902644	0	0
Y57A10A.13	Y26G10.1	22.19	1.16168983818389	0	0
Y57A10A.13	Y26G10.4	19.984	8.68469227644914	0	0
Y57A10A.13	Y26G10.5	24.302	2.82138496193481	0	0
Y57A10A.13	Y26G10.6	14.414	7.63802586779008	0	0
Y57A10A.13	Y27F2A.10	24.238	9.41564257470867	0	0
Y57A10A.13	Y27F2A.11	19.876	8.55765918248422	0	0
Y57A10A.13	Y27F2A.6	21.698	3.78159423135717	0	0
Y57A10A.13	Y27F2A.8	28.086	2.41387230585188	0	0
Y57A10A.13	Y27F2A.9	18.874	5.64841374581168	0	0
Y57A10A.13	Y2H9A.4	14.836	4.57143606064064	0	0
Y57A10A.13	Y2H9A.6	18.97	10.5704044549633	0	0
Y57A10A.13	Y32B12A.5	7.66	4.68430159739143	0	0
Y57A10A.13	Y32B12B.1	25.018	8.9918990190106	0	0
Y57A10A.13	Y32B12B.2	22.578	19.5739333624342	0	0
Y57A10A.13	Y32B12B.4	20.646	2.71251954409433	0	0
Y57A10A.13	Y32B12B.8	18.222	10.0164861056768	0	0
Y57A10A.13	Y32B12C.1	21.756	5.23091462107679	0	0
Y57A10A.13	Y32F6A.4	22.846	22.4004416902238	0	0
Y57A10A.13	Y32F6A.5	25.38	3.10482193497795	0	0
Y57A10A.13	Y32F6B.1	16.984	11.7903966156846	0	0
Y57A10A.13	Y32F6B.9	7.098	14.402116050803	0	0
Y57A10A.13	Y32G9A.12	27.028	4.79995514782611	0	0
Y57A10A.13	Y32G9A.2	17.716	5.11602697395304	0	0
Y57A10A.13	Y32G9A.3	15.244	7.61825523080052	0	0
Y57A10A.13	Y32G9A.5	20.262	6.63849114097029	0	0
Y57A10A.13	Y32G9B.1	7.014	7.32728533868263	0	0
Y57A10A.13	Y32H12A.1	19.744	7.09750562030055	0	0
Y57A10A.13	Y32H12A.6	10.838	46.977679064105	0	0
Y57A10A.13	Y32H12A.7	23.146	0.905018299336463	0	0
Y57A10A.13	Y34B4A.10	17.784	18.5885053248941	0	0
Y57A10A.13	Y34B4A.2	22.94	23.1969956218279	0	0
Y57A10A.13	Y34B4A.20	5.876	9.41533309844526	0	0
Y57A10A.13	Y34B4A.4	26.48	4.09198999571434	0	0
Y57A10A.13	Y34B4A.7	24.636	4.77445819383632	0	0
Y57A10A.13	Y34D9A.3	28.388	0.672718056987028	0	0
Y57A10A.13	Y34D9A.7	16.952	2.18717242895423	0	0
Y57A10A.13	Y34D9A.8	14.886	7.29508660277146	0	0
Y57A10A.13	Y34F4.3	25.072	3.49016545959806	0	0
Y57A10A.13	Y36E3A.2	7.318	6.98477414282065	0	0
Y57A10A.13	Y37A1A.2	22.264	3.73375018970407	0	0
Y57A10A.13	Y37A1A.3	19.048	4.47357597193965	0	0
Y57A10A.13	Y37A1A.4	19.29	2.24893851358049	0	0
Y57A10A.13	Y37A1B.4	18.08	1.20988068884001	0	0
Y57A10A.13	Y37A1B.7	24.14	11.5154106796458	0	0
Y57A10A.13	Y37B11A.3	26.418	8.45255411321684	0	0
Y57A10A.13	Y37D8A.16	13.94	1.11017127263574	0	0
Y57A10A.13	Y37D8A.19	11.63	3.74452477866151	0	0
Y57A10A.13	Y37D8A.2	23.006	4.21052921796527	0	0
Y57A10A.13	Y37D8A.25	25.092	6.06997894987461	0	0
Y57A10A.13	Y37D8A.26	24.852	4.38147734813709	0	0
Y57A10A.13	Y37D8A.29	12.104	3.28999540767583	0	0
Y57A10A.13	Y37D8A.3	23.144	3.61690360912955	0	0
Y57A10A.13	Y37D8A.4	23.046	9.05342156168494	0	0
Y57A10A.13	Y37D8A.5	15.484	8.03369476527475	0	0
Y57A10A.13	Y37D8A.6	19.312	12.2859957027446	0	0
Y57A10A.13	Y37D8A.8	7.29	12.8303726321591	0	0
Y57A10A.13	Y37E11AL.1	17.934	0.37112883444393	0	0
Y57A10A.13	Y37E11AL.12	14.752	2.0923155315752	0	0
Y57A10A.13	Y37E11AL.2	24.772	9.60174258066253	0	0
Y57A10A.13	Y37E11AL.3	17.06	2.59009977670406	0	0
Y57A10A.13	Y37E11AL.9	19.484	10.7627027671274	0	0
Y57A10A.13	Y37E11AM.2	13.362	14.1710352756007	0	0
Y57A10A.13	Y37E11AM.3	24.844	5.00254163873013	0	0
Y57A10A.13	Y37E11AM.4	11.394	27.8003062101611	0	0
Y57A10A.13	Y37E11AR.7	16.994	6.50284074548608	0	0
Y57A10A.13	Y37E11B.1	24.234	5.98209114863042	0	0
Y57A10A.13	Y37E11B.10	19.142	18.5838429389003	0	0
Y57A10A.13	Y37E11B.2	21.098	7.29406676518947	0	0
Y57A10A.13	Y37E11B.5	24.726	5.56683488304323	0	0
Y57A10A.13	Y37E11B.6	25.666	2.53412126755886	0	0
Y57A10A.13	Y37E11B.7	17.718	11.2586678404319	0	0
Y57A10A.13	Y37E3.1	27.134	1.88327856632399	0	0
Y57A10A.13	Y37E3.17	24.242	5.00932230715038	0	0
Y57A10A.13	Y37E3.19	19.808	11.9989710864158	0	0
Y57A10A.13	Y37E3.30	23.09	3.27990835512244	0	0
Y57A10A.13	Y37F4.1	4.69	2.03956572171738	1	1
Y57A10A.13	Y37F4.2	14.932	14.4226028720508	0	0
Y57A10A.13	Y37F4.3	26.58	4.80255343622676	0	0
Y57A10A.13	Y37F4.4	19.064	16.1461652144505	0	0
Y57A10A.13	Y37F4.5	24.684	8.67401222949698	0	0
Y57A10A.13	Y37F4.6	20.088	41.6425334555628	0	0
Y57A10A.13	Y37F4.7	20.292	0.549206848640057	0	0
Y57A10A.13	Y37F4.8	27.922	1.54092019878517	0	0
Y57A10A.13	Y37H2A.1	20.534	16.3410811888069	0	0
Y57A10A.13	Y37H2A.10	16.95	2.81150502830533	0	0
Y57A10A.13	Y37H2A.11	8.842	2.31420042962756	0	0
Y57A10A.13	Y37H2A.12	16.542	13.6025738940857	0	0
Y57A10A.13	Y37H2A.13	14.626	3.28808828828726	0	0
Y57A10A.13	Y37H2A.14	21.878	14.6161131978711	0	0
Y57A10A.13	Y37H2A.18	24.528	3.85089493931878	0	0
Y57A10A.13	Y37H2A.7	21.9	2.0049770228402	0	0
Y57A10A.13	Y37H2C.4	14.048	1.7094660382491	0	0
Y57A10A.13	Y37H9A.1	17.692	3.87075425795852	0	0
Y57A10A.13	Y37H9A.3	10.73	5.53363663052076	0	0
Y57A10A.13	Y37H9A.5	7.858	6.38796302259929	0	0
Y57A10A.13	Y38A10A.11	9.676	23.8014289988908	0	0
Y57A10A.13	Y38A10A.2	18.698	2.10978184114921	0	0
Y57A10A.13	Y38A10A.7	26.144	11.512319166577	0	0
Y57A10A.13	Y38C1AA.1	14.332	2.74585025748806	0	0
Y57A10A.13	Y38C1AA.12	21.062	3.48709608202326	0	0
Y57A10A.13	Y38C1AA.19	27.064	5.13016245823721	0	0
Y57A10A.13	Y38C1AA.6	25.882	1.68001623746712	0	0
Y57A10A.13	Y38C1AA.7	22.548	5.96026095642515	0	0
Y57A10A.13	Y38C1AB.1	23.592	0.595235323212676	0	0
Y57A10A.13	Y38C1AB.3	28.442	2.86816484812714	0	0
Y57A10A.13	Y38C1BA.1	25.058	2.25686927745181	0	0
Y57A10A.13	Y38C1BA.4	8.964	12.3306443383664	0	0
Y57A10A.13	Y38C9B.3	20.964	14.680217145537	0	0
Y57A10A.13	Y38E10A.1	7.612	4.3880840439612	0	0
Y57A10A.13	Y38E10A.14	25.838	4.42476825322941	0	0
Y57A10A.13	Y38E10A.17	15.834	4.95166851368694	0	0
Y57A10A.13	Y38E10A.2	17.984	7.04458288440968	0	0
Y57A10A.13	Y38E10A.22	23.286	6.60152571214237	0	0
Y57A10A.13	Y38E10A.24	16.698	23.3602899689291	0	0
Y57A10A.13	Y38E10A.28	18.974	19.7719178372984	0	0
Y57A10A.13	Y38E10A.3	22.278	9.26651123694505	0	0
Y57A10A.13	Y38E10A.33	6.614	10.6442386318658	0	0
Y57A10A.13	Y38E10A.34	21.818	3.59544974324414	0	0
Y57A10A.13	Y38E10A.35	17.318	5.92178084788778	0	0
Y57A10A.13	Y38E10A.8	22.412	11.3535469208137	0	0
Y57A10A.13	Y38E10A.9	14.202	12.0359655601443	0	0
Y57A10A.13	Y38F1A.1	23.344	8.07244237743741	0	0
Y57A10A.13	Y38F1A.2	24.336	3.81493200463458	0	0
Y57A10A.13	Y38F1A.4	4.582	2.83466966680326	1	1
Y57A10A.13	Y38F1A.7	23.322	5.87892767832272	0	0
Y57A10A.13	Y38F1A.8	12.62	26.6300061085895	0	0
Y57A10A.13	Y38F2AL.12	5.178	6.90863166605799	0	0
Y57A10A.13	Y38F2AR.10	20.854	7.93236705814532	0	0
Y57A10A.13	Y38F2AR.12	26.968	4.00769802341063	0	0
Y57A10A.13	Y38F2AR.3	17.618	4.65301543839775	0	0
Y57A10A.13	Y38H6A.1	26.048	10.1335135815648	0	0
Y57A10A.13	Y38H6A.3	21.592	7.64827040186315	0	0
Y57A10A.13	Y38H6A.5	19.58	2.50801971266021	0	0
Y57A10A.13	Y38H6C.13	22.626	8.12698716767374	0	0
Y57A10A.13	Y38H6C.15	17.086	23.595695258801	0	0
Y57A10A.13	Y38H6C.16	14.93	1.37021249467373	0	0
Y57A10A.13	Y38H6C.18	25.812	3.19934429413554	0	0
Y57A10A.13	Y38H6C.20	24.298	4.72380105049191	0	0
Y57A10A.13	Y38H6C.21	16.232	7.92351776682147	0	0
Y57A10A.13	Y38H6C.23	17.758	6.69888593326888	0	0
Y57A10A.13	Y38H6C.24	20.11	5.06563974219142	0	0
Y57A10A.13	Y38H6C.25	27.916	1.72644488710836	0	0
Y57A10A.13	Y38H6C.4	24.73	6.6497193704224	0	0
Y57A10A.13	Y38H6C.8	28.106	0.915993112077479	0	0
Y57A10A.13	Y38H6C.9	27.852	1.94800643608691	0	0
Y57A10A.13	Y38H8A.1	23.944	5.36068097054356	0	0
Y57A10A.13	Y38H8A.12	6.748	17.0628208189381	0	0
Y57A10A.13	Y38H8A.2	21.638	8.03107001454003	0	0
Y57A10A.13	Y38H8A.4	14.162	18.8231229280199	0	0
Y57A10A.13	Y38H8A.7	18.704	13.8917499688893	0	0
Y57A10A.13	Y39A1A.10	8.81	8.28642730728801	0	0
Y57A10A.13	Y39A1A.14	22.142	5.68573777771505	0	0
Y57A10A.13	Y39A1A.16	25.802	7.49440464253391	0	0
Y57A10A.13	Y39A1A.17	26.958	3.35244930973351	0	0
Y57A10A.13	Y39A1A.18	18.92	1.69174479632973	0	0
Y57A10A.13	Y39A1A.2	26.28	8.87348543402274	0	0
Y57A10A.13	Y39A1A.20	12.548	1.48603088368493	0	0
Y57A10A.13	Y39A1A.21	22.704	4.67434548110843	0	0
Y57A10A.13	Y39A1A.22	24.578	2.6174924257463	0	0
Y57A10A.13	Y39A1A.24	16.924	11.092884946216	0	0
Y57A10A.13	Y39A1A.27	23.588	3.02450964107057	0	0
Y57A10A.13	Y39A1A.3	23.414	2.91609188785148	0	0
Y57A10A.13	Y39A1A.31	26.454	6.40451007865548	0	0
Y57A10A.13	Y39A1C.1	23.138	14.4360147096727	0	0
Y57A10A.13	Y39A3A.2	7.512	3.99183489115896	0	0
Y57A10A.13	Y39A3A.3	25.056	3.79608347855176	0	0
Y57A10A.13	Y39A3A.4	26.116	2.88448722653844	0	0
Y57A10A.13	Y39A3B.1	24.112	5.15072174698296	0	0
Y57A10A.13	Y39A3B.7	11.478	30.2350366011472	0	0
Y57A10A.13	Y39A3B.8	22.686	3.97706123161513	0	0
Y57A10A.13	Y39A3CL.3	16.364	7.7619731120557	0	0
Y57A10A.13	Y39A3CL.4	24.76	6.01404238796831	0	0
Y57A10A.13	Y39A3CL.7	19.362	19.4895257605647	0	0
Y57A10A.13	Y39B6A.1	8.826	9.77110605069511	0	0
Y57A10A.13	Y39B6A.10	25.214	9.79303749867807	0	0
Y57A10A.13	Y39B6A.13	23.56	4.07989464804607	0	0
Y57A10A.13	Y39B6A.25	25.38	7.24342963423724	0	0
Y57A10A.13	Y39B6A.27	19.51	1.89715587117598	0	0
Y57A10A.13	Y39B6A.29	17.752	4.16919139224553	0	0
Y57A10A.13	Y39B6A.3	22.17	12.4105039697212	0	0
Y57A10A.13	Y39B6A.30	13.008	3.11674125303367	0	0
Y57A10A.13	Y39B6A.33	22.218	1.41379877708801	0	0
Y57A10A.13	Y39B6A.34	25.238	3.28742634701473	0	0
Y57A10A.13	Y39B6A.37	19.804	6.48476554062899	0	0
Y57A10A.13	Y39B6A.41	23.418	4.51214920074959	0	0
Y57A10A.13	Y39B6A.42	18.886	4.4948601467367	0	0
Y57A10A.13	Y39B6A.43	20.576	3.84136194402244	0	0
Y57A10A.13	Y39B6A.5	14.938	5.26802182627474	0	0
Y57A10A.13	Y39B6A.69	10.308	5.31684338057601	0	0
Y57A10A.13	Y39B6A.7	24.838	2.63045692432457	0	0
Y57A10A.13	Y39B6A.9	7.956	16.9153129760435	0	0
Y57A10A.13	Y39C12A.9	23.004	12.8239525031126	0	0
Y57A10A.13	Y39D8A.1	26.104	0.747061063788686	0	0
Y57A10A.13	Y39E4A.1	16.078	6.82967775459346	0	0
Y57A10A.13	Y39E4B.10	16.268	8.67041711468505	0	0
Y57A10A.13	Y39E4B.11	23.452	3.94778593925785	0	0
Y57A10A.13	Y39E4B.13	21.634	4.98481789932321	0	0
Y57A10A.13	Y39E4B.5	26.022	5.34027913804471	0	0
Y57A10A.13	Y39E4B.6	12.014	22.4616464045286	0	0
Y57A10A.13	Y39F10A.1	26.298	3.2021166304822	0	0
Y57A10A.13	Y39F10A.3	18.876	28.5606899765431	0	0
Y57A10A.13	Y39F10A.6	22.562	13.8960661911603	0	0
Y57A10A.13	Y39F10C.1	9.702	9.24184438221205	0	0
Y57A10A.13	Y39F10C.3	17.184	3.29825162313468	0	0
Y57A10A.13	Y39G10AL.1	15.822	3.57234719109413	0	0
Y57A10A.13	Y39G10AR.11	27.692	2.75152189087964	0	0
Y57A10A.13	Y39G10AR.15	16.948	7.97726826750668	0	0
Y57A10A.13	Y39G10AR.16	16.08	7.77263675223065	0	0
Y57A10A.13	Y39G10AR.32	18.072	12.7985667434377	0	0
Y57A10A.13	Y39G10AR.9	24.622	1.05221053787418	0	0
Y57A10A.13	Y39G8B.1	23.694	9.92519624416128	0	0
Y57A10A.13	Y39G8B.10	17.776	10.8281923495413	0	0
Y57A10A.13	Y39G8B.13	3.864	12.1299257428009	0	0
Y57A10A.13	Y39G8B.2	19.308	8.81707709395223	0	0
Y57A10A.13	Y39G8B.5	25.806	5.99644676534124	0	0
Y57A10A.13	Y39G8B.7	19.996	11.8258375847047	0	0
Y57A10A.13	Y39G8B.9	23.074	6.27130887595854	0	0
Y57A10A.13	Y39G8C.2	23.808	3.38732865609713	0	0
Y57A10A.13	Y39H10A.1	8.274	4.42058839514333	0	0
Y57A10A.13	Y39H10B.2	23.914	15.6278147084453	0	0
Y57A10A.13	Y39H10B.3	19.392	11.407495340236	0	0
Y57A10A.13	Y40A1A.2	20.352	3.50351691960959	0	0
Y57A10A.13	Y40A1A.3	22.636	6.98510477508707	0	0
Y57A10A.13	Y40B10A.11	18.196	15.2334195040907	0	0
Y57A10A.13	Y40B10A.5	8.814	6.92248154237597	0	0
Y57A10A.13	Y40B10A.9	24.146	2.71631362040615	0	0
Y57A10A.13	Y40B10B.1	17.014	5.84666289632921	0	0
Y57A10A.13	Y40B1B.7	21.038	13.0377666228584	0	0
Y57A10A.13	Y40C5A.4	15.758	4.43706302362577	0	0
Y57A10A.13	Y40C7B.4	26.22	6.27757418487882	0	0
Y57A10A.13	Y40H4A.2	24.24	10.915517283873	0	0
Y57A10A.13	Y40H7A.10	25.44	18.931345683884	0	0
Y57A10A.13	Y40H7A.11	14.438	39.4894004191471	0	0
Y57A10A.13	Y40H7A.3	24.116	4.15414395368321	0	0
Y57A10A.13	Y40H7A.4	20.286	10.1666009271319	0	0
Y57A10A.13	Y41C4A.11	18.72	4.91902780978815	0	0
Y57A10A.13	Y41C4A.12	21.598	4.46775439541279	0	0
Y57A10A.13	Y41C4A.18	19.62	10.3165379223898	0	0
Y57A10A.13	Y41C4A.21	25.464	7.07875560397541	0	0
Y57A10A.13	Y41C4A.22	12.986	36.5709056603885	0	0
Y57A10A.13	Y41C4A.32	15.402	3.16326660042894	0	0
Y57A10A.13	Y41C4A.6	21.726	8.68619115459281	0	0
Y57A10A.13	Y41C4A.7	22.29	9.54152138026279	0	0
Y57A10A.13	Y41C4A.8	20.172	7.17187220301957	0	0
Y57A10A.13	Y41C4A.9	27.098	2.10596737353087	0	0
Y57A10A.13	Y41D4A.3	23.892	11.1360454836868	0	0
Y57A10A.13	Y41D4A.4	21.11	4.78094340389963	0	0
Y57A10A.13	Y41D4A.6	25.092	2.67899236384957	0	0
Y57A10A.13	Y41D4A.7	22.702	6.35202516976139	0	0
Y57A10A.13	Y41D4B.1	21.826	4.34374806820793	0	0
Y57A10A.13	Y41D4B.11	29.03	6.60675716483112	0	0
Y57A10A.13	Y41D4B.14	25.474	4.38370485384036	0	0
Y57A10A.13	Y41D4B.15	27.482	1.09174489295425	0	0
Y57A10A.13	Y41D4B.17	22.094	7.23984709743019	0	0
Y57A10A.13	Y41D4B.24	10.288	3.13266612035817	0	0
Y57A10A.13	Y41D4B.4	7.574	1.73558771852707	0	0
Y57A10A.13	Y41D4B.6	21.802	6.55232416240655	0	0
Y57A10A.13	Y41E3.1	25.038	6.8785155519303	0	0
Y57A10A.13	Y41E3.13	22.148	8.24323108395854	0	0
Y57A10A.13	Y41E3.18	19.824	20.8412892488408	0	0
Y57A10A.13	Y41E3.19	25.886	11.519193698836	0	0
Y57A10A.13	Y41E3.22	9.116	8.13114803827636	0	0
Y57A10A.13	Y41E3.6	9.722	4.0295461105771	0	0
Y57A10A.13	Y41E3.7	18.418	1.99543222394868	0	0
Y57A10A.13	Y41E3.8	18.33	4.35470137774196	0	0
Y57A10A.13	Y41G9A.10	8.226	5.85576129589052	0	0
Y57A10A.13	Y41G9A.17	17.122	10.1020522110267	0	0
Y57A10A.13	Y41G9A.5	20.336	7.11753464744271	0	0
Y57A10A.13	Y41G9A.6	13.066	18.7629484610219	0	0
Y57A10A.13	Y42A5A.1	23.038	4.4305943826804	0	0
Y57A10A.13	Y42A5A.3	18.016	9.90934439920619	0	0
Y57A10A.13	Y42G9A.2	25.3	2.04007713842908	0	0
Y57A10A.13	Y42G9A.3	21.066	6.41226225246734	0	0
Y57A10A.13	Y42H9AR.1	21.132	6.28357049667402	0	0
Y57A10A.13	Y42H9AR.2	17.896	7.01786986451292	0	0
Y57A10A.13	Y42H9AR.4	25.978	4.25306791258305	0	0
Y57A10A.13	Y42H9AR.5	12.036	11.4711107034706	0	0
Y57A10A.13	Y42H9B.3	22.176	11.6183530799206	0	0
Y57A10A.13	Y43B11AL.1	26.346	1.94739030876113	0	0
Y57A10A.13	Y43B11AR.1	14.144	6.11364412820793	0	0
Y57A10A.13	Y43B11AR.3	17.242	1.47090754985708	0	0
Y57A10A.13	Y43C5A.2	20.87	2.43781999940872	0	0
Y57A10A.13	Y43C5A.3	14.906	3.06280253142815	0	0
Y57A10A.13	Y43C5A.4	19.248	14.26883312909	0	0
Y57A10A.13	Y43C5A.7	5.268	4.7463932574129	0	0
Y57A10A.13	Y43C5B.2	23.934	7.64000811553473	0	0
Y57A10A.13	Y43C5B.3	20.702	9.60466920860494	0	0
Y57A10A.13	Y43D4A.1	14.802	15.2857143265539	0	0
Y57A10A.13	Y43D4A.2	24.546	8.69151711038367	0	0
Y57A10A.13	Y43D4A.4	24.026	9.09189021270365	0	0
Y57A10A.13	Y43D4A.5	21.816	7.18461647212871	0	0
Y57A10A.13	Y43D4A.6	20.752	12.9940245736756	0	0
Y57A10A.13	Y43E12A.2	21.714	12.3590364887578	0	0
Y57A10A.13	Y43E12A.3	26.28	3.84990829305357	0	0
Y57A10A.13	Y43F11A.1	26.184	5.04598930678403	0	0
Y57A10A.13	Y43F4A.1	23.606	2.39553900343588	0	0
Y57A10A.13	Y43F4A.3	20.088	2.55085546968087	0	0
Y57A10A.13	Y43F4A.4	27.022	2.1173953234843	0	0
Y57A10A.13	Y43F4B.10	27.55	3.58511559697817	0	0
Y57A10A.13	Y43F8A.1	18.088	2.01028682817353	0	0
Y57A10A.13	Y43F8A.2	21.128	7.16455503645526	0	0
Y57A10A.13	Y43F8B.1	23.94	3.49968489546809	0	0
Y57A10A.13	Y43F8B.10	17.348	10.5100616556424	0	0
Y57A10A.13	Y43F8B.11	24.052	6.38599278158726	0	0
Y57A10A.13	Y43F8B.12	25.438	1.91526976097989	0	0
Y57A10A.13	Y43F8B.13	17.838	28.3136066525347	0	0
Y57A10A.13	Y43F8B.14	25.328	4.77841451293957	0	0
Y57A10A.13	Y43F8B.15	23.114	12.0532497838359	0	0
Y57A10A.13	Y43F8B.17	9.732	6.85045040133395	0	0
Y57A10A.13	Y43F8B.18	24.974	3.96398112370216	0	0
Y57A10A.13	Y43F8B.19	25.036	3.88835505709868	0	0
Y57A10A.13	Y43F8B.2	5.444	3.37357254843478	0	0
Y57A10A.13	Y43F8B.20	25.396	5.48770302284403	0	0
Y57A10A.13	Y43F8B.22	23.134	1.35582200385357	0	0
Y57A10A.13	Y43F8B.23	13.982	3.51849007667485	0	0
Y57A10A.13	Y43F8B.24	27.554	2.95092912085821	0	0
Y57A10A.13	Y43F8B.25	25.02	3.50820468658873	0	0
Y57A10A.13	Y43F8B.28	18.702	21.2789094016843	0	0
Y57A10A.13	Y43F8B.29	9.174	16.4197359239978	0	0
Y57A10A.13	Y43F8B.3	29.292	1.40932532151909	0	0
Y57A10A.13	Y43F8B.7	24.708	4.6722246676663	0	0
Y57A10A.13	Y43F8B.9	24.46	7.85141322605807	0	0
Y57A10A.13	Y43F8C.11	22.766	1.51544955767685	0	0
Y57A10A.13	Y43F8C.13	23.414	2.02669918746351	0	0
Y57A10A.13	Y43F8C.15	16.682	3.78018711787551	0	0
Y57A10A.13	Y43F8C.16	12.1	47.5641554458081	0	0
Y57A10A.13	Y43F8C.17	19.934	6.11048478842901	0	0
Y57A10A.13	Y43F8C.23	14.424	24.4699872638749	0	0
Y57A10A.13	Y43F8C.3	21.272	2.25241931464192	0	0
Y57A10A.13	Y43F8C.5	25.072	7.0162922079798	0	0
Y57A10A.13	Y43F8C.6	9.186	4.11993680845145	0	0
Y57A10A.13	Y43F8C.7	24.99	3.09445617113745	0	0
Y57A10A.13	Y43F8C.9	14.29	4.29046075744418	0	0
Y57A10A.13	Y43H11AL.1	15.07	5.49201903027434	0	0
Y57A10A.13	Y44A6B.3	23.932	1.13567758811757	0	0
Y57A10A.13	Y44A6C.1	27.242	3.1760821289679	0	0
Y57A10A.13	Y44A6C.2	23.672	8.0539603899476	0	0
Y57A10A.13	Y44A6D.1	19.094	2.81927399752207	0	0
Y57A10A.13	Y44A6D.3	14.35	16.9738274525934	0	0
Y57A10A.13	Y44A6D.5	23.218	3.12211687297145	0	0
Y57A10A.13	Y44A6D.6	17	18.1639972431112	0	0
Y57A10A.13	Y44A6D.7	12.802	25.927647610378	0	0
Y57A10A.13	Y44E3A.1	21.238	6.89872807826227	0	0
Y57A10A.13	Y44E3A.7	6.522	5.2729846118955	0	0
Y57A10A.13	Y45F10A.7	21.778	4.36852763353462	0	0
Y57A10A.13	Y45F10B.12	26.012	7.50050167977309	0	0
Y57A10A.13	Y45F10B.13	19.71	12.2484874599611	0	0
Y57A10A.13	Y45F10B.3	12.084	3.51806944277234	0	0
Y57A10A.13	Y45F10B.59	11.036	5.89664198548873	0	0
Y57A10A.13	Y45F10B.8	27.586	3.67976865148453	0	0
Y57A10A.13	Y45F10B.9	26.102	11.546006214378	0	0
Y57A10A.13	Y45F10C.1	21.506	16.7087002101232	0	0
Y57A10A.13	Y45F10C.2	28.268	2.49209118263076	0	0
Y57A10A.13	Y45F10C.4	22.326	10.1683365225386	0	0
Y57A10A.13	Y45F10C.6	14.084	1.62733769359088	0	0
Y57A10A.13	Y45F10D.14	13.768	2.42715438048749	0	0
Y57A10A.13	Y45F10D.15	18.188	4.18064057361543	0	0
Y57A10A.13	Y45F10D.16	19.646	13.5577516741996	0	0
Y57A10A.13	Y45F10D.2	3.564	5.06062709344359	1	1
Y57A10A.13	Y45F10D.6	18.674	1.97505864040766	0	0
Y57A10A.13	Y45F10D.7	29.844	1.5688916825654	0	0
Y57A10A.13	Y45F3A.1	25.698	2.80061221472705	0	0
Y57A10A.13	Y45F3A.4	17.72	4.0991015343871	0	0
Y57A10A.13	Y45F3A.5	16.18	9.9337472903725	0	0
Y57A10A.13	Y45F3A.8	20.522	11.7277334775822	0	0
Y57A10A.13	Y45F3A.9	23.028	3.1699646159701	0	0
Y57A10A.13	Y45G12B.2	14.246	12.150108015479	0	0
Y57A10A.13	Y45G12B.3	23.68	0.992623249454659	0	0
Y57A10A.13	Y45G12C.1	17.586	46.8959198554051	0	0
Y57A10A.13	Y45G12C.10	17.286	3.42359326544186	0	0
Y57A10A.13	Y45G12C.4	24.71	6.34357752480096	0	0
Y57A10A.13	Y45G5AL.1	19.466	12.7687471603901	0	0
Y57A10A.13	Y45G5AM.3	25.212	2.4362330894355	0	0
Y57A10A.13	Y45G5AM.4	22.8	3.03425097481192	0	0
Y57A10A.13	Y45G5AM.5	18.358	6.97492618850813	0	0
Y57A10A.13	Y45G5AM.6	19.18	1.39071727511461	0	0
Y57A10A.13	Y45G5AM.7	26.018	4.88368681376452	0	0
Y57A10A.13	Y45G5AM.9	7.396	3.26409559264606	0	0
Y57A10A.13	Y46B2A.3	27.142	5.7011550709319	0	0
Y57A10A.13	Y46B2A.4	23.062	5.67300350228339	0	0
Y57A10A.13	Y46C8AL.11	18.762	14.3956452267157	0	0
Y57A10A.13	Y46C8AM.1	25.774	5.00561526505148	0	0
Y57A10A.13	Y46D2A.1	24.922	2.43120248322698	0	0
Y57A10A.13	Y46D2A.2	22.868	13.8668686694292	0	0
Y57A10A.13	Y46D2A.3	5.248	4.43491797068194	0	0
Y57A10A.13	Y46E12A.2	22.49	7.2613602148196	0	0
Y57A10A.13	Y46E12A.3	24.782	3.76046073082095	0	0
Y57A10A.13	Y46E12A.5	12.79	31.9892412627005	0	0
Y57A10A.13	Y46E12BL.2	27.744	3.73228587596121	0	0
Y57A10A.13	Y46G5A.14	14.494	39.2287120808203	0	0
Y57A10A.13	Y46G5A.15	22.122	3.14360331711685	0	0
Y57A10A.13	Y46G5A.18	17.498	4.59251433469879	0	0
Y57A10A.13	Y46G5A.20	9.69	5.48608208875212	0	0
Y57A10A.13	Y46G5A.22	13.244	1.25734877413877	0	0
Y57A10A.13	Y46G5A.23	13.684	10.1508275088196	0	0
Y57A10A.13	Y46G5A.28	24.756	9.9362296050357	0	0
Y57A10A.13	Y46G5A.29	23.114	14.1158987673478	0	0
Y57A10A.13	Y46G5A.34	18.752	9.94952954241177	0	0
Y57A10A.13	Y46G5A.36	13.434	5.89979210856199	0	0
Y57A10A.13	Y46G5A.38	17.174	9.19521660321245	0	0
Y57A10A.13	Y46G5A.39	13.588	5.10709779171782	0	0
Y57A10A.13	Y46G5A.47	5.15	7.9552428837365	0	0
Y57A10A.13	Y46G5A.7	23.446	12.5641483262104	0	0
Y57A10A.13	Y46G5A.8	22.158	5.91108677338333	0	0
Y57A10A.13	Y46H3A.4	7.172	16.1431494919267	0	0
Y57A10A.13	Y46H3A.5	25.122	5.88650167807509	0	0
Y57A10A.13	Y46H3C.5	8.396	3.89746075983593	0	0
Y57A10A.13	Y46H3C.7	18.5	9.45907335119343	0	0
Y57A10A.13	Y46H3D.1	14.864	3.43954091662498	0	0
Y57A10A.13	Y46H3D.8	26.014	8.89781303647995	0	0
Y57A10A.13	Y47A7.2	11.548	2.54492322191831	0	0
Y57A10A.13	Y47C4A.1	24.156	8.81105505437876	0	0
Y57A10A.13	Y47D3A.1	23.374	1.51307653624591	0	0
Y57A10A.13	Y47D3A.13	23.534	10.7357651344786	0	0
Y57A10A.13	Y47D3A.14	26.024	4.00319599533597	0	0
Y57A10A.13	Y47D3A.20	21.688	4.25666131153598	0	0
Y57A10A.13	Y47D3A.21	19.718	14.9156412071431	0	0
Y57A10A.13	Y47D3A.31	17.626	3.46744018589443	0	0
Y57A10A.13	Y47D3A.32	22.88	8.77277970618718	0	0
Y57A10A.13	Y47D3A.34	23.604	3.75200844664832	0	0
Y57A10A.13	Y47D3B.12	22.922	5.98763979629914	0	0
Y57A10A.13	Y47D3B.3	4.828	4.15129555498196	1	1
Y57A10A.13	Y47D3B.4	21.876	3.38372160994039	0	0
Y57A10A.13	Y47D7A.11	19.09	9.47199333874968	0	0
Y57A10A.13	Y47D7A.13	15.352	19.0611801252738	0	0
Y57A10A.13	Y47D7A.15	17.688	3.89693288815509	0	0
Y57A10A.13	Y47D7A.17	12.876	9.23687599560577	0	0
Y57A10A.13	Y47D7A.18	16.822	11.6289737148896	0	0
Y57A10A.13	Y47D7A.19	7.204	1.74096747308308	0	0
Y57A10A.13	Y47D7A.2	20.612	9.55380756017313	0	0
Y57A10A.13	Y47D7A.3	23.04	3.86711199499179	0	0
Y57A10A.13	Y47D7A.6	14.12	7.76973832968979	0	0
Y57A10A.13	Y47D7A.7	21.696	8.98000472283741	0	0
Y57A10A.13	Y47D7A.9	16.06	4.31911436820685	0	0
Y57A10A.13	Y47D9A.1	25.312	10.3236967982163	0	0
Y57A10A.13	Y47D9A.3	8.412	9.86270243506055	0	0
Y57A10A.13	Y47D9A.4	11.834	6.27243764169186	0	0
Y57A10A.13	Y47D9A.5	20.344	2.60996268674044	0	0
Y57A10A.13	Y47D9A.7	11.994	3.80184609809214	0	0
Y57A10A.13	Y47G6A.13	20.682	3.56856923275687	0	0
Y57A10A.13	Y47G6A.14	23.286	3.77867990977111	0	0
Y57A10A.13	Y47G6A.15	24.184	7.4953930389529	0	0
Y57A10A.13	Y47G6A.18	12.916	7.09419310590089	0	0
Y57A10A.13	Y47G6A.19	25.886	1.97577424932742	0	0
Y57A10A.13	Y47G6A.21	27.412	1.02613007393837	0	0
Y57A10A.13	Y47G6A.22	23.942	9.88893366486448	0	0
Y57A10A.13	Y47G6A.25	23.756	1.63428025228039	0	0
Y57A10A.13	Y47G6A.26	23.472	5.190990613431	0	0
Y57A10A.13	Y47G6A.3	7.106	2.43256858275619	0	0
Y57A10A.13	Y47G6A.30	17.636	17.0518421133337	0	0
Y57A10A.13	Y47G6A.31	23.248	4.22959170465154	0	0
Y57A10A.13	Y47G6A.32	19.998	3.50737939479417	0	0
Y57A10A.13	Y47G6A.33	23.78	5.22970453031809	0	0
Y57A10A.13	Y47G6A.5	15.136	5.59679208775771	0	0
Y57A10A.13	Y47G6A.7	9.316	3.36770671357356	0	0
Y57A10A.13	Y47G6A.9	24.324	2.66855523786737	0	0
Y57A10A.13	Y47G7B.2	20.39	1.64971929294303	0	0
Y57A10A.13	Y47H10A.2	25.044	3.7987419168637	0	0
Y57A10A.13	Y47H10A.3	18.762	3.35010095427835	0	0
Y57A10A.13	Y47H10A.4	24.808	3.51519393152362	0	0
Y57A10A.13	Y47H10A.5	21.896	7.34773403696919	0	0
Y57A10A.13	Y47H9B.2	27.286	5.24824822507845	0	0
Y57A10A.13	Y47H9C.1	27.178	1.23341065586147	0	0
Y57A10A.13	Y47H9C.12	21.986	14.6344708932816	0	0
Y57A10A.13	Y47H9C.8	25.768	6.68708463874145	0	0
Y57A10A.13	Y47H9C.9	20.94	0.770774230733954	0	0
Y57A10A.13	Y48A5A.1	19.68	2.0092031422528	0	0
Y57A10A.13	Y48A5A.3	26.968	5.00575441632013	0	0
Y57A10A.13	Y48A6B.14	23.936	3.73401112050668	0	0
Y57A10A.13	Y48A6B.3	16.756	33.1068570632306	0	0
Y57A10A.13	Y48A6B.7	25.072	0.569952797635487	0	0
Y57A10A.13	Y48A6B.8	3.804	3.04647415474619	1	1
Y57A10A.13	Y48A6B.9	20.31	4.86536113326104	0	0
Y57A10A.13	Y48A6C.4	16.168	7.87756294759748	0	0
Y57A10A.13	Y48A6C.8	12.144	15.5766980740467	0	0
Y57A10A.13	Y48B6A.1	30.382	0.754303285399577	0	0
Y57A10A.13	Y48B6A.10	27.494	4.00901517112919	0	0
Y57A10A.13	Y48B6A.13	28.114	2.62631804200868	0	0
Y57A10A.13	Y48B6A.5	23.83	9.23287105890594	0	0
Y57A10A.13	Y48C3A.12	24.454	6.66366923867773	0	0
Y57A10A.13	Y48C3A.18	25.18	6.44922566484221	0	0
Y57A10A.13	Y48C3A.20	27.7	1.99096736500008	0	0
Y57A10A.13	Y48C3A.5	21.63	5.16404319180859	0	0
Y57A10A.13	Y48D7A.1	16.688	5.38133238002	0	0
Y57A10A.13	Y48E1B.17	20.632	25.3681811050144	0	0
Y57A10A.13	Y48E1B.3	15.504	5.7874765575938	0	0
Y57A10A.13	Y48E1B.8	23.698	3.84374071646612	0	0
Y57A10A.13	Y48E1C.1	17.39	2.79798519280112	0	0
Y57A10A.13	Y48E1C.2	15.946	0.862826643239189	0	0
Y57A10A.13	Y48E1C.4	26.59	10.0712911256985	0	0
Y57A10A.13	Y48G10A.1	28.388	3.55237883833194	0	0
Y57A10A.13	Y48G10A.2	14.948	16.1539228371211	0	0
Y57A10A.13	Y48G10A.3	20.86	1.26061301939642	0	0
Y57A10A.13	Y48G10A.6	25.344	6.79690848780638	0	0
Y57A10A.13	Y48G1A.1	27.078	0.944579869843276	0	0
Y57A10A.13	Y48G1A.2	21.012	13.8885631803126	0	0
Y57A10A.13	Y48G1BL.7	24.844	5.42820980130605	0	0
Y57A10A.13	Y48G1BL.8	25.456	5.27193820686145	0	0
Y57A10A.13	Y48G1BM.10	14.284	8.83724007314005	0	0
Y57A10A.13	Y48G1BR.1	18.414	5.88701060228065	0	0
Y57A10A.13	Y48G1C.12	18.59	2.70971512635959	0	0
Y57A10A.13	Y48G1C.13	25.612	4.11443231222825	0	0
Y57A10A.13	Y48G1C.5	23.772	1.25050866652278	0	0
Y57A10A.13	Y48G1C.6	22.546	22.7904477977082	0	0
Y57A10A.13	Y48G1C.8	23.646	6.27707689278421	0	0
Y57A10A.13	Y48G8AL.12	9.86	9.77873826040608	0	0
Y57A10A.13	Y48G8AL.13	5.582	5.11025210562388	0	0
Y57A10A.13	Y48G8AL.15	17.762	13.5600779876841	0	0
Y57A10A.13	Y48G8AL.16	16.544	6.37078652117252	0	0
Y57A10A.13	Y48G8AL.7	17.696	1.16539347385174	0	0
Y57A10A.13	Y48G8AR.2	18.402	12.8017844279861	0	0
Y57A10A.13	Y48G8AR.3	16.64	5.42515511658572	0	0
Y57A10A.13	Y48G8AR.8	10.472	6.13551088903746	0	0
Y57A10A.13	Y48G9A.11	21.128	5.43924684016933	0	0
Y57A10A.13	Y48G9A.6	24.86	2.8042518194583	0	0
Y57A10A.13	Y48G9A.7	17.45	6.34138269931136	0	0
Y57A10A.13	Y48G9A.9	12.81	3.50723807404141	0	0
Y57A10A.13	Y49A10A.2	15.144	5.92597505931067	0	0
Y57A10A.13	Y49A3A.3	9.558	6.40964280064826	0	0
Y57A10A.13	Y49A3A.4	26.062	2.26633482431968	0	0
Y57A10A.13	Y49E10.10	21.412	9.56041454986497	0	0
Y57A10A.13	Y49E10.16	27	0.71769712500282	0	0
Y57A10A.13	Y49E10.18	23.696	11.2128875491246	0	0
Y57A10A.13	Y49E10.21	26.978	6.70837170123817	0	0
Y57A10A.13	Y49E10.25	19.52	5.09250687710239	0	0
Y57A10A.13	Y49E10.27	10.428	9.45421354887241	0	0
Y57A10A.13	Y49E10.29	17.58	8.21882955852122	0	0
Y57A10A.13	Y49E10.30	15.458	10.1511333732865	0	0
Y57A10A.13	Y49E10.4	14.408	2.57709950773787	0	0
Y57A10A.13	Y49F6A.11	22.23	14.5093227753078	0	0
Y57A10A.13	Y49F6A.12	15.234	8.1951624017955	0	0
Y57A10A.13	Y49F6A.5	18.824	1.08260256415473	0	0
Y57A10A.13	Y49F6B.12	11.084	5.38818950781382	0	0
Y57A10A.13	Y49F6B.13	22.524	4.08375985844214	0	0
Y57A10A.13	Y49F6B.14	16.162	2.70140145955596	0	0
Y57A10A.13	Y49F6B.19	18.972	14.3495273576112	0	0
Y57A10A.13	Y49F6B.2	17.554	11.9405893186548	0	0
Y57A10A.13	Y49F6B.20	25.866	6.99806224631917	0	0
Y57A10A.13	Y49F6B.6	12.902	11.7025082094281	0	0
Y57A10A.13	Y49F6B.8	22.558	7.8045907001362	0	0
Y57A10A.13	Y49F6B.9	21.806	2.73709100671458	0	0
Y57A10A.13	Y49F6C.2	27.55	1.71157905667547	0	0
Y57A10A.13	Y49F6C.6	16.112	3.80942901656228	0	0
Y57A10A.13	Y49F6C.7	16.22	21.2856676962171	0	0
Y57A10A.13	Y49F6C.8	23.508	5.28665641547399	0	0
Y57A10A.13	Y49G5A.1	23.632	6.45220561432981	0	0
Y57A10A.13	Y49G5B.1	22.574	6.43885047372343	0	0
Y57A10A.13	Y4C6A.3	21.166	6.97417455365385	0	0
Y57A10A.13	Y4C6A.4	17.454	2.81514419972131	0	0
Y57A10A.13	Y4C6B.1	22.822	8.28793695116016	0	0
Y57A10A.13	Y4C6B.2	25.492	2.91152585445546	0	0
Y57A10A.13	Y4C6B.3	22.144	3.81781546623176	0	0
Y57A10A.13	Y4C6B.4	19.918	2.1440305586356	0	0
Y57A10A.13	Y4C6B.7	22.852	10.643560444487	0	0
Y57A10A.13	Y50C1A.2	23.774	3.48557908408857	0	0
Y57A10A.13	Y50D4A.1	19.908	16.3480850783671	0	0
Y57A10A.13	Y50D4A.10	22.618	9.33489634739713	0	0
Y57A10A.13	Y50D4A.4	14.476	5.38481800209928	0	0
Y57A10A.13	Y50D4A.5	15.876	3.82354204385869	0	0
Y57A10A.13	Y50D4A.6	14.988	7.35683400766297	0	0
Y57A10A.13	Y50D4B.1	16.048	19.648158858896	0	0
Y57A10A.13	Y50D4B.2	17.818	9.25097405689289	0	0
Y57A10A.13	Y50D4B.4	21.698	19.6302354954098	0	0
Y57A10A.13	Y50D4B.6	19.36	2.53230906854448	0	0
Y57A10A.13	Y50D4C.3	26.798	8.5460411825501	0	0
Y57A10A.13	Y50D4C.5	16.166	3.27457347007942	0	0
Y57A10A.13	Y50D4C.6	22.712	7.48453782854856	0	0
Y57A10A.13	Y50D7A.1	26.83	3.59261399511022	0	0
Y57A10A.13	Y50D7A.10	26.704	7.43127256685102	0	0
Y57A10A.13	Y50D7A.13	23.146	16.6894073919392	0	0
Y57A10A.13	Y50D7A.3	25.502	3.14660128571432	0	0
Y57A10A.13	Y50D7A.8	7.692	8.37772312667857	0	0
Y57A10A.13	Y50E8A.1	11.118	5.79508965342186	0	0
Y57A10A.13	Y50E8A.10	14.188	23.1289448966341	0	0
Y57A10A.13	Y50E8A.11	20.05	6.62563059094995	0	0
Y57A10A.13	Y50E8A.12	22.58	13.3049393949594	0	0
Y57A10A.13	Y50E8A.2	15.148	3.16990395220668	0	0
Y57A10A.13	Y50E8A.22	11.094	7.80926809289147	0	0
Y57A10A.13	Y50E8A.5	23.68	3.44424805812562	0	0
Y57A10A.13	Y50E8A.6	22.824	5.13904874657814	0	0
Y57A10A.13	Y51A2A.12	12.63	5.47264147295806	0	0
Y57A10A.13	Y51A2A.16	11.948	15.3626539692208	0	0
Y57A10A.13	Y51A2A.4	10.504	6.71108740378576	0	0
Y57A10A.13	Y51A2A.5	17.166	13.1928288068726	0	0
Y57A10A.13	Y51A2A.6	11.896	9.60286829256773	0	0
Y57A10A.13	Y51A2B.16	11.736	5.44884414001835	0	0
Y57A10A.13	Y51A2B.2	23.542	13.5166999696975	0	0
Y57A10A.13	Y51A2B.4	12.342	7.38285146342935	0	0
Y57A10A.13	Y51A2B.5	28.166	3.01903397012943	0	0
Y57A10A.13	Y51A2B.6	17.466	55.4064137551582	0	0
Y57A10A.13	Y51A2B.8	11.634	10.2291096836445	0	0
Y57A10A.13	Y51A2B.9	10.728	7.85086743223373	0	0
Y57A10A.13	Y51A2D.1	27.702	7.23823516575832	0	0
Y57A10A.13	Y51A2D.13	19.656	7.00826677654645	0	0
Y57A10A.13	Y51A2D.18	24.696	3.26115844157622	0	0
Y57A10A.13	Y51A2D.21	17.712	9.63401240615667	0	0
Y57A10A.13	Y51A2D.8	23.836	3.32367438710653	0	0
Y57A10A.13	Y51B9A.14	24.676	8.72184925423338	0	0
Y57A10A.13	Y51B9A.5	14.932	6.36242192198567	0	0
Y57A10A.13	Y51B9A.6	22.33	11.4980665337863	0	0
Y57A10A.13	Y51B9A.7	23.142	6.09912815130967	0	0
Y57A10A.13	Y51B9A.8	21.238	4.28753989216535	0	0
Y57A10A.13	Y51B9A.9	26.122	4.4511999381217	0	0
Y57A10A.13	Y51F10.11	26.18	3.38696483020783	0	0
Y57A10A.13	Y51F10.15	18.978	17.2713743872959	0	0
Y57A10A.13	Y51F10.3	17.328	7.63578524639617	0	0
Y57A10A.13	Y51F10.4	14.026	2.76616254344379	0	0
Y57A10A.13	Y51F10.7	9.078	4.97926524309906	0	0
Y57A10A.13	Y51H4A.1	17.52	13.788234341916	0	0
Y57A10A.13	Y51H4A.13	21.864	3.73531117400306	0	0
Y57A10A.13	Y51H4A.22	26.142	4.58835357093233	0	0
Y57A10A.13	Y51H4A.23	25.614	1.79134646091552	0	0
Y57A10A.13	Y51H4A.24	16.484	15.8320595343377	0	0
Y57A10A.13	Y51H4A.25	14.43	31.1052726104434	0	0
Y57A10A.13	Y51H4A.5	11.312	3.83728541775719	0	0
Y57A10A.13	Y51H4A.6	20.78	9.47941447070874	0	0
Y57A10A.13	Y51H4A.7	25.994	2.62510912866239	0	0
Y57A10A.13	Y51H4A.8	26.854	4.93015886981554	0	0
Y57A10A.13	Y51H4A.935	10.222	8.12663392948346	0	0
Y57A10A.13	Y51H4A.936	19.714	3.55595355803451	0	0
Y57A10A.13	Y51H4A.937	10.734	1.62379909047738	0	0
Y57A10A.13	Y51H4A.938	10.438	6.73167387202033	0	0
Y57A10A.13	Y51H4A.941	22.696	14.6667167194747	0	0
Y57A10A.13	Y51H7BR.4	21.088	2.75270851354716	0	0
Y57A10A.13	Y51H7BR.7	16.406	5.87695490035051	0	0
Y57A10A.13	Y51H7BR.8	24.308	2.13968805256161	0	0
Y57A10A.13	Y51H7C.1	18.814	0.436040061698598	0	0
Y57A10A.13	Y51H7C.10	18.148	20.6266810021385	0	0
Y57A10A.13	Y51H7C.12	21.38	9.03996334471817	0	0
Y57A10A.13	Y51H7C.13	18.81	10.0853287718145	0	0
Y57A10A.13	Y51H7C.3	20.314	4.54846464452996	0	0
Y57A10A.13	Y51H7C.41	24.186	3.40091305550707	0	0
Y57A10A.13	Y51H7C.7	26.704	3.8982006592067	0	0
Y57A10A.13	Y51H7C.8	28.03	2.90382101250441	0	0
Y57A10A.13	Y51H7C.9	27.706	3.19059154694046	0	0
Y57A10A.13	Y52B11A.10	21.834	10.645579484929	0	0
Y57A10A.13	Y52B11A.11	20.224	8.50018908912197	0	0
Y57A10A.13	Y52B11A.12	24.698	8.59525696835741	0	0
Y57A10A.13	Y52B11A.19	9.948	6.33827424420129	0	0
Y57A10A.13	Y52B11A.20	14.93	6.58886429407472	0	0
Y57A10A.13	Y52B11A.3	24.66	6.2970487204989	0	0
Y57A10A.13	Y52B11A.4	20.064	9.85762896026384	0	0
Y57A10A.13	Y52B11A.8	21.64	3.64098255149579	0	0
Y57A10A.13	Y52B11B.1	24.936	7.03853715448574	0	0
Y57A10A.13	Y52D5A.2	19.488	6.12799464877994	0	0
Y57A10A.13	Y52E8A.1	27.564	3.13742764127648	0	0
Y57A10A.13	Y52E8A.2	19.684	4.01640107945731	0	0
Y57A10A.13	Y52E8A.6	22.334	5.16548488914775	0	0
Y57A10A.13	Y53C10A.10	21.6	10.5614932130305	0	0
Y57A10A.13	Y53C10A.15	22.896	6.01153522156574	0	0
Y57A10A.13	Y53C10A.24	25.428	4.00258372394709	0	0
Y57A10A.13	Y53C10A.25	17.884	2.75399301657867	0	0
Y57A10A.13	Y53C10A.6	11.424	25.0186034635535	0	0
Y57A10A.13	Y53C12A.10	25.732	13.4461072276158	0	0
Y57A10A.13	Y53C12A.11	17.214	11.273459423247	0	0
Y57A10A.13	Y53C12A.3	19.44	2.04568300670249	0	0
Y57A10A.13	Y53C12A.6	14.756	4.27981762297039	0	0
Y57A10A.13	Y53C12A.7	26.332	9.21100648533527	0	0
Y57A10A.13	Y53C12A.8	16.6	4.61797186026419	0	0
Y57A10A.13	Y53C12B.1	27.652	3.57887763797995	0	0
Y57A10A.13	Y53C12B.7	22.994	5.18079685552706	0	0
Y57A10A.13	Y53F4A.2	9.064	4.49815902963666	0	0
Y57A10A.13	Y53F4B.1	25.634	5.56552799205217	0	0
Y57A10A.13	Y53F4B.10	14.428	2.07836593445981	0	0
Y57A10A.13	Y53F4B.11	22.278	7.63285303912452	0	0
Y57A10A.13	Y53F4B.12	5.64	3.91880072789013	0	0
Y57A10A.13	Y53F4B.13	22.932	8.56802983820795	0	0
Y57A10A.13	Y53F4B.14	25.626	4.80144629652468	0	0
Y57A10A.13	Y53F4B.17	21.068	7.33100760285966	0	0
Y57A10A.13	Y53F4B.18	21.906	2.1300806782732	0	0
Y57A10A.13	Y53F4B.19	20.818	2.97090024340937	0	0
Y57A10A.13	Y53F4B.20	25.034	9.76508744306373	0	0
Y57A10A.13	Y53F4B.23	11.7	23.383762542553	0	0
Y57A10A.13	Y53F4B.24	22.642	1.73526843140355	0	0
Y57A10A.13	Y53F4B.25	21.332	5.80628154568243	0	0
Y57A10A.13	Y53F4B.26	18.952	6.40929327076476	0	0
Y57A10A.13	Y53F4B.27	6.634	3.79639933381107	0	0
Y57A10A.13	Y53F4B.36	19.626	8.7475467381074	0	0
Y57A10A.13	Y53F4B.39	24.68	5.77969654759941	0	0
Y57A10A.13	Y53F4B.43	23.82	10.449015970884	0	0
Y57A10A.13	Y53F4B.5	20.342	7.30346851499298	0	0
Y57A10A.13	Y53F4B.51	13.256	17.7340478799425	0	0
Y57A10A.13	Y53F4B.62	21.776	12.8034862136829	0	0
Y57A10A.13	Y53F4B.9	19.726	18.2850062420634	0	0
Y57A10A.13	Y53G8AL.1	20.13	11.4741732182731	0	0
Y57A10A.13	Y53G8AL.3	12.674	4.21426615314514	0	0
Y57A10A.13	Y53G8AL.4	19.894	1.12937341268593	0	0
Y57A10A.13	Y53G8AM.2	8.436	3.82884717856694	0	0
Y57A10A.13	Y53G8AM.4	20.39	2.73327607515307	0	0
Y57A10A.13	Y53G8AM.6	19.988	2.80020652185901	0	0
Y57A10A.13	Y53G8AM.7	23.916	5.31277061139804	0	0
Y57A10A.13	Y53G8AM.8	11.06	5.30649754416668	0	0
Y57A10A.13	Y53G8AR.1	21.09	19.3324955896574	0	0
Y57A10A.13	Y53G8AR.5	25.092	6.66733390511891	0	0
Y57A10A.13	Y53G8AR.6	12.558	6.95740148401222	0	0
Y57A10A.13	Y53G8AR.8	19.692	2.90600216022241	0	0
Y57A10A.13	Y53G8AR.9	5.492	4.63400416679517	0	0
Y57A10A.13	Y53G8B.1	23.464	6.19205586672818	0	0
Y57A10A.13	Y53G8B.2	21.494	2.48124961149505	0	0
Y57A10A.13	Y53H1A.2	19.424	15.4133998964411	0	0
Y57A10A.13	Y53H1A.7	16.676	4.08533743847398	0	0
Y57A10A.13	Y53H1B.2	21.476	19.3874270666479	0	0
Y57A10A.13	Y53H1B.4	25.878	2.91047718847585	0	0
Y57A10A.13	Y53H1C.3	27.552	1.60774995431818	0	0
Y57A10A.13	Y54B9A.1	15.116	7.18576208956743	0	0
Y57A10A.13	Y54C5A.1	13.884	3.87018165873417	0	0
Y57A10A.13	Y54E10A.10	22.39	10.0046158190827	0	0
Y57A10A.13	Y54E10A.11	24.92	8.33729906917279	0	0
Y57A10A.13	Y54E10A.17	22.722	2.21835035904301	0	0
Y57A10A.13	Y54E10A.6	21.59	1.22370030695905	0	0
Y57A10A.13	Y54E10BL.1	17.29	18.4288821021166	0	0
Y57A10A.13	Y54E10BL.3	13.23	6.08712033966821	0	0
Y57A10A.13	Y54E10BR.2	23.846	15.9857368701176	0	0
Y57A10A.13	Y54E2A.10	19.09	3.90441207810713	0	0
Y57A10A.13	Y54E2A.4	26.924	1.11814057682087	0	0
Y57A10A.13	Y54E2A.5	10.372	5.12961079180656	0	0
Y57A10A.13	Y54E2A.7	15.904	6.96244683950545	0	0
Y57A10A.13	Y54E2A.8	24.192	1.68501796733864	0	0
Y57A10A.13	Y54E2A.9	16.002	6.88725158900323	0	0
Y57A10A.13	Y54E5A.2	22.192	3.52795604960963	0	0
Y57A10A.13	Y54E5A.5	22.804	13.0745251522136	0	0
Y57A10A.13	Y54E5A.8	21.15	11.0002009412508	0	0
Y57A10A.13	Y54E5B.2	24.882	6.49038072205046	0	0
Y57A10A.13	Y54F10AL.1	18.202	2.93844149307794	0	0
Y57A10A.13	Y54F10AM.11	14.636	3.66624140466784	0	0
Y57A10A.13	Y54F10AM.6	12.742	4.74252845159742	0	0
Y57A10A.13	Y54F10AM.8	22.442	17.7015855777529	0	0
Y57A10A.13	Y54F10AR.1	7.66	4.91337056568115	0	0
Y57A10A.13	Y54F10AR.2	27.184	6.37930800893894	0	0
Y57A10A.13	Y54F10BM.12	25.806	4.40656723249747	0	0
Y57A10A.13	Y54F10BM.13	26.28	3.00428148310319	0	0
Y57A10A.13	Y54F10BM.20	19.584	20.1873124707849	0	0
Y57A10A.13	Y54F10BM.21	19.374	8.91214180038299	0	0
Y57A10A.13	Y54F10BM.22	21.138	10.012044221093	0	0
Y57A10A.13	Y54F10BM.23	10.552	9.54496013723067	0	0
Y57A10A.13	Y54F10BM.3	25.14	2.95518446781773	0	0
Y57A10A.13	Y54F10BM.6	19.274	21.130152997137	0	0
Y57A10A.13	Y54F10BM.9	26.97	2.91306116047741	0	0
Y57A10A.13	Y54G11A.1	19.286	6.27907845962426	0	0
Y57A10A.13	Y54G11A.14	18.77	11.6901569850381	0	0
Y57A10A.13	Y54G11A.17	25.534	6.05057207535447	0	0
Y57A10A.13	Y54G11A.19	23.34	18.4711471106335	0	0
Y57A10A.13	Y54G11A.2	14.656	6.16666538761222	0	0
Y57A10A.13	Y54G11A.3	23.824	8.68464052071096	0	0
Y57A10A.13	Y54G11A.4	22.314	4.00869346713774	0	0
Y57A10A.13	Y54G11A.7	21.052	9.16841492648986	0	0
Y57A10A.13	Y54G11A.9	23.758	19.3579504203138	0	0
Y57A10A.13	Y54G2A.10	26.838	3.813563771949	0	0
Y57A10A.13	Y54G2A.11	12.518	1.9870331418394	0	0
Y57A10A.13	Y54G2A.12	23.742	10.0213494871511	0	0
Y57A10A.13	Y54G2A.13	26.74	3.64252924551466	0	0
Y57A10A.13	Y54G2A.15	26.126	6.29740434010103	0	0
Y57A10A.13	Y54G2A.16	14.604	10.5698822396287	0	0
Y57A10A.13	Y54G2A.19	12.128	6.50586289044768	0	0
Y57A10A.13	Y54G2A.26	15.768	7.97580381344256	0	0
Y57A10A.13	Y54G2A.28	16.868	3.25397604458657	0	0
Y57A10A.13	Y54G2A.32	22.078	3.58987119898686	0	0
Y57A10A.13	Y54G2A.36	10.244	4.23014347352901	0	0
Y57A10A.13	Y54G2A.37	20.458	7.24632929174563	0	0
Y57A10A.13	Y54G2A.38	19.642	11.4258415594693	0	0
Y57A10A.13	Y54G2A.40	27.756	2.03002462915965	0	0
Y57A10A.13	Y54G2A.41	25.974	3.32045813493762	0	0
Y57A10A.13	Y54G2A.44	26.06	3.36032125949262	0	0
Y57A10A.13	Y54G2A.45	20.186	8.16719376821504	0	0
Y57A10A.13	Y54G2A.48	10.682	3.16109788866948	0	0
Y57A10A.13	Y54G2A.49	16.61	19.8080311847594	0	0
Y57A10A.13	Y54G2A.50	21.328	13.8128313901282	0	0
Y57A10A.13	Y54G2A.52	23.024	2.96469185771425	0	0
Y57A10A.13	Y54G2A.57	23.722	2.77333516738828	0	0
Y57A10A.13	Y54G2A.7	26.376	6.44712634917515	0	0
Y57A10A.13	Y54G2A.72	17.44	19.6132770094025	0	0
Y57A10A.13	Y54G2A.73	15.798	15.9253923247381	0	0
Y57A10A.13	Y54G2A.76	24.508	4.65560298537937	0	0
Y57A10A.13	Y54G2A.77	23.69	2.38207573880423	0	0
Y57A10A.13	Y54G9A.5	9.976	4.45907226159537	0	0
Y57A10A.13	Y54G9A.9	19.466	4.59318038906401	0	0
Y57A10A.13	Y54H5A.2	27.064	2.65941106152695	0	0
Y57A10A.13	Y55B1AR.2	17.356	7.20126752268589	0	0
Y57A10A.13	Y55B1AR.4	20.354	4.0901752193282	0	0
Y57A10A.13	Y55B1BL.1	19.192	5.60781970829984	0	0
Y57A10A.13	Y55B1BL.2	10.976	8.16181111123474	0	0
Y57A10A.13	Y55B1BR.6	20.154	10.4784705723143	0	0
Y57A10A.13	Y55B1BR.8	11.676	13.7636241749033	0	0
Y57A10A.13	Y55D5A.1	22.064	21.4937511711272	0	0
Y57A10A.13	Y55D5A.2	6.47	8.08155577273655	0	0
Y57A10A.13	Y55D5A.3	19.154	2.96592514459663	0	0
Y57A10A.13	Y55D5A.4	18.24	3.89235081063174	0	0
Y57A10A.13	Y55D9A.2	14.55	4.68489624803278	0	0
Y57A10A.13	Y55F3AM.11	10.518	2.85336227410438	0	0
Y57A10A.13	Y55F3AM.13	28.262	9.69523571373687	0	0
Y57A10A.13	Y55F3AM.21	16.368	17.8055187890409	0	0
Y57A10A.13	Y55F3AM.5	24.806	6.87925143404444	0	0
Y57A10A.13	Y55F3AM.9	20.524	6.62465082627529	0	0
Y57A10A.13	Y55F3AR.2	26.004	11.5423446618847	0	0
Y57A10A.13	Y55F3BL.4	23.24	7.66071897147563	0	0
Y57A10A.13	Y55F3BL.6	21.46	4.35912300752446	0	0
Y57A10A.13	Y55F3BR.1	23.398	3.36218014119511	0	0
Y57A10A.13	Y55F3BR.10	13.834	1.53647444706535	0	0
Y57A10A.13	Y55F3BR.11	24.882	1.89220495274698	0	0
Y57A10A.13	Y55F3BR.2	26.988	4.89740259480778	0	0
Y57A10A.13	Y55F3BR.6	19.274	10.6569873951584	0	0
Y57A10A.13	Y55F3C.10	19.676	4.43265759430966	0	0
Y57A10A.13	Y55F3C.9	29.01	1.05826138800474	0	0
Y57A10A.13	Y55H10A.2	20.854	4.37085818437648	0	0
Y57A10A.13	Y56A3A.16	21.348	3.76733747675421	0	0
Y57A10A.13	Y56A3A.18	18.204	2.34500142386888	0	0
Y57A10A.13	Y56A3A.2	16.484	7.12916966627377	0	0
Y57A10A.13	Y56A3A.22	24.624	8.43368803802628	0	0
Y57A10A.13	Y56A3A.28	20.522	3.13727841485051	0	0
Y57A10A.13	Y56A3A.30	24.728	3.66349233212872	0	0
Y57A10A.13	Y56A3A.31	7.966	15.7899509433427	0	0
Y57A10A.13	Y56A3A.33	20.764	6.71845363669025	0	0
Y57A10A.13	Y56A3A.41	27.526	2.43793618996567	0	0
Y57A10A.13	Y56A3A.6	20.092	19.7839591964712	0	0
Y57A10A.13	Y56A3A.7	27.312	7.93414082641984	0	0
Y57A10A.13	Y57A10A.13	25.466	1.30255125521875	0	0
Y57A10A.13	Y57A10A.14	20.016	8.30574074495907	0	0
Y57A10A.13	Y57A10A.2	22.298	15.5815468866635	0	0
Y57A10A.13	Y57A10A.24	19.682	4.39354209035491	0	0
Y57A10A.13	Y57A10A.27	21.932	4.91854537069278	0	0
Y57A10A.13	Y57A10A.29	22.87	13.1003749036706	0	0
Y57A10A.13	Y57A10A.31	25.964	8.54286311813041	0	0
Y57A10A.13	Y57A10A.4	15.784	19.1024151336616	0	0
Y57A10A.13	Y57A10A.5	16.928	0.210521380921618	0	0
Y57A10A.13	Y57A10A.8	20.762	17.2212782280986	0	0
Y57A10A.13	Y57A10B.6	17.952	1.46449881685874	0	0
Y57A10A.13	Y57A10B.7	20.86	8.42507081564733	0	0
Y57A10A.13	Y57A10C.1	22.332	6.50652962713633	0	0
Y57A10A.13	Y57A10C.10	21.91	5.66604576145134	0	0
Y57A10A.13	Y57A10C.11	23.712	1.73944019174091	0	0
Y57A10A.13	Y57A10C.8	15.234	4.00059454008792	0	0
Y57A10A.13	Y57A10C.9	24.412	1.65113745402665	0	0
Y57A10A.13	Y57E12AL.1	11.34	3.73766657010983	0	0
Y57A10A.13	Y57E12AL.2	23.644	6.77725344372399	0	0
Y57A10A.13	Y57E12AL.6	24.922	2.48475060517371	0	0
Y57A10A.13	Y57E12AR.1	25.552	6.17878578705618	0	0
Y57A10A.13	Y57E12B.1	17.158	16.584970921961	0	0
Y57A10A.13	Y57E12B.10	9.728	7.63408640465417	0	0
Y57A10A.13	Y57E12B.11	14.396	11.466736205095	0	0
Y57A10A.13	Y57E12B.4	18.694	0.872117999569602	0	0
Y57A10A.13	Y57G11A.2	20.97	3.94119404005787	0	0
Y57A10A.13	Y57G11A.4	23.558	7.81168670107703	0	0
Y57A10A.13	Y57G11A.5	25.93	5.08295358037999	0	0
Y57A10A.13	Y57G11B.2	18.26	4.50119653583046	0	0
Y57A10A.13	Y57G11B.3	21.884	3.66656086365161	0	0
Y57A10A.13	Y57G11B.5	27.708	3.64161731586665	0	0
Y57A10A.13	Y57G11B.6	18.48	15.1067578735321	0	0
Y57A10A.13	Y57G11B.8	12.628	9.90677524258539	0	0
Y57A10A.13	Y57G11C.1130	22.8	3.17914390779301	0	0
Y57A10A.13	Y57G11C.1131	17.434	15.578779501311	0	0
Y57A10A.13	Y57G11C.1142	17.496	4.27784485168521	0	0
Y57A10A.13	Y57G11C.1144	18.364	12.2871305321925	0	0
Y57A10A.13	Y57G11C.1147	23.21	1.72447187386381	0	0
Y57A10A.13	Y57G11C.14	18.676	23.2078439930507	0	0
Y57A10A.13	Y57G11C.20	28.032	2.66232957873313	0	0
Y57A10A.13	Y57G11C.22	22.074	10.7000224037262	0	0
Y57A10A.13	Y57G11C.23	23.45	1.22892950541488	0	0
Y57A10A.13	Y57G11C.28	18.206	2.7426647835739	0	0
Y57A10A.13	Y57G11C.3	26.588	2.14339534189476	0	0
Y57A10A.13	Y57G11C.30	21.136	1.58430251199613	0	0
Y57A10A.13	Y57G11C.31	27.028	1.28843578537733	0	0
Y57A10A.13	Y57G11C.33	25.828	2.43573848289793	0	0
Y57A10A.13	Y57G11C.36	20.584	24.9982600334728	0	0
Y57A10A.13	Y57G11C.38	22.098	10.3306877539432	0	0
Y57A10A.13	Y57G11C.40	9.164	2.3156125409526	0	0
Y57A10A.13	Y57G11C.41	25.46	7.4603088782608	0	0
Y57A10A.13	Y57G11C.42	20.878	17.5285302051328	0	0
Y57A10A.13	Y57G11C.43	19.2	4.0646695595672	0	0
Y57A10A.13	Y57G11C.46	21.47	1.96644916931389	0	0
Y57A10A.13	Y57G11C.48	18.738	2.94596270980561	0	0
Y57A10A.13	Y57G11C.499	12.366	3.48272594653315	0	0
Y57A10A.13	Y57G11C.5	26.91	4.57532110084308	0	0
Y57A10A.13	Y57G11C.51	16.488	4.75077081367683	0	0
Y57A10A.13	Y57G11C.52	23.03	8.28289529176521	0	0
Y57A10A.13	Y57G11C.8	24.946	2.21795141088034	0	0
Y57A10A.13	Y57G7A.1	24.778	7.34890572072563	0	0
Y57A10A.13	Y57G7A.11	22.4	12.1945704896081	0	0
Y57A10A.13	Y57G7A.2	14.198	7.05984801910694	0	0
Y57A10A.13	Y57G7A.3	16.618	27.5234791700384	0	0
Y57A10A.13	Y57G7A.5	27.438	5.79375972748747	0	0
Y57A10A.13	Y57G7A.6	20.39	10.8892915770443	0	0
Y57A10A.13	Y58A7A.1	20.112	2.44759394318235	0	0
Y57A10A.13	Y58A7A.2	10.352	9.69742544981145	0	0
Y57A10A.13	Y58A7A.3	22.97	8.2493455204177	0	0
Y57A10A.13	Y58A7A.4	23.632	3.47469301042981	0	0
Y57A10A.13	Y58A7A.5	18.28	5.36872023130157	0	0
Y57A10A.13	Y59A8A.8	21.382	6.3295857957707	0	0
Y57A10A.13	Y59A8B.12	12.836	4.53115013726945	0	0
Y57A10A.13	Y59A8B.19	23.518	6.86035687780526	0	0
Y57A10A.13	Y59A8B.21	22.206	3.27265393489989	0	0
Y57A10A.13	Y59A8B.24	21.634	8.32566615856151	0	0
Y57A10A.13	Y59A8B.25	21.226	1.20877026379013	0	0
Y57A10A.13	Y59A8B.26	25.662	9.02906655287572	0	0
Y57A10A.13	Y59A8B.8	25.91	3.01647601273462	0	0
Y57A10A.13	Y59C2A.1	21.084	6.32844846049055	0	0
Y57A10A.13	Y59C2A.2	4.342	1.10931318091132	1	1
Y57A10A.13	Y59C2A.3	21.524	2.71751903820422	0	0
Y57A10A.13	Y59E1A.4	14.156	14.042957223709	0	0
Y57A10A.13	Y59E9AL.36	20.854	16.7801514987433	0	0
Y57A10A.13	Y59E9AL.4	19.594	2.02819269407126	0	0
Y57A10A.13	Y59E9AL.8	27.334	2.00608384567024	0	0
Y57A10A.13	Y59E9AR.1	25.43	16.4265036076487	0	0
Y57A10A.13	Y59E9AR.2	17.574	12.4211611864921	0	0
Y57A10A.13	Y59H11AM.1	27.512	4.56294170930599	0	0
Y57A10A.13	Y59H11AM.4	11.022	4.4398178243848	0	0
Y57A10A.13	Y59H11AR.10	16.454	3.68321564691265	0	0
Y57A10A.13	Y59H11AR.3	18.318	5.54488248298541	0	0
Y57A10A.13	Y59H11AR.4	20.946	3.19203199289403	0	0
Y57A10A.13	Y5F2A.4	17.352	2.89226899560617	0	0
Y57A10A.13	Y5H2A.1	22.926	6.62497454375158	0	0
Y57A10A.13	Y5H2A.4	25.848	8.64553097899	0	0
Y57A10A.13	Y5H2B.3	23.778	5.24967111786059	0	0
Y57A10A.13	Y60A3A.16	22.676	22.4934757033078	0	0
Y57A10A.13	Y60A3A.19	13.494	6.62617796732286	0	0
Y57A10A.13	Y60A3A.21	24.122	10.8022100843057	0	0
Y57A10A.13	Y60A3A.23	19.942	3.20507317762852	0	0
Y57A10A.13	Y60A3A.24	20.918	3.70847288437349	0	0
Y57A10A.13	Y60A3A.25	24.518	4.59416310672619	0	0
Y57A10A.13	Y60A3A.8	24.43	6.023801716625	0	0
Y57A10A.13	Y60A9.1	19.048	14.6360726700979	0	0
Y57A10A.13	Y60A9.3	20.05	9.90279306757006	0	0
Y57A10A.13	Y60A9A.1	12.258	19.369424935355	0	0
Y57A10A.13	Y60C6A.1	21.798	8.73011172123111	0	0
Y57A10A.13	Y60C6A.2	15.54	4.39845752654699	0	0
Y57A10A.13	Y60C6A.3	18.036	6.48045930288302	0	0
Y57A10A.13	Y61A9LA.1	19.1	5.4153692958164	0	0
Y57A10A.13	Y61A9LA.10	29.392	6.97478656805849	0	0
Y57A10A.13	Y61A9LA.12	26.466	5.01483575652574	0	0
Y57A10A.13	Y61A9LA.3	21.03	4.52073352736589	0	0
Y57A10A.13	Y61A9LA.4	21.068	2.76470895808361	0	0
Y57A10A.13	Y61A9LA.7	21.5	0.606437433042105	0	0
Y57A10A.13	Y61B8A.6	19.748	1.65811551454107	0	0
Y57A10A.13	Y61B8B.3	22.254	2.57403759418827	0	0
Y57A10A.13	Y62E10A.11	20.768	15.3759123863635	0	0
Y57A10A.13	Y62E10A.13	16.968	30.8269899770376	0	0
Y57A10A.13	Y62E10A.19	29.266	2.93802709262157	0	0
Y57A10A.13	Y62E10A.20	17.142	6.89915876499555	0	0
Y57A10A.13	Y62E10A.23	12.984	6.06674005495379	0	0
Y57A10A.13	Y62E10A.24	22.062	13.5050456742816	0	0
Y57A10A.13	Y62E10A.3	26.562	2.74201383450601	0	0
Y57A10A.13	Y62E10A.6	25.238	1.08778814542391	0	0
Y57A10A.13	Y62F5A.10	19.854	29.0635852814008	0	0
Y57A10A.13	Y62F5A.12	20.906	15.8933756233176	0	0
Y57A10A.13	Y62F5A.9	26.542	5.32037200738108	0	0
Y57A10A.13	Y62H9A.1	6.848	1.24509776561286	0	0
Y57A10A.13	Y62H9A.10	21.75	1.62585790437581	0	0
Y57A10A.13	Y62H9A.11	10.896	5.45998680902102	0	0
Y57A10A.13	Y62H9A.12	24.948	1.26989036090273	0	0
Y57A10A.13	Y62H9A.13	15.422	9.52901414445744	0	0
Y57A10A.13	Y62H9A.14	15.7	36.6568948532408	0	0
Y57A10A.13	Y62H9A.15	15.402	5.47763034223035	0	0
Y57A10A.13	Y62H9A.16	18.28	5.81672188228439	0	0
Y57A10A.13	Y62H9A.2	26.862	4.01109364922491	0	0
Y57A10A.13	Y62H9A.3	18.88	8.42960126147515	0	0
Y57A10A.13	Y62H9A.4	22.116	12.5779140675471	0	0
Y57A10A.13	Y62H9A.5	23.236	2.95242202140437	0	0
Y57A10A.13	Y62H9A.7	17.438	33.7456488943348	0	0
Y57A10A.13	Y62H9A.8	16.744	20.912247975741	0	0
Y57A10A.13	Y62H9A.9	26.18	12.1933127055892	0	0
Y57A10A.13	Y63D3A.4	11.972	6.75892579235933	0	0
Y57A10A.13	Y64G10A.1	26.924	6.06009072959263	0	0
Y57A10A.13	Y64G10A.10	24.864	11.3608863705008	0	0
Y57A10A.13	Y64G10A.2	13.202	52.2940118512714	0	0
Y57A10A.13	Y64G10A.7	28.642	4.96889211179846	0	0
Y57A10A.13	Y64H9A.2	25.284	10.2425862511093	0	0
Y57A10A.13	Y65A5A.1	19.37	19.683442346431	0	0
Y57A10A.13	Y65A5A.2	13.306	1.65133852000268	0	0
Y57A10A.13	Y65A5A.24	7.492	6.5228528046463	0	0
Y57A10A.13	Y65B4A.2	16.918	1.32395440798237	0	0
Y57A10A.13	Y65B4A.4	19.728	21.0297811993473	0	0
Y57A10A.13	Y65B4A.7	25.116	3.6247850395933	0	0
Y57A10A.13	Y65B4A.8	17.97	10.1630164816615	0	0
Y57A10A.13	Y65B4A.9	21.138	9.22493455569004	0	0
Y57A10A.13	Y65B4BL.1	15.136	13.5468174741251	0	0
Y57A10A.13	Y65B4BL.3	17.312	4.9823068145218	0	0
Y57A10A.13	Y65B4BL.4	20.956	2.524287091632	0	0
Y57A10A.13	Y65B4BL.6	9.092	7.53525991245812	0	0
Y57A10A.13	Y65B4BL.7	23.28	11.9164068136826	0	0
Y57A10A.13	Y65B4BM.3	23.088	18.7817541526974	0	0
Y57A10A.13	Y65B4BR.1	23.702	10.5122772549534	0	0
Y57A10A.13	Y66A7A.4	24.144	1.88864074306317	0	0
Y57A10A.13	Y66A7A.7	19.464	18.135012644498	0	0
Y57A10A.13	Y66A7A.9	21.382	1.75409220466172	0	0
Y57A10A.13	Y66C5A.1	23.642	12.1181127787933	0	0
Y57A10A.13	Y66C5A.2	15.892	2.41724395180835	0	0
Y57A10A.13	Y66D12A.1	15.468	6.06422200137489	0	0
Y57A10A.13	Y66D12A.10	27.492	3.82607671450117	0	0
Y57A10A.13	Y66D12A.11	16.55	6.16639923405026	0	0
Y57A10A.13	Y66D12A.13	21.396	6.15356551082316	0	0
Y57A10A.13	Y66D12A.16	13.682	21.7421711458422	0	0
Y57A10A.13	Y66D12A.19	17.6	1.83100943685478	0	0
Y57A10A.13	Y66D12A.21	21.872	4.86579284982841	0	0
Y57A10A.13	Y66D12A.24	11.058	2.22010753151115	0	0
Y57A10A.13	Y66D12A.3	15.356	3.88102238794268	0	0
Y57A10A.13	Y66D12A.30	15.216	3.7820873181784	0	0
Y57A10A.13	Y66D12A.6	13.986	4.75693151430334	0	0
Y57A10A.13	Y66D12A.7	22.8	2.60217490775287	0	0
Y57A10A.13	Y66D12A.8	13.65	4.95142717911086	0	0
Y57A10A.13	Y66H1A.5	16.29	11.0809700764628	0	0
Y57A10A.13	Y66H1A.8	12.478	4.96078914687686	0	0
Y57A10A.13	Y67A10A.11	24.318	8.57847525075865	0	0
Y57A10A.13	Y67A10A.2	26.978	6.91159418329086	0	0
Y57A10A.13	Y67A10A.3	28.064	1.69669946275661	0	0
Y57A10A.13	Y67A10A.7	23.886	3.67101242266155	0	0
Y57A10A.13	Y67A6A.1	15.78	7.2125122842598	0	0
Y57A10A.13	Y67D2.2	24.32	1.0983314464797	0	0
Y57A10A.13	Y67D2.5	22.186	2.17560632034409	0	0
Y57A10A.13	Y67D8A.2	19.822	3.76502990369524	0	0
Y57A10A.13	Y67D8B.1	21.116	13.7644747776936	0	0
Y57A10A.13	Y67D8B.2	20.396	8.06337681837096	0	0
Y57A10A.13	Y67D8B.3	13.094	33.634561208174	0	0
Y57A10A.13	Y67D8B.5	11.262	28.1514226805076	0	0
Y57A10A.13	Y67D8C.2	10.228	2.42306010263051	0	0
Y57A10A.13	Y67D8C.22	17.372	11.9187433124817	0	0
Y57A10A.13	Y67D8C.6	11.15	2.60012359001331	0	0
Y57A10A.13	Y67D8C.9	26.074	1.86701663017334	0	0
Y57A10A.13	Y67H2A.10	24.162	2.46478673187462	0	0
Y57A10A.13	Y67H2A.2	25.024	5.03410365619897	0	0
Y57A10A.13	Y67H2A.7	10.318	8.04226769729242	0	0
Y57A10A.13	Y68A4A.10	22.464	14.4171883863274	0	0
Y57A10A.13	Y68A4A.13	13.128	9.41306168347608	0	0
Y57A10A.13	Y68A4B.3	17.87	28.4928627710672	0	0
Y57A10A.13	Y69A2AL.2	24.686	5.11170537212315	0	0
Y57A10A.13	Y69A2AR.1	15.664	22.9940085779182	0	0
Y57A10A.13	Y69A2AR.12	16.97	26.9864877432867	0	0
Y57A10A.13	Y69A2AR.16	24.62	7.50108629612853	0	0
Y57A10A.13	Y69A2AR.18	22.878	5.5960385173483	0	0
Y57A10A.13	Y69A2AR.19	22.988	10.7104886424675	0	0
Y57A10A.13	Y69A2AR.22	23.114	6.91555663480392	0	0
Y57A10A.13	Y69A2AR.23	8.028	5.59734795016786	0	0
Y57A10A.13	Y69A2AR.24	7.282	9.1778872419775	0	0
Y57A10A.13	Y69A2AR.25	19.396	1.63550381273149	0	0
Y57A10A.13	Y69A2AR.28	16.46	5.31600416523493	0	0
Y57A10A.13	Y69A2AR.31	20.774	28.5799703726086	0	0
Y57A10A.13	Y69A2AR.32	18.706	10.5362366085383	0	0
Y57A10A.13	Y69A2AR.46	19.89	7.25098295719254	0	0
Y57A10A.13	Y69A2AR.47	9.88	5.78696046919952	0	0
Y57A10A.13	Y69A2AR.50	5.186	2.62839324510432	0	0
Y57A10A.13	Y69A2AR.51	7.418	7.3302164969359	0	0
Y57A10A.13	Y69E1A.1	17.926	3.790213029288	0	0
Y57A10A.13	Y69E1A.3	12.822	10.9295075750517	0	0
Y57A10A.13	Y69E1A.4	18.538	4.21127196098226	0	0
Y57A10A.13	Y69E1A.5	28.144	3.17342712457547	0	0
Y57A10A.13	Y69E1A.8	5.196	42.7881084304027	0	0
Y57A10A.13	Y69F12A.1	18.692	16.0988083649942	0	0
Y57A10A.13	Y69H2.1	17.712	9.7501100349242	0	0
Y57A10A.13	Y69H2.10	19.054	34.8861376910426	0	0
Y57A10A.13	Y69H2.15	23.978	3.42836062128243	0	0
Y57A10A.13	Y69H2.17	20.698	1.28663683570425	0	0
Y57A10A.13	Y69H2.3	22.442	5.72178651915732	0	0
Y57A10A.13	Y69H2.7	3.242	4.96118250844443	1	1
Y57A10A.13	Y69H2.9	26.662	2.55807412612106	0	0
Y57A10A.13	Y6B3B.1	21.38	1.76624954055185	0	0
Y57A10A.13	Y6B3B.7	5.554	63.0251808858967	0	0
Y57A10A.13	Y6B3B.9	22.928	2.71173908403929	0	0
Y57A10A.13	Y6D1A.1	21.268	1.30785514976867	0	0
Y57A10A.13	Y6D1A.2	26.162	2.77592262043097	0	0
Y57A10A.13	Y6E2A.1	19.772	0.953204045267227	0	0
Y57A10A.13	Y6E2A.10	25.902	2.74251448843676	0	0
Y57A10A.13	Y6E2A.4	27.12	2.86485679124639	0	0
Y57A10A.13	Y6E2A.5	28.254	0.701910973923911	0	0
Y57A10A.13	Y6E2A.7	18.532	5.00780452757469	0	0
Y57A10A.13	Y6G8.14	24.76	5.4829958644464	0	0
Y57A10A.13	Y6G8.15	26.112	6.73455803214779	0	0
Y57A10A.13	Y6G8.16	22.982	5.0216113589237	0	0
Y57A10A.13	Y6G8.2	27.18	1.96758527698615	0	0
Y57A10A.13	Y6G8.5	25.202	2.99971993458994	0	0
Y57A10A.13	Y6G8.6	26.16	4.87066664433246	0	0
Y57A10A.13	Y6G8.8	26.726	4.26596872110879	0	0
Y57A10A.13	Y70C5A.2	16.95	1.91126769356048	0	0
Y57A10A.13	Y70C5A.3	27.476	4.37385793988075	0	0
Y57A10A.13	Y70C5A.4	27.274	0.694991947110456	0	0
Y57A10A.13	Y70C5B.2	22.628	0.638432599073049	0	0
Y57A10A.13	Y70C5C.1	27.826	1.51420646375447	0	0
Y57A10A.13	Y70G10A.3	13.868	1.40509751461347	0	0
Y57A10A.13	Y70G10A.4	19.336	1.02759488680346	0	0
Y57A10A.13	Y71A12B.10	22.342	3.99738492323283	0	0
Y57A10A.13	Y71A12B.11	15.564	30.7884411409437	0	0
Y57A10A.13	Y71A12B.12	19.76	20.8311545790962	0	0
Y57A10A.13	Y71A12B.23	18.8	14.1331799167287	0	0
Y57A10A.13	Y71A12B.24	19.858	2.97629667641693	0	0
Y57A10A.13	Y71A12B.8	27.22	3.15997552004615	0	0
Y57A10A.13	Y71A12C.2	21.944	1.29158528624454	0	0
Y57A10A.13	Y71F9AL.1	22.048	2.07582967507165	0	0
Y57A10A.13	Y71F9AL.10	21.02	5.28935693440717	0	0
Y57A10A.13	Y71F9AL.11	21.52	15.4351704787303	0	0
Y57A10A.13	Y71F9AL.12	17.72	7.60941267707264	0	0
Y57A10A.13	Y71F9AL.2	20.54	27.6075072089296	0	0
Y57A10A.13	Y71F9AL.25	15.182	14.836741871288	0	0
Y57A10A.13	Y71F9AL.6	26.426	5.84413237677736	0	0
Y57A10A.13	Y71F9AL.7	18.142	5.7296915420039	0	0
Y57A10A.13	Y71F9AL.8	26.854	3.7936226153383	0	0
Y57A10A.13	Y71F9AL.9	19.99	13.2618185729901	0	0
Y57A10A.13	Y71F9AM.11	17.04	1.00195839665281	0	0
Y57A10A.13	Y71F9AM.8	16.622	4.33357186225149	0	0
Y57A10A.13	Y71F9AR.10	16.354	7.12627645012592	0	0
Y57A10A.13	Y71F9AR.2	24.252	11.5501289338575	0	0
Y57A10A.13	Y71F9AR.4	23.414	14.0532265536733	0	0
Y57A10A.13	Y71F9B.1	11.812	6.27264728605556	0	0
Y57A10A.13	Y71F9B.13	21.926	2.81914713448244	0	0
Y57A10A.13	Y71F9B.15	18.056	28.5223103096001	0	0
Y57A10A.13	Y71F9B.2	24.424	3.5851261091793	0	0
Y57A10A.13	Y71F9B.6	26.436	4.35239765304838	0	0
Y57A10A.13	Y71F9B.9	25.972	0.820123007103442	0	0
Y57A10A.13	Y71G10AR.4	14.996	1.30043224920911	0	0
Y57A10A.13	Y71G12A.4	20.682	8.33994831689429	0	0
Y57A10A.13	Y71G12A.5	4.264	6.3116374819122	1	1
Y57A10A.13	Y71G12B.10	25.496	3.43237031305614	0	0
Y57A10A.13	Y71G12B.13	19.886	6.91222662103179	0	0
Y57A10A.13	Y71G12B.17	15.54	10.8430335803172	0	0
Y57A10A.13	Y71G12B.18	20.054	10.1599745101109	0	0
Y57A10A.13	Y71G12B.2	24.288	7.91105468657728	0	0
Y57A10A.13	Y71G12B.22	14.552	7.91305461319723	0	0
Y57A10A.13	Y71G12B.23	21.45	19.4799007162276	0	0
Y57A10A.13	Y71G12B.25	19.372	2.18533879770192	0	0
Y57A10A.13	Y71G12B.27	26.004	8.76453322442771	0	0
Y57A10A.13	Y71G12B.3	11.838	10.9683208394669	0	0
Y57A10A.13	Y71G12B.30	25.092	5.41179885840092	0	0
Y57A10A.13	Y71G12B.31	22.658	3.2675049341525	0	0
Y57A10A.13	Y71G12B.32	11.816	6.55674610170937	0	0
Y57A10A.13	Y71G12B.33	12.106	10.6925653784001	0	0
Y57A10A.13	Y71G12B.35	10.134	9.07824284952212	0	0
Y57A10A.13	Y71G12B.5	24.168	8.35725821943237	0	0
Y57A10A.13	Y71H2AL.2	21.958	18.9391658823942	0	0
Y57A10A.13	Y71H2AL.4	6.268	4.17466062915824	0	0
Y57A10A.13	Y71H2AM.1	10.852	3.30415214473924	0	0
Y57A10A.13	Y71H2AM.10	22.226	16.6183742915751	0	0
Y57A10A.13	Y71H2AM.11	23.762	2.72498366161755	0	0
Y57A10A.13	Y71H2AM.12	19.088	6.83413612834159	0	0
Y57A10A.13	Y71H2AM.14	14.29	2.77544184955241	0	0
Y57A10A.13	Y71H2AM.20	23.134	11.5069022297252	0	0
Y57A10A.13	Y71H2AM.25	25.226	2.25323581508036	0	0
Y57A10A.13	Y71H2AM.29	24.478	3.53507219362938	0	0
Y57A10A.13	Y71H2AM.3	17.792	5.65515956768166	0	0
Y57A10A.13	Y71H2AM.6	23.75	6.59730491435434	0	0
Y57A10A.13	Y71H2AR.2	20.346	18.7438204316057	0	0
Y57A10A.13	Y71H2B.11	25.722	4.89562921726392	0	0
Y57A10A.13	Y71H2B.2	12.458	49.9777201603973	0	0
Y57A10A.13	Y71H2B.4	26.606	7.17910733301856	0	0
Y57A10A.13	Y71H2B.5	28.74	2.78868268685827	0	0
Y57A10A.13	Y71H2B.8	16.914	10.2523294683335	0	0
Y57A10A.13	Y72A10A.1	24.784	15.4324764415575	0	0
Y57A10A.13	Y73B3A.1	15.872	19.4463351489362	0	0
Y57A10A.13	Y73B3A.11	15.646	5.80345654179945	0	0
Y57A10A.13	Y73B3A.20	15.832	6.54789613011695	0	0
Y57A10A.13	Y73B3A.4	24.08	6.94428654642795	0	0
Y57A10A.13	Y73B3A.8	20.572	7.30873254914104	0	0
Y57A10A.13	Y73B3B.1	9.942	1.66707665894007	0	0
Y57A10A.13	Y73B3B.3	25.966	12.4215535611837	0	0
Y57A10A.13	Y73B6A.1	27.788	1.91126610989453	0	0
Y57A10A.13	Y73B6A.3	26.37	3.90015069031678	0	0
Y57A10A.13	Y73B6BL.12	24.884	14.2291188181169	0	0
Y57A10A.13	Y73B6BL.14	28.884	1.90662177813854	0	0
Y57A10A.13	Y73B6BL.22	19.5	20.1930524893165	0	0
Y57A10A.13	Y73B6BL.23	16.104	8.05323174144174	0	0
Y57A10A.13	Y73B6BL.27	17.278	2.45906038100847	0	0
Y57A10A.13	Y73B6BL.270	16.95	22.7981045230438	0	0
Y57A10A.13	Y73B6BL.288	15.402	32.744059407744	0	0
Y57A10A.13	Y73B6BL.289	13.488	4.2948105046281	0	0
Y57A10A.13	Y73B6BL.29	21.622	12.0945568617975	0	0
Y57A10A.13	Y73B6BL.31	13.922	3.81213847123399	0	0
Y57A10A.13	Y73B6BL.37	22.422	5.8659541165291	0	0
Y57A10A.13	Y73B6BL.44	19.158	2.52912987149857	0	0
Y57A10A.13	Y73B6BL.47	20.984	19.8735007046462	0	0
Y57A10A.13	Y73C8B.1	27.098	3.30188860413767	0	0
Y57A10A.13	Y73C8B.2	26.78	6.21645724794388	0	0
Y57A10A.13	Y73C8B.3	23.088	11.785127346136	0	0
Y57A10A.13	Y73C8B.5	14.634	3.24949625414223	0	0
Y57A10A.13	Y73C8B.9	10.352	5.78849013554497	0	0
Y57A10A.13	Y73C8C.10	21	8.79960831946307	0	0
Y57A10A.13	Y73C8C.12	22.7	5.45108572825974	0	0
Y57A10A.13	Y73C8C.3	15.392	1.04092126213593	0	0
Y57A10A.13	Y73C8C.4	24.422	15.0374834996023	0	0
Y57A10A.13	Y73C8C.8	23.102	11.7792978429892	0	0
Y57A10A.13	Y73E7A.1	16.984	17.017777275441	0	0
Y57A10A.13	Y73E7A.3	19.626	3.53114422786833	0	0
Y57A10A.13	Y73E7A.8	11.912	2.92824270001991	0	0
Y57A10A.13	Y73F4A.1	27.348	1.19425089745083	0	0
Y57A10A.13	Y73F4A.2	26.518	0.285205074307097	0	0
Y57A10A.13	Y73F4A.3	26.344	5.38136614688303	0	0
Y57A10A.13	Y73F8A.10	25.512	4.30941528640432	0	0
Y57A10A.13	Y73F8A.1159	17.92	20.5247553614915	0	0
Y57A10A.13	Y73F8A.12	26.412	14.8668875191585	0	0
Y57A10A.13	Y73F8A.13	25.854	2.33543979328542	0	0
Y57A10A.13	Y73F8A.14	20.82	22.1366743819887	0	0
Y57A10A.13	Y73F8A.15	27.43	1.37305793549154	0	0
Y57A10A.13	Y73F8A.20	28.456	4.10549405751234	0	0
Y57A10A.13	Y73F8A.22	27.062	10.7189489648314	0	0
Y57A10A.13	Y73F8A.23	24.424	10.6622842012474	0	0
Y57A10A.13	Y73F8A.26	23.57	4.16798910717323	0	0
Y57A10A.13	Y73F8A.32	14.054	8.67928608672802	0	0
Y57A10A.13	Y73F8A.35	26.684	2.86003228984086	0	0
Y57A10A.13	Y73F8A.36	2.446	2.26891854873452	1	1
Y57A10A.13	Y73F8A.5	18.61	3.36538769911268	0	0
Y57A10A.13	Y74C10AL.2	18.882	5.01972155117081	0	0
Y57A10A.13	Y74C10AR.2	26.532	4.8192367797237	0	0
Y57A10A.13	Y75B12A.2	16.696	1.28291909300339	0	0
Y57A10A.13	Y75B12B.1	15.184	47.7950828832651	0	0
Y57A10A.13	Y75B12B.10	22.318	1.7409650562823	0	0
Y57A10A.13	Y75B12B.11	24.336	14.1647203296809	0	0
Y57A10A.13	Y75B12B.13	16.5	10.7036205609573	0	0
Y57A10A.13	Y75B12B.3	24.476	6.03337757200923	0	0
Y57A10A.13	Y75B7AR.1	25.328	5.32124453679391	0	0
Y57A10A.13	Y75B7B.1	29.854	2.22852696988834	0	0
Y57A10A.13	Y75B7B.2	25.668	3.34247007829381	0	0
Y57A10A.13	Y75B8A.10	24.858	5.22516931392201	0	0
Y57A10A.13	Y75B8A.13	21.964	6.61587350626695	0	0
Y57A10A.13	Y75B8A.18	24.516	6.02450026815256	0	0
Y57A10A.13	Y75B8A.19	25.63	4.49226980359569	0	0
Y57A10A.13	Y75B8A.23	16.128	12.263265788853	0	0
Y57A10A.13	Y75B8A.24	28.942	5.54546088517137	0	0
Y57A10A.13	Y75B8A.25	18.954	3.03001097174793	0	0
Y57A10A.13	Y75B8A.28	19.692	4.90558219759107	0	0
Y57A10A.13	Y75B8A.31	17.468	14.8345925132858	0	0
Y57A10A.13	Y75B8A.32	19.922	6.37519790869574	0	0
Y57A10A.13	Y75B8A.33	15.778	3.9380486412715	0	0
Y57A10A.13	Y75B8A.34	19.562	8.70139181499536	0	0
Y57A10A.13	Y75B8A.37	24.726	1.29342572610268	0	0
Y57A10A.13	Y75B8A.39	16.65	16.8020097832963	0	0
Y57A10A.13	Y75B8A.44	6.256	3.89350228686497	0	0
Y57A10A.13	Y75B8A.6	17.038	8.72873618385066	0	0
Y57A10A.13	Y75B8A.63	4.526	21.915759030687	0	0
Y57A10A.13	Y75B8A.7	27.884	2.95336697978651	0	0
Y57A10A.13	Y75B8A.8	18.548	2.63115504969375	0	0
Y57A10A.13	Y75D11A.2	18.114	4.99737070360773	0	0
Y57A10A.13	Y75D11A.3	20.08	5.03764045797113	0	0
Y57A10A.13	Y75D11A.6	11.406	2.66690726120337	0	0
Y57A10A.13	Y76A2B.4	18.734	7.55227259232309	0	0
Y57A10A.13	Y76B12C.3	22.306	7.53551420070744	0	0
Y57A10A.13	Y76B12C.4	19.296	8.38804933766828	0	0
Y57A10A.13	Y76B12C.6	25	9.79828556432195	0	0
Y57A10A.13	Y76B12C.8	20.138	9.1830819971303	0	0
Y57A10A.13	Y76B12C.9	7.408	2.47696907542373	0	0
Y57A10A.13	Y77E11A.12	24.11	5.71963195035407	0	0
Y57A10A.13	Y77E11A.14	24.562	5.72390441422956	0	0
Y57A10A.13	Y77E11A.16	5.5	2.27454472785396	0	0
Y57A10A.13	Y77E11A.23	26.222	3.51837674135641	0	0
Y57A10A.13	Y77E11A.7	18.966	10.6723196828167	0	0
Y57A10A.13	Y77E11A.8	26.692	2.26890225348655	0	0
Y57A10A.13	Y79H2A.12	13.652	2.24960162181126	0	0
Y57A10A.13	Y79H2A.2	18.088	0.898619538844714	0	0
Y57A10A.13	Y79H2A.3	24.328	11.9841897273399	0	0
Y57A10A.13	Y79H2A.4	21.196	1.95253764705339	0	0
Y57A10A.13	Y7A5A.1	20.936	7.38165013560518	0	0
Y57A10A.13	Y7A5A.10	19.146	8.95871031975914	0	0
Y57A10A.13	Y7A5A.13	13.096	13.3773156810379	0	0
Y57A10A.13	Y7A5A.2	18.6	13.8246287738711	0	0
Y57A10A.13	Y7A5A.20	23.522	9.42371445962483	0	0
Y57A10A.13	Y7A5A.24	20.502	2.23289513518585	0	0
Y57A10A.13	Y7A5A.25	13.766	6.62814775022054	0	0
Y57A10A.13	Y7A5A.3	22.144	4.03049722373082	0	0
Y57A10A.13	Y7A5A.5	19.3	9.99080089110494	0	0
Y57A10A.13	Y7A5A.6	22.478	21.7002777528979	0	0
Y57A10A.13	Y7A5A.7	21.378	14.1396152323603	0	0
Y57A10A.13	Y7A5A.8	9.558	7.66954645642589	0	0
Y57A10A.13	Y7A5A.9	10.218	7.95414538561702	0	0
Y57A10A.13	Y7A9A.1	24.934	4.81116790495006	0	0
Y57A10A.13	Y80D3A.8	27.49	6.77874838552699	0	0
Y57A10A.13	Y80D4G.2	23.298	2.6524006744579	0	0
Y57A10A.13	Y81B9A.1	18.652	2.10237604960948	0	0
Y57A10A.13	Y81B9A.2	19.526	1.32147396235187	0	0
Y57A10A.13	Y81B9A.3	16.802	5.44608922209117	0	0
Y57A10A.13	Y81B9A.4	25.298	2.86159693208493	0	0
Y57A10A.13	Y81G3A.1	10.34	10.7073108769718	0	0
Y57A10A.13	Y81G3A.2	18.698	9.45706306435893	0	0
Y57A10A.13	Y81G3A.4	20.236	4.00636522954204	0	0
Y57A10A.13	Y81G3A.6	16.41	8.29524330334461	0	0
Y57A10A.13	Y82E9BL.1	22.436	6.39667733922667	0	0
Y57A10A.13	Y82E9BL.12	20.614	5.54505338071397	0	0
Y57A10A.13	Y82E9BL.18	24.944	3.49386699619953	0	0
Y57A10A.13	Y82E9BL.19	22.066	8.79499447430308	0	0
Y57A10A.13	Y82E9BL.3	21.786	1.66311310117795	0	0
Y57A10A.13	Y82E9BL.5	22.914	4.37652081091321	0	0
Y57A10A.13	Y82E9BL.6	23.912	9.65935335656958	0	0
Y57A10A.13	Y82E9BR.10	22.34	12.1013943492524	0	0
Y57A10A.13	Y82E9BR.14	3.082	4.04215743086241	1	1
Y57A10A.13	Y82E9BR.16	10.456	5.19302318594293	0	0
Y57A10A.13	Y82E9BR.17	7.208	2.129928443732	0	0
Y57A10A.13	Y82E9BR.18	25.95	6.35178030664481	0	0
Y57A10A.13	Y82E9BR.19	24.482	4.05073343536025	0	0
Y57A10A.13	Y82E9BR.20	19.598	24.992640975326	0	0
Y57A10A.13	Y82E9BR.22	25.04	1.50702573994514	0	0
Y57A10A.13	Y82E9BR.3	26.184	2.71300466462023	0	0
Y57A10A.13	Y82E9BR.5	7.808	13.9583959024685	0	0
Y57A10A.13	Y82E9BR.6	8.792	9.35795588388691	0	0
Y57A10A.13	Y82E9BR.8	21.932	10.5837208695452	0	0
Y57A10A.13	Y82E9BR.9	24.914	5.19059961535804	0	0
Y57A10A.13	Y87G2A.1	21.764	4.21736396239395	0	0
Y57A10A.13	Y87G2A.13	22.714	3.57498532704547	0	0
Y57A10A.13	Y87G2A.16	26.598	4.30556548107817	0	0
Y57A10A.13	Y87G2A.18	14.532	26.3442803459269	0	0
Y57A10A.13	Y87G2A.19	18.322	4.17314961747592	0	0
Y57A10A.13	Y87G2A.2	14.458	2.71003101037418	0	0
Y57A10A.13	Y87G2A.20	20.198	4.11369972408879	0	0
Y57A10A.13	Y87G2A.25	7.198	50.2006523550525	0	0
Y57A10A.13	Y8A9A.2	26.638	1.73528239370308	0	0
Y57A10A.13	Y8A9A.3	14.77	59.5918081321517	0	0
Y57A10A.13	Y8A9A.4	17.462	10.1714527037655	0	0
Y57A10A.13	Y92H12A.2	23.61	2.07863070481862	0	0
Y57A10A.13	Y92H12A.5	26.472	10.5738200423036	0	0
Y57A10A.13	Y92H12BL.1	20.242	13.5955537558193	0	0
Y57A10A.13	Y92H12BL.4	14.852	9.96582948237092	0	0
Y57A10A.13	Y92H12BL.5	25.086	5.95383717129244	0	0
Y57A10A.13	Y92H12BL.6	6.98	10.1188128979275	0	0
Y57A10A.13	Y92H12BL.7	25.066	17.8765465979887	0	0
Y57A10A.13	Y92H12BM.1	26.598	10.6962566129135	0	0
Y57A10A.13	Y92H12BR.2	9.7	6.59914615230029	0	0
Y57A10A.13	Y92H12BR.3	28.424	1.94353712062135	0	0
Y57A10A.13	Y92H12BR.7	13.27	2.17496152067247	0	0
Y57A10A.13	Y94A7B.11	11.03	10.0675463199329	0	0
Y57A10A.13	Y94H6A.10	20.148	4.34681745126493	0	0
Y57A10A.13	Y94H6A.12	24.942	5.23850195431369	0	0
Y57A10A.13	Y94H6A.2	27.798	0.631030277332002	0	0
Y57A10A.13	Y94H6A.3	19.286	9.67204103049479	0	0
Y57A10A.13	Y94H6A.5	24.086	5.65806800652229	0	0
Y57A10A.13	Y94H6A.7	20.334	0.884260108281424	0	0
Y57A10A.13	Y95B8A.4	25.302	3.11920454922106	0	0
Y57A10A.13	Y95B8A.6	17.76	3.18118173239314	0	0
Y57A10A.13	Y95D11A.1	26.024	11.2652164899776	0	0
Y57A10A.13	Y95D11A.3	20.466	9.24952696200318	0	0
Y57A10A.13	Y95D11A.5	20.942	3.74325881247168	0	0
Y57A10A.13	Y97E10AL.1	22.724	4.16454359399568	0	0
Y57A10A.13	Y97E10AR.1	27.384	3.48438707288352	0	0
Y57A10A.13	Y97E10AR.2	22.064	7.39840807907195	0	0
Y57A10A.13	Y97E10AR.3	26.862	2.98729156385551	0	0
Y57A10A.13	Y97E10AR.4	24.596	6.69222410536042	0	0
Y57A10A.13	Y97E10AR.6	17.294	7.05477782771601	0	0
Y57A10A.13	Y97E10AR.8	20.876	14.6883026153939	0	0
Y57A10A.13	Y97E10B.1	21.264	2.73381052108023	0	0
Y57A10A.13	Y97E10C.1	21.708	10.1814852764629	0	0
Y57A10A.13	Y97E10C.2	14.226	18.8037370033476	0	0
Y57A10A.13	Y9C12A.1	13.598	6.62625599334023	0	0
Y57A10A.13	Y9C2UA.1	16.324	21.6874446529077	0	0
Y57A10A.13	Y9C9A.13	28.07	2.16743690693369	0	0
Y57A10A.13	Y9C9A.16	16.946	1.5175117388374	0	0
Y57A10A.13	Y9C9A.5	15.626	2.77538660618396	0	0
Y57A10A.13	Y9C9A.8	27.1	1.47255128702841	0	0
Y57A10A.13	ZC116.1	10.61	17.2948121010264	0	0
Y57A10A.13	ZC116.5	19.092	6.02328313882922	0	0
Y57A10A.13	ZC123.1	24.432	6.22218374954095	0	0
Y57A10A.13	ZC13.1	19.104	27.7178725656085	0	0
Y57A10A.13	ZC13.10	23.226	6.03207762727956	0	0
Y57A10A.13	ZC13.2	21.466	1.78081402410778	0	0
Y57A10A.13	ZC132.11	19.698	4.75601804575369	0	0
Y57A10A.13	ZC132.3	15.762	18.4554405831328	0	0
Y57A10A.13	ZC132.9	21.3	3.84102408519595	0	0
Y57A10A.13	ZC15.1	25.184	9.71212139497939	0	0
Y57A10A.13	ZC15.10	20.524	3.6437841180576	0	0
Y57A10A.13	ZC15.3	19.682	24.372714294972	0	0
Y57A10A.13	ZC15.5	17.834	3.84672412747291	0	0
Y57A10A.13	ZC155.2	16.368	54.2899646084201	0	0
Y57A10A.13	ZC155.4	22.606	7.44307418467601	0	0
Y57A10A.13	ZC168.2	24.756	1.3295170082663	0	0
Y57A10A.13	ZC190.10	19.46	10.2375895473077	0	0
Y57A10A.13	ZC190.2	16.29	2.09842414182163	0	0
Y57A10A.13	ZC190.4	9.484	3.34730766265105	0	0
Y57A10A.13	ZC190.5	21.192	2.23093156920987	0	0
Y57A10A.13	ZC190.6	23.804	1.18173647711567	0	0
Y57A10A.13	ZC190.7	11.076	9.13837120162017	0	0
Y57A10A.13	ZC190.8	16.71	7.35416879331649	0	0
Y57A10A.13	ZC196.2	20.288	20.3722928559078	0	0
Y57A10A.13	ZC196.3	7.806	2.70180401259832	0	0
Y57A10A.13	ZC196.4	20.152	2.56541099856919	0	0
Y57A10A.13	ZC196.5	19.246	21.9457594261452	0	0
Y57A10A.13	ZC196.8	20.338	1.33907806636832	0	0
Y57A10A.13	ZC196.9	22.592	7.86379881911928	0	0
Y57A10A.13	ZC204.12	18.568	3.2390759660383	0	0
Y57A10A.13	ZC204.13	16.846	6.2163185997929	0	0
Y57A10A.13	ZC204.14	20.112	15.5229003923523	0	0
Y57A10A.13	ZC204.17	22.824	31.6302673022881	0	0
Y57A10A.13	ZC204.6	16.676	17.54325755647	0	0
Y57A10A.13	ZC21.10	16.008	3.42508898900579	0	0
Y57A10A.13	ZC21.3	17.328	4.78443932594164	0	0
Y57A10A.13	ZC21.6	18.868	5.58493046222733	0	0
Y57A10A.13	ZC21.8	10.718	3.0486731693324	0	0
Y57A10A.13	ZC239.13	12.872	13.3402316905427	0	0
Y57A10A.13	ZC239.14	27.052	2.51522618869264	0	0
Y57A10A.13	ZC239.15	3.89	4.91802737010514	1	1
Y57A10A.13	ZC239.16	10.538	1.79974934704437	0	0
Y57A10A.13	ZC239.17	8.77	8.23707936624014	0	0
Y57A10A.13	ZC239.20	24.136	4.91056124053186	0	0
Y57A10A.13	ZC239.21	24.44	10.3917918375124	0	0
Y57A10A.13	ZC239.22	15.62	6.16909726540035	0	0
Y57A10A.13	ZC239.3	19.406	22.5806486891623	0	0
Y57A10A.13	ZC239.4	26.808	6.29289874807553	0	0
Y57A10A.13	ZC239.5	12.592	3.43163196335613	0	0
Y57A10A.13	ZC239.6	22.728	2.60937989295704	0	0
Y57A10A.13	ZC247.2	19.164	2.67618714528996	0	0
Y57A10A.13	ZC250.2	17.2	2.58017727389761	0	0
Y57A10A.13	ZC250.4	22.21	4.0805205766143	0	0
Y57A10A.13	ZC250.5	23.632	7.0287950740222	0	0
Y57A10A.13	ZC262.1	11.106	80.6671520344104	0	0
Y57A10A.13	ZC262.13	23.046	6.05467399357217	0	0
Y57A10A.13	ZC262.2	19.28	2.5095374280919	0	0
Y57A10A.13	ZC262.4	21.034	7.74254471156303	0	0
Y57A10A.13	ZC262.5	18.806	19.1504912161818	0	0
Y57A10A.13	ZC262.7	24.654	13.8998788370563	0	0
Y57A10A.13	ZC266.1	10.08	0.781151574802757	0	0
Y57A10A.13	ZC302.3	27.034	4.986074788768	0	0
Y57A10A.13	ZC308.4	21.896	2.59008186424044	0	0
Y57A10A.13	ZC317.2	9.646	8.47199526937471	0	0
Y57A10A.13	ZC317.6	21.338	3.24779806612392	0	0
Y57A10A.13	ZC317.7	15.192	2.44277549848554	0	0
Y57A10A.13	ZC328.3	21.63	10.4533085563664	0	0
Y57A10A.13	ZC328.5	19.368	3.32741251881831	0	0
Y57A10A.13	ZC328.8	12.454	34.5149010751542	0	0
Y57A10A.13	ZC334.12	16.14	9.85324928325864	0	0
Y57A10A.13	ZC334.13	22.332	12.1723552297805	0	0
Y57A10A.13	ZC334.7	18.744	17.5204551033569	0	0
Y57A10A.13	ZC373.2	20.914	16.3470401255696	0	0
Y57A10A.13	ZC373.3	23.852	1.72286580379282	0	0
Y57A10A.13	ZC373.5	18.418	2.97245571710418	0	0
Y57A10A.13	ZC374.2	24.142	12.1094015698079	0	0
Y57A10A.13	ZC376.8	8.402	4.08012261100992	0	0
Y57A10A.13	ZC395.11	12.36	4.46562366334323	0	0
Y57A10A.13	ZC395.4	24.51	6.02261780680749	0	0
Y57A10A.13	ZC395.5	10.312	2.15797999157504	0	0
Y57A10A.13	ZC404.1	28.386	4.99412325824397	0	0
Y57A10A.13	ZC404.15	15.092	4.69920341171311	0	0
Y57A10A.13	ZC404.16	13.328	7.96368561556901	0	0
Y57A10A.13	ZC404.2	8.506	10.8132108018639	0	0
Y57A10A.13	ZC412.10	27.042	2.6327491746591	0	0
Y57A10A.13	ZC412.3	23.246	9.04407957895195	0	0
Y57A10A.13	ZC412.5	15.554	33.2437820391659	0	0
Y57A10A.13	ZC416.2	10.444	11.1016129546276	0	0
Y57A10A.13	ZC434.10	26.18	2.8911443040743	0	0
Y57A10A.13	ZC434.3	27.496	3.65336681962643	0	0
Y57A10A.13	ZC434.4	27.74	3.22623684058346	0	0
Y57A10A.13	ZC434.8	27.85	2.7604946597626	0	0
Y57A10A.13	ZC434.9	21.966	8.98546710480677	0	0
Y57A10A.13	ZC443.1	24.236	7.29464843261449	0	0
Y57A10A.13	ZC443.2	26.476	3.56818097976574	0	0
Y57A10A.13	ZC443.3	24.198	1.11249907426697	0	0
Y57A10A.13	ZC443.4	20.578	10.3887432869878	0	0
Y57A10A.13	ZC443.7	21.04	8.740014863096	0	0
Y57A10A.13	ZC449.1	4.89	2.85933158570748	1	1
Y57A10A.13	ZC449.2	21.274	10.2293702301888	0	0
Y57A10A.13	ZC449.4	20.214	10.6942829367053	0	0
Y57A10A.13	ZC449.5	17.388	6.5783300194361	0	0
Y57A10A.13	ZC449.7	21.126	15.1950852274509	0	0
Y57A10A.13	ZC449.8	9.776	3.68433418883023	0	0
Y57A10A.13	ZC455.1	16.21	5.34645438856601	0	0
Y57A10A.13	ZC477.2	25.25	3.76477255631002	0	0
Y57A10A.13	ZC477.3	25.34	3.12009730886219	0	0
Y57A10A.13	ZC477.4	14.348	9.01957799520417	0	0
Y57A10A.13	ZC477.7	26.132	1.62295589534057	0	0
Y57A10A.13	ZC487.1	21.196	13.6914462087269	0	0
Y57A10A.13	ZC487.2	3.668	2.36417485154622	1	1
Y57A10A.13	ZC504.1	10.028	2.29509497013598	0	0
Y57A10A.13	ZC506.1	27.546	2.50234786562473	0	0
Y57A10A.13	ZC513.14	17.82	0.74129319941767	0	0
Y57A10A.13	ZC513.2	21.348	10.9587316163317	0	0
Y57A10A.13	ZC513.3	23.556	5.97478190144043	0	0
Y57A10A.13	ZC518.8	9.074	25.8820568988246	0	0
Y57A10A.13	ZC53.1	18.474	13.5743426856959	0	0
Y57A10A.13	ZC53.2	22.152	12.4161740490056	0	0
Y57A10A.13	ZC53.22	7.088	3.30930338965534	0	0
Y57A10A.13	ZC581.10	12.056	4.04340640494026	0	0
Y57A10A.13	ZC581.2	24.944	3.74658442550514	0	0
Y57A10A.13	ZC581.3	18.086	2.39310161609008	0	0
Y57A10A.13	ZC581.7	24.258	2.04532615074891	0	0
Y57A10A.13	ZC581.9	23.184	11.6506984339143	0	0
Y57A10A.13	ZC8.6	21.71	5.20640116110356	0	0
Y57A10A.13	ZC84.1	25.898	4.14433027138795	0	0
Y57A10A.13	ZC84.6	26.752	5.20845703887263	0	0
Y57A10A.13	ZC84.7	20.66	5.09138078721676	0	0
Y57A10A.13	ZK1010.10	12.134	7.81634707393996	0	0
Y57A10A.13	ZK1010.12	26.434	5.23072334252584	0	0
Y57A10A.13	ZK1010.2	22.104	3.78708003663112	0	0
Y57A10A.13	ZK1010.4	10.268	2.95430448961952	0	0
Y57A10A.13	ZK1010.5	25.066	2.23010893459228	0	0
Y57A10A.13	ZK1010.8	26.4	1.92847303959968	0	0
Y57A10A.13	ZK1025.2	26.002	3.57751626430685	0	0
Y57A10A.13	ZK1025.3	19.118	7.92005717584389	0	0
Y57A10A.13	ZK1025.4	22.432	22.7619221077344	0	0
Y57A10A.13	ZK1037.6	25.974	7.77918024802293	0	0
Y57A10A.13	ZK105.1	22.024	3.71622762549116	0	0
Y57A10A.13	ZK105.11	25.432	8.64266923430881	0	0
Y57A10A.13	ZK105.12	21.78	1.11050382207969	0	0
Y57A10A.13	ZK105.13	23.468	10.9652244277252	0	0
Y57A10A.13	ZK105.14	22.204	5.49419170365389	0	0
Y57A10A.13	ZK105.3	19.276	5.03638769126729	0	0
Y57A10A.13	ZK105.5	24.746	10.2607287087758	0	0
Y57A10A.13	ZK105.6	18.61	5.82245540497129	0	0
Y57A10A.13	ZK105.8	20.654	7.43529347671472	0	0
Y57A10A.13	ZK1053.1	25.88	2.19211071420098	0	0
Y57A10A.13	ZK1053.2	22.012	6.6652139336637	0	0
Y57A10A.13	ZK1053.3	24.43	5.79802229720484	0	0
Y57A10A.13	ZK1053.4	24.5	5.35884326755138	0	0
Y57A10A.13	ZK1053.6	13.478	3.33027227008054	0	0
Y57A10A.13	ZK1055.2	20.964	4.46653936904192	0	0
Y57A10A.13	ZK1055.4	22.572	1.96571127651515	0	0
Y57A10A.13	ZK1055.6	22.962	7.08794942017846	0	0
Y57A10A.13	ZK1055.7	19.59	11.9912994928019	0	0
Y57A10A.13	ZK1058.3	23.294	4.54694241124315	0	0
Y57A10A.13	ZK1058.9	26.226	3.62803442333182	0	0
Y57A10A.13	ZK1067.3	15.004	3.3585355592986	0	0
Y57A10A.13	ZK1067.4	19.228	1.98291127294109	0	0
Y57A10A.13	ZK1073.1	20.544	12.4894339010688	0	0
Y57A10A.13	ZK1073.2	17.598	9.08265024094766	0	0
Y57A10A.13	ZK1086.2	19.97	12.2915277745027	0	0
Y57A10A.13	ZK1086.3	20.76	11.1337863690435	0	0
Y57A10A.13	ZK1098.1	21.598	16.5895190572331	0	0
Y57A10A.13	ZK1098.11	27.326	4.11216551564851	0	0
Y57A10A.13	ZK1098.12	17.884	9.95700364763901	0	0
Y57A10A.13	ZK1098.2	24.818	4.31829148658247	0	0
Y57A10A.13	ZK1098.3	22.534	2.50635991934144	0	0
Y57A10A.13	ZK1098.4	26.658	3.82333706925089	0	0
Y57A10A.13	ZK1098.6	16.64	22.5316502100297	0	0
Y57A10A.13	ZK1098.9	7.008	3.11059967886728	0	0
Y57A10A.13	ZK112.4	23.972	4.66880141432548	0	0
Y57A10A.13	ZK112.5	23.15	4.57536850827391	0	0
Y57A10A.13	ZK112.6	17.188	8.02911029541528	0	0
Y57A10A.13	ZK1127.12	24.644	16.3786109446571	0	0
Y57A10A.13	ZK1127.13	26.522	4.89073179442659	0	0
Y57A10A.13	ZK1127.3	28.666	2.03478817942778	0	0
Y57A10A.13	ZK1127.4	14.896	7.04097173745622	0	0
Y57A10A.13	ZK1127.5	20.6	6.74285649239746	0	0
Y57A10A.13	ZK1128.1	22.7	16.5370541567005	0	0
Y57A10A.13	ZK1128.3	23.398	3.04367334892203	0	0
Y57A10A.13	ZK1128.7	13.272	25.4002633989102	0	0
Y57A10A.13	ZK1193.2	8.894	3.38017389501257	0	0
Y57A10A.13	ZK121.2	13.716	11.0387669638355	0	0
Y57A10A.13	ZK1225.1	26.434	1.5135809468984	0	0
Y57A10A.13	ZK1225.2	25.632	3.60622822705234	0	0
Y57A10A.13	ZK1225.4	26.994	1.89594344282705	0	0
Y57A10A.13	ZK1225.5	28.454	1.3716692219214	0	0
Y57A10A.13	ZK1236.1	23.168	8.87376773907527	0	0
Y57A10A.13	ZK1236.5	16.992	38.756701402652	0	0
Y57A10A.13	ZK1236.9	17.198	17.9026581807099	0	0
Y57A10A.13	ZK1240.1	20.192	4.21008317213916	0	0
Y57A10A.13	ZK1240.11	22.174	10.9193929722841	0	0
Y57A10A.13	ZK1240.2	27.346	1.21850232009943	0	0
Y57A10A.13	ZK1240.3	26.118	2.44433759329696	0	0
Y57A10A.13	ZK1240.5	28.978	2.18463654430779	0	0
Y57A10A.13	ZK1240.6	25.442	4.0366151179011	0	0
Y57A10A.13	ZK1240.8	28.782	2.7110736706528	0	0
Y57A10A.13	ZK1240.9	26.636	4.43379965256151	0	0
Y57A10A.13	ZK1248.11	22.33	14.4205494573115	0	0
Y57A10A.13	ZK1248.15	18.434	6.28436684876114	0	0
Y57A10A.13	ZK1248.17	13.502	7.8662894214442	0	0
Y57A10A.13	ZK1248.19	18.062	7.52996621948812	0	0
Y57A10A.13	ZK1248.20	23.484	5.3010628621075	0	0
Y57A10A.13	ZK1248.5	16.654	3.39658788881642	0	0
Y57A10A.13	ZK1251.3	4.364	1.10609701064594	1	1
Y57A10A.13	ZK1290.1	25.152	8.18264407240781	0	0
Y57A10A.13	ZK1290.10	13.98	23.4845948267113	0	0
Y57A10A.13	ZK1290.11	16.99	4.71930813075953	0	0
Y57A10A.13	ZK1290.13	23.688	7.25414806105503	0	0
Y57A10A.13	ZK1290.14	18.708	3.74408123339721	0	0
Y57A10A.13	ZK1290.15	20.554	20.2729538125673	0	0
Y57A10A.13	ZK1290.5	20.302	1.86829864300862	0	0
Y57A10A.13	ZK1290.7	24.448	2.76473164711249	0	0
Y57A10A.13	ZK1307.1	17.178	5.55118592364772	0	0
Y57A10A.13	ZK1307.2	5.24	10.0277134774196	0	0
Y57A10A.13	ZK1307.3	20.49	2.10849239406812	0	0
Y57A10A.13	ZK1307.4	25.212	6.51833237883307	0	0
Y57A10A.13	ZK1307.7	4.872	10.3214657233842	0	0
Y57A10A.13	ZK1307.8	21.638	11.1305428988936	0	0
Y57A10A.13	ZK1307.9	26.484	2.42694417817007	0	0
Y57A10A.13	ZK131.11	17.944	6.54317973801035	0	0
Y57A10A.13	ZK1320.11	24.786	8.83252827565212	0	0
Y57A10A.13	ZK1320.13	16.932	9.45928436280195	0	0
Y57A10A.13	ZK1320.2	22.3	9.991500339205	0	0
Y57A10A.13	ZK1320.3	22.372	2.97731798715861	0	0
Y57A10A.13	ZK1320.5	20.534	3.3066713733535	0	0
Y57A10A.13	ZK1320.7	26.154	1.66675959836305	0	0
Y57A10A.13	ZK1320.9	26.528	2.5976632962839	0	0
Y57A10A.13	ZK1321.1	25.166	6.73270437755612	0	0
Y57A10A.13	ZK1321.4	13.27	13.6448882373295	0	0
Y57A10A.13	ZK154.1	27.166	5.50203899386462	0	0
Y57A10A.13	ZK154.4	14.934	6.8137190906237	0	0
Y57A10A.13	ZK154.5	26.164	3.24250505839993	0	0
Y57A10A.13	ZK154.6	19.834	12.3004853154975	0	0
Y57A10A.13	ZK177.1	23.004	2.88066791170326	0	0
Y57A10A.13	ZK177.11	22.094	26.9835956092652	0	0
Y57A10A.13	ZK177.12	12.72	2.30145930319252	0	0
Y57A10A.13	ZK177.2	17.786	5.646748132536	0	0
Y57A10A.13	ZK177.3	20.878	5.26014073908199	0	0
Y57A10A.13	ZK177.9	25.964	3.59558508367159	0	0
Y57A10A.13	ZK180.5	16.982	7.48805213004077	0	0
Y57A10A.13	ZK180.6	14.268	22.6151891793511	0	0
Y57A10A.13	ZK180.7	26.026	17.9085231536392	0	0
Y57A10A.13	ZK180.8	18.548	10.2454937520898	0	0
Y57A10A.13	ZK185.1	22.108	11.5589337792088	0	0
Y57A10A.13	ZK185.2	18.106	20.578446040498	0	0
Y57A10A.13	ZK185.3	23.224	3.46759216117413	0	0
Y57A10A.13	ZK185.4	14.464	5.41891637349243	0	0
Y57A10A.13	ZK185.5	22.834	4.22945428642102	0	0
Y57A10A.13	ZK218.1	21.632	2.77778756051963	0	0
Y57A10A.13	ZK218.11	26.548	2.0613173197072	0	0
Y57A10A.13	ZK218.3	24.35	4.07109758357599	0	0
Y57A10A.13	ZK218.4	22.25	2.78633562295753	0	0
Y57A10A.13	ZK218.5	27.172	2.84969474343808	0	0
Y57A10A.13	ZK218.7	26.306	2.21766172554106	0	0
Y57A10A.13	ZK228.1	25.352	1.56401772204729	0	0
Y57A10A.13	ZK228.10	25.264	7.74213467264803	0	0
Y57A10A.13	ZK228.13	21.19	5.63466222051885	0	0
Y57A10A.13	ZK228.3	21.532	4.28737518427174	0	0
Y57A10A.13	ZK228.4	19.606	11.1239340246765	0	0
Y57A10A.13	ZK250.13	27.21	3.25989516523876	0	0
Y57A10A.13	ZK250.14	28.038	2.36814473713568	0	0
Y57A10A.13	ZK250.2	18.962	19.6029875944602	0	0
Y57A10A.13	ZK262.19	13.276	2.86557670030156	0	0
Y57A10A.13	ZK262.2	10.784	3.40181257957113	0	0
Y57A10A.13	ZK262.20	16.644	35.0916439371112	0	0
Y57A10A.13	ZK262.3	19.52	4.13692156418492	0	0
Y57A10A.13	ZK262.4	17.61	8.6150992627633	0	0
Y57A10A.13	ZK262.8	23.114	19.1710878846274	0	0
Y57A10A.13	ZK262.9	22.688	16.4105270639203	0	0
Y57A10A.13	ZK265.7	17.812	11.2967685235048	0	0
Y57A10A.13	ZK285.2	10.808	27.2420425188715	0	0
Y57A10A.13	ZK287.1	21.822	8.46977761585888	0	0
Y57A10A.13	ZK287.4	22.924	3.01114686527454	0	0
Y57A10A.13	ZK287.7	22.352	3.73808051300376	0	0
Y57A10A.13	ZK287.9	21.154	13.6051118687951	0	0
Y57A10A.13	ZK328.6	24.658	5.54173445405595	0	0
Y57A10A.13	ZK353.10	9.172	3.8037934458693	0	0
Y57A10A.13	ZK353.2	21.228	4.85464266959614	0	0
Y57A10A.13	ZK353.3	20.834	7.23094909416953	0	0
Y57A10A.13	ZK353.4	18.456	3.89092233897032	0	0
Y57A10A.13	ZK353.9	16.002	25.0349042059269	0	0
Y57A10A.13	ZK354.2	22.742	10.5676896305514	0	0
Y57A10A.13	ZK354.3	16.322	2.77580764560441	0	0
Y57A10A.13	ZK354.6	20.802	7.35799917851712	0	0
Y57A10A.13	ZK354.7	17.996	2.08383344413985	0	0
Y57A10A.13	ZK354.8	15.566	13.5967261642358	0	0
Y57A10A.13	ZK354.9	18.728	1.81954211793968	0	0
Y57A10A.13	ZK355.2	19.124	29.2205471432529	0	0
Y57A10A.13	ZK355.3	20.426	17.4535926113087	0	0
Y57A10A.13	ZK355.8	18.202	25.2978935050603	0	0
Y57A10A.13	ZK370.4	26.004	6.54726590961182	0	0
Y57A10A.13	ZK370.6	19.786	2.42137315713898	0	0
Y57A10A.13	ZK377.15	5.09	6.09195745921951	0	0
Y57A10A.13	ZK380.2	28.464	2.18746326093544	0	0
Y57A10A.13	ZK380.4	19.554	3.98511628861589	0	0
Y57A10A.13	ZK380.6	11.052	7.06316998941508	0	0
Y57A10A.13	ZK381.2	21.748	3.60291694804819	0	0
Y57A10A.13	ZK381.62	5.502	18.1522028148629	0	0
Y57A10A.13	ZK381.8	22.214	4.91152142916936	0	0
Y57A10A.13	ZK39.10	23.756	3.29611963679099	0	0
Y57A10A.13	ZK402.1	13.464	3.05943495821876	0	0
Y57A10A.13	ZK402.2	13.866	11.4912061237941	0	0
Y57A10A.13	ZK402.5	18.796	4.79159160982751	0	0
Y57A10A.13	ZK418.10	20.952	4.5473923581123	0	0
Y57A10A.13	ZK418.11	22.65	7.40860690030103	0	0
Y57A10A.13	ZK418.13	18.612	8.51371425721348	0	0
Y57A10A.13	ZK418.2	26.464	9.34614610727152	0	0
Y57A10A.13	ZK418.5	20.368	9.76093450495914	0	0
Y57A10A.13	ZK418.6	19.768	17.8104502336511	0	0
Y57A10A.13	ZK418.7	13.462	1.75895890007468	0	0
Y57A10A.13	ZK430.5	24.49	7.48703855267386	0	0
Y57A10A.13	ZK470.1	27.202	2.46242311674719	0	0
Y57A10A.13	ZK470.14	14.166	29.240655673973	0	0
Y57A10A.13	ZK470.2	14.072	9.50618768520883	0	0
Y57A10A.13	ZK470.4	19.142	8.6993193433028	0	0
Y57A10A.13	ZK470.6	18.576	3.69346285899479	0	0
Y57A10A.13	ZK484.3	14.38	2.15184262124698	0	0
Y57A10A.13	ZK484.6	21.38	3.84049030598921	0	0
Y57A10A.13	ZK484.7	24.064	9.96593872292568	0	0
Y57A10A.13	ZK488.5	18.902	45.4634361729806	0	0
Y57A10A.13	ZK488.6	17.74	49.4813067822967	0	0
Y57A10A.13	ZK507.1	21.844	24.599742337234	0	0
Y57A10A.13	ZK507.3	12.83	2.08632249638725	0	0
Y57A10A.13	ZK512.1	24.352	1.31739270333691	0	0
Y57A10A.13	ZK512.10	21.726	11.7461378480309	0	0
Y57A10A.13	ZK512.11	8.084	1.75507460639649	0	0
Y57A10A.13	ZK512.2	25.724	11.3691460030631	0	0
Y57A10A.13	ZK512.4	26.43	7.6595756508882	0	0
Y57A10A.13	ZK512.7	22.128	6.82261650917697	0	0
Y57A10A.13	ZK512.8	15.362	18.4529577830261	0	0
Y57A10A.13	ZK524.4	19.034	6.09714222608365	0	0
Y57A10A.13	ZK54.3	14.636	18.8106787711294	0	0
Y57A10A.13	ZK546.19	14.008	9.63065846328979	0	0
Y57A10A.13	ZK546.2	26.658	1.84123348149905	0	0
Y57A10A.13	ZK546.4	21.132	14.2843203285124	0	0
Y57A10A.13	ZK546.5	22.814	7.57974317863655	0	0
Y57A10A.13	ZK550.6	20.022	7.71917026657056	0	0
Y57A10A.13	ZK563.2	17.6	1.13423095327711	0	0
Y57A10A.13	ZK563.7	17.352	36.049419990409	0	0
Y57A10A.13	ZK593.2	18.894	16.0806035998655	0	0
Y57A10A.13	ZK593.3	17.774	3.41478091839747	0	0
Y57A10A.13	ZK596.2	17.856	19.3454733445958	0	0
Y57A10A.13	ZK596.3	21.504	3.43895718701983	0	0
Y57A10A.13	ZK6.6	26.304	2.55600579129816	0	0
Y57A10A.13	ZK6.8	22.318	1.95704028974769	0	0
Y57A10A.13	ZK616.1	26.154	4.60749242057475	0	0
Y57A10A.13	ZK616.2	23.268	6.72837119099456	0	0
Y57A10A.13	ZK616.3	23.718	12.3384187033122	0	0
Y57A10A.13	ZK616.5	19.5	7.88743956091502	0	0
Y57A10A.13	ZK616.61	21.082	3.05596843080449	0	0
Y57A10A.13	ZK616.65	16.3	5.0441238751152	0	0
Y57A10A.13	ZK616.8	21.478	5.25175356573672	0	0
Y57A10A.13	ZK617.26	3.714	12.78958705247	0	0
Y57A10A.13	ZK622.1	24.7	8.49686560287674	0	0
Y57A10A.13	ZK622.4	22.072	0.715925091523318	0	0
Y57A10A.13	ZK622.5	15.114	11.9385461447221	0	0
Y57A10A.13	ZK632.10	5.752	2.85245400584057	0	0
Y57A10A.13	ZK632.11	26.892	6.63046548150591	0	0
Y57A10A.13	ZK632.12	25.602	6.57043316517225	0	0
Y57A10A.13	ZK632.14	20.844	0.774026838408874	0	0
Y57A10A.13	ZK632.2	22.978	2.69356118887996	0	0
Y57A10A.13	ZK632.4	18.756	3.18731435109596	0	0
Y57A10A.13	ZK632.5	28.344	5.53665243095542	0	0
Y57A10A.13	ZK632.9	8.45	5.87738108489421	0	0
Y57A10A.13	ZK637.12	22.348	16.7433343869986	0	0
Y57A10A.13	ZK637.14	25.198	8.2797416955824	0	0
Y57A10A.13	ZK637.15	21.638	22.7027450499255	0	0
Y57A10A.13	ZK637.4	19.63	4.76509230864738	0	0
Y57A10A.13	ZK643.2	21.992	15.3849033535539	0	0
Y57A10A.13	ZK643.5	18.67	11.7173846281525	0	0
Y57A10A.13	ZK643.6	26.62	3.08027615187201	0	0
Y57A10A.13	ZK643.7	19.216	3.83944229913512	0	0
Y57A10A.13	ZK652.6	24.626	8.56484026977267	0	0
Y57A10A.13	ZK652.8	25.762	3.68416806770317	0	0
Y57A10A.13	ZK662.2	9.334	7.24514445715837	0	0
Y57A10A.13	ZK662.5	14.372	1.50153655791847	0	0
Y57A10A.13	ZK662.6	26.302	0.479714403333205	0	0
Y57A10A.13	ZK666.1	23.524	1.66511399803658	0	0
Y57A10A.13	ZK666.11	14.498	24.8221673832722	0	0
Y57A10A.13	ZK666.12	8.1	11.5944265499989	0	0
Y57A10A.13	ZK666.14	21.79	3.72381143186798	0	0
Y57A10A.13	ZK666.15	19.75	9.61232184714297	0	0
Y57A10A.13	ZK666.2	14.416	7.68141439378374	0	0
Y57A10A.13	ZK666.4	26.03	9.12992918121151	0	0
Y57A10A.13	ZK666.8	15.49	45.5525243741297	0	0
Y57A10A.13	ZK669.2	27.694	0.693441402998935	0	0
Y57A10A.13	ZK669.3	25.75	4.27281542367908	0	0
Y57A10A.13	ZK669.5	12.304	7.8472089155525	0	0
Y57A10A.13	ZK673.1	21.252	1.79745324845674	0	0
Y57A10A.13	ZK673.11	14.09	4.26602098712526	0	0
Y57A10A.13	ZK673.2	25.864	2.00839635762904	0	0
Y57A10A.13	ZK673.4	23.428	13.4191498132137	0	0
Y57A10A.13	ZK673.5	26.324	5.10086198013942	0	0
Y57A10A.13	ZK673.6	23.434	13.6809723660254	0	0
Y57A10A.13	ZK675.4	26.468	3.36672984091856	0	0
Y57A10A.13	ZK682.7	25.492	6.39611194409762	0	0
Y57A10A.13	ZK686.1	19.856	6.81921652634839	0	0
Y57A10A.13	ZK686.2	19.866	21.9850999673801	0	0
Y57A10A.13	ZK686.3	21.396	5.01626481295497	0	0
Y57A10A.13	ZK686.5	12.512	5.72760537022177	0	0
Y57A10A.13	ZK686.6	16.426	2.08576432069201	0	0
Y57A10A.13	ZK688.1	22.174	18.5189911640691	0	0
Y57A10A.13	ZK688.10	22.652	0.849972236329311	0	0
Y57A10A.13	ZK688.11	16.396	3.61869456528317	0	0
Y57A10A.13	ZK688.12	21.916	2.48699788455903	0	0
Y57A10A.13	ZK688.4	17.238	20.5181304252643	0	0
Y57A10A.13	ZK688.5	23.476	7.02616948865959	0	0
Y57A10A.13	ZK688.7	13.388	9.55691935518769	0	0
Y57A10A.13	ZK697.1	23.428	1.2272661432861	0	0
Y57A10A.13	ZK697.14	22.95	12.5496247735951	0	0
Y57A10A.13	ZK697.8	26.062	7.67066921453703	0	0
Y57A10A.13	ZK721.3	19.666	15.4918855305296	0	0
Y57A10A.13	ZK721.4	21.83	3.00683303426002	0	0
Y57A10A.13	ZK742.3	25.026	3.5020788764996	0	0
Y57A10A.13	ZK742.4	21.302	8.35993838253325	0	0
Y57A10A.13	ZK742.6	15.892	9.8386612158355	0	0
Y57A10A.13	ZK742.7	15.742	7.26991480829134	0	0
Y57A10A.13	ZK757.1	13.698	1.7386451331995	0	0
Y57A10A.13	ZK757.10	24.502	1.47079750587987	0	0
Y57A10A.13	ZK757.2	16.99	12.8490863996504	0	0
Y57A10A.13	ZK783.7	13.372	5.11961389955901	0	0
Y57A10A.13	ZK792.1	22.858	3.68336765540378	0	0
Y57A10A.13	ZK792.12	10.916	4.17779629041837	0	0
Y57A10A.13	ZK792.4	16.072	3.27451091014439	0	0
Y57A10A.13	ZK792.5	9.658	5.44817123971214	0	0
Y57A10A.13	ZK792.7	22.978	21.8920915567274	0	0
Y57A10A.13	ZK795.2	24.274	10.6019407837299	0	0
Y57A10A.13	ZK795.3	23.56	9.48905228851436	0	0
Y57A10A.13	ZK809.1	18.394	44.0798815041291	0	0
Y57A10A.13	ZK809.5	21.268	16.3145210025621	0	0
Y57A10A.13	ZK809.8	23.286	1.94997199652537	0	0
Y57A10A.13	ZK809.9	10.696	5.12405888817284	0	0
Y57A10A.13	ZK813.1	12.316	4.90361159265107	0	0
Y57A10A.13	ZK813.2	10.956	3.57114268845002	0	0
Y57A10A.13	ZK813.3	13.914	18.9617542928642	0	0
Y57A10A.13	ZK813.4	17.108	1.21166743329864	0	0
Y57A10A.13	ZK813.5	19.18	1.69387171478031	0	0
Y57A10A.13	ZK813.6	25.546	1.30377184636415	0	0
Y57A10A.13	ZK813.7	14.22	20.4259168211102	0	0
Y57A10A.13	ZK816.1	26.984	2.2714475315005	0	0
Y57A10A.13	ZK816.3	12.718	9.07410803411593	0	0
Y57A10A.13	ZK822.1	16.838	40.8979753652889	0	0
Y57A10A.13	ZK822.10	21.072	2.0246678999224	0	0
Y57A10A.13	ZK822.9	10.392	19.7882730479896	0	0
Y57A10A.13	ZK829.1	26.5	6.25522209747872	0	0
Y57A10A.13	ZK829.3	20.272	3.26493965574743	0	0
Y57A10A.13	ZK829.7	22.344	6.35159541327917	0	0
Y57A10A.13	ZK829.9	23.176	1.16563732967822	0	0
Y57A10A.13	ZK836.3	10.144	30.7885674008487	0	0
Y57A10A.13	ZK84.1	20.508	3.45955592570398	0	0
Y57A10A.13	ZK84.2	21.4	4.067971055151	0	0
Y57A10A.13	ZK84.4	14.842	22.942092335627	0	0
Y57A10A.13	ZK84.5	14.28	8.08088052479084	0	0
Y57A10A.13	ZK849.1	24.546	2.7118167795856	0	0
Y57A10A.13	ZK849.6	18.624	4.00635426250758	0	0
Y57A10A.13	ZK856.11	17.32	8.47157268137959	0	0
Y57A10A.13	ZK856.14	19.494	3.15900549461094	0	0
Y57A10A.13	ZK856.16	19.694	11.339662243968	0	0
Y57A10A.13	ZK856.18	24.506	18.2238223878346	0	0
Y57A10A.13	ZK856.19	5.848	17.3010564838092	0	0
Y57A10A.13	ZK856.4	26.112	6.89941142593356	0	0
Y57A10A.13	ZK856.5	22.054	2.5320459173188	0	0
Y57A10A.13	ZK856.6	18.826	6.24973727523837	0	0
Y57A10A.13	ZK856.7	26.782	5.43159200281009	0	0
Y57A10A.13	ZK858.2	15.578	1.66988432760296	0	0
Y57A10A.13	ZK858.5	16.894	19.7107223196498	0	0
Y57A10A.13	ZK858.6	24.606	3.7719764839448	0	0
Y57A10A.13	ZK858.8	22.602	8.08933597341378	0	0
Y57A10A.13	ZK863.1	21.038	3.83037822368141	0	0
Y57A10A.13	ZK863.8	24.194	7.02018687270642	0	0
Y57A10A.13	ZK867.2	27.554	3.45841734989174	0	0
Y57A10A.13	ZK892.3	24.798	4.01777667214937	0	0
Y57A10A.13	ZK892.4	20.772	4.76899658189096	0	0
Y57A10A.13	ZK892.5	18.012	4.55140326334195	0	0
Y57A10A.13	ZK892.6	10.306	3.97506888593472	0	0
Y57A10A.13	ZK896.1	25.556	1.40856245558955	0	0
Y57A10A.13	ZK896.4	23.206	4.03719924430883	0	0
Y57A10A.13	ZK896.5	25.068	4.01810537720142	0	0
Y57A10A.13	ZK897.10	14.68	10.7422281949981	0	0
Y57A10A.13	ZK899.1	16.344	5.41640372506035	0	0
Y57A10A.13	ZK899.2	24.29	3.75453222261813	0	0
Y57A10A.13	ZK899.3	15.068	15.025620597019	0	0
Y57A10A.13	ZK899.5	20.302	7.03040173022364	0	0
Y57A10A.13	ZK899.6	18.452	10.0145381098347	0	0
Y57A10A.13	ZK899.7	19.058	7.22005362454463	0	0
Y57A10A.13	ZK909.3	10.498	2.01326715226932	0	0
Y57A10A.13	ZK909.6	13.352	15.885311836331	0	0
Y57A10A.13	ZK930.2	19.586	6.41283322680196	0	0
Y57A10A.13	ZK930.4	16.734	11.241015317078	0	0
Y57A10A.13	ZK930.6	28.37	1.64444745088888	0	0
Y57A10A.13	ZK930.7	23.268	7.07455531159524	0	0
Y57A10A.13	ZK938.1	18.59	10.093560064642	0	0
Y57A10A.13	ZK938.10	16.05	3.85211026657934	0	0
Y57A10A.13	ZK938.11	21.7	16.8898567154848	0	0
Y57A10A.13	ZK938.12	21.412	2.68802819114759	0	0
Y57A10A.13	ZK938.3	20.556	2.16621144519933	0	0
Y57A10A.13	ZK945.4	26.472	5.60835878909648	0	0
Y57A10A.13	ZK945.6	11.808	24.5217298355032	0	0
Y57A10A.13	ZK945.7	13.656	12.1280721134109	0	0
Y57A10A.13	ZK945.8	9.192	2.90634945964663	0	0
Y57A10A.13	ZK970.8	23.11	6.70530818576881	0	0
Y57A10A.13	ZK971.1	20.922	6.55513989354157	0	0
Y57A10A.13	ZK973.1	25.266	7.40487963080024	0	0
Y57A10A.13	ZK973.11	22.248	20.6421648460599	0	0
Y57A10A.13	ZK973.4	10.25	14.9706037553441	0	0
Y57A10A.13	ZK973.8	15.972	3.25310777582822	0	0
Y57A10A.13	ZK973.9	17.928	6.12593547023803	0	0
Y57A10A.13	ZK993.2	27.622	2.36089815432783	0	0
Y57A10A.13	ZK993.5	27.72	6.11288266248065	0	0
Y57A10A.13	ZK994.6	20.092	14.7027936831829	0	0
Y57A10A.13	aagr-1	23.092	1.56000361048606	0	0
Y57A10A.13	aagr-2	22.842	5.69223015623375	0	0
Y57A10A.13	aagr-3	25.04	5.27315362368795	0	0
Y57A10A.13	aagr-4	23.982	11.6892052042791	0	0
Y57A10A.13	aaim-1	18.752	6.75509933394096	0	0
Y57A10A.13	aak-1	23.842	4.49809780347856	0	0
Y57A10A.13	aak-2	22.368	25.6828825370614	0	0
Y57A10A.13	aakb-1	18.962	2.72104796487632	0	0
Y57A10A.13	aakb-2	21.52	2.33523945377711	0	0
Y57A10A.13	aakg-1	21.122	18.6015057922349	0	0
Y57A10A.13	aakg-2	10.666	1.49510467936814	0	0
Y57A10A.13	aakg-3	21.238	2.58892710842131	0	0
Y57A10A.13	aakg-4	12.932	3.56227513234233	0	0
Y57A10A.13	aakg-5	21.818	7.21916663240184	0	0
Y57A10A.13	aap-1	24.54	5.57274881175623	0	0
Y57A10A.13	aars-1	26.702	3.59195790904467	0	0
Y57A10A.13	aars-2	25.688	5.96297967048664	0	0
Y57A10A.13	aass-1	22.516	2.35798420383325	0	0
Y57A10A.13	aat-1	23.746	1.35337344615545	0	0
Y57A10A.13	aat-2	20.22	8.29527391205647	0	0
Y57A10A.13	aat-3	23.288	10.1620199964841	0	0
Y57A10A.13	aat-4	21.382	2.49442190220075	0	0
Y57A10A.13	aat-5	22.11	2.44463599887473	0	0
Y57A10A.13	aat-6	21.898	8.07308118937468	0	0
Y57A10A.13	aat-7	14.654	2.65815034933542	0	0
Y57A10A.13	aat-8	17.358	5.61241063331579	0	0
Y57A10A.13	aat-9	17.28	2.12116814908695	0	0
Y57A10A.13	aatf-1	23.222	4.10004925768486	0	0
Y57A10A.13	abce-1	22.314	7.27014774664967	0	0
Y57A10A.13	abcf-1	22.316	4.62156583458923	0	0
Y57A10A.13	abcf-2	24.216	1.70078306594303	0	0
Y57A10A.13	abcf-3	9.84	63.1310268802961	0	0
Y57A10A.13	abch-1	23.52	3.41792839940764	0	0
Y57A10A.13	abcx-1	18.362	3.41244944676128	0	0
Y57A10A.13	abf-1	14.444	2.07386916361672	0	0
Y57A10A.13	abf-2	24.936	6.66498534639686	0	0
Y57A10A.13	abf-3	20.126	1.82040209541869	0	0
Y57A10A.13	abf-4	20.248	10.2134093334006	0	0
Y57A10A.13	abf-5	16.226	18.479526391503	0	0
Y57A10A.13	abf-6	6.606	1.42246563255628	0	0
Y57A10A.13	abhd-11.1	26.728	1.85536971102903	0	0
Y57A10A.13	abhd-11.2	23.278	16.4671332316583	0	0
Y57A10A.13	abhd-12	23.218	2.27444841551491	0	0
Y57A10A.13	abhd-14	26.82	2.63490823923262	0	0
Y57A10A.13	abhd-3.1	21.82	7.08143855898981	0	0
Y57A10A.13	abhd-3.2	23.2	5.03803532545644	0	0
Y57A10A.13	abhd-5.1	15.12	2.41288840568184	0	0
Y57A10A.13	abhd-5.2	19.336	7.64945023749804	0	0
Y57A10A.13	abi-1	23.826	3.5193841726731	0	0
Y57A10A.13	abl-1	21.834	7.85225801384989	0	0
Y57A10A.13	abt-1	28.164	2.14241734438264	0	0
Y57A10A.13	abts-1	26.672	3.57502355536291	0	0
Y57A10A.13	abts-2	25.206	1.44646380408658	0	0
Y57A10A.13	abts-3	23.276	5.73947052427748	0	0
Y57A10A.13	abts-4	24.448	4.47234281760992	0	0
Y57A10A.13	abu-1	20.934	1.41488728847482	0	0
Y57A10A.13	abu-10	20.688	5.44297051383084	0	0
Y57A10A.13	abu-11	12.986	3.19811424054641	0	0
Y57A10A.13	abu-12	20.462	17.1904460063631	0	0
Y57A10A.13	abu-13	22.9	3.43440828605992	0	0
Y57A10A.13	abu-14	14.852	3.12360689617277	0	0
Y57A10A.13	abu-15	18.94	12.6522753997619	0	0
Y57A10A.13	abu-2	21.424	6.20242595351434	0	0
Y57A10A.13	abu-4	22.04	18.5202464612936	0	0
Y57A10A.13	abu-5	19.928	11.3424588410383	0	0
Y57A10A.13	abu-6	22.176	16.3665194383278	0	0
Y57A10A.13	abu-7	17.58	13.7629394011488	0	0
Y57A10A.13	abu-8	16.38	19.1611138458846	0	0
Y57A10A.13	acaa-2	27.702	3.10199147942544	0	0
Y57A10A.13	acbp-1	27.876	5.48927224402524	0	0
Y57A10A.13	acbp-3	10.758	2.15945753934075	0	0
Y57A10A.13	acbp-4	26.562	5.28990655178277	0	0
Y57A10A.13	acbp-5	20.186	2.21313670087682	0	0
Y57A10A.13	acbp-6	23.782	7.42496747575014	0	0
Y57A10A.13	acbp-7	13.454	1.90269273808359	0	0
Y57A10A.13	acbp-8	25.434	6.87654204045558	0	0
Y57A10A.13	acc-1	26.946	17.2585632266109	0	0
Y57A10A.13	acc-2	27.046	5.42590792054575	0	0
Y57A10A.13	acc-3	22.598	3.78622397057831	0	0
Y57A10A.13	acc-4	16.734	4.44199603965468	0	0
Y57A10A.13	acd-1	25.262	4.08910934781117	0	0
Y57A10A.13	acd-2	20.028	25.2814334011109	0	0
Y57A10A.13	acd-3	25.582	8.99678745934892	0	0
Y57A10A.13	acd-4	26.72	10.1889239768529	0	0
Y57A10A.13	acd-5	21.72	38.9274397657207	0	0
Y57A10A.13	acdh-1	23.58	2.66248374310476	0	0
Y57A10A.13	acdh-10	25.17	3.59516610946337	0	0
Y57A10A.13	acdh-11	24.81	4.24040961864971	0	0
Y57A10A.13	acdh-12	20.412	6.43473089337594	0	0
Y57A10A.13	acdh-13	23.93	3.75736931275789	0	0
Y57A10A.13	acdh-2	27.494	1.92315869128182	0	0
Y57A10A.13	acdh-3	20.228	3.95976195844753	0	0
Y57A10A.13	acdh-4	25.64	6.60555641867017	0	0
Y57A10A.13	acdh-5	24.47	5.16777792312336	0	0
Y57A10A.13	acdh-6	11.364	4.19470679140007	0	0
Y57A10A.13	acdh-7	23.328	2.39794464874122	0	0
Y57A10A.13	acdh-8	23.65	14.3706306359131	0	0
Y57A10A.13	acdh-9	24.778	4.68647542603144	0	0
Y57A10A.13	acds-10	28.29	2.07442923310304	0	0
Y57A10A.13	ace-1	25.778	7.58378295301973	0	0
Y57A10A.13	ace-2	21.34	8.04805300735826	0	0
Y57A10A.13	ace-3	23.37	3.57212394752937	0	0
Y57A10A.13	ace-4	23.174	5.18536803767952	0	0
Y57A10A.13	acer-1	23.698	2.20891719470627	0	0
Y57A10A.13	acin-1	19.394	19.2422054739177	0	0
Y57A10A.13	acl-1	21.366	1.24605906897266	0	0
Y57A10A.13	acl-11	21.332	3.02324488803066	0	0
Y57A10A.13	acl-12	22.522	0.452149884312265	0	0
Y57A10A.13	acl-13	17.362	0.829077489480317	0	0
Y57A10A.13	acl-14	12.31	2.9435696071476	0	0
Y57A10A.13	acl-2	23.318	4.44607282067264	0	0
Y57A10A.13	acl-3	23.272	1.38487749425253	0	0
Y57A10A.13	acl-4	17.274	0.406471915747183	0	0
Y57A10A.13	acl-5	16.72	2.33866205693985	0	0
Y57A10A.13	acl-6	22.292	1.54728279492497	0	0
Y57A10A.13	acl-7	24.606	5.23723375124679	0	0
Y57A10A.13	acl-8	15.438	11.3215354351427	0	0
Y57A10A.13	acl-9	21.632	7.38881817834805	0	0
Y57A10A.13	acly-1	22.636	25.5148695071923	0	0
Y57A10A.13	acly-2	5.896	1.98374376081593	0	0
Y57A10A.13	acn-1	20.81	6.24440858673533	0	0
Y57A10A.13	aco-1	27.02	2.5630332632392	0	0
Y57A10A.13	aco-2	4.092	1.36502835227458	1	1
Y57A10A.13	acox-1.1	22.84	11.8399591083511	0	0
Y57A10A.13	acox-1.2	27.346	4.09424244780292	0	0
Y57A10A.13	acox-1.3	26.78	8.48177841875223	0	0
Y57A10A.13	acox-1.4	20.24	11.4446544761048	0	0
Y57A10A.13	acox-1.5	17.868	2.48982542438313	0	0
Y57A10A.13	acox-1.6	23.22	3.37226077423336	0	0
Y57A10A.13	acox-3	26.134	1.4904926616347	0	0
Y57A10A.13	acp-1	23.156	2.00628379109091	0	0
Y57A10A.13	acp-2	26.16	5.44265190536932	0	0
Y57A10A.13	acp-3	15.278	59.0095164280533	0	0
Y57A10A.13	acp-4	19.664	2.30129293293822	0	0
Y57A10A.13	acp-5	21.034	7.28221374773421	0	0
Y57A10A.13	acp-6	23.24	3.77653770635568	0	0
Y57A10A.13	acp-7	19.288	15.7572743082453	0	0
Y57A10A.13	acr-10	26.5	4.79787243699542	0	0
Y57A10A.13	acr-11	27.404	2.94025726023357	0	0
Y57A10A.13	acr-12	21.13	1.48908023876501	0	0
Y57A10A.13	acr-14	29.014	0.608109731783813	0	0
Y57A10A.13	acr-15	21.276	17.4637119882954	0	0
Y57A10A.13	acr-16	26.644	7.17652759847272	0	0
Y57A10A.13	acr-17	22.824	22.236059085241	0	0
Y57A10A.13	acr-18	24.902	11.962644486914	0	0
Y57A10A.13	acr-19	28.206	2.35726784551288	0	0
Y57A10A.13	acr-2	28.736	1.75894450964688	0	0
Y57A10A.13	acr-20	13.148	2.80557250652453	0	0
Y57A10A.13	acr-21	27.19	8.19189090398008	0	0
Y57A10A.13	acr-23	26.136	4.74823843395718	0	0
Y57A10A.13	acr-24	27.856	2.97675343911784	0	0
Y57A10A.13	acr-25	25.718	9.51915399966001	0	0
Y57A10A.13	acr-3	25.608	5.18129897779096	0	0
Y57A10A.13	acr-5	28.264	3.75407361092518	0	0
Y57A10A.13	acr-6	26.264	1.84095345115498	0	0
Y57A10A.13	acr-7	22.696	8.86684412436993	0	0
Y57A10A.13	acr-8	6.82	2.84321399261955	0	0
Y57A10A.13	acr-9	23.354	7.90595131607658	0	0
Y57A10A.13	acs-1	24.678	5.47123988514794	0	0
Y57A10A.13	acs-10	27.31	2.85902918674901	0	0
Y57A10A.13	acs-11	24.498	8.4563418250218	0	0
Y57A10A.13	acs-12	22.772	1.82898866551383	0	0
Y57A10A.13	acs-13	19.836	28.2751845972182	0	0
Y57A10A.13	acs-14	23.516	5.03446401158338	0	0
Y57A10A.13	acs-15	23.308	1.18487316523812	0	0
Y57A10A.13	acs-16	23.304	9.44641581261175	0	0
Y57A10A.13	acs-17	24.688	2.14782345998982	0	0
Y57A10A.13	acs-18	21.888	1.64771649770102	0	0
Y57A10A.13	acs-19	12.872	2.91945692925414	0	0
Y57A10A.13	acs-2	25.704	4.24679101716727	0	0
Y57A10A.13	acs-20	24.598	2.55106494869361	0	0
Y57A10A.13	acs-21	25.79	2.16549081123586	0	0
Y57A10A.13	acs-22	23.424	3.18738195532263	0	0
Y57A10A.13	acs-24	6.742	2.24797640962125	0	0
Y57A10A.13	acs-3	20.91	3.53007916404186	0	0
Y57A10A.13	acs-4	23.716	6.27932402438486	0	0
Y57A10A.13	acs-5	21.188	3.99018648987323	0	0
Y57A10A.13	acs-6	25.608	4.19962295011013	0	0
Y57A10A.13	acs-7	24.562	4.49641456070714	0	0
Y57A10A.13	acsd-1	23.96	5.1093222543331	0	0
Y57A10A.13	act-1	25.83	1.6306186363649	0	0
Y57A10A.13	act-2	24.208	4.23120455220841	0	0
Y57A10A.13	act-3	25.83	1.6306186363649	0	0
Y57A10A.13	act-4	25.048	3.92919571211174	0	0
Y57A10A.13	act-5	23.14	3.67392846198954	0	0
Y57A10A.13	actl-1	20.904	7.86742410961988	0	0
Y57A10A.13	acy-1	25.96	2.83265429942172	0	0
Y57A10A.13	acy-2	23.532	6.85581447196591	0	0
Y57A10A.13	acy-3	16.772	6.45851446199566	0	0
Y57A10A.13	acy-4	24.334	4.30991812463469	0	0
Y57A10A.13	ada-2	26.394	12.3961176460336	0	0
Y57A10A.13	adah-1	18.894	10.0318801500027	0	0
Y57A10A.13	adal-1	23.898	2.48304042317123	0	0
Y57A10A.13	adbp-1	25.252	4.56247206401197	0	0
Y57A10A.13	add-1	23.934	3.7508817639513	0	0
Y57A10A.13	add-2	19.364	5.30378449339307	0	0
Y57A10A.13	adh-5	23.874	4.40004424482293	0	0
Y57A10A.13	adk-1	22.906	1.40198463006072	0	0
Y57A10A.13	adm-2	20.542	2.42682213558722	0	0
Y57A10A.13	adm-4	22.158	2.2944284197683	0	0
Y57A10A.13	ador-1	21.324	13.8454833955384	0	0
Y57A10A.13	adpr-1	25.054	6.0890178272833	0	0
Y57A10A.13	adr-1	17.492	10.5437197467363	0	0
Y57A10A.13	adr-2	15.97	7.98525406691099	0	0
Y57A10A.13	ads-1	25.53	3.09526630606607	0	0
Y57A10A.13	adsl-1	27.914	1.99374477433185	0	0
Y57A10A.13	adss-1	21.16	3.42358606356803	0	0
Y57A10A.13	adt-1	25.102	2.74812091944724	0	0
Y57A10A.13	adt-2	23.474	4.42126921943438	0	0
Y57A10A.13	adt-3	24.444	5.08127485640434	0	0
Y57A10A.13	aex-1	24.778	1.05024887767046	0	0
Y57A10A.13	aex-2	17.626	1.56847703387486	0	0
Y57A10A.13	aex-3	25.874	2.13560616082055	0	0
Y57A10A.13	aex-4	20.598	9.4830702494564	0	0
Y57A10A.13	aex-5	25.15	1.75559215043788	0	0
Y57A10A.13	aex-6	18.262	8.93968604622933	0	0
Y57A10A.13	aexr-1	21.966	14.6342770164287	0	0
Y57A10A.13	aexr-2	22.524	1.28083866317518	0	0
Y57A10A.13	aexr-3	14.216	3.19214341552275	0	0
Y57A10A.13	afd-1	25.966	4.08712700466324	0	0
Y57A10A.13	aff-1	24.436	2.20769341976486	0	0
Y57A10A.13	affl-1	26.57	1.74004911638191	0	0
Y57A10A.13	affl-2	24.856	7.36639658296159	0	0
Y57A10A.13	afmd-1	24.56	6.66976141665437	0	0
Y57A10A.13	afmd-2	23.914	17.4092227379038	0	0
Y57A10A.13	age-1	25.832	4.09058051692338	0	0
Y57A10A.13	agef-1	26.52	3.75278531238222	0	0
Y57A10A.13	agl-1	26.356	4.95202292908415	0	0
Y57A10A.13	agmo-1	16.022	2.75663023091397	0	0
Y57A10A.13	agr-1	27.696	2.59056075636872	0	0
Y57A10A.13	ags-3	26.822	2.06548210460271	0	0
Y57A10A.13	agt-1	25.132	6.61748181132624	0	0
Y57A10A.13	agt-2	23.652	10.7776561159934	0	0
Y57A10A.13	agxt-1	22.028	20.0124945519166	0	0
Y57A10A.13	aha-1	17.144	13.495585690699	0	0
Y57A10A.13	ahcy-1	25.474	5.58381279851464	0	0
Y57A10A.13	aho-3	21.974	11.1946139514418	0	0
Y57A10A.13	ahr-1	20.838	1.46756118042402	0	0
Y57A10A.13	ahsa-1	17.704	4.29478425361452	0	0
Y57A10A.13	ain-1	15.52	13.3319469694321	0	0
Y57A10A.13	ain-2	19.876	17.6694695607474	0	0
Y57A10A.13	aip-1	10.396	2.57712483524161	0	0
Y57A10A.13	aipl-1	18.994	1.20033288354968	0	0
Y57A10A.13	aipr-1	23.576	3.41120773795775	0	0
Y57A10A.13	air-1	24.638	25.4506529562769	0	0
Y57A10A.13	air-2	22.694	23.651245774745	0	0
Y57A10A.13	ajm-1	21.764	0.901904984817647	0	0
Y57A10A.13	aka-1	23.506	4.85379829854036	0	0
Y57A10A.13	akap-1	24.802	6.73679163165696	0	0
Y57A10A.13	akir-1	14.136	33.1843232931985	0	0
Y57A10A.13	akt-1	22.57	6.70465907732129	0	0
Y57A10A.13	akt-2	20.95	9.63124710022662	0	0
Y57A10A.13	aldo-1	27.656	1.54693395874627	0	0
Y57A10A.13	aldo-2	25.6	4.66343104498481	0	0
Y57A10A.13	alfa-1	22.268	9.66661247124991	0	0
Y57A10A.13	alg-1	16.486	50.9961654904483	0	0
Y57A10A.13	alg-2	12.25	4.42890058026304	0	0
Y57A10A.13	alg-3	10.596	4.40672731749927	0	0
Y57A10A.13	alg-5	22.972	3.49572515091032	0	0
Y57A10A.13	algn-1	22.91	1.8102524097187	0	0
Y57A10A.13	algn-10	23.418	2.95207781446489	0	0
Y57A10A.13	algn-11	23.858	1.44754333947557	0	0
Y57A10A.13	algn-12	17.934	1.69523266111184	0	0
Y57A10A.13	algn-13	26.592	1.20934792732137	0	0
Y57A10A.13	algn-14	22.738	8.18128566458494	0	0
Y57A10A.13	algn-2	23.51	3.1803337408617	0	0
Y57A10A.13	algn-3	23.79	12.126197358342	0	0
Y57A10A.13	algn-5	23.78	5.80662311498657	0	0
Y57A10A.13	algn-6	13.232	5.05992809609244	0	0
Y57A10A.13	algn-7	23.448	5.34163036937021	0	0
Y57A10A.13	algn-8	25.662	3.40513181068027	0	0
Y57A10A.13	algn-9	21.086	1.7558719687944	0	0
Y57A10A.13	alh-1	19.596	13.3989974187134	0	0
Y57A10A.13	alh-10	23.71	4.01140708964139	0	0
Y57A10A.13	alh-11	18.522	2.6458882591838	0	0
Y57A10A.13	alh-12	25.524	1.76491742834821	0	0
Y57A10A.13	alh-13	12.438	2.24210267590414	0	0
Y57A10A.13	alh-2	26.658	2.69048985569354	0	0
Y57A10A.13	alh-3	27.758	2.95831795215407	0	0
Y57A10A.13	alh-4	23.36	3.18669743170021	0	0
Y57A10A.13	alh-5	20.534	7.56607751658269	0	0
Y57A10A.13	alh-6	24.438	8.07260127338843	0	0
Y57A10A.13	alh-7	22.704	9.69335538844188	0	0
Y57A10A.13	alh-8	23.018	1.84354225599184	0	0
Y57A10A.13	alh-9	27.192	11.4575790532577	0	0
Y57A10A.13	alkb-1	22.64	7.64995480708792	0	0
Y57A10A.13	alkb-7	17.152	1.69798702010071	0	0
Y57A10A.13	alkb-8	22.11	4.48274858525965	0	0
Y57A10A.13	allo-1	16.288	2.25512388920419	0	0
Y57A10A.13	alp-1	15.242	25.1062313523702	0	0
Y57A10A.13	alr-1	16.048	4.73976751118396	0	0
Y57A10A.13	alx-1	23.776	0.680528047448885	0	0
Y57A10A.13	aly-1	17.826	5.54668314991817	0	0
Y57A10A.13	aly-2	19.514	7.3722500120874	0	0
Y57A10A.13	aly-3	21.736	13.1303020459004	0	0
Y57A10A.13	ama-1	21.678	5.10504051445538	0	0
Y57A10A.13	aman-1	25.25	2.87763041208389	0	0
Y57A10A.13	aman-2	23.988	1.81170486269051	0	0
Y57A10A.13	aman-3	24.03	4.93418833025245	0	0
Y57A10A.13	amdh-1	20.196	7.7677115853637	0	0
Y57A10A.13	amn-1	20.716	13.6096534922095	0	0
Y57A10A.13	ampd-1	16.15	1.46920254089222	0	0
Y57A10A.13	amph-1	16.246	1.82784177297685	0	0
Y57A10A.13	amt-1	21.878	2.8152947748861	0	0
Y57A10A.13	amt-2	24.826	2.06603257885054	0	0
Y57A10A.13	amt-3	25.76	4.86791026372048	0	0
Y57A10A.13	amt-4	21.246	6.42629888726	0	0
Y57A10A.13	amx-1	21.056	10.9489608428447	0	0
Y57A10A.13	amx-2	22.23	8.31229439260348	0	0
Y57A10A.13	amx-3	24.482	7.38423357990954	0	0
Y57A10A.13	anat-1	15.852	4.11433229768969	0	0
Y57A10A.13	angl-1	12.668	5.29050728014272	0	0
Y57A10A.13	ani-1	18.878	13.4139502538638	0	0
Y57A10A.13	ani-2	20.76	3.43678901629201	0	0
Y57A10A.13	ani-3	22.33	9.41776073611092	0	0
Y57A10A.13	anmt-1	5.092	4.56656653598445	0	0
Y57A10A.13	anmt-2	18.522	5.80741087095467	0	0
Y57A10A.13	anmt-3	23.704	5.76408992026627	0	0
Y57A10A.13	anoh-1	19.93	2.96567171476064	0	0
Y57A10A.13	anoh-2	21.894	14.5676458837411	0	0
Y57A10A.13	anp-1	12.642	9.04845428342023	0	0
Y57A10A.13	ant-1.1	23.54	1.35373452583927	0	0
Y57A10A.13	ant-1.2	27.992	2.03510491977615	0	0
Y57A10A.13	ant-1.3	25.594	2.73091041383344	0	0
Y57A10A.13	ant-1.4	24.936	0.358240478571181	0	0
Y57A10A.13	aos-1	25.128	3.45602362775648	0	0
Y57A10A.13	apa-2	27.124	2.9637380918602	0	0
Y57A10A.13	apb-1	24.372	4.9315749977904	0	0
Y57A10A.13	apb-3	28.44	5.98085658848591	0	0
Y57A10A.13	apc-10	19.222	5.42113652316226	0	0
Y57A10A.13	apc-11	24.522	4.8281693249956	0	0
Y57A10A.13	apc-17	18.076	4.79447177341699	0	0
Y57A10A.13	apc-2	24.47	6.1383949526814	0	0
Y57A10A.13	apd-3	12.366	2.35945704126791	0	0
Y57A10A.13	ape-1	24.376	3.84046478958388	0	0
Y57A10A.13	apg-1	22.224	7.04108123023203	0	0
Y57A10A.13	aph-1	17.056	3.18028681373029	0	0
Y57A10A.13	aph-2	16.888	21.5657761786736	0	0
Y57A10A.13	apl-1	13.036	5.03218339071285	0	0
Y57A10A.13	apm-1	6.412	5.22213423125642	0	0
Y57A10A.13	apm-3	24.454	2.72032912317479	0	0
Y57A10A.13	apn-1	24.018	3.77523484144843	0	0
Y57A10A.13	app-1	26.094	2.47570642991659	0	0
Y57A10A.13	appg-1	22.462	5.13332799525638	0	0
Y57A10A.13	appg-2	27.24	3.23617017641769	0	0
Y57A10A.13	apr-1	19.822	13.1095286096993	0	0
Y57A10A.13	aps-1	20.474	7.35241696793335	0	0
Y57A10A.13	aps-2	13.406	3.47344534698643	0	0
Y57A10A.13	aps-3	24.18	7.1160212797855	0	0
Y57A10A.13	apt-9	23.116	2.61098861521444	0	0
Y57A10A.13	aptf-1	15.842	5.71264510519407	0	0
Y57A10A.13	aptf-2	17.356	21.6098791020565	0	0
Y57A10A.13	aptf-3	18.848	10.6004163104046	0	0
Y57A10A.13	aptf-4	4.238	4.78191001125322	1	1
Y57A10A.13	apx-1	20.408	19.1066157307062	0	0
Y57A10A.13	apy-1	23.338	1.09720797685904	0	0
Y57A10A.13	aqp-1	22.068	6.19918020332304	0	0
Y57A10A.13	aqp-10	19.702	1.92653304797719	0	0
Y57A10A.13	aqp-11	18.584	8.47076914143542	0	0
Y57A10A.13	aqp-12	24.414	1.6091118675148	0	0
Y57A10A.13	aqp-2	12.854	4.74069181271691	0	0
Y57A10A.13	aqp-3	16.462	3.85901831770953	0	0
Y57A10A.13	aqp-4	22.23	8.92373574257037	0	0
Y57A10A.13	aqp-5	22.926	3.62803449119695	0	0
Y57A10A.13	aqp-6	21.41	8.01473397876	0	0
Y57A10A.13	aqp-7	23.968	5.01114133834364	0	0
Y57A10A.13	aqp-8	21.318	5.05727299188334	0	0
Y57A10A.13	aqp-9	20.878	14.7389675775983	0	0
Y57A10A.13	arc-1	28.488	0.582320734437735	0	0
Y57A10A.13	arch-1	19.91	6.66995077214205	0	0
Y57A10A.13	arcp-1	26.13	6.36833629313075	0	0
Y57A10A.13	ard-1	26.784	7.33538168233761	0	0
Y57A10A.13	arf-1	22.26	1.02046870544479	0	0
Y57A10A.13	arf-1.1	26.194	9.82319477511482	0	0
Y57A10A.13	arf-5	16.354	2.33826778651952	0	0
Y57A10A.13	arf-6	27.008	4.92275441933427	0	0
Y57A10A.13	arg-1	23.176	13.4619464297754	0	0
Y57A10A.13	argk-1	26.402	1.61903492249285	0	0
Y57A10A.13	argn-1	23.692	2.38867137923851	0	0
Y57A10A.13	ari-1.1	24.838	13.3191277531579	0	0
Y57A10A.13	ari-1.2	24.162	18.9032488287473	0	0
Y57A10A.13	ari-1.3	22.646	12.9086414982897	0	0
Y57A10A.13	ari-1.4	24	18.8260725310524	0	0
Y57A10A.13	ari-2	21.03	13.1162239336162	0	0
Y57A10A.13	arid-1	27.326	6.14867704580984	0	0
Y57A10A.13	ark-1	23.884	3.54784168757664	0	0
Y57A10A.13	arl-1	24.656	15.1028778685591	0	0
Y57A10A.13	arl-13	20.742	4.44988489336052	0	0
Y57A10A.13	arl-3	26.522	4.55175252645171	0	0
Y57A10A.13	arl-5	21.812	19.3261530394747	0	0
Y57A10A.13	arl-6	27.01	5.52460706321621	0	0
Y57A10A.13	arl-8	26.264	7.8705865894263	0	0
Y57A10A.13	arle-14	26.128	3.46190868403208	0	0
Y57A10A.13	arp-1	24.852	6.54037418907621	0	0
Y57A10A.13	arp-11	22.914	4.04097129569672	0	0
Y57A10A.13	arp-6	27.342	1.89433060429068	0	0
Y57A10A.13	arr-1	24.704	2.63342493568987	0	0
Y57A10A.13	arrd-1	27.214	2.58419864639373	0	0
Y57A10A.13	arrd-10	22.238	4.30302398600964	0	0
Y57A10A.13	arrd-11	20.096	3.35705231733042	0	0
Y57A10A.13	arrd-12	26.854	2.75521384605246	0	0
Y57A10A.13	arrd-13	9.21	2.16747717455777	0	0
Y57A10A.13	arrd-14	24.656	5.60938909474122	0	0
Y57A10A.13	arrd-15	19.274	4.52258110183788	0	0
Y57A10A.13	arrd-16	3.538	3.61631715128591	1	1
Y57A10A.13	arrd-17	20.01	1.84975067699368	0	0
Y57A10A.13	arrd-18	22.032	4.88779843807081	0	0
Y57A10A.13	arrd-19	21.828	1.11108827587703	0	0
Y57A10A.13	arrd-2	21.49	5.18235257513305	0	0
Y57A10A.13	arrd-22	21.692	3.82801682638257	0	0
Y57A10A.13	arrd-23	26.638	1.65633393527264	0	0
Y57A10A.13	arrd-24	25.61	4.75896084198699	0	0
Y57A10A.13	arrd-25	20.358	3.05979228765841	0	0
Y57A10A.13	arrd-26	18.958	5.56304525474239	0	0
Y57A10A.13	arrd-28	22.958	4.70004620328144	0	0
Y57A10A.13	arrd-3	26.526	2.94155014830361	0	0
Y57A10A.13	arrd-4	25.15	5.73068311686534	0	0
Y57A10A.13	arrd-5	22.15	3.08735620146801	0	0
Y57A10A.13	arrd-6	16.862	3.09478643241379	0	0
Y57A10A.13	arrd-7	22.14	1.38663788916068	0	0
Y57A10A.13	arrd-8	20.892	11.0272659340159	0	0
Y57A10A.13	arrd-9	14.318	2.7164020238616	0	0
Y57A10A.13	art-1	23.252	2.62420566498587	0	0
Y57A10A.13	arv-1	23.228	2.11662770024486	0	0
Y57A10A.13	arx-1	22.838	5.95324845957564	0	0
Y57A10A.13	arx-2	24.374	5.73191511524875	0	0
Y57A10A.13	arx-3	24.508	3.40043522700207	0	0
Y57A10A.13	arx-4	17.136	38.7862895919169	0	0
Y57A10A.13	arx-5	27.616	0.980573310798245	0	0
Y57A10A.13	arx-6	23.622	11.0222840089341	0	0
Y57A10A.13	arx-7	18.252	17.6311965317242	0	0
Y57A10A.13	asah-1	20.532	1.40206262960393	0	0
Y57A10A.13	asah-2	20.572	5.235815083873	0	0
Y57A10A.13	asb-1	21.166	8.45204853102025	0	0
Y57A10A.13	asb-2	22.24	2.07347073744044	0	0
Y57A10A.13	ascc-1	20.324	5.67911179961883	0	0
Y57A10A.13	asd-1	20.378	9.3663892034305	0	0
Y57A10A.13	asd-2	2.902	7.11809718661087	1	1
Y57A10A.13	asfl-1	15.672	7.64251763075249	0	0
Y57A10A.13	asg-1	25.756	6.90526109196958	0	0
Y57A10A.13	asg-2	25.908	7.97578499317994	0	0
Y57A10A.13	ash-2	15.634	2.2512850674166	0	0
Y57A10A.13	asic-1	28.432	1.77109364552074	0	0
Y57A10A.13	asic-2	20.686	34.3273020964133	0	0
Y57A10A.13	asm-1	22.654	3.0857972411715	0	0
Y57A10A.13	asm-2	22.442	2.05442091735678	0	0
Y57A10A.13	asm-3	20.002	5.3282099950876	0	0
Y57A10A.13	asna-1	25.234	6.69734832256613	0	0
Y57A10A.13	asns-1	4.89	4.27251174146752	1	1
Y57A10A.13	asns-2	21.4	7.42329100647125	0	0
Y57A10A.13	asp-1	25.448	2.2681892527574	0	0
Y57A10A.13	asp-12	24.026	1.98862300518905	0	0
Y57A10A.13	asp-13	22.972	3.37828906776449	0	0
Y57A10A.13	asp-14	22.104	8.89060523491357	0	0
Y57A10A.13	asp-15	22.542	1.03961567452272	0	0
Y57A10A.13	asp-16	16.924	2.92128707512146	0	0
Y57A10A.13	asp-17	25.552	5.74827343838278	0	0
Y57A10A.13	asp-18	24.542	4.91526474366565	0	0
Y57A10A.13	asp-19	24.354	7.22047207876783	0	0
Y57A10A.13	asp-2	25.224	0.591757315478762	0	0
Y57A10A.13	asp-3	27.214	3.45005618634239	0	0
Y57A10A.13	asp-4	26.484	4.8134203919107	0	0
Y57A10A.13	asp-5	20.278	0.37943355482141	0	0
Y57A10A.13	asp-6	23.276	12.5244806086775	0	0
Y57A10A.13	asp-7	21.192	16.1195762393933	0	0
Y57A10A.13	asp-8	22.094	7.76374638898319	0	0
Y57A10A.13	asp-9	20.986	1.96486677451943	0	0
Y57A10A.13	aspm-1	20.848	23.0051568233511	0	0
Y57A10A.13	asps-1	6.29	2.91202847122642	0	0
Y57A10A.13	ast-1	13.53	19.6602231732394	0	0
Y57A10A.13	atad-3	21.932	4.27789098764969	0	0
Y57A10A.13	atat-2	15.296	2.99543139950478	0	0
Y57A10A.13	ate-1	22.928	9.51669411198569	0	0
Y57A10A.13	atf-2	18.484	12.8572678919009	0	0
Y57A10A.13	atf-4	20.872	12.0649091629535	0	0
Y57A10A.13	atf-6	19.846	4.37659629031727	0	0
Y57A10A.13	atf-7	18.974	2.52169442265048	0	0
Y57A10A.13	atf-8	20.528	16.7360040481591	0	0
Y57A10A.13	atfs-1	19.62	18.0178879531352	0	0
Y57A10A.13	atg-10	24.99	4.65941677231176	0	0
Y57A10A.13	atg-13	7.374	5.13232160597166	0	0
Y57A10A.13	atg-16.1	26.654	11.6350197176864	0	0
Y57A10A.13	atg-16.2	26.684	3.10455772463036	0	0
Y57A10A.13	atg-18	23.072	7.67900376572811	0	0
Y57A10A.13	atg-2	23.694	12.0245699872945	0	0
Y57A10A.13	atg-3	19.75	9.39612332146614	0	0
Y57A10A.13	atg-4.1	22.668	2.77248273922322	0	0
Y57A10A.13	atg-4.2	18.64	2.05864633630363	0	0
Y57A10A.13	atg-5	20.302	2.9059923934755	0	0
Y57A10A.13	atg-7	14.71	1.73051285674478	0	0
Y57A10A.13	atg-9	10.3	6.2983449283041	0	0
Y57A10A.13	atgl-1	17.916	8.33722235082195	0	0
Y57A10A.13	atgp-1	23.91	7.40140155343297	0	0
Y57A10A.13	atgp-2	22.55	2.67347292588868	0	0
Y57A10A.13	ath-1	12.87	3.52359357991398	0	0
Y57A10A.13	athp-1	27.196	5.64763084972275	0	0
Y57A10A.13	athp-2	27.816	3.70042582972281	0	0
Y57A10A.13	athp-3	20.282	7.42994088016032	0	0
Y57A10A.13	atic-1	24.46	1.79583296243642	0	0
Y57A10A.13	atln-1	8.492	9.23908021227713	0	0
Y57A10A.13	atln-2	26.832	3.25995595174005	0	0
Y57A10A.13	atn-1	21.918	16.0988070254114	0	0
Y57A10A.13	atp-1	7.168	7.64783823753025	0	0
Y57A10A.13	atp-2	21.47	18.792814253133	0	0
Y57A10A.13	atp-3	7.088	3.43908266341574	0	0
Y57A10A.13	atp-4	29.302	1.19796281647545	0	0
Y57A10A.13	atp-5	23.996	7.91483825083863	0	0
Y57A10A.13	atp-6	23.68	3.09676686526528	0	0
Y57A10A.13	attf-2	11.176	6.17024725143995	0	0
Y57A10A.13	attf-3	16.018	7.5013722471267	0	0
Y57A10A.13	attf-4	20.92	24.0160927225442	0	0
Y57A10A.13	attf-5	26.106	4.6385573517601	0	0
Y57A10A.13	attf-6	26.418	5.02300616707722	0	0
Y57A10A.13	atx-2	23.498	7.17939873828448	0	0
Y57A10A.13	atx-3	17.774	6.35655532805089	0	0
Y57A10A.13	atz-1	15.928	40.7892779479414	0	0
Y57A10A.13	ave-1	19.332	22.121424410703	0	0
Y57A10A.13	avr-14	26.682	7.15388902847708	0	0
Y57A10A.13	avr-15	18.886	2.93823153560518	0	0
Y57A10A.13	axl-1	22.962	8.93009842342637	0	0
Y57A10A.13	azin-1	21.28	3.64911065005962	0	0
Y57A10A.13	azyx-1	25.29	3.10103295870163	0	0
Y57A10A.13	baf-1	10.08	8.98242138445651	0	0
Y57A10A.13	bag-1	25.28	3.38252505165063	0	0
Y57A10A.13	bah-1	10.04	44.8301229617218	0	0
Y57A10A.13	bam-2	15.166	7.8956038827129	0	0
Y57A10A.13	bar-1	22.838	9.19141578228288	0	0
Y57A10A.13	bas-1	21.908	0.664920859398581	0	0
Y57A10A.13	basl-1	24.908	1.75331222918981	0	0
Y57A10A.13	bath-1	25.664	3.65863288242535	0	0
Y57A10A.13	bath-10	23.64	12.9739532547703	0	0
Y57A10A.13	bath-13	26.704	4.25368830736582	0	0
Y57A10A.13	bath-15	17.228	27.4720633164885	0	0
Y57A10A.13	bath-19	26.468	3.57862544477654	0	0
Y57A10A.13	bath-2	22.342	6.64945431134797	0	0
Y57A10A.13	bath-20	26.286	1.96218885057315	0	0
Y57A10A.13	bath-21	24.7	11.1333087925731	0	0
Y57A10A.13	bath-23	25.838	4.1815382071816	0	0
Y57A10A.13	bath-24	24.82	4.69487594467925	0	0
Y57A10A.13	bath-25	10.992	4.24202306917211	0	0
Y57A10A.13	bath-26	27.708	1.50641220516019	0	0
Y57A10A.13	bath-27	26.73	1.99492998247585	0	0
Y57A10A.13	bath-28	23.298	22.9350947786213	0	0
Y57A10A.13	bath-29	23.902	5.42521278488824	0	0
Y57A10A.13	bath-3	20.842	15.5790533298755	0	0
Y57A10A.13	bath-30	25.318	2.26404241293858	0	0
Y57A10A.13	bath-31	17.842	3.49441843624396	0	0
Y57A10A.13	bath-33	24.792	4.52976062651909	0	0
Y57A10A.13	bath-34	22.812	6.71869020298579	0	0
Y57A10A.13	bath-35	17.922	6.11170700715711	0	0
Y57A10A.13	bath-36	26.752	1.69151911301998	0	0
Y57A10A.13	bath-37	22.508	5.25014289202645	0	0
Y57A10A.13	bath-38	25.114	4.16455834677307	0	0
Y57A10A.13	bath-39	25.494	2.57552719868541	0	0
Y57A10A.13	bath-4	24.888	5.67736523986889	0	0
Y57A10A.13	bath-40	23.408	8.00768362361645	0	0
Y57A10A.13	bath-41	21.144	18.2253154138344	0	0
Y57A10A.13	bath-42	25.038	14.2019540797624	0	0
Y57A10A.13	bath-44	20.178	32.871251433975	0	0
Y57A10A.13	bath-45	26.68	5.13199064327921	0	0
Y57A10A.13	bath-46	5.278	7.22135312195513	0	0
Y57A10A.13	bath-47	26.41	4.50547123569376	0	0
Y57A10A.13	bath-5	21.518	16.4767062800506	0	0
Y57A10A.13	bath-7	13.64	1.82917521259159	0	0
Y57A10A.13	bath-9	25.512	1.88216153449462	0	0
Y57A10A.13	baz-2	11.474	4.40819593626477	0	0
Y57A10A.13	bbln-1	24.844	3.62300754486017	0	0
Y57A10A.13	bbs-1	27.382	10.412986346227	0	0
Y57A10A.13	bbs-2	23.958	17.9093373986068	0	0
Y57A10A.13	bbs-4	11.312	2.68674268642374	0	0
Y57A10A.13	bbs-5	20.084	8.50401381687918	0	0
Y57A10A.13	bbs-8	24.462	2.02538341528916	0	0
Y57A10A.13	bbs-9	28.544	1.57234282665559	0	0
Y57A10A.13	bc10	10.652	3.05965170026305	0	0
Y57A10A.13	bca-1	21.056	3.5872642621925	0	0
Y57A10A.13	bca-2	23.368	2.26268313201739	0	0
Y57A10A.13	bcas-2	24.124	7.75486344894764	0	0
Y57A10A.13	bcat-1	25.124	2.75309005373982	0	0
Y57A10A.13	bcc-1	24.744	3.39194666380092	0	0
Y57A10A.13	bcf-1	28.162	2.98700916708466	0	0
Y57A10A.13	bckd-1A	24.776	7.0897378250586	0	0
Y57A10A.13	bckd-1b	23.66	2.18516753249545	0	0
Y57A10A.13	bcl-11	25.544	5.84865822991405	0	0
Y57A10A.13	bcl-7	17.218	7.39363306910889	0	0
Y57A10A.13	bcmo-1	23.862	2.80849953479968	0	0
Y57A10A.13	bcmo-2	22.604	3.78976632609393	0	0
Y57A10A.13	bcs-1	19.874	0.962357787646998	0	0
Y57A10A.13	bec-1	23.376	1.08417343664417	0	0
Y57A10A.13	bed-1	19.362	15.8072915131587	0	0
Y57A10A.13	bed-2	22.406	9.56599651768854	0	0
Y57A10A.13	bed-3	15.626	1.94457007365558	0	0
Y57A10A.13	ben-1	24.208	3.53923848017021	0	0
Y57A10A.13	best-1	25.688	4.64781409116505	0	0
Y57A10A.13	best-10	25.784	1.03799959264048	0	0
Y57A10A.13	best-11	24.968	2.40797721894351	0	0
Y57A10A.13	best-12	26.72	9.86438490441608	0	0
Y57A10A.13	best-13	27.84	5.26212069865929	0	0
Y57A10A.13	best-14	27.888	2.58230336191966	0	0
Y57A10A.13	best-15	23.976	2.32626568926391	0	0
Y57A10A.13	best-16	19.43	36.3002814653559	0	0
Y57A10A.13	best-17	19.056	11.3091454896064	0	0
Y57A10A.13	best-18	24.454	25.2459805332629	0	0
Y57A10A.13	best-19	25.196	1.74937311450458	0	0
Y57A10A.13	best-2	25.728	10.8760513321102	0	0
Y57A10A.13	best-20	22.736	2.5702098035902	0	0
Y57A10A.13	best-21	22.96	1.4395900593239	0	0
Y57A10A.13	best-22	21.672	5.37935133365021	0	0
Y57A10A.13	best-23	25.722	2.88142932513363	0	0
Y57A10A.13	best-24	19.55	18.6240893882686	0	0
Y57A10A.13	best-25	22.782	12.358152256806	0	0
Y57A10A.13	best-26	27.846	1.22432382295501	0	0
Y57A10A.13	best-3	24.538	8.81122551815297	0	0
Y57A10A.13	best-4	23.836	6.88064323062666	0	0
Y57A10A.13	best-5	18.028	23.6425164624406	0	0
Y57A10A.13	best-6	24.1	8.51745033913375	0	0
Y57A10A.13	best-7	22.456	5.39811399389386	0	0
Y57A10A.13	best-8	22.76	9.50999355041609	0	0
Y57A10A.13	best-9	25.248	5.22043482963481	0	0
Y57A10A.13	bet-1	21.58	4.24187251683506	0	0
Y57A10A.13	bet-2	25.556	3.28324055317428	0	0
Y57A10A.13	bgal-1	23.094	15.2749437011906	0	0
Y57A10A.13	bgal-2	21.938	7.93657613457275	0	0
Y57A10A.13	bgnt-1.1	24.59	3.93398764536365	0	0
Y57A10A.13	bgnt-1.2	23.192	6.96433564089697	0	0
Y57A10A.13	bgnt-1.3	9.566	9.49117926463821	0	0
Y57A10A.13	bgnt-1.4	18.372	32.0750712308231	0	0
Y57A10A.13	bgnt-1.5	24.194	2.92157189079165	0	0
Y57A10A.13	bgnt-1.6	25.488	8.59717711301992	0	0
Y57A10A.13	bgnt-1.7	24.67	5.51053270189563	0	0
Y57A10A.13	bgnt-1.8	19.962	4.80070249339479	0	0
Y57A10A.13	bicd-1	27.642	4.51916553104311	0	0
Y57A10A.13	bigr-1	22.44	5.09728734966513	0	0
Y57A10A.13	bir-1	25.976	5.48475910580499	0	0
Y57A10A.13	bir-2	23.006	7.57052282726749	0	0
Y57A10A.13	bkip-1	19.71	15.0286377140393	0	0
Y57A10A.13	bli-1	20.904	6.74652839422321	0	0
Y57A10A.13	bli-2	21.746	7.1288304331175	0	0
Y57A10A.13	bli-3	28.78	1.10780393098887	0	0
Y57A10A.13	bli-4	18.77	4.50336184528591	0	0
Y57A10A.13	bli-5	20.842	16.8682905749806	0	0
Y57A10A.13	bli-6	23.86	9.49280571520577	0	0
Y57A10A.13	blmp-1	24.892	4.66518535520074	0	0
Y57A10A.13	blos-1	18.992	7.03902051923389	0	0
Y57A10A.13	blos-2	22.184	3.3632794422745	0	0
Y57A10A.13	blos-4	24.596	2.88214955273439	0	0
Y57A10A.13	blos-7	22.124	6.98066713614294	0	0
Y57A10A.13	blos-8	23.92	5.2840394879431	0	0
Y57A10A.13	blos-9	24.338	4.93205047770535	0	0
Y57A10A.13	bltp-2	25.172	12.9566971073347	0	0
Y57A10A.13	bmk-1	26.096	6.27364860922595	0	0
Y57A10A.13	bmy-1	15.724	10.2701456648939	0	0
Y57A10A.13	bnc-1	18.516	3.10943507356102	0	0
Y57A10A.13	bpl-1	23.944	7.4404973838097	0	0
Y57A10A.13	bpnt-1	23.522	4.32440820673019	0	0
Y57A10A.13	bra-1	26.646	3.11000427844198	0	0
Y57A10A.13	bra-2	14.972	44.6134529842409	0	0
Y57A10A.13	brap-2	21.38	6.62886276866119	0	0
Y57A10A.13	brc-1	25.736	2.6294111494226	0	0
Y57A10A.13	brc-2	18.58	4.52851263065601	0	0
Y57A10A.13	brd-1	24.026	4.12962814724364	0	0
Y57A10A.13	bre-1	23.586	12.1275272349093	0	0
Y57A10A.13	bre-2	23.568	2.24709005540605	0	0
Y57A10A.13	bre-3	22.638	5.19535733438211	0	0
Y57A10A.13	bre-4	20.942	3.21697424186494	0	0
Y57A10A.13	bre-5	21.72	4.34259942603936	0	0
Y57A10A.13	brf-1	21.53	8.266228885072	0	0
Y57A10A.13	bris-1	21.338	12.1978686136866	0	0
Y57A10A.13	bro-1	22.082	14.7511137582288	0	0
Y57A10A.13	brp-1	17.15	25.7279007740529	0	0
Y57A10A.13	btb-10	23.36	5.07309005720053	0	0
Y57A10A.13	btb-11	24.758	1.99872126009852	0	0
Y57A10A.13	btb-12	24.792	7.00652572367268	0	0
Y57A10A.13	btb-14	27.338	3.02452042975933	0	0
Y57A10A.13	btb-16	22.538	6.92757106401746	0	0
Y57A10A.13	btb-17	26.684	2.17981342204632	0	0
Y57A10A.13	btb-18	26.78	4.69461969204231	0	0
Y57A10A.13	btb-19	24.924	11.1564909739336	0	0
Y57A10A.13	btb-2	24.918	9.55328415226716	0	0
Y57A10A.13	btb-20	14.762	2.87777813251137	0	0
Y57A10A.13	btb-22	26.356	2.47404112765177	0	0
Y57A10A.13	btb-4	23.592	4.60632602616243	0	0
Y57A10A.13	btb-5	25.492	7.95943616673738	0	0
Y57A10A.13	btb-6	23.728	7.02562075049947	0	0
Y57A10A.13	btb-7	22.572	6.9977475462193	0	0
Y57A10A.13	btb-8	24.2	3.71119473046574	0	0
Y57A10A.13	btb-9	15.312	4.45400383648364	0	0
Y57A10A.13	btbd-10	17.992	15.8294194259077	0	0
Y57A10A.13	btbz-2	13.558	4.86724817674059	0	0
Y57A10A.13	btf-1	26.83	0.785805763783378	0	0
Y57A10A.13	bub-1	21.574	3.02047094504613	0	0
Y57A10A.13	bub-3	26.022	6.30618956414461	0	0
Y57A10A.13	bud-13	23.792	6.85119708053265	0	0
Y57A10A.13	bud-31	17.224	2.14054144798518	0	0
Y57A10A.13	bus-1	26.548	2.32006249378326	0	0
Y57A10A.13	bus-12	13.324	5.50514322178946	0	0
Y57A10A.13	bus-17	24.238	2.53446854015617	0	0
Y57A10A.13	bus-18	23.326	5.64091630283332	0	0
Y57A10A.13	bus-19	19.942	1.31597103248154	0	0
Y57A10A.13	bus-2	17.508	5.8537560098664	0	0
Y57A10A.13	bus-4	21.172	1.60950239867629	0	0
Y57A10A.13	bus-5	23.34	5.44762433934235	0	0
Y57A10A.13	bus-8a	18.114	22.1845927980753	0	0
Y57A10A.13	bus-8b	20.978	9.3574839845455	0	0
Y57A10A.13	byn-1	18.91	2.50060082866989	0	0
Y57A10A.13	cab-1	15.428	9.04140912079486	0	0
Y57A10A.13	cacn-1	4.49	7.27334333755365	1	1
Y57A10A.13	cah-1	18.258	17.3755250516409	0	0
Y57A10A.13	cah-2	26.42	1.69122676856539	0	0
Y57A10A.13	cah-3	15.48	2.37353657246432	0	0
Y57A10A.13	cah-4	20.986	14.7581658663563	0	0
Y57A10A.13	cah-5	24.906	1.67905950870443	0	0
Y57A10A.13	cah-6	22.05	4.43390392467468	0	0
Y57A10A.13	cal-1	17.42	4.55875286608025	0	0
Y57A10A.13	cal-2	16.686	3.7168012473564	0	0
Y57A10A.13	cal-3	19.766	1.19754411315435	0	0
Y57A10A.13	cal-4	19.326	7.31553267303629	0	0
Y57A10A.13	cal-5	16.486	6.4813639743106	0	0
Y57A10A.13	cal-7	6.53	4.6537737822428	0	0
Y57A10A.13	cal-8	20.24	7.16045297015507	0	0
Y57A10A.13	calf-1	22.32	12.7509228193978	0	0
Y57A10A.13	calm-1	19.74	6.85670691618587	0	0
Y57A10A.13	calu-1	21.126	6.79118406088454	0	0
Y57A10A.13	calu-2	20.382	2.3412823454252	0	0
Y57A10A.13	cam-1	22.236	1.33545230454137	0	0
Y57A10A.13	camt-1	5.738	5.8563212336674	0	0
Y57A10A.13	cand-1	27.338	2.25939371085782	0	0
Y57A10A.13	cank-26	24.71	9.64935353607825	0	0
Y57A10A.13	cap-1	21.976	17.9686404340283	0	0
Y57A10A.13	cap-2	19.522	0.635056879884027	0	0
Y57A10A.13	capa-1	15.844	3.44155355161733	0	0
Y57A10A.13	capg-1	25.298	5.90393013330869	0	0
Y57A10A.13	capg-2	11.79	0.795660010148161	0	0
Y57A10A.13	car-1	17.232	10.3161948645301	0	0
Y57A10A.13	cars-1	15.646	1.39414804136686	0	0
Y57A10A.13	cas-1	23.19	11.2615818713898	0	0
Y57A10A.13	cas-2	12.738	2.31117671697544	0	0
Y57A10A.13	casc-3	16.446	37.3400891791716	0	0
Y57A10A.13	cash-1	25.546	3.1662289804033	0	0
Y57A10A.13	casy-1	21.604	2.19234808587432	0	0
Y57A10A.13	cat-1	13.58	7.52709164198709	0	0
Y57A10A.13	cat-2	23.348	7.7576751370079	0	0
Y57A10A.13	cat-4	16.3	15.5417675699973	0	0
Y57A10A.13	catp-1	20.468	5.25424782618821	0	0
Y57A10A.13	catp-2	27.19	2.89790493958253	0	0
Y57A10A.13	catp-3	25.082	5.13148108687196	0	0
Y57A10A.13	catp-4	25.828	1.2538190275602	0	0
Y57A10A.13	catp-5	19.798	5.29169487136245	0	0
Y57A10A.13	catp-7	26.81	10.6742128073432	0	0
Y57A10A.13	catp-8	23.164	2.47178555887338	0	0
Y57A10A.13	cav-1	23.552	1.88654765929527	0	0
Y57A10A.13	cav-2	10.972	64.1723023725571	0	0
Y57A10A.13	cbd-1	20.312	13.6187353136922	0	0
Y57A10A.13	cbl-1	25.746	2.59139530494285	0	0
Y57A10A.13	cblc-1	24.012	5.14502334033255	0	0
Y57A10A.13	cbn-1	23.37	5.08939067293766	0	0
Y57A10A.13	cbp-1	25.152	10.1062440393829	0	0
Y57A10A.13	cbp-2	19.232	1.04473206517178	0	0
Y57A10A.13	cbp-3	27.172	2.82858498441936	0	0
Y57A10A.13	cbs-1	23.724	3.72719518834633	0	0
Y57A10A.13	cbs-2	24.492	3.51400831478851	0	0
Y57A10A.13	cca-1	22.29	11.9553396647134	0	0
Y57A10A.13	ccar-1	24.69	13.2946981248218	0	0
Y57A10A.13	ccb-1	12.32	1.90444289068995	0	0
Y57A10A.13	ccb-2	17.44	29.5344088795679	0	0
Y57A10A.13	ccch-1	17.874	3.40626022717078	0	0
Y57A10A.13	ccch-2	26.644	10.4049913655135	0	0
Y57A10A.13	ccch-3	17.766	3.12396996783871	0	0
Y57A10A.13	ccch-5	22.122	6.09300540022318	0	0
Y57A10A.13	cccp-1	18.15	7.41389825074661	0	0
Y57A10A.13	ccd-5	24.974	5.32407819468399	0	0
Y57A10A.13	ccdc-12	13.922	25.4561470825778	0	0
Y57A10A.13	ccdc-149	23.624	4.8142254568635	0	0
Y57A10A.13	ccdc-47	23.598	13.5734229719592	0	0
Y57A10A.13	ccdc-55	2.272	6.5682818660054	1	1
Y57A10A.13	ccep-135	19.764	33.9890824266519	0	0
Y57A10A.13	ccep-290	19.372	2.18838507702189	0	0
Y57A10A.13	ccep-97	16.996	18.6677551128253	0	0
Y57A10A.13	ccf-1	22.324	1.83319836935736	0	0
Y57A10A.13	ccg-1	22.284	7.99413193780939	0	0
Y57A10A.13	cchl-1	21.896	2.90152912679315	0	0
Y57A10A.13	ccm-2	15.484	1.91398389321299	0	0
Y57A10A.13	ccm-3	23.392	5.44965088218809	0	0
Y57A10A.13	ccnk-1	24.228	4.56306996758651	0	0
Y57A10A.13	ccpp-1	25.136	2.34969096144194	0	0
Y57A10A.13	ccpp-6	22.316	2.51951241630771	0	0
Y57A10A.13	ccr-4	13.454	8.17289831026073	0	0
Y57A10A.13	cct-1	26.224	2.48620193270381	0	0
Y57A10A.13	cct-2	25.204	1.02875529771458	0	0
Y57A10A.13	cct-3	22.772	9.43674082100514	0	0
Y57A10A.13	cct-4	23.84	4.1250521233124	0	0
Y57A10A.13	cct-5	22.046	7.70932146901387	0	0
Y57A10A.13	cct-6	24.908	1.81408280712239	0	0
Y57A10A.13	cct-7	26.766	5.97034962096588	0	0
Y57A10A.13	cct-8	25.092	6.29653759570114	0	0
Y57A10A.13	ccz-1	22.568	6.50062783245226	0	0
Y57A10A.13	cdap-2	25.29	7.68491442135063	0	0
Y57A10A.13	cdc-14	22.094	7.32347337261537	0	0
Y57A10A.13	cdc-25.1	19.706	3.09812328758702	0	0
Y57A10A.13	cdc-25.2	15.558	40.1922408202575	0	0
Y57A10A.13	cdc-25.3	17.77	2.9373518960845	0	0
Y57A10A.13	cdc-25.4	22.618	5.15511788179773	0	0
Y57A10A.13	cdc-26	12.362	14.5237850714965	0	0
Y57A10A.13	cdc-37	16.374	43.4228340790832	0	0
Y57A10A.13	cdc-42	27.198	4.25910407256642	0	0
Y57A10A.13	cdc-48.1	26.328	6.60879156516693	0	0
Y57A10A.13	cdc-48.2	25.872	2.25962809896721	0	0
Y57A10A.13	cdc-48.3	27.23	3.43847188175257	0	0
Y57A10A.13	cdc-50.b	19.772	3.92960769034195	0	0
Y57A10A.13	cdc-5l	29.366	2.1047665823336	0	0
Y57A10A.13	cdc-6	23.26	16.9383781127075	0	0
Y57A10A.13	cdc-7	21.958	1.38149187081761	0	0
Y57A10A.13	cdc-73	21.62	6.83370546981156	0	0
Y57A10A.13	cdd-1	16.824	2.46244955006477	0	0
Y57A10A.13	cdd-2	24.29	3.48907498014139	0	0
Y57A10A.13	cdf-1	18.094	9.29459464407945	0	0
Y57A10A.13	cdf-2	23.216	12.0834169610095	0	0
Y57A10A.13	cdgs-1	21.052	7.83783589200486	0	0
Y57A10A.13	cdh-10	25.892	5.47761093059898	0	0
Y57A10A.13	cdh-5	25.118	7.35572884883185	0	0
Y57A10A.13	cdh-7	28.18	3.63650910747906	0	0
Y57A10A.13	cdh-8	27.698	5.60429984032476	0	0
Y57A10A.13	cdh-9	26.628	2.27063185372256	0	0
Y57A10A.13	cdk-1	22.394	4.38477573237042	0	0
Y57A10A.13	cdk-11.1	18.26	2.2204967067594	0	0
Y57A10A.13	cdk-11.2	23.24	7.21346753193222	0	0
Y57A10A.13	cdk-12	21.024	3.54039152972733	0	0
Y57A10A.13	cdk-14	14.99	4.02843607168692	0	0
Y57A10A.13	cdk-2	18.554	2.23219685312999	0	0
Y57A10A.13	cdk-4	25.088	1.9158378485214	0	0
Y57A10A.13	cdk-5	23.814	19.1325912826157	0	0
Y57A10A.13	cdk-7	15.428	6.00240312774555	0	0
Y57A10A.13	cdk-8	19.78	11.2030576398609	0	0
Y57A10A.13	cdk-9	20.38	18.3226358380216	0	0
Y57A10A.13	cdka-1	11.754	48.512656578143	0	0
Y57A10A.13	cdkl-1	24.796	0.941751067508433	0	0
Y57A10A.13	cdkr-3	18.536	11.0006245739621	0	0
Y57A10A.13	cdl-1	15.954	3.09858377537694	0	0
Y57A10A.13	cdo-1	21.426	12.4912026148489	0	0
Y57A10A.13	cdr-1	23.442	8.3342698127842	0	0
Y57A10A.13	cdr-2	20.4	2.12430869411966	0	0
Y57A10A.13	cdr-3	23.424	2.71628468423278	0	0
Y57A10A.13	cdr-4	19.116	2.45215351879225	0	0
Y57A10A.13	cdr-6	19.038	4.98329756577656	0	0
Y57A10A.13	cdr-7	20.004	6.89287627933139	0	0
Y57A10A.13	cdt-1	21.504	1.48103036016632	0	0
Y57A10A.13	cdt-2	26.258	6.46196301640006	0	0
Y57A10A.13	cebp-1	19.872	9.39894330869994	0	0
Y57A10A.13	cebp-2	22.502	18.4170705397991	0	0
Y57A10A.13	cec-1	16.878	10.6524530253863	0	0
Y57A10A.13	cec-10	26.372	3.70893617076889	0	0
Y57A10A.13	cec-2	19.51	2.07475086089279	0	0
Y57A10A.13	cec-3	21.71	14.008861008564	0	0
Y57A10A.13	cec-4	14.412	10.4623660699438	0	0
Y57A10A.13	cec-5	6.024	7.88958076450033	0	0
Y57A10A.13	cec-6	26.72	1.05854308560861	0	0
Y57A10A.13	cec-7	24.86	14.3327015163606	0	0
Y57A10A.13	cec-8	18.232	18.8877807597411	0	0
Y57A10A.13	ced-1	21.702	7.95444402819072	0	0
Y57A10A.13	ced-10	26.978	1.47465202266558	0	0
Y57A10A.13	ced-11	29.68	0.800866868194387	0	0
Y57A10A.13	ced-12	26.724	5.38689452431745	0	0
Y57A10A.13	ced-13	21.48	11.5131492741737	0	0
Y57A10A.13	ced-2	11.036	6.29564821828741	0	0
Y57A10A.13	ced-3	23.954	4.30361512379926	0	0
Y57A10A.13	ced-4	27.23	2.68677127593929	0	0
Y57A10A.13	ced-5	24.032	11.2598590514593	0	0
Y57A10A.13	ced-6	19.694	13.8599787621719	0	0
Y57A10A.13	ced-8	14.952	1.74493232047419	0	0
Y57A10A.13	ced-9	23.02	16.5689441585745	0	0
Y57A10A.13	cee-1	22.87	10.1873154798208	0	0
Y57A10A.13	ceeh-1	20.066	2.9000261057649	0	0
Y57A10A.13	ceeh-2	22.06	7.32792164052577	0	0
Y57A10A.13	ceh-1	13.052	11.5780348867158	0	0
Y57A10A.13	ceh-10	16.544	4.16688392739445	0	0
Y57A10A.13	ceh-100	8.062	0.997721535707772	0	0
Y57A10A.13	ceh-12	13.478	17.8593815972152	0	0
Y57A10A.13	ceh-13	6.458	40.5694516990126	0	0
Y57A10A.13	ceh-14	4.146	4.99456984295023	1	1
Y57A10A.13	ceh-16	21.706	8.63712638498576	0	0
Y57A10A.13	ceh-17	19.396	10.6532078952112	0	0
Y57A10A.13	ceh-18	18.69	8.07360402967578	0	0
Y57A10A.13	ceh-19	21.48	11.2631195798061	0	0
Y57A10A.13	ceh-2	4.724	7.291004667511	1	1
Y57A10A.13	ceh-20	22.308	11.408150683374	0	0
Y57A10A.13	ceh-21	19.5	17.5559966322473	0	0
Y57A10A.13	ceh-22	17.566	21.7154466488477	0	0
Y57A10A.13	ceh-23	18.182	7.02653222094383	0	0
Y57A10A.13	ceh-24	14.592	27.6480999016027	0	0
Y57A10A.13	ceh-27	19.116	34.4183382924052	0	0
Y57A10A.13	ceh-28	7.856	81.5523509113359	0	0
Y57A10A.13	ceh-30	20.87	9.32843123749512	0	0
Y57A10A.13	ceh-31	18.728	6.03225760650158	0	0
Y57A10A.13	ceh-32	17.548	24.9533885199011	0	0
Y57A10A.13	ceh-33	19.036	24.4094767572394	0	0
Y57A10A.13	ceh-34	14.89	5.51707551439062	0	0
Y57A10A.13	ceh-36	14.22	38.4842999352603	0	0
Y57A10A.13	ceh-37	14.118	4.16083433318047	0	0
Y57A10A.13	ceh-38	17.312	5.66985372460355	0	0
Y57A10A.13	ceh-39	17.85	4.02757874125276	0	0
Y57A10A.13	ceh-40	21.75	5.67746284507848	0	0
Y57A10A.13	ceh-41	19.722	30.7301899163508	0	0
Y57A10A.13	ceh-43	12.412	41.5943457154466	0	0
Y57A10A.13	ceh-44	26.694	7.11245779512295	0	0
Y57A10A.13	ceh-45	19.862	19.2012919709004	0	0
Y57A10A.13	ceh-48	17.644	16.5206185666192	0	0
Y57A10A.13	ceh-49	20.37	24.718758067836	0	0
Y57A10A.13	ceh-5	22.796	9.6204898472744	0	0
Y57A10A.13	ceh-51	17.632	11.0130518943268	0	0
Y57A10A.13	ceh-53	3.246	5.52213280824017	1	1
Y57A10A.13	ceh-54	24.91	7.84031833541583	0	0
Y57A10A.13	ceh-57	26.018	3.60114985908087	0	0
Y57A10A.13	ceh-58	22.68	12.1930920690174	0	0
Y57A10A.13	ceh-6	16.318	12.5894957288544	0	0
Y57A10A.13	ceh-60	21.79	4.95905713052487	0	0
Y57A10A.13	ceh-62	14.792	14.7939049474161	0	0
Y57A10A.13	ceh-63	15.424	46.1683268826434	0	0
Y57A10A.13	ceh-7	23.36	15.1151815034783	0	0
Y57A10A.13	ceh-74	20.636	9.63375474733963	0	0
Y57A10A.13	ceh-75	20.282	5.95929667836288	0	0
Y57A10A.13	ceh-76	16.878	10.3922333229677	0	0
Y57A10A.13	ceh-79	15.39	9.34385621414134	0	0
Y57A10A.13	ceh-8	21.494	6.15248189485974	0	0
Y57A10A.13	ceh-81	18.872	1.67035859849167	0	0
Y57A10A.13	ceh-82	26.42	14.2713751501847	0	0
Y57A10A.13	ceh-83	19.148	21.9592419100585	0	0
Y57A10A.13	ceh-84	15.784	4.02208843211481	0	0
Y57A10A.13	ceh-86	21.616	13.4088315861984	0	0
Y57A10A.13	ceh-87	9.654	3.71359859916241	0	0
Y57A10A.13	ceh-88	24.244	13.0477729425936	0	0
Y57A10A.13	ceh-89	24.178	7.73316477230491	0	0
Y57A10A.13	ceh-9	11.488	51.9061188080993	0	0
Y57A10A.13	ceh-90	19.966	10.9885026956218	0	0
Y57A10A.13	ceh-91	25.254	2.74349399431522	0	0
Y57A10A.13	ceh-92	4.076	4.00360670478144	1	1
Y57A10A.13	ceh-93	17.788	14.0075900754924	0	0
Y57A10A.13	ceh-99	6.22	4.22159678633469	0	0
Y57A10A.13	cel-1	22.516	0.881905697910817	0	0
Y57A10A.13	cep-1	19.634	2.68315759199839	0	0
Y57A10A.13	ceph-41	16.48	31.2623985678378	0	0
Y57A10A.13	cepr-104.2	25.18	3.4976566358219	0	0
Y57A10A.13	cepr-104.3	25.3	3.67960626392214	0	0
Y57A10A.13	cept-1	24.018	4.51311654333205	0	0
Y57A10A.13	cept-2	20.012	2.43149198799412	0	0
Y57A10A.13	cerk-1	24.374	3.20086759060139	0	0
Y57A10A.13	ces-1	8.53	4.72364352119713	0	0
Y57A10A.13	ces-2	21.284	8.0489313755321	0	0
Y57A10A.13	cest-1.1	23.76	1.83720678330952	0	0
Y57A10A.13	cest-1.2	24.172	9.15667053425705	0	0
Y57A10A.13	cest-10	23.556	5.1586290339491	0	0
Y57A10A.13	cest-12	21.12	2.69678614884435	0	0
Y57A10A.13	cest-13	24.714	1.0986998737496	0	0
Y57A10A.13	cest-16	23.212	4.02715577016521	0	0
Y57A10A.13	cest-17	23.496	4.88413221639296	0	0
Y57A10A.13	cest-19	26.678	3.85871139177214	0	0
Y57A10A.13	cest-2.1	14.614	10.918920712046	0	0
Y57A10A.13	cest-2.2	23.538	0.925635617241815	0	0
Y57A10A.13	cest-2.3	23.146	2.93892078018627	0	0
Y57A10A.13	cest-24	24.038	11.6489442088707	0	0
Y57A10A.13	cest-25	25.23	3.27333802931097	0	0
Y57A10A.13	cest-26	20.674	3.70899941657669	0	0
Y57A10A.13	cest-27	26.368	4.17477340505643	0	0
Y57A10A.13	cest-28	23.238	5.01277687992719	0	0
Y57A10A.13	cest-3	21.848	16.3203608893211	0	0
Y57A10A.13	cest-30	22.488	5.34223464680896	0	0
Y57A10A.13	cest-31	24.47	2.60617225394402	0	0
Y57A10A.13	cest-32	24.15	1.42541734807938	0	0
Y57A10A.13	cest-34	25.206	5.61185691954446	0	0
Y57A10A.13	cest-35.1	24.12	2.07648954695541	0	0
Y57A10A.13	cest-35.2	25.126	4.32209509207411	0	0
Y57A10A.13	cest-4	19.782	7.79923554283037	0	0
Y57A10A.13	cest-5.1	22.528	3.35812473731335	0	0
Y57A10A.13	cest-5.2	22.016	1.65822735597451	0	0
Y57A10A.13	cest-6	20.366	3.49286976577136	0	0
Y57A10A.13	cest-7	24.836	7.06073787473793	0	0
Y57A10A.13	cest-8	21.374	5.60665085420154	0	0
Y57A10A.13	cest-9.1	21.654	3.37066386051596	0	0
Y57A10A.13	cest-9.2	26.088	2.758744736816	0	0
Y57A10A.13	cex-1	15.936	26.8373213439095	0	0
Y57A10A.13	cex-2	23.57	6.54240177319782	0	0
Y57A10A.13	cey-1	14.936	3.83725058587726	0	0
Y57A10A.13	cey-2	10.926	9.98828758270615	0	0
Y57A10A.13	cey-3	15.36	12.8946522802013	0	0
Y57A10A.13	cey-4	19.526	21.9766022772151	0	0
Y57A10A.13	cfap-36	19.098	5.23751160440248	0	0
Y57A10A.13	cfh-1	25.178	4.05421128652279	0	0
Y57A10A.13	cfi-1	12.43	40.7613115895127	0	0
Y57A10A.13	cfim-1	13.244	3.05197009465656	0	0
Y57A10A.13	cfim-2	17.892	2.83157888926233	0	0
Y57A10A.13	cfp-1	22.028	1.91916144406978	0	0
Y57A10A.13	cft-1	27.952	2.01956438142161	0	0
Y57A10A.13	cfz-2	19.894	1.72729318145487	0	0
Y57A10A.13	cgef-1	24.092	4.7912376958943	0	0
Y57A10A.13	cgh-1	24.482	4.20879822467316	0	0
Y57A10A.13	cgp-1	23.22	17.615652488646	0	0
Y57A10A.13	cgr-1	9.052	4.52965520899776	0	0
Y57A10A.13	cgt-1	19.852	9.35343590997481	0	0
Y57A10A.13	cgt-2	21.944	27.6933507077682	0	0
Y57A10A.13	cgt-3	22.586	1.62514767581859	0	0
Y57A10A.13	cha-1	15.626	22.0392082841611	0	0
Y57A10A.13	chaf-1	22.664	5.2808051406716	0	0
Y57A10A.13	chaf-2	23.394	2.69987627724998	0	0
Y57A10A.13	chat-1	20.83	4.60636140546224	0	0
Y57A10A.13	chc-1	29.99	1.47282846451202	0	0
Y57A10A.13	chca-1	22.292	13.8739689241741	0	0
Y57A10A.13	chch-3	20.486	23.1694135929988	0	0
Y57A10A.13	chd-1	21.51	10.0455530615131	0	0
Y57A10A.13	chd-3	24.298	3.72707535725351	0	0
Y57A10A.13	chdh-1	6.458	11.3013695997489	0	0
Y57A10A.13	chdp-1	16.752	6.74260997376037	0	0
Y57A10A.13	che-1	21.826	20.1732508962244	0	0
Y57A10A.13	che-10	26.508	3.59427209473249	0	0
Y57A10A.13	che-11	23.816	12.2602912224827	0	0
Y57A10A.13	che-12	24.534	9.06052928425323	0	0
Y57A10A.13	che-13	26.444	5.41502692401934	0	0
Y57A10A.13	che-14	12.58	2.7009486499256	0	0
Y57A10A.13	che-2	27.32	5.06362933098716	0	0
Y57A10A.13	che-6	15.974	3.09217050573446	0	0
Y57A10A.13	che-7	23.034	11.3034550648563	0	0
Y57A10A.13	chhy-1	22.12	6.96738069312129	0	0
Y57A10A.13	chil-1	21.35	29.8829590420378	0	0
Y57A10A.13	chil-10	22.276	2.01226504389103	0	0
Y57A10A.13	chil-11	24.304	4.34339327776746	0	0
Y57A10A.13	chil-12	17.264	21.4451293498046	0	0
Y57A10A.13	chil-13	22.966	14.0178727414772	0	0
Y57A10A.13	chil-14	21.81	7.30967276786048	0	0
Y57A10A.13	chil-15	27.274	1.7096645110277	0	0
Y57A10A.13	chil-16	22.198	5.11762574705454	0	0
Y57A10A.13	chil-17	26.448	4.84716779712859	0	0
Y57A10A.13	chil-18	11.022	59.0573283737128	0	0
Y57A10A.13	chil-19	15.894	40.8387525995422	0	0
Y57A10A.13	chil-2	5.056	8.42108170299695	0	0
Y57A10A.13	chil-21	15.326	37.5521010585528	0	0
Y57A10A.13	chil-22	19.64	14.7746918141606	0	0
Y57A10A.13	chil-23	13.24	71.553369584771	0	0
Y57A10A.13	chil-24	24.1	3.42468220447524	0	0
Y57A10A.13	chil-25	24.766	2.6518500563781	0	0
Y57A10A.13	chil-26	24.934	7.12760580571955	0	0
Y57A10A.13	chil-27	17.568	24.0640852864014	0	0
Y57A10A.13	chil-3	23.044	6.51164396357081	0	0
Y57A10A.13	chil-4	20.864	7.98285062231428	0	0
Y57A10A.13	chil-5	18.372	49.5606196460077	0	0
Y57A10A.13	chil-6	21.014	29.5379231057585	0	0
Y57A10A.13	chil-7	16.544	21.7629081645036	0	0
Y57A10A.13	chil-8	2.184	1.66983356490939	1	1
Y57A10A.13	chil-9	18.01	58.8235480910738	0	0
Y57A10A.13	chin-1	22.738	10.9007499124721	0	0
Y57A10A.13	chk-1	21.388	4.0666802963244	0	0
Y57A10A.13	chk-2	24.332	10.4175643900921	0	0
Y57A10A.13	chkr-1	25.422	4.64109889546674	0	0
Y57A10A.13	chl-1	18.51	20.264469001539	0	0
Y57A10A.13	chmp-7	14.962	4.26270037634515	0	0
Y57A10A.13	chn-1	14.034	11.224226327373	0	0
Y57A10A.13	cho-1	18.798	6.62912036641051	0	0
Y57A10A.13	chp-1	3.386	2.6954764817731	1	1
Y57A10A.13	chpf-1	25.314	2.8711161068707	0	0
Y57A10A.13	chpf-2	24.768	3.37574313836085	0	0
Y57A10A.13	chs-1	20.428	2.85468577883371	0	0
Y57A10A.13	chs-2	12.288	48.0991248276105	0	0
Y57A10A.13	chst-1	24.496	2.11996746749425	0	0
Y57A10A.13	cht-1	23.436	3.59774129627229	0	0
Y57A10A.13	cht-2	20.14	19.9290974153291	0	0
Y57A10A.13	cht-3	27.31	2.76655496181729	0	0
Y57A10A.13	cht-4	24.672	3.64227126300806	0	0
Y57A10A.13	cht-5	15.378	2.7185265984026	0	0
Y57A10A.13	chtb-3	15.898	2.57179695974629	0	0
Y57A10A.13	chtl-1	10.56	2.39847067081703	0	0
Y57A10A.13	chts-1	24.562	9.71331726293022	0	0
Y57A10A.13	chup-1	17.536	14.7078715092761	0	0
Y57A10A.13	chw-1	23.754	7.69847712764158	0	0
Y57A10A.13	cic-1	23.904	5.76008796170485	0	0
Y57A10A.13	cid-1	18.448	3.77686888813061	0	0
Y57A10A.13	cids-1	21.908	3.49707720444523	0	0
Y57A10A.13	cids-2	17.33	16.9285011899292	0	0
Y57A10A.13	cif-1	24.664	4.54542773501026	0	0
Y57A10A.13	cil-1	22.122	18.3535893248657	0	0
Y57A10A.13	cil-7	18.672	10.836510227449	0	0
Y57A10A.13	cima-1	24.954	2.83995301367635	0	0
Y57A10A.13	cin-4	11.126	2.48562085456676	0	0
Y57A10A.13	cir-1	18.722	3.8374624499681	0	0
Y57A10A.13	cisd-1	25.662	4.61763226958811	0	0
Y57A10A.13	cisd-3.1	28.038	3.00879291665794	0	0
Y57A10A.13	cisd-3.2	23.874	13.9654690238923	0	0
Y57A10A.13	cit-1.1	17.674	0.817580258829396	0	0
Y57A10A.13	cit-1.2	24.538	5.734718125031	0	0
Y57A10A.13	citk-1	24.344	14.7529547873266	0	0
Y57A10A.13	citk-2	26.896	5.28290662480381	0	0
Y57A10A.13	cka-1	22.654	4.31293231869054	0	0
Y57A10A.13	cka-2	23.81	3.2097086949882	0	0
Y57A10A.13	ckb-1	23.846	0.901667481307372	0	0
Y57A10A.13	ckb-2	24.868	5.6533289267442	0	0
Y57A10A.13	ckb-3	21.05	3.59541813366737	0	0
Y57A10A.13	ckb-4	19.238	1.19294861907186	0	0
Y57A10A.13	ckc-1	25.044	3.94856313788264	0	0
Y57A10A.13	cki-1	24.742	4.36695545642816	0	0
Y57A10A.13	cki-2	17.772	7.88934763262487	0	0
Y57A10A.13	ckk-1	21.144	2.56169901919009	0	0
Y57A10A.13	ckr-1	22.124	7.03220601037935	0	0
Y57A10A.13	ckr-2	13.078	28.7590829425315	0	0
Y57A10A.13	cks-1	26.118	5.88875376067757	0	0
Y57A10A.13	cku-70	27.698	7.33004492500433	0	0
Y57A10A.13	cku-80	28.168	2.84280792731833	0	0
Y57A10A.13	cky-1	19.172	12.4554744813336	0	0
Y57A10A.13	clc-1	15.748	2.45294670096315	0	0
Y57A10A.13	clc-10	24.33	1.92168840568203	0	0
Y57A10A.13	clc-11	20.458	18.7819151202088	0	0
Y57A10A.13	clc-12	5.658	2.6434436006708	0	0
Y57A10A.13	clc-13	8.818	2.97283962400743	0	0
Y57A10A.13	clc-14	20.826	2.67402846198335	0	0
Y57A10A.13	clc-15	19.824	1.82353151711768	0	0
Y57A10A.13	clc-17	8.626	8.82413809188219	0	0
Y57A10A.13	clc-18	26.174	1.19407808393781	0	0
Y57A10A.13	clc-19	25.836	8.09062640370527	0	0
Y57A10A.13	clc-2	20.852	12.4283399519833	0	0
Y57A10A.13	clc-20	26.328	3.52698626920606	0	0
Y57A10A.13	clc-21	5.528	2.24268820714471	0	0
Y57A10A.13	clc-23	22.144	15.8344983169842	0	0
Y57A10A.13	clc-24	21.088	12.6176588873624	0	0
Y57A10A.13	clc-25	17.844	21.7161312010907	0	0
Y57A10A.13	clc-26	14.188	6.95872858056174	0	0
Y57A10A.13	clc-27	11.954	3.54894175866759	0	0
Y57A10A.13	clc-28	24.27	1.59072905582991	0	0
Y57A10A.13	clc-29	21.358	3.01320539832824	0	0
Y57A10A.13	clc-3	9.876	0.642793448687886	0	0
Y57A10A.13	clc-30	16.566	1.33935980348429	0	0
Y57A10A.13	clc-31	13.79	3.97022691956266	0	0
Y57A10A.13	clc-32	23.728	2.13264327260054	0	0
Y57A10A.13	clc-33	19.016	13.8999969021523	0	0
Y57A10A.13	clc-4	18.04	16.5089852852767	0	0
Y57A10A.13	clc-5	26.346	3.83628510161256	0	0
Y57A10A.13	clc-6	17.676	5.46496120360559	0	0
Y57A10A.13	clc-7	20.342	3.55028037451076	0	0
Y57A10A.13	clc-8	18.674	3.45899878495675	0	0
Y57A10A.13	clc-9	18.344	0.500518051946708	0	0
Y57A10A.13	cld-9	18.658	7.19034035150292	0	0
Y57A10A.13	cle-1	20.55	2.42113852995793	0	0
Y57A10A.13	clec-1	26.348	9.09153381505771	0	0
Y57A10A.13	clec-10	25.11	1.92275710148519	0	0
Y57A10A.13	clec-100	27.556	5.41572505388384	0	0
Y57A10A.13	clec-101	27.56	2.57683611943174	0	0
Y57A10A.13	clec-102	26.728	4.1863850476853	0	0
Y57A10A.13	clec-103	14.5	1.41757274421341	0	0
Y57A10A.13	clec-104	28.666	2.82775661949662	0	0
Y57A10A.13	clec-105	27.282	4.50156309651255	0	0
Y57A10A.13	clec-106	28.302	2.40023967313302	0	0
Y57A10A.13	clec-107	9.858	2.54148324260825	0	0
Y57A10A.13	clec-108	24.206	7.98844507293108	0	0
Y57A10A.13	clec-109	13.956	46.6867498689655	0	0
Y57A10A.13	clec-11	26.112	3.31452321339128	0	0
Y57A10A.13	clec-110	22.058	26.1523850434933	0	0
Y57A10A.13	clec-111	25.854	3.46855742895463	0	0
Y57A10A.13	clec-112	24.476	2.79778001993036	0	0
Y57A10A.13	clec-113	8.968	2.29526921821955	0	0
Y57A10A.13	clec-114	26.812	4.110888458442	0	0
Y57A10A.13	clec-115	22.902	0.905126471438	0	0
Y57A10A.13	clec-116	25.01	5.8677806546611	0	0
Y57A10A.13	clec-117	10.752	7.21422898580335	0	0
Y57A10A.13	clec-118	26.6	4.18316499242329	0	0
Y57A10A.13	clec-119	24.998	10.785273793301	0	0
Y57A10A.13	clec-12	22.306	5.60643714330787	0	0
Y57A10A.13	clec-121	18.61	39.2406287723352	0	0
Y57A10A.13	clec-122	24.434	10.9710560171895	0	0
Y57A10A.13	clec-123	26.964	5.29061823720007	0	0
Y57A10A.13	clec-124	14.73	21.9124790580222	0	0
Y57A10A.13	clec-125	19.23	4.41466727079019	0	0
Y57A10A.13	clec-126	28.288	1.93016000774666	0	0
Y57A10A.13	clec-127	11.436	2.35496627488992	0	0
Y57A10A.13	clec-128	8.29	13.2316614724266	0	0
Y57A10A.13	clec-129	26.94	1.92324278896494	0	0
Y57A10A.13	clec-130	23.002	23.6967704704693	0	0
Y57A10A.13	clec-132	25.964	11.0225080683013	0	0
Y57A10A.13	clec-133	27.954	6.4633804360123	0	0
Y57A10A.13	clec-134	25.462	1.96849625017931	0	0
Y57A10A.13	clec-135	23.558	27.3562135573003	0	0
Y57A10A.13	clec-136	23.544	4.82011555999052	0	0
Y57A10A.13	clec-137	22.03	1.30656722329771	0	0
Y57A10A.13	clec-138	20.73	3.35340980056721	0	0
Y57A10A.13	clec-139	23.888	4.29727478213601	0	0
Y57A10A.13	clec-140	25.582	1.78586052827571	0	0
Y57A10A.13	clec-141	7.106	3.98481187363955	0	0
Y57A10A.13	clec-142	23.294	10.3233019735595	0	0
Y57A10A.13	clec-143	18.63	7.28612782427048	0	0
Y57A10A.13	clec-144	23.42	4.38092098992216	0	0
Y57A10A.13	clec-145	15.58	5.00950334503186	0	0
Y57A10A.13	clec-146	25.638	5.63082471034536	0	0
Y57A10A.13	clec-147	20.058	28.6892792593983	0	0
Y57A10A.13	clec-148	27.81	1.33312656684046	0	0
Y57A10A.13	clec-149	20.528	11.7806914457583	0	0
Y57A10A.13	clec-15	23.744	9.14698851580182	0	0
Y57A10A.13	clec-150	23.072	5.09762913209702	0	0
Y57A10A.13	clec-151	17.468	1.78773714167912	0	0
Y57A10A.13	clec-153	25.542	2.01759784904221	0	0
Y57A10A.13	clec-156	22.348	16.541754414081	0	0
Y57A10A.13	clec-157	24.66	11.0247888515076	0	0
Y57A10A.13	clec-158	25.46	10.8644512850933	0	0
Y57A10A.13	clec-160	23.802	2.89638806976124	0	0
Y57A10A.13	clec-161	25.832	2.76854795660156	0	0
Y57A10A.13	clec-162	10.706	9.47884737590572	0	0
Y57A10A.13	clec-163	23.86	2.35337722403461	0	0
Y57A10A.13	clec-164	26.468	12.7266483135292	0	0
Y57A10A.13	clec-165	26.208	4.5233631865039	0	0
Y57A10A.13	clec-166	19.196	8.08313109160159	0	0
Y57A10A.13	clec-167	25.65	4.13209383591206	0	0
Y57A10A.13	clec-168	24.156	3.40991461392793	0	0
Y57A10A.13	clec-169	22.404	2.67597220063457	0	0
Y57A10A.13	clec-17	24.834	2.30556658958456	0	0
Y57A10A.13	clec-170	25.28	3.10503254685817	0	0
Y57A10A.13	clec-171	3.406	41.9660450589151	0	0
Y57A10A.13	clec-172	27.032	1.37134520820418	0	0
Y57A10A.13	clec-173	15.278	45.894251563217	0	0
Y57A10A.13	clec-174	22.204	1.42405035875941	0	0
Y57A10A.13	clec-175	23.188	20.7528865791205	0	0
Y57A10A.13	clec-176	26.614	1.76250678214338	0	0
Y57A10A.13	clec-177	26.094	9.99280957123516	0	0
Y57A10A.13	clec-178	27.892	1.85021515767121	0	0
Y57A10A.13	clec-179	11.54	2.11818137982327	0	0
Y57A10A.13	clec-18	25.988	4.70639727659224	0	0
Y57A10A.13	clec-180	23.354	10.8403087685627	0	0
Y57A10A.13	clec-181	15.698	5.13336075103896	0	0
Y57A10A.13	clec-182	26.05	6.7020928439823	0	0
Y57A10A.13	clec-183	26.716	4.63526644526933	0	0
Y57A10A.13	clec-184	24.962	3.06307376377669	0	0
Y57A10A.13	clec-185	23.952	4.41372529276075	0	0
Y57A10A.13	clec-186	24.434	3.66751007483728	0	0
Y57A10A.13	clec-187	25.336	3.85668000477194	0	0
Y57A10A.13	clec-189	25.716	9.06357740624886	0	0
Y57A10A.13	clec-19	23.424	1.60946604447411	0	0
Y57A10A.13	clec-190	20.508	23.1366417243786	0	0
Y57A10A.13	clec-191	22.402	15.6363028227631	0	0
Y57A10A.13	clec-193	28.026	1.71169152770365	0	0
Y57A10A.13	clec-194	26.048	6.87682770829628	0	0
Y57A10A.13	clec-195	21.38	20.4475285250368	0	0
Y57A10A.13	clec-196	24.286	4.17937273759037	0	0
Y57A10A.13	clec-197	26.998	4.91272339148429	0	0
Y57A10A.13	clec-198	24.97	13.7421745632904	0	0
Y57A10A.13	clec-199	22.192	23.5672752025813	0	0
Y57A10A.13	clec-2	23.212	8.62588852406558	0	0
Y57A10A.13	clec-20	21.17	3.57706572969097	0	0
Y57A10A.13	clec-202	20.066	10.1335156782896	0	0
Y57A10A.13	clec-203	18.498	31.7512380902532	0	0
Y57A10A.13	clec-204	23.824	1.91446884876401	0	0
Y57A10A.13	clec-205	25.042	1.68746680397879	0	0
Y57A10A.13	clec-206	25.29	4.86173361587641	0	0
Y57A10A.13	clec-207	13.588	20.4593213857783	0	0
Y57A10A.13	clec-208	8.502	3.15540166756328	0	0
Y57A10A.13	clec-209	18.958	9.22666547994814	0	0
Y57A10A.13	clec-21	21.26	3.83009793991519	0	0
Y57A10A.13	clec-210	22.962	13.8250630866781	0	0
Y57A10A.13	clec-212	23.566	6.32100199783175	0	0
Y57A10A.13	clec-213	25.56	2.71211712714903	0	0
Y57A10A.13	clec-214	24.004	9.88321952714593	0	0
Y57A10A.13	clec-215	26.066	9.69416664327598	0	0
Y57A10A.13	clec-216	16.52	3.67932195932593	0	0
Y57A10A.13	clec-217	16.4	10.68291986858	0	0
Y57A10A.13	clec-218	24.386	2.25624969728385	0	0
Y57A10A.13	clec-219	9.878	4.11617353927501	0	0
Y57A10A.13	clec-22	11.172	7.89497025341945	0	0
Y57A10A.13	clec-221	8.162	6.73208128262484	0	0
Y57A10A.13	clec-222	19.768	3.13789111356234	0	0
Y57A10A.13	clec-223	23.114	5.64212335906935	0	0
Y57A10A.13	clec-224	17.668	4.35658098582908	0	0
Y57A10A.13	clec-225	27.696	2.4984670461075	0	0
Y57A10A.13	clec-226	23.57	13.2724066652215	0	0
Y57A10A.13	clec-227	25.896	4.71396852880592	0	0
Y57A10A.13	clec-228	25.81	3.99248764763783	0	0
Y57A10A.13	clec-229	14.386	48.4005799993529	0	0
Y57A10A.13	clec-230	11.478	58.184837600683	0	0
Y57A10A.13	clec-231	11.832	29.6232309387682	0	0
Y57A10A.13	clec-232	20.552	30.6305673353052	0	0
Y57A10A.13	clec-233	19.222	3.92863507556551	0	0
Y57A10A.13	clec-234	6.172	2.06347640634258	0	0
Y57A10A.13	clec-238	9.386	52.44521085773	0	0
Y57A10A.13	clec-239	27.876	1.41383007349426	0	0
Y57A10A.13	clec-24	24.42	8.31205137633467	0	0
Y57A10A.13	clec-240	7.492	4.69390625407361	0	0
Y57A10A.13	clec-241	14.402	54.6147722014262	0	0
Y57A10A.13	clec-242	20.314	21.0074335841788	0	0
Y57A10A.13	clec-243	23.33	2.18812670691817	0	0
Y57A10A.13	clec-245	19.246	3.43235292945058	0	0
Y57A10A.13	clec-246	26.688	4.00696314476289	0	0
Y57A10A.13	clec-247	11.142	34.6216179080633	0	0
Y57A10A.13	clec-248	9.65	5.41196608415316	0	0
Y57A10A.13	clec-25	20.818	25.3367573562977	0	0
Y57A10A.13	clec-250	28.49	2.24599088020077	0	0
Y57A10A.13	clec-251	23.57	3.40513177287039	0	0
Y57A10A.13	clec-252	27.66	2.83532623013609	0	0
Y57A10A.13	clec-254	14.29	2.5245841858009	0	0
Y57A10A.13	clec-255	27.656	3.34799379140408	0	0
Y57A10A.13	clec-256	24.492	5.64228360746904	0	0
Y57A10A.13	clec-257	23.828	6.72189379910689	0	0
Y57A10A.13	clec-258	26.468	3.43794787250408	0	0
Y57A10A.13	clec-26	10.47	85.1120504005201	0	0
Y57A10A.13	clec-260	9.056	3.00142177890362	0	0
Y57A10A.13	clec-261	24.95	28.3123285059696	0	0
Y57A10A.13	clec-262	10.646	6.81948858553175	0	0
Y57A10A.13	clec-263	24.046	3.79269867973511	0	0
Y57A10A.13	clec-264	21.556	4.95150853013896	0	0
Y57A10A.13	clec-265	25.22	1.24285709902121	0	0
Y57A10A.13	clec-266	10.864	29.9789455863977	0	0
Y57A10A.13	clec-27	4.958	1.27083372343876	1	1
Y57A10A.13	clec-28	12.836	64.4901877345786	0	0
Y57A10A.13	clec-29	26.04	3.06991562787789	0	0
Y57A10A.13	clec-3	24.006	4.6543849154338	0	0
Y57A10A.13	clec-31	5.184	5.48430117649717	0	0
Y57A10A.13	clec-32	13.102	52.9248765949149	0	0
Y57A10A.13	clec-33	27.254	1.13288165682628	0	0
Y57A10A.13	clec-34	25.57	7.23435399289193	0	0
Y57A10A.13	clec-35	24.708	2.70750103831883	0	0
Y57A10A.13	clec-36	17.88	0.998913372454799	0	0
Y57A10A.13	clec-37	25.108	3.16906317195578	0	0
Y57A10A.13	clec-38	22.658	1.70487265631423	0	0
Y57A10A.13	clec-39	15.78	4.38248552649432	0	0
Y57A10A.13	clec-4	26.838	2.21464046350497	0	0
Y57A10A.13	clec-40	16.5	53.9353590591658	0	0
Y57A10A.13	clec-41	25.36	2.56566844490024	0	0
Y57A10A.13	clec-42	26.684	2.79810310689058	0	0
Y57A10A.13	clec-43	23.132	30.1163349659027	0	0
Y57A10A.13	clec-45	25.78	8.05403762018677	0	0
Y57A10A.13	clec-47	27.222	2.62641076124831	0	0
Y57A10A.13	clec-48	26.798	1.59794475181024	0	0
Y57A10A.13	clec-49	23.696	4.07373995866364	0	0
Y57A10A.13	clec-5	24.988	2.63191342820929	0	0
Y57A10A.13	clec-50	4.928	6.79016206450826	1	1
Y57A10A.13	clec-51	22.016	5.74493247044605	0	0
Y57A10A.13	clec-52	24.884	1.3706471625941	0	0
Y57A10A.13	clec-53	25.076	4.37582951093285	0	0
Y57A10A.13	clec-54	27.048	2.17430912857647	0	0
Y57A10A.13	clec-55	27.676	2.52611659319423	0	0
Y57A10A.13	clec-56	22.382	3.06520388589003	0	0
Y57A10A.13	clec-57	25.552	5.93082275116643	0	0
Y57A10A.13	clec-58	25.718	2.72992696252118	0	0
Y57A10A.13	clec-59	19.124	1.8533948198856	0	0
Y57A10A.13	clec-6	26.452	2.69624621468541	0	0
Y57A10A.13	clec-60	25.726	2.32750426385558	0	0
Y57A10A.13	clec-61	3.662	4.55879585145828	1	1
Y57A10A.13	clec-62	23.13	6.98993287620373	0	0
Y57A10A.13	clec-63	24.782	3.40243067534494	0	0
Y57A10A.13	clec-64	25.594	3.75409300720716	0	0
Y57A10A.13	clec-65	24.144	5.88258873199397	0	0
Y57A10A.13	clec-66	21.118	25.6543291898659	0	0
Y57A10A.13	clec-67	23.326	2.26558127514099	0	0
Y57A10A.13	clec-68	25.578	0.563445176332907	0	0
Y57A10A.13	clec-7	24.31	3.02547524441812	0	0
Y57A10A.13	clec-70	23.58	3.60512396401572	0	0
Y57A10A.13	clec-71	23.828	4.49300526044689	0	0
Y57A10A.13	clec-72	23.738	5.40890770269899	0	0
Y57A10A.13	clec-73	18.532	3.25320921613814	0	0
Y57A10A.13	clec-74	27.196	2.51648379814667	0	0
Y57A10A.13	clec-75	24.146	12.2498224088575	0	0
Y57A10A.13	clec-76	25.252	4.77985386988358	0	0
Y57A10A.13	clec-79	20.044	3.86538309410787	0	0
Y57A10A.13	clec-8	27.034	2.40104822097677	0	0
Y57A10A.13	clec-80	24.308	5.18171530220639	0	0
Y57A10A.13	clec-82	20.014	3.46430975814128	0	0
Y57A10A.13	clec-83	19.386	11.1323014940783	0	0
Y57A10A.13	clec-84	26.042	4.20736669896688	0	0
Y57A10A.13	clec-85	20.082	4.64243039756349	0	0
Y57A10A.13	clec-86	18.592	13.3013558043236	0	0
Y57A10A.13	clec-87	20.898	2.20490929318928	0	0
Y57A10A.13	clec-88	16.076	7.53247783644078	0	0
Y57A10A.13	clec-89	17.284	8.54440024653172	0	0
Y57A10A.13	clec-9	26.182	5.23562654504455	0	0
Y57A10A.13	clec-90	22.258	7.50489739320752	0	0
Y57A10A.13	clec-91	18.152	20.9652760101968	0	0
Y57A10A.13	clec-92	26.194	10.08329206032	0	0
Y57A10A.13	clec-93	13.99	14.6457380249791	0	0
Y57A10A.13	clec-94	22.232	24.4572289798648	0	0
Y57A10A.13	clec-95	5.992	8.65525996776416	0	0
Y57A10A.13	clec-96	27.24	6.97484349373004	0	0
Y57A10A.13	clec-97	27.67	4.33795612331221	0	0
Y57A10A.13	clec-98	15.912	8.80662456823823	0	0
Y57A10A.13	clec-99	4.022	4.91764706716106	1	1
Y57A10A.13	clh-1	24.656	8.35735610567295	0	0
Y57A10A.13	clh-2	21.736	20.9005216035678	0	0
Y57A10A.13	clh-3	21.906	3.53358523028856	0	0
Y57A10A.13	clh-4	7.652	4.51704555490247	0	0
Y57A10A.13	clh-5	22.724	6.52026317735879	0	0
Y57A10A.13	clh-6	20.314	6.25384191735551	0	0
Y57A10A.13	clhm-1	24.71	5.94253537162901	0	0
Y57A10A.13	clic-1	14.1	7.32542064569925	0	0
Y57A10A.13	clik-1	14.546	13.6946003450858	0	0
Y57A10A.13	clik-2	18.454	7.4368665806187	0	0
Y57A10A.13	clik-3	11.068	6.7359357257065	0	0
Y57A10A.13	clip-1	17.42	30.0530491370797	0	0
Y57A10A.13	clk-1	25.338	3.26385096940487	0	0
Y57A10A.13	clk-2	26.338	6.55788032709529	0	0
Y57A10A.13	cln-3.1	23.826	4.8625304422345	0	0
Y57A10A.13	cln-3.2	23.652	5.66298967534719	0	0
Y57A10A.13	cln-3.3	25.616	0.759288559202904	0	0
Y57A10A.13	clp-1	4.578	2.37984992572562	1	1
Y57A10A.13	clp-10	27.542	2.63370766353306	0	0
Y57A10A.13	clp-2	28.278	2.7081593223449	0	0
Y57A10A.13	clp-3	14.468	43.1251072022524	0	0
Y57A10A.13	clp-4	18.826	9.63507444579837	0	0
Y57A10A.13	clp-6	22.044	6.58632020261868	0	0
Y57A10A.13	clp-7	13.066	41.8254168482321	0	0
Y57A10A.13	clp-8	24.666	2.24642373524002	0	0
Y57A10A.13	clp-9	18.182	7.43280482474308	0	0
Y57A10A.13	clpf-1	23.142	2.46597112989109	0	0
Y57A10A.13	clpp-1	24.66	3.33176911891826	0	0
Y57A10A.13	clpr-1	21.272	12.1835410444137	0	0
Y57A10A.13	clpr-2	26.186	3.86340748326205	0	0
Y57A10A.13	clpr-3	25.342	3.25664882595837	0	0
Y57A10A.13	clr-1	26.24	5.82711754495595	0	0
Y57A10A.13	cls-1	25.988	7.51432813892549	0	0
Y57A10A.13	cls-2	24.386	7.5720427516912	0	0
Y57A10A.13	cls-3	20.816	7.43973027722017	0	0
Y57A10A.13	clsp-1	23.732	11.5193190769575	0	0
Y57A10A.13	clu-1	23.094	18.1781271900963	0	0
Y57A10A.13	clx-1	22.856	9.87402642459207	0	0
Y57A10A.13	cmd-1	16.3	12.6088172551314	0	0
Y57A10A.13	cmk-1	20.26	8.30915098909123	0	0
Y57A10A.13	cmt-1	20.524	25.6941602328958	0	0
Y57A10A.13	cmtr-2	27.868	2.19320988357653	0	0
Y57A10A.13	cnb-1	19.886	2.42332535331996	0	0
Y57A10A.13	cnc-1	10.08	6.18947450687066	0	0
Y57A10A.13	cnc-10	5.858	2.67034649344643	0	0
Y57A10A.13	cnc-11	5.712	5.44605686554782	0	0
Y57A10A.13	cnc-2	12.648	2.68724171869045	0	0
Y57A10A.13	cnc-3	10.988	14.2049464661042	0	0
Y57A10A.13	cnc-4	11.592	4.20118207982197	0	0
Y57A10A.13	cnc-5	9.826	21.8137136035445	0	0
Y57A10A.13	cnc-6	6.64	2.25652470839936	0	0
Y57A10A.13	cnc-7	12.958	7.25777629343013	0	0
Y57A10A.13	cnc-8	18.76	4.49076021614757	0	0
Y57A10A.13	cnc-9	12.346	17.0031538553302	0	0
Y57A10A.13	cnd-1	18.532	1.30144925869474	0	0
Y57A10A.13	cnep-1	23.884	2.61850556653632	0	0
Y57A10A.13	cng-1	24.176	2.45835356261489	0	0
Y57A10A.13	cng-2	23.83	13.5897325353298	0	0
Y57A10A.13	cng-3	23.988	0.841220493955607	0	0
Y57A10A.13	cni-1	23.654	1.30118538369568	0	0
Y57A10A.13	cnk-1	18.904	17.9687459820214	0	0
Y57A10A.13	cnnm-1	25.834	3.17772082035099	0	0
Y57A10A.13	cnnm-2	27.858	1.20250031312481	0	0
Y57A10A.13	cnnm-3	23.404	1.48308960177177	0	0
Y57A10A.13	cnnm-4	27.386	2.93038339798205	0	0
Y57A10A.13	cnnm-5	21.81	2.70848188804817	0	0
Y57A10A.13	cnp-2	21.686	6.28678633958796	0	0
Y57A10A.13	cnp-3	27.162	1.70459126688884	0	0
Y57A10A.13	cnt-1	25.016	1.74326958600866	0	0
Y57A10A.13	cnt-2	20.528	6.46680231341397	0	0
Y57A10A.13	cnx-1	20.71	28.9108087708427	0	0
Y57A10A.13	coa-1	10.68	2.48436313884299	0	0
Y57A10A.13	coa-3	25.684	4.38656542326479	0	0
Y57A10A.13	coa-4	5.71	5.36513964344672	0	0
Y57A10A.13	coa-5	12.048	3.62574274721327	0	0
Y57A10A.13	coa-6	26.114	4.62153575457334	0	0
Y57A10A.13	coa-7	22.37	4.54980655887904	0	0
Y57A10A.13	coel-1	21.41	7.95256889849277	0	0
Y57A10A.13	cof-2	23.914	5.96413963106923	0	0
Y57A10A.13	cog-1	7.246	63.5305060369177	0	0
Y57A10A.13	cogc-1	27.158	1.68625069057475	0	0
Y57A10A.13	cogc-2	26.5	3.63745007880901	0	0
Y57A10A.13	cogc-3	25.648	4.73744412553297	0	0
Y57A10A.13	cogc-4	23.05	13.4262279691572	0	0
Y57A10A.13	cogc-5	26.136	5.78257517586259	0	0
Y57A10A.13	cogc-6	23.024	8.19822476803588	0	0
Y57A10A.13	cogc-8	9.784	3.9832159306336	0	0
Y57A10A.13	coh-1	26.122	8.58699121645516	0	0
Y57A10A.13	coh-3	25.548	4.99979965901822	0	0
Y57A10A.13	coh-4	27.304	7.15769192954824	0	0
Y57A10A.13	col-10	21.576	7.83768464914181	0	0
Y57A10A.13	col-101	17.378	4.64637238267399	0	0
Y57A10A.13	col-102	20.87	7.80981299886091	0	0
Y57A10A.13	col-103	21.754	10.2544714480242	0	0
Y57A10A.13	col-104	21.048	5.15202608682569	0	0
Y57A10A.13	col-105	22.224	6.34182720034547	0	0
Y57A10A.13	col-106	17.444	6.02670944870975	0	0
Y57A10A.13	col-107	21.376	10.1407114600214	0	0
Y57A10A.13	col-108	23.542	1.57492766186527	0	0
Y57A10A.13	col-109	22.714	15.2434725067945	0	0
Y57A10A.13	col-110	22.086	7.02857242617798	0	0
Y57A10A.13	col-111	23.144	10.547097642975	0	0
Y57A10A.13	col-113	15.958	40.4249230691166	0	0
Y57A10A.13	col-114	21.076	2.28748313705962	0	0
Y57A10A.13	col-115	22.59	12.8189023799828	0	0
Y57A10A.13	col-116	22.868	17.1351742208825	0	0
Y57A10A.13	col-117	23.798	10.3112806227518	0	0
Y57A10A.13	col-118	19.518	9.27359020859351	0	0
Y57A10A.13	col-119	23.62	8.73610480390397	0	0
Y57A10A.13	col-12	19.95	4.72535770826624	0	0
Y57A10A.13	col-120	18.732	9.9766629834321	0	0
Y57A10A.13	col-121	23.21	4.77931514496334	0	0
Y57A10A.13	col-122	23.322	13.8667776985331	0	0
Y57A10A.13	col-123	21.57	4.7590322595382	0	0
Y57A10A.13	col-124	23.092	9.09021183480687	0	0
Y57A10A.13	col-125	22.272	5.15927415524973	0	0
Y57A10A.13	col-127	21.982	8.15911024641168	0	0
Y57A10A.13	col-128	22.292	3.95351335016905	0	0
Y57A10A.13	col-129	21.088	9.98450866194012	0	0
Y57A10A.13	col-13	21.268	9.85972755855485	0	0
Y57A10A.13	col-130	20.786	11.1820037036197	0	0
Y57A10A.13	col-131	20.408	10.8727552700017	0	0
Y57A10A.13	col-132	19.018	14.6163781357504	0	0
Y57A10A.13	col-133	23.558	5.15738757977894	0	0
Y57A10A.13	col-135	21.28	3.98231820167226	0	0
Y57A10A.13	col-137	6.254	4.10566642333506	0	0
Y57A10A.13	col-138	13.018	3.32288902399541	0	0
Y57A10A.13	col-139	18.908	7.3870080368601	0	0
Y57A10A.13	col-14	17.804	1.24875637865905	0	0
Y57A10A.13	col-140	22.094	6.63092167891365	0	0
Y57A10A.13	col-141	18.05	5.01270245960624	0	0
Y57A10A.13	col-142	23.112	12.2750856716755	0	0
Y57A10A.13	col-143	22.366	12.1223621435639	0	0
Y57A10A.13	col-144	21.332	11.1105341929682	0	0
Y57A10A.13	col-145	22.344	4.63277538716774	0	0
Y57A10A.13	col-146	18.956	5.38897004367152	0	0
Y57A10A.13	col-147	20.266	6.34931276178952	0	0
Y57A10A.13	col-148	19.646	5.85544544926505	0	0
Y57A10A.13	col-149	24.428	6.14400041829192	0	0
Y57A10A.13	col-150	20.048	6.75830956101176	0	0
Y57A10A.13	col-151	21.718	13.6275130621561	0	0
Y57A10A.13	col-152	21.64	9.27587421668687	0	0
Y57A10A.13	col-153	20.834	8.89194055626763	0	0
Y57A10A.13	col-154	11.108	3.30307870460732	0	0
Y57A10A.13	col-155	24.122	7.17321809611149	0	0
Y57A10A.13	col-156	19.132	14.8167183539321	0	0
Y57A10A.13	col-157	22.14	6.58666064101164	0	0
Y57A10A.13	col-158	21.688	4.46245449781973	0	0
Y57A10A.13	col-159	21.256	4.15076590817984	0	0
Y57A10A.13	col-160	16.782	2.94985968572673	0	0
Y57A10A.13	col-161	19.738	8.90120884338373	0	0
Y57A10A.13	col-162	21.004	18.2061207308236	0	0
Y57A10A.13	col-163	23.746	5.93183587441324	0	0
Y57A10A.13	col-164	17.91	6.41480049913205	0	0
Y57A10A.13	col-165	16.95	13.2631221067825	0	0
Y57A10A.13	col-166	20.098	11.3349918898511	0	0
Y57A10A.13	col-167	21.204	3.221231908988	0	0
Y57A10A.13	col-168	17.048	2.16732830622327	0	0
Y57A10A.13	col-169	4.572	6.59694518734268	1	1
Y57A10A.13	col-17	4.606	4.32475887033912	1	1
Y57A10A.13	col-170	14.532	1.90912934899687	0	0
Y57A10A.13	col-171	21.114	11.6731857978306	0	0
Y57A10A.13	col-172	23.844	4.17475908202743	0	0
Y57A10A.13	col-173	19.362	8.42871674901279	0	0
Y57A10A.13	col-174	20.662	8.63565086322094	0	0
Y57A10A.13	col-175	24.266	6.07791187512082	0	0
Y57A10A.13	col-176	21.922	9.49861875747603	0	0
Y57A10A.13	col-177	20.8	3.57470594023782	0	0
Y57A10A.13	col-178	20.49	4.39252209540811	0	0
Y57A10A.13	col-179	22.244	3.15454927491631	0	0
Y57A10A.13	col-180	20.392	8.57698963047386	0	0
Y57A10A.13	col-181	24.106	7.25910559979023	0	0
Y57A10A.13	col-183	21.164	8.2494712558584	0	0
Y57A10A.13	col-184	18.28	17.9539447977323	0	0
Y57A10A.13	col-185	23.212	12.6949308951309	0	0
Y57A10A.13	col-186	19.664	3.19829006568475	0	0
Y57A10A.13	col-187	21.894	5.93766469201402	0	0
Y57A10A.13	col-19	19.858	13.9411914593731	0	0
Y57A10A.13	col-2	23.716	7.43859496911112	0	0
Y57A10A.13	col-20	22.824	10.3137179007184	0	0
Y57A10A.13	col-33	24.946	8.12055712557564	0	0
Y57A10A.13	col-34	21.126	10.6934029711579	0	0
Y57A10A.13	col-35	19.41	6.93664407200694	0	0
Y57A10A.13	col-36	22.272	2.524250321751	0	0
Y57A10A.13	col-37	21.788	16.0694409349878	0	0
Y57A10A.13	col-38	19.85	2.62327785631236	0	0
Y57A10A.13	col-39	27.614	3.1731388544404	0	0
Y57A10A.13	col-40	19.988	3.13664673200325	0	0
Y57A10A.13	col-41	18.582	2.62082136849082	0	0
Y57A10A.13	col-42	19.47	2.95984171221858	0	0
Y57A10A.13	col-43	23.56	8.93466017926105	0	0
Y57A10A.13	col-44	21.112	15.8740931155476	0	0
Y57A10A.13	col-45	13.734	27.6677741643466	0	0
Y57A10A.13	col-46	19.68	5.33258251054218	0	0
Y57A10A.13	col-47	19.184	12.3463225829341	0	0
Y57A10A.13	col-48	20.646	1.21504662339762	0	0
Y57A10A.13	col-49	22.142	4.90704259848921	0	0
Y57A10A.13	col-50	18.678	7.48477204437812	0	0
Y57A10A.13	col-51	16.24	3.6732243970306	0	0
Y57A10A.13	col-52	24.068	8.06180159345334	0	0
Y57A10A.13	col-53	20.664	2.10291202005873	0	0
Y57A10A.13	col-54	19.898	5.52172521525846	0	0
Y57A10A.13	col-55	13.156	26.151223105665	0	0
Y57A10A.13	col-56	19.59	5.818399938244	0	0
Y57A10A.13	col-58	17.472	9.27404459061805	0	0
Y57A10A.13	col-60	19.976	10.365372814019	0	0
Y57A10A.13	col-61	17.45	15.5213606422006	0	0
Y57A10A.13	col-62	22.04	14.4240668228417	0	0
Y57A10A.13	col-63	19.124	7.91767592427948	0	0
Y57A10A.13	col-64	18.52	13.2379746125661	0	0
Y57A10A.13	col-65	22.772	13.638167484851	0	0
Y57A10A.13	col-68	21.642	2.50739719375232	0	0
Y57A10A.13	col-69	23.056	5.82378681917334	0	0
Y57A10A.13	col-7	17.274	2.7719805027941	0	0
Y57A10A.13	col-71	22.956	10.5178749851687	0	0
Y57A10A.13	col-72	19.798	12.3033130967934	0	0
Y57A10A.13	col-73	22.564	9.27592337407177	0	0
Y57A10A.13	col-74	20.244	6.83386973708785	0	0
Y57A10A.13	col-75	20.682	8.93271020925319	0	0
Y57A10A.13	col-76	21.046	12.6232343695202	0	0
Y57A10A.13	col-77	5.99	6.97082457299264	0	0
Y57A10A.13	col-78	18.624	11.1271734401601	0	0
Y57A10A.13	col-79	22.072	7.59629579035502	0	0
Y57A10A.13	col-8	24.11	2.77118093546082	0	0
Y57A10A.13	col-80	16.188	22.1023484769103	0	0
Y57A10A.13	col-81	18.778	14.9717755198312	0	0
Y57A10A.13	col-83	21.644	5.69764873310559	0	0
Y57A10A.13	col-84	22.55	6.90572572168401	0	0
Y57A10A.13	col-85	8.594	2.47740785456613	0	0
Y57A10A.13	col-86	19.818	12.3189344064745	0	0
Y57A10A.13	col-87	20.668	2.12652937879912	0	0
Y57A10A.13	col-88	18.092	6.85813592756707	0	0
Y57A10A.13	col-89	21.57	6.76731050108643	0	0
Y57A10A.13	col-9	14.408	3.9498596197493	0	0
Y57A10A.13	col-90	17.286	3.40816243822371	0	0
Y57A10A.13	col-91	23.768	8.54764926212725	0	0
Y57A10A.13	col-92	22.246	4.67635907813941	0	0
Y57A10A.13	col-93	24.26	9.82980924410445	0	0
Y57A10A.13	col-94	25.782	9.48874864598571	0	0
Y57A10A.13	col-95	23.378	10.0781995579106	0	0
Y57A10A.13	col-96	23.904	11.4029546465151	0	0
Y57A10A.13	col-97	19.83	8.29417055496829	0	0
Y57A10A.13	col-98	19.844	2.60064352169327	0	0
Y57A10A.13	col-99	18.182	9.50897387099556	0	0
Y57A10A.13	com-1	23.154	9.39427558737531	0	0
Y57A10A.13	comp-1	27.66	3.22454109548588	0	0
Y57A10A.13	comt-1	22.984	8.98857119378532	0	0
Y57A10A.13	comt-2	21.072	8.30068232076465	0	0
Y57A10A.13	comt-3	20.832	5.10882153734638	0	0
Y57A10A.13	comt-4	25.862	7.25047816453392	0	0
Y57A10A.13	comt-5	24.678	6.98426807071033	0	0
Y57A10A.13	copa-1	27.714	2.49931995925094	0	0
Y57A10A.13	copb-1	13.138	2.75248400766707	0	0
Y57A10A.13	copb-2	18.428	11.5266975575538	0	0
Y57A10A.13	copd-1	23.778	7.71967522758214	0	0
Y57A10A.13	cope-1	18.712	18.4149072272404	0	0
Y57A10A.13	copg-1	27.882	0.997613633357723	0	0
Y57A10A.13	copz-1	23.42	3.33527322522631	0	0
Y57A10A.13	coq-1	22.156	1.83492701892355	0	0
Y57A10A.13	coq-2	23.044	7.57533559066479	0	0
Y57A10A.13	coq-3	21.642	1.55167012131475	0	0
Y57A10A.13	coq-4	25.478	3.22448837571845	0	0
Y57A10A.13	coq-5	21.58	18.3969845640274	0	0
Y57A10A.13	coq-6	13.764	1.31339802830301	0	0
Y57A10A.13	coq-8	25.09	3.75899990636179	0	0
Y57A10A.13	cor-1	24.064	2.73584611084681	0	0
Y57A10A.13	cosa-1	20.372	3.34069281839703	0	0
Y57A10A.13	cox-10	18.39	5.24100338614229	0	0
Y57A10A.13	cox-11	23.076	3.03664122060222	0	0
Y57A10A.13	cox-14	17.8	15.2097339080884	0	0
Y57A10A.13	cox-15	20.134	12.8519462957686	0	0
Y57A10A.13	cox-16	11.978	5.93176541436054	0	0
Y57A10A.13	cox-17	19.094	5.19420355020398	0	0
Y57A10A.13	cox-18	19.56	2.0945552582435	0	0
Y57A10A.13	cox-19	18.236	2.93557618387114	0	0
Y57A10A.13	cox-4	23.282	7.19753325232339	0	0
Y57A10A.13	cox-5A	25.514	2.96824345384425	0	0
Y57A10A.13	cox-5b	18.856	25.6139974389838	0	0
Y57A10A.13	cox-6A	23.804	8.73391616707789	0	0
Y57A10A.13	cox-6b	23.92	13.9503124694512	0	0
Y57A10A.13	cox-6c	26.5	4.52492012088518	0	0
Y57A10A.13	cox-7c	14.562	7.7090729813464	0	0
Y57A10A.13	cpar-1	19.836	5.57536536266916	0	0
Y57A10A.13	cpb-1	19.272	2.92640592509128	0	0
Y57A10A.13	cpb-2	23.604	5.82005126177007	0	0
Y57A10A.13	cpb-3	19.57	19.2251725942434	0	0
Y57A10A.13	cpd-1	22.474	5.2271370527082	0	0
Y57A10A.13	cpd-2	20.254	8.27027349122183	0	0
Y57A10A.13	cpf-1	25.096	3.99828334681283	0	0
Y57A10A.13	cpf-2	18.324	2.10039622135847	0	0
Y57A10A.13	cpg-1	17.162	23.7402397148757	0	0
Y57A10A.13	cpg-18	19.518	7.43905039459008	0	0
Y57A10A.13	cpg-19	21.326	11.5550030840983	0	0
Y57A10A.13	cpg-2	24.284	3.13512747048337	0	0
Y57A10A.13	cpg-20	13.82	4.42840015876377	0	0
Y57A10A.13	cpg-22	20.288	4.61823329226962	0	0
Y57A10A.13	cpg-23	8.578	18.3681200668086	0	0
Y57A10A.13	cpg-24	23.568	13.734201378578	0	0
Y57A10A.13	cpg-3	21.062	9.42652319079013	0	0
Y57A10A.13	cpg-4	18.47	5.00424204813288	0	0
Y57A10A.13	cpg-7	10.852	22.3761962087825	0	0
Y57A10A.13	cpg-8	18.532	5.03679283671445	0	0
Y57A10A.13	cpg-9	10.086	6.68697127085068	0	0
Y57A10A.13	cpi-1	28.198	3.80431053178156	0	0
Y57A10A.13	cpi-2	27.396	3.84660852729125	0	0
Y57A10A.13	cpin-1	21.364	11.2170953330448	0	0
Y57A10A.13	cpl-1	23.65	1.81596797221923	0	0
Y57A10A.13	cpn-1	20.394	15.2234118984638	0	0
Y57A10A.13	cpn-2	23.562	11.5840195217977	0	0
Y57A10A.13	cpn-3	26.21	10.8629303225206	0	0
Y57A10A.13	cpn-4	25.476	7.09314681392872	0	0
Y57A10A.13	cpna-1	10.21	6.99488588637036	0	0
Y57A10A.13	cpna-3	25.824	2.86484489263654	0	0
Y57A10A.13	cpna-4	26.222	3.60474189768604	0	0
Y57A10A.13	cpna-5	19.062	5.81002102432875	0	0
Y57A10A.13	cpr-1	24.214	5.8000837104064	0	0
Y57A10A.13	cpr-2	22.194	5.50248130474198	0	0
Y57A10A.13	cpr-3	21.77	2.40335892701611	0	0
Y57A10A.13	cpr-4	12.82	3.80939639534315	0	0
Y57A10A.13	cpr-5	18.792	19.9990792655547	0	0
Y57A10A.13	cpr-6	21.798	2.04839287332362	0	0
Y57A10A.13	cpr-8	20.88	8.89754716463445	0	0
Y57A10A.13	cpr-9	24.808	6.26968799141747	0	0
Y57A10A.13	cps-6	24.592	7.03242190662622	0	0
Y57A10A.13	cpsf-1	18.884	8.20088039878283	0	0
Y57A10A.13	cpsf-2	27.138	2.22201017389777	0	0
Y57A10A.13	cpsf-3	20.188	8.70195086141878	0	0
Y57A10A.13	cpsf-4	22.978	19.9567138813902	0	0
Y57A10A.13	cpt-1	27.858	0.585671500883427	0	0
Y57A10A.13	cpt-2	18.922	2.97209003196251	0	0
Y57A10A.13	cpt-3	23.01	9.06354418735623	0	0
Y57A10A.13	cpt-4	22.462	5.08015638805246	0	0
Y57A10A.13	cpt-5	23.138	4.32658143324955	0	0
Y57A10A.13	cpt-6	27.52	0.25305938003605	0	0
Y57A10A.13	cpx-1	18.276	5.90388981547184	0	0
Y57A10A.13	cpx-2	15.264	4.8101459333997	0	0
Y57A10A.13	cpz-1	24.766	9.53169943104319	0	0
Y57A10A.13	cpz-2	22.206	4.29132809415999	0	0
Y57A10A.13	cra-1	25.462	6.69872325923022	0	0
Y57A10A.13	crb-1	24.6	10.5486825817472	0	0
Y57A10A.13	crb-3	16.846	1.71665985888321	0	0
Y57A10A.13	crh-1	12.776	33.1949138819469	0	0
Y57A10A.13	crh-2	19.376	12.7746863246126	0	0
Y57A10A.13	cri-1	10.322	2.71040264319221	0	0
Y57A10A.13	cri-3	16.016	6.78799975447303	0	0
Y57A10A.13	crld-1	19.948	0.55755214411066	0	0
Y57A10A.13	crls-1	16.23	2.65585484439338	0	0
Y57A10A.13	crm-1	24.456	7.45683963950688	0	0
Y57A10A.13	crml-1	19.7	3.0621383008844	0	0
Y57A10A.13	crn-1	12.338	6.46917368508412	0	0
Y57A10A.13	crn-2	27.028	5.15188351465091	0	0
Y57A10A.13	crn-3	23.812	19.776139731094	0	0
Y57A10A.13	crn-4	25.81	1.52906526622791	0	0
Y57A10A.13	crn-5	24.104	10.2878119119959	0	0
Y57A10A.13	crn-6	24.598	4.92727346135924	0	0
Y57A10A.13	crn-7	26.358	3.02912658086276	0	0
Y57A10A.13	cror-1	27.274	5.57889560124203	0	0
Y57A10A.13	cror-2	23.752	2.09144282230663	0	0
Y57A10A.13	crp-1	25.538	11.3505420682936	0	0
Y57A10A.13	crt-1	21.644	5.68311238400148	0	0
Y57A10A.13	crtc-1	10.348	53.3531553310141	0	0
Y57A10A.13	csa-1	23.42	7.14515266092595	0	0
Y57A10A.13	csb-1	14.414	4.92273654743871	0	0
Y57A10A.13	csc-1	9.206	4.19761460241043	0	0
Y57A10A.13	csk-1	15.13	3.38694725058003	0	0
Y57A10A.13	csn-1	22.998	8.75466399645633	0	0
Y57A10A.13	csn-2	23.094	11.1621034613802	0	0
Y57A10A.13	csn-3	24.038	8.05582039669329	0	0
Y57A10A.13	csn-4	27.218	1.3008900836641	0	0
Y57A10A.13	csn-5	19.698	2.46659738591662	0	0
Y57A10A.13	csn-6	23.532	10.6373108435271	0	0
Y57A10A.13	csnk-1	22.338	7.82281768870049	0	0
Y57A10A.13	csp-1	22.696	7.88750457600948	0	0
Y57A10A.13	csp-2	25.94	4.10874923464843	0	0
Y57A10A.13	csp-3	20.87	1.74875779500667	0	0
Y57A10A.13	csq-1	19.168	8.13725991216996	0	0
Y57A10A.13	csr-1	21.818	17.1391254590504	0	0
Y57A10A.13	cst-1	26.02	8.63758112823119	0	0
Y57A10A.13	cst-2	23.158	12.0255351334662	0	0
Y57A10A.13	ctb-1	5.74	2.62771831515651	0	0
Y57A10A.13	ctbp-1	21.166	7.27011118679182	0	0
Y57A10A.13	ctc-1	25.018	2.334709387581	0	0
Y57A10A.13	ctc-2	24.104	7.79636801821946	0	0
Y57A10A.13	ctc-3	8.23	8.27807472091347	0	0
Y57A10A.13	ctf-18	20.114	12.322682078802	0	0
Y57A10A.13	ctf-4	25.638	12.4943681435224	0	0
Y57A10A.13	ctf-8	26.08	3.46760197749825	0	0
Y57A10A.13	ctg-1	18.862	3.19497336864915	0	0
Y57A10A.13	ctg-2	20.588	5.19531804553025	0	0
Y57A10A.13	cth-1	23.826	5.73987160003804	0	0
Y57A10A.13	cth-2	26.462	3.52961792236646	0	0
Y57A10A.13	cthd-1	17.06	7.52042673597334	0	0
Y57A10A.13	ctl-1	27.174	1.17084942597259	0	0
Y57A10A.13	ctl-2	27.204	1.2682224904452	0	0
Y57A10A.13	ctl-3	16.546	22.2826436607336	0	0
Y57A10A.13	ctn-1	12.826	2.41293809910284	0	0
Y57A10A.13	ctnb-1	22.2	15.3603603603604	0	0
Y57A10A.13	ctns-1	22.51	15.3448599076116	0	0
Y57A10A.13	ctps-1	22.564	16.293399104817	0	0
Y57A10A.13	ctr-9	26.116	9.25438051038985	0	0
Y57A10A.13	cts-1	26.572	5.62678316281831	0	0
Y57A10A.13	ctsa-1.1	24.176	2.32419989807625	0	0
Y57A10A.13	ctsa-1.2	18.86	3.47022550367381	0	0
Y57A10A.13	ctsa-2	21.714	17.6074783646402	0	0
Y57A10A.13	ctsa-3.1	25.808	1.47378757456861	0	0
Y57A10A.13	ctsa-3.2	21.346	0.447629689331631	0	0
Y57A10A.13	ctsa-4.1	23.468	4.23241137596251	0	0
Y57A10A.13	ctsa-4.2	22.658	2.01294066538567	0	0
Y57A10A.13	cua-1	23.698	2.23575897319124	0	0
Y57A10A.13	cuc-1	27.146	5.79301238880409	0	0
Y57A10A.13	cul-1	25.862	3.96154218710884	0	0
Y57A10A.13	cul-2	25.072	5.25972828440809	0	0
Y57A10A.13	cul-3	27.826	4.61309335676017	0	0
Y57A10A.13	cul-4	17.986	4.88994519573362	0	0
Y57A10A.13	cul-5	18.06	5.04225719220319	0	0
Y57A10A.13	cul-6	23.642	14.8887092307981	0	0
Y57A10A.13	cup-14	20.864	18.1868288298389	0	0
Y57A10A.13	cup-15	10.796	3.41566006842805	0	0
Y57A10A.13	cup-16	20.14	14.9979938812604	0	0
Y57A10A.13	cup-2	20.584	2.2614117285405	0	0
Y57A10A.13	cup-4	26.892	2.19827412186627	0	0
Y57A10A.13	cup-5	27.062	8.95884341101686	0	0
Y57A10A.13	cus-2	18.748	13.9924940852877	0	0
Y57A10A.13	cut-1	21.236	2.51227756312751	0	0
Y57A10A.13	cut-2	16.814	8.69286883189125	0	0
Y57A10A.13	cut-3	24.226	3.36973350912224	0	0
Y57A10A.13	cut-4	18.834	14.8531943566041	0	0
Y57A10A.13	cut-5	22.326	10.1038118247262	0	0
Y57A10A.13	cut-6	23.2	5.77014964556583	0	0
Y57A10A.13	cutc-1	22.654	4.50506871834683	0	0
Y57A10A.13	cuti-1	21.502	4.55182716019292	0	0
Y57A10A.13	cutl-1	15.71	43.4841830917481	0	0
Y57A10A.13	cutl-10	23.704	1.86497913571077	0	0
Y57A10A.13	cutl-11	24.572	0.837700404891462	0	0
Y57A10A.13	cutl-12	20.538	4.85578588152193	0	0
Y57A10A.13	cutl-13	20.442	8.20813244117479	0	0
Y57A10A.13	cutl-14	21.708	2.87818300486608	0	0
Y57A10A.13	cutl-15	18.584	7.59390453019486	0	0
Y57A10A.13	cutl-16	10.606	37.9846420802286	0	0
Y57A10A.13	cutl-17	22.678	7.03462334303499	0	0
Y57A10A.13	cutl-18	25.788	3.87732663791973	0	0
Y57A10A.13	cutl-19	25.88	6.39586254230124	0	0
Y57A10A.13	cutl-2	26.508	2.2190834731344	0	0
Y57A10A.13	cutl-20	24.534	3.27344284934295	0	0
Y57A10A.13	cutl-21	24.044	2.06210474358189	0	0
Y57A10A.13	cutl-22	21.132	11.6952530535635	0	0
Y57A10A.13	cutl-23	25.868	5.78282459504934	0	0
Y57A10A.13	cutl-24	19.678	4.73365208263498	0	0
Y57A10A.13	cutl-25	25.668	4.49958915599224	0	0
Y57A10A.13	cutl-26	14.474	23.6384014018415	0	0
Y57A10A.13	cutl-27	22.218	18.455630228011	0	0
Y57A10A.13	cutl-28	19.116	11.4661371849402	0	0
Y57A10A.13	cutl-29	19.542	23.4797156960271	0	0
Y57A10A.13	cutl-3	24.36	2.1533145483421	0	0
Y57A10A.13	cutl-4	13.796	2.38242370890336	0	0
Y57A10A.13	cutl-5	23.846	3.66891119824131	0	0
Y57A10A.13	cutl-6	22.598	5.96860181480412	0	0
Y57A10A.13	cutl-7	24.366	2.71049514804967	0	0
Y57A10A.13	cutl-8	19.132	9.61735233016949	0	0
Y57A10A.13	cutl-9	21.236	2.7376175992305	0	0
Y57A10A.13	cux-7	26.396	2.67369234095703	0	0
Y57A10A.13	cwc-15	18.134	14.1759525121953	0	0
Y57A10A.13	cwf-19L2	20.376	12.4111649485064	0	0
Y57A10A.13	cwn-1	15.794	2.38950863055221	0	0
Y57A10A.13	cwn-2	19.952	3.16857753757204	0	0
Y57A10A.13	cwp-1	20.432	8.2599933538291	0	0
Y57A10A.13	cwp-2	17.616	21.7669508658368	0	0
Y57A10A.13	cwp-3	16.6	2.48489412152323	0	0
Y57A10A.13	cwp-4	25.348	6.31801298438828	0	0
Y57A10A.13	cwp-5	16.72	11.7828279335201	0	0
Y57A10A.13	cya-1	22.836	23.5949895634869	0	0
Y57A10A.13	cya-2	26.17	1.31788799090413	0	0
Y57A10A.13	cyb-1	22.146	9.25436044146356	0	0
Y57A10A.13	cyb-2.1	23.814	6.41075198372442	0	0
Y57A10A.13	cyb-2.2	22.828	12.1819814750695	0	0
Y57A10A.13	cyb-3	23.234	3.40163283055747	0	0
Y57A10A.13	cyc-1	24.102	9.79239536119499	0	0
Y57A10A.13	cyc-2.1	25.582	6.06086406477815	0	0
Y57A10A.13	cyc-2.2	27.896	2.89728438993092	0	0
Y57A10A.13	cyd-1	17.246	3.54550200449213	0	0
Y57A10A.13	cye-1	20.99	18.5578773136231	0	0
Y57A10A.13	cyh-1	24.674	6.7825977469152	0	0
Y57A10A.13	cyk-1	21.334	3.08825104788743	0	0
Y57A10A.13	cyk-3	25.436	11.3592167488949	0	0
Y57A10A.13	cyk-4	17.322	20.3335790439437	0	0
Y57A10A.13	cyk-7	13.96	3.19511543669975	0	0
Y57A10A.13	cyl-1	27.056	7.03887095157371	0	0
Y57A10A.13	cylc-1	20.66	12.9192175153481	0	0
Y57A10A.13	cylc-2	21.256	11.8365400834107	0	0
Y57A10A.13	cyld-1	23.722	9.30447957347383	0	0
Y57A10A.13	cyn-1	26.564	1.70332402328506	0	0
Y57A10A.13	cyn-10	22.39	17.4115892010085	0	0
Y57A10A.13	cyn-11	28.41	1.79583259680734	0	0
Y57A10A.13	cyn-12	26.42	5.89119721369649	0	0
Y57A10A.13	cyn-13	19.466	29.2606736027524	0	0
Y57A10A.13	cyn-15	25.55	1.92677324698984	0	0
Y57A10A.13	cyn-16	29.124	2.22900838242099	0	0
Y57A10A.13	cyn-17	12.662	30.8601686567302	0	0
Y57A10A.13	cyn-2	27.506	3.54114636931853	0	0
Y57A10A.13	cyn-3	26.21	2.89727105226368	0	0
Y57A10A.13	cyn-4	24.914	9.79095920871477	0	0
Y57A10A.13	cyn-5	26.254	5.53926978947976	0	0
Y57A10A.13	cyn-6	24.982	6.84442504356418	0	0
Y57A10A.13	cyn-7	26.04	2.79244231417991	0	0
Y57A10A.13	cyn-8	23.212	1.15574810346472	0	0
Y57A10A.13	cyn-9	26.138	9.44827084948022	0	0
Y57A10A.13	cyp-13A1	23.258	1.68273020349783	0	0
Y57A10A.13	cyp-13A10	24.372	2.23634204349301	0	0
Y57A10A.13	cyp-13A2	22.324	5.56273638018537	0	0
Y57A10A.13	cyp-13A3	22.474	0.859703348775553	0	0
Y57A10A.13	cyp-13A4	24.53	4.06704945879306	0	0
Y57A10A.13	cyp-13A5	26.074	2.219738312162	0	0
Y57A10A.13	cyp-13A6	18.204	4.68279102076077	0	0
Y57A10A.13	cyp-13A7	24.298	2.34269300670189	0	0
Y57A10A.13	cyp-13A8	18.702	11.0806881881592	0	0
Y57A10A.13	cyp-13B1	20.358	5.04384126244994	0	0
Y57A10A.13	cyp-13a11	24	3.289688223998	0	0
Y57A10A.13	cyp-13a12	25.004	1.20267082341623	0	0
Y57A10A.13	cyp-13b2	20.688	9.07925239224288	0	0
Y57A10A.13	cyp-14a1	23.998	3.85661584234792	0	0
Y57A10A.13	cyp-14a2	24.014	1.12418989099006	0	0
Y57A10A.13	cyp-14a3	22.372	8.05590924184162	0	0
Y57A10A.13	cyp-14a4	22.05	4.72994349055797	0	0
Y57A10A.13	cyp-14a5	24.54	4.14607900308946	0	0
Y57A10A.13	cyp-23a1	23.404	6.60379286207208	0	0
Y57A10A.13	cyp-25a1	26.736	3.09829378065812	0	0
Y57A10A.13	cyp-25a2	25.224	1.41271222582702	0	0
Y57A10A.13	cyp-25a3	25.276	1.19563434590862	0	0
Y57A10A.13	cyp-25a4	25.76	2.37642964875204	0	0
Y57A10A.13	cyp-25a6	25.364	1.18264731436133	0	0
Y57A10A.13	cyp-29a2	19.682	11.6744443177922	0	0
Y57A10A.13	cyp-29a3	19.902	1.14985893708812	0	0
Y57A10A.13	cyp-29a4	21.928	5.50063808940202	0	0
Y57A10A.13	cyp-31a2	24.126	3.89649816129058	0	0
Y57A10A.13	cyp-31a3	24.202	2.52542653646438	0	0
Y57A10A.13	cyp-31a5	18.748	6.05232230003084	0	0
Y57A10A.13	cyp-32a1	24.59	1.19846783475326	0	0
Y57A10A.13	cyp-32b1	23.552	3.79558050563985	0	0
Y57A10A.13	cyp-33a1	23.776	4.81422840212861	0	0
Y57A10A.13	cyp-33b1	25.494	5.0326957843677	0	0
Y57A10A.13	cyp-33c1	24.954	4.86236616690315	0	0
Y57A10A.13	cyp-33c11	22.602	4.25482532955765	0	0
Y57A10A.13	cyp-33c12	22.614	2.27758643004438	0	0
Y57A10A.13	cyp-33c2	25.028	3.79421332806739	0	0
Y57A10A.13	cyp-33c3	26.822	4.32813324322846	0	0
Y57A10A.13	cyp-33c4	24.176	9.60407306098256	0	0
Y57A10A.13	cyp-33c5	25.336	2.52243954777267	0	0
Y57A10A.13	cyp-33c6	5.636	3.27791101530291	0	0
Y57A10A.13	cyp-33c7	25.586	2.89321000636653	0	0
Y57A10A.13	cyp-33c8	24.684	9.30092252333337	0	0
Y57A10A.13	cyp-33c9	24.434	3.64069456720338	0	0
Y57A10A.13	cyp-33d1	23.778	2.55389165443125	0	0
Y57A10A.13	cyp-33d3	12.026	6.58345220931014	0	0
Y57A10A.13	cyp-33e1	24.222	3.806649478014	0	0
Y57A10A.13	cyp-33e2	23.584	6.91982361230617	0	0
Y57A10A.13	cyp-33e3	22.354	5.66831485631931	0	0
Y57A10A.13	cyp-34a1	15.76	3.95468002000871	0	0
Y57A10A.13	cyp-34a10	26.466	2.1339951039991	0	0
Y57A10A.13	cyp-34a2	23.504	2.86824080295053	0	0
Y57A10A.13	cyp-34a5	27.13	1.33790574366985	0	0
Y57A10A.13	cyp-34a6	12.818	3.80975114808251	0	0
Y57A10A.13	cyp-34a7	5.122	0.423262073187791	0	0
Y57A10A.13	cyp-34a8	24.544	9.41019597397451	0	0
Y57A10A.13	cyp-34a9	25.6	0.971078351145004	0	0
Y57A10A.13	cyp-35a1	25.89	1.97950522364909	0	0
Y57A10A.13	cyp-35a2	25.418	8.17766183511215	0	0
Y57A10A.13	cyp-35a3	27.282	1.27775525527339	0	0
Y57A10A.13	cyp-35a4	20.548	19.9645355379257	0	0
Y57A10A.13	cyp-35a5	23.096	5.88747852320065	0	0
Y57A10A.13	cyp-35b1	14.942	31.2114976774568	0	0
Y57A10A.13	cyp-35b2	18.934	9.38597740748113	0	0
Y57A10A.13	cyp-35b3	16.35	2.48892843417441	0	0
Y57A10A.13	cyp-35c1	23.796	4.16000225958455	0	0
Y57A10A.13	cyp-35d1	24.412	5.83023884485201	0	0
Y57A10A.13	cyp-36A1	19.83	12.8443645729515	0	0
Y57A10A.13	cyp-37a1	25.332	3.94208523845276	0	0
Y57A10A.13	cyp-37b1	25.248	1.48074406650897	0	0
Y57A10A.13	cyp-42a1	24.134	3.50472757262618	0	0
Y57A10A.13	cyp-43a1	24.82	4.14273420111069	0	0
Y57A10A.13	cyp-44A1	21.816	5.52794638123128	0	0
Y57A10A.13	cysl-1	23.756	0.973924531448551	0	0
Y57A10A.13	cysl-2	21.638	3.04728215320087	0	0
Y57A10A.13	cysl-3	21.448	7.2673058519978	0	0
Y57A10A.13	cysl-4	19.654	3.44872625665591	0	0
Y57A10A.13	cytb-5.1	13.752	9.98411089824947	0	0
Y57A10A.13	cytb-5.2	15.992	4.01988990520527	0	0
Y57A10A.13	cyts-1	19.166	1.06200358510603	0	0
Y57A10A.13	cyy-1	23.274	1.78131876333016	0	0
Y57A10A.13	czw-1	27.544	1.8994776551082	0	0
Y57A10A.13	daam-1	23.752	1.72216097374142	0	0
Y57A10A.13	daao-1	20.672	5.78672398863355	0	0
Y57A10A.13	dab-1	17.554	17.3921602854594	0	0
Y57A10A.13	dac-1	16.264	19.2325588779815	0	0
Y57A10A.13	dach-1	20.938	1.10024485998585	0	0
Y57A10A.13	dad-1	21.742	2.50685899567711	0	0
Y57A10A.13	daf-1	17.8	3.57680353737901	0	0
Y57A10A.13	daf-10	30.098	1.42526255491159	0	0
Y57A10A.13	daf-11	23.656	6.44518826340323	0	0
Y57A10A.13	daf-12	5.67	7.24715372532781	0	0
Y57A10A.13	daf-14	13.416	26.1325439682491	0	0
Y57A10A.13	daf-15	27.306	2.6262842653417	0	0
Y57A10A.13	daf-16	17.278	6.33686512010858	0	0
Y57A10A.13	daf-18	11.872	4.60640943874246	0	0
Y57A10A.13	daf-19	16.09	2.81535156069761	0	0
Y57A10A.13	daf-2	24.528	5.99629772577121	0	0
Y57A10A.13	daf-22	22.192	5.30216420089728	0	0
Y57A10A.13	daf-25	25.562	5.50192948077512	0	0
Y57A10A.13	daf-28	18.826	6.2803617252077	0	0
Y57A10A.13	daf-3	19.402	7.12436796385761	0	0
Y57A10A.13	daf-31	23.656	6.22287604587022	0	0
Y57A10A.13	daf-36	21.364	3.254836240604	0	0
Y57A10A.13	daf-37	18.588	1.75005305393869	0	0
Y57A10A.13	daf-38	4.48	2.57906696613646	1	1
Y57A10A.13	daf-4	22.762	3.5560395499028	0	0
Y57A10A.13	daf-41	18.668	3.65957299095586	0	0
Y57A10A.13	daf-5	5.966	4.86030028815003	0	0
Y57A10A.13	daf-6	24.532	2.15551554726387	0	0
Y57A10A.13	daf-7	21.832	13.3818568980976	0	0
Y57A10A.13	daf-8	24.68	2.21522478652134	0	0
Y57A10A.13	daf-9	23.644	5.79015902827188	0	0
Y57A10A.13	dagl-2	14.278	1.60124900330283	0	0
Y57A10A.13	damt-1	27.454	6.24240955462744	0	0
Y57A10A.13	dao-2	28.476	2.28338021120305	0	0
Y57A10A.13	dao-3	26.176	0.908314423822475	0	0
Y57A10A.13	dao-4	14.794	3.1789764634905	0	0
Y57A10A.13	dao-5	28.588	1.5761067837351	0	0
Y57A10A.13	dao-6	16.6	15.2689157463107	0	0
Y57A10A.13	dap-3	26.966	1.94337878878739	0	0
Y57A10A.13	dapk-1	27.22	5.75710241712073	0	0
Y57A10A.13	dars-1	24.136	4.17564762918243	0	0
Y57A10A.13	dars-2	26.266	7.31605391286111	0	0
Y57A10A.13	dat-1	21.886	6.06263590359426	0	0
Y57A10A.13	daz-1	10.908	7.18278845007311	0	0
Y57A10A.13	dbl-1	23.842	3.72741400555453	0	0
Y57A10A.13	dbn-1	20.042	2.55622323350593	0	0
Y57A10A.13	dbr-1	11.844	17.4553276465886	0	0
Y57A10A.13	dbt-1	8.48	3.4086104794327	0	0
Y57A10A.13	dcaf-1	20.952	3.88470122538587	0	0
Y57A10A.13	dcaf-13	20.44	2.88047898298506	0	0
Y57A10A.13	dcap-1	22.63	4.04481425691207	0	0
Y57A10A.13	dcap-2	14.786	18.7931497156388	0	0
Y57A10A.13	dcar-1	12.654	1.62013746451113	0	0
Y57A10A.13	dcn-1	3.922	4.10892662073174	1	1
Y57A10A.13	dcp-66	23.934	11.427758592117	0	0
Y57A10A.13	dcr-1	26.702	3.61947782600367	0	0
Y57A10A.13	dcs-1	21.802	2.81017551118501	0	0
Y57A10A.13	dct-1	13.612	9.32470851513827	0	0
Y57A10A.13	dct-11	13.53	3.86563249147458	0	0
Y57A10A.13	dct-12	13.332	1.71322780170899	0	0
Y57A10A.13	dct-13	24.282	16.1610862255492	0	0
Y57A10A.13	dct-14	15.226	4.58579722385501	0	0
Y57A10A.13	dct-15	18.846	2.65774820630347	0	0
Y57A10A.13	dct-16	21.814	18.2024563133778	0	0
Y57A10A.13	dct-17	23.844	9.97170023204999	0	0
Y57A10A.13	dct-18	22.144	4.76738325616858	0	0
Y57A10A.13	dct-19	25.858	3.43735282132942	0	0
Y57A10A.13	dct-5	13.556	73.3232494368008	0	0
Y57A10A.13	dct-6	20.064	2.6531822234744	0	0
Y57A10A.13	dct-7	13.934	13.6900513483265	0	0
Y57A10A.13	dct-8	12.05	2.30579983227383	0	0
Y57A10A.13	dct-9	13.346	9.18964605164896	0	0
Y57A10A.13	ddb-1	24.44	5.80755341928867	0	0
Y57A10A.13	ddi-1	25.532	4.1288105840233	0	0
Y57A10A.13	ddl-1	24.89	3.44385534195626	0	0
Y57A10A.13	ddl-2	7.454	9.70784585367363	0	0
Y57A10A.13	ddl-3	19.312	2.94343647490223	0	0
Y57A10A.13	ddn-1	26.33	5.60901924059416	0	0
Y57A10A.13	ddn-2	22.676	3.50592319918799	0	0
Y57A10A.13	ddn-3	7.55	4.10061604779145	0	0
Y57A10A.13	ddo-1	19.032	1.28134046130245	0	0
Y57A10A.13	ddo-2	24.228	5.40849503345635	0	0
Y57A10A.13	ddo-3	23.932	14.253525671728	0	0
Y57A10A.13	ddp-1	11.282	3.59246903272868	0	0
Y57A10A.13	ddr-1	25.072	8.21030356046913	0	0
Y57A10A.13	ddr-2	20.568	11.5803783568498	0	0
Y57A10A.13	ddx-10	21.588	13.3145584692279	0	0
Y57A10A.13	ddx-15	22	5.49821533780066	0	0
Y57A10A.13	ddx-17	5.664	7.55332019122298	0	0
Y57A10A.13	ddx-19	23.334	7.71416054720601	0	0
Y57A10A.13	ddx-23	22.238	7.30875756208495	0	0
Y57A10A.13	ddx-27	22.32	7.9817663132301	0	0
Y57A10A.13	ddx-35	24.192	9.59446269519579	0	0
Y57A10A.13	ddx-46	22.25	3.75233799103166	0	0
Y57A10A.13	ddx-52	6.002	10.5744922067079	0	0
Y57A10A.13	deb-1	18.102	2.0902558709564	0	0
Y57A10A.13	decr-1.2	28.712	1.69096559309978	0	0
Y57A10A.13	decr-1.3	28.576	2.19930831170119	0	0
Y57A10A.13	deg-1	24.996	3.30163110699692	0	0
Y57A10A.13	deg-3	25.558	4.04250879516799	0	0
Y57A10A.13	degl-1	11.852	10.1319724241115	0	0
Y57A10A.13	degl-2	8.788	3.23196002296133	0	0
Y57A10A.13	degt-1	27.432	4.97726895676222	0	0
Y57A10A.13	del-1	16.874	3.87584866229898	0	0
Y57A10A.13	del-10	22.6	9.92990745694702	0	0
Y57A10A.13	del-2	24.934	9.40419164997761	0	0
Y57A10A.13	del-3	23.856	3.16553007750668	0	0
Y57A10A.13	del-4	22.906	7.83315760032319	0	0
Y57A10A.13	del-5	16.402	20.7708021551243	0	0
Y57A10A.13	del-6	24.038	1.13143465965676	0	0
Y57A10A.13	del-7	25.37	13.8982067104958	0	0
Y57A10A.13	del-8	24.638	7.79302001105185	0	0
Y57A10A.13	del-9	26.304	3.40041043701539	0	0
Y57A10A.13	delm-1	22.434	1.57174197384042	0	0
Y57A10A.13	delm-2	23.606	7.38903790776957	0	0
Y57A10A.13	denn-4	26.212	5.78752745763093	0	0
Y57A10A.13	dep-1	24.856	4.72252709088452	0	0
Y57A10A.13	depd-5	25.338	5.36912968291059	0	0
Y57A10A.13	deps-1	22.246	7.13565243535321	0	0
Y57A10A.13	des-2	26.424	5.62505560399326	0	0
Y57A10A.13	dex-1	21.83	13.5498784759532	0	0
Y57A10A.13	dgat-2	18.618	1.69909993754845	0	0
Y57A10A.13	dgk-1	12.57	2.48854293072666	0	0
Y57A10A.13	dgk-2	23.578	4.82042837014152	0	0
Y57A10A.13	dgk-3	26.842	3.1708839223016	0	0
Y57A10A.13	dgk-4	24.136	6.04207033108717	0	0
Y57A10A.13	dgk-5	23.442	8.66089990993977	0	0
Y57A10A.13	dgn-1	22.648	9.39056231529189	0	0
Y57A10A.13	dgn-2	21.738	2.05198515966767	0	0
Y57A10A.13	dgn-3	19.432	5.86406071523342	0	0
Y57A10A.13	dgtr-1	19.98	8.80404423424611	0	0
Y57A10A.13	dhcr-7	21.702	10.5166196910594	0	0
Y57A10A.13	dhfr-1	14.848	0.595573571374841	0	0
Y57A10A.13	dhgd-1	24.014	5.03258054892942	0	0
Y57A10A.13	dhhc-1	18.588	0.995193060000513	0	0
Y57A10A.13	dhhc-10	19.756	2.97366703355786	0	0
Y57A10A.13	dhhc-11	22.214	3.69391769706374	0	0
Y57A10A.13	dhhc-12	21.758	5.78014810134309	0	0
Y57A10A.13	dhhc-13	18.43	3.18586084386103	0	0
Y57A10A.13	dhhc-14	24.118	1.62087232399986	0	0
Y57A10A.13	dhhc-2	5.602	4.80712918356656	0	0
Y57A10A.13	dhhc-3	16.882	2.66733740117646	0	0
Y57A10A.13	dhhc-4	14.464	37.8145107545276	0	0
Y57A10A.13	dhhc-5	22.334	3.34803419991025	0	0
Y57A10A.13	dhhc-6	3.454	2.25750882334892	1	1
Y57A10A.13	dhhc-7	24.236	3.4453003548713	0	0
Y57A10A.13	dhhc-8	20.058	14.230137577411	0	0
Y57A10A.13	dhhc-9	10.34	2.52749213643559	0	0
Y57A10A.13	dhod-1	22.2	20.1951561226276	0	0
Y57A10A.13	dhp-1	24.626	5.91704191605034	0	0
Y57A10A.13	dhp-2	22.622	7.92273304740728	0	0
Y57A10A.13	dhps-1	23.472	2.11102482843176	0	0
Y57A10A.13	dhrs-4	25.33	1.27407339621831	0	0
Y57A10A.13	dhs-1	25.064	5.68566224436289	0	0
Y57A10A.13	dhs-11	23.976	5.5347029395633	0	0
Y57A10A.13	dhs-12	26.104	1.98291277738344	0	0
Y57A10A.13	dhs-13	24.43	4.4634169704573	0	0
Y57A10A.13	dhs-14	20.364	2.49370882608879	0	0
Y57A10A.13	dhs-15	24.406	2.45714819061456	0	0
Y57A10A.13	dhs-16	24.594	1.64048156133836	0	0
Y57A10A.13	dhs-17	24.646	7.37645723510617	0	0
Y57A10A.13	dhs-18	27.858	2.58134310336641	0	0
Y57A10A.13	dhs-19	23.494	1.28173661633543	0	0
Y57A10A.13	dhs-2	25.344	1.62652172645513	0	0
Y57A10A.13	dhs-20	24.45	12.125461601858	0	0
Y57A10A.13	dhs-21	27.05	12.0265263284593	0	0
Y57A10A.13	dhs-22	24.714	2.22667280985035	0	0
Y57A10A.13	dhs-23	20.37	8.19075783675188	0	0
Y57A10A.13	dhs-24	23.226	9.97550907447248	0	0
Y57A10A.13	dhs-25	24.04	12.5214550880718	0	0
Y57A10A.13	dhs-26	21.404	7.86987140178449	0	0
Y57A10A.13	dhs-27	25.53	9.5149088605963	0	0
Y57A10A.13	dhs-28	26.068	3.44455035543679	0	0
Y57A10A.13	dhs-29	16.576	3.2995160664034	0	0
Y57A10A.13	dhs-3	25.752	3.2754225334103	0	0
Y57A10A.13	dhs-30	23.036	2.55025898224384	0	0
Y57A10A.13	dhs-31	23.074	3.94652278520019	0	0
Y57A10A.13	dhs-4	18.786	3.25376776245328	0	0
Y57A10A.13	dhs-5	22.582	5.88876422350864	0	0
Y57A10A.13	dhs-6	27.042	6.75012371849797	0	0
Y57A10A.13	dhs-7	19.614	2.11586634063762	0	0
Y57A10A.13	dhs-8	24.322	17.8910998837185	0	0
Y57A10A.13	dhs-9	8.5	49.7847963896318	0	0
Y57A10A.13	dhsl-4	26.488	7.01755043158441	0	0
Y57A10A.13	dib-1	25.428	5.83921772189292	0	0
Y57A10A.13	did-2	25.466	8.96892776721004	0	0
Y57A10A.13	die-1	15.954	3.11249983017411	0	0
Y57A10A.13	dif-1	12.81	3.50289151384614	0	0
Y57A10A.13	dim-1	17.072	15.9623945534513	0	0
Y57A10A.13	dip-2	25.386	3.35172986234055	0	0
Y57A10A.13	dis-3	28.01	2.3787780440482	0	0
Y57A10A.13	disl-2	18.458	9.46381740798853	0	0
Y57A10A.13	div-1	23.334	3.2034046510043	0	0
Y57A10A.13	djr-1.1	25.664	5.35338326479084	0	0
Y57A10A.13	djr-1.2	25.758	2.31954990489126	0	0
Y57A10A.13	dkc-1	20.528	38.1416771944623	0	0
Y57A10A.13	dkf-1	24.786	2.99625053706089	0	0
Y57A10A.13	dkf-2	19.278	2.53338050605678	0	0
Y57A10A.13	dlat-1	14.832	1.56340069771466	0	0
Y57A10A.13	dlat-2	21.968	4.51762271407427	0	0
Y57A10A.13	dlc-1	13.524	4.65298297588204	0	0
Y57A10A.13	dlc-2	25.536	1.03889525232304	0	0
Y57A10A.13	dlc-3	16.128	7.20386321566594	0	0
Y57A10A.13	dlc-4	17.74	6.98905785194824	0	0
Y57A10A.13	dlc-5	22.016	5.44666238106867	0	0
Y57A10A.13	dlc-6	24.92	1.42356916332799	0	0
Y57A10A.13	dld-1	19.836	1.83424392241264	0	0
Y57A10A.13	dlg-1	21.366	1.85379013309748	0	0
Y57A10A.13	dlgr-1	20.03	13.3543842986473	0	0
Y57A10A.13	dlhd-1	22.75	11.2203344999831	0	0
Y57A10A.13	dli-1	25.29	2.6898272212759	0	0
Y57A10A.13	dlk-1	20.494	1.56394657093541	0	0
Y57A10A.13	dlst-1	15.37	8.62615066223147	0	0
Y57A10A.13	dma-1	24.622	2.64839960599268	0	0
Y57A10A.13	dmd-10	23.626	15.5339819801858	0	0
Y57A10A.13	dmd-3	16.814	12.254408588986	0	0
Y57A10A.13	dmd-4	21.362	16.7127509910943	0	0
Y57A10A.13	dmd-5	18.284	17.2830260385272	0	0
Y57A10A.13	dmd-6	23.392	8.37999073769413	0	0
Y57A10A.13	dmd-7	16.604	31.2128080566591	0	0
Y57A10A.13	dmd-8	24.248	6.84228486950884	0	0
Y57A10A.13	dmd-9	22.276	15.7936785049987	0	0
Y57A10A.13	dml-1	13.23	27.1935045698021	0	0
Y57A10A.13	dmsr-1	17.896	1.77434845424734	0	0
Y57A10A.13	dmsr-10	17.446	13.4231988124035	0	0
Y57A10A.13	dmsr-11	16.872	1.61253063313369	0	0
Y57A10A.13	dmsr-12	22.782	0.845691832414524	0	0
Y57A10A.13	dmsr-13	21.474	7.33800552807644	0	0
Y57A10A.13	dmsr-14	21.804	6.02604020201998	0	0
Y57A10A.13	dmsr-15	17.694	3.18919419919567	0	0
Y57A10A.13	dmsr-16	15.894	1.93442377067089	0	0
Y57A10A.13	dmsr-2	22.544	1.99969118800738	0	0
Y57A10A.13	dmsr-3	17.584	2.01370782496433	0	0
Y57A10A.13	dmsr-4	15.786	0.997191464646769	0	0
Y57A10A.13	dmsr-5	19.628	1.95316214192744	0	0
Y57A10A.13	dmsr-6	23.472	1.6866000737991	0	0
Y57A10A.13	dmsr-7	21.614	3.6486785710777	0	0
Y57A10A.13	dmsr-8	20.568	3.51648361805019	0	0
Y57A10A.13	dmsr-9	24.32	3.42950803047777	0	0
Y57A10A.13	dna-2	24.208	16.2261387809804	0	0
Y57A10A.13	dnbp-1	25.778	10.1751517906201	0	0
Y57A10A.13	dnc-1	26.18	5.32010286229132	0	0
Y57A10A.13	dnc-2	27.046	3.39231566483535	0	0
Y57A10A.13	dnc-3	26.946	0.944552640412203	0	0
Y57A10A.13	dnc-4	25.432	5.51906901675387	0	0
Y57A10A.13	dnc-5	21.79	5.35362439897836	0	0
Y57A10A.13	dnc-6	24.088	2.15903065151441	0	0
Y57A10A.13	dnj-1	21.294	8.46622440876915	0	0
Y57A10A.13	dnj-10	25.018	7.0567828929698	0	0
Y57A10A.13	dnj-11	24.164	10.3995714568128	0	0
Y57A10A.13	dnj-12	24.11	7.86732939354206	0	0
Y57A10A.13	dnj-13	21.528	11.2251064486647	0	0
Y57A10A.13	dnj-14	19.53	14.3864352238702	0	0
Y57A10A.13	dnj-15	21.836	4.82887661289494	0	0
Y57A10A.13	dnj-16	24.794	7.09932795896822	0	0
Y57A10A.13	dnj-17	9.258	2.94268176840539	0	0
Y57A10A.13	dnj-18	25.588	8.63621555204457	0	0
Y57A10A.13	dnj-19	23.35	11.6266005452813	0	0
Y57A10A.13	dnj-2	26.402	7.00629759935224	0	0
Y57A10A.13	dnj-20	14.282	4.40820070411657	0	0
Y57A10A.13	dnj-21	18.588	3.20164534250851	0	0
Y57A10A.13	dnj-22	26.82	3.4992895470992	0	0
Y57A10A.13	dnj-23	19.8	0.996755270504575	0	0
Y57A10A.13	dnj-24	22.79	0.918317224065657	0	0
Y57A10A.13	dnj-25	4.634	4.12165261504129	1	1
Y57A10A.13	dnj-26	21.328	1.76227970799764	0	0
Y57A10A.13	dnj-27	25.382	4.24625626489204	0	0
Y57A10A.13	dnj-28	21.37	15.3258830993419	0	0
Y57A10A.13	dnj-29	25.49	0.834986137849857	0	0
Y57A10A.13	dnj-3	12.694	2.30388470744255	0	0
Y57A10A.13	dnj-30	22.99	12.6583872364627	0	0
Y57A10A.13	dnj-4	27.472	2.27430098535355	0	0
Y57A10A.13	dnj-5	22.048	4.33346474034151	0	0
Y57A10A.13	dnj-7	24.342	19.1407675913969	0	0
Y57A10A.13	dnj-8	27.744	1.69033646840748	0	0
Y57A10A.13	dnj-9	17.364	4.06891681468289	0	0
Y57A10A.13	dnpp-1	28.136	9.0767917226747	0	0
Y57A10A.13	dnsn-1	21.638	4.40116218900096	0	0
Y57A10A.13	dod-17	24.726	2.12636943983777	0	0
Y57A10A.13	dod-18	24.638	4.67881418227422	0	0
Y57A10A.13	dod-19	23.518	0.98873019819852	0	0
Y57A10A.13	dod-20	24.692	4.86387127012359	0	0
Y57A10A.13	dod-21	25.304	4.7402415294339	0	0
Y57A10A.13	dod-22	25.488	6.85618304373538	0	0
Y57A10A.13	dod-23	25.394	4.57187659554875	0	0
Y57A10A.13	dod-24	27.58	1.0132841633417	0	0
Y57A10A.13	dod-3	15.88	3.74433694179342	0	0
Y57A10A.13	dod-6	18.03	9.02277697150664	0	0
Y57A10A.13	dog-1	22.052	5.70732161845038	0	0
Y57A10A.13	dohh-1	21.72	7.53793061115485	0	0
Y57A10A.13	dolk-1	15.512	4.10194660407539	0	0
Y57A10A.13	dom-3	22.68	3.17383760120246	0	0
Y57A10A.13	dop-1	24.6	6.15924088382015	0	0
Y57A10A.13	dop-2	21.93	10.2370419341161	0	0
Y57A10A.13	dop-3	24.606	3.80445822829564	0	0
Y57A10A.13	dop-4	23.902	1.26325706368533	0	0
Y57A10A.13	dop-5	23.794	6.85630402098846	0	0
Y57A10A.13	dop-6	16.74	2.32246202823103	0	0
Y57A10A.13	dos-1	6.38	6.09776290405232	0	0
Y57A10A.13	dos-2	23.978	9.0332939851581	0	0
Y57A10A.13	dos-3	25.24	5.53151915797429	0	0
Y57A10A.13	dot-1.1	20.552	6.44089799939609	0	0
Y57A10A.13	dot-1.2	25.854	5.46073325959666	0	0
Y57A10A.13	dot-1.3	11.618	5.46358923298873	0	0
Y57A10A.13	dot-1.4	23.088	10.5957124032446	0	0
Y57A10A.13	dot-1.5	20.884	6.89910362305793	0	0
Y57A10A.13	doxa-1	21.534	10.9700630500968	0	0
Y57A10A.13	dpf-1	24.166	3.77170958372285	0	0
Y57A10A.13	dpf-2	16.346	8.31204494101645	0	0
Y57A10A.13	dpf-3	17.682	3.69025300482637	0	0
Y57A10A.13	dpf-4	22.882	2.66233804612775	0	0
Y57A10A.13	dpf-5	24.186	2.13656435844149	0	0
Y57A10A.13	dpf-6	23.906	3.33420859218018	0	0
Y57A10A.13	dpf-7	26.426	0.999259767229013	0	0
Y57A10A.13	dpff-1	23.726	9.59419791631188	0	0
Y57A10A.13	dph-1	26.326	2.77638225034009	0	0
Y57A10A.13	dph-2	28.222	2.57354447152579	0	0
Y57A10A.13	dph-3	15.658	2.49907719532928	0	0
Y57A10A.13	dph-5	27.75	3.46274243624535	0	0
Y57A10A.13	dph-6	25.986	2.8399542632348	0	0
Y57A10A.13	dph-7	19.082	16.3539051222484	0	0
Y57A10A.13	dpl-1	17.87	3.06784782656612	0	0
Y57A10A.13	dpm-1	6.434	1.44385752719845	0	0
Y57A10A.13	dpm-3	23.454	5.56082292231174	0	0
Y57A10A.13	dpr-1	25.684	3.03573687797763	0	0
Y57A10A.13	dpsm-1	17.752	4.24985107227313	0	0
Y57A10A.13	dpt-1	24.664	10.7351290139954	0	0
Y57A10A.13	dpy-1	23.142	9.13554395627138	0	0
Y57A10A.13	dpy-10	20.916	10.8478057908138	0	0
Y57A10A.13	dpy-11	19.548	1.95781661769882	0	0
Y57A10A.13	dpy-13	23.674	12.4827660972745	0	0
Y57A10A.13	dpy-14	18.31	3.54871212337373	0	0
Y57A10A.13	dpy-17	20.294	9.27905067912943	0	0
Y57A10A.13	dpy-18	8.866	11.0677249079502	0	0
Y57A10A.13	dpy-19	23.022	2.6425805074525	0	0
Y57A10A.13	dpy-2	17.678	11.039895066524	0	0
Y57A10A.13	dpy-20	20.3	4.24632256291329	0	0
Y57A10A.13	dpy-21	21.464	3.16922569782853	0	0
Y57A10A.13	dpy-23	26.01	2.17028420259965	0	0
Y57A10A.13	dpy-26	23.32	8.31997881559655	0	0
Y57A10A.13	dpy-27	27.888	3.31188283977974	0	0
Y57A10A.13	dpy-28	18.282	3.34565964708067	0	0
Y57A10A.13	dpy-3	22.474	15.2941086888529	0	0
Y57A10A.13	dpy-30	28.24	2.43576132145513	0	0
Y57A10A.13	dpy-31	21.66	4.38158891382839	0	0
Y57A10A.13	dpy-4	23.01	6.89902883563818	0	0
Y57A10A.13	dpy-5	20.968	11.8920527302155	0	0
Y57A10A.13	dpy-6	23.77	3.14779658256968	0	0
Y57A10A.13	dpy-7	19.364	1.33502886745612	0	0
Y57A10A.13	dpy-8	9.272	3.82713634447229	0	0
Y57A10A.13	dpy-9	22.494	7.39450062778466	0	0
Y57A10A.13	dpyd-1	25.442	12.7778229385582	0	0
Y57A10A.13	drag-1	22.03	3.24152444391342	0	0
Y57A10A.13	drap-1	16.18	1.83133898517046	0	0
Y57A10A.13	drd-1	20.372	8.77774891326075	0	0
Y57A10A.13	drd-10	12.05	4.12565834746241	0	0
Y57A10A.13	drd-5	23.984	5.37386474371529	0	0
Y57A10A.13	drd-50	20.544	1.38474486648121	0	0
Y57A10A.13	dre-1	23.156	13.8664189466031	0	0
Y57A10A.13	drh-1	26.284	2.44629898545008	0	0
Y57A10A.13	drh-3	27.052	3.27084011103387	0	0
Y57A10A.13	drl-1	25.358	6.21173990997337	0	0
Y57A10A.13	drn-1	22.8	18.185815257431	0	0
Y57A10A.13	dro-1	11.342	27.2713503025213	0	0
Y57A10A.13	droe-4	21.748	6.88356204565581	0	0
Y57A10A.13	droe-8	18.076	2.22205719961482	0	0
Y57A10A.13	drp-1	25.834	2.10839743855376	0	0
Y57A10A.13	drr-1	16.872	3.18775643463974	0	0
Y57A10A.13	drr-2	27.048	2.35681591242764	0	0
Y57A10A.13	drsh-1	12.398	2.27450320787412	0	0
Y57A10A.13	dsb-1	22.002	10.2332794704209	0	0
Y57A10A.13	dsb-2	25.234	8.54884599429005	0	0
Y57A10A.13	dsb-3	21.28	9.17996646898252	0	0
Y57A10A.13	dsbn-1	23.174	2.47918309957984	0	0
Y57A10A.13	dsc-1	15.844	21.0211912647385	0	0
Y57A10A.13	dsc-4	27.25	5.97111696910771	0	0
Y57A10A.13	dscc-1	24.766	8.04770888417143	0	0
Y57A10A.13	dsh-1	21.306	15.3869811078516	0	0
Y57A10A.13	dsh-2	16.218	16.2569649148385	0	0
Y57A10A.13	dsl-1	24.148	8.6991031152781	0	0
Y57A10A.13	dsl-2	25.134	4.78571841659098	0	0
Y57A10A.13	dsl-3	23.37	10.6956352717742	0	0
Y57A10A.13	dsl-4	27.002	3.12807175753834	0	0
Y57A10A.13	dsl-5	21.74	3.17503945075168	0	0
Y57A10A.13	dsl-6	24.952	4.33613313475035	0	0
Y57A10A.13	dsl-7	22.71	2.73309161315416	0	0
Y57A10A.13	dss-1	20.096	8.84549694757272	0	0
Y57A10A.13	dtmk-1	23.132	2.88257963139295	0	0
Y57A10A.13	duo-1	20.238	8.15488093494413	0	0
Y57A10A.13	duo-3	26.016	7.2559893884854	0	0
Y57A10A.13	duox-2	28.652	2.00515562125765	0	0
Y57A10A.13	dur-1	22.674	6.15843315377037	0	0
Y57A10A.13	dus-2	22.464	11.9653863433961	0	0
Y57A10A.13	dut-1	23.306	1.86254717705491	0	0
Y57A10A.13	duxl-1	17.394	5.85289215555439	0	0
Y57A10A.13	dvc-1	16.668	6.16089658196001	0	0
Y57A10A.13	dve-1	24.562	9.30543350512501	0	0
Y57A10A.13	dxbp-1	17.678	29.3512049122677	0	0
Y57A10A.13	dyb-1	21.44	4.2486293948515	0	0
Y57A10A.13	dyc-1	23.088	1.01179065322588	0	0
Y57A10A.13	dyci-1	11.844	1.9904939985652	0	0
Y57A10A.13	dyf-1	7.902	2.90294225198327	0	0
Y57A10A.13	dyf-11	23.908	13.1956208277594	0	0
Y57A10A.13	dyf-13	24.624	4.05616174083365	0	0
Y57A10A.13	dyf-17	20.894	3.82460039804708	0	0
Y57A10A.13	dyf-18	26.8	5.33816877683286	0	0
Y57A10A.13	dyf-19	19.274	36.6849631601185	0	0
Y57A10A.13	dyf-2	30.214	0.937476027865096	0	0
Y57A10A.13	dyf-3	25.912	3.29724767744404	0	0
Y57A10A.13	dyf-4	20.488	2.14076554861203	0	0
Y57A10A.13	dyf-5	7.526	2.2046461369317	0	0
Y57A10A.13	dyf-6	21.692	11.9338502157317	0	0
Y57A10A.13	dyf-7	22.432	6.67523058728766	0	0
Y57A10A.13	dyla-1	20.552	7.92553243657745	0	0
Y57A10A.13	dylt-1	21.598	2.33448625028106	0	0
Y57A10A.13	dylt-2	20.42	17.0140534154502	0	0
Y57A10A.13	dylt-3	23.682	4.33815005554012	0	0
Y57A10A.13	dyn-1	22.838	22.6450635393328	0	0
Y57A10A.13	dyrb-1	22.722	4.27572274282464	0	0
Y57A10A.13	dzpr-1	28.514	2.73072820270927	0	0
Y57A10A.13	eaf-1	21.054	22.9877599157373	0	0
Y57A10A.13	eak-3	21.11	15.221292756981	0	0
Y57A10A.13	eak-4	24.06	12.4683776588137	0	0
Y57A10A.13	eak-6	25.016	5.66668900689636	0	0
Y57A10A.13	eak-7	15.696	1.50402664951748	0	0
Y57A10A.13	ears-1	25.066	3.00637569343938	0	0
Y57A10A.13	ears-2	23.094	0.755356228576974	0	0
Y57A10A.13	eas-1	13.55	6.54479824466712	0	0
Y57A10A.13	eat-16	25.24	13.0580865323299	0	0
Y57A10A.13	eat-17	17.854	41.8401060207508	0	0
Y57A10A.13	eat-2	25.1	7.42913057360452	0	0
Y57A10A.13	eat-20	23.076	2.25313177305879	0	0
Y57A10A.13	eat-3	22.222	23.683117356988	0	0
Y57A10A.13	eat-4	18.256	4.0431967873747	0	0
Y57A10A.13	eat-5	20.49	16.6748284905751	0	0
Y57A10A.13	eat-6	8.174	3.66159996846345	0	0
Y57A10A.13	ebax-1	23.344	4.01881613964477	0	0
Y57A10A.13	ebp-1	19.434	11.250368317631	0	0
Y57A10A.13	ebp-2	18.742	17.4158588657606	0	0
Y57A10A.13	ebp-3	16.968	17.195759964237	0	0
Y57A10A.13	ech-1.1	28.658	1.37232559834648	0	0
Y57A10A.13	ech-1.2	27.322	12.0567373174352	0	0
Y57A10A.13	ech-2	21.624	1.29757985068893	0	0
Y57A10A.13	ech-3	25.298	11.3466777525191	0	0
Y57A10A.13	ech-4	27.628	4.73329797815273	0	0
Y57A10A.13	ech-5	27.41	2.92899931983148	0	0
Y57A10A.13	ech-6	15.39	2.37944553912938	0	0
Y57A10A.13	ech-7	22.12	17.0730827323306	0	0
Y57A10A.13	ech-8	21.362	15.7866949602486	0	0
Y57A10A.13	ech-9	23.152	5.27256701148482	0	0
Y57A10A.13	eco-1	22.786	18.2460763705974	0	0
Y57A10A.13	ecps-1	28.86	0.640791476400101	0	0
Y57A10A.13	ecps-2	27.086	4.20530107060963	0	0
Y57A10A.13	ect-2	22.406	5.42963865000986	0	0
Y57A10A.13	edc-3	22.15	6.22746690948734	0	0
Y57A10A.13	edc-4	21.044	5.26240460955715	0	0
Y57A10A.13	edg-1	20.776	12.4279001089809	0	0
Y57A10A.13	eea-1	27.232	7.11020686415485	0	0
Y57A10A.13	eef-1B.1	20.358	2.50838216072575	0	0
Y57A10A.13	eef-1B.2	18.176	15.9720098497455	0	0
Y57A10A.13	eef-1G	21.996	25.849268649214	0	0
Y57A10A.13	eef-2	18.796	6.36775618734178	0	0
Y57A10A.13	eelo-1	19.096	2.40392424488422	0	0
Y57A10A.13	eelo-2	24.66	1.59857285842879	0	0
Y57A10A.13	efa-6	22.59	15.5906338644745	0	0
Y57A10A.13	eff-1	20.456	10.2251527067587	0	0
Y57A10A.13	efhc-1	25.626	0.781237415515004	0	0
Y57A10A.13	efhd-1	24.908	7.56864301579765	0	0
Y57A10A.13	efk-1	21.018	0.922208689061059	0	0
Y57A10A.13	efl-1	22.138	10.2651686028572	0	0
Y57A10A.13	efl-2	13.214	5.46047335605732	0	0
Y57A10A.13	efl-3	5.936	5.9936123890111	0	0
Y57A10A.13	efn-2	21.924	17.3474391323637	0	0
Y57A10A.13	efn-3	20.03	1.38806178476863	0	0
Y57A10A.13	efn-4	18.934	4.22183503640796	0	0
Y57A10A.13	efr-3	20.572	5.36927760439102	0	0
Y57A10A.13	efsc-1	27.44	6.04610398511628	0	0
Y57A10A.13	eft-3	27.646	6.28759767840589	0	0
Y57A10A.13	eftu-2	14.376	4.18306065140863	0	0
Y57A10A.13	egal-1	23.96	5.62781722531013	0	0
Y57A10A.13	egas-1	27.338	2.20954239641774	0	0
Y57A10A.13	egas-2	28.516	2.49064509870053	0	0
Y57A10A.13	egas-3	26.272	13.5233472233735	0	0
Y57A10A.13	egas-4	25.236	7.66101564449949	0	0
Y57A10A.13	egg-1	17.794	12.7879934271334	0	0
Y57A10A.13	egg-2	9.638	6.59417937839321	0	0
Y57A10A.13	egg-3	22.376	2.63573088154394	0	0
Y57A10A.13	egg-4	22.778	4.93886888791808	0	0
Y57A10A.13	egg-5	23.398	0.760580689854603	0	0
Y57A10A.13	egg-6	23.62	14.7516661882716	0	0
Y57A10A.13	egl-1	16.056	3.59151807701723	0	0
Y57A10A.13	egl-10	24.708	4.55586954971694	0	0
Y57A10A.13	egl-13	15.67	38.1663348996774	0	0
Y57A10A.13	egl-15	22.098	7.51794616535478	0	0
Y57A10A.13	egl-17	23.942	5.3466939453896	0	0
Y57A10A.13	egl-18	23.952	9.09906553334594	0	0
Y57A10A.13	egl-19	23.144	11.6247539346891	0	0
Y57A10A.13	egl-2	22.82	18.3500758694725	0	0
Y57A10A.13	egl-20	19.566	3.36944057020536	0	0
Y57A10A.13	egl-21	23.684	9.30486809763626	0	0
Y57A10A.13	egl-23	23.088	4.34254419096887	0	0
Y57A10A.13	egl-26	24.692	4.71037749568772	0	0
Y57A10A.13	egl-27	24.704	3.30341635708831	0	0
Y57A10A.13	egl-3	11.96	7.06484632221026	0	0
Y57A10A.13	egl-30	25.634	5.006653763242	0	0
Y57A10A.13	egl-36	25.994	7.209154823087	0	0
Y57A10A.13	egl-38	14.742	13.8140019272032	0	0
Y57A10A.13	egl-4	21.35	3.88405923212618	0	0
Y57A10A.13	egl-43	17.32	13.0944667429979	0	0
Y57A10A.13	egl-44	13.548	16.8723285762796	0	0
Y57A10A.13	egl-45	13.222	2.27925856757477	0	0
Y57A10A.13	egl-46	20.918	18.1227307526246	0	0
Y57A10A.13	egl-47	22.084	4.82951691047489	0	0
Y57A10A.13	egl-5	12.64	28.8924548885563	0	0
Y57A10A.13	egl-6	20.172	1.38025052986673	0	0
Y57A10A.13	egl-8	23.928	5.31461046135386	0	0
Y57A10A.13	egl-9	16.37	17.059019841864	0	0
Y57A10A.13	ego-1	12.118	1.52319364332754	0	0
Y57A10A.13	ego-2	27.036	5.83946961942756	0	0
Y57A10A.13	egrh-1	22.348	13.0925837711967	0	0
Y57A10A.13	egrh-2	24.21	6.15066871235421	0	0
Y57A10A.13	egrh-3	16.894	36.2464406734765	0	0
Y57A10A.13	ehbp-1	18.008	9.04875568241532	0	0
Y57A10A.13	ehn-3	19.138	25.990541134273	0	0
Y57A10A.13	ehs-1	24.55	8.18651138937415	0	0
Y57A10A.13	eif-1	23.6	12.0803219492285	0	0
Y57A10A.13	eif-1.a	19.01	4.23518510423363	0	0
Y57A10A.13	eif-2A	25.212	7.61399568205929	0	0
Y57A10A.13	eif-2Bgamma	23.672	4.06678329880825	0	0
Y57A10A.13	eif-2alpha	20.34	11.4097513046884	0	0
Y57A10A.13	eif-2bbeta	26.904	4.86892325638127	0	0
Y57A10A.13	eif-2bdelta	23.908	3.75167470644795	0	0
Y57A10A.13	eif-2bepsilon	27.29	2.06068557698827	0	0
Y57A10A.13	eif-2beta	21.844	17.768761442922	0	0
Y57A10A.13	eif-2d	14.362	45.3875480911901	0	0
Y57A10A.13	eif-2gamma	18.054	1.92377477467133	0	0
Y57A10A.13	eif-3.B	24.748	5.6758530032102	0	0
Y57A10A.13	eif-3.C	5.374	2.02819897185541	0	0
Y57A10A.13	eif-3.D	21.258	7.21106675023249	0	0
Y57A10A.13	eif-3.E	22.882	0.869338761050884	0	0
Y57A10A.13	eif-3.F	24.152	5.12758491513277	0	0
Y57A10A.13	eif-3.G	3.834	5.45428252540412	1	1
Y57A10A.13	eif-3.H	21.244	5.32899164819598	0	0
Y57A10A.13	eif-3.I	3.504	4.06415139701322	1	1
Y57A10A.13	eif-3.K	25.66	2.05976505486777	0	0
Y57A10A.13	eif-3.L	24.47	5.31247052673708	0	0
Y57A10A.13	eif-3.j	20.456	18.0724219925937	0	0
Y57A10A.13	eif-4a3	23.05	13.1797977582541	0	0
Y57A10A.13	eif-6	26.024	2.48875175559674	0	0
Y57A10A.13	eipr-1	24.602	8.76576215277348	0	0
Y57A10A.13	ekl-1	17.462	1.48861700429569	0	0
Y57A10A.13	ekl-4	22.5	16.3144108076265	0	0
Y57A10A.13	ekl-5	14.688	29.4063033918332	0	0
Y57A10A.13	ekl-6	26.344	13.2656945817654	0	0
Y57A10A.13	ekl-7	15.796	18.0532348266821	0	0
Y57A10A.13	elb-1	24.962	3.38240642354512	0	0
Y57A10A.13	elc-1	23.79	9.65151118221925	0	0
Y57A10A.13	elc-2	24.674	8.6116416644871	0	0
Y57A10A.13	elf-1	16.554	8.03733179926515	0	0
Y57A10A.13	elk-2	14.71	30.2081893039736	0	0
Y57A10A.13	elks-1	20.09	39.7233594879239	0	0
Y57A10A.13	ell-1	9.71	8.64014095423774	0	0
Y57A10A.13	elli-1	20.512	18.0073760176478	0	0
Y57A10A.13	elo-1	16.902	3.94042427184698	0	0
Y57A10A.13	elo-2	22.398	2.38043471106668	0	0
Y57A10A.13	elo-3	17.89	12.4652522752006	0	0
Y57A10A.13	elo-4	21.284	1.55138559926989	0	0
Y57A10A.13	elo-5	24.556	1.69298043916896	0	0
Y57A10A.13	elo-6	23.202	3.99544053996891	0	0
Y57A10A.13	elo-7	17.026	1.89937925218539	0	0
Y57A10A.13	elo-8	21.42	6.20590256460888	0	0
Y57A10A.13	elo-9	23.098	2.27969666659542	0	0
Y57A10A.13	elof-1	12.066	7.22951282291921	0	0
Y57A10A.13	elp-1	22.98	20.7401818469032	0	0
Y57A10A.13	elpc-1	29.308	0.875704635950174	0	0
Y57A10A.13	elpc-2	10.134	5.04927242446501	0	0
Y57A10A.13	elpc-3	24.898	1.49077762764687	0	0
Y57A10A.13	elpc-4	24.99	2.72902122635094	0	0
Y57A10A.13	elt-1	19.68	7.53704401192553	0	0
Y57A10A.13	elt-2	19.02	4.6141450679106	0	0
Y57A10A.13	elt-3	17.27	7.25498871261187	0	0
Y57A10A.13	elt-4	15.004	19.4520365273591	0	0
Y57A10A.13	elt-6	18.926	29.018097009125	0	0
Y57A10A.13	elt-7	2.504	2.9428328158052	1	1
Y57A10A.13	emb-1	20.458	1.13504156994428	0	0
Y57A10A.13	emb-27	26.038	5.02791180012637	0	0
Y57A10A.13	emb-30	28.052	3.09742655289291	0	0
Y57A10A.13	emb-4	23.258	23.6984073264372	0	0
Y57A10A.13	emb-5	22.526	3.69939033393234	0	0
Y57A10A.13	emb-8	23.668	2.79487384094954	0	0
Y57A10A.13	emb-9	22.882	4.89237431318092	0	0
Y57A10A.13	emc-1	26.712	1.92813599680812	0	0
Y57A10A.13	emc-2	25.278	2.92121211109741	0	0
Y57A10A.13	emc-3	24.35	5.82076671333122	0	0
Y57A10A.13	emc-5	24.964	5.36396159008934	0	0
Y57A10A.13	emc-6	23.682	2.34714424195123	0	0
Y57A10A.13	eme-1	21.18	4.73816676591437	0	0
Y57A10A.13	emr-1	16.776	7.24703823810921	0	0
Y57A10A.13	emre-1	11.852	2.94910777512231	0	0
Y57A10A.13	end-1	15.766	6.23619726539281	0	0
Y57A10A.13	end-3	8.254	5.47380035285228	0	0
Y57A10A.13	endu-1	24.148	1.17033629838748	0	0
Y57A10A.13	endu-2	18.328	14.6448333970302	0	0
Y57A10A.13	enee-1	6.138	2.85551023788943	0	0
Y57A10A.13	eng-1	26.196	3.59194660313465	0	0
Y57A10A.13	enol-1	19.336	14.103180677252	0	0
Y57A10A.13	enpl-1	26.26	2.3547013105057	0	0
Y57A10A.13	enri-1	19.032	5.49048843819801	0	0
Y57A10A.13	enri-2	14.916	3.41474063891598	0	0
Y57A10A.13	ensa-1	14.512	18.2711740336033	0	0
Y57A10A.13	ensh-1	19.37	14.3407583312163	0	0
Y57A10A.13	ent-1	22.906	1.1667856217213	0	0
Y57A10A.13	ent-2	21.54	8.91878575683313	0	0
Y57A10A.13	ent-3	25.306	3.42741153672417	0	0
Y57A10A.13	ent-4	13.818	6.36015222199027	0	0
Y57A10A.13	ent-5	21.478	1.7580055295884	0	0
Y57A10A.13	ent-6	23.028	3.88692462185624	0	0
Y57A10A.13	ent-7	18.414	5.83075881807663	0	0
Y57A10A.13	enu-3.1	12.83	1.33073819789274	0	0
Y57A10A.13	enu-3.2	19.218	9.03495733539683	0	0
Y57A10A.13	enu-3.3	22.532	14.4580432075143	0	0
Y57A10A.13	enu-3.5	19.478	11.9666969243552	0	0
Y57A10A.13	enu-3.6	16.844	7.47140355041484	0	0
Y57A10A.13	eol-1	23.206	7.29944703447375	0	0
Y57A10A.13	eor-1	22.77	12.3632455434543	0	0
Y57A10A.13	eor-2	22.234	5.17143733383022	0	0
Y57A10A.13	epac-1	26.37	1.78091585882034	0	0
Y57A10A.13	epc-1	23.316	12.7858369913122	0	0
Y57A10A.13	epg-2	27.542	3.69224061104264	0	0
Y57A10A.13	epg-3	16.72	4.10833364890878	0	0
Y57A10A.13	epg-4	12.768	3.67707615918825	0	0
Y57A10A.13	epg-5	26.728	6.45243640248023	0	0
Y57A10A.13	epg-6	24.532	5.20726672133036	0	0
Y57A10A.13	epg-7	27.204	2.51990297526848	0	0
Y57A10A.13	epg-8	23.89	4.69188991852727	0	0
Y57A10A.13	epg-9	23.082	10.2885775324557	0	0
Y57A10A.13	ephx-1	18.214	13.7357270980094	0	0
Y57A10A.13	epic-1	14.23	7.15329961154485	0	0
Y57A10A.13	epic-2	25.392	8.77113406228946	0	0
Y57A10A.13	epic-3	14.316	6.34146129411089	0	0
Y57A10A.13	epn-1	8.23	66.9033052861243	0	0
Y57A10A.13	eppl-1	24.164	3.05128574771335	0	0
Y57A10A.13	eps-8	19.31	6.94626604244965	0	0
Y57A10A.13	ept-1	20.478	1.15528760749747	0	0
Y57A10A.13	era-1	18.548	7.47984043470251	0	0
Y57A10A.13	eral-1	21.81	8.68162511193427	0	0
Y57A10A.13	ercc-1	12.424	68.9234803107603	0	0
Y57A10A.13	erd-2.1	15.86	4.87581713220207	0	0
Y57A10A.13	erd-2.2	19.32	5.47101694118422	0	0
Y57A10A.13	erfa-1	14.54	2.48546231081054	0	0
Y57A10A.13	erfa-3	24.95	3.88818872667605	0	0
Y57A10A.13	erg-28	14.416	7.37264521132344	0	0
Y57A10A.13	ergi-1	23.566	2.07809731094528	0	0
Y57A10A.13	ergi-2	24.366	5.64714472946809	0	0
Y57A10A.13	ergi-3	21.956	5.74250831960821	0	0
Y57A10A.13	ergo-1	27.51	1.38680536946095	0	0
Y57A10A.13	erh-1	21.814	11.1965846579774	0	0
Y57A10A.13	erh-2	20.964	5.65728512983331	0	0
Y57A10A.13	eri-1	15.458	3.28190237596917	0	0
Y57A10A.13	eri-12	23.504	14.0594440813175	0	0
Y57A10A.13	eri-3	25.732	3.65204665850787	0	0
Y57A10A.13	eri-5	23.13	1.10479311190494	0	0
Y57A10A.13	eri-6	24.786	2.58440272177707	0	0
Y57A10A.13	eri-7	4.118	3.70434859897107	1	1
Y57A10A.13	eri-9	25.6	5.10681498844161	0	0
Y57A10A.13	erl-1	26.836	1.27204094274047	0	0
Y57A10A.13	erm-1	23.482	5.95610935715648	0	0
Y57A10A.13	ero-1	16.724	6.9375055356685	0	0
Y57A10A.13	erp-44.1	25.07	1.90359633011408	0	0
Y57A10A.13	erp-44.2	24.592	2.30107289323237	0	0
Y57A10A.13	erp-44.3	19.24	37.445707459876	0	0
Y57A10A.13	ess-2	18.874	0.899618484828871	0	0
Y57A10A.13	esyt-2	25.326	3.23134459376948	0	0
Y57A10A.13	etc-1	16.79	2.65990621481389	0	0
Y57A10A.13	etfb-1	23.706	9.15791122750941	0	0
Y57A10A.13	etfr-1	26.882	3.42200047880156	0	0
Y57A10A.13	ethe-1	23.618	3.59389043271166	0	0
Y57A10A.13	etr-1	3.318	3.36555618448309	1	1
Y57A10A.13	ets-10	24.286	4.06586541167845	0	0
Y57A10A.13	ets-4	20.2	8.7139963270052	0	0
Y57A10A.13	ets-5	4.548	2.31341397318604	1	1
Y57A10A.13	ets-6	23.832	5.01452109733161	0	0
Y57A10A.13	ets-7	19.946	3.76058689291005	0	0
Y57A10A.13	ets-8	26.37	17.5528749339909	0	0
Y57A10A.13	ets-9	8.858	6.03968533622032	0	0
Y57A10A.13	eva-1	20.17	11.5192077202333	0	0
Y57A10A.13	evl-14	23.596	8.78538837598034	0	0
Y57A10A.13	evl-18	23.908	5.98421498815892	0	0
Y57A10A.13	evl-20	26.706	3.95522059670704	0	0
Y57A10A.13	exc-1	21.432	13.7808406892503	0	0
Y57A10A.13	exc-12	14.548	0.506053404435137	0	0
Y57A10A.13	exc-13	22.062	12.5389218028357	0	0
Y57A10A.13	exc-14	17.622	1.04590581245965	0	0
Y57A10A.13	exc-15	19.594	5.39856525541316	0	0
Y57A10A.13	exc-4	22.636	4.0364477802105	0	0
Y57A10A.13	exc-5	10.408	6.47075381899392	0	0
Y57A10A.13	exc-6	20.946	2.21024482695309	0	0
Y57A10A.13	exc-7	23.412	22.1632092392214	0	0
Y57A10A.13	exc-9	20.462	14.9211493028776	0	0
Y57A10A.13	exh-1	26.128	10.0213974553935	0	0
Y57A10A.13	exl-1	19.29	14.1959237415167	0	0
Y57A10A.13	exo-1	22.686	9.40087018781007	0	0
Y57A10A.13	exo-3	24.376	6.36133318893513	0	0
Y57A10A.13	exoc-7	27.36	2.10803428933889	0	0
Y57A10A.13	exoc-8	23.088	7.22043610645436	0	0
Y57A10A.13	exos-1	19.254	1.35962580422963	0	0
Y57A10A.13	exos-2	21.186	2.90364695595783	0	0
Y57A10A.13	exos-3	20.74	3.79867484306955	0	0
Y57A10A.13	exos-4.1	22.586	7.35132577966222	0	0
Y57A10A.13	exos-4.2	23.426	3.11876757064354	0	0
Y57A10A.13	exos-7	23.186	9.23739311809652	0	0
Y57A10A.13	exos-8	18.726	0.964636115907994	0	0
Y57A10A.13	exos-9	12.212	46.5139849723152	0	0
Y57A10A.13	exp-1	22.19	5.21211446353795	0	0
Y57A10A.13	exp-2	22.438	5.72766351763339	0	0
Y57A10A.13	eya-1	14.212	49.7104880612081	0	0
Y57A10A.13	eyg-1	5.946	3.36276477881663	0	0
Y57A10A.13	faah-1	23.758	6.40569066700282	0	0
Y57A10A.13	faah-2	21.946	2.12399994633478	0	0
Y57A10A.13	faah-3	25.502	5.54885461107379	0	0
Y57A10A.13	faah-4	24.854	5.8245316494048	0	0
Y57A10A.13	faah-5	15.82	2.56920372097365	0	0
Y57A10A.13	faah-6	19.548	14.1764514575283	0	0
Y57A10A.13	fah-1	20.5	1.79992729048733	0	0
Y57A10A.13	fahd-1	25.55	1.65613699347442	0	0
Y57A10A.13	famh-136	21.876	15.6201523572884	0	0
Y57A10A.13	famh-161	29.638	1.62452559067766	0	0
Y57A10A.13	famk-1	18.556	21.9577777730192	0	0
Y57A10A.13	famp-1	23.378	3.60981116022688	0	0
Y57A10A.13	fan-1	27.674	2.5259114823014	0	0
Y57A10A.13	far-1	27.306	8.08913311653767	0	0
Y57A10A.13	far-2	27.97	6.59245223975179	0	0
Y57A10A.13	far-3	26.726	12.2011189451284	0	0
Y57A10A.13	far-4	26.886	6.66742635871398	0	0
Y57A10A.13	far-5	11.644	3.86111903921019	0	0
Y57A10A.13	far-6	11.148	1.75481876994341	0	0
Y57A10A.13	far-7	27.86	4.80768670827128	0	0
Y57A10A.13	far-8	6.954	2.20350662172884	0	0
Y57A10A.13	fard-1	24.152	4.48301288472093	0	0
Y57A10A.13	farl-11	25.042	14.7056820932461	0	0
Y57A10A.13	fars-1	17.442	25.2512231134741	0	0
Y57A10A.13	fars-2	20.316	21.7268483288562	0	0
Y57A10A.13	fars-3	23.33	2.52675227658628	0	0
Y57A10A.13	fask-1	13.814	3.50050468436446	0	0
Y57A10A.13	fat-1	18.486	9.13825960752275	0	0
Y57A10A.13	fat-2	22.456	1.03510661530162	0	0
Y57A10A.13	fat-3	21.194	12.5534532621419	0	0
Y57A10A.13	fat-4	24.866	4.36450883146476	0	0
Y57A10A.13	fat-5	23.28	0.612772449213366	0	0
Y57A10A.13	fat-6	18.498	11.9697453721017	0	0
Y57A10A.13	fat-7	23.122	3.92331710623594	0	0
Y57A10A.13	fath-1	20.538	5.11854551909232	0	0
Y57A10A.13	fau-1	16.614	8.14077753706796	0	0
Y57A10A.13	fax-1	21.644	3.05032381785086	0	0
Y57A10A.13	faxc-1	13.06	6.42615331210452	0	0
Y57A10A.13	faxc-2	23.314	2.35022937973707	0	0
Y57A10A.13	fbf-1	10.472	6.40848088523673	0	0
Y57A10A.13	fbf-2	16.14	19.8478529106497	0	0
Y57A10A.13	fbl-1	27.078	7.1758719346497	0	0
Y57A10A.13	fbp-1	25.182	9.23820235070422	0	0
Y57A10A.13	fbxa-1	26.296	6.18807199918754	0	0
Y57A10A.13	fbxa-10	18.944	19.5344811630577	0	0
Y57A10A.13	fbxa-100	24.942	2.0501217755302	0	0
Y57A10A.13	fbxa-101	17.944	3.33294439241316	0	0
Y57A10A.13	fbxa-102	23.916	8.62715023618391	0	0
Y57A10A.13	fbxa-103	19.222	4.95966463688751	0	0
Y57A10A.13	fbxa-104	6.884	10.8970557475663	0	0
Y57A10A.13	fbxa-105	26.328	5.83121639255032	0	0
Y57A10A.13	fbxa-106	26.556	3.2297362356366	0	0
Y57A10A.13	fbxa-107	27.902	2.10501565469293	0	0
Y57A10A.13	fbxa-108	20.36	2.90262167329909	0	0
Y57A10A.13	fbxa-11	22.988	12.8040099421298	0	0
Y57A10A.13	fbxa-111	23.11	11.9612502121392	0	0
Y57A10A.13	fbxa-112	22.408	11.1175409555657	0	0
Y57A10A.13	fbxa-113	20.956	1.28292326886096	0	0
Y57A10A.13	fbxa-114	13.138	1.82628628299482	0	0
Y57A10A.13	fbxa-115	25.224	3.8733987470601	0	0
Y57A10A.13	fbxa-116	22.972	13.8918051103124	0	0
Y57A10A.13	fbxa-118	24.922	6.98428477459812	0	0
Y57A10A.13	fbxa-12	27.372	4.22713827716151	0	0
Y57A10A.13	fbxa-120	21.564	20.1185642940799	0	0
Y57A10A.13	fbxa-125	26.644	3.55688788856134	0	0
Y57A10A.13	fbxa-126	26.72	4.09929266542064	0	0
Y57A10A.13	fbxa-127	20.92	8.89583074327739	0	0
Y57A10A.13	fbxa-128	28.068	2.58594723545197	0	0
Y57A10A.13	fbxa-13	23.31	5.04262586567017	0	0
Y57A10A.13	fbxa-131	25.318	5.6926155160089	0	0
Y57A10A.13	fbxa-133	19.418	11.7236785380838	0	0
Y57A10A.13	fbxa-134	18.27	3.65616877770438	0	0
Y57A10A.13	fbxa-135	27.36	7.8097582908438	0	0
Y57A10A.13	fbxa-136	27.904	3.16602562832098	0	0
Y57A10A.13	fbxa-137	20.894	2.48981098324034	0	0
Y57A10A.13	fbxa-138	24.532	12.2842178982698	0	0
Y57A10A.13	fbxa-139	16.758	5.256204984379	0	0
Y57A10A.13	fbxa-14	20.076	12.8044845978318	0	0
Y57A10A.13	fbxa-140	26.8	4.85017218187221	0	0
Y57A10A.13	fbxa-141	16.936	4.67350552522667	0	0
Y57A10A.13	fbxa-142	26.11	1.63054254748434	0	0
Y57A10A.13	fbxa-143	17.818	31.7105849822361	0	0
Y57A10A.13	fbxa-144	26.912	5.54898145755217	0	0
Y57A10A.13	fbxa-145	24.656	2.69804219573801	0	0
Y57A10A.13	fbxa-147	24.664	4.23171314369958	0	0
Y57A10A.13	fbxa-148	28.134	1.97431850655994	0	0
Y57A10A.13	fbxa-15	14.168	2.9017533901399	0	0
Y57A10A.13	fbxa-150	25.554	3.13143235274297	0	0
Y57A10A.13	fbxa-151	25.878	5.0807209075234	0	0
Y57A10A.13	fbxa-152	24.134	5.44796458772302	0	0
Y57A10A.13	fbxa-153	24.942	2.94695939221969	0	0
Y57A10A.13	fbxa-154	26.332	4.40523723565792	0	0
Y57A10A.13	fbxa-155	24.542	5.28962388771495	0	0
Y57A10A.13	fbxa-156	24.916	9.81888333377254	0	0
Y57A10A.13	fbxa-157	24.798	6.41265697986249	0	0
Y57A10A.13	fbxa-158	17.48	3.47654796435664	0	0
Y57A10A.13	fbxa-16	17.204	8.30262556353909	0	0
Y57A10A.13	fbxa-160	24.372	0.0789241098870479	0	0
Y57A10A.13	fbxa-163	13.386	9.88656831286094	0	0
Y57A10A.13	fbxa-164	27.326	3.02376774024642	0	0
Y57A10A.13	fbxa-165	22.774	9.63038401161792	0	0
Y57A10A.13	fbxa-166	17.254	3.19124744870839	0	0
Y57A10A.13	fbxa-167	25.202	3.9583448806593	0	0
Y57A10A.13	fbxa-169	18.056	2.50348227817326	0	0
Y57A10A.13	fbxa-170	24.692	2.58502593078125	0	0
Y57A10A.13	fbxa-171	21.706	9.32085878055872	0	0
Y57A10A.13	fbxa-172	18.01	22.0759775102861	0	0
Y57A10A.13	fbxa-174	23.71	5.06633714799469	0	0
Y57A10A.13	fbxa-176	24.814	9.59980541614029	0	0
Y57A10A.13	fbxa-179	21.846	20.8543701152049	0	0
Y57A10A.13	fbxa-18	27.828	3.26775699734076	0	0
Y57A10A.13	fbxa-181	22.278	5.91708014967553	0	0
Y57A10A.13	fbxa-182	19.322	1.05011861167823	0	0
Y57A10A.13	fbxa-183	24.306	12.9110060727205	0	0
Y57A10A.13	fbxa-184	6.448	1.67177580374837	0	0
Y57A10A.13	fbxa-185	24.758	13.8196619495986	0	0
Y57A10A.13	fbxa-188	14.622	1.82384990297177	0	0
Y57A10A.13	fbxa-189	24.038	7.63838699051017	0	0
Y57A10A.13	fbxa-19	25.792	4.71952239623396	0	0
Y57A10A.13	fbxa-190	25.396	4.99796527924773	0	0
Y57A10A.13	fbxa-192	27.224	5.4798010389472	0	0
Y57A10A.13	fbxa-194	27.116	4.96004087458035	0	0
Y57A10A.13	fbxa-196	26.1	6.07294801412324	0	0
Y57A10A.13	fbxa-197	26.638	2.18354537656411	0	0
Y57A10A.13	fbxa-199	16.776	2.80814538838817	0	0
Y57A10A.13	fbxa-2	25.792	7.84461068264277	0	0
Y57A10A.13	fbxa-201	17.966	4.33985672792928	0	0
Y57A10A.13	fbxa-202	14.776	3.26454489200472	0	0
Y57A10A.13	fbxa-206	20.338	3.88846003419448	0	0
Y57A10A.13	fbxa-208	26.202	6.92521189167747	0	0
Y57A10A.13	fbxa-209	20.768	1.26454834600777	0	0
Y57A10A.13	fbxa-21	24.992	4.00481997732752	0	0
Y57A10A.13	fbxa-210	20.368	5.62123091324518	0	0
Y57A10A.13	fbxa-211	18.358	2.21447941719371	0	0
Y57A10A.13	fbxa-213	16.736	53.769893527517	0	0
Y57A10A.13	fbxa-214	22.066	3.26051427113734	0	0
Y57A10A.13	fbxa-215	13.548	2.18549750639076	0	0
Y57A10A.13	fbxa-216	23.292	3.24101555905205	0	0
Y57A10A.13	fbxa-218	9.488	8.00782950799233	0	0
Y57A10A.13	fbxa-219	22.75	10.5041150411623	0	0
Y57A10A.13	fbxa-22	26.13	3.65995873432996	0	0
Y57A10A.13	fbxa-220	23.198	22.0898541065179	0	0
Y57A10A.13	fbxa-221	27.518	5.61585328053059	0	0
Y57A10A.13	fbxa-222	25.912	4.51424335538382	0	0
Y57A10A.13	fbxa-224	24.542	5.24723801904926	0	0
Y57A10A.13	fbxa-24	24.386	7.26929404670375	0	0
Y57A10A.13	fbxa-25	25.168	11.5790630628734	0	0
Y57A10A.13	fbxa-26	17.014	2.26058946929276	0	0
Y57A10A.13	fbxa-27	27.144	3.90905882208352	0	0
Y57A10A.13	fbxa-28	23.186	11.9425273971606	0	0
Y57A10A.13	fbxa-29	25.738	3.42462761380762	0	0
Y57A10A.13	fbxa-3	24.922	6.1387869913957	0	0
Y57A10A.13	fbxa-30	25.098	8.11080473907835	0	0
Y57A10A.13	fbxa-31	25.65	3.8671241140951	0	0
Y57A10A.13	fbxa-32	25.78	1.83381639310672	0	0
Y57A10A.13	fbxa-35	24.976	5.08618966057455	0	0
Y57A10A.13	fbxa-36	26.016	7.36507378797375	0	0
Y57A10A.13	fbxa-37	19.866	1.88499427653261	0	0
Y57A10A.13	fbxa-38	22.256	2.79780595318169	0	0
Y57A10A.13	fbxa-39	23.73	5.8720984345547	0	0
Y57A10A.13	fbxa-4	23.074	1.50928656390249	0	0
Y57A10A.13	fbxa-41	27.34	2.86466192380413	0	0
Y57A10A.13	fbxa-42	27.176	5.822017655713	0	0
Y57A10A.13	fbxa-43	27.034	3.4671129387177	0	0
Y57A10A.13	fbxa-44	26.526	6.71990004944953	0	0
Y57A10A.13	fbxa-45	26.462	5.75088155979747	0	0
Y57A10A.13	fbxa-47	21.812	3.86204593170504	0	0
Y57A10A.13	fbxa-48	25.44	0.965653969853634	0	0
Y57A10A.13	fbxa-5	27.132	8.53104275761246	0	0
Y57A10A.13	fbxa-50	19.8	3.09835210009279	0	0
Y57A10A.13	fbxa-51	10.318	1.24568862283851	0	0
Y57A10A.13	fbxa-52	18.818	21.6009683900043	0	0
Y57A10A.13	fbxa-53	24.144	12.7118527144832	0	0
Y57A10A.13	fbxa-54	25.03	4.81882102543016	0	0
Y57A10A.13	fbxa-55	23.294	10.2744048680837	0	0
Y57A10A.13	fbxa-56	27.178	4.57913006905113	0	0
Y57A10A.13	fbxa-59	18.914	3.28918976564274	0	0
Y57A10A.13	fbxa-6	16.788	2.02104707750758	0	0
Y57A10A.13	fbxa-60	18.962	6.20545051111584	0	0
Y57A10A.13	fbxa-61	24.976	9.33696863568644	0	0
Y57A10A.13	fbxa-62	26.314	7.18362437546868	0	0
Y57A10A.13	fbxa-63	25.756	4.84737959805626	0	0
Y57A10A.13	fbxa-64	21.988	11.5681003917144	0	0
Y57A10A.13	fbxa-65	18.884	6.01412215826758	0	0
Y57A10A.13	fbxa-66	25.77	8.33703116710423	0	0
Y57A10A.13	fbxa-67	22.456	1.50375527060084	0	0
Y57A10A.13	fbxa-69	19.374	2.90738170340701	0	0
Y57A10A.13	fbxa-7	21.78	1.02511999824454	0	0
Y57A10A.13	fbxa-71	16.454	7.09013294540691	0	0
Y57A10A.13	fbxa-72	24.73	10.7720027900368	0	0
Y57A10A.13	fbxa-73	26.172	6.42489347042581	0	0
Y57A10A.13	fbxa-74	26.784	4.29779417778168	0	0
Y57A10A.13	fbxa-75	16.438	1.14653548990288	0	0
Y57A10A.13	fbxa-76	21.688	1.36872985308594	0	0
Y57A10A.13	fbxa-77	23.398	3.74194304416695	0	0
Y57A10A.13	fbxa-79	25.402	7.30474423693377	0	0
Y57A10A.13	fbxa-80	19.38	26.2325166211156	0	0
Y57A10A.13	fbxa-81	23.574	4.84713478846489	0	0
Y57A10A.13	fbxa-82	14.544	2.94075335600078	0	0
Y57A10A.13	fbxa-83	27.434	2.91536041041681	0	0
Y57A10A.13	fbxa-84	19.424	2.51597180502173	0	0
Y57A10A.13	fbxa-85	26.924	4.63352235465773	0	0
Y57A10A.13	fbxa-86	24.328	6.72416358417769	0	0
Y57A10A.13	fbxa-88	18.702	4.68244647411426	0	0
Y57A10A.13	fbxa-89	25.074	2.48448860539218	0	0
Y57A10A.13	fbxa-9	19.59	11.5107769117172	0	0
Y57A10A.13	fbxa-90	23.828	3.70282637870303	0	0
Y57A10A.13	fbxa-94	20.774	21.0933485231789	0	0
Y57A10A.13	fbxa-95	22.082	2.12900843330304	0	0
Y57A10A.13	fbxa-96	25.63	1.96502838031906	0	0
Y57A10A.13	fbxa-98	23.022	9.73512574735836	0	0
Y57A10A.13	fbxa-99	6.562	4.00795338515411	0	0
Y57A10A.13	fbxb-1	23.396	19.0047932715071	0	0
Y57A10A.13	fbxb-10	25.112	7.45889487595904	0	0
Y57A10A.13	fbxb-100	23.188	3.95094054454898	0	0
Y57A10A.13	fbxb-101	24.242	1.46640369355924	0	0
Y57A10A.13	fbxb-102	26.828	3.22660174657859	0	0
Y57A10A.13	fbxb-103	25.15	7.1845616870496	0	0
Y57A10A.13	fbxb-104	21.284	2.11624706036598	0	0
Y57A10A.13	fbxb-105	25.778	2.33199077725006	0	0
Y57A10A.13	fbxb-106	24.568	4.65011547718638	0	0
Y57A10A.13	fbxb-107	24.626	3.73794077811877	0	0
Y57A10A.13	fbxb-108	27.012	4.29888524012317	0	0
Y57A10A.13	fbxb-11	26.794	2.60606586932984	0	0
Y57A10A.13	fbxb-111	16.94	2.57550877902874	0	0
Y57A10A.13	fbxb-112	24.34	4.0584465718608	0	0
Y57A10A.13	fbxb-114	21.122	5.65224725100917	0	0
Y57A10A.13	fbxb-115	22.504	9.76283121835508	0	0
Y57A10A.13	fbxb-116	21.526	4.76452667662431	0	0
Y57A10A.13	fbxb-117	26.7	2.85885819500199	0	0
Y57A10A.13	fbxb-118	19.254	1.27516285774791	0	0
Y57A10A.13	fbxb-119	25.776	7.67331081037109	0	0
Y57A10A.13	fbxb-13	15.172	7.43879643084689	0	0
Y57A10A.13	fbxb-14	26.032	2.14834986776293	0	0
Y57A10A.13	fbxb-15	25.542	1.66689432037041	0	0
Y57A10A.13	fbxb-16	11.804	3.85467209820671	0	0
Y57A10A.13	fbxb-17	14.906	2.48204060100491	0	0
Y57A10A.13	fbxb-18	25.468	8.47283794635733	0	0
Y57A10A.13	fbxb-19	26.442	5.73637564180588	0	0
Y57A10A.13	fbxb-2	16.7	1.16343468429494	0	0
Y57A10A.13	fbxb-20	25.528	11.0877834416486	0	0
Y57A10A.13	fbxb-21	25.78	0.925280096344184	0	0
Y57A10A.13	fbxb-22	24.604	7.66567239081004	0	0
Y57A10A.13	fbxb-24	25.072	4.7900697097485	0	0
Y57A10A.13	fbxb-25	25.632	3.43413937272152	0	0
Y57A10A.13	fbxb-26	25.454	0.876539327699821	0	0
Y57A10A.13	fbxb-29	27.542	3.19371705580561	0	0
Y57A10A.13	fbxb-3	21.342	1.58944659743499	0	0
Y57A10A.13	fbxb-30	21.268	3.11026302743999	0	0
Y57A10A.13	fbxb-31	17.666	4.62588397873816	0	0
Y57A10A.13	fbxb-33	19.128	1.36948031403798	0	0
Y57A10A.13	fbxb-34	3.56	3.14681973348428	1	1
Y57A10A.13	fbxb-35	7.656	3.83888122353829	0	0
Y57A10A.13	fbxb-37	14.636	4.16993301399522	0	0
Y57A10A.13	fbxb-38	24.972	5.38848063914577	0	0
Y57A10A.13	fbxb-39	18.988	1.749630328389	0	0
Y57A10A.13	fbxb-40	26.596	1.39057678705953	0	0
Y57A10A.13	fbxb-41	19	16.1343047409451	0	0
Y57A10A.13	fbxb-42	20.512	12.653192737181	0	0
Y57A10A.13	fbxb-43	21.66	11.8948829217693	0	0
Y57A10A.13	fbxb-44	26.134	7.81176394634887	0	0
Y57A10A.13	fbxb-45	21.568	15.9647577917556	0	0
Y57A10A.13	fbxb-46	26.348	2.88876096016492	0	0
Y57A10A.13	fbxb-47	26.384	2.12665683573388	0	0
Y57A10A.13	fbxb-48	14.216	3.61792909469637	0	0
Y57A10A.13	fbxb-49	16.62	15.1292901291121	0	0
Y57A10A.13	fbxb-5	27.682	0.708538785949991	0	0
Y57A10A.13	fbxb-50	19.942	0.962217342569734	0	0
Y57A10A.13	fbxb-51	25.068	7.06988269852684	0	0
Y57A10A.13	fbxb-52	26.838	3.30312650264408	0	0
Y57A10A.13	fbxb-53	21.508	1.77392769137186	0	0
Y57A10A.13	fbxb-54	18.814	2.19363533711336	0	0
Y57A10A.13	fbxb-55	23.876	19.7980133266404	0	0
Y57A10A.13	fbxb-56	26.02	3.54054247489256	0	0
Y57A10A.13	fbxb-57	26.11	3.19519779618755	0	0
Y57A10A.13	fbxb-58	19.714	7.56255599632789	0	0
Y57A10A.13	fbxb-59	27.7	3.91933748528426	0	0
Y57A10A.13	fbxb-6	24.352	4.66784889945683	0	0
Y57A10A.13	fbxb-60	26.65	1.82885933755495	0	0
Y57A10A.13	fbxb-61	22.092	4.09474204862606	0	0
Y57A10A.13	fbxb-62	22.898	7.064156771098	0	0
Y57A10A.13	fbxb-63	20.45	3.21346185933031	0	0
Y57A10A.13	fbxb-64	18.288	10.7740615328617	0	0
Y57A10A.13	fbxb-65	26.55	6.70946078566584	0	0
Y57A10A.13	fbxb-66	25.206	0.938249794021754	0	0
Y57A10A.13	fbxb-67	25.528	6.34460669467813	0	0
Y57A10A.13	fbxb-68	16.582	3.8573446512622	0	0
Y57A10A.13	fbxb-69	17.668	2.38034385106704	0	0
Y57A10A.13	fbxb-7	22.64	11.9940218916856	0	0
Y57A10A.13	fbxb-70	27.608	6.79990305266394	0	0
Y57A10A.13	fbxb-71	26.3	2.09470852027974	0	0
Y57A10A.13	fbxb-72	26.266	4.76064846332212	0	0
Y57A10A.13	fbxb-74	18.31	1.00036368563704	0	0
Y57A10A.13	fbxb-75	26.102	11.8607294263225	0	0
Y57A10A.13	fbxb-76	22.34	9.66414351686367	0	0
Y57A10A.13	fbxb-77	21.864	3.63497774194851	0	0
Y57A10A.13	fbxb-78	21.172	10.4387101304643	0	0
Y57A10A.13	fbxb-79	22.024	4.35907040393426	0	0
Y57A10A.13	fbxb-8	20.63	2.56815941424132	0	0
Y57A10A.13	fbxb-81	10.036	2.24646368381076	0	0
Y57A10A.13	fbxb-82	27.422	2.54857602412273	0	0
Y57A10A.13	fbxb-83	21.15	3.50966308461383	0	0
Y57A10A.13	fbxb-84	19.248	20.5547111998207	0	0
Y57A10A.13	fbxb-85	20.496	0.887388176767344	0	0
Y57A10A.13	fbxb-87	23.646	8.25880641250613	0	0
Y57A10A.13	fbxb-88	18.556	2.07098273325724	0	0
Y57A10A.13	fbxb-9	18.028	14.1901299669462	0	0
Y57A10A.13	fbxb-90	21.132	11.5810558675342	0	0
Y57A10A.13	fbxb-91	26.604	4.59651672585445	0	0
Y57A10A.13	fbxb-92	24.762	6.09694346396541	0	0
Y57A10A.13	fbxb-93	23.904	1.10547885713906	0	0
Y57A10A.13	fbxb-95	17.708	2.47362592816661	0	0
Y57A10A.13	fbxb-96	20.724	9.8268274633833	0	0
Y57A10A.13	fbxb-97	23.814	6.52241626521632	0	0
Y57A10A.13	fbxb-98	23.686	3.60603429684358	0	0
Y57A10A.13	fbxb-99	27.332	4.32474977476763	0	0
Y57A10A.13	fbxc-11	26.344	2.65479158573197	0	0
Y57A10A.13	fbxc-12	23.814	10.8085672881861	0	0
Y57A10A.13	fbxc-14	22.882	8.99583333442318	0	0
Y57A10A.13	fbxc-15	27.204	1.8795113179782	0	0
Y57A10A.13	fbxc-17	23.346	7.30908595717478	0	0
Y57A10A.13	fbxc-18	26.526	0.937406278448409	0	0
Y57A10A.13	fbxc-19	21.67	11.1860418273112	0	0
Y57A10A.13	fbxc-2	24.27	2.01832268175601	0	0
Y57A10A.13	fbxc-20	25.924	14.9245783306854	0	0
Y57A10A.13	fbxc-21	27.816	3.22199811982004	0	0
Y57A10A.13	fbxc-22	19.392	2.52928711511857	0	0
Y57A10A.13	fbxc-23	23.142	4.18107605920973	0	0
Y57A10A.13	fbxc-24	17.194	2.86657726863091	0	0
Y57A10A.13	fbxc-25	27.326	2.80718696864188	0	0
Y57A10A.13	fbxc-26	20.928	17.6829693578596	0	0
Y57A10A.13	fbxc-27	24.852	6.54711663422755	0	0
Y57A10A.13	fbxc-28	28.062	1.97196024741125	0	0
Y57A10A.13	fbxc-29	28.778	1.86244959941586	0	0
Y57A10A.13	fbxc-30	24.318	3.33852314026089	0	0
Y57A10A.13	fbxc-31	22.226	4.7671301810394	0	0
Y57A10A.13	fbxc-32	24.354	11.4405085639466	0	0
Y57A10A.13	fbxc-33	7.082	1.96013026745372	0	0
Y57A10A.13	fbxc-34	26.75	9.51583626580136	0	0
Y57A10A.13	fbxc-36	26.532	1.90744383064121	0	0
Y57A10A.13	fbxc-39	22.272	10.8739326237987	0	0
Y57A10A.13	fbxc-40	27.534	2.93919319936084	0	0
Y57A10A.13	fbxc-42	25.776	4.73591437856759	0	0
Y57A10A.13	fbxc-43	25.422	3.74513091370501	0	0
Y57A10A.13	fbxc-44	25.364	4.86440276062833	0	0
Y57A10A.13	fbxc-45	24.89	2.51273547197571	0	0
Y57A10A.13	fbxc-47	26.726	7.37781985896473	0	0
Y57A10A.13	fbxc-48	25.85	2.52149007976456	0	0
Y57A10A.13	fbxc-49	11.486	2.76866997929942	0	0
Y57A10A.13	fbxc-5	23.42	2.52011881460719	0	0
Y57A10A.13	fbxc-50	28.134	1.08645487082337	0	0
Y57A10A.13	fbxc-51	12.184	2.71629324435751	0	0
Y57A10A.13	fbxc-52	27.834	6.11405940848251	0	0
Y57A10A.13	fbxc-53	24.9	4.16229751087342	0	0
Y57A10A.13	fbxc-54	14.288	7.96203757109835	0	0
Y57A10A.13	fbxc-55	25.86	7.63549079902753	0	0
Y57A10A.13	fbxc-58	19.628	6.24575088684882	0	0
Y57A10A.13	fbxc-7	27.876	1.8894972104765	0	0
Y57A10A.13	fbxl-1	15.538	6.04478731949103	0	0
Y57A10A.13	fbxl-4	25.518	3.17899184076266	0	0
Y57A10A.13	fbxl-5	25.518	6.78311757386868	0	0
Y57A10A.13	fbxo-11.2	18.958	19.2804664494761	0	0
Y57A10A.13	fcd-2	24.872	4.56388689493446	0	0
Y57A10A.13	fce-1	18.498	3.2452603208427	0	0
Y57A10A.13	fce-2	15.598	2.29745713255123	0	0
Y57A10A.13	fcho-1	24.082	5.91596387655543	0	0
Y57A10A.13	fcmt-1	22.838	3.13302736384778	0	0
Y57A10A.13	fcp-1	18.642	20.3577136535013	0	0
Y57A10A.13	fdgt-2	25.048	2.5640301562611	0	0
Y57A10A.13	fdps-1	22.368	1.899220350149	0	0
Y57A10A.13	fdx-2	15.194	3.41816091657974	0	0
Y57A10A.13	fecl-1	13.406	3.92470809688361	0	0
Y57A10A.13	feh-1	19.956	6.71585688733656	0	0
Y57A10A.13	fem-1	25.748	1.91104904178193	0	0
Y57A10A.13	fem-2	22.38	5.58355646103445	0	0
Y57A10A.13	fem-3	26.064	10.701174008584	0	0
Y57A10A.13	fer-1	17.588	11.285309282398	0	0
Y57A10A.13	fezf-1	18.586	37.0208945034408	0	0
Y57A10A.13	fgt-1	14.036	50.1490125349555	0	0
Y57A10A.13	fhod-1	24.886	11.5959307665321	0	0
Y57A10A.13	fib-1	23.546	5.49955282526104	0	0
Y57A10A.13	fic-1	21.478	3.87721604163132	0	0
Y57A10A.13	figl-1	19.094	15.1263362147679	0	0
Y57A10A.13	figo-1	26.7	2.65191285340264	0	0
Y57A10A.13	fil-1	25.576	4.51028714100298	0	0
Y57A10A.13	fil-2	22.174	2.06924994362271	0	0
Y57A10A.13	fip-1	16.378	4.12858987231959	0	0
Y57A10A.13	fip-2	14.724	7.16872838064894	0	0
Y57A10A.13	fip-3	4.516	7.99714211635723	1	1
Y57A10A.13	fip-4	12.128	17.6620059808814	0	0
Y57A10A.13	fip-5	17.89	17.4140030583435	0	0
Y57A10A.13	fip-6	10.16	5.06531292861459	0	0
Y57A10A.13	fip-7	21.902	3.15393538108454	0	0
Y57A10A.13	fipp-1	18.032	9.93441534222152	0	0
Y57A10A.13	fipr-1	4.702	5.57923570489961	1	1
Y57A10A.13	fipr-10	5.2	2.65077860617119	0	0
Y57A10A.13	fipr-11	5.958	4.26826063976165	0	0
Y57A10A.13	fipr-12	6.566	5.38310054493958	0	0
Y57A10A.13	fipr-13	7.516	8.19340781159468	0	0
Y57A10A.13	fipr-14	8.416	9.28731122066055	0	0
Y57A10A.13	fipr-15	9.928	9.54272471737973	0	0
Y57A10A.13	fipr-16	3.984	11.2485091098438	0	0
Y57A10A.13	fipr-17	2.264	2.54885831205892	1	1
Y57A10A.13	fipr-18	9.312	7.15378695540238	0	0
Y57A10A.13	fipr-19	7.658	11.9382595724756	0	0
Y57A10A.13	fipr-2	9.436	52.5341687821996	0	0
Y57A10A.13	fipr-20	6.368	14.4989481717527	0	0
Y57A10A.13	fipr-21	13.686	8.01206264297566	0	0
Y57A10A.13	fipr-22	11.012	4.95285237998128	0	0
Y57A10A.13	fipr-23	13.402	5.1130561001766	0	0
Y57A10A.13	fipr-24	8.238	6.47890437677129	0	0
Y57A10A.13	fipr-25	12.232	4.49134622615132	0	0
Y57A10A.13	fipr-26	12.846	23.8223362334188	0	0
Y57A10A.13	fipr-27	17.748	6.0517637875478	0	0
Y57A10A.13	fipr-28	17.914	3.02976580051545	0	0
Y57A10A.13	fipr-29	24.728	5.74634998265614	0	0
Y57A10A.13	fipr-3	7.572	1.72546500375906	0	0
Y57A10A.13	fipr-4	5.902	4.54386724279546	0	0
Y57A10A.13	fipr-5	6.468	4.61678204271864	0	0
Y57A10A.13	fipr-6	6.18	7.30578492392835	0	0
Y57A10A.13	fipr-7	5.76	3.97982409248182	0	0
Y57A10A.13	fipr-8	5.614	7.40413496364805	0	0
Y57A10A.13	fipr-9	5.74	5.07623772973291	0	0
Y57A10A.13	fis-1	25.69	3.1063792196756	0	0
Y57A10A.13	fis-2	27.224	2.47044824595404	0	0
Y57A10A.13	fitm-2	21.878	3.00308977758837	0	0
Y57A10A.13	fkb-1	26.166	2.24958158536114	0	0
Y57A10A.13	fkb-2	21.148	17.1863343997091	0	0
Y57A10A.13	fkb-3	22.8	8.89686252671856	0	0
Y57A10A.13	fkb-4	22.17	4.11467099938176	0	0
Y57A10A.13	fkb-5	21.61	3.53132161744228	0	0
Y57A10A.13	fkb-6	22.876	9.26119738261268	0	0
Y57A10A.13	fkb-7	24.014	5.9093010232727	0	0
Y57A10A.13	fkb-8	4.588	3.63215631429319	1	1
Y57A10A.13	fkh-10	24.768	5.892033637824	0	0
Y57A10A.13	fkh-2	21.726	13.6963685589326	0	0
Y57A10A.13	fkh-3	20.382	3.91449990181161	0	0
Y57A10A.13	fkh-4	21.132	7.39727544318693	0	0
Y57A10A.13	fkh-5	17.914	2.03219102546018	0	0
Y57A10A.13	fkh-6	17.314	6.46057483089411	0	0
Y57A10A.13	fkh-7	15.992	7.21991094697876	0	0
Y57A10A.13	fkh-8	21.066	9.15193721973707	0	0
Y57A10A.13	fkh-9	22.08	20.4107313058373	0	0
Y57A10A.13	flad-1	25.99	5.14893326920203	0	0
Y57A10A.13	flap-1	25.15	2.09720349808996	0	0
Y57A10A.13	flcn-1	27.976	2.52370303397703	0	0
Y57A10A.13	fld-1	20.216	1.23397019952946	0	0
Y57A10A.13	flh-1	20.656	24.4967439514317	0	0
Y57A10A.13	flh-2	25.45	4.5604119124472	0	0
Y57A10A.13	flh-3	19.144	28.5038089774735	0	0
Y57A10A.13	fli-1	26.986	5.9366728499079	0	0
Y57A10A.13	fln-1	28.8	4.5500024377622	0	0
Y57A10A.13	flor-1	21.866	3.50531619484724	0	0
Y57A10A.13	flp-1	18.754	8.67015692658545	0	0
Y57A10A.13	flp-10	13.758	6.15968246486813	0	0
Y57A10A.13	flp-11	10.738	13.429286217538	0	0
Y57A10A.13	flp-12	9.034	5.35495320553195	0	0
Y57A10A.13	flp-13	14.784	13.4972930272362	0	0
Y57A10A.13	flp-14	17.968	6.0170464924993	0	0
Y57A10A.13	flp-15	11.236	6.7023882253431	0	0
Y57A10A.13	flp-16	13.252	4.73912361731304	0	0
Y57A10A.13	flp-17	19.06	6.08864419617882	0	0
Y57A10A.13	flp-18	17.414	5.67326464917764	0	0
Y57A10A.13	flp-19	12.512	4.19326882853746	0	0
Y57A10A.13	flp-2	13.43	5.46661350498217	0	0
Y57A10A.13	flp-20	11.736	7.63802274156306	0	0
Y57A10A.13	flp-21	8.284	4.88678112113203	0	0
Y57A10A.13	flp-22	11.766	6.58104294532203	0	0
Y57A10A.13	flp-23	16.654	3.58281791242078	0	0
Y57A10A.13	flp-24	9.938	7.01248017519152	0	0
Y57A10A.13	flp-25	16.86	14.9571480925751	0	0
Y57A10A.13	flp-26	12.226	14.9334887241581	0	0
Y57A10A.13	flp-27	14.224	8.73643497918289	0	0
Y57A10A.13	flp-28	12.056	8.77087477922182	0	0
Y57A10A.13	flp-3	12.622	22.6780525916048	0	0
Y57A10A.13	flp-32	9.03	6.18124741731579	0	0
Y57A10A.13	flp-33	7.584	7.82832622724894	0	0
Y57A10A.13	flp-34	11.74	14.0301011442974	0	0
Y57A10A.13	flp-4	12.614	10.1205707066787	0	0
Y57A10A.13	flp-5	9.838	6.82222625678395	0	0
Y57A10A.13	flp-6	9.744	9.4454997025839	0	0
Y57A10A.13	flp-7	17.388	6.69334297656757	0	0
Y57A10A.13	flp-8	15.412	1.14461858661822	0	0
Y57A10A.13	flp-9	14.772	7.45934080886928	0	0
Y57A10A.13	flr-1	24.828	11.1866862702451	0	0
Y57A10A.13	flr-2	17.758	2.27819287644906	0	0
Y57A10A.13	flr-4	25.01	6.89709623244873	0	0
Y57A10A.13	flwr-1	17.296	1.79865194752773	0	0
Y57A10A.13	fmil-1	26.106	6.88546891322513	0	0
Y57A10A.13	fmo-1	19.218	15.9060438895632	0	0
Y57A10A.13	fmo-2	22.694	5.27824048797224	0	0
Y57A10A.13	fmo-3	26.166	2.44451848622714	0	0
Y57A10A.13	fmo-4	27.842	2.46344266978092	0	0
Y57A10A.13	fmo-5	24.046	4.91347756758132	0	0
Y57A10A.13	fnci-1	5.91	3.41357715767039	0	0
Y57A10A.13	fncm-1	24.75	8.97401843301189	0	0
Y57A10A.13	fndc-1	24.268	2.55719619878619	0	0
Y57A10A.13	fnip-2	23	8.99506270790219	0	0
Y57A10A.13	fnta-1	21.172	2.33725396549778	0	0
Y57A10A.13	fntb-1	25.392	8.95310312275969	0	0
Y57A10A.13	fog-1	14.81	2.58574667641682	0	0
Y57A10A.13	fog-2	26.006	2.38926925179896	0	0
Y57A10A.13	fog-3	12.874	2.33454634733204	0	0
Y57A10A.13	folr-1	23.432	14.5057845673958	0	0
Y57A10A.13	folt-1	16.944	1.85817498960519	0	0
Y57A10A.13	folt-2	22.758	6.97191962292224	0	0
Y57A10A.13	folt-3	23.1	1.09087473319083	0	0
Y57A10A.13	fos-1	16.692	30.0572284861233	0	0
Y57A10A.13	fox-1	18.842	21.8728830985311	0	0
Y57A10A.13	fozi-1	25.784	5.77523645897361	0	0
Y57A10A.13	fpn-1.1	23.626	1.39631728749998	0	0
Y57A10A.13	fpn-1.2	18.206	2.23269763852608	0	0
Y57A10A.13	fre-1	23.12	9.54535877039867	0	0
Y57A10A.13	frg-1	13.338	21.0318700576701	0	0
Y57A10A.13	frh-1	24.798	6.08388395677167	0	0
Y57A10A.13	frk-1	28.72	0.750830733037878	0	0
Y57A10A.13	frl-1	22.232	17.5539089632665	0	0
Y57A10A.13	frm-10	21.314	20.435760080747	0	0
Y57A10A.13	frm-2	20.626	7.3087747370294	0	0
Y57A10A.13	frm-3	17.008	2.82752467134277	0	0
Y57A10A.13	frm-4	20.154	7.1553648410251	0	0
Y57A10A.13	frm-5.1	16.172	3.91652128898797	0	0
Y57A10A.13	frm-5.2	24.474	3.62991818783213	0	0
Y57A10A.13	frm-7	19.092	3.6082674009255	0	0
Y57A10A.13	frm-8	21.32	8.87997916095983	0	0
Y57A10A.13	frpr-1	19.406	6.71722748673585	0	0
Y57A10A.13	frpr-10	25.152	2.64271397491342	0	0
Y57A10A.13	frpr-11	22.242	6.05137021912426	0	0
Y57A10A.13	frpr-12	21.974	7.77031213560691	0	0
Y57A10A.13	frpr-13	13.938	3.68408718550717	0	0
Y57A10A.13	frpr-14	12.07	13.0023103398504	0	0
Y57A10A.13	frpr-15	12.354	20.9173580594596	0	0
Y57A10A.13	frpr-16	23.122	2.92903641360886	0	0
Y57A10A.13	frpr-17	19.682	3.32925163019502	0	0
Y57A10A.13	frpr-18	20.934	16.277119171316	0	0
Y57A10A.13	frpr-19	22.592	19.6674594665969	0	0
Y57A10A.13	frpr-2	19.656	3.09640622821699	0	0
Y57A10A.13	frpr-21	13.434	5.11449144913537	0	0
Y57A10A.13	frpr-3	22.926	2.04998134398781	0	0
Y57A10A.13	frpr-4	15.738	3.61047469838563	0	0
Y57A10A.13	frpr-5	21.754	2.82577663052226	0	0
Y57A10A.13	frpr-6	11.128	10.9150567480203	0	0
Y57A10A.13	frpr-7	2.956	2.20021820588757	1	1
Y57A10A.13	frpr-8	10.3	0.918489705263328	0	0
Y57A10A.13	frpr-9	19.938	5.32515658935626	0	0
Y57A10A.13	fshr-1	22.43	2.63964614658812	0	0
Y57A10A.13	fsn-1	22.014	4.52282894037107	0	0
Y57A10A.13	ftn-1	25.314	3.87788012922543	0	0
Y57A10A.13	ftn-2	24.966	2.78840710829537	0	0
Y57A10A.13	ftr-1	24.796	1.77324195341671	0	0
Y57A10A.13	ftt-2	18.3	18.5093107190951	0	0
Y57A10A.13	fubl-1	17.142	3.77192467601929	0	0
Y57A10A.13	fubl-2	16.196	5.87142739335028	0	0
Y57A10A.13	fubl-3	18.776	5.34118506393184	0	0
Y57A10A.13	fubl-4	15.106	25.8446408288176	0	0
Y57A10A.13	fum-1	21.528	9.51196272046161	0	0
Y57A10A.13	fusm-2	26.666	2.00087797557259	0	0
Y57A10A.13	fust-1	3.154	4.72724425102949	1	1
Y57A10A.13	fut-1	25.12	6.43360629515462	0	0
Y57A10A.13	fut-2	22.206	14.8329359398883	0	0
Y57A10A.13	fut-3	25.146	10.0762266172581	0	0
Y57A10A.13	fut-4	19.428	10.6138295266405	0	0
Y57A10A.13	fut-5	23.226	7.6110092633903	0	0
Y57A10A.13	fut-6	26.402	3.12865174590246	0	0
Y57A10A.13	fut-8	23.324	2.66659488134568	0	0
Y57A10A.13	fzo-1	25.976	14.1484106540318	0	0
Y57A10A.13	fzr-1	19.398	4.93449744960629	0	0
Y57A10A.13	fzy-1	3.618	4.19812373459195	1	1
Y57A10A.13	gab-1	27.124	1.56971645370714	0	0
Y57A10A.13	gad-1	24.104	17.7984222519506	0	0
Y57A10A.13	gad-2	18.024	13.4398101444397	0	0
Y57A10A.13	gad-3	24.846	4.34683204056824	0	0
Y57A10A.13	gadr-2	24.864	4.14083648360502	0	0
Y57A10A.13	gadr-3	15.9	1.91436871134898	0	0
Y57A10A.13	gadr-4	26.044	2.70042761199626	0	0
Y57A10A.13	gadr-5	27.388	3.93778447653072	0	0
Y57A10A.13	gadr-6	27.612	1.5573781514744	0	0
Y57A10A.13	gakh-1	21.228	3.09844803976509	0	0
Y57A10A.13	gale-1	23.058	5.32443945254298	0	0
Y57A10A.13	galt-1	22.058	6.95463529825107	0	0
Y57A10A.13	gana-1	15.65	3.3787358636172	0	0
Y57A10A.13	gap-1	25.078	3.05710819916309	0	0
Y57A10A.13	gap-2	19.45	7.12634237079637	0	0
Y57A10A.13	gap-3	10.064	2.1433638329389	0	0
Y57A10A.13	gar-1	23.406	9.64834396959921	0	0
Y57A10A.13	gar-2	21.696	17.8022979715785	0	0
Y57A10A.13	gar-3	26.876	0.495438480901295	0	0
Y57A10A.13	garr-1	15.39	3.57463513148779	0	0
Y57A10A.13	gars-1	22.83	2.42893922610806	0	0
Y57A10A.13	gas-1	24.548	3.59283602421315	0	0
Y57A10A.13	gasr-8	26.09	2.39240882090107	0	0
Y57A10A.13	gba-1	26.82	4.70574800090522	0	0
Y57A10A.13	gba-2	22.978	1.76494477587988	0	0
Y57A10A.13	gba-3	25.298	3.68015192307615	0	0
Y57A10A.13	gba-4	21.482	20.7370098611396	0	0
Y57A10A.13	gbas-1	24.234	9.46342543978581	0	0
Y57A10A.13	gbb-1	21.26	19.9783316945439	0	0
Y57A10A.13	gbb-2	25.732	0.779376829716176	0	0
Y57A10A.13	gbf-1	28.28	4.27805763597165	0	0
Y57A10A.13	gbh-1	25.766	1.55451812214409	0	0
Y57A10A.13	gbh-2	23.658	3.96691805564899	0	0
Y57A10A.13	gcc-1	27.16	7.48645951525116	0	0
Y57A10A.13	gcc-2	28.368	3.49717507725717	0	0
Y57A10A.13	gck-1	23.456	16.2795215901334	0	0
Y57A10A.13	gck-2	13.738	1.90261281149565	0	0
Y57A10A.13	gck-3	19.786	24.2217635057512	0	0
Y57A10A.13	gck-4	26.184	7.18628240675844	0	0
Y57A10A.13	gcl-1	21.198	4.29290965631021	0	0
Y57A10A.13	gcn-2	28.252	3.38204246177619	0	0
Y57A10A.13	gcna-1	18.752	5.81728594762933	0	0
Y57A10A.13	gcp-2.1	26.404	2.9111296352289	0	0
Y57A10A.13	gcp-2.2	25.712	1.90123513880559	0	0
Y57A10A.13	gcs-1	23.176	2.33649963755924	0	0
Y57A10A.13	gcsh-1	22.304	6.41866017664785	0	0
Y57A10A.13	gcsh-2	24.24	5.73706810397928	0	0
Y57A10A.13	gcst-1	21.622	2.16221767482686	0	0
Y57A10A.13	gcy-1	26.358	6.04849223977092	0	0
Y57A10A.13	gcy-11	27.634	2.34891574169088	0	0
Y57A10A.13	gcy-12	24.466	3.88966705863147	0	0
Y57A10A.13	gcy-13	29.13	3.21630557579724	0	0
Y57A10A.13	gcy-14	22.3	6.80588382919183	0	0
Y57A10A.13	gcy-15	28.098	1.16753816449105	0	0
Y57A10A.13	gcy-17	29.116	2.57826058735195	0	0
Y57A10A.13	gcy-18	20.85	30.7789257458547	0	0
Y57A10A.13	gcy-19	26.566	2.15607423512169	0	0
Y57A10A.13	gcy-2	26.814	12.6951424575789	0	0
Y57A10A.13	gcy-20	24.246	8.11324554259552	0	0
Y57A10A.13	gcy-21	26.456	5.77419993773316	0	0
Y57A10A.13	gcy-22	28.254	2.10799229250938	0	0
Y57A10A.13	gcy-23	29.85	1.41022212260296	0	0
Y57A10A.13	gcy-25	25.342	7.07611447906908	0	0
Y57A10A.13	gcy-27	25.578	5.62837184752191	0	0
Y57A10A.13	gcy-28	27.114	3.29562986344439	0	0
Y57A10A.13	gcy-29	28.294	9.04518282676695	0	0
Y57A10A.13	gcy-3	27.32	1.7787433111007	0	0
Y57A10A.13	gcy-31	15.706	27.6028298163069	0	0
Y57A10A.13	gcy-32	26.834	8.51001838098952	0	0
Y57A10A.13	gcy-33	20.08	9.37809963679074	0	0
Y57A10A.13	gcy-34	11.524	1.57587612560249	0	0
Y57A10A.13	gcy-35	28.56	1.0169142669088	0	0
Y57A10A.13	gcy-36	27.982	4.00643212274368	0	0
Y57A10A.13	gcy-37	29.396	2.55256922759182	0	0
Y57A10A.13	gcy-4	19.222	34.3220651424193	0	0
Y57A10A.13	gcy-5	18.83	30.1513512988935	0	0
Y57A10A.13	gcy-6	26.736	0.895950135338907	0	0
Y57A10A.13	gcy-7	26.412	1.44827341145665	0	0
Y57A10A.13	gcy-8	24.82	19.5284983173614	0	0
Y57A10A.13	gcy-9	27.092	6.74403262957003	0	0
Y57A10A.13	gdh-1	26.678	4.32591169693322	0	0
Y57A10A.13	gdi-1	23.256	5.90244485582762	0	0
Y57A10A.13	gegf-1	15.574	7.21731103824089	0	0
Y57A10A.13	gei-1	19.692	9.56466004564697	0	0
Y57A10A.13	gei-13	12.756	8.81103050724609	0	0
Y57A10A.13	gei-14	12.428	5.46186363447464	0	0
Y57A10A.13	gei-15	21.972	18.7325259049585	0	0
Y57A10A.13	gei-17	19.564	8.63276350518652	0	0
Y57A10A.13	gei-18	24.062	12.8770284700723	0	0
Y57A10A.13	gei-3	20.48	7.80341573898473	0	0
Y57A10A.13	gei-4	16.748	16.7275491948785	0	0
Y57A10A.13	gei-6	23.304	25.7407984818865	0	0
Y57A10A.13	gei-8	26.208	2.80434441423102	0	0
Y57A10A.13	gem-1	24.148	0.835133526885998	0	0
Y57A10A.13	gem-4	26.598	1.39372147034271	0	0
Y57A10A.13	gen-1	24.806	7.35555014186674	0	0
Y57A10A.13	ger-1	21.886	18.2930394627532	0	0
Y57A10A.13	ges-1	24.532	2.89021483365667	0	0
Y57A10A.13	gex-2	15.102	0.957737239134662	0	0
Y57A10A.13	gex-3	29.34	0.943617464206346	0	0
Y57A10A.13	gex-4	20.984	7.63844160157934	0	0
Y57A10A.13	gex-5	15.734	8.27293961641483	0	0
Y57A10A.13	gfat-1	14.088	2.35977771332113	0	0
Y57A10A.13	gfat-2	27.168	1.33841534702602	0	0
Y57A10A.13	gfi-1	29.312	0.677779003878639	0	0
Y57A10A.13	gfi-2	23.84	11.9822257535789	0	0
Y57A10A.13	gfi-3	21.058	4.25744234025263	0	0
Y57A10A.13	gfl-1	23.47	1.53948459864846	0	0
Y57A10A.13	gfm-1	25.488	6.88687296184325	0	0
Y57A10A.13	gfrp-1	25.294	3.34504989784972	0	0
Y57A10A.13	ggr-1	21.132	3.99501920074686	0	0
Y57A10A.13	ggtb-1	20.976	4.75238401230512	0	0
Y57A10A.13	ghi-1	24.986	3.02064502226483	0	0
Y57A10A.13	gid-1	25.318	4.14944701446446	0	0
Y57A10A.13	gid-2	26.822	3.68717551280322	0	0
Y57A10A.13	gid-7	27.29	3.92914606097358	0	0
Y57A10A.13	gid-8	15.332	34.865323646682	0	0
Y57A10A.13	gip-1	29.018	4.32551271044075	0	0
Y57A10A.13	gip-2	4.226	2.91064990472029	1	1
Y57A10A.13	gipc-1	22.06	17.9345224220252	0	0
Y57A10A.13	gipc-2	19.866	25.2384413859544	0	0
Y57A10A.13	git-1	22.552	8.55681599047877	0	0
Y57A10A.13	gkow-1	14.31	1.43299068164988	0	0
Y57A10A.13	gla-3	13.904	12.3975447562497	0	0
Y57A10A.13	glam-1	6.282	3.68264724378765	0	0
Y57A10A.13	glam-2	14.512	4.83892664798863	0	0
Y57A10A.13	glam-3	11.696	1.55857537781437	0	0
Y57A10A.13	glam-5	20.136	8.0303795046993	0	0
Y57A10A.13	glb-1	26.014	0.673318491452647	0	0
Y57A10A.13	glb-10	18.318	26.8752828939591	0	0
Y57A10A.13	glb-11	18.644	16.7803411813879	0	0
Y57A10A.13	glb-12	21.622	6.9055013310725	0	0
Y57A10A.13	glb-13	17.8	22.4183702086654	0	0
Y57A10A.13	glb-14	26.306	4.93946922256543	0	0
Y57A10A.13	glb-15	23.596	7.54951810977816	0	0
Y57A10A.13	glb-16	18.89	8.34030731922169	0	0
Y57A10A.13	glb-17	26.134	7.68854086310182	0	0
Y57A10A.13	glb-18	11.206	1.82185260113152	0	0
Y57A10A.13	glb-19	20.46	22.8404564559473	0	0
Y57A10A.13	glb-2	24.308	3.32504195563717	0	0
Y57A10A.13	glb-20	14.03	1.64398611470717	0	0
Y57A10A.13	glb-21	21.81	16.4095571729989	0	0
Y57A10A.13	glb-22	22.502	5.90869753845953	0	0
Y57A10A.13	glb-23	19.87	7.64268409749344	0	0
Y57A10A.13	glb-24	16.732	26.0438127135615	0	0
Y57A10A.13	glb-25	26.662	5.91423923110832	0	0
Y57A10A.13	glb-26	27.818	2.32794532993293	0	0
Y57A10A.13	glb-27	24.188	3.9966336461737	0	0
Y57A10A.13	glb-28	21.83	23.5267004028607	0	0
Y57A10A.13	glb-29	19.144	14.3423160825819	0	0
Y57A10A.13	glb-3	19.758	17.7885666117411	0	0
Y57A10A.13	glb-30	20.874	8.78510137631662	0	0
Y57A10A.13	glb-31	25.662	4.50333958743827	0	0
Y57A10A.13	glb-32	17.978	4.06173737450562	0	0
Y57A10A.13	glb-33	23.97	7.81796571451353	0	0
Y57A10A.13	glb-34	24.856	4.49683905487331	0	0
Y57A10A.13	glb-4	23.778	4.98899871464047	0	0
Y57A10A.13	glb-5	9.776	6.68800682252411	0	0
Y57A10A.13	glb-6	7.878	9.24603149703092	0	0
Y57A10A.13	glb-7	15.53	6.28304003264806	0	0
Y57A10A.13	glb-8	24.238	2.98332165937273	0	0
Y57A10A.13	glb-9	26.482	3.6787336218222	0	0
Y57A10A.13	glc-1	24.588	6.33995517797611	0	0
Y57A10A.13	glc-2	24.51	6.44596107890151	0	0
Y57A10A.13	glc-3	26.842	6.54000669998131	0	0
Y57A10A.13	glc-4	27.85	1.68761220825853	0	0
Y57A10A.13	glct-1	24.904	3.6806962965393	0	0
Y57A10A.13	glct-2	24.828	8.41658542927304	0	0
Y57A10A.13	glct-3	21.048	4.72022978753039	0	0
Y57A10A.13	glct-4	20.214	13.1093805667343	0	0
Y57A10A.13	glct-5	17.386	2.93187176686225	0	0
Y57A10A.13	glct-6	15.242	45.8521304620253	0	0
Y57A10A.13	gld-1	6.15	17.8414073801512	0	0
Y57A10A.13	gld-2	5.786	5.17858812625254	0	0
Y57A10A.13	gld-3	4.352	7.14240758653107	1	1
Y57A10A.13	gld-4	17.646	1.84225662684156	0	0
Y57A10A.13	gldc-1	26.388	2.37287756898586	0	0
Y57A10A.13	gldi-1	26.328	4.25389047836844	0	0
Y57A10A.13	gldi-10	7.896	9.90015274802156	0	0
Y57A10A.13	gldi-11	20.214	20.238054983317	0	0
Y57A10A.13	gldi-2	22.396	7.71055332995736	0	0
Y57A10A.13	gldi-4	23.332	12.692171848284	0	0
Y57A10A.13	gldi-5	10.148	59.6439333325894	0	0
Y57A10A.13	gldi-6	18.78	27.2101884184859	0	0
Y57A10A.13	gldi-7	18.624	17.5257189094192	0	0
Y57A10A.13	gldi-8	23.76	8.79805815809477	0	0
Y57A10A.13	gldi-9	16.56	12.8011490280804	0	0
Y57A10A.13	gldr-2	20.4	9.26645641725422	0	0
Y57A10A.13	glf-1	24.03	5.5515407071101	0	0
Y57A10A.13	glh-1	8.622	3.16187598448411	0	0
Y57A10A.13	glh-2	22.066	12.2978654605168	0	0
Y57A10A.13	glh-3	22.468	11.8194419292826	0	0
Y57A10A.13	glh-4	22.416	3.33280240113807	0	0
Y57A10A.13	glit-1	23.652	2.77736267185877	0	0
Y57A10A.13	gln-1	25.392	2.48709030842087	0	0
Y57A10A.13	gln-2	22.5	20.1448336053603	0	0
Y57A10A.13	gln-3	19.602	20.1787988036317	0	0
Y57A10A.13	gln-5	26.524	5.85291483918462	0	0
Y57A10A.13	gln-6	27.218	3.25452277163495	0	0
Y57A10A.13	glna-1	16.184	23.7425239623169	0	0
Y57A10A.13	glna-2	25.372	4.62058677390635	0	0
Y57A10A.13	glna-3	21.15	9.79077379142868	0	0
Y57A10A.13	glo-1	22.812	11.0589615231603	0	0
Y57A10A.13	glo-2	26.942	9.23049354490341	0	0
Y57A10A.13	glo-3	23.572	3.03457967555334	0	0
Y57A10A.13	glo-4	23.438	5.09167138514449	0	0
Y57A10A.13	glod-4	18.516	2.06029350084405	0	0
Y57A10A.13	glp-1	12.054	26.2419714051213	0	0
Y57A10A.13	glp-4	24.588	5.08218618234552	0	0
Y57A10A.13	glr-1	25.096	2.59626899609511	0	0
Y57A10A.13	glr-10	23.252	3.51730917142436	0	0
Y57A10A.13	glr-2	18.266	17.973317881763	0	0
Y57A10A.13	glr-3	28.432	1.5434298836607	0	0
Y57A10A.13	glr-4	23.786	14.7056945714364	0	0
Y57A10A.13	glr-5	28.476	2.02535764508206	0	0
Y57A10A.13	glr-6	26.03	7.46930766414583	0	0
Y57A10A.13	glr-7	28.752	1.22013543642646	0	0
Y57A10A.13	glr-8	27.104	5.79934914157124	0	0
Y57A10A.13	glr-9	25.784	6.29119635015299	0	0
Y57A10A.13	glrx-10	27.352	4.24835912384366	0	0
Y57A10A.13	glrx-21	26.862	6.65038567786155	0	0
Y57A10A.13	glrx-22	25.58	3.57824141407315	0	0
Y57A10A.13	glrx-3	20.132	7.88461699471762	0	0
Y57A10A.13	glrx-5	19.334	8.55200625173078	0	0
Y57A10A.13	gls-1	24.158	8.81478790247791	0	0
Y57A10A.13	glt-1	26.234	1.33865865901647	0	0
Y57A10A.13	glt-3	25.144	8.29977259965606	0	0
Y57A10A.13	glt-4	23.414	3.53698017169793	0	0
Y57A10A.13	glt-5	25.358	5.88514017446229	0	0
Y57A10A.13	glt-6	26.26	4.95949442719676	0	0
Y57A10A.13	glt-7	27.26	2.27779430211322	0	0
Y57A10A.13	gly-1	20.876	5.4213436089644	0	0
Y57A10A.13	gly-10	19.964	19.6441138273404	0	0
Y57A10A.13	gly-11	24.192	7.72039458820462	0	0
Y57A10A.13	gly-12	22.662	5.20474756871806	0	0
Y57A10A.13	gly-13	27.534	5.55668309730511	0	0
Y57A10A.13	gly-14	26.96	4.64642853554588	0	0
Y57A10A.13	gly-15	24.47	9.63090310411819	0	0
Y57A10A.13	gly-16	22.352	10.1716619549321	0	0
Y57A10A.13	gly-17	20.752	6.57749391827129	0	0
Y57A10A.13	gly-18	3.162	3.55980691088051	1	1
Y57A10A.13	gly-19	22.104	2.68346269541614	0	0
Y57A10A.13	gly-2	24.032	4.36386082317891	0	0
Y57A10A.13	gly-20	24.584	4.8625102294446	0	0
Y57A10A.13	gly-3	26.624	2.79760949639464	0	0
Y57A10A.13	gly-4	25.958	3.41477958130023	0	0
Y57A10A.13	gly-5	23.862	21.7108127192577	0	0
Y57A10A.13	gly-6	10.14	7.77311773690061	0	0
Y57A10A.13	gly-7	23.402	20.5848777350078	0	0
Y57A10A.13	gly-8	25.29	4.75902422916193	0	0
Y57A10A.13	gly-9	18.444	2.09516590922742	0	0
Y57A10A.13	gmap-1	15.3	2.26270318602794	0	0
Y57A10A.13	gmap-2	24.55	17.4826105688198	0	0
Y57A10A.13	gmap-3	10.64	1.77952032225202	0	0
Y57A10A.13	gmd-2	13.53	4.64604269596796	0	0
Y57A10A.13	gmeb-1	10.676	37.6401381439739	0	0
Y57A10A.13	gmeb-2	18.394	8.51993400545165	0	0
Y57A10A.13	gmeb-3	11.846	14.3853801592052	0	0
Y57A10A.13	gmn-1	20.34	6.82630472660264	0	0
Y57A10A.13	gmps-1	22.232	6.07361080905499	0	0
Y57A10A.13	gna-1	26.092	1.80770832283631	0	0
Y57A10A.13	gna-2	19.834	1.66365682957672	0	0
Y57A10A.13	gnrr-1	8.422	4.39036662014215	0	0
Y57A10A.13	gnrr-2	22.406	2.49066828818757	0	0
Y57A10A.13	gnrr-3	22.134	5.70348962166634	0	0
Y57A10A.13	gnrr-4	13.644	2.15035131291612	0	0
Y57A10A.13	gnrr-5	20.026	9.41144539993692	0	0
Y57A10A.13	gnrr-6	19.836	1.07393537019198	0	0
Y57A10A.13	gnrr-7	17.022	2.71842922912604	0	0
Y57A10A.13	goa-1	14.296	5.50241819493748	0	0
Y57A10A.13	gob-1	24.49	1.33817636653115	0	0
Y57A10A.13	golg-2	19.454	1.36223621771536	0	0
Y57A10A.13	golg-4	26.486	5.96479436105029	0	0
Y57A10A.13	gon-1	27.966	3.73822829391982	0	0
Y57A10A.13	gon-14	17.902	0.643478304226753	0	0
Y57A10A.13	gon-2	22.702	2.10317170458984	0	0
Y57A10A.13	gon-4	25.658	3.92396835175179	0	0
Y57A10A.13	gop-1	20.526	9.52064834641609	0	0
Y57A10A.13	gop-2	20.116	1.92487549445093	0	0
Y57A10A.13	gop-3	18.004	10.5020450757385	0	0
Y57A10A.13	gopc-1	24.5	15.3670894631112	0	0
Y57A10A.13	gos-28	20.414	4.71801461979632	0	0
Y57A10A.13	got-1.2	24.236	6.20182174380832	0	0
Y57A10A.13	got-2.1	27.688	1.37703763204678	0	0
Y57A10A.13	got-2.2	24.208	3.97394875007684	0	0
Y57A10A.13	gpa-1	20.8	9.53439448808564	0	0
Y57A10A.13	gpa-10	22.93	15.0834142833448	0	0
Y57A10A.13	gpa-11	20.07	16.1932850407733	0	0
Y57A10A.13	gpa-12	25	3.82779309785678	0	0
Y57A10A.13	gpa-13	23.6	17.1402626121393	0	0
Y57A10A.13	gpa-14	24.156	13.2737072840506	0	0
Y57A10A.13	gpa-15	19.684	8.82407641669117	0	0
Y57A10A.13	gpa-16	21.672	15.3686144126169	0	0
Y57A10A.13	gpa-17	18.01	12.9466666445661	0	0
Y57A10A.13	gpa-18	25.958	4.1548023458941	0	0
Y57A10A.13	gpa-2	18.902	9.7666695614234	0	0
Y57A10A.13	gpa-3	23.096	8.86768093305027	0	0
Y57A10A.13	gpa-4	15.966	2.65899436163607	0	0
Y57A10A.13	gpa-5	23.246	4.82605402843351	0	0
Y57A10A.13	gpa-6	20.478	3.51179473612761	0	0
Y57A10A.13	gpa-7	23.346	8.95415811359152	0	0
Y57A10A.13	gpa-8	24.056	8.53437590978615	0	0
Y57A10A.13	gpa-9	11.55	3.03215775027489	0	0
Y57A10A.13	gpaa-1	7.44	4.14819875322876	0	0
Y57A10A.13	gpap-1	21.554	14.9996730954477	0	0
Y57A10A.13	gpb-1	17.818	4.24209860454108	0	0
Y57A10A.13	gpb-2	20.848	13.0297600114301	0	0
Y57A10A.13	gpc-1	9.672	14.8054295401909	0	0
Y57A10A.13	gpc-2	10.758	7.43121222167139	0	0
Y57A10A.13	gpch-1	25.732	14.3874465159899	0	0
Y57A10A.13	gpcp-1	26.394	4.47356973703807	0	0
Y57A10A.13	gpcp-2	21.74	14.3323948545925	0	0
Y57A10A.13	gpd-1	27.016	4.17349175341126	0	0
Y57A10A.13	gpd-2	25.47	2.89847331374822	0	0
Y57A10A.13	gpd-3	25.662	3.6994482536708	0	0
Y57A10A.13	gpd-4	25.792	2.63624834803853	0	0
Y57A10A.13	gpdh-1	22.834	6.95224657996982	0	0
Y57A10A.13	gpdh-2	22.424	4.07924307975195	0	0
Y57A10A.13	gpdh-3	20.918	8.46366443475922	0	0
Y57A10A.13	gphr-1	21.996	1.28089000347779	0	0
Y57A10A.13	gphr-2	24.166	2.33434901025472	0	0
Y57A10A.13	gpi-1	23.8	2.47542828935385	0	0
Y57A10A.13	gplb-1	26.24	5.8622170506777	0	0
Y57A10A.13	gpn-1	22.79	10.2598763630552	0	0
Y57A10A.13	gpr-1	24.368	8.0196097910465	0	0
Y57A10A.13	gpr-158	17.142	1.0455053934066	0	0
Y57A10A.13	gpr-2	26.59	6.91764602016919	0	0
Y57A10A.13	gpx-1	28.496	1.86249066163753	0	0
Y57A10A.13	gpx-2	26.704	4.25756018793913	0	0
Y57A10A.13	gpx-3	25.732	4.44095558484086	0	0
Y57A10A.13	gpx-4	25.078	6.21671801450323	0	0
Y57A10A.13	gpx-5	23.312	19.6135707185344	0	0
Y57A10A.13	gpx-6	27.054	3.26455633409104	0	0
Y57A10A.13	gpx-7	23.742	19.6450419338508	0	0
Y57A10A.13	gpx-8	24.498	18.9968350362102	0	0
Y57A10A.13	gras-1	20.012	9.8812093840553	0	0
Y57A10A.13	grd-1	25.648	5.45136718938328	0	0
Y57A10A.13	grd-10	21.168	5.01194651516386	0	0
Y57A10A.13	grd-11	24.42	6.17124046249047	0	0
Y57A10A.13	grd-12	6.628	9.84360145893783	0	0
Y57A10A.13	grd-13	22.528	11.726960807776	0	0
Y57A10A.13	grd-14	20.388	8.5569111474477	0	0
Y57A10A.13	grd-15	23.93	4.94704778471222	0	0
Y57A10A.13	grd-16	15.138	49.2755831167621	0	0
Y57A10A.13	grd-2	24.982	7.26930438339558	0	0
Y57A10A.13	grd-3	18.868	14.5818011495563	0	0
Y57A10A.13	grd-4	21.112	4.81420952400874	0	0
Y57A10A.13	grd-5	15.324	4.9403125735452	0	0
Y57A10A.13	grd-6	12.296	3.14485272594838	0	0
Y57A10A.13	grd-7	22.47	2.7329091442535	0	0
Y57A10A.13	grd-8	24.386	4.96089739965864	0	0
Y57A10A.13	grd-9	24.192	4.35397577043909	0	0
Y57A10A.13	grdn-1	27.322	6.1326061626334	0	0
Y57A10A.13	grh-1	13.05	4.75497296658755	0	0
Y57A10A.13	grif-1	26.816	4.16866239361963	0	0
Y57A10A.13	grk-1	22.394	20.8273586101538	0	0
Y57A10A.13	grk-2	12.068	7.04327438480266	0	0
Y57A10A.13	grl-1	21.048	10.438652938006	0	0
Y57A10A.13	grl-10	17.954	9.25671527860555	0	0
Y57A10A.13	grl-11	21.604	16.4324225276045	0	0
Y57A10A.13	grl-12	24.756	13.7965014598984	0	0
Y57A10A.13	grl-13	19.562	30.4602283819165	0	0
Y57A10A.13	grl-14	17.546	5.97022228583414	0	0
Y57A10A.13	grl-15	4.576	3.36282938141108	1	1
Y57A10A.13	grl-16	15.644	3.36294330112027	0	0
Y57A10A.13	grl-17	21.072	2.77962118904508	0	0
Y57A10A.13	grl-18	14.758	23.9440466598438	0	0
Y57A10A.13	grl-19	4.538	2.42597777779161	1	1
Y57A10A.13	grl-2	20.02	14.7313698098241	0	0
Y57A10A.13	grl-20	9.198	5.28793891571445	0	0
Y57A10A.13	grl-21	17.162	10.0015744977071	0	0
Y57A10A.13	grl-22	6.684	6.06672189913939	0	0
Y57A10A.13	grl-23	6.446	6.3544767328684	0	0
Y57A10A.13	grl-24	22.294	3.04661693559093	0	0
Y57A10A.13	grl-25	20.06	1.26555356677828	0	0
Y57A10A.13	grl-26	6.204	11.8571145815167	0	0
Y57A10A.13	grl-27	5.204	6.33340997708175	0	0
Y57A10A.13	grl-28	5.148	7.36794853348114	0	0
Y57A10A.13	grl-29	5.952	5.18443180267089	0	0
Y57A10A.13	grl-3	13.174	33.6892647927479	0	0
Y57A10A.13	grl-30	5.444	7.0852333904518	0	0
Y57A10A.13	grl-31	5.728	7.25236478169793	0	0
Y57A10A.13	grl-4	24.318	6.73691355127098	0	0
Y57A10A.13	grl-5	10.488	5.29901544514902	0	0
Y57A10A.13	grl-6	21.81	8.26677504954717	0	0
Y57A10A.13	grl-7	9.348	4.41807028938788	0	0
Y57A10A.13	grl-8	22.942	14.0451163536695	0	0
Y57A10A.13	grl-9	20.938	2.96216307055967	0	0
Y57A10A.13	grld-1	25.302	2.90731401302549	0	0
Y57A10A.13	gro-1	22.934	4.60285297910789	0	0
Y57A10A.13	grp-1	11.67	9.07442470822085	0	0
Y57A10A.13	grsp-1	15.786	7.92975242197247	0	0
Y57A10A.13	grsp-2	16.112	6.7085931193629	0	0
Y57A10A.13	grsp-3	14.804	7.37380481677841	0	0
Y57A10A.13	grsp-4	16.586	17.0680998818984	0	0
Y57A10A.13	grwd-1	8.574	25.4097306234442	0	0
Y57A10A.13	gsa-1	9.154	8.31982746664449	0	0
Y57A10A.13	gsk-3	27.166	2.04334309995797	0	0
Y57A10A.13	gskl-2	26.336	3.15781801425315	0	0
Y57A10A.13	gsnl-1	8.35	3.75578485762077	0	0
Y57A10A.13	gsox-1	23.36	3.76262086947047	0	0
Y57A10A.13	gsp-1	16.974	4.67196621766738	0	0
Y57A10A.13	gsp-2	14.846	2.75658900697385	0	0
Y57A10A.13	gsp-3	20.494	2.61327765243815	0	0
Y57A10A.13	gsp-4	17.752	2.33807015168096	0	0
Y57A10A.13	gspd-1	27.26	2.89836731843407	0	0
Y57A10A.13	gsr-1	25.768	1.45552621546402	0	0
Y57A10A.13	gss-1	23.638	2.72732875059669	0	0
Y57A10A.13	gst-1	19.85	4.02329378500784	0	0
Y57A10A.13	gst-10	26.922	3.97820941484014	0	0
Y57A10A.13	gst-11	28.006	1.45886838291792	0	0
Y57A10A.13	gst-12	24.894	3.73644462702955	0	0
Y57A10A.13	gst-13	22.526	10.5871649473532	0	0
Y57A10A.13	gst-14	28.034	1.94130062958629	0	0
Y57A10A.13	gst-15	23.812	4.18509181403604	0	0
Y57A10A.13	gst-16	24.284	4.64749000783022	0	0
Y57A10A.13	gst-17	8.614	4.14735792268712	0	0
Y57A10A.13	gst-18	26.648	5.81859282533181	0	0
Y57A10A.13	gst-19	25.38	1.70634528396631	0	0
Y57A10A.13	gst-2	23.132	9.9377848304047	0	0
Y57A10A.13	gst-20	20.774	12.4729240309659	0	0
Y57A10A.13	gst-21	14.982	45.9337866099806	0	0
Y57A10A.13	gst-22	22.332	6.4393865761286	0	0
Y57A10A.13	gst-23	20.894	13.3157355462976	0	0
Y57A10A.13	gst-24	23.356	2.570110194417	0	0
Y57A10A.13	gst-25	25.444	3.03575805874572	0	0
Y57A10A.13	gst-26	25.896	1.89072560786824	0	0
Y57A10A.13	gst-27	20.432	6.13568271494261	0	0
Y57A10A.13	gst-28	24.286	4.44639644935109	0	0
Y57A10A.13	gst-29	26.092	3.65650201510218	0	0
Y57A10A.13	gst-3	16.986	1.90975944006317	0	0
Y57A10A.13	gst-30	24.75	3.28318568373061	0	0
Y57A10A.13	gst-31	23.792	2.06110207497699	0	0
Y57A10A.13	gst-32	28.198	2.38258300213217	0	0
Y57A10A.13	gst-33	21.056	2.98383081930632	0	0
Y57A10A.13	gst-34	23.658	3.52476321647141	0	0
Y57A10A.13	gst-35	21.97	2.52422351829628	0	0
Y57A10A.13	gst-36	22.53	4.25994494621741	0	0
Y57A10A.13	gst-37	26.394	2.85309973205486	0	0
Y57A10A.13	gst-38	25.106	4.25975118010775	0	0
Y57A10A.13	gst-39	24.488	3.7935388193468	0	0
Y57A10A.13	gst-4	21.118	9.72578572063637	0	0
Y57A10A.13	gst-40	27.076	2.02974058641687	0	0
Y57A10A.13	gst-41	22.77	8.44009241802228	0	0
Y57A10A.13	gst-42	24.87	0.770819843694445	0	0
Y57A10A.13	gst-43	22.29	3.9732407588494	0	0
Y57A10A.13	gst-44	24.548	3.79171413986478	0	0
Y57A10A.13	gst-5	25.652	1.10516151457297	0	0
Y57A10A.13	gst-6	24.926	3.0044364883936	0	0
Y57A10A.13	gst-7	24.222	4.62061380167659	0	0
Y57A10A.13	gst-8	20.874	1.53173452459347	0	0
Y57A10A.13	gst-9	25.078	4.72289267339103	0	0
Y57A10A.13	gstk-1	20.492	9.21209270672304	0	0
Y57A10A.13	gstk-2	20.51	2.7397189852923	0	0
Y57A10A.13	gsto-1	20.962	4.41079955072951	0	0
Y57A10A.13	gsto-2	24.122	12.2777257088724	0	0
Y57A10A.13	gsto-3	24.198	3.81266529927465	0	0
Y57A10A.13	gsy-1	24.232	5.37490795512899	0	0
Y57A10A.13	gta-1	14.732	1.71010406360691	0	0
Y57A10A.13	gtap-1	4.622	2.33223937312191	1	1
Y57A10A.13	gtbp-1	27.566	8.10209454135244	0	0
Y57A10A.13	gtf-2A2	5.846	5.99627842633093	0	0
Y57A10A.13	gtf-2H2C	21.082	7.65835304284828	0	0
Y57A10A.13	gtf-2H5	10.936	16.5716171784197	0	0
Y57A10A.13	gtf-2e1	17.706	26.6376280191757	0	0
Y57A10A.13	gtf-2e2	21.334	3.2139320602293	0	0
Y57A10A.13	gtf-2f1	18.908	10.1663660171793	0	0
Y57A10A.13	gtf-2f2	21.454	13.4653822046027	0	0
Y57A10A.13	gtf-2h1	27.522	2.46558897772486	0	0
Y57A10A.13	gtf-2h3	5.912	3.44662669200271	0	0
Y57A10A.13	gtf-2h4	28.65	0.786696521436969	0	0
Y57A10A.13	gtl-1	20.026	2.64056990662384	0	0
Y57A10A.13	gtl-2	23.354	9.01873760033322	0	0
Y57A10A.13	gtr-1	7.734	2.82334503521203	0	0
Y57A10A.13	gtsf-1	25.842	8.11839698264365	0	0
Y57A10A.13	guk-1	26.556	11.2299253370622	0	0
Y57A10A.13	gur-3	24.598	8.99349786091449	0	0
Y57A10A.13	gur-4	8.848	2.57774563409786	0	0
Y57A10A.13	gur-5	17.826	1.01798636994092	0	0
Y57A10A.13	gut-2	26.214	3.54809174166092	0	0
Y57A10A.13	gvd-1	21.244	11.2052694263454	0	0
Y57A10A.13	gyf-1	14.192	30.9417625839373	0	0
Y57A10A.13	gyg-1	23.642	2.60180134879676	0	0
Y57A10A.13	gyg-2	21.29	4.98218558564763	0	0
Y57A10A.13	haao-1	24.698	1.58823656611662	0	0
Y57A10A.13	hacd-1	19.562	4.56145386343911	0	0
Y57A10A.13	hach-1	26.432	2.43976934688068	0	0
Y57A10A.13	hacl-1	21.972	2.71026665798435	0	0
Y57A10A.13	hadb-1	24.962	1.69831727073424	0	0
Y57A10A.13	hal-2	6.568	74.3434101339483	0	0
Y57A10A.13	hal-3	26.098	2.46757444064656	0	0
Y57A10A.13	haly-1	24.114	2.65788011946004	0	0
Y57A10A.13	ham-1	21.19	10.6530287692076	0	0
Y57A10A.13	ham-2	26.102	10.2870639016157	0	0
Y57A10A.13	ham-3	24.58	3.33468090129721	0	0
Y57A10A.13	hap-1	25.596	0.642913031121249	0	0
Y57A10A.13	haps-1	21.262	4.16592776340327	0	0
Y57A10A.13	har-1	21.43	2.43277842234943	0	0
Y57A10A.13	har-2	20.496	11.3822288579728	0	0
Y57A10A.13	hars-1	23.89	3.40124608731515	0	0
Y57A10A.13	hasp-1	20.612	3.26307280794453	0	0
Y57A10A.13	hasp-2	18.58	4.64191275935362	0	0
Y57A10A.13	hat-1	23.962	3.21455921455228	0	0
Y57A10A.13	hbl-1	24.088	7.85069915747082	0	0
Y57A10A.13	hbs-1	15.082	2.8929459424319	0	0
Y57A10A.13	hcf-1	16.48	2.01114240523988	0	0
Y57A10A.13	hch-1	9.83	6.10122022273606	0	0
Y57A10A.13	hcp-1	24.016	12.104273534549	0	0
Y57A10A.13	hcp-2	18.988	33.9954995407903	0	0
Y57A10A.13	hcp-3	19.646	0.870986445534256	0	0
Y57A10A.13	hcp-4	26.652	4.17469984354038	0	0
Y57A10A.13	hcp-6	24.226	7.8798004213983	0	0
Y57A10A.13	hda-1	19.39	5.83743666217023	0	0
Y57A10A.13	hda-10	26.75	2.52371060277684	0	0
Y57A10A.13	hda-11	22.948	5.27984465713037	0	0
Y57A10A.13	hda-2	20.56	5.63625510180477	0	0
Y57A10A.13	hda-3	17.756	8.20380395045604	0	0
Y57A10A.13	hda-4	23.386	3.33705525383549	0	0
Y57A10A.13	hda-5	20.594	4.94606276433681	0	0
Y57A10A.13	hda-6	22.376	1.7174274042868	0	0
Y57A10A.13	hdl-1	27.472	1.76485213982642	0	0
Y57A10A.13	hdl-2	23.23	14.7350178164343	0	0
Y57A10A.13	hecw-1	27.898	5.78832950115765	0	0
Y57A10A.13	heh-1	27.856	1.24502466694964	0	0
Y57A10A.13	hel-1	17.476	23.1810530588224	0	0
Y57A10A.13	helq-1	24.66	5.41404295329225	0	0
Y57A10A.13	hen-1	26.674	7.86115987895459	0	0
Y57A10A.13	henn-1	25.68	4.14587059970204	0	0
Y57A10A.13	her-1	23	5.35303740429635	0	0
Y57A10A.13	herc-1	27.516	2.20683028823909	0	0
Y57A10A.13	herd-1	16.868	1.46624197414247	0	0
Y57A10A.13	heri-1	20.928	13.329383811616	0	0
Y57A10A.13	hex-1	26.554	2.41144780213549	0	0
Y57A10A.13	hex-2	27.012	1.16876039917862	0	0
Y57A10A.13	hex-3	26.544	1.80980888432512	0	0
Y57A10A.13	hex-4	24.068	9.21466233572179	0	0
Y57A10A.13	hex-5	22.582	12.4290874993996	0	0
Y57A10A.13	hgap-1	28.77	3.89271127463429	0	0
Y57A10A.13	hgap-2	27.308	3.52063725986078	0	0
Y57A10A.13	hgo-1	25.794	2.52437569312616	0	0
Y57A10A.13	hgrs-1	24.486	6.56176606235877	0	0
Y57A10A.13	hhat-1	22.408	5.26270404013996	0	0
Y57A10A.13	hhat-2	17.566	3.41155961202943	0	0
Y57A10A.13	hic-1	22.958	4.15245453756558	0	0
Y57A10A.13	hid-1	25.026	3.23177110373025	0	0
Y57A10A.13	hif-1	19.59	8.67188934173841	0	0
Y57A10A.13	hil-1	19.878	23.4413127627916	0	0
Y57A10A.13	hil-2	25.038	17.3120685100988	0	0
Y57A10A.13	hil-3	25.954	15.220004604057	0	0
Y57A10A.13	hil-4	25.138	23.176407457311	0	0
Y57A10A.13	hil-5	21.994	17.6564196267692	0	0
Y57A10A.13	hil-6	24.678	13.6288785751416	0	0
Y57A10A.13	hil-7	16.004	14.3379934962191	0	0
Y57A10A.13	hil-8	25.14	1.65518283783319	0	0
Y57A10A.13	him-1	26.562	4.4398355537293	0	0
Y57A10A.13	him-10	24.622	4.59230195332749	0	0
Y57A10A.13	him-14	27.442	1.8339019621932	0	0
Y57A10A.13	him-17	14.558	46.8583585120285	0	0
Y57A10A.13	him-18	18.308	16.1311894051735	0	0
Y57A10A.13	him-19	13.688	48.4551889846146	0	0
Y57A10A.13	him-3	25.268	3.84490154196855	0	0
Y57A10A.13	him-5	18.222	9.82278464962949	0	0
Y57A10A.13	him-6	22	6.71866771523705	0	0
Y57A10A.13	him-8	20.084	31.3428655208968	0	0
Y57A10A.13	hinf-1	11.09	11.488088747116	0	0
Y57A10A.13	hint-1	17.088	2.77013300484983	0	0
Y57A10A.13	hint-3	24.004	8.70860620991089	0	0
Y57A10A.13	hip-1	15.254	27.1545353474703	0	0
Y57A10A.13	hipr-1	21	12.0407471461174	0	0
Y57A10A.13	hir-1	21.622	2.66252376875406	0	0
Y57A10A.13	hira-1	27.384	4.79881705568063	0	0
Y57A10A.13	his-1	18.892	8.51418219664652	0	0
Y57A10A.13	his-11	24.162	6.69159857347241	0	0
Y57A10A.13	his-2	9.338	3.69838177267168	0	0
Y57A10A.13	his-24	25.352	19.1081276349206	0	0
Y57A10A.13	his-3	13.156	8.76594396727566	0	0
Y57A10A.13	his-35	18.304	6.79609590673519	0	0
Y57A10A.13	his-39	11.426	6.44432636911223	0	0
Y57A10A.13	his-4	24.31	10.0502051109445	0	0
Y57A10A.13	his-40	8.828	4.66251255442433	0	0
Y57A10A.13	his-41	19.508	2.32924800383178	0	0
Y57A10A.13	his-48	20.356	4.05421355622396	0	0
Y57A10A.13	his-69	11.514	4.58774451257716	0	0
Y57A10A.13	his-70	10.814	3.22900651789535	0	0
Y57A10A.13	his-71	11.408	3.2812593011492	0	0
Y57A10A.13	his-72	11.52	2.94947343889445	0	0
Y57A10A.13	his-73	9.006	7.97212257026041	0	0
Y57A10A.13	his-74	8.814	10.0119899910301	0	0
Y57A10A.13	hizr-1	24.408	6.01908883870714	0	0
Y57A10A.13	hlb-1	16.644	18.9868474011994	0	0
Y57A10A.13	hlh-1	2.592	1.13795379658585	1	1
Y57A10A.13	hlh-10	23.53	8.45034493608946	0	0
Y57A10A.13	hlh-11	7.058	6.24403488641106	0	0
Y57A10A.13	hlh-12	16.126	6.11194025376839	0	0
Y57A10A.13	hlh-13	24.154	5.98230987684762	0	0
Y57A10A.13	hlh-14	19.426	13.0129230147248	0	0
Y57A10A.13	hlh-15	27.218	4.02583174405649	0	0
Y57A10A.13	hlh-16	24.628	6.44107126876588	0	0
Y57A10A.13	hlh-17	26.914	3.55000200310071	0	0
Y57A10A.13	hlh-19	20.04	6.59372181864262	0	0
Y57A10A.13	hlh-2	15.79	3.11000797808023	0	0
Y57A10A.13	hlh-25	22.568	22.6502530464795	0	0
Y57A10A.13	hlh-26	9.714	9.72198873358216	0	0
Y57A10A.13	hlh-27	23.032	19.4449802511522	0	0
Y57A10A.13	hlh-28	22.478	16.2891012901464	0	0
Y57A10A.13	hlh-29	21.604	12.4416547270799	0	0
Y57A10A.13	hlh-3	3.168	2.25865452272706	1	1
Y57A10A.13	hlh-30	12.85	6.96747993326051	0	0
Y57A10A.13	hlh-31	23.614	18.1727555006838	0	0
Y57A10A.13	hlh-32	26.488	4.37359351052698	0	0
Y57A10A.13	hlh-33	16.5	8.65564036873283	0	0
Y57A10A.13	hlh-34	22.48	10.9507882184034	0	0
Y57A10A.13	hlh-4	21.52	5.43461812293637	0	0
Y57A10A.13	hlh-6	20.634	6.26041472345281	0	0
Y57A10A.13	hlh-8	20.25	4.37643437848978	0	0
Y57A10A.13	hmbx-1	16.416	39.4368305795112	0	0
Y57A10A.13	hmg-1.1	23.13	11.9997621769507	0	0
Y57A10A.13	hmg-1.2	18.526	1.43047303138478	0	0
Y57A10A.13	hmg-11	7.998	5.30049958890574	0	0
Y57A10A.13	hmg-12	19.6	14.5954487466111	0	0
Y57A10A.13	hmg-20	13.918	58.4107459161326	0	0
Y57A10A.13	hmg-3	22.78	16.4911649277584	0	0
Y57A10A.13	hmg-4	14.832	2.41140139917981	0	0
Y57A10A.13	hmg-5	21.524	5.92144251252146	0	0
Y57A10A.13	hmg-6	18.088	11.9760201159846	0	0
Y57A10A.13	hmgr-1	28.306	2.95551582612806	0	0
Y57A10A.13	hmgs-1	23.064	5.32201240263577	0	0
Y57A10A.13	hmit-1.1	24.346	6.2832991155523	0	0
Y57A10A.13	hmit-1.2	26.376	5.64701348435137	0	0
Y57A10A.13	hmit-1.3	24.374	3.83869764146388	0	0
Y57A10A.13	hmp-1	25.836	4.71745893779483	0	0
Y57A10A.13	hmp-2	25.13	8.87171435919821	0	0
Y57A10A.13	hnd-1	22.162	6.90823454224604	0	0
Y57A10A.13	hoe-1	19.532	1.57195474119107	0	0
Y57A10A.13	hog-1	3.972	1.88737812829721	1	1
Y57A10A.13	homt-1	26.074	3.81539701641348	0	0
Y57A10A.13	hop-1	18.676	2.66370538333108	0	0
Y57A10A.13	hosl-1	20.34	2.65896111759881	0	0
Y57A10A.13	hot-1	22.758	10.3667861550565	0	0
Y57A10A.13	hot-2	16.898	3.77942364393574	0	0
Y57A10A.13	hot-3	9.374	4.94737767196582	0	0
Y57A10A.13	hot-4	21.772	8.61044140851029	0	0
Y57A10A.13	hot-5	24.19	3.49324015200465	0	0
Y57A10A.13	hot-6	26.844	4.90490925213421	0	0
Y57A10A.13	hot-7	22.752	2.32643667694824	0	0
Y57A10A.13	hot-8	16.77	20.087886919168	0	0
Y57A10A.13	hot-9	25.988	10.3083375282845	0	0
Y57A10A.13	hpa-1	18.824	2.66509342883352	0	0
Y57A10A.13	hpd-1	17.758	0.846002658709368	0	0
Y57A10A.13	hphd-1	19.942	2.05363716365143	0	0
Y57A10A.13	hpk-1	20	1.98746069143518	0	0
Y57A10A.13	hpl-1	16.132	4.14800511441217	0	0
Y57A10A.13	hpl-2	14.258	8.71035136558652	0	0
Y57A10A.13	hpo-10	19.5	28.0333932553588	0	0
Y57A10A.13	hpo-11	7.706	2.07752040682924	0	0
Y57A10A.13	hpo-12	22.768	1.48600735396345	0	0
Y57A10A.13	hpo-13	22.752	5.67863186523971	0	0
Y57A10A.13	hpo-15	21.962	6.42206917673067	0	0
Y57A10A.13	hpo-18	6.8	5.65077236965907	0	0
Y57A10A.13	hpo-19	25.64	5.24400595192974	0	0
Y57A10A.13	hpo-2	25.966	2.97098780293018	0	0
Y57A10A.13	hpo-25	19.016	19.2333528988291	0	0
Y57A10A.13	hpo-26	20.626	6.25617746072891	0	0
Y57A10A.13	hpo-27	28.374	3.55694383674142	0	0
Y57A10A.13	hpo-28	25.746	9.78143715892923	0	0
Y57A10A.13	hpo-29	27.064	1.926799729018	0	0
Y57A10A.13	hpo-30	20.8	6.88633747800286	0	0
Y57A10A.13	hpo-31	27.172	1.61479100137246	0	0
Y57A10A.13	hpo-32	10.826	31.1593518330076	0	0
Y57A10A.13	hpo-33	25.61	5.66474498194074	0	0
Y57A10A.13	hpo-34	21.894	4.78533958060858	0	0
Y57A10A.13	hpo-35	25.408	5.20856960625351	0	0
Y57A10A.13	hpo-36	17.132	6.1237929577103	0	0
Y57A10A.13	hpo-38	23.154	3.26193385288343	0	0
Y57A10A.13	hpo-39	23.866	20.5220111120737	0	0
Y57A10A.13	hpo-40	26.416	5.11450538147139	0	0
Y57A10A.13	hpo-6	26.716	1.17939545400856	0	0
Y57A10A.13	hpo-7	20.852	3.52808631961248	0	0
Y57A10A.13	hpo-8	22.872	4.51978385631342	0	0
Y57A10A.13	hpo-9	19.044	0.551479766986604	0	0
Y57A10A.13	hpr-17	25.702	10.1444636681505	0	0
Y57A10A.13	hpr-9	22.222	3.93842642720457	0	0
Y57A10A.13	hprt-1	21.886	4.43589437362017	0	0
Y57A10A.13	hpx-2	24.736	5.8415553349522	0	0
Y57A10A.13	hrde-1	24.728	14.4952224491849	0	0
Y57A10A.13	hrde-2	16.838	1.17390026437722	0	0
Y57A10A.13	hrde-4	6.858	7.14895644200393	0	0
Y57A10A.13	hrdl-1	23.166	5.34192176432009	0	0
Y57A10A.13	hrg-1	17.088	9.65620034145222	0	0
Y57A10A.13	hrg-10	18.47	3.47352786840183	0	0
Y57A10A.13	hrg-2	20.364	4.49565115865755	0	0
Y57A10A.13	hrg-3	13.066	5.64869327478023	0	0
Y57A10A.13	hrg-4	14.572	3.55506724980493	0	0
Y57A10A.13	hrg-5	26.032	3.02198413274752	0	0
Y57A10A.13	hrg-6	12.994	5.80325991247998	0	0
Y57A10A.13	hrg-7	24.426	5.63803160031598	0	0
Y57A10A.13	hrg-9	22.58	4.71006134586915	0	0
Y57A10A.13	hrp-1	9.308	4.47461644725837	0	0
Y57A10A.13	hrpa-2	17.202	1.70597658965466	0	0
Y57A10A.13	hrpf-1	18.752	6.32628620088291	0	0
Y57A10A.13	hrpf-2	14.538	20.2195533641599	0	0
Y57A10A.13	hrpk-1	22.078	15.1015584443792	0	0
Y57A10A.13	hrpl-1	20.48	13.3448703840471	0	0
Y57A10A.13	hrpr-1	14.868	3.1122613894393	0	0
Y57A10A.13	hrpu-1	23.798	4.05767233488222	0	0
Y57A10A.13	hrpu-2	23.124	15.0538531465465	0	0
Y57A10A.13	hsb-1	21.252	5.79604339270513	0	0
Y57A10A.13	hsd-1	23.484	0.946723665714768	0	0
Y57A10A.13	hsd-2	22.044	5.59380205608428	0	0
Y57A10A.13	hsd-3	23.562	6.02780367066378	0	0
Y57A10A.13	hse-5	27.16	1.97659286177755	0	0
Y57A10A.13	hsf-1	20.21	7.41810879046419	0	0
Y57A10A.13	hsp-1	9.536	5.55224403399238	0	0
Y57A10A.13	hsp-110	21.56	10.8102844181166	0	0
Y57A10A.13	hsp-12.1	10.174	4.23593508573288	0	0
Y57A10A.13	hsp-12.2	19.552	2.54533830632668	0	0
Y57A10A.13	hsp-12.3	21.29	11.5836589206292	0	0
Y57A10A.13	hsp-12.6	10.6	4.7951077180568	0	0
Y57A10A.13	hsp-16.1	23.238	7.21860482175786	0	0
Y57A10A.13	hsp-16.2	21.348	18.1361911686522	0	0
Y57A10A.13	hsp-16.41	17.194	24.6609515210317	0	0
Y57A10A.13	hsp-16.48	20.878	12.2752867536585	0	0
Y57A10A.13	hsp-17	18.286	5.17354164953364	0	0
Y57A10A.13	hsp-25	21.216	13.6858869168872	0	0
Y57A10A.13	hsp-3	24.892	10.1198040956	0	0
Y57A10A.13	hsp-4	7.63	6.71298993930428	0	0
Y57A10A.13	hsp-43	23.754	3.04020518656569	0	0
Y57A10A.13	hsp-6	7.696	1.20007795104145	0	0
Y57A10A.13	hsp-60	23.694	12.4478553776736	0	0
Y57A10A.13	hsp-70	19.858	17.4340169316701	0	0
Y57A10A.13	hsp-75	17.834	0.98694271206423	0	0
Y57A10A.13	hsp-90	23.906	9.38009269207331	0	0
Y57A10A.13	hsr-9	24.342	13.6445882958195	0	0
Y57A10A.13	hst-1	26.9	5.25388113238138	0	0
Y57A10A.13	hst-2	17.39	1.11059274961633	0	0
Y57A10A.13	hst-3.1	21.808	1.15704856070911	0	0
Y57A10A.13	hst-3.2	26.388	6.40652252504241	0	0
Y57A10A.13	hst-6	16.196	22.5318863263713	0	0
Y57A10A.13	htas-1	13.388	6.77522184766403	0	0
Y57A10A.13	htp-1	15.892	7.96444303622451	0	0
Y57A10A.13	htp-2	12.13	2.61674694939883	0	0
Y57A10A.13	htp-3	21.014	11.6847277028523	0	0
Y57A10A.13	htrl-1	21.73	8.00980914869265	0	0
Y57A10A.13	htt-1	24.914	2.82718536653183	0	0
Y57A10A.13	htz-1	20.138	2.35529856586798	0	0
Y57A10A.13	hum-1	25.4	4.49431478623057	0	0
Y57A10A.13	hum-10	22.556	2.0876137207907	0	0
Y57A10A.13	hum-2	28.47	0.694101610304518	0	0
Y57A10A.13	hum-5	26.94	4.20459528653978	0	0
Y57A10A.13	hum-6	27.186	3.90717741938861	0	0
Y57A10A.13	hum-7	24.902	2.21164946608681	0	0
Y57A10A.13	hum-8	24.638	16.5149192686924	0	0
Y57A10A.13	hus-1	23.35	5.9406310063896	0	0
Y57A10A.13	hut-1	26.108	1.13604017995975	0	0
Y57A10A.13	hxk-1	19.534	18.137664743382	0	0
Y57A10A.13	hxk-2	24.902	1.46516800269747	0	0
Y57A10A.13	hxk-3	25.048	1.8841113003836	0	0
Y57A10A.13	hyl-1	18.414	2.33094505916968	0	0
Y57A10A.13	hyl-2	19.778	1.68809400679104	0	0
Y57A10A.13	hyls-1	23.05	5.96422786786245	0	0
Y57A10A.13	iars-1	28.422	1.51605945613424	0	0
Y57A10A.13	iars-2	22.084	5.81773193371713	0	0
Y57A10A.13	icap-1	19.63	9.56090574168363	0	0
Y57A10A.13	icd-1	18.774	6.32854140978434	0	0
Y57A10A.13	icd-2	19.998	14.7875955587699	0	0
Y57A10A.13	icl-1	27.542	1.72977156989903	0	0
Y57A10A.13	icln-1	18.816	3.69368408329609	0	0
Y57A10A.13	icmt-1	19.488	13.0991744975422	0	0
Y57A10A.13	icp-1	16.42	4.84500684608984	0	0
Y57A10A.13	icpp-55	24.382	8.46950663875147	0	0
Y57A10A.13	ida-1	19.774	19.0214102378437	0	0
Y57A10A.13	idh-1	6.918	7.60464507117719	0	0
Y57A10A.13	idh-2	25.148	2.52080552341339	0	0
Y57A10A.13	idha-1	6.386	3.4567605062737	0	0
Y57A10A.13	idhb-1	18.76	6.37957492174371	0	0
Y57A10A.13	idhg-1	25.944	1.08597195947029	0	0
Y57A10A.13	idhg-2	26.54	1.44340477086496	0	0
Y57A10A.13	idi-1	23.916	13.5479515131629	0	0
Y57A10A.13	idpa-1	6.958	5.98069842875784	0	0
Y57A10A.13	idpa-2	5.144	4.59132774204305	0	0
Y57A10A.13	idpa-3	12.752	15.0900586773218	0	0
Y57A10A.13	idpb-1	7.958	20.970004737053	0	0
Y57A10A.13	idpb-2	7.762	15.7627834805287	0	0
Y57A10A.13	idpb-3	10.024	20.8617227976758	0	0
Y57A10A.13	idpb-4	10.232	17.829893280181	0	0
Y57A10A.13	idpb-5	10.076	10.7411671371495	0	0
Y57A10A.13	idpc-1	16.314	5.1003046431568	0	0
Y57A10A.13	idpc-2	19.004	9.00153611089114	0	0
Y57A10A.13	idpc-3	22.762	6.76355067888974	0	0
Y57A10A.13	idpc-4	6.908	4.58502209492279	0	0
Y57A10A.13	idpc-5	24.974	4.04386897604553	0	0
Y57A10A.13	idpc-6	23.468	5.97244484447225	0	0
Y57A10A.13	idpc-7	21.436	2.35055542685733	0	0
Y57A10A.13	idpp-1	17.062	1.97167677293776	0	0
Y57A10A.13	idpp-10	15.484	1.75897736895171	0	0
Y57A10A.13	idpp-11	7.318	5.45862446544273	0	0
Y57A10A.13	idpp-12	21.026	4.52529395920766	0	0
Y57A10A.13	idpp-13	24.198	6.19151285190409	0	0
Y57A10A.13	idpp-14	7.538	11.2705025167568	0	0
Y57A10A.13	idpp-16	13.4	5.25920889827427	0	0
Y57A10A.13	idpp-2	11.602	29.2588257307329	0	0
Y57A10A.13	idpp-3	24.11	14.7621909072444	0	0
Y57A10A.13	idpp-4	19.798	2.0378201949896	0	0
Y57A10A.13	idpp-5	15.296	3.94313398521268	0	0
Y57A10A.13	idpp-6	11.322	8.93235222048449	0	0
Y57A10A.13	idpp-7	14.536	18.6420734836494	0	0
Y57A10A.13	idpp-8	19.58	12.5972735864553	0	0
Y57A10A.13	idpp-9	18.296	8.98855230611131	0	0
Y57A10A.13	ifa-1	26.806	3.20569834442938	0	0
Y57A10A.13	ifa-3	27.208	2.29739780718819	0	0
Y57A10A.13	ifa-4	26.71	1.94629632805242	0	0
Y57A10A.13	ifas-1	22.584	2.50179075788804	0	0
Y57A10A.13	ifas-2	24.906	14.6429593640048	0	0
Y57A10A.13	ifas-3	25.158	8.59922556701821	0	0
Y57A10A.13	ifb-1	27.206	2.63580945239552	0	0
Y57A10A.13	ifb-2	26.022	3.21605224277708	0	0
Y57A10A.13	ifbp-1	13.054	8.22309681763193	0	0
Y57A10A.13	ifc-1	25.92	3.30891692012216	0	0
Y57A10A.13	ifc-2	9.67	3.43058788322613	0	0
Y57A10A.13	ifd-1	25.73	2.71138311334472	0	0
Y57A10A.13	ifd-2	24.188	1.69465200683866	0	0
Y57A10A.13	ife-1	27.106	2.46165267182591	0	0
Y57A10A.13	ife-2	26.726	1.72149572814615	0	0
Y57A10A.13	ife-3	21.358	10.9444406607541	0	0
Y57A10A.13	ife-4	22.666	9.67033526006421	0	0
Y57A10A.13	ife-5	19.314	0.892740479733408	0	0
Y57A10A.13	ifet-1	17.132	22.2965917077829	0	0
Y57A10A.13	iff-1	22.094	5.808313314991	0	0
Y57A10A.13	iff-2	14.758	5.31048847708386	0	0
Y57A10A.13	iffb-1	19.926	18.7003681904064	0	0
Y57A10A.13	ifg-1	20.872	9.61219677206573	0	0
Y57A10A.13	ifo-1	19.878	13.8495832566246	0	0
Y57A10A.13	ifp-1	23.084	6.63338729184096	0	0
Y57A10A.13	ift-139	27.158	5.26241840302232	0	0
Y57A10A.13	ift-20	24.414	7.91673109058156	0	0
Y57A10A.13	ift-43	16.164	14.458731289541	0	0
Y57A10A.13	ift-74	27.762	3.11263460812133	0	0
Y57A10A.13	ift-81	25.886	9.36146843929823	0	0
Y57A10A.13	ifta-1	24.34	13.9069514944584	0	0
Y57A10A.13	ifta-2	14.88	46.8752529187303	0	0
Y57A10A.13	ify-1	21.764	3.99486468487055	0	0
Y57A10A.13	igcm-1	18.354	4.63588396455145	0	0
Y57A10A.13	igcm-2	25.662	1.68363041641488	0	0
Y57A10A.13	igcm-3	19.034	19.7593493186826	0	0
Y57A10A.13	igcm-4	17.674	2.95346932538369	0	0
Y57A10A.13	igdb-1	21.944	7.29730828200278	0	0
Y57A10A.13	igdb-2	25.108	9.10390469539565	0	0
Y57A10A.13	igdb-3	11.244	4.28263250462277	0	0
Y57A10A.13	igeg-2	8.43	7.24626393165474	0	0
Y57A10A.13	iglr-1	25.872	6.88200047371593	0	0
Y57A10A.13	iglr-2	23.896	4.66493618984228	0	0
Y57A10A.13	iglr-3	20.058	4.217927581472	0	0
Y57A10A.13	ikb-1	23.752	3.76715103743062	0	0
Y57A10A.13	ikke-1	26.67	4.21918082690695	0	0
Y57A10A.13	ilc-17.1	21.094	4.71031802733852	0	0
Y57A10A.13	ilcr-1	4.988	6.07659669910478	1	1
Y57A10A.13	ilcr-2	13.796	5.21955836560388	0	0
Y57A10A.13	ile-1	24.19	6.34805435087193	0	0
Y57A10A.13	ile-2	20.51	2.04691072936942	0	0
Y57A10A.13	ilkp-1	27.326	4.81776675476568	0	0
Y57A10A.13	ilys-1	15.498	8.18944725622952	0	0
Y57A10A.13	ilys-2	25.218	8.16238459697021	0	0
Y57A10A.13	ilys-3	24.334	14.4806603208913	0	0
Y57A10A.13	ilys-4	21.636	2.57930826701472	0	0
Y57A10A.13	ilys-5	15.872	3.3780386143152	0	0
Y57A10A.13	ilys-6	26.882	5.34455012037664	0	0
Y57A10A.13	ima-1	18.59	3.89688440586871	0	0
Y57A10A.13	ima-2	22.242	1.97552969387462	0	0
Y57A10A.13	ima-3	14.342	23.714100545475	0	0
Y57A10A.13	imb-1	13.294	28.5072460517771	0	0
Y57A10A.13	imb-2	25.574	10.4531925372234	0	0
Y57A10A.13	imb-3	27.06	2.56470837539555	0	0
Y57A10A.13	immp-1	23.208	4.93278736987895	0	0
Y57A10A.13	immp-2	23.094	7.05509453619083	0	0
Y57A10A.13	immt-1	25.302	3.90478165432122	0	0
Y57A10A.13	immt-2	24.212	10.4606790988426	0	0
Y57A10A.13	imp-1	23.994	2.70172332419063	0	0
Y57A10A.13	imp-2	16.884	2.55524675356931	0	0
Y57A10A.13	imp-3	12.884	2.70465752881644	0	0
Y57A10A.13	imph-1	23.81	5.88235683219601	0	0
Y57A10A.13	impt-1	24.022	10.7769363317529	0	0
Y57A10A.13	ina-1	28.404	2.69881102589987	0	0
Y57A10A.13	inf-1	23.706	21.9648957037569	0	0
Y57A10A.13	inft-2	20.694	1.01282906767617	0	0
Y57A10A.13	ing-3	19.58	7.13673408803574	0	0
Y57A10A.13	inos-1	26.152	2.84730584129446	0	0
Y57A10A.13	inpp-1	23.116	6.8616404927019	0	0
Y57A10A.13	inpp-4b	27.146	0.772541409732319	0	0
Y57A10A.13	ins-1	26.746	5.19802050822304	0	0
Y57A10A.13	ins-10	10.706	16.4540474704293	0	0
Y57A10A.13	ins-11	21.188	21.5393436306109	0	0
Y57A10A.13	ins-12	23.674	6.03370239977301	0	0
Y57A10A.13	ins-13	25.056	10.3860618087969	0	0
Y57A10A.13	ins-14	22.674	9.04310708467726	0	0
Y57A10A.13	ins-15	18.89	2.79144767670402	0	0
Y57A10A.13	ins-16	20.738	3.32239981825737	0	0
Y57A10A.13	ins-17	9.626	3.70260421934041	0	0
Y57A10A.13	ins-18	22.37	2.28378002225209	0	0
Y57A10A.13	ins-19	23.52	11.313159548073	0	0
Y57A10A.13	ins-2	14.768	5.84960186255819	0	0
Y57A10A.13	ins-20	26.036	12.7039264554033	0	0
Y57A10A.13	ins-21	14.97	18.4307614779833	0	0
Y57A10A.13	ins-22	25.754	9.75304092832535	0	0
Y57A10A.13	ins-23	10.714	6.71096894413056	0	0
Y57A10A.13	ins-24	12.096	3.4587125379359	0	0
Y57A10A.13	ins-25	25.624	9.62325527676905	0	0
Y57A10A.13	ins-26	16.836	3.34355520075007	0	0
Y57A10A.13	ins-27	21.582	3.19835077319452	0	0
Y57A10A.13	ins-28	24.94	5.80544409491165	0	0
Y57A10A.13	ins-29	23.828	10.3702623075983	0	0
Y57A10A.13	ins-3	14.54	3.88659290675542	0	0
Y57A10A.13	ins-30	8.934	3.11665653143912	0	0
Y57A10A.13	ins-31	27.28	1.76505882588028	0	0
Y57A10A.13	ins-32	15.292	4.19167812973685	0	0
Y57A10A.13	ins-33	20.132	4.00968523229254	0	0
Y57A10A.13	ins-34	15.926	2.83274515165515	0	0
Y57A10A.13	ins-35	26.784	4.69010095825054	0	0
Y57A10A.13	ins-36	26.106	3.87145842880563	0	0
Y57A10A.13	ins-37	14.856	2.99432585363998	0	0
Y57A10A.13	ins-39	19.222	2.95470014982564	0	0
Y57A10A.13	ins-4	7.908	7.07657991565627	0	0
Y57A10A.13	ins-5	13.188	5.90897258393529	0	0
Y57A10A.13	ins-6	10.484	6.15337794590986	0	0
Y57A10A.13	ins-7	9.082	8.41133599225305	0	0
Y57A10A.13	ins-8	8.786	2.98713857542895	0	0
Y57A10A.13	ins-9	14.226	6.32050582752912	0	0
Y57A10A.13	insc-1	21.92	4.8382404840402	0	0
Y57A10A.13	inso-1	17.088	10.6895367565201	0	0
Y57A10A.13	ints-1	25.076	13.8966093538012	0	0
Y57A10A.13	ints-11	25.878	8.76747710475306	0	0
Y57A10A.13	ints-13	25.626	10.5973348510082	0	0
Y57A10A.13	ints-2	26.654	11.4968892136415	0	0
Y57A10A.13	ints-3	22.052	19.937306381212	0	0
Y57A10A.13	ints-4	24.608	12.5111543974844	0	0
Y57A10A.13	ints-5	25.586	0.854767094240119	0	0
Y57A10A.13	ints-6	25.698	12.8477557430884	0	0
Y57A10A.13	ints-7	29.038	2.33521691427834	0	0
Y57A10A.13	ints-8	27.496	2.85137949510125	0	0
Y57A10A.13	ints-9	24.64	4.67751895995755	0	0
Y57A10A.13	inx-1	21.562	15.9820244357189	0	0
Y57A10A.13	inx-10	26.576	1.53206239409906	0	0
Y57A10A.13	inx-11	25.49	4.17170377828022	0	0
Y57A10A.13	inx-12	16.824	3.89417778091087	0	0
Y57A10A.13	inx-13	19.744	3.02294400792231	0	0
Y57A10A.13	inx-14	24.826	1.31254623165453	0	0
Y57A10A.13	inx-15	15.016	1.17499305793656	0	0
Y57A10A.13	inx-16	19.394	6.5303859936548	0	0
Y57A10A.13	inx-17	20.56	12.549439316263	0	0
Y57A10A.13	inx-18	23.872	11.3773180822666	0	0
Y57A10A.13	inx-19	22.836	10.010159161433	0	0
Y57A10A.13	inx-2	25.786	1.35749187357198	0	0
Y57A10A.13	inx-20	25.994	3.19195514027012	0	0
Y57A10A.13	inx-21	21.838	17.7976591335112	0	0
Y57A10A.13	inx-22	26.134	4.34166115285185	0	0
Y57A10A.13	inx-3	23.702	5.02159508624245	0	0
Y57A10A.13	inx-5	25.652	5.4054411531224	0	0
Y57A10A.13	inx-6	15.048	29.5533783407919	0	0
Y57A10A.13	inx-7	26.464	3.7697899357936	0	0
Y57A10A.13	inx-8	17.406	4.98614409774369	0	0
Y57A10A.13	inx-9	20.998	0.904472026969005	0	0
Y57A10A.13	ipgm-1	24.74	9.57293170095955	0	0
Y57A10A.13	ipla-1	19.026	12.480323055127	0	0
Y57A10A.13	ipla-2	23.172	3.25150519238805	0	0
Y57A10A.13	ipla-3	26.79	2.33333330347623	0	0
Y57A10A.13	ipla-4	24.152	2.23629968401076	0	0
Y57A10A.13	ipla-5	24.884	11.8235860942562	0	0
Y57A10A.13	ipla-6	28.396	1.79802898579621	0	0
Y57A10A.13	ipla-7	25.676	2.2034434148952	0	0
Y57A10A.13	ipmk-1	20.694	5.68712775609489	0	0
Y57A10A.13	ipp-5	22.082	3.08913902671784	0	0
Y57A10A.13	ippk-1	17.636	1.78751381117639	0	0
Y57A10A.13	ire-1	25.502	12.6397396990011	0	0
Y57A10A.13	irg-1	23.066	13.9461202051631	0	0
Y57A10A.13	irg-2	20.91	6.53458672497217	0	0
Y57A10A.13	irg-3	26.256	3.12409412407406	0	0
Y57A10A.13	irg-4	23.266	8.0813523397426	0	0
Y57A10A.13	irg-5	25.528	3.97958500643671	0	0
Y57A10A.13	irg-6	24.778	4.37636369462237	0	0
Y57A10A.13	irg-7	27.956	1.63307105928846	0	0
Y57A10A.13	irg-8	10.504	2.02692718032572	0	0
Y57A10A.13	irk-1	18.066	35.5766210605973	0	0
Y57A10A.13	irk-2	26.556	3.89816099444481	0	0
Y57A10A.13	irk-3	16.45	2.22030180762914	0	0
Y57A10A.13	irld-1	26.26	1.59848376708419	0	0
Y57A10A.13	irld-11	18.002	12.0811544277018	0	0
Y57A10A.13	irld-12	26.654	6.56758002197693	0	0
Y57A10A.13	irld-14	24.8	27.8103204637704	0	0
Y57A10A.13	irld-15	22.648	9.01749839373088	0	0
Y57A10A.13	irld-17	26.36	4.43375810435657	0	0
Y57A10A.13	irld-18	24.966	11.1255438733005	0	0
Y57A10A.13	irld-19	15.486	3.05130525382136	0	0
Y57A10A.13	irld-2	22.812	15.4395138352873	0	0
Y57A10A.13	irld-20	17.376	4.38568386485296	0	0
Y57A10A.13	irld-21	23.558	1.52560608529234	0	0
Y57A10A.13	irld-22	16.954	2.74559980065339	0	0
Y57A10A.13	irld-23	24.024	5.86976554289634	0	0
Y57A10A.13	irld-24	23.334	2.85476394026768	0	0
Y57A10A.13	irld-25	19.672	2.56430559047234	0	0
Y57A10A.13	irld-26	7.616	8.10711995827749	0	0
Y57A10A.13	irld-27	25.916	3.47881946036349	0	0
Y57A10A.13	irld-28	23.496	16.2012379890939	0	0
Y57A10A.13	irld-29	22.246	3.86777089781933	0	0
Y57A10A.13	irld-3	25.1	2.39607568984142	0	0
Y57A10A.13	irld-30	25.862	4.50691017816209	0	0
Y57A10A.13	irld-32	24.114	1.97941199861865	0	0
Y57A10A.13	irld-33	25.916	2.50878568839785	0	0
Y57A10A.13	irld-34	24.26	3.74082483249412	0	0
Y57A10A.13	irld-36	22.856	9.5558523846355	0	0
Y57A10A.13	irld-38	25.204	2.07127463673727	0	0
Y57A10A.13	irld-39	18.106	4.44691466649159	0	0
Y57A10A.13	irld-4	24.978	8.60065416816618	0	0
Y57A10A.13	irld-40	20.81	10.8442045931782	0	0
Y57A10A.13	irld-42	13.704	4.53145901382131	0	0
Y57A10A.13	irld-44	21.41	16.872047445484	0	0
Y57A10A.13	irld-45	23.926	4.88289220165074	0	0
Y57A10A.13	irld-47	24.244	3.09170599012809	0	0
Y57A10A.13	irld-48	13.724	5.69527916300489	0	0
Y57A10A.13	irld-49	21.9	7.37926951432756	0	0
Y57A10A.13	irld-50	14.134	2.62477129549987	0	0
Y57A10A.13	irld-51	7.782	3.07653502989369	0	0
Y57A10A.13	irld-52	23.848	3.50233350157496	0	0
Y57A10A.13	irld-53	24.966	3.71175542120141	0	0
Y57A10A.13	irld-55	23.582	8.61788511214307	0	0
Y57A10A.13	irld-56	26.45	2.55583270792523	0	0
Y57A10A.13	irld-57	28.4	3.28513767409984	0	0
Y57A10A.13	irld-59	13.254	2.49814556512619	0	0
Y57A10A.13	irld-6	6.764	5.96664612921558	0	0
Y57A10A.13	irld-60	10.932	6.87837675504927	0	0
Y57A10A.13	irld-61	26.046	3.4339860653849	0	0
Y57A10A.13	irld-62	18.54	42.5376425862708	0	0
Y57A10A.13	irld-63	22.836	4.28001517011824	0	0
Y57A10A.13	irld-64	26.684	1.3882689159388	0	0
Y57A10A.13	irld-65	25.494	2.97303125834984	0	0
Y57A10A.13	irld-66	22.358	4.22855595914907	0	0
Y57A10A.13	irld-67	25.768	6.29521036993561	0	0
Y57A10A.13	irld-7	28.908	1.27462919885126	0	0
Y57A10A.13	irld-8	23.05	8.78864988689027	0	0
Y57A10A.13	irld-9	8.14	3.4011961179133	0	0
Y57A10A.13	irx-1	20.932	6.54529926615126	0	0
Y57A10A.13	iscu-1	27.278	7.49495211247038	0	0
Y57A10A.13	islo-1	26.284	2.45722120341984	0	0
Y57A10A.13	isp-1	21.984	14.1133968167751	0	0
Y57A10A.13	ist-1	21.618	15.873364989448	0	0
Y57A10A.13	istr-1	9.072	49.1944630595184	0	0
Y57A10A.13	isw-1	9.644	7.70762771957501	0	0
Y57A10A.13	isy-1	18.388	11.549211414638	0	0
Y57A10A.13	itm-2	22.494	15.1997186571511	0	0
Y57A10A.13	itsn-1	27.526	3.08580900997486	0	0
Y57A10A.13	itx-1	22.994	15.1067580169049	0	0
Y57A10A.13	ivd-1	26.334	2.03498055790928	0	0
Y57A10A.13	ivns-1	26.752	3.22820240614221	0	0
Y57A10A.13	ivph-3	20.412	8.52013076813045	0	0
Y57A10A.13	jac-1	21.4	17.0862299041201	0	0
Y57A10A.13	jamp-1	14.052	1.0094291617704	0	0
Y57A10A.13	jbts-14	20.934	4.62061570019571	0	0
Y57A10A.13	jhdm-1	23.802	1.91872383137887	0	0
Y57A10A.13	jip-1	18.68	13.4825017026245	0	0
Y57A10A.13	jkk-1	19.372	9.70297100785059	0	0
Y57A10A.13	jmjc-1	19.166	6.40525861757314	0	0
Y57A10A.13	jmjd-1.1	23.612	12.4837159078663	0	0
Y57A10A.13	jmjd-1.2	12.29	36.170842109456	0	0
Y57A10A.13	jmjd-2	25.924	8.46613927668922	0	0
Y57A10A.13	jmjd-3.1	21.69	6.8091542128824	0	0
Y57A10A.13	jmjd-3.2	19.672	1.87754565767575	0	0
Y57A10A.13	jmjd-3.3	24.436	6.70058345758316	0	0
Y57A10A.13	jmjd-4	21.066	3.003120368691	0	0
Y57A10A.13	jmjd-5	23.246	4.09549993603034	0	0
Y57A10A.13	jnk-1	22.504	8.03525284767305	0	0
Y57A10A.13	josd-1	18.996	2.51932400985551	0	0
Y57A10A.13	jph-1	25.676	4.16081349593044	0	0
Y57A10A.13	jtr-1	14.884	3.36018532050788	0	0
Y57A10A.13	jud-4	18.914	5.30247839551265	0	0
Y57A10A.13	jun-1	21.734	10.8289661584349	0	0
Y57A10A.13	kal-1	23.076	3.79912872796887	0	0
Y57A10A.13	kap-1	21.104	4.16519230487303	0	0
Y57A10A.13	kars-1	23.434	6.74892698569255	0	0
Y57A10A.13	kat-1	24.924	3.58733949019098	0	0
Y57A10A.13	kbp-1	26.424	8.12930488001215	0	0
Y57A10A.13	kbp-2	28.266	2.91710309639039	0	0
Y57A10A.13	kbp-3	25.79	6.16566801546488	0	0
Y57A10A.13	kbp-4	24.116	2.65377498262257	0	0
Y57A10A.13	kbp-5	17.852	4.30894793082534	0	0
Y57A10A.13	kbrl-1	21.734	9.9479583479907	0	0
Y57A10A.13	kca-1	11.54	20.574431259694	0	0
Y57A10A.13	kcc-1	28.088	3.32690975612069	0	0
Y57A10A.13	kcc-2	25.266	2.47923069167971	0	0
Y57A10A.13	kcc-3	27.352	5.68919027046262	0	0
Y57A10A.13	kcnl-1	22.136	6.14330659492319	0	0
Y57A10A.13	kcnl-2	26.742	5.3148951296871	0	0
Y57A10A.13	kcnl-3	19.782	2.31582097820469	0	0
Y57A10A.13	kcnl-4	18.288	2.57852819742179	0	0
Y57A10A.13	kdin-1	24.722	5.39397765696622	0	0
Y57A10A.13	kdp-1	5.418	3.11972360874135	0	0
Y57A10A.13	kel-1	26.43	4.37474051798308	0	0
Y57A10A.13	kel-10	26.006	4.97665731182697	0	0
Y57A10A.13	kel-20	19.368	7.29499273431964	0	0
Y57A10A.13	kel-3	27.958	1.75434350584374	0	0
Y57A10A.13	kel-8	27.994	2.52953212093425	0	0
Y57A10A.13	kgb-1	25.762	8.21421116408886	0	0
Y57A10A.13	kgb-2	26.08	3.38662844582079	0	0
Y57A10A.13	kin-1	26.39	2.96185261904144	0	0
Y57A10A.13	kin-10	21.768	15.5286503854279	0	0
Y57A10A.13	kin-14	22.132	27.5325794436667	0	0
Y57A10A.13	kin-15	25.59	3.7149576674153	0	0
Y57A10A.13	kin-16	6.724	4.73063709291807	0	0
Y57A10A.13	kin-18	21.622	17.9193502265769	0	0
Y57A10A.13	kin-19	24.788	2.25616603830904	0	0
Y57A10A.13	kin-2	20.454	19.6935436897054	0	0
Y57A10A.13	kin-20	15.956	38.0044524652084	0	0
Y57A10A.13	kin-21	21.704	11.7584955338836	0	0
Y57A10A.13	kin-24	7.49	3.03426386578465	0	0
Y57A10A.13	kin-26	23.258	6.58648405019823	0	0
Y57A10A.13	kin-29	21.97	4.27153472485904	0	0
Y57A10A.13	kin-3	27.794	1.3098031960169	0	0
Y57A10A.13	kin-30	18.654	15.5854771760667	0	0
Y57A10A.13	kin-32	24.734	6.416537867868	0	0
Y57A10A.13	kin-33	24.134	6.49680175907321	0	0
Y57A10A.13	kin-34	22.776	6.66072388738469	0	0
Y57A10A.13	kin-35	21.684	17.557348303127	0	0
Y57A10A.13	kin-36	21.242	2.44399376985473	0	0
Y57A10A.13	kin-4	26.278	4.1179453246149	0	0
Y57A10A.13	kin-5	7.462	9.07501966960004	0	0
Y57A10A.13	kin-9	5.928	4.6678955389911	0	0
Y57A10A.13	klc-1	25.456	4.47543725803283	0	0
Y57A10A.13	klc-2	5.034	6.80442331700659	0	0
Y57A10A.13	kle-2	18.544	22.2795660143943	0	0
Y57A10A.13	klf-1	22.606	18.7325307555197	0	0
Y57A10A.13	klf-2	11.56	39.4902115495457	0	0
Y57A10A.13	klf-3	9.924	5.70311397960579	0	0
Y57A10A.13	klo-1	21.568	6.41333507255087	0	0
Y57A10A.13	klo-2	22.766	2.89599693362373	0	0
Y57A10A.13	klp-11	24.832	11.3261571090146	0	0
Y57A10A.13	klp-12	27.662	3.16823089148077	0	0
Y57A10A.13	klp-13	21.118	11.0947208126301	0	0
Y57A10A.13	klp-15	15.736	20.3137593106598	0	0
Y57A10A.13	klp-16	21.536	10.8108499513306	0	0
Y57A10A.13	klp-17	25.31	8.2852071601621	0	0
Y57A10A.13	klp-18	28.63	3.74947839134109	0	0
Y57A10A.13	klp-19	22.446	10.0634626994656	0	0
Y57A10A.13	klp-20	24.836	2.47626052918029	0	0
Y57A10A.13	klp-3	26.14	2.0726952833181	0	0
Y57A10A.13	klp-4	3.104	1.53831654462801	1	1
Y57A10A.13	klp-6	9.02	8.3829436934074	0	0
Y57A10A.13	klp-7	14.902	3.34160422952457	0	0
Y57A10A.13	klu-1	22.206	2.51552037923547	0	0
Y57A10A.13	klu-2	21.624	19.1380369710675	0	0
Y57A10A.13	kmo-1	21.096	2.245140692417	0	0
Y57A10A.13	kmo-2	20.492	1.44984713963821	0	0
Y57A10A.13	knl-1	28.418	3.41481662453498	0	0
Y57A10A.13	knl-2	22.838	6.13102529394101	0	0
Y57A10A.13	knl-3	19.904	7.04573796732484	0	0
Y57A10A.13	kpc-1	11.182	54.8291234009473	0	0
Y57A10A.13	kqt-1	20.728	3.02312748161774	0	0
Y57A10A.13	kqt-2	27.81	2.75333438337628	0	0
Y57A10A.13	kqt-3	22.49	6.50250062489248	0	0
Y57A10A.13	kreg-1	15.656	8.32114596041392	0	0
Y57A10A.13	kri-1	26.152	6.12383581244298	0	0
Y57A10A.13	krr-1	22.438	6.62595291019934	0	0
Y57A10A.13	ksr-1	23.378	5.31872115703752	0	0
Y57A10A.13	ksr-2	24.74	3.89149741042658	0	0
Y57A10A.13	kup-1	8.106	6.35756902221276	0	0
Y57A10A.13	kvs-1	25.164	2.83344346623457	0	0
Y57A10A.13	kvs-2	23.262	1.70372529150908	0	0
Y57A10A.13	kvs-3	23.482	7.67096821019666	0	0
Y57A10A.13	kvs-4	24.002	5.45258057854145	0	0
Y57A10A.13	kvs-5	24.268	2.25328503460435	0	0
Y57A10A.13	kxd-1	16.612	12.6164573277217	0	0
Y57A10A.13	kynu-1	20.716	1.73463327531824	0	0
Y57A10A.13	laat-1	12.496	25.6493996678678	0	0
Y57A10A.13	lab-1	13.378	2.75429667217763	0	0
Y57A10A.13	lab-2	24.602	15.2956669964741	0	0
Y57A10A.13	lact-1	23.32	3.07374973198241	0	0
Y57A10A.13	lact-2	22.94	1.10452131293112	0	0
Y57A10A.13	lact-3	26.76	3.70539768497475	0	0
Y57A10A.13	lact-4	22.798	4.24393782426314	0	0
Y57A10A.13	lact-5	21.852	4.8196738907831	0	0
Y57A10A.13	lact-6	22.686	5.95281441734196	0	0
Y57A10A.13	lact-7	26.44	1.37203911854895	0	0
Y57A10A.13	lact-8	25.84	4.89646676260316	0	0
Y57A10A.13	lact-9	18.96	3.54044017865789	0	0
Y57A10A.13	lad-2	20.314	11.3889610307848	0	0
Y57A10A.13	laf-1	16.876	33.4140582113296	0	0
Y57A10A.13	lag-1	9.734	61.6462310673018	0	0
Y57A10A.13	lag-2	20.86	11.5104155175018	0	0
Y57A10A.13	lagr-1	14.988	33.9459945639999	0	0
Y57A10A.13	lam-1	28.318	13.5046530066569	0	0
Y57A10A.13	lam-2	25.876	13.9969643582993	0	0
Y57A10A.13	lap-1	23.624	7.27910699397808	0	0
Y57A10A.13	lap-2	26.124	5.40734419354325	0	0
Y57A10A.13	larp-1	24.418	7.5306601225154	0	0
Y57A10A.13	larp-5	20.696	3.01431643288204	0	0
Y57A10A.13	lars-1	23.66	17.9300332521648	0	0
Y57A10A.13	lars-2	27.052	2.35269517183856	0	0
Y57A10A.13	lat-1	10.316	8.24321934359079	0	0
Y57A10A.13	lat-2	22.99	17.6035159073505	0	0
Y57A10A.13	latd-1	12.588	18.6864304185691	0	0
Y57A10A.13	lbp-1	5.054	2.59344081959809	0	0
Y57A10A.13	lbp-2	23.502	13.4055930807039	0	0
Y57A10A.13	lbp-3	24.21	13.8849843033357	0	0
Y57A10A.13	lbp-4	22.09	12.496678388706	0	0
Y57A10A.13	lbp-5	18.988	1.29773691436793	0	0
Y57A10A.13	lbp-6	27.716	3.29464181047391	0	0
Y57A10A.13	lbp-7	27.918	5.34218854354636	0	0
Y57A10A.13	lbp-8	24.124	3.79789473440329	0	0
Y57A10A.13	lbp-9	20.67	32.8549906308243	0	0
Y57A10A.13	lcmt-1	21.35	6.81953380203018	0	0
Y57A10A.13	ldb-1	15.722	2.87048802714288	0	0
Y57A10A.13	ldh-1	21.642	2.13136487393432	0	0
Y57A10A.13	ldp-1	22.74	4.84478112060921	0	0
Y57A10A.13	lea-1	24.22	11.2858460313443	0	0
Y57A10A.13	lec-1	24.196	2.67900862944159	0	0
Y57A10A.13	lec-10	23.568	14.1881176132105	0	0
Y57A10A.13	lec-11	19.516	9.04437673553673	0	0
Y57A10A.13	lec-12	26.514	5.41519762879968	0	0
Y57A10A.13	lec-2	25.214	8.27530501262077	0	0
Y57A10A.13	lec-3	24.724	8.02986370832304	0	0
Y57A10A.13	lec-4	18.368	7.51399324558807	0	0
Y57A10A.13	lec-5	27.09	1.58558372793758	0	0
Y57A10A.13	lec-6	25.578	7.07706334590577	0	0
Y57A10A.13	lec-7	24.01	3.92344484834009	0	0
Y57A10A.13	lec-8	24.556	5.31283074705501	0	0
Y57A10A.13	lec-9	25.692	3.18707117020794	0	0
Y57A10A.13	lect-2	22.886	2.05379670457973	0	0
Y57A10A.13	lelo-1	19.272	20.2310704909827	0	0
Y57A10A.13	lelo-3	27.496	1.79476137800556	0	0
Y57A10A.13	lelo-4	10.138	8.73312617662891	0	0
Y57A10A.13	lem-2	22.488	6.39255138470927	0	0
Y57A10A.13	lem-3	23.108	6.40853760866133	0	0
Y57A10A.13	lem-4	20.314	10.3492132194403	0	0
Y57A10A.13	leo-1	16.536	12.8333856332558	0	0
Y57A10A.13	lep-2	22.982	8.05309374827777	0	0
Y57A10A.13	let-2	20.854	4.64676130747629	0	0
Y57A10A.13	let-23	26.322	6.60614817620082	0	0
Y57A10A.13	let-268	26.808	1.02950287310034	0	0
Y57A10A.13	let-355	23.472	2.02501033094927	0	0
Y57A10A.13	let-381	19.614	7.81549827414876	0	0
Y57A10A.13	let-383	8.44	2.59042785652553	0	0
Y57A10A.13	let-391	21.898	3.25456691791586	0	0
Y57A10A.13	let-4	20.528	5.29162237145843	0	0
Y57A10A.13	let-413	10.706	12.2830273900733	0	0
Y57A10A.13	let-418	24.894	8.46091314404463	0	0
Y57A10A.13	let-49	26.012	1.72492300972568	0	0
Y57A10A.13	let-502	28.406	2.73805696085082	0	0
Y57A10A.13	let-504	13.19	50.0812526210096	0	0
Y57A10A.13	let-522	21.85	11.1836823252519	0	0
Y57A10A.13	let-526	24.688	8.56010881184333	0	0
Y57A10A.13	let-60	23.18	15.9845234879671	0	0
Y57A10A.13	let-607	13.804	19.9247646639682	0	0
Y57A10A.13	let-611	4.412	2.14065620183456	1	1
Y57A10A.13	let-630	28.596	1.43218817989457	0	0
Y57A10A.13	let-653	13.762	8.77781197094286	0	0
Y57A10A.13	let-70	25.042	2.72648523086124	0	0
Y57A10A.13	let-716	24.842	14.3460915292621	0	0
Y57A10A.13	let-721	21.406	2.5357297256942	0	0
Y57A10A.13	let-754	23.964	6.84389133889239	0	0
Y57A10A.13	let-756	19.196	3.36433273405515	0	0
Y57A10A.13	let-765	23.988	7.87487995730853	0	0
Y57A10A.13	let-767	24.502	4.64223372913804	0	0
Y57A10A.13	let-858	18.912	22.8344802259364	0	0
Y57A10A.13	let-92	18.116	24.215760491185	0	0
Y57A10A.13	let-99	7.352	3.21358223345195	0	0
Y57A10A.13	letm-1	23.682	7.75436094340615	0	0
Y57A10A.13	lev-1	23.062	5.19978629872132	0	0
Y57A10A.13	lev-10	20.648	17.8387755571216	0	0
Y57A10A.13	lev-11	22.458	10.4564142571048	0	0
Y57A10A.13	lev-8	5.972	1.3979659386967	0	0
Y57A10A.13	lev-9	19.572	1.36544658571842	0	0
Y57A10A.13	lex-1	24.018	14.3199102522195	0	0
Y57A10A.13	lfe-2	21.86	8.03113132991004	0	0
Y57A10A.13	lgc-1	24.822	3.36635080157655	0	0
Y57A10A.13	lgc-10	18.33	1.91760392480326	0	0
Y57A10A.13	lgc-11	23.91	6.06426397670995	0	0
Y57A10A.13	lgc-12	27.058	3.83527075477067	0	0
Y57A10A.13	lgc-13	24.888	4.05553427116998	0	0
Y57A10A.13	lgc-14	26.84	2.42419343378055	0	0
Y57A10A.13	lgc-15	26.54	4.81170986898103	0	0
Y57A10A.13	lgc-16	13.396	4.59277334659362	0	0
Y57A10A.13	lgc-17	21.282	6.10215604135284	0	0
Y57A10A.13	lgc-18	16.122	3.45168098638907	0	0
Y57A10A.13	lgc-19	24.732	0.948851613444932	0	0
Y57A10A.13	lgc-20	22.664	8.10513835470476	0	0
Y57A10A.13	lgc-21	26.19	1.22034798125215	0	0
Y57A10A.13	lgc-22	23.516	5.72733776077705	0	0
Y57A10A.13	lgc-23	25.286	2.44917341478482	0	0
Y57A10A.13	lgc-24	26.778	3.52020281589321	0	0
Y57A10A.13	lgc-25	25.586	6.8593924763097	0	0
Y57A10A.13	lgc-26	26	1.84294593087861	0	0
Y57A10A.13	lgc-27	26.366	7.27037230457276	0	0
Y57A10A.13	lgc-28	22.658	2.03961666306734	0	0
Y57A10A.13	lgc-29	21.882	3.16210619500702	0	0
Y57A10A.13	lgc-30	26.922	1.09509687313221	0	0
Y57A10A.13	lgc-31	21.04	5.15908862859933	0	0
Y57A10A.13	lgc-32	23.76	10.0202385780306	0	0
Y57A10A.13	lgc-33	26.89	2.64365837361237	0	0
Y57A10A.13	lgc-34	24.744	2.66357545072946	0	0
Y57A10A.13	lgc-35	25.068	7.84379805316456	0	0
Y57A10A.13	lgc-36	22.962	2.82697581765787	0	0
Y57A10A.13	lgc-37	16.984	4.05145330964972	0	0
Y57A10A.13	lgc-38	27.806	2.82325768203083	0	0
Y57A10A.13	lgc-39	27.316	4.54592500027019	0	0
Y57A10A.13	lgc-4	27.068	9.69321952052742	0	0
Y57A10A.13	lgc-40	23.206	8.58513984449363	0	0
Y57A10A.13	lgc-41	26.048	4.74558914700762	0	0
Y57A10A.13	lgc-42	26.774	2.7737755214608	0	0
Y57A10A.13	lgc-43	25.002	11.7163115189279	0	0
Y57A10A.13	lgc-44	26.848	7.76196134098657	0	0
Y57A10A.13	lgc-45	23.732	2.12394053843651	0	0
Y57A10A.13	lgc-46	25.468	5.53645681826818	0	0
Y57A10A.13	lgc-47	23.722	15.8193030102329	0	0
Y57A10A.13	lgc-48	28.492	2.01626306386232	0	0
Y57A10A.13	lgc-49	28.182	3.56486123236295	0	0
Y57A10A.13	lgc-5	21.654	8.50458833334463	0	0
Y57A10A.13	lgc-50	28.024	1.51279528706304	0	0
Y57A10A.13	lgc-51	22.822	15.2973270047172	0	0
Y57A10A.13	lgc-52	26.746	5.19519594277575	0	0
Y57A10A.13	lgc-53	20.984	1.84340627024855	0	0
Y57A10A.13	lgc-54	22.27	11.3508533546763	0	0
Y57A10A.13	lgc-55	25.574	8.23533827507385	0	0
Y57A10A.13	lgc-56	19.818	3.69807604834453	0	0
Y57A10A.13	lgc-58	16.33	1.305511672096	0	0
Y57A10A.13	lgc-6	24.436	2.11470558083426	0	0
Y57A10A.13	lgc-7	27.784	3.10727385468053	0	0
Y57A10A.13	lgc-8	17.008	2.36371060680246	0	0
Y57A10A.13	lgc-9	24.22	3.3817272202812	0	0
Y57A10A.13	lge-1	27.79	3.77001774248232	0	0
Y57A10A.13	lgg-1	25.316	1.66386635230946	0	0
Y57A10A.13	lgg-2	18.834	6.09241259311928	0	0
Y57A10A.13	lgg-3	25.602	2.01040464930517	0	0
Y57A10A.13	lgl-1	23.722	10.3736071862823	0	0
Y57A10A.13	lgmn-1	23.72	2.64021388058199	0	0
Y57A10A.13	lgx-1	23.334	4.19184777057362	0	0
Y57A10A.13	lhfp-4	21.006	5.85533440153428	0	0
Y57A10A.13	lhpp-1	22.244	10.8153666020463	0	0
Y57A10A.13	lias-1	19.218	11.874393974834	0	0
Y57A10A.13	lid-1	21.54	4.32764566526166	0	0
Y57A10A.13	lido-1	24.536	3.51234446219819	0	0
Y57A10A.13	lido-10	17.972	5.14642895849894	0	0
Y57A10A.13	lido-11	7.376	4.80153172920971	0	0
Y57A10A.13	lido-12	19.446	15.5417013065063	0	0
Y57A10A.13	lido-13	21.714	0.766201873190949	0	0
Y57A10A.13	lido-14	22.118	10.752028764175	0	0
Y57A10A.13	lido-15	25.394	12.3494266079725	0	0
Y57A10A.13	lido-16	24.028	3.73606885037041	0	0
Y57A10A.13	lido-17	27.06	2.28179767834968	0	0
Y57A10A.13	lido-18	27.626	3.93646539842001	0	0
Y57A10A.13	lido-2	10.254	1.87284632481495	0	0
Y57A10A.13	lido-4	22.18	16.6915928525097	0	0
Y57A10A.13	lido-5	23.778	3.96589761380616	0	0
Y57A10A.13	lido-6	25.41	9.74771041046898	0	0
Y57A10A.13	lido-7	12.65	39.8763888595322	0	0
Y57A10A.13	lido-8	22.388	5.180326644741	0	0
Y57A10A.13	lido-9	15.794	6.11025960878551	0	0
Y57A10A.13	lig-1	17.078	34.8624873129438	0	0
Y57A10A.13	lig-4	27.056	1.14147149001018	0	0
Y57A10A.13	lim-4	24.774	7.15669767501362	0	0
Y57A10A.13	lim-6	19.282	4.60978539018686	0	0
Y57A10A.13	lim-7	13.502	50.8861858051557	0	0
Y57A10A.13	lim-8	23.174	4.525655805854	0	0
Y57A10A.13	lim-9	24.558	7.65390603189519	0	0
Y57A10A.13	lin-1	17.504	27.2933570898773	0	0
Y57A10A.13	lin-10	22.31	8.11771951427215	0	0
Y57A10A.13	lin-11	14.12	13.8901405255652	0	0
Y57A10A.13	lin-12	13.168	36.2234395103821	0	0
Y57A10A.13	lin-13	22.47	2.50825309852458	0	0
Y57A10A.13	lin-14	18.652	20.9502943893989	0	0
Y57A10A.13	lin-15A	23.968	1.95570343769915	0	0
Y57A10A.13	lin-15B	24.96	6.7352391865215	0	0
Y57A10A.13	lin-17	14.622	1.8713160263414	0	0
Y57A10A.13	lin-18	16.668	4.46095683132027	0	0
Y57A10A.13	lin-2	24.494	3.65362533986775	0	0
Y57A10A.13	lin-22	20.604	16.8674063917899	0	0
Y57A10A.13	lin-23	25.182	4.97888284389647	0	0
Y57A10A.13	lin-24	24.524	4.0071588044111	0	0
Y57A10A.13	lin-25	25.83	3.79621008084122	0	0
Y57A10A.13	lin-26	21.272	7.49287885645285	0	0
Y57A10A.13	lin-28	21.324	9.68977587233343	0	0
Y57A10A.13	lin-29	16.756	8.66981797648018	0	0
Y57A10A.13	lin-3	11.814	2.45806907878722	0	0
Y57A10A.13	lin-31	23.832	11.7453643408346	0	0
Y57A10A.13	lin-32	4.7	2.77820528876609	1	1
Y57A10A.13	lin-33	5.392	5.55358855539511	0	0
Y57A10A.13	lin-35	19.508	9.13262243548695	0	0
Y57A10A.13	lin-36	19.132	1.83029158796504	0	0
Y57A10A.13	lin-37	15.3	3.60722737948931	0	0
Y57A10A.13	lin-38	16.868	3.28782273300503	0	0
Y57A10A.13	lin-39	22.796	2.29048880512128	0	0
Y57A10A.13	lin-40	28.148	2.82635602510611	0	0
Y57A10A.13	lin-41	26.386	2.53166259002072	0	0
Y57A10A.13	lin-42	19.232	5.87590004210535	0	0
Y57A10A.13	lin-44	6.472	5.77551584778322	0	0
Y57A10A.13	lin-45	24.432	9.50166922108705	0	0
Y57A10A.13	lin-46	12.462	5.45227911472051	0	0
Y57A10A.13	lin-48	19.474	9.54585286188474	0	0
Y57A10A.13	lin-49	21.696	8.99985486591722	0	0
Y57A10A.13	lin-5	27.916	6.32538486449538	0	0
Y57A10A.13	lin-52	20.92	9.31043156188754	0	0
Y57A10A.13	lin-53	3.942	4.36592134310825	1	1
Y57A10A.13	lin-54	10.364	26.0208409446432	0	0
Y57A10A.13	lin-56	19.788	13.1905090326968	0	0
Y57A10A.13	lin-59	19.26	11.5244916100393	0	0
Y57A10A.13	lin-61	27.782	3.26672906922604	0	0
Y57A10A.13	lin-65	22.66	4.5668269340636	0	0
Y57A10A.13	lin-66	17.092	1.76657912100437	0	0
Y57A10A.13	lin-7	18.56	4.31657012733941	0	0
Y57A10A.13	lin-8	19.896	3.78107756010328	0	0
Y57A10A.13	lin-9	15.186	4.11539575242421	0	0
Y57A10A.13	lip-1	21.95	21.3146613076659	0	0
Y57A10A.13	lipl-1	26.778	3.19618277121588	0	0
Y57A10A.13	lipl-2	25.596	6.00860657303924	0	0
Y57A10A.13	lipl-3	25.756	1.92855737145309	0	0
Y57A10A.13	lipl-4	16.44	2.11850057995961	0	0
Y57A10A.13	lipl-5	25.436	2.60301427529991	0	0
Y57A10A.13	lipl-6	14.108	5.00868858081223	0	0
Y57A10A.13	lipl-7	24.182	3.43770656317769	0	0
Y57A10A.13	lipl-8	23.818	5.24287250134188	0	0
Y57A10A.13	lips-1	21.264	15.8730491736258	0	0
Y57A10A.13	lips-10	24.838	2.78199549269322	0	0
Y57A10A.13	lips-11	25.262	6.69763853326498	0	0
Y57A10A.13	lips-12	25.312	3.0045291175308	0	0
Y57A10A.13	lips-13	24.214	11.0607938778714	0	0
Y57A10A.13	lips-15	20.374	1.72018804115855	0	0
Y57A10A.13	lips-17	18.836	10.3541906939639	0	0
Y57A10A.13	lips-2	20.606	2.15659137405643	0	0
Y57A10A.13	lips-3	23.1	4.67592588727024	0	0
Y57A10A.13	lips-5	24	3.39052499212471	0	0
Y57A10A.13	lips-6	6.56	5.34624326730189	0	0
Y57A10A.13	lips-7	26.692	4.33175088336935	0	0
Y57A10A.13	lips-8	8.846	1.67215573928108	0	0
Y57A10A.13	lips-9	20.548	3.49424379248237	0	0
Y57A10A.13	lipt-1	27.47	7.26208038174584	0	0
Y57A10A.13	lir-1	22.324	9.83578808757857	0	0
Y57A10A.13	lir-2	21.748	14.5916521356037	0	0
Y57A10A.13	lir-3	23.818	1.48955253578767	0	0
Y57A10A.13	lis-1	22.408	8.38157220449759	0	0
Y57A10A.13	lit-1	21.38	2.76176762268186	0	0
Y57A10A.13	lite-1	19.35	3.08696320890296	0	0
Y57A10A.13	lmd-1	24.664	15.819941370926	0	0
Y57A10A.13	lmd-2	22.79	4.2423198759362	0	0
Y57A10A.13	lmd-3	18.76	16.0704782486077	0	0
Y57A10A.13	lmd-4	27.382	2.79749155769005	0	0
Y57A10A.13	lmd-5	27.24	1.34858815614698	0	0
Y57A10A.13	lmn-1	26.196	9.77809696485302	0	0
Y57A10A.13	lmp-1	22.462	6.5900637177347	0	0
Y57A10A.13	lmp-2	15.454	3.6919397174982	0	0
Y57A10A.13	lmtr-2	26.452	2.39355418812256	0	0
Y57A10A.13	lmtr-3	21.196	14.1306585565015	0	0
Y57A10A.13	lmtr-5	25.988	7.67892935336605	0	0
Y57A10A.13	lnkn-1	24.43	3.51966696225129	0	0
Y57A10A.13	lnp-1	23.864	3.47811796887533	0	0
Y57A10A.13	lntl-1	20.13	5.38200414307512	0	0
Y57A10A.13	lon-1	20.728	12.5132493501476	0	0
Y57A10A.13	lon-2	23.46	3.68718862210718	0	0
Y57A10A.13	lon-3	16.4	3.08876222973511	0	0
Y57A10A.13	lon-8	27.342	1.29292283534677	0	0
Y57A10A.13	lonp-1	19.312	40.5036072645332	0	0
Y57A10A.13	lonp-2	25.76	5.26542640633582	0	0
Y57A10A.13	lotr-1	9.276	3.11200259847332	0	0
Y57A10A.13	lpd-2	27.776	0.820031018289626	0	0
Y57A10A.13	lpd-5	21.314	9.97075103630886	0	0
Y57A10A.13	lpd-6	23.616	3.71068831722148	0	0
Y57A10A.13	lpd-7	22.546	3.34887085497425	0	0
Y57A10A.13	lpd-9	22.71	3.52529075220813	0	0
Y57A10A.13	lpin-1	24.198	10.1302167697134	0	0
Y57A10A.13	lpl-1	21.796	6.90273379044017	0	0
Y57A10A.13	lpr-1	20.896	24.413166657535	0	0
Y57A10A.13	lpr-2	24.34	2.46901219892219	0	0
Y57A10A.13	lpr-3	20.042	5.88693823573274	0	0
Y57A10A.13	lpr-4	21.006	7.66747744168265	0	0
Y57A10A.13	lpr-5	19.358	14.7027978030756	0	0
Y57A10A.13	lpr-6	25.326	4.278590640548	0	0
Y57A10A.13	lpr-7	13.088	7.20495586351255	0	0
Y57A10A.13	lrch-1	17.726	32.9222457923145	0	0
Y57A10A.13	lro-1	21.302	9.77321832394126	0	0
Y57A10A.13	lron-1	26.048	4.48081705950272	0	0
Y57A10A.13	lron-10	26.94	2.17759091294191	0	0
Y57A10A.13	lron-11	23.176	12.1370660075029	0	0
Y57A10A.13	lron-12	16.2	3.74793546786762	0	0
Y57A10A.13	lron-13	27.906	1.17889802282672	0	0
Y57A10A.13	lron-14	24.564	3.31162630290366	0	0
Y57A10A.13	lron-15	27.502	3.57369547019694	0	0
Y57A10A.13	lron-2	22.792	8.37079036803008	0	0
Y57A10A.13	lron-3	21.524	2.42673904703027	0	0
Y57A10A.13	lron-4	20.442	8.96647403166828	0	0
Y57A10A.13	lron-5	27.882	2.41238697436888	0	0
Y57A10A.13	lron-6	26.136	1.70136369677328	0	0
Y57A10A.13	lron-7	12.366	9.18517626578696	0	0
Y57A10A.13	lron-8	22.262	6.02411782248612	0	0
Y57A10A.13	lron-9	14.522	0.864747697339242	0	0
Y57A10A.13	lrpc-1	20.876	5.92287149246041	0	0
Y57A10A.13	lrpr-1	22.092	11.6690191198051	0	0
Y57A10A.13	lrr-1	25.85	4.14567734843407	0	0
Y57A10A.13	lrx-1	21.758	12.4145215840602	0	0
Y57A10A.13	lsd-1	24.516	12.4374642648932	0	0
Y57A10A.13	lsl-1	22.828	7.0589566745017	0	0
Y57A10A.13	lsm-1	17.796	11.593188610062	0	0
Y57A10A.13	lsm-3	24.982	8.62792423239752	0	0
Y57A10A.13	lsm-4	25.064	20.8883614353755	0	0
Y57A10A.13	lsm-5	12.464	2.99961196827197	0	0
Y57A10A.13	lsm-6	23.628	3.56986122737354	0	0
Y57A10A.13	lsm-7	22.338	14.4996090088275	0	0
Y57A10A.13	lsm-8	21.998	2.06609566766258	0	0
Y57A10A.13	lst-1	14.174	28.7259689760956	0	0
Y57A10A.13	lst-2	22.744	5.62026148200163	0	0
Y57A10A.13	lst-4	19.854	5.13251396606682	0	0
Y57A10A.13	lst-5	21.37	3.09446244592708	0	0
Y57A10A.13	lst-6	25.684	1.71723856119239	0	0
Y57A10A.13	lsy-12	23.568	2.70232109125676	0	0
Y57A10A.13	lsy-13	15.022	21.8406491473357	0	0
Y57A10A.13	lsy-2	24.8	7.56771159895468	0	0
Y57A10A.13	lsy-22	19.506	14.6592241593931	0	0
Y57A10A.13	lsy-27	25.47	6.78889960970038	0	0
Y57A10A.13	ltah-1.1	25.318	3.03263313778656	0	0
Y57A10A.13	ltah-1.2	28.102	1.76519262862814	0	0
Y57A10A.13	ltd-1	23.982	7.34359801169274	0	0
Y57A10A.13	luc-7l3	24.29	8.01367863452748	0	0
Y57A10A.13	lurp-1	21.782	9.12146121459577	0	0
Y57A10A.13	lurp-2	26.458	1.47606807140293	0	0
Y57A10A.13	lurp-3	23.662	3.37478836179016	0	0
Y57A10A.13	lurp-4	23.056	11.0371526650064	0	0
Y57A10A.13	lury-1	21.292	5.06780296519515	0	0
Y57A10A.13	lys-1	15.558	5.13509460291992	0	0
Y57A10A.13	lys-10	28.314	1.92631656231441	0	0
Y57A10A.13	lys-2	19.044	6.20047003476295	0	0
Y57A10A.13	lys-3	19.226	29.9206118365461	0	0
Y57A10A.13	lys-4	26.386	2.01071358923147	0	0
Y57A10A.13	lys-5	23.728	8.39303538055922	0	0
Y57A10A.13	lys-6	24.824	3.64489756762979	0	0
Y57A10A.13	lys-7	18.16	17.6705495481498	0	0
Y57A10A.13	lys-8	18.972	4.71378140337672	0	0
Y57A10A.13	lys-9	21.978	6.53455743152044	0	0
Y57A10A.13	maa-1	5.174	3.95291529264651	0	0
Y57A10A.13	mab-10	23.728	10.0453134327523	0	0
Y57A10A.13	mab-20	22.52	3.26957530780168	0	0
Y57A10A.13	mab-21	22.432	10.9469511618323	0	0
Y57A10A.13	mab-23	22.672	7.92970926405819	0	0
Y57A10A.13	mab-3	20.252	14.2025636130103	0	0
Y57A10A.13	mab-31	13.538	2.29781923592917	0	0
Y57A10A.13	mab-5	12.448	4.6034364998191	0	0
Y57A10A.13	mab-7	21.862	8.30754997376184	0	0
Y57A10A.13	mab-9	17.164	31.742096647937	0	0
Y57A10A.13	mac-1	5.502	3.9159035099679	0	0
Y57A10A.13	maco-1	24.028	5.66483509031837	0	0
Y57A10A.13	madd-2	24.764	11.1294202115342	0	0
Y57A10A.13	madd-3	24.372	9.91120099528755	0	0
Y57A10A.13	madd-4	23.7	21.1299321749898	0	0
Y57A10A.13	madf-1	18.874	39.5783905638992	0	0
Y57A10A.13	madf-10	22.996	2.94720337351348	0	0
Y57A10A.13	madf-11	20.336	9.81487709613393	0	0
Y57A10A.13	madf-2	9.22	84.6259828631015	0	0
Y57A10A.13	madf-3	22.218	11.2821366245735	0	0
Y57A10A.13	madf-4	22.816	14.3652026852709	0	0
Y57A10A.13	madf-5	22.178	13.8039536353726	0	0
Y57A10A.13	madf-6	20.996	3.39258008178069	0	0
Y57A10A.13	madf-8	25.134	5.38398582045269	0	0
Y57A10A.13	madf-9	14.558	2.81103850885483	0	0
Y57A10A.13	maea-1	24.038	15.0486080962916	0	0
Y57A10A.13	maf-1	20.738	8.77625243836258	0	0
Y57A10A.13	mafr-1	13.288	9.31280368338861	0	0
Y57A10A.13	mag-1	22.072	15.897285312024	0	0
Y57A10A.13	mage-1	23.726	14.172983079055	0	0
Y57A10A.13	magi-1	24.546	3.15024580599753	0	0
Y57A10A.13	magu-1	10.478	3.8527908928108	0	0
Y57A10A.13	magu-2	22.664	10.1214366615113	0	0
Y57A10A.13	magu-3	20.054	1.58733287416364	0	0
Y57A10A.13	magu-4	22.574	12.6304509339349	0	0
Y57A10A.13	mai-1	15.482	8.61552328182756	0	0
Y57A10A.13	mai-2	17.716	3.46019966246261	0	0
Y57A10A.13	mak-1	17.224	11.920080741847	0	0
Y57A10A.13	mak-2	24.38	3.4991084719802	0	0
Y57A10A.13	malt-1	19.164	3.50364617888846	0	0
Y57A10A.13	mam-1	24.028	3.67648382324309	0	0
Y57A10A.13	mam-2	28.506	1.51326005355144	0	0
Y57A10A.13	mam-3	25.186	6.04375192044313	0	0
Y57A10A.13	mam-4	9.532	0.754329752926879	0	0
Y57A10A.13	mam-5	18.878	9.65585845949197	0	0
Y57A10A.13	mam-6	24.812	6.21787827819929	0	0
Y57A10A.13	mam-7	20.798	6.51104741333441	0	0
Y57A10A.13	mam-8	21.352	10.2572064361342	0	0
Y57A10A.13	manf-1	26.172	10.7553928596707	0	0
Y57A10A.13	mans-1	26.124	2.27825847487552	0	0
Y57A10A.13	mans-2	23.862	1.14439309886246	0	0
Y57A10A.13	mans-3	14.848	1.07800705682742	0	0
Y57A10A.13	mans-4	23.69	2.98348886242387	0	0
Y57A10A.13	maoc-1	24.194	5.4872458968258	0	0
Y57A10A.13	map-1	3.506	2.72535748672932	1	1
Y57A10A.13	map-2	18.97	2.0121596925664	0	0
Y57A10A.13	maph-1.1	21.406	3.08795107835098	0	0
Y57A10A.13	maph-1.2	21.008	5.04461900570953	0	0
Y57A10A.13	maph-1.3	18.48	2.91178844152306	0	0
Y57A10A.13	maph-9	4.786	58.4824373842357	0	0
Y57A10A.13	mapk-15	24.326	3.07703090045471	0	0
Y57A10A.13	marb-1	28.136	5.79947896318046	0	0
Y57A10A.13	marc-1	17.222	2.09413649411682	0	0
Y57A10A.13	marc-2	17.532	1.00863138712674	0	0
Y57A10A.13	marc-3	19.096	14.9587563446448	0	0
Y57A10A.13	marc-4	16.514	1.57360633249772	0	0
Y57A10A.13	marc-5	19.346	2.51684387292441	0	0
Y57A10A.13	marc-6	19.356	9.39002915735518	0	0
Y57A10A.13	marg-1	15.242	5.33657177843845	0	0
Y57A10A.13	mars-1	10.232	4.11603966755431	0	0
Y57A10A.13	mat-1	26.006	4.40971766288842	0	0
Y57A10A.13	mat-2	28.992	1.54723897345552	0	0
Y57A10A.13	mat-3	20.258	2.51107911581605	0	0
Y57A10A.13	math-1	17.688	29.3365450150351	0	0
Y57A10A.13	math-10	21.22	14.7822701704527	0	0
Y57A10A.13	math-13	25.284	2.21671022985057	0	0
Y57A10A.13	math-14	19.722	24.4997686256698	0	0
Y57A10A.13	math-15	26.004	1.60471030907084	0	0
Y57A10A.13	math-16	11.172	4.30409423572659	0	0
Y57A10A.13	math-18	17.76	10.2441893138736	0	0
Y57A10A.13	math-19	17.916	32.4265821271383	0	0
Y57A10A.13	math-20	18.448	1.99329315712248	0	0
Y57A10A.13	math-21	26.796	1.70825671817228	0	0
Y57A10A.13	math-22	6.368	2.12259051370643	0	0
Y57A10A.13	math-23	24.372	3.35077835443598	0	0
Y57A10A.13	math-24	25.698	4.79453589235501	0	0
Y57A10A.13	math-25	26.766	1.12287789268298	0	0
Y57A10A.13	math-26	27.996	1.38262181506749	0	0
Y57A10A.13	math-28	26.24	8.15864816529755	0	0
Y57A10A.13	math-3	28.53	1.23997707334797	0	0
Y57A10A.13	math-31	15.732	2.88201296504889	0	0
Y57A10A.13	math-33	25.51	4.30213396031798	0	0
Y57A10A.13	math-34	28.02	3.0157558628477	0	0
Y57A10A.13	math-37	23.178	5.44870748697496	0	0
Y57A10A.13	math-38	27.43	1.40794542598086	0	0
Y57A10A.13	math-39	24.644	11.2931311066297	0	0
Y57A10A.13	math-4	27.776	3.88971533191756	0	0
Y57A10A.13	math-40	23.376	20.2781234179689	0	0
Y57A10A.13	math-41	19.596	10.2591373800183	0	0
Y57A10A.13	math-42	26.546	2.65297398959303	0	0
Y57A10A.13	math-44	6.962	1.82932725940051	0	0
Y57A10A.13	math-45	27.148	2.14489897962595	0	0
Y57A10A.13	math-46	9.526	2.63131567386527	0	0
Y57A10A.13	math-48	27.362	4.85370231808388	0	0
Y57A10A.13	math-49	24.138	11.6704180226284	0	0
Y57A10A.13	math-5	26.472	7.38138797046383	0	0
Y57A10A.13	math-6	25.778	10.6055273059054	0	0
Y57A10A.13	math-7	25.258	1.65110922720448	0	0
Y57A10A.13	math-8	24.938	2.72091809999486	0	0
Y57A10A.13	math-9	22.226	15.1663470290155	0	0
Y57A10A.13	mau-2	5.202	2.35201751928993	0	0
Y57A10A.13	mau-8	21.026	5.69726294684341	0	0
Y57A10A.13	max-1	21.204	12.8598306407801	0	0
Y57A10A.13	max-2	20.368	8.42879049634317	0	0
Y57A10A.13	mbd-2	24.132	3.70145736441747	0	0
Y57A10A.13	mbf-1	16.828	30.935355189708	0	0
Y57A10A.13	mbk-1	21.196	5.59506517644137	0	0
Y57A10A.13	mbk-2	22.528	10.6023965839673	0	0
Y57A10A.13	mbl-1	13.102	27.7516709457641	0	0
Y57A10A.13	mboa-1	18.414	3.08368197931939	0	0
Y57A10A.13	mboa-2	20.776	18.929940497023	0	0
Y57A10A.13	mboa-3	23.362	4.35128876173112	0	0
Y57A10A.13	mboa-4	21.45	5.20779517815689	0	0
Y57A10A.13	mboa-6	16.15	2.08099286400075	0	0
Y57A10A.13	mboa-7	21.596	2.38022352688433	0	0
Y57A10A.13	mbr-1	12.892	33.897496252751	0	0
Y57A10A.13	mbtr-1	8.724	4.8344592455177	0	0
Y57A10A.13	mca-1	28.012	2.36765300458745	0	0
Y57A10A.13	mca-2	27.166	1.7531720974363	0	0
Y57A10A.13	mca-3	25.196	5.02660366569857	0	0
Y57A10A.13	mcat-1	24.486	9.68505537283123	0	0
Y57A10A.13	mccc-1	27.214	1.81689273348864	0	0
Y57A10A.13	mccc-2	27.216	2.4139680341554	0	0
Y57A10A.13	mcd-1	17.568	0.987061905810253	0	0
Y57A10A.13	mce-1	16.128	3.72731015971925	0	0
Y57A10A.13	mcm-10	23.252	13.7508419672808	0	0
Y57A10A.13	mcm-2	19.734	7.71623212877277	0	0
Y57A10A.13	mcm-3	24.702	13.6952658964015	0	0
Y57A10A.13	mcm-3ap	26.008	7.93739250523585	0	0
Y57A10A.13	mcm-4	24.516	22.314897393892	0	0
Y57A10A.13	mcm-5	28.08	1.95577353529145	0	0
Y57A10A.13	mcm-6	27.444	9.09785005772616	0	0
Y57A10A.13	mcm-7	20.61	19.0492364429298	0	0
Y57A10A.13	mcp-1	17.766	20.8606347878332	0	0
Y57A10A.13	mcrs-1	23.476	3.56944033469247	0	0
Y57A10A.13	mct-2	12.418	0.816081562902769	0	0
Y57A10A.13	mct-3	13.556	4.02783136885738	0	0
Y57A10A.13	mct-4	23.096	4.89124251388503	0	0
Y57A10A.13	mct-5	24.006	3.59145995714122	0	0
Y57A10A.13	mct-6	23.918	1.99449358225312	0	0
Y57A10A.13	mctp-1	22.744	15.2078021886745	0	0
Y57A10A.13	mcu-1	25.732	5.78441433944702	0	0
Y57A10A.13	mdf-1	15.74	8.68223208889789	0	0
Y57A10A.13	mdf-2	27.006	2.4652122130962	0	0
Y57A10A.13	mdh-1	27.158	2.20459401438294	0	0
Y57A10A.13	mdh-2	27.17	2.64166178529139	0	0
Y57A10A.13	mdl-1	13.422	27.9204924177511	0	0
Y57A10A.13	mdmh-35	20.796	34.1818708354475	0	0
Y57A10A.13	mdss-1	26.366	4.21189749053786	0	0
Y57A10A.13	mdt-1.2	24.08	3.24917007215207	0	0
Y57A10A.13	mdt-10	17.5	7.27119000450632	0	0
Y57A10A.13	mdt-11	24.022	9.29567455384123	0	0
Y57A10A.13	mdt-15	9.74	14.3669315167589	0	0
Y57A10A.13	mdt-17	28.986	4.14851681911802	0	0
Y57A10A.13	mdt-18	18.576	2.74510856982676	0	0
Y57A10A.13	mdt-19	28.014	3.28121917531741	0	0
Y57A10A.13	mdt-20	26.176	3.07760142620593	0	0
Y57A10A.13	mdt-21	25.234	5.10297205135617	0	0
Y57A10A.13	mdt-22	5.368	1.48096921865513	0	0
Y57A10A.13	mdt-26	22.37	16.3604041129307	0	0
Y57A10A.13	mdt-27	12.86	3.99237874121102	0	0
Y57A10A.13	mdt-28	17.908	16.8236789502284	0	0
Y57A10A.13	mdt-29	11.738	32.4255372488464	0	0
Y57A10A.13	mdt-30	13.638	36.5577186537804	0	0
Y57A10A.13	mdt-31	21.434	31.6190919209223	0	0
Y57A10A.13	mdt-4	25.644	5.9272226388621	0	0
Y57A10A.13	mdt-6	21.578	6.27380399733327	0	0
Y57A10A.13	mdt-8	19.524	4.23473145588744	0	0
Y57A10A.13	mec-1	23.766	11.1104813381833	0	0
Y57A10A.13	mec-10	22.118	7.1115542319859	0	0
Y57A10A.13	mec-12	23.258	8.25916436472929	0	0
Y57A10A.13	mec-14	24.528	4.64975180316464	0	0
Y57A10A.13	mec-15	26.886	0.864552337767358	0	0
Y57A10A.13	mec-17	22.856	5.13008159551808	0	0
Y57A10A.13	mec-18	26.282	4.13100885821983	0	0
Y57A10A.13	mec-19	12.626	6.13713118434652	0	0
Y57A10A.13	mec-2	6.136	3.10205016015257	0	0
Y57A10A.13	mec-3	23.636	4.66703408687819	0	0
Y57A10A.13	mec-4	23.73	6.21401048164071	0	0
Y57A10A.13	mec-5	20.004	18.3136310149587	0	0
Y57A10A.13	mec-6	8.242	2.117891059024	0	0
Y57A10A.13	mec-7	21.312	7.88144437128452	0	0
Y57A10A.13	mec-8	24.104	10.6542421106847	0	0
Y57A10A.13	mec-9	19.83	17.5818509023533	0	0
Y57A10A.13	med-1	14.158	13.1037416924864	0	0
Y57A10A.13	med-2	18.712	11.2672167985545	0	0
Y57A10A.13	mef-2	17.808	12.6481410739466	0	0
Y57A10A.13	meg-1	22.116	6.30238936651096	0	0
Y57A10A.13	meg-2	22.158	3.81163795114209	0	0
Y57A10A.13	meg-3	22.512	6.41494739635661	0	0
Y57A10A.13	meg-4	22.656	10.7356483424662	0	0
Y57A10A.13	mei-1	22.602	10.7085892656042	0	0
Y57A10A.13	mei-2	13.796	2.06269825186666	0	0
Y57A10A.13	meic-1	16.702	19.0676408675287	0	0
Y57A10A.13	mek-1	14.17	8.56042892144301	0	0
Y57A10A.13	mek-2	24.482	3.16847532849818	0	0
Y57A10A.13	mek-5	25.244	5.98382264680014	0	0
Y57A10A.13	mekk-3	14.718	4.54550024747645	0	0
Y57A10A.13	mel-11	27.104	5.43812896275903	0	0
Y57A10A.13	mel-26	27.804	1.4295316492612	0	0
Y57A10A.13	mel-28	24.87	3.75885077222747	0	0
Y57A10A.13	mel-32	26.094	2.42475805225221	0	0
Y57A10A.13	mel-46	21.706	14.4948335013041	0	0
Y57A10A.13	melo-1	19.87	20.7397837215715	0	0
Y57A10A.13	melo-2	24.222	4.42425727632205	0	0
Y57A10A.13	melo-3	10.73	5.82870325232761	0	0
Y57A10A.13	memb-1	22.29	7.6344536491814	0	0
Y57A10A.13	memb-2	22.622	7.94846510863192	0	0
Y57A10A.13	memi-1	19.444	14.0069177871976	0	0
Y57A10A.13	memi-2	16.978	6.50920883556023	0	0
Y57A10A.13	memi-3	18.714	3.48515347920394	0	0
Y57A10A.13	memo-1	23.58	7.79786250582037	0	0
Y57A10A.13	men-1	27.402	5.66542593585949	0	0
Y57A10A.13	mep-1	18.052	3.73219506583073	0	0
Y57A10A.13	mes-1	17.734	2.4353850795108	0	0
Y57A10A.13	mes-2	26.442	2.04961579333663	0	0
Y57A10A.13	mes-3	25.174	11.9813221782099	0	0
Y57A10A.13	mes-4	26.06	2.72785777691622	0	0
Y57A10A.13	mes-6	27.552	2.93062787696388	0	0
Y57A10A.13	mesp-1	9.568	5.34428692780876	0	0
Y57A10A.13	met-1	25.026	9.39200236365546	0	0
Y57A10A.13	met-2	18.108	7.42446326932036	0	0
Y57A10A.13	metl-1	27.21	7.71468761946749	0	0
Y57A10A.13	metl-13	13.91	3.56747542079066	0	0
Y57A10A.13	metl-17	12.596	1.79429064293638	0	0
Y57A10A.13	metl-18	27.05	4.80932624560426	0	0
Y57A10A.13	metl-2	18.564	1.65970224212412	0	0
Y57A10A.13	metl-5	23.874	4.21450515049271	0	0
Y57A10A.13	metl-6	24.668	2.73136435378831	0	0
Y57A10A.13	metl-9	27.158	6.17573462701939	0	0
Y57A10A.13	metr-1	26.994	2.54058714916042	0	0
Y57A10A.13	mett-10	17.11	17.6776182028212	0	0
Y57A10A.13	mev-1	23.42	3.12210780400779	0	0
Y57A10A.13	mex-1	21.49	7.87829034344097	0	0
Y57A10A.13	mex-3	20.108	8.46928202502372	0	0
Y57A10A.13	mex-5	19.672	11.5097245474478	0	0
Y57A10A.13	mex-6	19.036	15.0894857507956	0	0
Y57A10A.13	mfap-1	19.018	3.92789653353763	0	0
Y57A10A.13	mfb-1	20.306	3.46927722378458	0	0
Y57A10A.13	mff-1	16.818	32.0843703575392	0	0
Y57A10A.13	mff-2	19.01	2.6576681912823	0	0
Y57A10A.13	mfn-1	14.906	0.698157023520608	0	0
Y57A10A.13	mfsc-1	21.812	6.72124922425314	0	0
Y57A10A.13	mfsd-10	24.332	3.98041396585481	0	0
Y57A10A.13	mfsd-11	14.56	4.31737346678891	0	0
Y57A10A.13	mfsd-12	23.506	2.05453467001323	0	0
Y57A10A.13	mfsd-13.1	13.524	2.53440961091573	0	0
Y57A10A.13	mfsd-13.2	24.422	5.78721712600574	0	0
Y57A10A.13	mfsd-6	20.614	9.7571449656274	0	0
Y57A10A.13	mfsd-8.1	18.516	26.3469118762904	0	0
Y57A10A.13	mfsd-8.2	20.244	6.30688324636705	0	0
Y57A10A.13	mfsd-8.3	22.454	7.45491458842463	0	0
Y57A10A.13	mfsd-8.4	16.15	2.76045735296084	0	0
Y57A10A.13	mfsd-8.5	23.28	21.3148251417238	0	0
Y57A10A.13	mgl-1	25.496	6.9335957806658	0	0
Y57A10A.13	mgl-2	26.552	3.86171795055925	0	0
Y57A10A.13	mgl-3	7.194	3.67061976769445	0	0
Y57A10A.13	mgrn-1	20.802	5.20052539457127	0	0
Y57A10A.13	mib-1	24.984	6.4221223115867	0	0
Y57A10A.13	mics-1	8.876	9.58552701048851	0	0
Y57A10A.13	micu-1	26.88	6.14757385203523	0	0
Y57A10A.13	micu-3	19.64	1.3080684906991	0	0
Y57A10A.13	mif-1	27.89	2.30743947734136	0	0
Y57A10A.13	mif-2	20.466	12.2167301122177	0	0
Y57A10A.13	mif-3	13.102	3.28566703612798	0	0
Y57A10A.13	mif-4	16.8	41.6274688072318	0	0
Y57A10A.13	mig-1	16.796	1.98298139957242	0	0
Y57A10A.13	mig-10	20.278	4.62892440390764	0	0
Y57A10A.13	mig-13	21.184	6.46624908341885	0	0
Y57A10A.13	mig-14	21.19	8.50911135927037	0	0
Y57A10A.13	mig-15	20.826	6.95206144586283	0	0
Y57A10A.13	mig-17	11.518	6.11866801508144	0	0
Y57A10A.13	mig-18	21.724	6.43655639752347	0	0
Y57A10A.13	mig-2	26.67	4.13070056849911	0	0
Y57A10A.13	mig-21	7.362	2.08094562222467	0	0
Y57A10A.13	mig-22	24.278	20.8847978660777	0	0
Y57A10A.13	mig-23	22.408	6.95989673192773	0	0
Y57A10A.13	mig-32	21.748	4.81030580005058	0	0
Y57A10A.13	mig-38	21.218	8.10374871109614	0	0
Y57A10A.13	mig-39	18.724	5.7395679105395	0	0
Y57A10A.13	mig-5	21.016	7.86330686631422	0	0
Y57A10A.13	mig-6	19.974	1.33993098511275	0	0
Y57A10A.13	miga-1	20.404	7.89164461025302	0	0
Y57A10A.13	mihp-1	9.45	4.23478789497646	0	0
Y57A10A.13	mihp-2	18.028	4.39773722117882	0	0
Y57A10A.13	mina-1	23.146	8.61693108195684	0	0
Y57A10A.13	mip-1	13.972	3.33880323803467	0	0
Y57A10A.13	mip-2	5.45	3.8092733012893	0	0
Y57A10A.13	miro-1	14.936	1.39848657469587	0	0
Y57A10A.13	mis-12	6.232	4.91496319061958	0	0
Y57A10A.13	misc-1	19.21	8.97082904777898	0	0
Y57A10A.13	mix-1	27.704	4.56877342340485	0	0
Y57A10A.13	miz-1	19.694	1.99702337423754	0	0
Y57A10A.13	mjl-1	18.3	1.30061532627453	0	0
Y57A10A.13	mkk-4	3.502	1.79919862958576	1	1
Y57A10A.13	mks-1	26.344	6.54292287187345	0	0
Y57A10A.13	mks-2	3.694	4.92735470411763	1	1
Y57A10A.13	mks-3	21.282	10.7437057307514	0	0
Y57A10A.13	mks-5	25.668	6.57302204980167	0	0
Y57A10A.13	mks-6	17.662	4.1856523050279	0	0
Y57A10A.13	mksr-1	19.16	0.691421779722951	0	0
Y57A10A.13	mksr-2	22.19	4.72735251624817	0	0
Y57A10A.13	mlc-1	17.078	4.43828888451587	0	0
Y57A10A.13	mlc-2	20.758	6.11588470984829	0	0
Y57A10A.13	mlc-3	19.992	7.67309205295413	0	0
Y57A10A.13	mlc-4	17.906	2.22219939861489	0	0
Y57A10A.13	mlc-5	17.952	5.27212158296707	0	0
Y57A10A.13	mlc-6	20.294	5.87234665778068	0	0
Y57A10A.13	mlc-7	22.46	6.89921841022104	0	0
Y57A10A.13	mlcd-1	25.102	7.44286001115752	0	0
Y57A10A.13	mlck-1	27.264	3.20549104447591	0	0
Y57A10A.13	mlh-1	18.372	5.86645310883354	0	0
Y57A10A.13	mlk-1	23.014	4.69627456836447	0	0
Y57A10A.13	mlp-1	17.698	6.14141970735105	0	0
Y57A10A.13	mls-1	25.738	7.00801898228482	0	0
Y57A10A.13	mls-2	17.994	15.4092404040637	0	0
Y57A10A.13	mlst-8	24.07	4.23060830577939	0	0
Y57A10A.13	mlt-10	20.35	3.03337825675568	0	0
Y57A10A.13	mlt-2	23.52	8.45072972825298	0	0
Y57A10A.13	mlt-3	18.95	5.02318127236401	0	0
Y57A10A.13	mlt-4	26.044	7.24386486632102	0	0
Y57A10A.13	mlt-7	15.192	6.34211192040136	0	0
Y57A10A.13	mlt-8	25.772	2.65974950038243	0	0
Y57A10A.13	mlt-9	21.136	6.78574464288386	0	0
Y57A10A.13	mltn-1	5.75	3.29747569145366	0	0
Y57A10A.13	mltn-10	24.58	9.47946968043557	0	0
Y57A10A.13	mltn-11	25.884	4.11524541753441	0	0
Y57A10A.13	mltn-12	22.936	5.77859779832671	0	0
Y57A10A.13	mltn-13	25.148	1.87767215202038	0	0
Y57A10A.13	mltn-2	22.882	2.51799833129689	0	0
Y57A10A.13	mltn-3	26.266	4.46227931559573	0	0
Y57A10A.13	mltn-5	26.99	2.10815240399056	0	0
Y57A10A.13	mltn-6	16.572	8.9674884802627	0	0
Y57A10A.13	mltn-7	22.078	3.4364355926963	0	0
Y57A10A.13	mltn-8	13.382	12.5975154205947	0	0
Y57A10A.13	mltn-9	23.122	6.10371429112599	0	0
Y57A10A.13	mma-1	15.056	1.55382862545141	0	0
Y57A10A.13	mmaa-1	27.136	2.08782049152763	0	0
Y57A10A.13	mmab-1	24.83	2.69804820369621	0	0
Y57A10A.13	mmad-1	12.652	4.16528186082351	0	0
Y57A10A.13	mmcm-1	24.56	5.43097645523807	0	0
Y57A10A.13	mml-1	23.604	4.69042074363489	0	0
Y57A10A.13	mms-19	26.756	2.01262487240043	0	0
Y57A10A.13	mnat-1	27.088	6.48387231097265	0	0
Y57A10A.13	mnk-1	17.452	22.9870381326315	0	0
Y57A10A.13	mnm-2	24.214	17.1934067099726	0	0
Y57A10A.13	mnp-1	19.652	3.58035878815759	0	0
Y57A10A.13	mnr-1	27.614	2.93760586361588	0	0
Y57A10A.13	moa-1	24.462	4.88452070641279	0	0
Y57A10A.13	moa-2	16.688	13.0224922259058	0	0
Y57A10A.13	moag-4	22.136	6.98397265105255	0	0
Y57A10A.13	mob-1	23.126	8.816289331778	0	0
Y57A10A.13	mob-2	18.03	20.4602529110101	0	0
Y57A10A.13	mob-3	24.288	5.34755782438648	0	0
Y57A10A.13	mob-4	24.262	13.4004543451347	0	0
Y57A10A.13	moc-1	22.342	1.34328459399472	0	0
Y57A10A.13	moc-2	24.936	5.19554721793504	0	0
Y57A10A.13	moc-3	26.264	2.08155340399267	0	0
Y57A10A.13	moc-5	24.29	4.4654831089426	0	0
Y57A10A.13	moc-6	19.52	4.23271701452472	0	0
Y57A10A.13	mocs-1	26.038	5.68220950276148	0	0
Y57A10A.13	mod-1	22.16	12.1635824444395	0	0
Y57A10A.13	mod-5	24.27	4.24502247917773	0	0
Y57A10A.13	moe-3	15.814	26.6506762004621	0	0
Y57A10A.13	mog-1	19.256	1.51521841360194	0	0
Y57A10A.13	mog-2	10.806	5.91995994994903	0	0
Y57A10A.13	mog-3	19.742	10.7395065718061	0	0
Y57A10A.13	mog-4	25.07	5.41725288325585	0	0
Y57A10A.13	mog-5	23.646	5.18955701072756	0	0
Y57A10A.13	mog-7	21.598	13.7359247090926	0	0
Y57A10A.13	mogs-1	26.97	1.92628479167379	0	0
Y57A10A.13	molo-1	24.334	4.01685294922461	0	0
Y57A10A.13	mom-1	10.88	7.54488667462663	0	0
Y57A10A.13	mom-2	19.506	6.65362413722601	0	0
Y57A10A.13	mom-4	4.804	5.51053858710218	1	1
Y57A10A.13	mom-5	24.306	1.18228980789727	0	0
Y57A10A.13	moma-1	19.478	27.3144194628388	0	0
Y57A10A.13	mon-2	15.6	0.878930076974494	0	0
Y57A10A.13	mop-25.1	12.15	4.39694169191542	0	0
Y57A10A.13	mop-25.2	7.724	5.64970040684968	0	0
Y57A10A.13	mop-25.3	5.788	3.68412158599108	0	0
Y57A10A.13	morc-1	27.382	1.31939054170573	0	0
Y57A10A.13	mpc-1	22.656	6.95979021450288	0	0
Y57A10A.13	mpc-2	26.798	2.60270920909339	0	0
Y57A10A.13	mpdu-1	9.496	1.75045010663796	0	0
Y57A10A.13	mpk-1	20.434	14.0293774242834	0	0
Y57A10A.13	mpk-2	21.58	6.49410492728632	0	0
Y57A10A.13	mppa-1	28.658	1.83492110446661	0	0
Y57A10A.13	mppb-1	22.592	3.08678503308491	0	0
Y57A10A.13	mppe-1	22.972	9.46368892588699	0	0
Y57A10A.13	mps-1	17.406	3.02306032757762	0	0
Y57A10A.13	mps-2	16.798	6.88945075450936	0	0
Y57A10A.13	mps-3	20.68	5.43891026336613	0	0
Y57A10A.13	mps-4	17.692	9.0291753602004	0	0
Y57A10A.13	mpst-1	25.142	4.17082043842987	0	0
Y57A10A.13	mpst-2	20.248	1.43878191066498	0	0
Y57A10A.13	mpst-3	23.2	22.9230119489852	0	0
Y57A10A.13	mpst-4	25.374	2.82597720520354	0	0
Y57A10A.13	mpst-6	22.756	2.66101722779515	0	0
Y57A10A.13	mpst-7	21.712	9.25006892497399	0	0
Y57A10A.13	mpz-3	19.914	8.07622951232718	0	0
Y57A10A.13	mpz-4	26.494	6.1492442655978	0	0
Y57A10A.13	mpz-5	12.474	1.71057880049774	0	0
Y57A10A.13	mpz-6	20.196	4.15711685079305	0	0
Y57A10A.13	mrck-1	11.362	2.9952770254331	0	0
Y57A10A.13	mre-11	16.252	2.65489919440339	0	0
Y57A10A.13	mrg-1	22.394	11.225674212256	0	0
Y57A10A.13	mrpl-1	28.018	0.460819309631792	0	0
Y57A10A.13	mrpl-10	29.33	1.01457047503352	0	0
Y57A10A.13	mrpl-11	22.526	8.16077157984536	0	0
Y57A10A.13	mrpl-12	26.812	5.55536055835737	0	0
Y57A10A.13	mrpl-13	29.398	2.00886973147285	0	0
Y57A10A.13	mrpl-15	27.758	4.23530513036906	0	0
Y57A10A.13	mrpl-16	25.894	4.71322523629749	0	0
Y57A10A.13	mrpl-17	25.504	1.68887992157576	0	0
Y57A10A.13	mrpl-18	27.128	1.10506950396651	0	0
Y57A10A.13	mrpl-19	22.754	4.60321643554138	0	0
Y57A10A.13	mrpl-2	28.312	1.40915919394928	0	0
Y57A10A.13	mrpl-20	26.462	6.03549626037917	0	0
Y57A10A.13	mrpl-21	25.764	2.07347343834338	0	0
Y57A10A.13	mrpl-22	27.93	2.07708305024434	0	0
Y57A10A.13	mrpl-23	18.986	1.17692098477566	0	0
Y57A10A.13	mrpl-24	28.106	3.06135456460859	0	0
Y57A10A.13	mrpl-28	28.572	0.989744065845068	0	0
Y57A10A.13	mrpl-30	25.14	4.3923700132923	0	0
Y57A10A.13	mrpl-32	8.922	1.43841624991307	0	0
Y57A10A.13	mrpl-34	26.3	4.30279841777442	0	0
Y57A10A.13	mrpl-35	27.824	1.90425387567987	0	0
Y57A10A.13	mrpl-36	24.542	3.77068949181677	0	0
Y57A10A.13	mrpl-37	28.404	2.14174767311137	0	0
Y57A10A.13	mrpl-38	28.132	9.54014980365351	0	0
Y57A10A.13	mrpl-39	18.718	2.92847226695727	0	0
Y57A10A.13	mrpl-4	28.29	4.61899411289218	0	0
Y57A10A.13	mrpl-40	26.806	10.3484321457153	0	0
Y57A10A.13	mrpl-41	28.646	1.0401442743229	0	0
Y57A10A.13	mrpl-42	28.268	2.51035327015627	0	0
Y57A10A.13	mrpl-44	29.236	1.17211865273728	0	0
Y57A10A.13	mrpl-45	25.456	10.4919815349904	0	0
Y57A10A.13	mrpl-46	27.288	1.78297711809772	0	0
Y57A10A.13	mrpl-47	19.882	7.59950450806004	0	0
Y57A10A.13	mrpl-48	20.864	2.66161679315801	0	0
Y57A10A.13	mrpl-49	22.228	7.02757038767795	0	0
Y57A10A.13	mrpl-50	24.382	4.29916456675553	0	0
Y57A10A.13	mrpl-51	29.53	1.07860537139404	0	0
Y57A10A.13	mrpl-53	27.79	3.99732107290358	0	0
Y57A10A.13	mrpl-54	25.89	9.76466739360411	0	0
Y57A10A.13	mrpl-55	23.71	11.8002465262604	0	0
Y57A10A.13	mrpl-58	24.612	2.22271963205805	0	0
Y57A10A.13	mrpl-9	27.656	2.674826286361	0	0
Y57A10A.13	mrps-10	25.848	3.92002187835015	0	0
Y57A10A.13	mrps-11	27.5	2.33308932214864	0	0
Y57A10A.13	mrps-12	23.08	17.7285168238785	0	0
Y57A10A.13	mrps-14	28.894	0.503085824194396	0	0
Y57A10A.13	mrps-15	12.55	1.00316161848719	0	0
Y57A10A.13	mrps-16	25.526	5.80909025492188	0	0
Y57A10A.13	mrps-17	28.372	2.51180736012213	0	0
Y57A10A.13	mrps-18.c	26.526	2.51194391270327	0	0
Y57A10A.13	mrps-18C	28.37	2.67215264171505	0	0
Y57A10A.13	mrps-18a	24.752	4.80738674589695	0	0
Y57A10A.13	mrps-18b	27.49	2.13340307657118	0	0
Y57A10A.13	mrps-2	29.06	1.45039734450844	0	0
Y57A10A.13	mrps-21	19.768	4.86599331828329	0	0
Y57A10A.13	mrps-22	27.176	2.93301407877022	0	0
Y57A10A.13	mrps-23	9.45	4.3282881134852	0	0
Y57A10A.13	mrps-24	22.834	2.61056157445846	0	0
Y57A10A.13	mrps-25	28.13	4.85367502949308	0	0
Y57A10A.13	mrps-26	28.452	2.35030124048627	0	0
Y57A10A.13	mrps-27	28.17	1.87186533947245	0	0
Y57A10A.13	mrps-28	22.656	6.23357301017705	0	0
Y57A10A.13	mrps-30	24.448	9.20813204451137	0	0
Y57A10A.13	mrps-31	28.342	3.33314459087498	0	0
Y57A10A.13	mrps-33	23.898	9.39963035916346	0	0
Y57A10A.13	mrps-34	28.888	5.63761591682468	0	0
Y57A10A.13	mrps-35	28.302	4.05204089903516	0	0
Y57A10A.13	mrps-5	28.126	3.36505919594571	0	0
Y57A10A.13	mrps-6	25.172	8.20687260460684	0	0
Y57A10A.13	mrps-7	25.942	2.47446915080836	0	0
Y57A10A.13	mrps-9	29.534	1.02493558727621	0	0
Y57A10A.13	mrrf-1	25.18	5.75477130205189	0	0
Y57A10A.13	mrt-1	21.624	10.527682643703	0	0
Y57A10A.13	mrt-2	25.784	5.44048952676307	0	0
Y57A10A.13	msa-1	27.972	1.65213908021521	0	0
Y57A10A.13	msd-2	27.24	3.42690191780175	0	0
Y57A10A.13	msh-2	26.126	5.37928953310415	0	0
Y57A10A.13	msh-5	20.578	25.8809122467428	0	0
Y57A10A.13	msh-6	8.42	2.41796592298127	0	0
Y57A10A.13	msi-1	19.25	2.38622006812589	0	0
Y57A10A.13	msp-10	27.972	1.90088019787872	0	0
Y57A10A.13	msp-152	27.13	4.13246522263383	0	0
Y57A10A.13	msp-19	26.474	7.71079150180983	0	0
Y57A10A.13	msp-3	21.93	21.448727705014	0	0
Y57A10A.13	msp-32	18.974	15.0185478697967	0	0
Y57A10A.13	msp-33	26.416	8.67347547991355	0	0
Y57A10A.13	msp-38	28.368	1.64841244334673	0	0
Y57A10A.13	msp-49	28.09	1.58048934712874	0	0
Y57A10A.13	msp-55	28.404	1.27512954721789	0	0
Y57A10A.13	msp-58	17.204	3.70313369681969	0	0
Y57A10A.13	msp-63	28.37	1.2745636046362	0	0
Y57A10A.13	msp-74	19.45	5.38841028548026	0	0
Y57A10A.13	msp-77	26.028	7.66813901093615	0	0
Y57A10A.13	msp-78	27.608	2.78568120833063	0	0
Y57A10A.13	mspn-1	23.252	5.77620108360909	0	0
Y57A10A.13	msra-1	22.786	5.23940538912113	0	0
Y57A10A.13	msrp-1	10.012	3.24525942466535	0	0
Y57A10A.13	msrp-2	10.396	3.12479620311721	0	0
Y57A10A.13	msrp-3	20.154	20.7036057462616	0	0
Y57A10A.13	msrp-4	24.53	6.40000154972162	0	0
Y57A10A.13	msrp-5	21.16	12.2057693395995	0	0
Y57A10A.13	msrp-6	13.24	58.4867018525568	0	0
Y57A10A.13	msrp-7	20.472	12.575399865833	0	0
Y57A10A.13	mstr-1	21.698	3.33127874923152	0	0
Y57A10A.13	mstr-2	22.222	17.5805648798417	0	0
Y57A10A.13	mtch-1	20.272	12.9464941210129	0	0
Y57A10A.13	mtcl-1	27.644	8.12167924359622	0	0
Y57A10A.13	mtcu-1	6.83	5.45179143833408	0	0
Y57A10A.13	mtcu-2	21.428	1.27438436275229	0	0
Y57A10A.13	mtd-1	25.042	2.90515713645254	0	0
Y57A10A.13	mter-4	22.64	3.6595529232472	0	0
Y57A10A.13	mtg-1	24.964	3.01107504549315	0	0
Y57A10A.13	mth-1	19.56	15.9034938064337	0	0
Y57A10A.13	mth-2	18.9	3.45883663280585	0	0
Y57A10A.13	mthf-1	24.162	8.48249901548405	0	0
Y57A10A.13	mtig-1	18.35	1.13070811559926	0	0
Y57A10A.13	mtk-1	24.216	8.58174525977867	0	0
Y57A10A.13	mtl-1	9.54	14.0095035687879	0	0
Y57A10A.13	mtl-2	10.478	9.59790925374323	0	0
Y57A10A.13	mtm-1	24.898	12.5366097115592	0	0
Y57A10A.13	mtm-10	27.424	5.47522568025333	0	0
Y57A10A.13	mtm-3	23.888	11.5441463476203	0	0
Y57A10A.13	mtm-5	27.722	2.62120282411133	0	0
Y57A10A.13	mtm-6	22.9	5.06540807019935	0	0
Y57A10A.13	mtm-9	25.172	5.73169408398311	0	0
Y57A10A.13	mtp-18	2.854	1.79689998667948	1	1
Y57A10A.13	mtpn-1	11.878	3.7145498710046	0	0
Y57A10A.13	mtq-2	19.498	8.66978590263676	0	0
Y57A10A.13	mtr-4	21.728	5.21036750749943	0	0
Y57A10A.13	mtre-1	25.648	6.2139726522645	0	0
Y57A10A.13	mtrr-1	12.774	4.92835021537045	0	0
Y57A10A.13	mtss-1	27.492	1.28843826327625	0	0
Y57A10A.13	mttu-1	23.6	3.27712532817208	0	0
Y57A10A.13	mtx-1	25.076	5.32292684222163	0	0
Y57A10A.13	mtx-2	21.264	6.08157443646681	0	0
Y57A10A.13	mua-6	26.416	4.23449396661495	0	0
Y57A10A.13	mul-1	22.654	2.77493351505136	0	0
Y57A10A.13	mup-2	17.844	21.7188788373647	0	0
Y57A10A.13	mup-4	24.362	13.2149598584519	0	0
Y57A10A.13	mus-101	20.622	1.80413337188565	0	0
Y57A10A.13	mus-81	22.72	7.53174744741778	0	0
Y57A10A.13	mut-14	25.11	7.04752182500156	0	0
Y57A10A.13	mut-15	16.75	31.4299866889211	0	0
Y57A10A.13	mut-16	22.584	3.02472198585187	0	0
Y57A10A.13	mut-7	22.226	5.08349859717219	0	0
Y57A10A.13	mutd-1	18.792	6.82152475633068	0	0
Y57A10A.13	mvb-12	13.148	2.3034157263726	0	0
Y57A10A.13	mvk-1	20.09	15.9383523673259	0	0
Y57A10A.13	mxl-1	14.504	8.26648091304295	0	0
Y57A10A.13	mxl-2	22.344	3.3517688027132	0	0
Y57A10A.13	mxl-3	19.19	14.3180106734593	0	0
Y57A10A.13	mxt-1	22.668	12.2309091217149	0	0
Y57A10A.13	myo-1	23.474	7.12939041670615	0	0
Y57A10A.13	myo-2	26.418	5.19837319065033	0	0
Y57A10A.13	myo-3	23.584	5.48036738984579	0	0
Y57A10A.13	myo-5	22.4	1.11294204127839	0	0
Y57A10A.13	myo-6	18.98	6.54613931888871	0	0
Y57A10A.13	myrf-1	14.726	4.43262282457942	0	0
Y57A10A.13	myrf-2	13.884	24.0730991217005	0	0
Y57A10A.13	mys-1	24.654	1.99259146067687	0	0
Y57A10A.13	mys-2	17.916	7.5263317208332	0	0
Y57A10A.13	mys-4	16.64	1.08256511626513	0	0
Y57A10A.13	mzt-1	22.56	11.4132539516036	0	0
Y57A10A.13	nab-1	24.326	6.0910763064273	0	0
Y57A10A.13	nabp-1	26.084	8.52470841620977	0	0
Y57A10A.13	nac-1	23.852	3.15435282437264	0	0
Y57A10A.13	nac-2	16.838	2.508950578534	0	0
Y57A10A.13	nac-3	16.55	2.76331844768075	0	0
Y57A10A.13	nadk-1	20.92	10.0689800680538	0	0
Y57A10A.13	nadk-2	20.704	16.0237821930454	0	0
Y57A10A.13	nanp-1	27.87	4.19046537348154	0	0
Y57A10A.13	nap-1	21.786	2.9766035288721	0	0
Y57A10A.13	nape-1	20.102	7.28017933365468	0	0
Y57A10A.13	nape-2	25.93	3.94753798777023	0	0
Y57A10A.13	nars-1	23.826	0.885179305059282	0	0
Y57A10A.13	nars-2	25.68	1.42812467452432	0	0
Y57A10A.13	nas-1	25.38	7.58842130924345	0	0
Y57A10A.13	nas-10	22.87	14.8022603665707	0	0
Y57A10A.13	nas-11	21.704	5.54519050286538	0	0
Y57A10A.13	nas-12	20.46	5.49097993138065	0	0
Y57A10A.13	nas-13	19.574	8.29774875957229	0	0
Y57A10A.13	nas-14	24.092	2.12508949843738	0	0
Y57A10A.13	nas-15	23.42	3.65465652032975	0	0
Y57A10A.13	nas-16	21.76	7.73295632676008	0	0
Y57A10A.13	nas-17	25.164	7.10648428633256	0	0
Y57A10A.13	nas-18	23.3	12.4477578013167	0	0
Y57A10A.13	nas-19	23.564	3.55180288678513	0	0
Y57A10A.13	nas-2	26.876	2.54086765827077	0	0
Y57A10A.13	nas-20	24.734	3.57625427922483	0	0
Y57A10A.13	nas-21	22.028	8.73586457782761	0	0
Y57A10A.13	nas-22	21.972	1.27044211340746	0	0
Y57A10A.13	nas-23	23.298	0.911223975554571	0	0
Y57A10A.13	nas-24	24.994	14.1156972877642	0	0
Y57A10A.13	nas-25	23.432	1.94761898738254	0	0
Y57A10A.13	nas-27	24.69	3.19929144425288	0	0
Y57A10A.13	nas-28	13.788	3.00588515145932	0	0
Y57A10A.13	nas-29	20.558	3.205524146164	0	0
Y57A10A.13	nas-3	20.264	21.8618357284363	0	0
Y57A10A.13	nas-30	21.5	4.15544369194271	0	0
Y57A10A.13	nas-31	24.444	2.90684455676602	0	0
Y57A10A.13	nas-32	19.064	3.17397592654779	0	0
Y57A10A.13	nas-33	14.414	4.80547754618292	0	0
Y57A10A.13	nas-36	22.554	18.7387236976876	0	0
Y57A10A.13	nas-37	21.272	10.9395568165597	0	0
Y57A10A.13	nas-38	21.304	1.74517908906245	0	0
Y57A10A.13	nas-39	20.338	34.7462602919879	0	0
Y57A10A.13	nas-4	21.656	3.44450663567746	0	0
Y57A10A.13	nas-5	18.56	6.88338502689685	0	0
Y57A10A.13	nas-6	22.504	3.00638758643964	0	0
Y57A10A.13	nas-7	21.664	7.78500647695116	0	0
Y57A10A.13	nas-8	5.948	2.50329416299504	0	0
Y57A10A.13	nas-9	20.336	4.50452592507146	0	0
Y57A10A.13	nasp-1	19.392	8.14225376895867	0	0
Y57A10A.13	nasp-2	19.368	13.5237429090127	0	0
Y57A10A.13	natb-1	18.016	1.67882220502963	0	0
Y57A10A.13	natc-1	22.676	0.988359954582984	0	0
Y57A10A.13	natc-2	17.376	1.68014373283189	0	0
Y57A10A.13	natc-3	25.204	9.21260635266909	0	0
Y57A10A.13	nath-10	26.736	7.57313848774159	0	0
Y57A10A.13	nbet-1	19.3	5.61584894766027	0	0
Y57A10A.13	nbs-1	18.632	10.3107484113652	0	0
Y57A10A.13	nca-2	23.73	3.77730183236718	0	0
Y57A10A.13	ncam-1	26.694	3.81930171170803	0	0
Y57A10A.13	ncap-1	23.454	3.93028057491389	0	0
Y57A10A.13	ncbp-1	23.064	11.6679760872168	0	0
Y57A10A.13	ncbp-2	25.362	9.65075853573244	0	0
Y57A10A.13	nceh-1	18.812	7.55991322458661	0	0
Y57A10A.13	nck-1	9.23	34.0933461644999	0	0
Y57A10A.13	ncl-1	27.11	3.32891492448189	0	0
Y57A10A.13	ncr-1	21.3	5.11952403339904	0	0
Y57A10A.13	ncr-2	8.198	3.69221710338017	0	0
Y57A10A.13	ncs-1	25.704	4.54829468584951	0	0
Y57A10A.13	ncs-2	23.926	12.7731220610156	0	0
Y57A10A.13	ncs-3	22.262	3.39602230903813	0	0
Y57A10A.13	ncs-4	19.35	5.43582292295981	0	0
Y57A10A.13	ncs-5	15.578	5.59574544489619	0	0
Y57A10A.13	ncs-6	19.154	5.04312760637411	0	0
Y57A10A.13	ncs-7	24.19	2.96795562677624	0	0
Y57A10A.13	ncx-1	26.628	1.74323066746061	0	0
Y57A10A.13	ncx-10	11.524	1.50874493097185	0	0
Y57A10A.13	ncx-2	26.312	4.7739170425545	0	0
Y57A10A.13	ncx-3	26.294	14.9468981599536	0	0
Y57A10A.13	ncx-4	17.488	1.62511798579646	0	0
Y57A10A.13	ncx-5	19.412	2.91828772984917	0	0
Y57A10A.13	ncx-6	5.432	27.5783395836702	0	0
Y57A10A.13	ncx-7	15.918	3.372375168878	0	0
Y57A10A.13	ncx-8	22.678	1.40429080486864	0	0
Y57A10A.13	ncx-9	22.732	5.53405940847888	0	0
Y57A10A.13	ndab-1	17.808	2.31714878567203	0	0
Y57A10A.13	ndab-2	20.278	9.84534633794267	0	0
Y57A10A.13	ndc-80	24.872	5.62590387656605	0	0
Y57A10A.13	ndfl-4	21.696	1.20571204027691	0	0
Y57A10A.13	ndg-4	15.446	1.35617982367227	0	0
Y57A10A.13	ndk-1	27.076	1.30149145876059	0	0
Y57A10A.13	ndnf-1	10.468	1.96172481851657	0	0
Y57A10A.13	ndua-1	27.26	4.16720379068489	0	0
Y57A10A.13	ndua-12	15.3	4.9921977657329	0	0
Y57A10A.13	ndua-13	28.89	0.930081609037342	0	0
Y57A10A.13	ndua-2	7.104	7.47623931461698	0	0
Y57A10A.13	ndua-7	29.232	1.69315969255097	0	0
Y57A10A.13	ndua-8	27.388	4.49942574320257	0	0
Y57A10A.13	ndub-10	27.856	1.34695078169832	0	0
Y57A10A.13	ndub-11	11.086	2.95725622480886	0	0
Y57A10A.13	ndub-3	5.73	3.89066261947783	0	0
Y57A10A.13	ndub-5	24.824	12.8121343855154	0	0
Y57A10A.13	ndub-6	28.106	4.47303534477042	0	0
Y57A10A.13	ndub-8	23.304	11.6256029782968	0	0
Y57A10A.13	nduc-2	20.452	11.5515034814442	0	0
Y57A10A.13	nduf-11	22.358	1.41098446395064	0	0
Y57A10A.13	nduf-2.2	22.268	13.9703226244179	0	0
Y57A10A.13	nduf-5	24.462	9.49542985367024	0	0
Y57A10A.13	nduf-6	23.272	6.86812112555968	0	0
Y57A10A.13	nduf-7	24.924	3.8897210890439	0	0
Y57A10A.13	nduf-9	25.904	4.65764223411287	0	0
Y57A10A.13	nduo-1	19.416	1.75098159746111	0	0
Y57A10A.13	nduo-2	23.596	2.91354852019765	0	0
Y57A10A.13	nduo-3	23.866	7.97602110286127	0	0
Y57A10A.13	nduo-4	21.822	7.32090046745318	0	0
Y57A10A.13	nduo-5	21.908	3.97815013648133	0	0
Y57A10A.13	nduo-6	23.876	0.616691650839533	0	0
Y57A10A.13	nduv-3	21.032	10.125996145495	0	0
Y57A10A.13	ndx-1	24.866	2.6604041310629	0	0
Y57A10A.13	ndx-2	23.29	2.81015255471395	0	0
Y57A10A.13	ndx-3	18.592	2.03267714303744	0	0
Y57A10A.13	ndx-4	22.176	8.96837250646935	0	0
Y57A10A.13	ndx-6	22.296	9.60120411722656	0	0
Y57A10A.13	ndx-7	25.168	3.7082188593976	0	0
Y57A10A.13	ndx-8	25.982	2.46375490232571	0	0
Y57A10A.13	ndx-9	26.686	3.03282334055914	0	0
Y57A10A.13	ned-8	23.434	12.7670715924655	0	0
Y57A10A.13	nefr-1	20.058	11.0747168034107	0	0
Y57A10A.13	neg-1	7.668	39.7462199583146	0	0
Y57A10A.13	nekl-1	21.54	7.93905802160092	0	0
Y57A10A.13	nekl-2	24.144	9.33750296987291	0	0
Y57A10A.13	nekl-3	18.646	2.51310544131994	0	0
Y57A10A.13	nekl-4	28.462	2.44726813313431	0	0
Y57A10A.13	nemp-1	23.772	7.70895155273565	0	0
Y57A10A.13	nemt-1	24.036	6.78536022221644	0	0
Y57A10A.13	nep-1	24.276	4.92394452393051	0	0
Y57A10A.13	nep-10	24.454	3.38458081020166	0	0
Y57A10A.13	nep-11	14.536	26.3501097271429	0	0
Y57A10A.13	nep-12	21.22	20.6460954744526	0	0
Y57A10A.13	nep-13	13.654	39.1699443708349	0	0
Y57A10A.13	nep-15	6.632	4.96375136090238	0	0
Y57A10A.13	nep-16	21.51	11.1608936719471	0	0
Y57A10A.13	nep-17	18.884	44.2460399894465	0	0
Y57A10A.13	nep-18	25.492	3.02353430809857	0	0
Y57A10A.13	nep-2	24.614	2.08778397312178	0	0
Y57A10A.13	nep-20	19.488	3.56812409646287	0	0
Y57A10A.13	nep-21	22.736	3.2628531901007	0	0
Y57A10A.13	nep-22	24.652	4.12977327076231	0	0
Y57A10A.13	nep-23	8.778	5.82526057476352	0	0
Y57A10A.13	nep-24	24.062	11.8595359205357	0	0
Y57A10A.13	nep-25	25.466	7.28343352118297	0	0
Y57A10A.13	nep-26	21.532	3.90813051783644	0	0
Y57A10A.13	nep-3	26.364	3.2324051474708	0	0
Y57A10A.13	nep-4	27.59	1.50296680801851	0	0
Y57A10A.13	nep-5	26.132	4.40434368420247	0	0
Y57A10A.13	nep-6	26.914	1.34572265955179	0	0
Y57A10A.13	nep-8	11.684	7.59114883149409	0	0
Y57A10A.13	nep-9	20.988	2.30245412267983	0	0
Y57A10A.13	nepr-1	21.162	8.39924207650167	0	0
Y57A10A.13	neto-1	17.424	4.42712280127221	0	0
Y57A10A.13	nex-1	23.186	6.19584589339185	0	0
Y57A10A.13	nex-2	15.604	35.9526226408471	0	0
Y57A10A.13	nex-3	25.47	3.7216034509492	0	0
Y57A10A.13	nex-4	21.15	8.05394017961895	0	0
Y57A10A.13	nfi-1	12.264	6.85309978371579	0	0
Y57A10A.13	nfki-1	15.552	4.52562540126915	0	0
Y57A10A.13	nfm-1	20.754	8.39448370964304	0	0
Y57A10A.13	nfs-1	18.854	15.913714032284	0	0
Y57A10A.13	nft-1	26.954	4.20892426408483	0	0
Y57A10A.13	nfu-1	20.474	10.8390925089597	0	0
Y57A10A.13	nfx-1	19.58	2.04194308495442	0	0
Y57A10A.13	nfya-1	20.494	13.9879208357011	0	0
Y57A10A.13	nfya-2	21.338	7.90997266725861	0	0
Y57A10A.13	nfyb-1	16.636	14.3208766381116	0	0
Y57A10A.13	nfyc-1	9.762	55.9114773247209	0	0
Y57A10A.13	ngn-1	18.87	28.0604008441008	0	0
Y57A10A.13	ngp-1	24.17	9.63023395749107	0	0
Y57A10A.13	nhj-1	19.554	1.58436325638855	0	0
Y57A10A.13	nhl-1	26.252	21.9938859797951	0	0
Y57A10A.13	nhl-2	25.456	5.0023299224323	0	0
Y57A10A.13	nhl-3	23.904	7.69737691667732	0	0
Y57A10A.13	nhr-1	22.484	6.08279188417805	0	0
Y57A10A.13	nhr-10	26.408	1.98675324078539	0	0
Y57A10A.13	nhr-100	24.48	6.69691740199449	0	0
Y57A10A.13	nhr-101	23.494	3.67318210652691	0	0
Y57A10A.13	nhr-102	27.006	4.24465480262143	0	0
Y57A10A.13	nhr-103	23.188	4.51302317349449	0	0
Y57A10A.13	nhr-104	23.728	4.27025984118318	0	0
Y57A10A.13	nhr-105	19.32	22.6592826431325	0	0
Y57A10A.13	nhr-106	27.636	1.9783793352849	0	0
Y57A10A.13	nhr-107	24.356	2.22367992697096	0	0
Y57A10A.13	nhr-108	27.924	1.87140298451902	0	0
Y57A10A.13	nhr-109	22.308	2.41346496868235	0	0
Y57A10A.13	nhr-11	24.572	2.75724461796143	0	0
Y57A10A.13	nhr-110	28.984	1.14028298987358	0	0
Y57A10A.13	nhr-111	26.064	6.95284409036154	0	0
Y57A10A.13	nhr-112	24.722	2.49323075929495	0	0
Y57A10A.13	nhr-113	6.68	1.80883921760398	0	0
Y57A10A.13	nhr-114	22.562	2.9762688176487	0	0
Y57A10A.13	nhr-115	28.954	4.02615020371796	0	0
Y57A10A.13	nhr-116	11.482	2.83178994075884	0	0
Y57A10A.13	nhr-117	26.574	7.6518072401806	0	0
Y57A10A.13	nhr-118	23.346	4.10598083827807	0	0
Y57A10A.13	nhr-119	21.502	4.79740343756292	0	0
Y57A10A.13	nhr-12	21.116	35.4826273674905	0	0
Y57A10A.13	nhr-120	24.462	4.39380104406785	0	0
Y57A10A.13	nhr-121	24.622	12.7606262150423	0	0
Y57A10A.13	nhr-122	22.808	1.14138336460452	0	0
Y57A10A.13	nhr-123	28.348	1.89858189710413	0	0
Y57A10A.13	nhr-124	27.008	2.75333059230911	0	0
Y57A10A.13	nhr-125	23.268	0.720049165155897	0	0
Y57A10A.13	nhr-126	27.438	3.59461707157793	0	0
Y57A10A.13	nhr-127	21.074	4.88507379467578	0	0
Y57A10A.13	nhr-128	22.438	5.90204035563147	0	0
Y57A10A.13	nhr-129	15.326	1.2849170180334	0	0
Y57A10A.13	nhr-13	23.338	1.696554610215	0	0
Y57A10A.13	nhr-130	26.198	4.2323541324309	0	0
Y57A10A.13	nhr-131	26.41	3.52190230553134	0	0
Y57A10A.13	nhr-132	26.806	2.17933205007322	0	0
Y57A10A.13	nhr-133	27.424	1.55340101666355	0	0
Y57A10A.13	nhr-134	26.204	2.96151271956356	0	0
Y57A10A.13	nhr-135	22.834	5.71114151105015	0	0
Y57A10A.13	nhr-136	22.784	18.3125924748581	0	0
Y57A10A.13	nhr-137	26.658	1.34296788877708	0	0
Y57A10A.13	nhr-138	20.7	6.7713030457122	0	0
Y57A10A.13	nhr-139	25.042	2.2092322306647	0	0
Y57A10A.13	nhr-14	18.206	7.55735712213761	0	0
Y57A10A.13	nhr-140	23.124	1.47433494092741	0	0
Y57A10A.13	nhr-141	25.072	1.47881888224443	0	0
Y57A10A.13	nhr-142	22.798	17.3137895436863	0	0
Y57A10A.13	nhr-143	24.57	12.4567060796142	0	0
Y57A10A.13	nhr-145	26.208	2.38307326838776	0	0
Y57A10A.13	nhr-146	24.108	10.3627567192244	0	0
Y57A10A.13	nhr-147	22.988	7.82518014597191	0	0
Y57A10A.13	nhr-148	23.616	4.27986283753535	0	0
Y57A10A.13	nhr-149	25.618	1.5174547560071	0	0
Y57A10A.13	nhr-15	25.15	3.12867137868535	0	0
Y57A10A.13	nhr-150	27.878	2.68830784990823	0	0
Y57A10A.13	nhr-152	20.95	4.90684230502151	0	0
Y57A10A.13	nhr-153	24.178	2.02460897940554	0	0
Y57A10A.13	nhr-154	19.13	16.725815045405	0	0
Y57A10A.13	nhr-155	21.794	3.28249980090392	0	0
Y57A10A.13	nhr-156	28.472	1.39240909571298	0	0
Y57A10A.13	nhr-157	17.296	4.88297326867269	0	0
Y57A10A.13	nhr-158	24.454	4.3557012466804	0	0
Y57A10A.13	nhr-159	17.12	1.30284509481282	0	0
Y57A10A.13	nhr-16	24.946	0.917886560062318	0	0
Y57A10A.13	nhr-161	25.486	2.74290397479004	0	0
Y57A10A.13	nhr-162	25.3	2.14879488073055	0	0
Y57A10A.13	nhr-163	24.898	2.69043962636894	0	0
Y57A10A.13	nhr-164	25.288	7.03610085382739	0	0
Y57A10A.13	nhr-165	25.494	3.0699104031819	0	0
Y57A10A.13	nhr-166	22.048	5.05296668274054	0	0
Y57A10A.13	nhr-167	21.238	3.54462791445061	0	0
Y57A10A.13	nhr-168	21.16	1.80669043985022	0	0
Y57A10A.13	nhr-169	24.898	8.70423405716789	0	0
Y57A10A.13	nhr-17	24.404	3.12105660951396	0	0
Y57A10A.13	nhr-170	24.672	4.41948801033299	0	0
Y57A10A.13	nhr-171	17.766	1.40864496758092	0	0
Y57A10A.13	nhr-172	25.508	1.96807251059289	0	0
Y57A10A.13	nhr-173	21.338	16.1990224498566	0	0
Y57A10A.13	nhr-174	23.79	5.16340019986904	0	0
Y57A10A.13	nhr-175	24.228	2.39826140130526	0	0
Y57A10A.13	nhr-176	22.138	11.8026732780299	0	0
Y57A10A.13	nhr-177	25.516	2.98516804047882	0	0
Y57A10A.13	nhr-178	24.9	1.57908459850101	0	0
Y57A10A.13	nhr-179	21.4	19.3191665135129	0	0
Y57A10A.13	nhr-18	27.444	2.24981145613764	0	0
Y57A10A.13	nhr-180	27.294	2.42360335354855	0	0
Y57A10A.13	nhr-181	23.194	25.4664726247539	0	0
Y57A10A.13	nhr-182	26.764	2.0021115187529	0	0
Y57A10A.13	nhr-183	25.322	13.993190719864	0	0
Y57A10A.13	nhr-184	23.504	1.72733411661928	0	0
Y57A10A.13	nhr-185	23.91	2.484893480136	0	0
Y57A10A.13	nhr-186	16.16	1.66620198240547	0	0
Y57A10A.13	nhr-187	21.794	6.93493628169571	0	0
Y57A10A.13	nhr-188	22.58	5.16536948882917	0	0
Y57A10A.13	nhr-189	23.712	9.65062122376908	0	0
Y57A10A.13	nhr-19	27.758	1.83154207526572	0	0
Y57A10A.13	nhr-190	25.768	2.91050915761148	0	0
Y57A10A.13	nhr-192	23.714	8.5936511229738	0	0
Y57A10A.13	nhr-193	26.626	5.71756933067114	0	0
Y57A10A.13	nhr-195	23.946	9.51975629438266	0	0
Y57A10A.13	nhr-196	25.512	0.80968634507466	0	0
Y57A10A.13	nhr-197	26.476	1.97212504915941	0	0
Y57A10A.13	nhr-198	20.2	1.68789377437944	0	0
Y57A10A.13	nhr-199	25.328	0.787366436562533	0	0
Y57A10A.13	nhr-2	21.65	20.3431563967357	0	0
Y57A10A.13	nhr-20	25.794	1.41402178372628	0	0
Y57A10A.13	nhr-201	26.658	1.31008341366947	0	0
Y57A10A.13	nhr-202	27.436	1.2399443167848	0	0
Y57A10A.13	nhr-203	7.68	3.00327150902885	0	0
Y57A10A.13	nhr-204	25.74	2.26665923011885	0	0
Y57A10A.13	nhr-205	24.664	3.90218299282279	0	0
Y57A10A.13	nhr-206	25.686	4.05867550737779	0	0
Y57A10A.13	nhr-207	25.958	10.1662029825336	0	0
Y57A10A.13	nhr-208	21.37	2.50711498944271	0	0
Y57A10A.13	nhr-209	24.848	3.17683315821885	0	0
Y57A10A.13	nhr-21	17.306	2.92494893855028	0	0
Y57A10A.13	nhr-210	26.166	5.84831926083906	0	0
Y57A10A.13	nhr-211	26.642	7.85504924611664	0	0
Y57A10A.13	nhr-212	27.57	1.34888313251992	0	0
Y57A10A.13	nhr-213	21.274	12.0040811584466	0	0
Y57A10A.13	nhr-214	19.962	2.09754689778995	0	0
Y57A10A.13	nhr-216	22.608	9.64389271472947	0	0
Y57A10A.13	nhr-217	26.486	2.0697959888179	0	0
Y57A10A.13	nhr-218	21.828	5.70505387962477	0	0
Y57A10A.13	nhr-219	26.192	4.78239647600808	0	0
Y57A10A.13	nhr-22	17.984	1.90060074190922	0	0
Y57A10A.13	nhr-221	22.08	2.61193312595946	0	0
Y57A10A.13	nhr-222	25.432	3.5940566235609	0	0
Y57A10A.13	nhr-223	22.9	13.0359402156032	0	0
Y57A10A.13	nhr-225	28.588	1.39116385023374	0	0
Y57A10A.13	nhr-226	19.664	19.6381642171905	0	0
Y57A10A.13	nhr-227	25.438	2.79779143370555	0	0
Y57A10A.13	nhr-228	27.032	1.33185771199388	0	0
Y57A10A.13	nhr-229	25.882	12.5494499843749	0	0
Y57A10A.13	nhr-23	20.95	6.24049108326456	0	0
Y57A10A.13	nhr-230	28.752	2.21071812746072	0	0
Y57A10A.13	nhr-231	23.184	5.56690660935247	0	0
Y57A10A.13	nhr-232	24.896	1.35339866456471	0	0
Y57A10A.13	nhr-233	25.1	4.84387444439074	0	0
Y57A10A.13	nhr-234	24.648	3.29619815540073	0	0
Y57A10A.13	nhr-235	23.52	1.2278511120913	0	0
Y57A10A.13	nhr-236	25.252	4.68742288842396	0	0
Y57A10A.13	nhr-237	23.402	2.86434219108007	0	0
Y57A10A.13	nhr-238	18.924	19.0055312520159	0	0
Y57A10A.13	nhr-239	25.156	6.95895287343477	0	0
Y57A10A.13	nhr-241	25.634	5.60876849922624	0	0
Y57A10A.13	nhr-242	20.962	18.0641981865071	0	0
Y57A10A.13	nhr-243	27.786	3.70109798695603	0	0
Y57A10A.13	nhr-244	22.066	4.3241392007542	0	0
Y57A10A.13	nhr-246	23.38	2.26386646669285	0	0
Y57A10A.13	nhr-247	20.484	11.0686181704626	0	0
Y57A10A.13	nhr-248	12.718	7.21317223126007	0	0
Y57A10A.13	nhr-249	22.248	4.83282522843731	0	0
Y57A10A.13	nhr-25	18.372	6.47717937563261	0	0
Y57A10A.13	nhr-251	23.77	9.11897052997057	0	0
Y57A10A.13	nhr-252	21.486	6.28941531999647	0	0
Y57A10A.13	nhr-253	15.028	2.37762436615037	0	0
Y57A10A.13	nhr-254	18.45	2.38728623799948	0	0
Y57A10A.13	nhr-255	24.73	2.95534032715241	0	0
Y57A10A.13	nhr-256	22.026	1.75795856925337	0	0
Y57A10A.13	nhr-257	25.638	3.26748239344337	0	0
Y57A10A.13	nhr-258	23.262	3.89520049679246	0	0
Y57A10A.13	nhr-259	20.566	4.71922853920067	0	0
Y57A10A.13	nhr-26	23.374	1.62928059033862	0	0
Y57A10A.13	nhr-260	23.93	15.2596599221914	0	0
Y57A10A.13	nhr-261	23.298	1.84625080372371	0	0
Y57A10A.13	nhr-262	25.596	2.64465885044518	0	0
Y57A10A.13	nhr-263	27.258	1.3082729092775	0	0
Y57A10A.13	nhr-264	23.574	4.81173826702019	0	0
Y57A10A.13	nhr-265	22.21	7.34559389719125	0	0
Y57A10A.13	nhr-267	25.092	9.81122529367655	0	0
Y57A10A.13	nhr-268	24.534	9.12716559038275	0	0
Y57A10A.13	nhr-269	24.482	3.69522785763649	0	0
Y57A10A.13	nhr-27	25.092	2.76649357334756	0	0
Y57A10A.13	nhr-270	20.8	7.99595982485593	0	0
Y57A10A.13	nhr-271	24.292	4.93641473883934	0	0
Y57A10A.13	nhr-272	23.794	2.82735422063291	0	0
Y57A10A.13	nhr-273	26.06	2.71242997117298	0	0
Y57A10A.13	nhr-274	26.18	3.96155644817401	0	0
Y57A10A.13	nhr-275	26.118	4.75689151520028	0	0
Y57A10A.13	nhr-276	18.32	15.273946031577	0	0
Y57A10A.13	nhr-277	23.592	3.29850704866143	0	0
Y57A10A.13	nhr-28	26.516	1.63293712198514	0	0
Y57A10A.13	nhr-280	23.072	10.7915799573296	0	0
Y57A10A.13	nhr-281	25.934	3.33450931656776	0	0
Y57A10A.13	nhr-282	23.33	6.2866691992392	0	0
Y57A10A.13	nhr-283	10.248	3.82645570621742	0	0
Y57A10A.13	nhr-285	20.134	1.4769634505133	0	0
Y57A10A.13	nhr-286	26.388	2.09277281138256	0	0
Y57A10A.13	nhr-288	21.752	3.15264044458445	0	0
Y57A10A.13	nhr-290	16.034	4.73286502046232	0	0
Y57A10A.13	nhr-291	27.04	3.3258331635734	0	0
Y57A10A.13	nhr-3	22.15	8.20975570055968	0	0
Y57A10A.13	nhr-30	22.39	6.86173765362924	0	0
Y57A10A.13	nhr-31	18.258	1.46269058015559	0	0
Y57A10A.13	nhr-32	21.81	6.64967021471917	0	0
Y57A10A.13	nhr-34	20.64	8.9190064938495	0	0
Y57A10A.13	nhr-35	24.592	11.7323347558648	0	0
Y57A10A.13	nhr-36	6.092	2.41640408361263	0	0
Y57A10A.13	nhr-37	26.732	2.70563500883048	0	0
Y57A10A.13	nhr-38	8.976	4.00574065138043	0	0
Y57A10A.13	nhr-39	22.654	3.79952266416795	0	0
Y57A10A.13	nhr-4	21.89	4.30427072156767	0	0
Y57A10A.13	nhr-40	24.688	2.63245298244697	0	0
Y57A10A.13	nhr-41	16.788	4.97965481067512	0	0
Y57A10A.13	nhr-42	22.162	7.34048130772824	0	0
Y57A10A.13	nhr-43	19.092	16.4846428043651	0	0
Y57A10A.13	nhr-44	24.93	3.81351889612935	0	0
Y57A10A.13	nhr-45	20.834	5.3447318863135	0	0
Y57A10A.13	nhr-46	19.934	19.0296967970725	0	0
Y57A10A.13	nhr-47	23.842	6.07189070178619	0	0
Y57A10A.13	nhr-48	21.462	1.17616348716593	0	0
Y57A10A.13	nhr-49	20.512	2.39217627332933	0	0
Y57A10A.13	nhr-5	21.15	4.50092376635547	0	0
Y57A10A.13	nhr-50	21.268	2.16884514771895	0	0
Y57A10A.13	nhr-51	23.308	5.6797141898128	0	0
Y57A10A.13	nhr-52	24.694	3.38127906964208	0	0
Y57A10A.13	nhr-53	26.384	3.68384816777325	0	0
Y57A10A.13	nhr-54	25.38	4.51060897410481	0	0
Y57A10A.13	nhr-55	27.778	1.73722390976415	0	0
Y57A10A.13	nhr-56	26.866	1.17369622917586	0	0
Y57A10A.13	nhr-57	23.486	4.07650497752999	0	0
Y57A10A.13	nhr-58	16.21	4.1281838431392	0	0
Y57A10A.13	nhr-59	23.406	5.0611907317658	0	0
Y57A10A.13	nhr-6	22	5.16194354454064	0	0
Y57A10A.13	nhr-60	21.412	4.62149941970708	0	0
Y57A10A.13	nhr-61	25.378	1.89537928685623	0	0
Y57A10A.13	nhr-62	19.5	5.18139086620087	0	0
Y57A10A.13	nhr-63	26.14	6.85078772929113	0	0
Y57A10A.13	nhr-64	22.378	7.8718718554172	0	0
Y57A10A.13	nhr-65	20.106	9.00212300072202	0	0
Y57A10A.13	nhr-66	22.96	1.83056408394316	0	0
Y57A10A.13	nhr-67	11.65	1.75808576379949	0	0
Y57A10A.13	nhr-68	23.934	10.3561239443155	0	0
Y57A10A.13	nhr-69	25.66	1.50051623602326	0	0
Y57A10A.13	nhr-7	12.708	3.27318798015994	0	0
Y57A10A.13	nhr-70	16.138	3.32726715965792	0	0
Y57A10A.13	nhr-71	9.026	4.70803296616159	0	0
Y57A10A.13	nhr-72	25.666	2.41102384708269	0	0
Y57A10A.13	nhr-73	7.738	1.34736743540743	0	0
Y57A10A.13	nhr-74	25.32	8.85182904678755	0	0
Y57A10A.13	nhr-76	24.378	9.13214574205045	0	0
Y57A10A.13	nhr-77	27.47	2.11656597694589	0	0
Y57A10A.13	nhr-78	22.836	3.53723218289586	0	0
Y57A10A.13	nhr-79	19.992	9.81555197802431	0	0
Y57A10A.13	nhr-8	21.686	2.57542625742091	0	0
Y57A10A.13	nhr-80	21.832	4.63511695366122	0	0
Y57A10A.13	nhr-81	21.864	8.90712929543252	0	0
Y57A10A.13	nhr-82	20.354	22.9604988365732	0	0
Y57A10A.13	nhr-84	19.142	26.7007554005018	0	0
Y57A10A.13	nhr-85	25.032	4.82219377526404	0	0
Y57A10A.13	nhr-86	20.13	21.862439130721	0	0
Y57A10A.13	nhr-87	19.642	1.2436332136741	0	0
Y57A10A.13	nhr-88	20.708	1.35661114926934	0	0
Y57A10A.13	nhr-89	22.95	18.6210413362993	0	0
Y57A10A.13	nhr-9	20.45	6.60988325224747	0	0
Y57A10A.13	nhr-90	23.496	2.71597612945436	0	0
Y57A10A.13	nhr-91	11.846	1.56637875118151	0	0
Y57A10A.13	nhr-92	21.952	9.82811782011162	0	0
Y57A10A.13	nhr-93	21.642	1.91140621183971	0	0
Y57A10A.13	nhr-94	28.31	1.59874100778995	0	0
Y57A10A.13	nhr-95	23.926	4.6372896151882	0	0
Y57A10A.13	nhr-96	27.16	2.82942750697414	0	0
Y57A10A.13	nhr-97	16.46	2.60354827912711	0	0
Y57A10A.13	nhr-98	27.064	12.1518375980984	0	0
Y57A10A.13	nhr-99	25.862	4.65339754726268	0	0
Y57A10A.13	nhx-1	16.6	2.01739783730607	0	0
Y57A10A.13	nhx-2	25.748	4.40758750509842	0	0
Y57A10A.13	nhx-3	27.112	3.83943155987632	0	0
Y57A10A.13	nhx-4	19.904	1.68199111806076	0	0
Y57A10A.13	nhx-5	24.58	4.70021891856465	0	0
Y57A10A.13	nhx-6	26.276	3.28174322128273	0	0
Y57A10A.13	nhx-8	21.18	2.09639171617501	0	0
Y57A10A.13	nhx-9	26.666	4.30596666625024	0	0
Y57A10A.13	nid-1	20.278	6.92165898731993	0	0
Y57A10A.13	nifk-1	25.226	14.746919032942	0	0
Y57A10A.13	nimk-1	20.056	4.73353449137657	0	0
Y57A10A.13	nipa-1	3.752	3.8132571357099	1	1
Y57A10A.13	nipi-3	21.956	19.8885493612727	0	0
Y57A10A.13	nipi-4	23.46	0.691273433087251	0	0
Y57A10A.13	nish-1	22.454	1.47526137275589	0	0
Y57A10A.13	nit-1	23.126	1.4672149077271	0	0
Y57A10A.13	nkat-1	25.806	3.6193631243795	0	0
Y57A10A.13	nkat-3	26.02	3.61689607369123	0	0
Y57A10A.13	nkb-1	11.556	1.54629348507628	0	0
Y57A10A.13	nkb-2	19.558	4.41814443489844	0	0
Y57A10A.13	nkb-3	18.82	9.58375632139693	0	0
Y57A10A.13	nkcc-1	28.174	7.4689864385208	0	0
Y57A10A.13	nlf-1	21.14	4.18991613641143	0	0
Y57A10A.13	nlg-1	23.242	17.1085273080941	0	0
Y57A10A.13	nlp-1	15.574	3.16671077318626	0	0
Y57A10A.13	nlp-10	14.788	11.9980122088155	0	0
Y57A10A.13	nlp-101	9.97	10.1608824420034	0	0
Y57A10A.13	nlp-11	12.616	7.07356733546052	0	0
Y57A10A.13	nlp-119	17.946	7.26456360635433	0	0
Y57A10A.13	nlp-12	15.052	5.22178753910295	0	0
Y57A10A.13	nlp-13	13.584	3.90463416703816	0	0
Y57A10A.13	nlp-14	20.51	1.41856036333263	0	0
Y57A10A.13	nlp-15	14.288	4.37958806917294	0	0
Y57A10A.13	nlp-16	13.242	8.00561673845119	0	0
Y57A10A.13	nlp-17	17.856	2.52904398339093	0	0
Y57A10A.13	nlp-18	8.698	10.8547989393645	0	0
Y57A10A.13	nlp-19	20.582	7.86543484155443	0	0
Y57A10A.13	nlp-2	12.324	12.4389869893335	0	0
Y57A10A.13	nlp-20	16.964	5.63328626386047	0	0
Y57A10A.13	nlp-21	13.478	14.1490243806386	0	0
Y57A10A.13	nlp-22	9.548	6.57509189076276	0	0
Y57A10A.13	nlp-23	5.3	37.6184494551416	0	0
Y57A10A.13	nlp-24	11.128	9.88975278293117	0	0
Y57A10A.13	nlp-25	11.302	6.37712504447049	0	0
Y57A10A.13	nlp-26	10.224	7.51814034512754	0	0
Y57A10A.13	nlp-27	5.616	9.42521935362579	0	0
Y57A10A.13	nlp-28	10.744	3.93268899454631	0	0
Y57A10A.13	nlp-29	7.954	5.91205201400644	0	0
Y57A10A.13	nlp-3	12.076	9.51718645531221	0	0
Y57A10A.13	nlp-30	9.998	4.78185586813024	0	0
Y57A10A.13	nlp-31	10.492	10.3721092365042	0	0
Y57A10A.13	nlp-32	9.738	5.99197034274234	0	0
Y57A10A.13	nlp-33	6.094	7.21891118073247	0	0
Y57A10A.13	nlp-34	12.584	6.96395963960077	0	0
Y57A10A.13	nlp-35	18.522	7.32079271387551	0	0
Y57A10A.13	nlp-36	23.678	16.0668527686616	0	0
Y57A10A.13	nlp-39	16.796	7.25345192250186	0	0
Y57A10A.13	nlp-4	28.144	1.64284925159388	0	0
Y57A10A.13	nlp-40	21.834	10.0387257416911	0	0
Y57A10A.13	nlp-41	17.806	18.7538375357287	0	0
Y57A10A.13	nlp-43	12.984	13.107029238898	0	0
Y57A10A.13	nlp-45	20.594	13.4869587036236	0	0
Y57A10A.13	nlp-46	10.372	10.1094885281692	0	0
Y57A10A.13	nlp-47	22.488	2.52949189312601	0	0
Y57A10A.13	nlp-48	14.636	21.0067333620242	0	0
Y57A10A.13	nlp-49	9.882	5.97362351795912	0	0
Y57A10A.13	nlp-5	16.342	4.97604391005251	0	0
Y57A10A.13	nlp-50	18.868	11.6994796155737	0	0
Y57A10A.13	nlp-51	13.058	13.6677322174098	0	0
Y57A10A.13	nlp-52	18.458	9.17916573812122	0	0
Y57A10A.13	nlp-53	16.144	15.2665122165265	0	0
Y57A10A.13	nlp-55	8.77	19.6373246172626	0	0
Y57A10A.13	nlp-56	18.422	10.812416942433	0	0
Y57A10A.13	nlp-57	19.108	14.2510955471657	0	0
Y57A10A.13	nlp-58	12.348	6.72158995395276	0	0
Y57A10A.13	nlp-59	11.034	7.60840821888462	0	0
Y57A10A.13	nlp-6	11.654	5.34133272100198	0	0
Y57A10A.13	nlp-60	22.59	11.3919489853994	0	0
Y57A10A.13	nlp-61	14.536	4.1575579117846	0	0
Y57A10A.13	nlp-62	22.298	8.43169074212971	0	0
Y57A10A.13	nlp-63	14.944	6.60181265469993	0	0
Y57A10A.13	nlp-64	11.092	5.03393148906684	0	0
Y57A10A.13	nlp-66	15.87	6.7332943660197	0	0
Y57A10A.13	nlp-67	14.44	5.88825945067871	0	0
Y57A10A.13	nlp-68	11.924	12.9331691970958	0	0
Y57A10A.13	nlp-69	18.468	3.09718303068469	0	0
Y57A10A.13	nlp-7	12.902	1.87737489733059	0	0
Y57A10A.13	nlp-70	18.078	7.45301842799306	0	0
Y57A10A.13	nlp-71	16.636	5.6958722119489	0	0
Y57A10A.13	nlp-76	11.2	11.9727781693238	0	0
Y57A10A.13	nlp-78	15.672	2.83511807502056	0	0
Y57A10A.13	nlp-79	10.448	12.8317408602932	0	0
Y57A10A.13	nlp-8	8.958	15.8168094369237	0	0
Y57A10A.13	nlp-80	10.49	7.60453277529498	0	0
Y57A10A.13	nlp-81	12.976	2.41535647031484	0	0
Y57A10A.13	nlp-82	14.902	7.58055841185121	0	0
Y57A10A.13	nlp-88	19.896	5.37756613288384	0	0
Y57A10A.13	nlp-9	10.48	12.7636307108801	0	0
Y57A10A.13	nlp-90	19.796	4.91150143276775	0	0
Y57A10A.13	nlp-91	16.744	3.64299812671457	0	0
Y57A10A.13	nlp-99	19.58	5.84295109341084	0	0
Y57A10A.13	nlr-1	22.216	14.2315516503305	0	0
Y57A10A.13	nlt-1	23.148	14.4808396459524	0	0
Y57A10A.13	nmad-1	17.642	2.13311601976194	0	0
Y57A10A.13	nmat-1	28.422	5.41230300145736	0	0
Y57A10A.13	nmat-2	9.024	4.66387577986383	0	0
Y57A10A.13	nmgp-1	16.244	1.254550028789	0	0
Y57A10A.13	nmr-1	29.172	1.30698676662935	0	0
Y57A10A.13	nmr-2	26.384	6.89429760011585	0	0
Y57A10A.13	nmrk-1	3.016	1.74819977804563	1	1
Y57A10A.13	nmt-1	21.924	15.3347495066711	0	0
Y57A10A.13	nmtn-1	23.99	10.8168665322682	0	0
Y57A10A.13	nmur-1	25.488	6.70533307674166	0	0
Y57A10A.13	nmur-2	23.83	2.65303531986131	0	0
Y57A10A.13	nmur-3	26.272	2.97690828567485	0	0
Y57A10A.13	nmy-1	26.444	5.7393812478256	0	0
Y57A10A.13	nmy-2	26.316	6.23528581036071	0	0
Y57A10A.13	nmy-3	26.554	15.3625305881116	0	0
Y57A10A.13	nnt-1	22.802	4.42600437976818	0	0
Y57A10A.13	noa-1	23.098	1.22085421989883	0	0
Y57A10A.13	noah-1	26.422	2.65961423861617	0	0
Y57A10A.13	noah-2	25.622	2.65086807476925	0	0
Y57A10A.13	nob-1	14.41	12.2095996387424	0	0
Y57A10A.13	nobh-1	27.598	6.02405671723232	0	0
Y57A10A.13	noca-1	20.108	3.51327265668889	0	0
Y57A10A.13	noca-2	25.388	5.00743165950305	0	0
Y57A10A.13	nog-1	25.836	2.87135122039516	0	0
Y57A10A.13	nol-10	25.882	1.93924861945828	0	0
Y57A10A.13	nol-14	25.378	7.54605508169914	0	0
Y57A10A.13	nol-16	27.524	7.40082364499092	0	0
Y57A10A.13	nol-56	27.224	1.86443085107919	0	0
Y57A10A.13	nol-58	26.818	4.57792993126766	0	0
Y57A10A.13	nol-6	26.636	4.21367573078502	0	0
Y57A10A.13	nol-9	27.124	2.45005338813431	0	0
Y57A10A.13	nola-3	20.494	9.17436390608108	0	0
Y57A10A.13	nono-1	11.132	6.73865120668999	0	0
Y57A10A.13	nonu-1	6.362	5.49849475663294	0	0
Y57A10A.13	nop-1	20.3	12.0544800977416	0	0
Y57A10A.13	nos-1	22.818	6.71313375132987	0	0
Y57A10A.13	nos-2	22.2	21.5292461752219	0	0
Y57A10A.13	nos-3	14.93	3.44471289233055	0	0
Y57A10A.13	nova-1	17.26	22.9382829405548	0	0
Y57A10A.13	npa-1	26.8	8.18432533012822	0	0
Y57A10A.13	npax-1	15.504	41.3374671969816	0	0
Y57A10A.13	npax-2	22.116	12.7766823382006	0	0
Y57A10A.13	npax-3	19.626	7.11093989553616	0	0
Y57A10A.13	npax-4	19.982	6.25136477549955	0	0
Y57A10A.13	nphp-1	27.738	1.46938572843381	0	0
Y57A10A.13	nphp-2	22.798	11.6855434435934	0	0
Y57A10A.13	nphp-4	22.646	12.2396530920517	0	0
Y57A10A.13	npl-4.1	26.524	5.73937092283867	0	0
Y57A10A.13	npl-4.2	25.458	3.5504121604688	0	0
Y57A10A.13	npp-1	23.8	11.6153104462576	0	0
Y57A10A.13	npp-10	20.396	2.98828981864294	0	0
Y57A10A.13	npp-11	25.19	6.81886798049508	0	0
Y57A10A.13	npp-12	22.54	2.75549137300007	0	0
Y57A10A.13	npp-13	24.59	6.57654924800318	0	0
Y57A10A.13	npp-14	16.736	3.1590939736717	0	0
Y57A10A.13	npp-15	24.132	2.81835317633491	0	0
Y57A10A.13	npp-16	16.332	29.4978230282021	0	0
Y57A10A.13	npp-18	22.688	10.9185918737361	0	0
Y57A10A.13	npp-19	15.336	2.22876915378818	0	0
Y57A10A.13	npp-2	26.78	4.6485043729244	0	0
Y57A10A.13	npp-20	23.546	8.23845796271875	0	0
Y57A10A.13	npp-21	20.76	7.40425788896281	0	0
Y57A10A.13	npp-22	19.706	18.7741762488327	0	0
Y57A10A.13	npp-23	18.73	2.78167985672446	0	0
Y57A10A.13	npp-24	23.718	4.65240829912473	0	0
Y57A10A.13	npp-25	18.956	3.28211403418539	0	0
Y57A10A.13	npp-26	17.13	1.32928167387457	0	0
Y57A10A.13	npp-27	9.196	6.04066740949818	0	0
Y57A10A.13	npp-3	28.186	4.13661380782409	0	0
Y57A10A.13	npp-4	27.39	2.66808049193679	0	0
Y57A10A.13	npp-5	20.518	1.48125710443637	0	0
Y57A10A.13	npp-6	13.726	3.63491805801647	0	0
Y57A10A.13	npp-7	24.35	8.18192060994847	0	0
Y57A10A.13	npp-8	15.938	1.2645503818066	0	0
Y57A10A.13	npp-9	24.402	5.59041776329916	0	0
Y57A10A.13	npr-1	20.59	12.8873127330107	0	0
Y57A10A.13	npr-10	23.306	5.16054988308389	0	0
Y57A10A.13	npr-11	24.598	8.3097519253685	0	0
Y57A10A.13	npr-12	5.802	3.04292099492464	0	0
Y57A10A.13	npr-13	17	1.16241604972762	0	0
Y57A10A.13	npr-14	26.24	1.67812796160853	0	0
Y57A10A.13	npr-15	26.856	6.35909947151306	0	0
Y57A10A.13	npr-16	17.082	3.1289138082601	0	0
Y57A10A.13	npr-18	15.896	1.86808740839091	0	0
Y57A10A.13	npr-19	8.072	3.06649871431064	0	0
Y57A10A.13	npr-2	14.624	1.23332022435947	0	0
Y57A10A.13	npr-20	23.898	4.45377713472982	0	0
Y57A10A.13	npr-21	19.184	2.39573420623718	0	0
Y57A10A.13	npr-22	22.16	3.86548774797198	0	0
Y57A10A.13	npr-23	12.676	4.54781241868247	0	0
Y57A10A.13	npr-24	26.248	3.26016367131672	0	0
Y57A10A.13	npr-25	18.392	1.69269123149376	0	0
Y57A10A.13	npr-26	18.568	4.55241732368872	0	0
Y57A10A.13	npr-27	20.478	11.2626482348306	0	0
Y57A10A.13	npr-28	22.758	6.34689877018872	0	0
Y57A10A.13	npr-29	19.238	4.33941857413333	0	0
Y57A10A.13	npr-3	21.132	1.14914534428838	0	0
Y57A10A.13	npr-30	23.752	5.00978598578819	0	0
Y57A10A.13	npr-31	18.032	3.26264219726922	0	0
Y57A10A.13	npr-32	21.88	1.79849107586389	0	0
Y57A10A.13	npr-33	26.026	10.2828900068226	0	0
Y57A10A.13	npr-34	17.766	2.44982308003748	0	0
Y57A10A.13	npr-35	24.138	2.7089583630702	0	0
Y57A10A.13	npr-36	22.912	4.29893540861819	0	0
Y57A10A.13	npr-37	24.14	3.02246557755145	0	0
Y57A10A.13	npr-38	16.444	1.58847439064394	0	0
Y57A10A.13	npr-39	17.546	12.8984847451942	0	0
Y57A10A.13	npr-4	21.838	3.88264265268384	0	0
Y57A10A.13	npr-40	12.84	1.83559559959388	0	0
Y57A10A.13	npr-41	18.576	1.59766768316534	0	0
Y57A10A.13	npr-42	22.168	4.41461429913033	0	0
Y57A10A.13	npr-43	22.08	9.00716047870825	0	0
Y57A10A.13	npr-5	12.562	5.39949531152769	0	0
Y57A10A.13	npr-6	22.076	2.11513329662178	0	0
Y57A10A.13	npr-7	24.854	5.05254178317152	0	0
Y57A10A.13	npr-8	22.138	1.16983812272173	0	0
Y57A10A.13	npr-9	17.534	0.764740061223304	0	0
Y57A10A.13	nprl-2	25.904	0.891495099925568	0	0
Y57A10A.13	nprl-3	23.078	4.24087153326282	0	0
Y57A10A.13	nprt-1	21.372	18.3621075596356	0	0
Y57A10A.13	nra-1	24.318	1.7522424309373	0	0
Y57A10A.13	nra-2	21.428	2.14098420257482	0	0
Y57A10A.13	nra-3	13.22	5.69235301971231	0	0
Y57A10A.13	nra-4	25.272	7.49183159524263	0	0
Y57A10A.13	nrd-1	19.254	10.574724549745	0	0
Y57A10A.13	nrde-1	16.104	5.03183739723135	0	0
Y57A10A.13	nrde-2	14.18	1.65613802056663	0	0
Y57A10A.13	nrde-3	13.152	8.68310999822997	0	0
Y57A10A.13	nrde-4	21.144	7.5248890373362	0	0
Y57A10A.13	nrf-5	22.992	3.03370675261474	0	0
Y57A10A.13	nrf-6	22.082	2.90383746667549	0	0
Y57A10A.13	nrfl-1	19.492	13.5506916472706	0	0
Y57A10A.13	nrsn-1	12.418	3.67503689099273	0	0
Y57A10A.13	nrx-1	23.526	8.3386107846408	0	0
Y57A10A.13	nse-1	18.392	0.820450826878596	0	0
Y57A10A.13	nse-4	22.062	3.56736651644368	0	0
Y57A10A.13	nsf-1	27.252	7.24117549589008	0	0
Y57A10A.13	nspa-10	20.04	1.30075952073224	0	0
Y57A10A.13	nspa-2	12.472	16.6879931053203	0	0
Y57A10A.13	nspa-5	14.642	11.886997559735	0	0
Y57A10A.13	nspa-7	14.758	13.362907357054	0	0
Y57A10A.13	nspa-8	13.958	16.2712314158665	0	0
Y57A10A.13	nspa-9	9.052	12.8001729256578	0	0
Y57A10A.13	nspb-1	13.706	8.63569887716702	0	0
Y57A10A.13	nspb-10	14.15	8.52857435648735	0	0
Y57A10A.13	nspb-11	12.182	23.936131326211	0	0
Y57A10A.13	nspb-12	9.384	9.52741444118954	0	0
Y57A10A.13	nspb-2	12.908	11.9924776731399	0	0
Y57A10A.13	nspb-3	17.656	10.870698983231	0	0
Y57A10A.13	nspb-4	13.286	9.98242837169541	0	0
Y57A10A.13	nspb-5	15.984	4.22183742564608	0	0
Y57A10A.13	nspb-6	15.006	29.5733996873672	0	0
Y57A10A.13	nspb-7	14.87	8.45994912979002	0	0
Y57A10A.13	nspb-8	15.904	6.86120318861159	0	0
Y57A10A.13	nspb-9	16.458	6.44857090457737	0	0
Y57A10A.13	nspc-1	21.84	5.36330302344908	0	0
Y57A10A.13	nspc-10	24.752	3.01593887715246	0	0
Y57A10A.13	nspc-13	23.742	1.27872599244189	0	0
Y57A10A.13	nspc-15	23.788	1.49940780018574	0	0
Y57A10A.13	nspc-17	12.082	17.3251117989421	0	0
Y57A10A.13	nspc-18	24.908	6.54238249612519	0	0
Y57A10A.13	nspc-20	25.63	3.73696410639971	0	0
Y57A10A.13	nspc-3	13.828	1.41564180540841	0	0
Y57A10A.13	nspc-4	25.478	1.52629781882049	0	0
Y57A10A.13	nspc-5	26.65	1.29333492980218	0	0
Y57A10A.13	nspc-7	25.496	2.75944520885179	0	0
Y57A10A.13	nspc-9	25.25	1.98533985892979	0	0
Y57A10A.13	nspd-1	13.826	18.4725338444595	0	0
Y57A10A.13	nspd-10	10.984	25.9770495256946	0	0
Y57A10A.13	nspd-2	14.152	26.1501758920882	0	0
Y57A10A.13	nspd-5	10.624	21.074838517584	0	0
Y57A10A.13	nspd-6	9.384	8.36940809657027	0	0
Y57A10A.13	nspd-7	11.256	13.2552004435027	0	0
Y57A10A.13	nspd-8	8.034	6.07081694286987	0	0
Y57A10A.13	nspd-9	14.014	12.9715757551207	0	0
Y57A10A.13	nspe-1	17.516	17.2698349936053	0	0
Y57A10A.13	nspe-2	2.988	4.05354000766794	1	1
Y57A10A.13	nspe-3	20.038	14.9131926336658	0	0
Y57A10A.13	nspe-4	20.496	6.37728516455114	0	0
Y57A10A.13	nspe-5	8.4	9.52827276369701	0	0
Y57A10A.13	nspe-6	4.964	7.24465762457261	1	1
Y57A10A.13	nspe-7	7.336	70.1702134564212	0	0
Y57A10A.13	nspe-8	17.832	2.16045964287341	0	0
Y57A10A.13	nspf-1	25.738	5.03618663822519	0	0
Y57A10A.13	nspf-2	25.796	3.94321683164354	0	0
Y57A10A.13	nspf-3	25.854	2.3663041529554	0	0
Y57A10A.13	nspg-1	22.264	4.40167892501457	0	0
Y57A10A.13	nspg-10	17.424	4.14031419212971	0	0
Y57A10A.13	nspg-11	24.702	1.7061366626022	0	0
Y57A10A.13	nspg-12	21.35	5.11107690516557	0	0
Y57A10A.13	nspg-13	22.136	10.953985436814	0	0
Y57A10A.13	nspg-14	22.194	3.72500897680325	0	0
Y57A10A.13	nspg-3	25.252	6.32779776235751	0	0
Y57A10A.13	nspg-4	21.452	4.05200119386547	0	0
Y57A10A.13	nspg-5	24.764	0.575768490474483	0	0
Y57A10A.13	nspg-6	24.046	2.43693898346437	0	0
Y57A10A.13	nspg-7.1	20.038	21.6732859814571	0	0
Y57A10A.13	nspg-7.2	24.578	5.00326802924321	0	0
Y57A10A.13	nspg-8	25.042	3.14132708964969	0	0
Y57A10A.13	nspg-9	23.63	3.92485281677221	0	0
Y57A10A.13	nsph-1.1	25.28	1.72696835070752	0	0
Y57A10A.13	nsph-1.2	14.308	40.7849113749286	0	0
Y57A10A.13	nsph-2	23.958	4.52980684119104	0	0
Y57A10A.13	nsph-3.1	24.776	2.80369629322472	0	0
Y57A10A.13	nsph-3.2	24.082	4.46477434109597	0	0
Y57A10A.13	nsph-4.2	23.79	3.19876503673907	0	0
Y57A10A.13	nsph-4.3	25.146	13.0314696008844	0	0
Y57A10A.13	nst-1	24.12	7.36910413334644	0	0
Y57A10A.13	nstp-1	16.712	4.20660497588292	0	0
Y57A10A.13	nstp-10	15.516	1.94291762633841	0	0
Y57A10A.13	nstp-2	23.504	2.13612870789983	0	0
Y57A10A.13	nstp-3	24.266	1.56993041874671	0	0
Y57A10A.13	nstp-4	21.986	4.46718726518063	0	0
Y57A10A.13	nstp-5	18.614	0.652021120595199	0	0
Y57A10A.13	nstp-6	17.928	7.5086460616285	0	0
Y57A10A.13	nstp-7	19.906	0.657498371881696	0	0
Y57A10A.13	nstp-8	23.066	1.56122038485053	0	0
Y57A10A.13	nstp-9	13.636	4.70507463593461	0	0
Y57A10A.13	nsun-1	22.162	4.27489265382844	0	0
Y57A10A.13	nsun-2	23.104	3.81237935100909	0	0
Y57A10A.13	nsun-4	25.89	3.68853121736957	0	0
Y57A10A.13	nsun-5	23.236	9.42957833805944	0	0
Y57A10A.13	nsy-1	24.578	2.05365555215346	0	0
Y57A10A.13	nsy-4	14.86	4.33646665379506	0	0
Y57A10A.13	nsy-7	13.948	34.5761976422225	0	0
Y57A10A.13	nta-1	19.106	9.67890296142753	0	0
Y57A10A.13	ntc-1	7.196	4.55482434453117	0	0
Y57A10A.13	ntfc-1	24.934	4.55988153221983	0	0
Y57A10A.13	nth-1	15.912	5.47540368182038	0	0
Y57A10A.13	ntl-11	21.834	2.87987768431745	0	0
Y57A10A.13	ntl-2	21.638	9.5613334885	0	0
Y57A10A.13	ntl-3	16.296	2.35139929365939	0	0
Y57A10A.13	ntl-4	21.306	11.4084534338301	0	0
Y57A10A.13	ntl-9	22.092	7.66036031410204	0	0
Y57A10A.13	ntp-1	21.382	16.6480862737677	0	0
Y57A10A.13	ntr-1	17.278	1.0525036916321	0	0
Y57A10A.13	ntr-2	6.704	3.6985621745513	0	0
Y57A10A.13	nuaf-1	26.818	1.21842341072804	0	0
Y57A10A.13	nuaf-3	22.788	4.38206072261021	0	0
Y57A10A.13	nubp-1	26.752	6.38216809035871	0	0
Y57A10A.13	nuc-1	25.478	7.76677066059716	0	0
Y57A10A.13	nucb-1	14.608	2.30696524970057	0	0
Y57A10A.13	nucl-1	20.85	13.235498419642	0	0
Y57A10A.13	nud-1	23.786	16.5142882103153	0	0
Y57A10A.13	nud-2	25.14	3.54887955818543	0	0
Y57A10A.13	num-1	17.064	1.91721986521439	0	0
Y57A10A.13	numr-2	18.926	7.24744947849783	0	0
Y57A10A.13	nuo-1	25.944	2.62592842753593	0	0
Y57A10A.13	nuo-2	23.83	8.01098645490396	0	0
Y57A10A.13	nuo-3	26.264	4.44667277282272	0	0
Y57A10A.13	nuo-4	27.054	1.353475862065	0	0
Y57A10A.13	nuo-5	25.722	4.41229965013459	0	0
Y57A10A.13	nuo-6	21.656	5.43027540641964	0	0
Y57A10A.13	nurf-1	27.62	2.00998419721681	0	0
Y57A10A.13	nxf-1	9.75	6.78940273371707	0	0
Y57A10A.13	nxf-2	23.66	5.71099606700439	0	0
Y57A10A.13	nxnr-1	27.654	4.28777129927835	0	0
Y57A10A.13	nxt-1	26.974	1.72170834417736	0	0
Y57A10A.13	nyn-1	6.366	2.51482441957683	0	0
Y57A10A.13	nyn-2	17.816	1.02164617630279	0	0
Y57A10A.13	nyn-3	23.698	2.55973207972153	0	0
Y57A10A.13	oac-1	24.934	4.00432654727714	0	0
Y57A10A.13	oac-10	23.876	7.95246756270672	0	0
Y57A10A.13	oac-11	21.724	12.041914352632	0	0
Y57A10A.13	oac-12	18.944	2.74559219267088	0	0
Y57A10A.13	oac-13	24.558	6.13625136132469	0	0
Y57A10A.13	oac-14	26.814	3.54749580558411	0	0
Y57A10A.13	oac-15	23.824	5.01262109534194	0	0
Y57A10A.13	oac-16	26.474	1.84307026449823	0	0
Y57A10A.13	oac-17	24.618	1.86244839686497	0	0
Y57A10A.13	oac-19	27.466	1.65340979139844	0	0
Y57A10A.13	oac-2	26.562	3.23019161394613	0	0
Y57A10A.13	oac-20	25.348	10.836616247166	0	0
Y57A10A.13	oac-21	26.642	2.21508914575284	0	0
Y57A10A.13	oac-22	15.564	2.23663054662048	0	0
Y57A10A.13	oac-23	25.674	6.5848161460039	0	0
Y57A10A.13	oac-24	25.148	1.55728018315406	0	0
Y57A10A.13	oac-25	26.072	1.14726665526393	0	0
Y57A10A.13	oac-26	26.122	6.01491497408565	0	0
Y57A10A.13	oac-27	27.56	2.51320710293856	0	0
Y57A10A.13	oac-29	26.542	2.91599662212329	0	0
Y57A10A.13	oac-3	22.336	7.52299550442609	0	0
Y57A10A.13	oac-30	26.506	2.29944763981896	0	0
Y57A10A.13	oac-31	13.762	2.2090290573767	0	0
Y57A10A.13	oac-32	24.088	1.65418272046036	0	0
Y57A10A.13	oac-34	24.42	1.70545982170015	0	0
Y57A10A.13	oac-35	26.818	1.09013545725248	0	0
Y57A10A.13	oac-36	26.54	3.44572115986267	0	0
Y57A10A.13	oac-37	26.562	0.999050031888093	0	0
Y57A10A.13	oac-38	25.068	8.42732737000623	0	0
Y57A10A.13	oac-39	22.194	4.06747199250513	0	0
Y57A10A.13	oac-4	20.946	6.67998210084685	0	0
Y57A10A.13	oac-40	26.114	2.02985167467762	0	0
Y57A10A.13	oac-41	26.658	2.78872302102846	0	0
Y57A10A.13	oac-42	24.742	6.26409055094759	0	0
Y57A10A.13	oac-43	21.434	7.05496270292647	0	0
Y57A10A.13	oac-44	19.338	13.0710557201301	0	0
Y57A10A.13	oac-45	25.492	3.94132999629407	0	0
Y57A10A.13	oac-46	5.028	5.44563446735305	0	0
Y57A10A.13	oac-48	27.112	2.72323112567766	0	0
Y57A10A.13	oac-49	24.846	8.38580800381357	0	0
Y57A10A.13	oac-5	24.688	2.50519285755413	0	0
Y57A10A.13	oac-50	15.262	2.80539148884061	0	0
Y57A10A.13	oac-51	26.956	3.84183893279563	0	0
Y57A10A.13	oac-52	20.236	4.43041008617083	0	0
Y57A10A.13	oac-53	14.19	1.57974008255532	0	0
Y57A10A.13	oac-54	20.53	3.33595835782479	0	0
Y57A10A.13	oac-55	23.74	3.15852280880665	0	0
Y57A10A.13	oac-56	23.854	11.1436653139524	0	0
Y57A10A.13	oac-57	24.778	5.38186255505613	0	0
Y57A10A.13	oac-58	26.596	4.94936090007737	0	0
Y57A10A.13	oac-59	27.32	4.36906632709063	0	0
Y57A10A.13	oac-6	25.056	1.92268048161593	0	0
Y57A10A.13	oac-7	25.682	2.95663136070514	0	0
Y57A10A.13	oac-8	26.874	1.82381720291036	0	0
Y57A10A.13	oac-9	20.57	6.5068089293741	0	0
Y57A10A.13	oat-1	22.322	1.30893938926679	0	0
Y57A10A.13	oatr-1	26.964	7.02539822364793	0	0
Y57A10A.13	oaz-1	18.84	15.7282787758611	0	0
Y57A10A.13	obr-1	24.618	9.26157832003215	0	0
Y57A10A.13	obr-2	22.672	7.1600920570828	0	0
Y57A10A.13	obr-3	23.698	6.33944441228062	0	0
Y57A10A.13	obr-4	5.3	9.15240214010182	0	0
Y57A10A.13	ocam-1	10.818	33.9713415403791	0	0
Y57A10A.13	ocr-1	26.996	1.18553441831114	0	0
Y57A10A.13	ocr-2	29.118	0.553444955234216	0	0
Y57A10A.13	ocr-3	26.01	4.20003263114951	0	0
Y57A10A.13	ocr-4	26.194	10.3786733905414	0	0
Y57A10A.13	ocrl-1	13.938	2.40076902381236	0	0
Y57A10A.13	oct-1	22.9	4.83544356433551	0	0
Y57A10A.13	oct-2	12.864	17.9526805877254	0	0
Y57A10A.13	octr-1	23.52	3.99195978431858	0	0
Y57A10A.13	odc-1	24.032	4.40208186421257	0	0
Y57A10A.13	odd-1	20.49	10.0795343527109	0	0
Y57A10A.13	odd-2	21.34	1.34636906265779	0	0
Y57A10A.13	odr-1	28.2	3.92144713061509	0	0
Y57A10A.13	odr-10	22.55	6.77106827235126	0	0
Y57A10A.13	odr-2	10.668	2.61410508838542	0	0
Y57A10A.13	odr-3	22.014	12.4161075228735	0	0
Y57A10A.13	odr-4	18.694	4.37869692093061	0	0
Y57A10A.13	odr-7	15.228	1.25493871138337	0	0
Y57A10A.13	odr-8	25.828	9.69726556466204	0	0
Y57A10A.13	oef-1	6.572	3.06859470591039	0	0
Y57A10A.13	oga-1	23.658	4.1093859979461	0	0
Y57A10A.13	ogdh-1	24.094	3.58819764379724	0	0
Y57A10A.13	ogdh-2	23.966	6.67133736821705	0	0
Y57A10A.13	ogr-2	23.376	2.85252318108677	0	0
Y57A10A.13	ogt-1	25.228	4.87911094106428	0	0
Y57A10A.13	oig-1	24.164	2.77913609032531	0	0
Y57A10A.13	oig-2	25.772	5.45143892121224	0	0
Y57A10A.13	oig-3	23.538	10.7513639282217	0	0
Y57A10A.13	oig-4	23.964	5.01720393928236	0	0
Y57A10A.13	oig-5	18.49	21.2123730013894	0	0
Y57A10A.13	oig-8	25.088	4.05810053666791	0	0
Y57A10A.13	ola-1	26.228	1.0598399382471	0	0
Y57A10A.13	old-1	22.18	4.42184403756711	0	0
Y57A10A.13	old-2	22.036	10.3316971175107	0	0
Y57A10A.13	olrn-1	16.968	28.7262264179866	0	0
Y57A10A.13	oma-1	12.736	4.46881663612216	0	0
Y57A10A.13	oma-2	11.696	6.19312570683407	0	0
Y57A10A.13	ooc-3	21.146	25.2853415213711	0	0
Y57A10A.13	ooc-5	20.01	13.1922674537188	0	0
Y57A10A.13	oops-1	21.2	7.79565868999037	0	0
Y57A10A.13	ops-1	22.34	3.76060447262457	0	0
Y57A10A.13	ora-1	24.934	7.18396951762739	0	0
Y57A10A.13	orai-1	25.25	4.75684617481271	0	0
Y57A10A.13	orc-1	20.598	17.7631898480004	0	0
Y57A10A.13	orc-2	26.866	2.880854178766	0	0
Y57A10A.13	orc-3	20.582	22.7880769508357	0	0
Y57A10A.13	orc-4	27.776	2.4213523562735	0	0
Y57A10A.13	orc-5	27.166	9.01459116694893	0	0
Y57A10A.13	osg-1	15.858	18.5726152153607	0	0
Y57A10A.13	osgl-1	26.53	0.603679509161216	0	0
Y57A10A.13	osm-1	28.214	0.504119247574938	0	0
Y57A10A.13	osm-10	16.91	20.371809592036	0	0
Y57A10A.13	osm-11	23.614	12.798260910573	0	0
Y57A10A.13	osm-12	25.876	3.32989557081313	0	0
Y57A10A.13	osm-3	22.056	3.97262437204073	0	0
Y57A10A.13	osm-5	23.104	12.6662516053205	0	0
Y57A10A.13	osm-6	27.212	5.46623183933864	0	0
Y57A10A.13	osm-7	13.886	6.11949377258598	0	0
Y57A10A.13	osm-8	25.098	6.19897247893276	0	0
Y57A10A.13	osm-9	27.846	2.73243732269779	0	0
Y57A10A.13	osp-1	22.506	28.2564515417732	0	0
Y57A10A.13	osr-1	27.92	3.20503708999651	0	0
Y57A10A.13	ost-1	20.492	4.29940212785571	0	0
Y57A10A.13	osta-1	19.582	1.99796554656646	0	0
Y57A10A.13	osta-2	11.258	14.4096844499088	0	0
Y57A10A.13	osta-3	18.3	1.25326174220543	0	0
Y57A10A.13	ostb-1	24.42	2.39986106991854	0	0
Y57A10A.13	ostd-1	25.714	3.08093267057133	0	0
Y57A10A.13	ostf-4	22.352	3.16752074657953	0	0
Y57A10A.13	otpl-1	21.324	14.2976578665245	0	0
Y57A10A.13	otpl-2	19.986	1.5424265122251	0	0
Y57A10A.13	otpl-3	24.488	7.32522229186145	0	0
Y57A10A.13	otpl-4	19.3	3.13867347378875	0	0
Y57A10A.13	otpl-5	15.616	1.52321662537401	0	0
Y57A10A.13	otpl-6	24.158	8.68559463006747	0	0
Y57A10A.13	otpl-7	20.238	16.4718581773448	0	0
Y57A10A.13	otpl-8	22.822	20.4944333122247	0	0
Y57A10A.13	otub-1	19.376	14.5072793710577	0	0
Y57A10A.13	otub-2	21.948	5.07905546425152	0	0
Y57A10A.13	otub-3	17.498	48.8148519638548	0	0
Y57A10A.13	otub-4	19.38	16.1543383999752	0	0
Y57A10A.13	oxa-1	24.74	1.49282015461757	0	0
Y57A10A.13	oxi-1	25.206	8.68780062929782	0	0
Y57A10A.13	oxy-4	23.194	17.1424479009659	0	0
Y57A10A.13	oxy-5	21.518	2.2397247892326	0	0
Y57A10A.13	paa-1	25.178	3.48363208831926	0	0
Y57A10A.13	pab-1	12.722	1.84627377434964	0	0
Y57A10A.13	pab-2	14.966	3.55381962070713	0	0
Y57A10A.13	pabp-2	13.288	37.4208403970553	0	0
Y57A10A.13	pac-1	24.914	4.48619082136322	0	0
Y57A10A.13	pacl-1	26.368	2.9669185045119	0	0
Y57A10A.13	pacs-1	16.964	14.2604236991806	0	0
Y57A10A.13	pad-2	22.57	4.63602481876703	0	0
Y57A10A.13	paf-1	23.33	1.27621731084093	0	0
Y57A10A.13	paf-2	21.048	2.19511657958614	0	0
Y57A10A.13	pafo-1	28.852	0.62117196221322	0	0
Y57A10A.13	pag-3	20.502	11.3649751722864	0	0
Y57A10A.13	pah-1	12.124	2.89542484419827	0	0
Y57A10A.13	paic-1	23.088	1.84787777144684	0	0
Y57A10A.13	pak-1	13.62	9.35251962639125	0	0
Y57A10A.13	pak-2	21.364	13.587933486142	0	0
Y57A10A.13	pal-1	8.6	63.3669189268185	0	0
Y57A10A.13	pals-1	22.756	11.2366665443163	0	0
Y57A10A.13	pals-10	24.494	6.90535979983552	0	0
Y57A10A.13	pals-11	28.096	1.92964519826274	0	0
Y57A10A.13	pals-12	26.756	4.01501675653349	0	0
Y57A10A.13	pals-13	22.394	11.5222671009702	0	0
Y57A10A.13	pals-14	26.948	3.75019956926542	0	0
Y57A10A.13	pals-15	24.702	4.67002691482781	0	0
Y57A10A.13	pals-16	27.056	6.74000649355453	0	0
Y57A10A.13	pals-17	25.738	3.05921880935458	0	0
Y57A10A.13	pals-18	25.834	4.17673636346602	0	0
Y57A10A.13	pals-19	20.792	25.4963214133614	0	0
Y57A10A.13	pals-2	27.354	3.76869184307551	0	0
Y57A10A.13	pals-20	26.982	3.21171615368121	0	0
Y57A10A.13	pals-21	21.296	31.0505647107869	0	0
Y57A10A.13	pals-22	22.272	5.01713660003278	0	0
Y57A10A.13	pals-23	11.472	1.5947357049028	0	0
Y57A10A.13	pals-24	27.41	3.73661806029022	0	0
Y57A10A.13	pals-25	26.784	2.33678082331942	0	0
Y57A10A.13	pals-26	25.388	6.1466170001402	0	0
Y57A10A.13	pals-27	25.612	7.28623738592332	0	0
Y57A10A.13	pals-28	27.816	1.86208486919858	0	0
Y57A10A.13	pals-29	25.788	8.52454907349122	0	0
Y57A10A.13	pals-3	20.088	11.1103817692908	0	0
Y57A10A.13	pals-30	25.16	11.7386947662463	0	0
Y57A10A.13	pals-31	27.614	1.1075061502848	0	0
Y57A10A.13	pals-32	28.348	8.02393552934551	0	0
Y57A10A.13	pals-33	9.438	4.99865703135627	0	0
Y57A10A.13	pals-34	21.36	2.93136218264075	0	0
Y57A10A.13	pals-37	26.508	10.5662301385249	0	0
Y57A10A.13	pals-38	25.944	8.69615959410733	0	0
Y57A10A.13	pals-39	25.11	9.27835973086349	0	0
Y57A10A.13	pals-4	27.478	1.60899589941641	0	0
Y57A10A.13	pals-40	19.026	4.3054988342399	0	0
Y57A10A.13	pals-5	24.198	13.4351338200245	0	0
Y57A10A.13	pals-6	19.632	20.3282179710166	0	0
Y57A10A.13	pals-7	26.752	12.3841213775442	0	0
Y57A10A.13	pals-8	25.824	3.9782420562619	0	0
Y57A10A.13	pals-9	21.874	21.1609690560507	0	0
Y57A10A.13	pam-1	24.12	3.066171975142	0	0
Y57A10A.13	paml-1	13.276	18.5307951906406	0	0
Y57A10A.13	paml-2	4.008	4.14652343523797	1	1
Y57A10A.13	pamn-1	26.228	0.846303439945391	0	0
Y57A10A.13	pan-1	25.028	3.90728844424201	0	0
Y57A10A.13	pana-1	22.93	4.71533430356063	0	0
Y57A10A.13	panl-3	12.578	5.79135540004351	0	0
Y57A10A.13	pap-1	17.726	2.19240541584882	0	0
Y57A10A.13	pap-2	23.67	4.56469312960053	0	0
Y57A10A.13	pap-3	10.444	3.98515015389641	0	0
Y57A10A.13	papl-1	22.664	17.1881136901752	0	0
Y57A10A.13	paqr-1	23.156	3.1363092102717	0	0
Y57A10A.13	paqr-2	17.24	1.33031843865194	0	0
Y57A10A.13	paqr-3	16.43	0.798227452745223	0	0
Y57A10A.13	par-1	22.556	12.3531388004079	0	0
Y57A10A.13	par-2	19.82	23.1376687984017	0	0
Y57A10A.13	par-3	22.064	7.36145815023419	0	0
Y57A10A.13	par-4	23.632	8.42032818579046	0	0
Y57A10A.13	par-5	17.28	22.9022676191038	0	0
Y57A10A.13	par-6	22.9	4.12530881313415	0	0
Y57A10A.13	parg-1	23.59	2.50518767564093	0	0
Y57A10A.13	parg-2	23.246	5.86891232796897	0	0
Y57A10A.13	parn-1	27.818	1.25210369749371	0	0
Y57A10A.13	parn-2	25.508	4.54348483966597	0	0
Y57A10A.13	parp-1	27.65	2.18365193913649	0	0
Y57A10A.13	parp-2	28.008	1.66194747460093	0	0
Y57A10A.13	pars-1	25.054	4.61963065255957	0	0
Y57A10A.13	pars-2	22.578	9.5955706499537	0	0
Y57A10A.13	pas-1	24.246	7.56359904485734	0	0
Y57A10A.13	pas-2	27.112	4.87060651160803	0	0
Y57A10A.13	pas-3	21.894	14.455586013354	0	0
Y57A10A.13	pas-4	25.354	7.48176406646158	0	0
Y57A10A.13	pas-5	22.906	10.9090007836197	0	0
Y57A10A.13	pas-6	24.696	10.3921012420081	0	0
Y57A10A.13	pas-7	25.3	10.8272262004715	0	0
Y57A10A.13	pash-1	23.328	17.7938704869269	0	0
Y57A10A.13	pat-10	15.902	3.48017016974287	0	0
Y57A10A.13	pat-12	16.2	3.46642176687635	0	0
Y57A10A.13	pat-2	26.22	8.88646906414516	0	0
Y57A10A.13	pat-3	28.034	0.740376760454856	0	0
Y57A10A.13	pat-4	23.886	10.836647475961	0	0
Y57A10A.13	pat-6	18.626	11.5030810946803	0	0
Y57A10A.13	pat-9	20.17	5.23517899899427	0	0
Y57A10A.13	patr-1	15.02	0.883255603290387	0	0
Y57A10A.13	pax-1	14.16	40.7407229825991	0	0
Y57A10A.13	pax-2	18.164	16.1164558367243	0	0
Y57A10A.13	pax-3	21.608	10.2909172301321	0	0
Y57A10A.13	paxt-1	27.092	4.03747494152642	0	0
Y57A10A.13	pbo-1	21.256	6.94488423441122	0	0
Y57A10A.13	pbo-4	23.776	3.01033555688694	0	0
Y57A10A.13	pbo-5	27.692	2.98945747638332	0	0
Y57A10A.13	pbo-6	26.504	3.68247075602994	0	0
Y57A10A.13	pbrm-1	25.33	11.9976176269804	0	0
Y57A10A.13	pbs-1	25.374	11.8596097717159	0	0
Y57A10A.13	pbs-2	28.278	2.00050605538781	0	0
Y57A10A.13	pbs-3	28.35	0.670194003527338	0	0
Y57A10A.13	pbs-4	29.582	0.904984559504056	0	0
Y57A10A.13	pbs-5	23.538	22.8917787525452	0	0
Y57A10A.13	pbs-6	24.148	5.18199136135983	0	0
Y57A10A.13	pbs-7	26.914	1.90067130234199	0	0
Y57A10A.13	pcaf-1	26.006	3.42343191193759	0	0
Y57A10A.13	pcbd-1	24.662	11.0062218604342	0	0
Y57A10A.13	pcca-1	25.812	3.03948096585584	0	0
Y57A10A.13	pccb-1	27.324	2.07523113032558	0	0
Y57A10A.13	pcdr-1	22.382	2.1904898257199	0	0
Y57A10A.13	pcf-11	28.048	2.90408113989698	0	0
Y57A10A.13	pch-2	15.738	9.85854585515231	0	0
Y57A10A.13	pck-1	22.128	6.90836243323694	0	0
Y57A10A.13	pck-2	25.652	2.9814463886434	0	0
Y57A10A.13	pck-3	25.95	4.71829599680487	0	0
Y57A10A.13	pcm-1	21.15	3.57623131864789	0	0
Y57A10A.13	pcmd-1	10.762	7.46265909282714	0	0
Y57A10A.13	pcn-1	25.658	3.11005805774999	0	0
Y57A10A.13	pcp-1	22.458	3.02007187794052	0	0
Y57A10A.13	pcp-2	26.24	4.23969966085248	0	0
Y57A10A.13	pcp-3	26.89	0.700192279054023	0	0
Y57A10A.13	pcp-4	26.178	2.12163173737957	0	0
Y57A10A.13	pcp-5	25.326	5.3498031253989	0	0
Y57A10A.13	pcrg-1	14.32	3.04592576641961	0	0
Y57A10A.13	pcs-1	23.248	2.44698935360184	0	0
Y57A10A.13	pct-1	19.6	5.38706415637556	0	0
Y57A10A.13	pcyt-2.1	24.194	2.54012048787941	0	0
Y57A10A.13	pcyt-2.2	15.75	5.89194718002329	0	0
Y57A10A.13	pdcd-2	20.968	2.53022445313418	0	0
Y57A10A.13	pde-1	15.894	27.0335809214387	0	0
Y57A10A.13	pde-12	14.45	47.9205150408931	0	0
Y57A10A.13	pde-2	20.658	2.92021406797512	0	0
Y57A10A.13	pde-3	15.604	33.1787217484659	0	0
Y57A10A.13	pde-4	17.662	32.8342844691122	0	0
Y57A10A.13	pde-5	21.702	11.4538437809403	0	0
Y57A10A.13	pde-6	20.14	22.55578927383	0	0
Y57A10A.13	pdf-1	11.342	10.6831304090706	0	0
Y57A10A.13	pdf-2	8.106	19.8937192386734	0	0
Y57A10A.13	pdfr-1	11.722	4.9792648608392	0	0
Y57A10A.13	pdha-1	25.206	2.18986852511893	0	0
Y57A10A.13	pdhb-1	21.486	11.7542389877284	0	0
Y57A10A.13	pdhk-2	21.722	2.92926046047406	0	0
Y57A10A.13	pdi-1	8.73	12.618179445514	0	0
Y57A10A.13	pdi-2	16.88	4.69058156796625	0	0
Y57A10A.13	pdi-3	25.042	4.55929997734832	0	0
Y57A10A.13	pdi-6	13.266	6.68992319572131	0	0
Y57A10A.13	pdk-1	26.422	2.98842315171467	0	0
Y57A10A.13	pdl-1	24.022	9.5084194451746	0	0
Y57A10A.13	pdp-1	21.926	8.21833311896373	0	0
Y57A10A.13	pdpr-1	26.424	0.993586263237368	0	0
Y57A10A.13	pdr-1	23.284	4.07774869491944	0	0
Y57A10A.13	pdtf-1	15.5	2.42386676053796	0	0
Y57A10A.13	pdxk-1	25.046	9.05956750155853	0	0
Y57A10A.13	pdzd-8	25.158	5.09803576821333	0	0
Y57A10A.13	peb-1	19.758	15.5379851908221	0	0
Y57A10A.13	peel-1	19.464	3.0145590906849	0	0
Y57A10A.13	pef-1	18.778	13.1470806126993	0	0
Y57A10A.13	pei-1	19.178	16.2747567862947	0	0
Y57A10A.13	pei-2	12.568	1.58176621766889	0	0
Y57A10A.13	pek-1	24.534	6.09584009650681	0	0
Y57A10A.13	peli-1	20.156	4.69028052333086	0	0
Y57A10A.13	pelo-1	24.74	6.15585145023196	0	0
Y57A10A.13	pen-2	15.002	2.68598593519547	0	0
Y57A10A.13	penr-1	11.638	72.381935970116	0	0
Y57A10A.13	pepm-1	26.76	1.41880011259863	0	0
Y57A10A.13	pept-1	17.726	6.95437626450701	0	0
Y57A10A.13	pept-2	19.614	11.1703003949746	0	0
Y57A10A.13	pept-3	21.76	2.18157370430476	0	0
Y57A10A.13	perm-1	23.704	8.05288423113635	0	0
Y57A10A.13	perm-2	19.088	3.49760398107834	0	0
Y57A10A.13	perm-3	25.972	8.52280305638302	0	0
Y57A10A.13	perm-4	20.212	2.91872253856197	0	0
Y57A10A.13	perm-5	21.476	6.91548716677525	0	0
Y57A10A.13	pes-1	13.188	11.7224202354426	0	0
Y57A10A.13	pes-10	19.612	5.31859051524948	0	0
Y57A10A.13	pes-2.1	23.174	5.13974083158319	0	0
Y57A10A.13	pes-23	21.188	1.04761405620576	0	0
Y57A10A.13	pes-4	14.498	7.77560025120737	0	0
Y57A10A.13	pes-5	24.348	8.53931028892748	0	0
Y57A10A.13	pes-7	26.506	10.9369048959175	0	0
Y57A10A.13	pes-8	20.772	10.9015986557678	0	0
Y57A10A.13	pes-9	24.022	5.58058048539597	0	0
Y57A10A.13	pfas-1	17.386	1.29803727131555	0	0
Y57A10A.13	pfd-1	26.754	7.29023967130613	0	0
Y57A10A.13	pfd-2	7.246	4.42656808097807	0	0
Y57A10A.13	pfd-3	2.972	4.95314053747245	1	1
Y57A10A.13	pfd-4	21.53	5.48101977524548	0	0
Y57A10A.13	pfd-5	25.254	7.19750468673061	0	0
Y57A10A.13	pfd-6	23.498	8.29554451082699	0	0
Y57A10A.13	pfk-1.1	25.65	3.49281622332321	0	0
Y57A10A.13	pfk-1.2	23.682	2.47129500227892	0	0
Y57A10A.13	pfkb-1.1	23.55	4.07289301342906	0	0
Y57A10A.13	pfkb-1.2	26.536	2.93645446288209	0	0
Y57A10A.13	pfn-1	24.334	12.002084612934	0	0
Y57A10A.13	pfn-2	28.976	2.913560809137	0	0
Y57A10A.13	pfn-3	26.894	5.54697804977529	0	0
Y57A10A.13	pfs-2	27.34	5.96134337824244	0	0
Y57A10A.13	pfut-1	24.932	11.2026294036319	0	0
Y57A10A.13	pgal-1	21.822	4.03124742046664	0	0
Y57A10A.13	pgam-5	23.598	1.47966118096756	0	0
Y57A10A.13	pgap-1	26.07	0.904474577871236	0	0
Y57A10A.13	pgap-2	22.66	3.20972578040038	0	0
Y57A10A.13	pgap-3	20.276	21.8216046781567	0	0
Y57A10A.13	pges-2	19.01	22.6500230687597	0	0
Y57A10A.13	pghm-1	19.614	9.08442589471997	0	0
Y57A10A.13	pgk-1	23.42	3.34741368446108	0	0
Y57A10A.13	pgl-1	22.446	5.10493359067893	0	0
Y57A10A.13	pgl-2	22.588	2.25792282391634	0	0
Y57A10A.13	pgl-3	14.976	3.33085355159838	0	0
Y57A10A.13	pgm-1	27.296	3.19827290715672	0	0
Y57A10A.13	pgm-2	25.13	2.40756331398425	0	0
Y57A10A.13	pgm-3	24.48	2.53416175277475	0	0
Y57A10A.13	pgph-1	24.836	3.65113770060792	0	0
Y57A10A.13	pgph-2	24.748	9.56938503156626	0	0
Y57A10A.13	pgph-3	21.728	17.0067625040826	0	0
Y57A10A.13	pgrn-1	17.054	2.65996132882176	0	0
Y57A10A.13	pgs-1	21.87	7.05680994068147	0	0
Y57A10A.13	pha-1	27.054	4.71229651328216	0	0
Y57A10A.13	pha-2	20.14	17.8531397137251	0	0
Y57A10A.13	pha-4	12.344	16.2756154421107	0	0
Y57A10A.13	phac-1	16.198	5.42897980947287	0	0
Y57A10A.13	phat-1	23.534	11.9038093208878	0	0
Y57A10A.13	phat-2	20.998	12.927561792309	0	0
Y57A10A.13	phat-3	25.806	6.25163862909358	0	0
Y57A10A.13	phat-4	26.546	1.69884998795522	0	0
Y57A10A.13	phat-5	24.028	12.0851860634802	0	0
Y57A10A.13	phat-6	19.462	6.3758847574653	0	0
Y57A10A.13	phat-7	26.996	1.4836906925161	0	0
Y57A10A.13	phat-8	24.608	6.24316086059547	0	0
Y57A10A.13	phb-1	21.046	2.83314342217093	0	0
Y57A10A.13	phb-2	24.616	6.03759062825354	0	0
Y57A10A.13	phdh-1	26.258	2.66713243134049	0	0
Y57A10A.13	phf-10	28.102	2.5249313192108	0	0
Y57A10A.13	phf-14	18.158	7.87805054153602	0	0
Y57A10A.13	phf-15	25.326	2.24919631921887	0	0
Y57A10A.13	phf-30	23.07	17.2939120195762	0	0
Y57A10A.13	phf-31	21.114	8.37091974998722	0	0
Y57A10A.13	phf-32	20.744	1.32221788436923	0	0
Y57A10A.13	phf-33	16.372	8.82381445134074	0	0
Y57A10A.13	phf-34	21.972	7.83742712776965	0	0
Y57A10A.13	phf-5	14.732	1.39887664776485	0	0
Y57A10A.13	phg-1	21.922	6.48107597438399	0	0
Y57A10A.13	phip-1	25.73	8.0559190733772	0	0
Y57A10A.13	phlp-2	25.574	2.5075161222567	0	0
Y57A10A.13	phm-2	25.26	11.1741738817779	0	0
Y57A10A.13	pho-1	22.426	1.92378427661038	0	0
Y57A10A.13	pho-10	24.562	3.38525616992753	0	0
Y57A10A.13	pho-11	26.116	2.14335609075011	0	0
Y57A10A.13	pho-12	18.336	1.35884917123887	0	0
Y57A10A.13	pho-13	21.494	4.19323306457411	0	0
Y57A10A.13	pho-14	23.91	12.3779911023599	0	0
Y57A10A.13	pho-4	23.562	2.03616143300635	0	0
Y57A10A.13	pho-5	23.136	8.0171145215597	0	0
Y57A10A.13	pho-6	22.01	4.89422371994375	0	0
Y57A10A.13	pho-7	22.086	3.41111588635216	0	0
Y57A10A.13	pho-8	21.81	4.67000619037551	0	0
Y57A10A.13	pho-9	21.538	3.39291819409166	0	0
Y57A10A.13	php-3	18.154	24.1671751140261	0	0
Y57A10A.13	phy-2	10.148	8.88826520296061	0	0
Y57A10A.13	phy-3	24.068	5.51752151246304	0	0
Y57A10A.13	phy-4	20.008	11.036497953683	0	0
Y57A10A.13	phyh-1	3.364	4.16489601337535	1	1
Y57A10A.13	picc-1	17.434	9.25543343881303	0	0
Y57A10A.13	picd-1	28.922	3.52955639032232	0	0
Y57A10A.13	pid-1	15.152	12.4502177705544	0	0
Y57A10A.13	pid-2	20.02	4.85505749316041	0	0
Y57A10A.13	pid-3	19.214	1.81212130435567	0	0
Y57A10A.13	pid-4	23.856	10.5034352076325	0	0
Y57A10A.13	pid-5	22.828	2.59721053553335	0	0
Y57A10A.13	pie-1	7.97	3.15802081522038	0	0
Y57A10A.13	pif-1	21.708	2.25332747379975	0	0
Y57A10A.13	pifk-1	22.63	18.3853332661808	0	0
Y57A10A.13	pig-1	22.268	2.45278777276271	0	0
Y57A10A.13	piga-1	25.318	2.87362277081003	0	0
Y57A10A.13	pigb-1	23.362	2.50075329027534	0	0
Y57A10A.13	pigc-1	16.478	4.07041807241071	0	0
Y57A10A.13	pigg-1	26.978	1.66954897876411	0	0
Y57A10A.13	pigk-1	22.25	2.41862904217056	0	0
Y57A10A.13	pigl-1	17	4.64240273071896	0	0
Y57A10A.13	pigm-1	19.682	2.50750998222067	0	0
Y57A10A.13	pign-1	26.978	2.99665195026429	0	0
Y57A10A.13	pigo-1	27.856	3.18971449858127	0	0
Y57A10A.13	pigq-1	23.122	2.42181997078575	0	0
Y57A10A.13	pigs-1	24.126	0.903171098397736	0	0
Y57A10A.13	pigt-1	25.928	1.43233500628635	0	0
Y57A10A.13	pigu-1	18.104	3.86469401885075	0	0
Y57A10A.13	pigv-1	24.234	2.17306802865179	0	0
Y57A10A.13	pigw-1	8.048	3.53350535518137	0	0
Y57A10A.13	pigx-1	27.842	3.04452119257788	0	0
Y57A10A.13	piit-1	26.294	6.43539563009296	0	0
Y57A10A.13	pik-1	22.46	12.2592392685323	0	0
Y57A10A.13	piki-1	27.334	2.91135185752576	0	0
Y57A10A.13	pin-2	24.964	5.50393148374982	0	0
Y57A10A.13	pink-1	24.67	1.03622399928368	0	0
Y57A10A.13	pinn-1	27.156	2.82799879817503	0	0
Y57A10A.13	pinn-4	28.242	2.38334659966597	0	0
Y57A10A.13	pipp-4p	23.794	8.6857839367377	0	0
Y57A10A.13	pir-1	24.312	2.81211423273269	0	0
Y57A10A.13	pis-1	15.94	19.9850446044808	0	0
Y57A10A.13	pisy-1	7.984	3.4285251376268	0	0
Y57A10A.13	pitp-1	19.038	17.2731385962581	0	0
Y57A10A.13	pitr-1	21.046	1.28668215105029	0	0
Y57A10A.13	pitr-2	24.166	6.19309304388962	0	0
Y57A10A.13	pitr-3	17.996	3.30374438992882	0	0
Y57A10A.13	pitr-4	23.974	6.83912888612629	0	0
Y57A10A.13	pitr-5	27.032	3.9993217868756	0	0
Y57A10A.13	pitr-6	23.584	4.4524334418977	0	0
Y57A10A.13	pix-1	23.536	4.42392775190109	0	0
Y57A10A.13	pkal-1	25.43	9.53462294368524	0	0
Y57A10A.13	pkc-1	25.99	3.37529815301476	0	0
Y57A10A.13	pkc-2	23.202	3.25158849387951	0	0
Y57A10A.13	pkc-3	23.448	3.20047139943029	0	0
Y57A10A.13	pkd-2	21.994	1.10700575018883	0	0
Y57A10A.13	pkg-2	23.736	5.42085202511709	0	0
Y57A10A.13	pkhm-2	25.222	4.68344224965119	0	0
Y57A10A.13	pkn-1	19.156	4.19099111331827	0	0
Y57A10A.13	plag-15	24.488	4.03778163027607	0	0
Y57A10A.13	plc-1	26.946	3.04160677501039	0	0
Y57A10A.13	plc-2	24.348	5.7183647006491	0	0
Y57A10A.13	plc-3	13.616	2.39822630292519	0	0
Y57A10A.13	plc-4	24.636	4.56487316071669	0	0
Y57A10A.13	pld-1	22.574	8.91135189890859	0	0
Y57A10A.13	plep-1	22.898	3.18122404671794	0	0
Y57A10A.13	plin-1	18.006	6.17942888397453	0	0
Y57A10A.13	plk-1	7.046	2.3526955191714	0	0
Y57A10A.13	plk-2	19.152	3.67234651256104	0	0
Y57A10A.13	plk-3	21.254	0.595697921728292	0	0
Y57A10A.13	pll-1	9.184	2.82744850967195	0	0
Y57A10A.13	plp-1	19.804	20.160178547212	0	0
Y57A10A.13	plp-2	23.858	3.80217043351635	0	0
Y57A10A.13	plpp-1.1	22.686	6.60440657484095	0	0
Y57A10A.13	plpp-1.2	23.71	10.7918998947842	0	0
Y57A10A.13	plpp-1.3	23.654	8.34579771533287	0	0
Y57A10A.13	plpr-1	21.014	3.84200958868517	0	0
Y57A10A.13	plr-1	25.258	5.21017626936958	0	0
Y57A10A.13	plrg-1	12.36	7.51992079367201	0	0
Y57A10A.13	plst-1	21.75	11.1598245139159	0	0
Y57A10A.13	plx-1	20.04	5.57354180655794	0	0
Y57A10A.13	plx-2	23.57	1.75212981305934	0	0
Y57A10A.13	pmk-1	21.728	6.15163084582879	0	0
Y57A10A.13	pmk-2	21.304	7.23132550655273	0	0
Y57A10A.13	pmk-3	22.642	5.96640979183308	0	0
Y57A10A.13	pmlr-1	21.048	19.8761667905752	0	0
Y57A10A.13	pmp-1	27.838	3.85467958051281	0	0
Y57A10A.13	pmp-2	28.218	1.49921490035103	0	0
Y57A10A.13	pmp-3	25.606	3.98942888962889	0	0
Y57A10A.13	pmp-4	24.854	2.26437476543474	0	0
Y57A10A.13	pmp-5	28.858	0.896755234481948	0	0
Y57A10A.13	pmpl-1	23.302	3.89230114620864	0	0
Y57A10A.13	pmr-1	23.446	17.6673445405169	0	0
Y57A10A.13	pms-2	27.684	0.821565887788187	0	0
Y57A10A.13	pmt-1	2.188	2.98652819976317	1	1
Y57A10A.13	pmt-2	19.806	2.55250533327949	0	0
Y57A10A.13	pnc-1	21.124	13.2761231411218	0	0
Y57A10A.13	pnc-2	21.022	11.1954726901776	0	0
Y57A10A.13	png-1	26.252	2.61611440162446	0	0
Y57A10A.13	pnk-1	20.498	2.8367687975849	0	0
Y57A10A.13	pnk-4	16.134	3.88596085175537	0	0
Y57A10A.13	pnn-1	24.6	10.7626893258863	0	0
Y57A10A.13	pno-1	20.068	14.7875288435862	0	0
Y57A10A.13	pnp-1	18.328	33.4496846510038	0	0
Y57A10A.13	pod-1	24.876	3.04887918777664	0	0
Y57A10A.13	pod-2	28.988	1.46061432808814	0	0
Y57A10A.13	pola-1	10.614	3.0482653798746	0	0
Y57A10A.13	pole-1	29.112	1.06246796527469	0	0
Y57A10A.13	pole-2	26.58	2.7943244748286	0	0
Y57A10A.13	pole-4	18.834	5.44799323557584	0	0
Y57A10A.13	polg-1	21.296	11.5475799450207	0	0
Y57A10A.13	polh-1	8.618	81.2403593186471	0	0
Y57A10A.13	polk-1	20.12	3.51356850093756	0	0
Y57A10A.13	polq-1	26.624	4.09022376512756	0	0
Y57A10A.13	poml-1	13.976	3.95465406121775	0	0
Y57A10A.13	poml-2	26.628	3.16588724434429	0	0
Y57A10A.13	poml-3	26.352	1.7117353149197	0	0
Y57A10A.13	poml-4	26.914	3.88025682762511	0	0
Y57A10A.13	pop-1	19.488	9.54291408901907	0	0
Y57A10A.13	popl-1	26.27	1.64148915797033	0	0
Y57A10A.13	popl-4	26.128	4.22995001195395	0	0
Y57A10A.13	popl-5	27.756	4.72468930784496	0	0
Y57A10A.13	popl-7	24.552	3.49867056525819	0	0
Y57A10A.13	pos-1	22.706	13.6154207115579	0	0
Y57A10A.13	pot-1	27.212	2.62184468499593	0	0
Y57A10A.13	pot-2	23.836	6.39981786450632	0	0
Y57A10A.13	pot-3	10.518	2.9826927176566	0	0
Y57A10A.13	ppat-1	19.992	7.04593558183335	0	0
Y57A10A.13	ppfr-1	24.09	7.72662349828049	0	0
Y57A10A.13	ppfr-2	18.888	16.8409305522618	0	0
Y57A10A.13	ppfr-4	16.248	6.21697227057486	0	0
Y57A10A.13	ppgn-1	20.576	19.4579343476117	0	0
Y57A10A.13	pph-1	16.126	2.33579075100845	0	0
Y57A10A.13	pph-2	16.946	47.9638657665409	0	0
Y57A10A.13	pph-4.1	18.206	5.44893587592701	0	0
Y57A10A.13	pph-4.2	20.598	7.7915573434851	0	0
Y57A10A.13	pph-5	6.82	4.09114558014771	0	0
Y57A10A.13	pph-6	21.198	4.75974040757964	0	0
Y57A10A.13	pph-7	16.404	5.63822597286237	0	0
Y57A10A.13	ppk-1	21.718	5.88818633867943	0	0
Y57A10A.13	ppk-2	21.938	2.40002213661389	0	0
Y57A10A.13	ppk-3	22.236	18.8160243109452	0	0
Y57A10A.13	ppm-1.A	19.334	39.0266774325362	0	0
Y57A10A.13	ppm-1.G	13.02	9.80098134620539	0	0
Y57A10A.13	ppm-1.d	23.532	3.81019828223256	0	0
Y57A10A.13	ppm-1.h	22.06	4.62675226732657	0	0
Y57A10A.13	ppm-2	15.586	1.99753516963218	0	0
Y57A10A.13	pps-1	26.882	2.67545141611429	0	0
Y57A10A.13	ppt-1	22	2.99534763224847	0	0
Y57A10A.13	pptr-1	18.472	15.6718968132439	0	0
Y57A10A.13	pptr-2	21.494	18.744153379821	0	0
Y57A10A.13	ppw-1	15.472	5.10689780401795	0	0
Y57A10A.13	ppw-2	22.876	13.6775240566386	0	0
Y57A10A.13	pqbp-1.1	20.032	3.86460466599736	0	0
Y57A10A.13	pqe-1	16.01	4.07865776822349	0	0
Y57A10A.13	pqm-1	15.044	26.1880969216096	0	0
Y57A10A.13	pqn-10	13.832	27.848341573156	0	0
Y57A10A.13	pqn-13	14.682	6.14873238419299	0	0
Y57A10A.13	pqn-15	27	3.68588305322214	0	0
Y57A10A.13	pqn-16	20.798	11.4386796978413	0	0
Y57A10A.13	pqn-18	15.428	27.8494767571234	0	0
Y57A10A.13	pqn-2	23.606	3.10699446695191	0	0
Y57A10A.13	pqn-20	21.19	22.3698135879654	0	0
Y57A10A.13	pqn-21	19.848	8.11668525611517	0	0
Y57A10A.13	pqn-22	25.2	8.3199060380957	0	0
Y57A10A.13	pqn-24	17.568	3.23363217643846	0	0
Y57A10A.13	pqn-25	8.842	2.26955287000332	0	0
Y57A10A.13	pqn-26	19.52	13.4730684690627	0	0
Y57A10A.13	pqn-27	10.64	43.3475519564132	0	0
Y57A10A.13	pqn-29	4.94	9.26431329676025	1	1
Y57A10A.13	pqn-31	9.824	3.29653723499776	0	0
Y57A10A.13	pqn-32	22.498	9.87591935026858	0	0
Y57A10A.13	pqn-35	13.9	8.22695764858097	0	0
Y57A10A.13	pqn-36	21.244	6.66287448516365	0	0
Y57A10A.13	pqn-37	20.986	1.79391237190327	0	0
Y57A10A.13	pqn-39	13.776	10.5451327734966	0	0
Y57A10A.13	pqn-41	27.612	1.86564087159001	0	0
Y57A10A.13	pqn-42	22.236	6.7550006453001	0	0
Y57A10A.13	pqn-48	20.312	7.12414154821475	0	0
Y57A10A.13	pqn-51	17.364	4.20165410549064	0	0
Y57A10A.13	pqn-52	22.61	3.35814228619694	0	0
Y57A10A.13	pqn-53	22.554	1.60065826531327	0	0
Y57A10A.13	pqn-54	16.086	30.1872889834696	0	0
Y57A10A.13	pqn-57	18.894	22.145907915782	0	0
Y57A10A.13	pqn-59	16.454	21.1215001753445	0	0
Y57A10A.13	pqn-62	4.252	17.4459515601454	0	0
Y57A10A.13	pqn-63	17.498	18.7346469549092	0	0
Y57A10A.13	pqn-65	23.036	2.07385933209762	0	0
Y57A10A.13	pqn-67	17.038	11.2221677984909	0	0
Y57A10A.13	pqn-68	17.804	2.26646817818423	0	0
Y57A10A.13	pqn-70	14.01	28.3978761361575	0	0
Y57A10A.13	pqn-71	17.244	1.8681804328098	0	0
Y57A10A.13	pqn-72	21.618	4.4688911203583	0	0
Y57A10A.13	pqn-73	18.09	4.66036430609452	0	0
Y57A10A.13	pqn-74	18.59	3.61951049075363	0	0
Y57A10A.13	pqn-75	20.272	3.60092468313731	0	0
Y57A10A.13	pqn-78	20.88	4.29274824526754	0	0
Y57A10A.13	pqn-79	21.774	3.97104804336471	0	0
Y57A10A.13	pqn-8	17.542	3.4874934604664	0	0
Y57A10A.13	pqn-80	23.506	6.82360931432308	0	0
Y57A10A.13	pqn-82	15.188	5.8006657085673	0	0
Y57A10A.13	pqn-83	9.62	5.86973018789454	0	0
Y57A10A.13	pqn-84	14	3.94283126285502	0	0
Y57A10A.13	pqn-87	13.726	67.6800582681316	0	0
Y57A10A.13	pqn-88	9.39	36.8632505842647	0	0
Y57A10A.13	pqn-89	14.64	9.8955349688869	0	0
Y57A10A.13	pqn-90	19.466	7.63465963410425	0	0
Y57A10A.13	pqn-91	16.432	18.2680813046134	0	0
Y57A10A.13	pqn-92	18.412	7.30621970131652	0	0
Y57A10A.13	pqn-94	18.022	12.3307935349033	0	0
Y57A10A.13	pqn-96	15.088	23.6044679456174	0	0
Y57A10A.13	pqn-97	23.544	7.28423996655338	0	0
Y57A10A.13	pqn-98	21.262	35.451649724041	0	0
Y57A10A.13	praf-3	21.886	3.83978304090281	0	0
Y57A10A.13	prcc-1	19.26	2.9633703375132	0	0
Y57A10A.13	prde-1	27.12	2.28479716262283	0	0
Y57A10A.13	prdh-1	20.124	2.14787497598472	0	0
Y57A10A.13	prdm-14	15.604	4.42857892176033	0	0
Y57A10A.13	prdx-2	26.038	7.13702268649405	0	0
Y57A10A.13	prdx-3	25.856	2.81465357177693	0	0
Y57A10A.13	prdx-6	21.588	19.3981876151937	0	0
Y57A10A.13	prel-1	23.296	11.7530796848735	0	0
Y57A10A.13	prel-3	26.326	5.0294695579369	0	0
Y57A10A.13	prg-1	28.114	3.43743522116853	0	0
Y57A10A.13	prhg-1	21.836	8.65667918635608	0	0
Y57A10A.13	pri-1	26.98	2.91351428827573	0	0
Y57A10A.13	pri-2	24.648	8.81014609663021	0	0
Y57A10A.13	prk-1	19.976	9.6743339717611	0	0
Y57A10A.13	prk-2	21.524	6.63143789591668	0	0
Y57A10A.13	prkl-1	7.04	5.88332313321953	0	0
Y57A10A.13	prmn-1	26.152	12.8241986447159	0	0
Y57A10A.13	prmt-1	16.558	3.57687153977805	0	0
Y57A10A.13	prmt-4	27.428	6.99494088492108	0	0
Y57A10A.13	prmt-5	25.53	1.8096611573085	0	0
Y57A10A.13	prmt-6	19.832	1.98946337742843	0	0
Y57A10A.13	prmt-7	23.562	5.84468132727224	0	0
Y57A10A.13	prmt-9	24.664	5.58965853587182	0	0
Y57A10A.13	pro-1	25.614	2.21755790452715	0	0
Y57A10A.13	pro-2	24.388	10.9963295613165	0	0
Y57A10A.13	pro-3	23.422	21.4423941129742	0	0
Y57A10A.13	prom-1	26.24	10.0740312787575	0	0
Y57A10A.13	pros-1	14.23	6.13541320105112	0	0
Y57A10A.13	prp-17	28.432	1.1538227119397	0	0
Y57A10A.13	prp-18	17.254	6.18472775867841	0	0
Y57A10A.13	prp-19	25.268	2.71164638586014	0	0
Y57A10A.13	prp-21	24.882	5.03177553958706	0	0
Y57A10A.13	prp-3	15.212	5.96790751572189	0	0
Y57A10A.13	prp-31	23.992	17.1822365242667	0	0
Y57A10A.13	prp-38	18.886	5.72472022571806	0	0
Y57A10A.13	prp-39	16.23	22.0763681924161	0	0
Y57A10A.13	prp-4	10.904	8.78081604860324	0	0
Y57A10A.13	prp-6	21.308	11.6252543752389	0	0
Y57A10A.13	prp-8	29.972	0.463754180005179	0	0
Y57A10A.13	prp-9	17.374	5.03825052386598	0	0
Y57A10A.13	prpf-4	22.41	9.91277210044852	0	0
Y57A10A.13	prps-1	12.81	17.8269047764292	0	0
Y57A10A.13	prx-1	24.896	5.4337484500341	0	0
Y57A10A.13	prx-11	18.434	4.56463700434244	0	0
Y57A10A.13	prx-12	22.694	6.46252279431912	0	0
Y57A10A.13	prx-13	24.982	4.87435340384343	0	0
Y57A10A.13	prx-14	17.3	36.4540357469875	0	0
Y57A10A.13	prx-19	23.528	6.64953721526862	0	0
Y57A10A.13	prx-2	23.974	1.51075246763898	0	0
Y57A10A.13	prx-3	19.03	2.03452030295386	0	0
Y57A10A.13	prx-5	19.806	12.8409144460999	0	0
Y57A10A.13	prx-6	28.998	0.709422215083733	0	0
Y57A10A.13	pry-1	21.798	8.11212795565572	0	0
Y57A10A.13	psa-3	21.028	12.2190883481868	0	0
Y57A10A.13	psd-1	21.074	7.79869162566774	0	0
Y57A10A.13	psf-1	12.674	4.3953977134787	0	0
Y57A10A.13	psf-2	22.828	3.85210145504276	0	0
Y57A10A.13	psf-3	24.214	1.90792454049884	0	0
Y57A10A.13	psmd-9	26.664	1.74917909886544	0	0
Y57A10A.13	psme-3	23.942	3.18769201494097	0	0
Y57A10A.13	psr-1	20.624	4.85412324999822	0	0
Y57A10A.13	pssy-1	22.668	2.32649919387369	0	0
Y57A10A.13	pssy-2	22.772	5.26563904192545	0	0
Y57A10A.13	pst-1	19.882	1.82231174039665	0	0
Y57A10A.13	pst-2	22.262	3.69248898355293	0	0
Y57A10A.13	pstk-1	24.87	5.00114413855605	0	0
Y57A10A.13	ptb-1	17.41	24.0852988462042	0	0
Y57A10A.13	ptc-1	10.364	1.08864629159154	0	0
Y57A10A.13	ptc-3	21.794	11.8702492705048	0	0
Y57A10A.13	ptd-2	22.672	1.7374569281514	0	0
Y57A10A.13	ptl-1	15.468	13.9755627093049	0	0
Y57A10A.13	ptp-1	24.724	3.93898118607339	0	0
Y57A10A.13	ptp-10	24.63	9.72834172107611	0	0
Y57A10A.13	ptp-2	15.91	14.7244421493093	0	0
Y57A10A.13	ptp-3	21.668	12.3537976536415	0	0
Y57A10A.13	ptp-4	22.82	6.75223553635882	0	0
Y57A10A.13	ptp-4a2	27.29	2.53449856589089	0	0
Y57A10A.13	ptp-5.1	24.26	7.47074081398793	0	0
Y57A10A.13	ptp-5.2	20.578	13.7837852574943	0	0
Y57A10A.13	ptp-5.3	16.122	37.5913413590661	0	0
Y57A10A.13	ptp-8	23.066	2.37510282611843	0	0
Y57A10A.13	ptpn-22	16.122	5.78706002813861	0	0
Y57A10A.13	ptps-1	26.164	3.98186715589681	0	0
Y57A10A.13	ptr-1	10.08	11.5614774612035	0	0
Y57A10A.13	ptr-10	26.144	0.719968575731486	0	0
Y57A10A.13	ptr-11	22.44	2.92764130225612	0	0
Y57A10A.13	ptr-12	20.906	1.88246419228912	0	0
Y57A10A.13	ptr-13	25.624	6.81678932013189	0	0
Y57A10A.13	ptr-14	23.232	6.84795959883425	0	0
Y57A10A.13	ptr-15	25.148	12.6239402204141	0	0
Y57A10A.13	ptr-16	25.516	2.4677323186885	0	0
Y57A10A.13	ptr-17	8.714	3.45857423231253	0	0
Y57A10A.13	ptr-18	11.52	2.30566405994677	0	0
Y57A10A.13	ptr-19	22.838	6.58632176309875	0	0
Y57A10A.13	ptr-2	24.3	13.2385622414469	0	0
Y57A10A.13	ptr-20	18.262	2.11632982327841	0	0
Y57A10A.13	ptr-21	24.206	8.5311978121886	0	0
Y57A10A.13	ptr-22	23.76	2.59632722180443	0	0
Y57A10A.13	ptr-23	24.882	1.65472255283619	0	0
Y57A10A.13	ptr-24	16.426	2.6517720260934	0	0
Y57A10A.13	ptr-25	21.888	5.31262997178552	0	0
Y57A10A.13	ptr-3	20.334	5.90560408894341	0	0
Y57A10A.13	ptr-4	25.348	2.83791177510376	0	0
Y57A10A.13	ptr-5	24.418	9.07722554769412	0	0
Y57A10A.13	ptr-6	21.57	2.61907104506129	0	0
Y57A10A.13	ptr-8	24.868	3.45081699847914	0	0
Y57A10A.13	ptr-9	27.218	1.1737966011784	0	0
Y57A10A.13	ptrn-1	22.146	7.13151269239993	0	0
Y57A10A.13	pud-1.2	7.668	3.86358921397448	0	0
Y57A10A.13	pud-2.1	22.814	18.731035731558	0	0
Y57A10A.13	pud-3	26.556	7.19917636466761	0	0
Y57A10A.13	pud-4	22.18	7.58793177624293	0	0
Y57A10A.13	pudl-1	25.84	7.37546452583748	0	0
Y57A10A.13	pudl-2	26.02	5.00295168520555	0	0
Y57A10A.13	puf-11	22.27	9.90230691827428	0	0
Y57A10A.13	puf-12	21.772	4.43870734993245	0	0
Y57A10A.13	puf-3	20.936	6.34942497797615	0	0
Y57A10A.13	puf-5	18.882	9.91870971408782	0	0
Y57A10A.13	puf-6	21.32	20.3137385282566	0	0
Y57A10A.13	puf-7	15.746	54.301818364813	0	0
Y57A10A.13	puf-8	19.544	25.127478382851	0	0
Y57A10A.13	puf-9	14.34	13.9674710316322	0	0
Y57A10A.13	pugs-1	13.558	15.3232584191935	0	0
Y57A10A.13	pugs-10	22.444	6.69877315499829	0	0
Y57A10A.13	pugs-11	18.558	7.12032234222135	0	0
Y57A10A.13	pugs-2	18.13	4.67650426156589	0	0
Y57A10A.13	pugs-3	21.6	4.54211261826885	0	0
Y57A10A.13	pugs-4	13.07	4.04352265087187	0	0
Y57A10A.13	pugs-5	21.414	2.07153692884456	0	0
Y57A10A.13	pugs-6	22.39	6.01316172055621	0	0
Y57A10A.13	pugs-7	14.378	2.49434070125216	0	0
Y57A10A.13	pugs-8	19.83	8.4256590402141	0	0
Y57A10A.13	pugs-9	10.954	9.03424351561072	0	0
Y57A10A.13	pup-2	24.116	3.60846891441706	0	0
Y57A10A.13	pup-3	21.532	14.7258408218373	0	0
Y57A10A.13	pus-1	15.748	1.64819224944783	0	0
Y57A10A.13	pvf-1	21.548	8.53449657698905	0	0
Y57A10A.13	pwp-1	22.242	8.61030091890243	0	0
Y57A10A.13	pxd-1	11.126	3.46275518404947	0	0
Y57A10A.13	pxf-1	25.508	3.35588779826999	0	0
Y57A10A.13	pxl-1	25.406	13.0800914920829	0	0
Y57A10A.13	pxmp-4	14.412	2.52447184228084	0	0
Y57A10A.13	pxn-1	25.094	4.55553779595592	0	0
Y57A10A.13	pxn-2	19.33	3.18966918964612	0	0
Y57A10A.13	pyc-1	23.812	18.599713427781	0	0
Y57A10A.13	pycr-1	20.776	4.47380799153988	0	0
Y57A10A.13	pycr-4	24.382	4.79751758775759	0	0
Y57A10A.13	pygl-1	22.086	10.3768897593153	0	0
Y57A10A.13	pygo-1	19.702	23.5553766339712	0	0
Y57A10A.13	pyk-1	9.12	7.34935463966567	0	0
Y57A10A.13	pyk-2	26.392	4.67852014411319	0	0
Y57A10A.13	pyp-1	18.398	19.7609053449775	0	0
Y57A10A.13	pyr-1	27.496	4.10909321837467	0	0
Y57A10A.13	pyt-1	15.428	10.6474385757675	0	0
Y57A10A.13	pzf-1	16.486	1.17039167125786	0	0
Y57A10A.13	pzls-1	18.53	14.0614686685695	0	0
Y57A10A.13	qars-1	26.458	2.92562068611533	0	0
Y57A10A.13	qdpr-1	26.986	5.39410987909507	0	0
Y57A10A.13	qns-1	26.704	1.3601771097486	0	0
Y57A10A.13	qua-1	22.656	11.9884607523285	0	0
Y57A10A.13	qui-1	28.902	1.26072998146625	0	0
Y57A10A.13	rab-1	22.62	15.8001607542753	0	0
Y57A10A.13	rab-10	23.96	7.14786960410288	0	0
Y57A10A.13	rab-11.1	4.284	2.23041628115617	1	1
Y57A10A.13	rab-11.2	16.44	4.38188469094594	0	0
Y57A10A.13	rab-14	26.872	8.45013452695947	0	0
Y57A10A.13	rab-18	19.762	26.7497043437353	0	0
Y57A10A.13	rab-19	25.902	7.96599352309783	0	0
Y57A10A.13	rab-21	19.86	46.0702650250247	0	0
Y57A10A.13	rab-28	20.11	13.6110353304229	0	0
Y57A10A.13	rab-3	26.968	5.85811496971983	0	0
Y57A10A.13	rab-30	7.3	2.52590259103915	0	0
Y57A10A.13	rab-33	14.11	1.20898101411991	0	0
Y57A10A.13	rab-35	8.196	3.37420908100412	0	0
Y57A10A.13	rab-37	19.866	1.84834414499233	0	0
Y57A10A.13	rab-39	22.994	8.0756462850794	0	0
Y57A10A.13	rab-5	24.506	5.43548935303661	0	0
Y57A10A.13	rab-6.1	24.204	9.00590390271266	0	0
Y57A10A.13	rab-6.2	23.102	11.0239665875641	0	0
Y57A10A.13	rab-7	5.69	3.84239211055807	0	0
Y57A10A.13	rab-8	24.308	11.3841103216849	0	0
Y57A10A.13	rabi-1	17.588	17.5799899281335	0	0
Y57A10A.13	rabn-5	26.536	1.97540933202554	0	0
Y57A10A.13	rabr-1	25.666	5.37807572428196	0	0
Y57A10A.13	rabr-2	17.906	8.45846390572089	0	0
Y57A10A.13	rabr-3	27.472	2.47837707705838	0	0
Y57A10A.13	rabr-4	20.746	0.965606557243477	0	0
Y57A10A.13	rabs-5	18.214	23.9858296125298	0	0
Y57A10A.13	rabx-5	21.964	5.20910803718725	0	0
Y57A10A.13	rac-2	27.036	2.14665842311443	0	0
Y57A10A.13	rack-1	21.12	6.86267247207835	0	0
Y57A10A.13	rad-23	20.63	12.2635499542295	0	0
Y57A10A.13	rad-50	25.504	6.43135598047771	0	0
Y57A10A.13	rad-51	18.574	3.26725947457485	0	0
Y57A10A.13	rad-54.b	22.382	6.98271984466272	0	0
Y57A10A.13	rad-54.l	21.036	23.2503502173719	0	0
Y57A10A.13	rad-54.l2	20.844	9.86998273080093	0	0
Y57A10A.13	rad-8	24.796	5.94615404064253	0	0
Y57A10A.13	rae-1	14.164	5.44904747030697	0	0
Y57A10A.13	raga-1	17.332	8.98934928225471	0	0
Y57A10A.13	ragc-1	19.032	0.88422379016236	0	0
Y57A10A.13	ral-1	22.728	5.52391765815813	0	0
Y57A10A.13	ram-2	19.646	13.5617642114607	0	0
Y57A10A.13	ram-5	11.338	9.59919350168713	0	0
Y57A10A.13	ran-1	25.308	12.7460963952677	0	0
Y57A10A.13	ran-2	22.546	7.84526467677852	0	0
Y57A10A.13	ran-3	20.778	3.40679074546	0	0
Y57A10A.13	ran-4	24.478	5.7752778911339	0	0
Y57A10A.13	ran-5	9.516	1.30957777046443	0	0
Y57A10A.13	rap-1	24.486	3.59952462794774	0	0
Y57A10A.13	rap-2	20.268	12.9874367309306	0	0
Y57A10A.13	rap-3	21.534	13.4691008363295	0	0
Y57A10A.13	rars-1	13.384	48.0812510142791	0	0
Y57A10A.13	rars-2	27.784	4.22668575136107	0	0
Y57A10A.13	ras-1	14.414	13.3260367088983	0	0
Y57A10A.13	ras-2	15.498	9.63570712257349	0	0
Y57A10A.13	rba-1	22.408	20.6870055192233	0	0
Y57A10A.13	rbbp-5	21.61	3.94627274536588	0	0
Y57A10A.13	rbc-2	27.606	2.72579351567555	0	0
Y57A10A.13	rbd-1	27.342	6.31606864671851	0	0
Y57A10A.13	rbf-1	18.408	3.93211203188023	0	0
Y57A10A.13	rbg-1	27.63	7.40613014452901	0	0
Y57A10A.13	rbg-2	29.726	1.60677374545554	0	0
Y57A10A.13	rbg-3	25.966	4.69960388066279	0	0
Y57A10A.13	rbm-12	7.316	4.48324087455366	0	0
Y57A10A.13	rbm-17	18.354	8.52623813861044	0	0
Y57A10A.13	rbm-22	22.194	12.1748167493288	0	0
Y57A10A.13	rbm-25	22.16	3.45813351293632	0	0
Y57A10A.13	rbm-26	17.26	11.716904728635	0	0
Y57A10A.13	rbm-28	18.026	4.71550896968623	0	0
Y57A10A.13	rbm-3.1	17.692	3.38674416000745	0	0
Y57A10A.13	rbm-3.2	26.966	4.67281549561271	0	0
Y57A10A.13	rbm-34	19.006	17.1779436254344	0	0
Y57A10A.13	rbm-39	5.348	5.81372467500792	0	0
Y57A10A.13	rbm-42	21.728	8.83265219916356	0	0
Y57A10A.13	rbm-5	20.71	4.37233657900222	0	0
Y57A10A.13	rbm-7	7.866	3.64109838224669	0	0
Y57A10A.13	rbmx-2	23.54	13.3477207675148	0	0
Y57A10A.13	rbpl-1	17.966	8.56149387334179	0	0
Y57A10A.13	rbr-2	28.198	1.67025216851822	0	0
Y57A10A.13	rbx-1	15.96	2.70187469798751	0	0
Y57A10A.13	rbx-2	17.614	4.40834377630863	0	0
Y57A10A.13	rcan-1	23.854	12.2501964909205	0	0
Y57A10A.13	rcat-1	21.004	11.9050939839546	0	0
Y57A10A.13	rcd-1	25.886	6.77582375690443	0	0
Y57A10A.13	rcor-1	22.954	10.4609840383062	0	0
Y57A10A.13	rcq-5	23.502	5.22220359357316	0	0
Y57A10A.13	rcs-1	23.468	3.72956472121931	0	0
Y57A10A.13	rde-1	5.984	4.40333774257512	0	0
Y57A10A.13	rde-10	7.794	50.8270701999961	0	0
Y57A10A.13	rde-11	23.934	8.41178213993367	0	0
Y57A10A.13	rde-12	19.816	10.9500840715571	0	0
Y57A10A.13	rde-2	22.312	4.49435789104782	0	0
Y57A10A.13	rde-3	25.022	2.77826007772338	0	0
Y57A10A.13	rde-4	22.372	13.5069475827553	0	0
Y57A10A.13	rde-8	23.572	7.55951438289868	0	0
Y57A10A.13	rdl-1	23.976	9.44796428189123	0	0
Y57A10A.13	rdy-2	21.678	24.9535845024831	0	0
Y57A10A.13	rec-1	23.306	6.88423887635198	0	0
Y57A10A.13	rec-8	24.216	13.1228048979326	0	0
Y57A10A.13	ref-1	19.634	3.2993202900388	0	0
Y57A10A.13	ref-2	23.32	5.91821100243664	0	0
Y57A10A.13	rege-1	16.924	15.1648635655747	0	0
Y57A10A.13	rei-1	24.556	13.4533663177844	0	0
Y57A10A.13	rei-2	23.332	9.6049196687752	0	0
Y57A10A.13	rep-1	20.746	5.57756400449731	0	0
Y57A10A.13	repo-1	20.706	18.2476741153345	0	0
Y57A10A.13	reps-1	22.536	8.38186106033728	0	0
Y57A10A.13	rer-1	13.078	2.28971933710739	0	0
Y57A10A.13	retr-1	26.826	9.27067751314602	0	0
Y57A10A.13	rev-1	21.204	8.55626864526278	0	0
Y57A10A.13	rev-3	26.84	4.69914076220072	0	0
Y57A10A.13	rexd-1	21.822	14.6743860568649	0	0
Y57A10A.13	rfc-1	16.846	17.7971787944206	0	0
Y57A10A.13	rfc-2	27.506	1.71346867666111	0	0
Y57A10A.13	rfc-3	27.406	3.6346326495138	0	0
Y57A10A.13	rfc-4	26.27	5.35646172273022	0	0
Y57A10A.13	rfip-1	24.178	3.95083528778392	0	0
Y57A10A.13	rfip-2	16.028	4.86856290328603	0	0
Y57A10A.13	rfk-1	23.02	8.92059672393312	0	0
Y57A10A.13	rfl-1	10.884	2.75756434874003	0	0
Y57A10A.13	rfp-1	28.976	0.48842967459116	0	0
Y57A10A.13	rfs-1	23.926	3.12763568575348	0	0
Y57A10A.13	rft-1	10.938	3.98268409552973	0	0
Y57A10A.13	rft-2	16.256	1.94559053041776	0	0
Y57A10A.13	rfth-1	21.552	1.7800084605613	0	0
Y57A10A.13	rga-1	12.328	58.9881644900771	0	0
Y57A10A.13	rga-2	24.024	4.98411858964691	0	0
Y57A10A.13	rga-3	27.444	3.69764161383323	0	0
Y57A10A.13	rga-4	27.354	2.89159816359293	0	0
Y57A10A.13	rga-5	26.464	9.79423071142088	0	0
Y57A10A.13	rga-6	19.962	2.88480396459007	0	0
Y57A10A.13	rga-8	22.73	9.79107425092595	0	0
Y57A10A.13	rga-9	14.848	4.27346068981235	0	0
Y57A10A.13	rgba-1	17.408	2.38911202763305	0	0
Y57A10A.13	rgef-1	23.338	11.5049176913915	0	0
Y57A10A.13	rgl-1	24.52	2.42187362848418	0	0
Y57A10A.13	rgr-1	30.038	0.706761308425007	0	0
Y57A10A.13	rgs-1	19.702	7.89724150885065	0	0
Y57A10A.13	rgs-10	20.844	3.90721569298691	0	0
Y57A10A.13	rgs-11	24.724	1.31298680674017	0	0
Y57A10A.13	rgs-2	21.024	3.8257210246551	0	0
Y57A10A.13	rgs-3	11.204	46.6208688684911	0	0
Y57A10A.13	rgs-4	19.656	1.37861062289905	0	0
Y57A10A.13	rgs-5	24.568	2.96008827593232	0	0
Y57A10A.13	rgs-6	23.344	12.2235234067549	0	0
Y57A10A.13	rgs-7	22.144	4.55037864397083	0	0
Y57A10A.13	rgs-8.1	26.422	3.79298545942449	0	0
Y57A10A.13	rgs-9	26.546	0.834976575668237	0	0
Y57A10A.13	rha-1	21.152	8.60201013280036	0	0
Y57A10A.13	rha-2	17.654	26.7828113469169	0	0
Y57A10A.13	rheb-1	23.252	19.2898835134576	0	0
Y57A10A.13	rhgf-1	20.654	7.22891747350881	0	0
Y57A10A.13	rhgf-2	18.3	26.5752767490551	0	0
Y57A10A.13	rhgf-3	18.272	42.3151551022804	0	0
Y57A10A.13	rhi-1	25.684	10.5955671471928	0	0
Y57A10A.13	rho-1	25.19	7.75906157454263	0	0
Y57A10A.13	rhr-1	13.772	3.89008477671211	0	0
Y57A10A.13	rhr-2	22.526	3.3461066694815	0	0
Y57A10A.13	rhy-1	21.136	1.50495854526784	0	0
Y57A10A.13	rib-1	20.704	1.38250661644107	0	0
Y57A10A.13	rib-2	25.36	2.10528682901581	0	0
Y57A10A.13	ribo-1	23.616	9.623015036445	0	0
Y57A10A.13	ric-19	15.494	2.08368860754498	0	0
Y57A10A.13	ric-3	15.798	2.03956900189602	0	0
Y57A10A.13	ric-4	17.892	6.06994226160954	0	0
Y57A10A.13	ric-7	26.056	5.20473316109244	0	0
Y57A10A.13	ric-8	17.258	20.1927810603798	0	0
Y57A10A.13	rict-1	26.936	4.38787471359225	0	0
Y57A10A.13	rif-1.1	26.696	8.10364569675576	0	0
Y57A10A.13	rif-1.2	25.068	3.12014230567829	0	0
Y57A10A.13	rig-1	16.42	10.5477182318257	0	0
Y57A10A.13	rig-3	14.278	2.86359630662884	0	0
Y57A10A.13	rig-4	23.786	3.52379814605456	0	0
Y57A10A.13	rig-5	16.82	38.162572041039	0	0
Y57A10A.13	rig-6	24.94	5.0150752570183	0	0
Y57A10A.13	rike-1	21.978	1.81869322324761	0	0
Y57A10A.13	ril-1	27.45	2.48885625535825	0	0
Y57A10A.13	ril-2	23.528	8.29460978247267	0	0
Y57A10A.13	rilp-1	25.326	3.7892957000911	0	0
Y57A10A.13	rimb-1	24.298	6.10099727657974	0	0
Y57A10A.13	rin-1	16.386	3.75422094525342	0	0
Y57A10A.13	riok-1	23.692	6.22357649100895	0	0
Y57A10A.13	riok-2	26.1	5.56446636414538	0	0
Y57A10A.13	riok-3	19.366	5.11747365634188	0	0
Y57A10A.13	rip-1	25.902	5.07234147765985	0	0
Y57A10A.13	rips-1	25.134	2.63954381324561	0	0
Y57A10A.13	rla-0	15.644	37.9739877126494	0	0
Y57A10A.13	rlbp-1	25.05	6.68033785350686	0	0
Y57A10A.13	rle-1	8.902	29.3452172230929	0	0
Y57A10A.13	rmd-1	18.004	12.2704372762752	0	0
Y57A10A.13	rmd-2	18.258	20.4458913855143	0	0
Y57A10A.13	rmd-3	19.852	24.7043948525826	0	0
Y57A10A.13	rmd-6	17.12	6.42191396825235	0	0
Y57A10A.13	rme-1	14.31	1.81691125087351	0	0
Y57A10A.13	rme-2	22.79	2.90032520748763	0	0
Y57A10A.13	rme-4	21.322	5.89433243010013	0	0
Y57A10A.13	rme-6	21.246	1.39172382512251	0	0
Y57A10A.13	rme-8	26.668	6.33809279338396	0	0
Y57A10A.13	rmh-1	10.406	6.22885219352654	0	0
Y57A10A.13	rmh-2	22.346	3.08156846914591	0	0
Y57A10A.13	rmif-2	28.956	2.16810933184518	0	0
Y57A10A.13	rml-1	25.662	2.50419850078658	0	0
Y57A10A.13	rml-3	21.506	6.9881610412923	0	0
Y57A10A.13	rml-4	24.562	0.477752802270365	0	0
Y57A10A.13	rml-5	25.226	8.99876569484118	0	0
Y57A10A.13	rnf-1	24.22	5.74989027091074	0	0
Y57A10A.13	rnf-113	5.302	3.05696392018506	0	0
Y57A10A.13	rnf-121	21.356	11.2771880779849	0	0
Y57A10A.13	rnf-126	24.984	8.95539513371739	0	0
Y57A10A.13	rnf-145	23.788	5.57811185726083	0	0
Y57A10A.13	rnf-5	20.404	17.6040952140034	0	0
Y57A10A.13	rnh-1.0	26.146	1.84827284480515	0	0
Y57A10A.13	rnh-1.1	21.964	9.82803312079351	0	0
Y57A10A.13	rnh-1.2	22.962	13.1615128826142	0	0
Y57A10A.13	rnh-1.3	27.862	4.14720969306618	0	0
Y57A10A.13	rnh-2	28.168	2.03527932227734	0	0
Y57A10A.13	rnp-1	12.096	3.89419146374374	0	0
Y57A10A.13	rnp-2	24.756	4.39245424154123	0	0
Y57A10A.13	rnp-3	24.752	12.6365140375911	0	0
Y57A10A.13	rnp-4	20.014	17.994021024656	0	0
Y57A10A.13	rnp-5	13.07	42.8091365981053	0	0
Y57A10A.13	rnp-6	19.776	6.1476695733475	0	0
Y57A10A.13	rnp-7	23.642	10.8218819542451	0	0
Y57A10A.13	rnp-8	20.502	4.23063029053073	0	0
Y57A10A.13	rnp-9	10.456	39.7591834841464	0	0
Y57A10A.13	rnr-1	26.43	2.15115697800981	0	0
Y57A10A.13	rnr-2	21.94	9.00594738381501	0	0
Y57A10A.13	rnst-2	24.514	3.46963728030345	0	0
Y57A10A.13	rnt-1	14.126	5.86236973686745	0	0
Y57A10A.13	rocf-1	20.122	8.64970769653314	0	0
Y57A10A.13	rod-1	22.804	4.9762406480198	0	0
Y57A10A.13	rog-1	20.114	6.24459291948267	0	0
Y57A10A.13	rol-1	21.62	5.64794441529255	0	0
Y57A10A.13	rol-6	18.832	3.80561208682149	0	0
Y57A10A.13	rol-8	20.822	4.11547754370924	0	0
Y57A10A.13	rom-1	24.168	3.6134963427693	0	0
Y57A10A.13	rom-2	24.782	1.98082056477589	0	0
Y57A10A.13	rom-3	24.854	2.77775791078308	0	0
Y57A10A.13	rom-4	19.996	6.0304680716677	0	0
Y57A10A.13	rom-5	18.78	1.5233993078722	0	0
Y57A10A.13	romo-1	22.866	11.8721990575673	0	0
Y57A10A.13	rop-1	25.152	1.14797485742693	0	0
Y57A10A.13	rotr-1	20.582	2.16941346092255	0	0
Y57A10A.13	row-1	27.4	5.11463505199169	0	0
Y57A10A.13	rpa-1	4.14	4.12400267607823	1	1
Y57A10A.13	rpa-2	23.338	12.7122913982833	0	0
Y57A10A.13	rpa-4	18.444	1.40580939728899	0	0
Y57A10A.13	rpac-19	15.642	49.8598321515518	0	0
Y57A10A.13	rpac-40	20.712	8.02291885722065	0	0
Y57A10A.13	rpap-2	27.906	1.58050437918961	0	0
Y57A10A.13	rpap-3	5.806	6.34075083650938	0	0
Y57A10A.13	rpb-10	12.064	4.45018701658907	0	0
Y57A10A.13	rpb-11	17.994	33.9535254422358	0	0
Y57A10A.13	rpb-12	19.316	7.25403179229605	0	0
Y57A10A.13	rpb-2	23.396	27.992691812456	0	0
Y57A10A.13	rpb-3	22.274	1.27521886674308	0	0
Y57A10A.13	rpb-4	19.394	39.6332903933213	0	0
Y57A10A.13	rpb-5	24.778	6.73775912332649	0	0
Y57A10A.13	rpb-6	16.866	8.89872971426486	0	0
Y57A10A.13	rpb-7	22.344	12.5881260401511	0	0
Y57A10A.13	rpb-8	16.706	31.4230871082855	0	0
Y57A10A.13	rpb-9	20.54	6.56649799694532	0	0
Y57A10A.13	rpc-1	30.482	0.566988372311024	0	0
Y57A10A.13	rpc-11	20.85	3.06898226268201	0	0
Y57A10A.13	rpc-2	30.086	0.93084346973587	0	0
Y57A10A.13	rpc-25	9.262	7.22232762453447	0	0
Y57A10A.13	rpi-1	22.164	10.5794553522745	0	0
Y57A10A.13	rpi-2	22.658	10.9204808198947	0	0
Y57A10A.13	rpia-1	22.328	3.29668682510828	0	0
Y57A10A.13	rpl-1	26.034	3.7643670046974	0	0
Y57A10A.13	rpl-10L	22.558	16.6138339282189	0	0
Y57A10A.13	rpl-11.1	22.236	6.99353297089192	0	0
Y57A10A.13	rpl-11.2	21.71	8.58708375736582	0	0
Y57A10A.13	rpl-12	27.382	2.72870746611569	0	0
Y57A10A.13	rpl-13	28.838	2.84108012303813	0	0
Y57A10A.13	rpl-13A	28.046	2.97811623676322	0	0
Y57A10A.13	rpl-14	4.596	2.86430500152551	1	1
Y57A10A.13	rpl-15	29.814	1.41104819733462	0	0
Y57A10A.13	rpl-17	19.142	26.0038768249427	0	0
Y57A10A.13	rpl-18	12.046	18.6438331992727	0	0
Y57A10A.13	rpl-18A	26.022	8.02529185757298	0	0
Y57A10A.13	rpl-19	25.4	8.15269635966628	0	0
Y57A10A.13	rpl-2	27.866	3.25512170107765	0	0
Y57A10A.13	rpl-21	29.498	0.638466364681712	0	0
Y57A10A.13	rpl-22	22.152	8.29614583869201	0	0
Y57A10A.13	rpl-23	22.152	5.68496369119318	0	0
Y57A10A.13	rpl-23A.1	24.336	2.54079713886549	0	0
Y57A10A.13	rpl-24.1	23.222	14.7527446735486	0	0
Y57A10A.13	rpl-24.2	23.804	1.82043310968035	0	0
Y57A10A.13	rpl-25.2	26.312	6.21975557247407	0	0
Y57A10A.13	rpl-26	22.176	3.82269332971451	0	0
Y57A10A.13	rpl-27	27.482	4.71069281715213	0	0
Y57A10A.13	rpl-27a	29.632	1.7328836120275	0	0
Y57A10A.13	rpl-28	28.286	1.46930632953991	0	0
Y57A10A.13	rpl-29	14.278	21.1096012407695	0	0
Y57A10A.13	rpl-3	27.476	1.91510365634795	0	0
Y57A10A.13	rpl-30	27.674	4.00973151313794	0	0
Y57A10A.13	rpl-31	26.63	3.59153450043119	0	0
Y57A10A.13	rpl-32	26.208	8.58980169178403	0	0
Y57A10A.13	rpl-34	20.322	11.887793174691	0	0
Y57A10A.13	rpl-35	26.288	5.55167583736646	0	0
Y57A10A.13	rpl-35A	24.282	4.33392638771843	0	0
Y57A10A.13	rpl-36	18.912	3.99005515746866	0	0
Y57A10A.13	rpl-36A	17.736	12.0393865512944	0	0
Y57A10A.13	rpl-37.1	6.328	10.6615499174659	0	0
Y57A10A.13	rpl-37.2	6.638	4.30388885204942	0	0
Y57A10A.13	rpl-37A	11.364	4.56467103529679	0	0
Y57A10A.13	rpl-38	27.428	4.49855567253722	0	0
Y57A10A.13	rpl-39	18.948	10.2332005955593	0	0
Y57A10A.13	rpl-4	29.298	1.46696240941599	0	0
Y57A10A.13	rpl-41.2	8.746	9.72800568775395	0	0
Y57A10A.13	rpl-42	17.144	8.35859110902579	0	0
Y57A10A.13	rpl-5	27.246	2.20423694974126	0	0
Y57A10A.13	rpl-6	29.08	1.68096671975244	0	0
Y57A10A.13	rpl-7	23.58	3.95619978689428	0	0
Y57A10A.13	rpl-7A	24.818	2.94822235874837	0	0
Y57A10A.13	rpl-9	26.538	1.7446720925177	0	0
Y57A10A.13	rplp-1	7.136	7.48940072790112	0	0
Y57A10A.13	rplp-2.2	7.796	11.3802395021709	0	0
Y57A10A.13	rpn-1	23.23	2.85611578396872	0	0
Y57A10A.13	rpn-10	17.5	6.76280342787528	0	0
Y57A10A.13	rpn-11	23.136	10.5345747785727	0	0
Y57A10A.13	rpn-12	8.162	3.82898798365173	0	0
Y57A10A.13	rpn-13	11.586	4.46679567021555	0	0
Y57A10A.13	rpn-2	27.564	2.5930877250822	0	0
Y57A10A.13	rpn-3	7.204	1.45123043183622	0	0
Y57A10A.13	rpn-5	18.762	9.68319397626849	0	0
Y57A10A.13	rpn-6.1	25.04	5.13788470791341	0	0
Y57A10A.13	rpn-6.2	24.992	4.6746019060742	0	0
Y57A10A.13	rpn-7	24.61	0.618916952934893	0	0
Y57A10A.13	rpn-8	27.168	1.22144926579417	0	0
Y57A10A.13	rpn-9	18.254	0.787802257576316	0	0
Y57A10A.13	rpoa-1	29.302	2.54476652179445	0	0
Y57A10A.13	rpoa-12	7.858	6.34854568854706	0	0
Y57A10A.13	rpoa-2	29.71	1.28345176472148	0	0
Y57A10A.13	rpoa-49	27.646	2.50246293928788	0	0
Y57A10A.13	rpom-1	15.976	3.23726018119829	0	0
Y57A10A.13	rps-0	19.296	2.89882241628354	0	0
Y57A10A.13	rps-10	18.292	12.7994494506338	0	0
Y57A10A.13	rps-11	22.19	2.38718749673709	0	0
Y57A10A.13	rps-12	22.19	29.7886360302988	0	0
Y57A10A.13	rps-13	26.438	5.02269687075242	0	0
Y57A10A.13	rps-14	22.864	9.59456941003259	0	0
Y57A10A.13	rps-15	23.67	9.2359509217207	0	0
Y57A10A.13	rps-15a	27.554	3.37602944787946	0	0
Y57A10A.13	rps-16	21.514	16.2122895920537	0	0
Y57A10A.13	rps-17	7.696	5.18579762494085	0	0
Y57A10A.13	rps-18	11.916	2.90625302515868	0	0
Y57A10A.13	rps-19	26.792	2.52684888397818	0	0
Y57A10A.13	rps-2	26.92	5.74796648511199	0	0
Y57A10A.13	rps-20	21.748	18.1354287826037	0	0
Y57A10A.13	rps-21	8.06	4.90113702608032	0	0
Y57A10A.13	rps-23	12.766	46.9229683587689	0	0
Y57A10A.13	rps-24	27.614	6.14598935049299	0	0
Y57A10A.13	rps-25	12.108	22.4304072382225	0	0
Y57A10A.13	rps-26	11.602	6.37803593735647	0	0
Y57A10A.13	rps-27	8.624	5.81490974095192	0	0
Y57A10A.13	rps-27A	14.804	8.43333602366277	0	0
Y57A10A.13	rps-28	13.682	3.86486678888154	0	0
Y57A10A.13	rps-29	19.326	3.1230266392061	0	0
Y57A10A.13	rps-3	21.288	6.26998618519383	0	0
Y57A10A.13	rps-3A	21.234	19.8044086117855	0	0
Y57A10A.13	rps-4	25.782	1.59743032763252	0	0
Y57A10A.13	rps-5	21.684	3.58773886209073	0	0
Y57A10A.13	rps-6	23.36	13.8559169062536	0	0
Y57A10A.13	rps-7	24.636	8.77435392467236	0	0
Y57A10A.13	rps-8	25.336	7.40106828951288	0	0
Y57A10A.13	rps-9	27.92	2.76531205543805	0	0
Y57A10A.13	rpt-1	25.618	4.93074689294561	0	0
Y57A10A.13	rpt-2	25.656	4.0509708585655	0	0
Y57A10A.13	rpt-3	27.042	4.42839515441996	0	0
Y57A10A.13	rpt-4	26.454	4.88331455517226	0	0
Y57A10A.13	rpt-5	24.384	1.91449201695644	0	0
Y57A10A.13	rpt-6	23.78	4.44859221588606	0	0
Y57A10A.13	rpy-1	19.082	3.78325672526382	0	0
Y57A10A.13	rrbs-1	21.806	19.6451522137136	0	0
Y57A10A.13	rrc-1	19.656	7.41708691013874	0	0
Y57A10A.13	rrf-1	25.222	11.7053209102887	0	0
Y57A10A.13	rrf-2	18.456	4.01184196637283	0	0
Y57A10A.13	rrf-3	21.954	2.37659036283427	0	0
Y57A10A.13	rrp-1	11.556	2.96286490166822	0	0
Y57A10A.13	rsa-1	18.468	18.0670243029231	0	0
Y57A10A.13	rsa-2	19.974	12.5957026944564	0	0
Y57A10A.13	rsbp-1	17.208	15.4940626199383	0	0
Y57A10A.13	rsd-2	8.622	6.02851773493305	0	0
Y57A10A.13	rsd-3	17.014	4.47398022372595	0	0
Y57A10A.13	rsd-6	25.416	14.4712238487302	0	0
Y57A10A.13	rsef-1	27.168	3.99238816964876	0	0
Y57A10A.13	rsf-1	16.514	26.7132841248417	0	0
Y57A10A.13	rskd-1	24.64	2.94579681789308	0	0
Y57A10A.13	rskn-1	22.318	15.5519066653259	0	0
Y57A10A.13	rskn-2	16.954	5.44973487370349	0	0
Y57A10A.13	rsks-1	18.926	4.79360438211884	0	0
Y57A10A.13	rsp-1	22.892	17.0232803392694	0	0
Y57A10A.13	rsp-2	27.326	1.88431442117273	0	0
Y57A10A.13	rsp-3	21.164	5.45739068465383	0	0
Y57A10A.13	rsp-4	22.992	6.12411011063633	0	0
Y57A10A.13	rsp-5	24.896	9.12538588281121	0	0
Y57A10A.13	rsp-6	23.638	10.7379707135602	0	0
Y57A10A.13	rsp-7	21.194	10.4928506249157	0	0
Y57A10A.13	rsp-8	16.704	6.0868637654651	0	0
Y57A10A.13	rsr-1	20.432	7.88772661842591	0	0
Y57A10A.13	rsr-2	19.79	2.63438310211967	0	0
Y57A10A.13	rsu-1	24.486	2.5557603672767	0	0
Y57A10A.13	rsy-1	3.942	3.60723100920415	1	1
Y57A10A.13	rtcb-1	21.516	19.8253480074746	0	0
Y57A10A.13	rtel-1	25.672	2.0104022019891	0	0
Y57A10A.13	rtfo-1	25.412	5.97581847125977	0	0
Y57A10A.13	rund-1	19.272	3.66530762624687	0	0
Y57A10A.13	ruvb-1	23.06	3.0364885209258	0	0
Y57A10A.13	ruvb-2	24.094	6.16155021595366	0	0
Y57A10A.13	sac-2	26.526	1.35862428963084	0	0
Y57A10A.13	sacm-1l	18.514	4.02291232098943	0	0
Y57A10A.13	sacy-1	22.864	4.75794125681765	0	0
Y57A10A.13	sad-1	18.178	10.8493744085805	0	0
Y57A10A.13	saeg-1	19.92	3.57696135086819	0	0
Y57A10A.13	saeg-2	11.378	1.53415873690243	0	0
Y57A10A.13	sago-1	14.34	3.31479764404467	0	0
Y57A10A.13	sago-2	25.072	7.05495698355042	0	0
Y57A10A.13	sahd-1	22.898	9.0650780037077	0	0
Y57A10A.13	sam-10	16.698	1.42501841232518	0	0
Y57A10A.13	sam-4	24.564	5.76478358306896	0	0
Y57A10A.13	samp-1	19.87	14.7426270677474	0	0
Y57A10A.13	sams-1	25.272	9.9035786463562	0	0
Y57A10A.13	sams-3	24.222	3.74298411285441	0	0
Y57A10A.13	sams-4	22.144	13.6445313336797	0	0
Y57A10A.13	sams-5	24.342	3.32001643379831	0	0
Y57A10A.13	samt-1	23.292	0.393957401578377	0	0
Y57A10A.13	san-1	21.644	10.7874226494544	0	0
Y57A10A.13	sand-1	19.874	6.38020713458988	0	0
Y57A10A.13	sao-1	17.59	25.6326024908525	0	0
Y57A10A.13	sap-140	12.87	1.60088560823904	0	0
Y57A10A.13	sap-49	20.836	15.934741056913	0	0
Y57A10A.13	saps-1	15.158	3.31287314570805	0	0
Y57A10A.13	sar-1	23.24	7.92024802266843	0	0
Y57A10A.13	sars-1	22.452	8.6270075017016	0	0
Y57A10A.13	sars-2	17.218	11.9167216999803	0	0
Y57A10A.13	sart-3	18.602	17.7180796220264	0	0
Y57A10A.13	sas-1	20.268	5.83487032238193	0	0
Y57A10A.13	sas-4	11.14	4.34186517951042	0	0
Y57A10A.13	sas-5	16.998	18.7951735106316	0	0
Y57A10A.13	sas-6	22.062	6.86206530678361	0	0
Y57A10A.13	sas-7	13.09	4.04853191817757	0	0
Y57A10A.13	sav-1	14.692	1.87603157468355	0	0
Y57A10A.13	sax-1	5.522	2.81249817577938	0	0
Y57A10A.13	sax-3	17.284	35.2517726155868	0	0
Y57A10A.13	sax-7	22.47	10.7299349496564	0	0
Y57A10A.13	sbds-1	21.322	2.34016010181457	0	0
Y57A10A.13	sbp-1	22.842	11.5748241403809	0	0
Y57A10A.13	sbsp-1	23.766	5.23266680733231	0	0
Y57A10A.13	sbt-1	9.31	52.2497051925101	0	0
Y57A10A.13	sca-1	27.314	4.26191883694941	0	0
Y57A10A.13	scav-2	20.976	3.57179440302073	0	0
Y57A10A.13	scav-3	26.068	1.88407828550075	0	0
Y57A10A.13	scav-4	22.856	7.15415832585709	0	0
Y57A10A.13	scav-6	23.852	3.04115279511267	0	0
Y57A10A.13	scbp-2	17.952	0.87137309261415	0	0
Y57A10A.13	scc-1	21.386	3.97739486846262	0	0
Y57A10A.13	scc-2	24.066	8.48745737230507	0	0
Y57A10A.13	scc-3	26.594	11.644950309172	0	0
Y57A10A.13	scd-1	22.31	4.89217390249733	0	0
Y57A10A.13	scd-2	24.352	5.63722981666882	0	0
Y57A10A.13	scl-1	24.666	2.20916580339993	0	0
Y57A10A.13	scl-10	28.758	1.78487130009511	0	0
Y57A10A.13	scl-11	18.42	30.6926566596869	0	0
Y57A10A.13	scl-12	23.518	4.51003316535562	0	0
Y57A10A.13	scl-13	26.206	2.68698760678191	0	0
Y57A10A.13	scl-14	26.676	5.36472479805865	0	0
Y57A10A.13	scl-15	24.598	10.6608652104252	0	0
Y57A10A.13	scl-17	27.088	5.28479260311385	0	0
Y57A10A.13	scl-18	16.33	61.1548438654901	0	0
Y57A10A.13	scl-19	26.028	3.6658956348462	0	0
Y57A10A.13	scl-2	25.404	6.97199764771385	0	0
Y57A10A.13	scl-20	27.33	2.90399706088759	0	0
Y57A10A.13	scl-21	24.462	9.444607153329	0	0
Y57A10A.13	scl-23	13.834	4.83898457790814	0	0
Y57A10A.13	scl-24	26.704	2.2963333226672	0	0
Y57A10A.13	scl-25	23.694	3.29678480747467	0	0
Y57A10A.13	scl-26	27.19	0.910214687073523	0	0
Y57A10A.13	scl-27	27.71	2.03521912083631	0	0
Y57A10A.13	scl-3	16.794	33.1909614163983	0	0
Y57A10A.13	scl-5	25.204	9.39588362745062	0	0
Y57A10A.13	scl-6	27.954	3.02008077575853	0	0
Y57A10A.13	scl-7	26.564	4.84191990578093	0	0
Y57A10A.13	scl-8	23.822	8.63198821719755	0	0
Y57A10A.13	scl-9	25.762	4.35098759010475	0	0
Y57A10A.13	scly-1	20.03	10.0213393472015	0	0
Y57A10A.13	scm-1	17.022	13.0050705454705	0	0
Y57A10A.13	sco-1	14.458	4.4167153966164	0	0
Y57A10A.13	scp-1	28.636	2.82381781134777	0	0
Y57A10A.13	scpl-1	4.578	4.53590121534903	1	1
Y57A10A.13	scpl-3	13.504	3.66187609019068	0	0
Y57A10A.13	scpl-4	12.068	5.1011384909578	0	0
Y57A10A.13	scpr-1	24.402	2.85076463774905	0	0
Y57A10A.13	scrm-1	20.796	2.25764442084652	0	0
Y57A10A.13	scrm-2	24.556	7.14554288617972	0	0
Y57A10A.13	scrm-3	20.176	31.8790777638549	0	0
Y57A10A.13	scrm-4	17.164	10.0324504910883	0	0
Y57A10A.13	scrm-5	20.922	7.38827495739419	0	0
Y57A10A.13	scrm-6	17.37	21.657385284699	0	0
Y57A10A.13	scrm-7	18.718	3.4298785814734	0	0
Y57A10A.13	scrm-8	10.316	4.56818192323323	0	0
Y57A10A.13	scrt-1	15.028	4.10934001381312	0	0
Y57A10A.13	scvp-1	22.942	14.0734613278203	0	0
Y57A10A.13	scyl-1	23.896	11.9607946959038	0	0
Y57A10A.13	sdc-1	25.384	3.7727270923806	0	0
Y57A10A.13	sdc-3	22.35	7.79275267665649	0	0
Y57A10A.13	sde-2	23.96	13.5812145399309	0	0
Y57A10A.13	sdf-9	24.81	10.2221250494849	0	0
Y57A10A.13	sdha-1	23.484	4.84152124627351	0	0
Y57A10A.13	sdha-2	23.848	1.24969324232005	0	0
Y57A10A.13	sdhb-1	14.41	5.37384255555925	0	0
Y57A10A.13	sdhd-1	18.806	15.7077204432685	0	0
Y57A10A.13	sdn-1	12.876	10.5082689865508	0	0
Y57A10A.13	sdpn-1	25.05	4.55431114800783	0	0
Y57A10A.13	sds-22	12.92	9.8153889807822	0	0
Y57A10A.13	sdz-1	15.604	2.20915967353999	0	0
Y57A10A.13	sdz-10	27.93	0.969020308107726	0	0
Y57A10A.13	sdz-11	22.948	9.00777520807329	0	0
Y57A10A.13	sdz-12	27.504	3.5059516113181	0	0
Y57A10A.13	sdz-13	21.716	4.1162496778743	0	0
Y57A10A.13	sdz-14	22.602	14.4419955567299	0	0
Y57A10A.13	sdz-15	26.07	3.66727894734098	0	0
Y57A10A.13	sdz-16	16.728	3.89383139317754	0	0
Y57A10A.13	sdz-18	27.014	2.20351020708621	0	0
Y57A10A.13	sdz-19	24.414	4.0310445555579	0	0
Y57A10A.13	sdz-20	21.77	12.0775262622426	0	0
Y57A10A.13	sdz-21	16.718	22.4055924402746	0	0
Y57A10A.13	sdz-23	22.158	1.67967664414356	0	0
Y57A10A.13	sdz-24	27.172	1.36972895189655	0	0
Y57A10A.13	sdz-25	21.306	5.01202642767336	0	0
Y57A10A.13	sdz-26	21.23	5.94153614814141	0	0
Y57A10A.13	sdz-27	12.71	3.31337084016452	0	0
Y57A10A.13	sdz-28	16.014	35.6025528430572	0	0
Y57A10A.13	sdz-30	27.32	0.842669431421768	0	0
Y57A10A.13	sdz-31	10.498	2.01439358169348	0	0
Y57A10A.13	sdz-32	28.634	1.89789316642204	0	0
Y57A10A.13	sdz-33	21.35	9.32513758410517	0	0
Y57A10A.13	sdz-35	26.072	3.33684703302333	0	0
Y57A10A.13	sdz-36	20.332	4.99345090207326	0	0
Y57A10A.13	sdz-37	27.682	7.15792404803204	0	0
Y57A10A.13	sdz-38	17.918	2.74559260252639	0	0
Y57A10A.13	sdz-4	25.278	3.14538804390631	0	0
Y57A10A.13	sdz-5	17.69	2.67813195814012	0	0
Y57A10A.13	sdz-6	17.384	6.47505908443376	0	0
Y57A10A.13	sdz-7	23.526	10.7969671275676	0	0
Y57A10A.13	sdz-8	16.474	3.90161403512542	0	0
Y57A10A.13	sdz-9	21.966	1.79191242635125	0	0
Y57A10A.13	sea-1	3.726	5.356268048185	1	1
Y57A10A.13	sea-2	21.08	13.5656207000273	0	0
Y57A10A.13	seb-2	23.078	5.36935969920607	0	0
Y57A10A.13	seb-3	16.09	2.97414197986461	0	0
Y57A10A.13	sec-10	24.038	6.24908527534778	0	0
Y57A10A.13	sec-11	15.826	1.81194071446919	0	0
Y57A10A.13	sec-12	27.618	6.23725680560646	0	0
Y57A10A.13	sec-15	24.742	2.86981365315434	0	0
Y57A10A.13	sec-16A.1	18.974	39.6296007590346	0	0
Y57A10A.13	sec-16a.2	27.092	6.78998752994645	0	0
Y57A10A.13	sec-20	24.864	5.96423098245979	0	0
Y57A10A.13	sec-22	25.952	7.1606215866961	0	0
Y57A10A.13	sec-23	24.74	2.31351463561102	0	0
Y57A10A.13	sec-24.1	22.608	23.9854084280809	0	0
Y57A10A.13	sec-24.2	19.14	6.48468549629477	0	0
Y57A10A.13	sec-3	6.248	2.45719017644369	0	0
Y57A10A.13	sec-31	16.716	3.82787253958211	0	0
Y57A10A.13	sec-5	19.668	17.2213925275993	0	0
Y57A10A.13	sec-6	25.13	2.7501881246423	0	0
Y57A10A.13	sec-61.G	16.606	12.4004474183247	0	0
Y57A10A.13	sec-61.a	21.52	9.71106211180387	0	0
Y57A10A.13	sec-61.b	23.07	8.33958069915397	0	0
Y57A10A.13	sec-8	5.436	1.85607038346276	0	0
Y57A10A.13	secs-1	21.62	6.25081023894207	0	0
Y57A10A.13	sedl-1	25.336	17.3826559393884	0	0
Y57A10A.13	seip-1	20.738	5.85750999502735	0	0
Y57A10A.13	sek-1	4.732	4.8245572866022	1	1
Y57A10A.13	sek-3	23.524	3.60915268978317	0	0
Y57A10A.13	sek-4	12.778	4.64949744800084	0	0
Y57A10A.13	sek-5	21.518	2.95794393990759	0	0
Y57A10A.13	sek-6	14.594	29.2889368715839	0	0
Y57A10A.13	sel-1	25.104	3.4115458460015	0	0
Y57A10A.13	sel-10	20.832	20.9239274224819	0	0
Y57A10A.13	sel-11	24.1	9.10039011562352	0	0
Y57A10A.13	sel-12	18.304	1.84405148246998	0	0
Y57A10A.13	sel-13	19.122	3.15803329661249	0	0
Y57A10A.13	sel-15	22.594	17.2172333193274	0	0
Y57A10A.13	sel-5	20.07	7.87890850055951	0	0
Y57A10A.13	sel-7	22.336	20.0126259589132	0	0
Y57A10A.13	sel-8	18.58	11.6216654676372	0	0
Y57A10A.13	sel-9	23.096	7.71672233557713	0	0
Y57A10A.13	seld-1	24.336	6.92975514991783	0	0
Y57A10A.13	selt-1.1	21.552	6.44629538760453	0	0
Y57A10A.13	selt-1.2	16.766	1.30579274903904	0	0
Y57A10A.13	sem-2	7.672	8.6270668275954	0	0
Y57A10A.13	sem-4	19.766	22.8827005121824	0	0
Y57A10A.13	sem-5	13.142	0.842870431048428	0	0
Y57A10A.13	semi-1	22.834	2.96423321410284	0	0
Y57A10A.13	semo-1	20.432	5.80982578320602	0	0
Y57A10A.13	sep-1	23.822	10.6908588439118	0	0
Y57A10A.13	sepa-1	24.91	0.991090075923605	0	0
Y57A10A.13	ser-1	3.658	5.20272081684048	1	1
Y57A10A.13	ser-2	9.834	2.71585080323398	0	0
Y57A10A.13	ser-3	24.298	7.04647960574348	0	0
Y57A10A.13	ser-4	20.516	5.7782518670235	0	0
Y57A10A.13	ser-5	24.348	1.84143477846728	0	0
Y57A10A.13	ser-6	20.03	8.67397643030338	0	0
Y57A10A.13	ser-7	8.324	6.18582122452737	0	0
Y57A10A.13	serp-1.1	25.02	3.12352101677689	0	0
Y57A10A.13	serp-1.2	21.204	9.62282576660149	0	0
Y57A10A.13	serr-1	20.722	1.60902256039765	0	0
Y57A10A.13	sesn-1	20.742	3.24781427121269	0	0
Y57A10A.13	set-1	21.044	22.7949330336981	0	0
Y57A10A.13	set-10	25.664	2.5694217918188	0	0
Y57A10A.13	set-11	23.604	4.18344937997936	0	0
Y57A10A.13	set-12	24.034	8.44578347780724	0	0
Y57A10A.13	set-13	17.78	42.1771463006714	0	0
Y57A10A.13	set-14	22.532	9.45766958851238	0	0
Y57A10A.13	set-15	23.214	20.8525711042985	0	0
Y57A10A.13	set-17	15.8	3.81325831174482	0	0
Y57A10A.13	set-18	20.646	6.54387165344126	0	0
Y57A10A.13	set-19	12.544	56.4113844087549	0	0
Y57A10A.13	set-2	27.056	6.6844456422456	0	0
Y57A10A.13	set-20	17.286	9.32445361877457	0	0
Y57A10A.13	set-21	24.45	8.13515336186991	0	0
Y57A10A.13	set-22	23.53	10.0684369139677	0	0
Y57A10A.13	set-23	5.04	1.96418550329597	0	0
Y57A10A.13	set-24	26.958	2.50511740182214	0	0
Y57A10A.13	set-25	21.288	7.53952470232228	0	0
Y57A10A.13	set-26	21.462	4.63667462474152	0	0
Y57A10A.13	set-27	22.92	7.79568425085923	0	0
Y57A10A.13	set-28	17.638	6.9022763855925	0	0
Y57A10A.13	set-29	24.316	3.17152243856953	0	0
Y57A10A.13	set-3	22.91	12.9038541748317	0	0
Y57A10A.13	set-30	22.484	4.52024390138437	0	0
Y57A10A.13	set-31	23.614	8.07941543746298	0	0
Y57A10A.13	set-32	23.354	5.10901631750504	0	0
Y57A10A.13	set-4	25.94	2.48359191477914	0	0
Y57A10A.13	set-5	16.188	3.98680261216453	0	0
Y57A10A.13	set-6	23.798	10.5849306093897	0	0
Y57A10A.13	set-8	25.164	4.53068221558626	0	0
Y57A10A.13	set-9	18.072	3.11237149654059	0	0
Y57A10A.13	seu-1	15.524	6.30747951910659	0	0
Y57A10A.13	sex-1	12.174	59.0904054861833	0	0
Y57A10A.13	sfa-1	18.136	4.45238060193231	0	0
Y57A10A.13	sfrp-1	16.094	2.07785465441958	0	0
Y57A10A.13	sft-1	20.184	1.3370508285632	0	0
Y57A10A.13	sft-4	22.604	6.06197200808757	0	0
Y57A10A.13	sftb-1	12.356	1.86811758449382	0	0
Y57A10A.13	sftb-2	18.748	20.0045301174339	0	0
Y57A10A.13	sftd-3	23.82	15.6073635768164	0	0
Y57A10A.13	sfxn-1.1	10.938	3.50907730678769	0	0
Y57A10A.13	sfxn-1.2	17.962	3.22817507417517	0	0
Y57A10A.13	sfxn-1.3	14.04	4.18291933334075	0	0
Y57A10A.13	sfxn-1.4	21.616	2.95907062872962	0	0
Y57A10A.13	sfxn-1.5	16.326	4.09898944100148	0	0
Y57A10A.13	sfxn-2	15.37	3.91156225798955	0	0
Y57A10A.13	sfxn-5	21.7	1.83841513873905	0	0
Y57A10A.13	sgca-1	18.524	11.9142501377136	0	0
Y57A10A.13	sgcb-1	24.062	6.34235029189157	0	0
Y57A10A.13	sgk-1	22.812	5.95463066431684	0	0
Y57A10A.13	sgn-1	21.954	20.9725628726829	0	0
Y57A10A.13	sgnh-1	24.05	17.6793427703636	0	0
Y57A10A.13	sgo-1	20.096	4.61406860027949	0	0
Y57A10A.13	sgt-1	21.982	13.2120651336012	0	0
Y57A10A.13	shc-1	21.44	0.833049025162861	0	0
Y57A10A.13	shc-2	24.48	3.90643355222558	0	0
Y57A10A.13	shc-3	21.58	9.9016370170138	0	0
Y57A10A.13	shk-1	22.956	2.20139119583095	0	0
Y57A10A.13	shl-1	26.462	4.14532780427399	0	0
Y57A10A.13	shn-1	24.554	2.92588532062664	0	0
Y57A10A.13	shpk-1	23.014	3.36893081601033	0	0
Y57A10A.13	shw-1	23.29	10.0278995517735	0	0
Y57A10A.13	shw-3	23.464	5.5325779417045	0	0
Y57A10A.13	siah-1	21.436	19.2246908558429	0	0
Y57A10A.13	sid-1	22.392	5.25746264402997	0	0
Y57A10A.13	sid-2	21.656	15.483365768006	0	0
Y57A10A.13	sid-3	21.432	4.14590042743098	0	0
Y57A10A.13	sid-5	22.276	5.23659239494703	0	0
Y57A10A.13	sig-7	22.872	1.59430971327067	0	0
Y57A10A.13	simr-1	19.786	8.1954499442593	0	0
Y57A10A.13	sin-3	23.014	10.4207646106303	0	0
Y57A10A.13	sinh-1	26.902	6.35571994480163	0	0
Y57A10A.13	sip-1	15.156	31.2822446188637	0	0
Y57A10A.13	sipa-1	24.226	7.45387947304828	0	0
Y57A10A.13	sir-2.1	9.356	6.6080325272141	0	0
Y57A10A.13	sir-2.2	22.798	16.9265761628258	0	0
Y57A10A.13	sir-2.3	25.004	7.9037515287712	0	0
Y57A10A.13	sir-2.4	22.492	5.52340580773755	0	0
Y57A10A.13	siss-1	23.592	2.45524280491296	0	0
Y57A10A.13	ska-1	20.624	26.2427218629036	0	0
Y57A10A.13	ska-3	13.18	2.48591121781576	0	0
Y57A10A.13	skat-1	18.714	1.27833667196431	0	0
Y57A10A.13	skih-2	24.254	5.28493163112644	0	0
Y57A10A.13	skn-1	21.39	8.66392438231725	0	0
Y57A10A.13	sknr-1	21.338	6.61618385636155	0	0
Y57A10A.13	skpo-1	24.702	3.97445069990304	0	0
Y57A10A.13	skpo-2	5.596	3.20813360829326	0	0
Y57A10A.13	skpo-3	21.332	1.74124850732585	0	0
Y57A10A.13	skpt-1	23.894	6.85372639240581	0	0
Y57A10A.13	skr-1	19.866	21.3483576200883	0	0
Y57A10A.13	skr-10	23.308	20.9953002220187	0	0
Y57A10A.13	skr-12	26.742	6.5837654956951	0	0
Y57A10A.13	skr-13	23.846	27.6053646339289	0	0
Y57A10A.13	skr-14	27.134	3.37779724768486	0	0
Y57A10A.13	skr-15	22.32	8.71372579114075	0	0
Y57A10A.13	skr-16	21.764	20.0574795078641	0	0
Y57A10A.13	skr-17	20.672	5.66514016831212	0	0
Y57A10A.13	skr-18	24.664	8.50664000811905	0	0
Y57A10A.13	skr-19	4.72	7.1752941618119	1	1
Y57A10A.13	skr-2	18.08	1.39650234214078	0	0
Y57A10A.13	skr-20	24.342	11.6011612597864	0	0
Y57A10A.13	skr-21	14.436	2.03001452098313	0	0
Y57A10A.13	skr-3	24.358	3.11869297875633	0	0
Y57A10A.13	skr-4	23.578	9.15820533014631	0	0
Y57A10A.13	skr-5	21.584	16.8003780420536	0	0
Y57A10A.13	skr-6	12.588	6.05664641327242	0	0
Y57A10A.13	skr-7	21.336	30.3838151450683	0	0
Y57A10A.13	skr-8	16.774	29.6854699633271	0	0
Y57A10A.13	skr-9	14.57	5.66429532312019	0	0
Y57A10A.13	slc-17.1	12.1	9.21626569219878	0	0
Y57A10A.13	slc-17.3	24.21	1.38202932873371	0	0
Y57A10A.13	slc-17.4	24.686	1.55117462835135	0	0
Y57A10A.13	slc-17.5	18.728	2.96489588938642	0	0
Y57A10A.13	slc-17.6	22.938	2.00502674713468	0	0
Y57A10A.13	slc-17.7	19.712	2.24461768289404	0	0
Y57A10A.13	slc-17.8	23.686	2.93059087807446	0	0
Y57A10A.13	slc-17.9	24.32	4.54251557716477	0	0
Y57A10A.13	slc-25a10	23.5	1.19262863465885	0	0
Y57A10A.13	slc-25a18.1	20.098	1.75823213755038	0	0
Y57A10A.13	slc-25a18.2	23.84	2.89551088178227	0	0
Y57A10A.13	slc-25a21	16.428	7.79245509551404	0	0
Y57A10A.13	slc-25a26	23.308	3.35327668427799	0	0
Y57A10A.13	slc-25a29	18.068	1.55483195035806	0	0
Y57A10A.13	slc-25a32	17.912	4.18497785622956	0	0
Y57A10A.13	slc-25a42	6.818	6.03616700229737	0	0
Y57A10A.13	slc-25a46	21.254	5.42041350429098	0	0
Y57A10A.13	slc-28.1	22.846	2.09842371669812	0	0
Y57A10A.13	slc-28.2	18.074	3.71906058865738	0	0
Y57A10A.13	slc-30a5	26	2.23226077456924	0	0
Y57A10A.13	slc-30a9	20.972	9.81552354672172	0	0
Y57A10A.13	slc-36.1	20.454	5.79494197236401	0	0
Y57A10A.13	slc-36.2	9.254	3.27819826309364	0	0
Y57A10A.13	slc-36.3	21.704	4.9614723722335	0	0
Y57A10A.13	slc-36.4	19.596	1.6538238549671	0	0
Y57A10A.13	slc-36.5	15.58	2.03173193727143	0	0
Y57A10A.13	slc-46a	24.02	2.23440007213884	0	0
Y57A10A.13	slc-5a12	23.386	8.92338554731328	0	0
Y57A10A.13	slc-9b.1	16.236	3.1055201828768	0	0
Y57A10A.13	slc-9b.2	11.65	4.72531993934463	0	0
Y57A10A.13	slcf-1	23.008	1.92699128325643	0	0
Y57A10A.13	slcf-2	6.018	2.19631318667658	0	0
Y57A10A.13	slcr-46.1	22.33	3.81837415983739	0	0
Y57A10A.13	slcr-46.2	24.042	3.62444761119355	0	0
Y57A10A.13	slcr-46.3	16.938	4.57015596685843	0	0
Y57A10A.13	sld-2	17.184	20.5898952796124	0	0
Y57A10A.13	sld-5	25.282	12.8114552930551	0	0
Y57A10A.13	slfl-3	16.12	23.2233325520705	0	0
Y57A10A.13	slfl-4	23.194	5.63784995093271	0	0
Y57A10A.13	slfl-5	24.35	6.70663081619518	0	0
Y57A10A.13	sli-1	19.298	3.34891665316068	0	0
Y57A10A.13	slmp-1	24.882	2.76337401453266	0	0
Y57A10A.13	slo-1	23.294	1.37226781647656	0	0
Y57A10A.13	slo-2	25.828	7.03242303061029	0	0
Y57A10A.13	slrp-1	27.472	2.06930849818669	0	0
Y57A10A.13	slt-1	26.222	7.73822757611661	0	0
Y57A10A.13	slx-1	24.358	5.3973021789471	0	0
Y57A10A.13	sly-1	25.98	4.54431965707118	0	0
Y57A10A.13	sma-10	25.938	9.68699277719981	0	0
Y57A10A.13	sma-2	19.04	3.25503160343407	0	0
Y57A10A.13	sma-3	20.994	4.18023719760263	0	0
Y57A10A.13	sma-4	7.768	1.87305794143839	0	0
Y57A10A.13	sma-5	18.308	2.70674131130377	0	0
Y57A10A.13	sma-6	22.368	3.47469332413663	0	0
Y57A10A.13	smap-1	19.546	5.93731970342808	0	0
Y57A10A.13	smc-3	19.468	2.15689722161672	0	0
Y57A10A.13	smc-4	24.506	23.5099660157493	0	0
Y57A10A.13	smc-5	26.08	2.77560752620458	0	0
Y57A10A.13	smc-6	27.726	3.74479634722929	0	0
Y57A10A.13	smcl-1	24.536	9.49973068461312	0	0
Y57A10A.13	smcr-8	25.804	5.92757798037963	0	0
Y57A10A.13	smd-1	19.242	6.47396671318392	0	0
Y57A10A.13	smex-1	17.888	7.89410627419996	0	0
Y57A10A.13	smex-2	15.01	2.62672538357313	0	0
Y57A10A.13	smf-1	15.394	1.72518415101129	0	0
Y57A10A.13	smf-2	21.066	2.29176680629024	0	0
Y57A10A.13	smf-3	10.748	2.2907637827865	0	0
Y57A10A.13	smg-1	29.348	2.19616613439103	0	0
Y57A10A.13	smg-2	22.522	5.14500468761209	0	0
Y57A10A.13	smg-3	20.42	2.77349632510169	0	0
Y57A10A.13	smg-4	21.828	12.6191128578876	0	0
Y57A10A.13	smg-5	23.786	11.3995222613909	0	0
Y57A10A.13	smg-6	21.676	5.14498262782308	0	0
Y57A10A.13	smg-7	24.078	4.02368979744785	0	0
Y57A10A.13	smg-8	11.98	3.11207877834845	0	0
Y57A10A.13	smg-9	25.294	1.15824928835947	0	0
Y57A10A.13	smgl-1	16.396	3.19068272473125	0	0
Y57A10A.13	smgl-2	25.752	1.63403565977858	0	0
Y57A10A.13	smi-1	25.078	3.8083169986631	0	0
Y57A10A.13	smk-1	19.348	14.9108735040007	0	0
Y57A10A.13	smn-1	25.14	2.91135758013369	0	0
Y57A10A.13	smo-1	13.8	2.55941782789121	0	0
Y57A10A.13	smoc-1	16.662	9.81338075371104	0	0
Y57A10A.13	smp-1	21.09	2.8097634359549	0	0
Y57A10A.13	smp-2	20.172	3.47465078240182	0	0
Y57A10A.13	smr-1	6.324	5.68666673756775	0	0
Y57A10A.13	smrc-1	21.178	2.68803222325903	0	0
Y57A10A.13	smrn-1	14.004	7.17636112318571	0	0
Y57A10A.13	sms-1	11.478	26.9982388405066	0	0
Y57A10A.13	sms-2	17.862	2.93597297609539	0	0
Y57A10A.13	sms-3	17.834	11.3509838428395	0	0
Y57A10A.13	sms-5	18.624	8.12713896864966	0	0
Y57A10A.13	smu-1	25.906	3.39400015488709	0	0
Y57A10A.13	smu-2	15.792	1.80743098358655	0	0
Y57A10A.13	smz-1	22.034	16.9641057085207	0	0
Y57A10A.13	smz-2	25.29	4.73085091402355	0	0
Y57A10A.13	sna-1	22.254	8.51728509553584	0	0
Y57A10A.13	sna-2	25.566	2.16522411821227	0	0
Y57A10A.13	sna-3	26.82	9.64685392637221	0	0
Y57A10A.13	snai-1	25.942	13.886754715891	0	0
Y57A10A.13	snap-1	26.104	5.23652253377138	0	0
Y57A10A.13	snap-29	23.51	8.64697714303377	0	0
Y57A10A.13	snb-1	16.87	11.1312656135444	0	0
Y57A10A.13	snb-2	16.09	8.90259794072229	0	0
Y57A10A.13	snb-5	16.812	11.0645173637889	0	0
Y57A10A.13	snb-6	18.76	11.4130393014421	0	0
Y57A10A.13	snb-7	18.666	15.2299880870033	0	0
Y57A10A.13	snet-1	15.96	25.710876319631	0	0
Y57A10A.13	snf-1	14.09	1.28829913844367	0	0
Y57A10A.13	snf-10	26.286	2.13560225699766	0	0
Y57A10A.13	snf-11	23.33	5.45282408825311	0	0
Y57A10A.13	snf-12	23.856	3.33488002507484	0	0
Y57A10A.13	snf-2	17.044	5.70061055211402	0	0
Y57A10A.13	snf-3	13.554	30.8307162530562	0	0
Y57A10A.13	snf-5	17.876	1.78599675763009	0	0
Y57A10A.13	snf-6	25.74	4.33922064951218	0	0
Y57A10A.13	snf-7	19.038	1.51300102611662	0	0
Y57A10A.13	snf-9	23.2	1.37188193645169	0	0
Y57A10A.13	snfc-5	14.394	19.016150375412	0	0
Y57A10A.13	sng-1	10.786	10.086451230691	0	0
Y57A10A.13	snn-1	17.204	14.4837975324283	0	0
Y57A10A.13	snpc-1.1	22.234	2.88086277634853	0	0
Y57A10A.13	snpc-1.2	22.708	7.87680247544226	0	0
Y57A10A.13	snpc-1.3	23.546	2.95550111268242	0	0
Y57A10A.13	snpc-1.4	18.882	2.07406429647061	0	0
Y57A10A.13	snpc-3.1	21.514	4.64285746562887	0	0
Y57A10A.13	snpc-3.2	26.626	2.86638538862607	0	0
Y57A10A.13	snpc-3.4	23.638	8.79524071170228	0	0
Y57A10A.13	snpc-4	27.808	5.75662731421016	0	0
Y57A10A.13	snpn-1	18.97	1.83860622315185	0	0
Y57A10A.13	snr-1	21.482	5.30650303058463	0	0
Y57A10A.13	snr-2	19.044	4.83784764566103	0	0
Y57A10A.13	snr-3	15.976	32.810980818176	0	0
Y57A10A.13	snr-4	26.62	1.95450180906515	0	0
Y57A10A.13	snr-5	25.48	9.20612050951068	0	0
Y57A10A.13	snr-6	23.734	12.2549754831762	0	0
Y57A10A.13	snr-7	21.818	8.58947547999062	0	0
Y57A10A.13	snrp-200	23.962	5.5365841671083	0	0
Y57A10A.13	snrp-27	12.804	2.83301761952987	0	0
Y57A10A.13	snrp-3	19.56	1.403371905042	0	0
Y57A10A.13	snrp-40.1	23.156	1.09234186065846	0	0
Y57A10A.13	snrp-40.2	22.49	12.4293960601292	0	0
Y57A10A.13	snt-1	16.322	14.2731996733479	0	0
Y57A10A.13	snt-2	23.762	6.06078270010151	0	0
Y57A10A.13	snt-3	13.892	36.4887394438707	0	0
Y57A10A.13	snt-4	24.892	3.92144059134025	0	0
Y57A10A.13	snt-5	23.066	5.93628099912082	0	0
Y57A10A.13	snt-6	22.368	5.39826980308805	0	0
Y57A10A.13	snt-7	20.548	9.85514795674831	0	0
Y57A10A.13	snu-13	24.15	5.11684643696292	0	0
Y57A10A.13	snu-23	11.812	45.9051544868807	0	0
Y57A10A.13	snu-66	29.402	4.68772589085656	0	0
Y57A10A.13	snx-1	19.958	8.72028075777028	0	0
Y57A10A.13	snx-13	23.74	1.06355359502549	0	0
Y57A10A.13	snx-14	22.28	3.6245872865764	0	0
Y57A10A.13	snx-17	22.292	8.21359747901724	0	0
Y57A10A.13	snx-27	15.92	9.75359117683985	0	0
Y57A10A.13	snx-3	24.73	2.69337067057045	0	0
Y57A10A.13	snx-6	16.272	47.2596827561433	0	0
Y57A10A.13	soap-1	18.044	1.54163493839978	0	0
Y57A10A.13	soc-1	16.134	13.9144450832764	0	0
Y57A10A.13	soc-2	22.426	2.51546767956013	0	0
Y57A10A.13	sod-1	26.516	4.40683418719339	0	0
Y57A10A.13	sod-2	27.628	2.52931435377703	0	0
Y57A10A.13	sod-3	27.054	2.15682206299229	0	0
Y57A10A.13	sod-4	27.332	1.67731237076979	0	0
Y57A10A.13	sod-5	27.516	4.33768609908967	0	0
Y57A10A.13	sodh-1	23.36	9.83075631092886	0	0
Y57A10A.13	sodh-2	26.838	5.09417960123534	0	0
Y57A10A.13	soem-1	11.198	52.6856490201543	0	0
Y57A10A.13	sol-1	25.53	1.95848021934978	0	0
Y57A10A.13	sol-2	20.81	2.33617688802148	0	0
Y57A10A.13	somi-1	21.906	5.25769579617934	0	0
Y57A10A.13	sop-2	21.552	2.98788398164984	0	0
Y57A10A.13	sop-3	20.24	8.16272224495485	0	0
Y57A10A.13	sor-1	23.72	12.3409649729499	0	0
Y57A10A.13	sor-3	26.046	7.50153591884795	0	0
Y57A10A.13	sorb-1	9.338	9.76405562462169	0	0
Y57A10A.13	sorf-1	21.982	7.23050084196746	0	0
Y57A10A.13	sorf-2	27.026	1.36067608442326	0	0
Y57A10A.13	sos-1	19.544	2.3179655045793	0	0
Y57A10A.13	sosi-1	12.476	3.71338387072252	0	0
Y57A10A.13	sox-2	11.884	51.8086296738348	0	0
Y57A10A.13	sox-3	5.614	2.25876273375809	0	0
Y57A10A.13	sox-4	12.526	10.699476292806	0	0
Y57A10A.13	spas-1	22.572	7.63610308382284	0	0
Y57A10A.13	spat-1	15.226	16.4441293680154	0	0
Y57A10A.13	spat-2	22.072	7.04001713324044	0	0
Y57A10A.13	spch-1	15.338	14.641488255021	0	0
Y57A10A.13	spch-2	15.394	6.12259711176615	0	0
Y57A10A.13	spch-3	15.814	16.0324757291191	0	0
Y57A10A.13	spcs-1	20.692	2.01487172809843	0	0
Y57A10A.13	spcs-2	27.83	2.28291253157176	0	0
Y57A10A.13	spcs-3	23.828	3.59139237387702	0	0
Y57A10A.13	spd-1	14.784	28.9419419259796	0	0
Y57A10A.13	spd-2	15.958	8.58885420187908	0	0
Y57A10A.13	spd-3	21.34	16.0033776405503	0	0
Y57A10A.13	spd-5	29.192	2.44749189125363	0	0
Y57A10A.13	spdl-1	28.22	1.17687610952627	0	0
Y57A10A.13	spds-1	27.054	4.40160659516542	0	0
Y57A10A.13	spe-10	23.67	4.95504754081816	0	0
Y57A10A.13	spe-11	22.976	6.43713562528923	0	0
Y57A10A.13	spe-12	21.562	0.808226999379545	0	0
Y57A10A.13	spe-15	27.834	2.0158695823095	0	0
Y57A10A.13	spe-17	22.072	3.43886231997461	0	0
Y57A10A.13	spe-18	18.406	4.2470719384102	0	0
Y57A10A.13	spe-19	20.36	11.2120991589406	0	0
Y57A10A.13	spe-26	28.382	2.05662834853267	0	0
Y57A10A.13	spe-27	21.618	5.57068907419067	0	0
Y57A10A.13	spe-29	20.768	3.15626050411297	0	0
Y57A10A.13	spe-36	20.968	17.2001035436557	0	0
Y57A10A.13	spe-38	17.278	3.35372521146147	0	0
Y57A10A.13	spe-39	21.124	12.6699161862981	0	0
Y57A10A.13	spe-4	10.254	3.08902976472133	0	0
Y57A10A.13	spe-41	26.346	3.48523914928324	0	0
Y57A10A.13	spe-42	17.494	2.40238779198569	0	0
Y57A10A.13	spe-43	21.972	10.6721357187648	0	0
Y57A10A.13	spe-44	19.028	6.66644539504235	0	0
Y57A10A.13	spe-45	26	3.49735741321067	0	0
Y57A10A.13	spe-46	15.164	2.13362495001247	0	0
Y57A10A.13	spe-47	23.368	6.22910265230612	0	0
Y57A10A.13	spe-48	21.75	17.8438197283269	0	0
Y57A10A.13	spe-49	20.638	6.61373787315814	0	0
Y57A10A.13	spe-5	23.502	1.87686535395984	0	0
Y57A10A.13	spe-51	23.026	3.55318537415804	0	0
Y57A10A.13	spe-54	25.574	4.22852063794222	0	0
Y57A10A.13	spe-57	29.136	1.45364072427465	0	0
Y57A10A.13	spe-58	12.008	2.22478049908993	0	0
Y57A10A.13	spe-6	23.564	6.3394612390025	0	0
Y57A10A.13	spe-8	20.536	19.0249901308949	0	0
Y57A10A.13	spe-9	11.544	8.76383051658556	0	0
Y57A10A.13	spex-1	18.77	6.07971064894315	0	0
Y57A10A.13	spex-2	9.09	7.76376871230478	0	0
Y57A10A.13	spex-3	10.938	2.42007117952685	0	0
Y57A10A.13	spg-20	22.424	2.79575922074879	0	0
Y57A10A.13	spg-7	27.744	3.70748937643655	0	0
Y57A10A.13	sph-1	10.544	5.69028199072312	0	0
Y57A10A.13	sphk-1	20.518	11.4224872396218	0	0
Y57A10A.13	sphr-1	20.9	2.520718389497	0	0
Y57A10A.13	spi-1	22.126	2.67316408133427	0	0
Y57A10A.13	spi-2	15.292	6.77564890755638	0	0
Y57A10A.13	spi-3	23.288	7.13559362322404	0	0
Y57A10A.13	spi-4	11.252	5.39914074624086	0	0
Y57A10A.13	spia-1	5.592	5.66545506505746	0	0
Y57A10A.13	spig-1	27.004	5.29826900240149	0	0
Y57A10A.13	spig-10	23.186	15.9995702657298	0	0
Y57A10A.13	spig-11	23.59	12.043588555149	0	0
Y57A10A.13	spig-12	21.158	9.1772299422785	0	0
Y57A10A.13	spig-13	15.724	15.4361842597904	0	0
Y57A10A.13	spig-14	9.68	4.01366573968231	0	0
Y57A10A.13	spig-15	13.666	9.39351133169391	0	0
Y57A10A.13	spig-16	23.746	6.28847608444327	0	0
Y57A10A.13	spig-17	24.028	5.17325020645723	0	0
Y57A10A.13	spig-18	20.954	2.69344574127493	0	0
Y57A10A.13	spig-20	26.228	3.85088417317969	0	0
Y57A10A.13	spig-3	17.998	17.312690637859	0	0
Y57A10A.13	spig-4	15.87	4.62977223486899	0	0
Y57A10A.13	spig-5	10.384	18.0287535269927	0	0
Y57A10A.13	spig-6	26.122	5.21136156221181	0	0
Y57A10A.13	spig-7	25.826	5.89372594278845	0	0
Y57A10A.13	spig-8	25.678	7.78669455990364	0	0
Y57A10A.13	spig-9	26.378	6.67240994310385	0	0
Y57A10A.13	spin-1	22.638	5.0082323694621	0	0
Y57A10A.13	spin-2	27.902	1.52968882776272	0	0
Y57A10A.13	spin-3	19.158	16.2666000778159	0	0
Y57A10A.13	spin-4	17.69	3.91175740146483	0	0
Y57A10A.13	spk-1	22.076	3.1951352831077	0	0
Y57A10A.13	spl-1	24.874	5.90620154881056	0	0
Y57A10A.13	spl-2	25.15	2.02900211883469	0	0
Y57A10A.13	spl-3	24.61	2.85002630695916	0	0
Y57A10A.13	spn-4	18.53	10.1180427903644	0	0
Y57A10A.13	spo-11	12.874	2.44931823000144	0	0
Y57A10A.13	spon-1	24.028	13.360010400292	0	0
Y57A10A.13	spop-1	19.442	13.918400992798	0	0
Y57A10A.13	spot-1	19.672	2.06968595726453	0	0
Y57A10A.13	spp-1	25.922	3.00226846864478	0	0
Y57A10A.13	spp-10	23.642	4.68018757181832	0	0
Y57A10A.13	spp-11	27.212	2.56521856657329	0	0
Y57A10A.13	spp-12	9.61	7.81303715800271	0	0
Y57A10A.13	spp-13	26.278	6.06153302246792	0	0
Y57A10A.13	spp-14	11.702	3.83998541650552	0	0
Y57A10A.13	spp-15	20.584	1.94768490841095	0	0
Y57A10A.13	spp-16	23.082	6.17469820113895	0	0
Y57A10A.13	spp-17	19.76	10.1799926807127	0	0
Y57A10A.13	spp-18	11.216	0.892919825859794	0	0
Y57A10A.13	spp-19	21.194	3.26904771786527	0	0
Y57A10A.13	spp-2	25.748	11.9996877234696	0	0
Y57A10A.13	spp-20	6.978	43.3461360402583	0	0
Y57A10A.13	spp-21	7.532	22.6771862299098	0	0
Y57A10A.13	spp-22	21.734	7.1323212637867	0	0
Y57A10A.13	spp-23	11.466	6.42628500203654	0	0
Y57A10A.13	spp-24	18.662	13.2441482616582	0	0
Y57A10A.13	spp-25	28.26	1.72738786234379	0	0
Y57A10A.13	spp-26	25.36	3.84973979926013	0	0
Y57A10A.13	spp-27	23.842	2.13257537457625	0	0
Y57A10A.13	spp-28	25.404	3.12212894055801	0	0
Y57A10A.13	spp-29	26.826	2.36946821077992	0	0
Y57A10A.13	spp-3	19.076	6.06415025635049	0	0
Y57A10A.13	spp-30	26.796	4.92862393758059	0	0
Y57A10A.13	spp-4	26.428	5.38575815581363	0	0
Y57A10A.13	spp-5	27.74	2.50948872155113	0	0
Y57A10A.13	spp-6	19.326	38.2048888713955	0	0
Y57A10A.13	spp-7	19.958	6.42904852335034	0	0
Y57A10A.13	spp-8	22.066	9.20919015281036	0	0
Y57A10A.13	spp-9	13.9	1.98462075167392	0	0
Y57A10A.13	spr-1	20.938	11.2273920914996	0	0
Y57A10A.13	spr-2	15.156	2.31665688557703	0	0
Y57A10A.13	spr-3	24.66	10.1010686273922	0	0
Y57A10A.13	spr-4	25.836	5.64848396664033	0	0
Y57A10A.13	spr-5	23.294	16.5401389915542	0	0
Y57A10A.13	sprp-4	11.986	4.6270561838832	0	0
Y57A10A.13	sprr-1	9.194	2.72416334105832	0	0
Y57A10A.13	sprr-2	20.624	1.95806656366918	0	0
Y57A10A.13	sprr-3	20.614	1.25969181686364	0	0
Y57A10A.13	spsb-1	17.818	3.47065419403894	0	0
Y57A10A.13	spsb-2	26.416	2.31007520077808	0	0
Y57A10A.13	spsp-1	23.106	5.11098648500102	0	0
Y57A10A.13	spt-16	20.236	8.01503113121679	0	0
Y57A10A.13	spt-4	24.912	7.94206498891111	0	0
Y57A10A.13	spt-5	22.104	5.68851861313824	0	0
Y57A10A.13	sptf-1	6.534	4.58192069529961	0	0
Y57A10A.13	sptf-2	7.6	8.48862690331016	0	0
Y57A10A.13	sptf-3	23.71	10.262845956235	0	0
Y57A10A.13	sptl-1	21.754	5.4179166696671	0	0
Y57A10A.13	sptl-2	24.574	3.58062750789169	0	0
Y57A10A.13	sptl-3	22.02	1.41511684385858	0	0
Y57A10A.13	spv-1	24.454	2.86289707608073	0	0
Y57A10A.13	sqd-1	16.894	19.8137313437835	0	0
Y57A10A.13	sql-1	26.976	7.56934301738558	0	0
Y57A10A.13	sqrd-1	24.23	2.91509919709621	0	0
Y57A10A.13	sqst-1	24.136	11.7567530235566	0	0
Y57A10A.13	sqst-2	21.82	6.68294267041547	0	0
Y57A10A.13	sqst-3	22.602	3.40554255630599	0	0
Y57A10A.13	sqst-4	16.154	6.31977630742951	0	0
Y57A10A.13	sqst-5	22.41	3.08641079264446	0	0
Y57A10A.13	sqt-1	21.16	4.53624661075213	0	0
Y57A10A.13	sqt-2	22.802	10.2972171954358	0	0
Y57A10A.13	sqt-3	22.938	12.2118153019937	0	0
Y57A10A.13	sqv-1	5.832	6.18402241112481	0	0
Y57A10A.13	sqv-2	21.234	8.88027608140298	0	0
Y57A10A.13	sqv-3	21.024	3.22118658579204	0	0
Y57A10A.13	sqv-4	20.76	7.68685616446719	0	0
Y57A10A.13	sqv-5	25.926	1.72379705459122	0	0
Y57A10A.13	sqv-6	27.156	2.32352126726328	0	0
Y57A10A.13	sqv-7	16.972	2.1742410730641	0	0
Y57A10A.13	sqv-8	22.85	2.04802782613524	0	0
Y57A10A.13	sra-1	24.528	5.23152086429537	0	0
Y57A10A.13	sra-10	24.6	5.67615645182279	0	0
Y57A10A.13	sra-11	20.964	16.2752305439365	0	0
Y57A10A.13	sra-12	23.896	4.31761131755711	0	0
Y57A10A.13	sra-13	5.892	3.9828577908554	0	0
Y57A10A.13	sra-14	24.278	6.67381372546521	0	0
Y57A10A.13	sra-17	20.462	9.32127900240922	0	0
Y57A10A.13	sra-18	19.942	12.8666448973761	0	0
Y57A10A.13	sra-2	13.484	3.89247913523391	0	0
Y57A10A.13	sra-20	24.594	1.71560548957634	0	0
Y57A10A.13	sra-21	24.786	3.69865929641595	0	0
Y57A10A.13	sra-22	19.8	2.85565756428832	0	0
Y57A10A.13	sra-23	26.874	3.20861001887154	0	0
Y57A10A.13	sra-24	25.182	2.72900894883885	0	0
Y57A10A.13	sra-25	24.618	11.1020647143695	0	0
Y57A10A.13	sra-26	20.674	7.56967047226339	0	0
Y57A10A.13	sra-27	22.204	4.70787815776015	0	0
Y57A10A.13	sra-28	27.548	1.5952308949583	0	0
Y57A10A.13	sra-29	20.392	3.07039527957212	0	0
Y57A10A.13	sra-3	9.432	5.68450263850836	0	0
Y57A10A.13	sra-30	17.698	6.84129551752493	0	0
Y57A10A.13	sra-31	19.73	3.29486527382565	0	0
Y57A10A.13	sra-32	18.028	5.02271100580142	0	0
Y57A10A.13	sra-33	15.164	2.18746836358486	0	0
Y57A10A.13	sra-34	21.414	6.01300888211954	0	0
Y57A10A.13	sra-35	26.952	2.69225652587254	0	0
Y57A10A.13	sra-36	21.628	7.83766998036787	0	0
Y57A10A.13	sra-37	24.44	7.60898961278394	0	0
Y57A10A.13	sra-38	20.262	2.23059119443107	0	0
Y57A10A.13	sra-39	24.368	3.41738534726516	0	0
Y57A10A.13	sra-4	13.182	5.20944883619162	0	0
Y57A10A.13	sra-6	24.946	4.92491089722278	0	0
Y57A10A.13	sra-7	18.578	8.42324578361103	0	0
Y57A10A.13	sra-8	21.97	12.4141504832214	0	0
Y57A10A.13	sra-9	23.266	1.3681927902724	0	0
Y57A10A.13	srab-1	23.454	2.39176028362038	0	0
Y57A10A.13	srab-10	13.076	3.45481909171922	0	0
Y57A10A.13	srab-11	20.236	10.7272541288006	0	0
Y57A10A.13	srab-12	19.756	10.6989111718316	0	0
Y57A10A.13	srab-13	10.08	3.27305787427056	0	0
Y57A10A.13	srab-14	22.492	10.4034805894752	0	0
Y57A10A.13	srab-16	23.248	1.3058978197073	0	0
Y57A10A.13	srab-17	14.104	21.4763981725372	0	0
Y57A10A.13	srab-18	23.75	3.48444902983976	0	0
Y57A10A.13	srab-2	25.062	2.62535537666607	0	0
Y57A10A.13	srab-20	22.476	7.24976403612078	0	0
Y57A10A.13	srab-21	11.564	3.10745961012563	0	0
Y57A10A.13	srab-22	15.374	1.69216729975377	0	0
Y57A10A.13	srab-23	25.644	2.28790817561326	0	0
Y57A10A.13	srab-24	21.896	13.1560048321163	0	0
Y57A10A.13	srab-25	22.788	12.0055764859579	0	0
Y57A10A.13	srab-26	20.454	6.89668909213955	0	0
Y57A10A.13	srab-3	12.844	5.78653622117054	0	0
Y57A10A.13	srab-4	19.3	2.45226104998948	0	0
Y57A10A.13	srab-6	9.436	2.28355465011715	0	0
Y57A10A.13	srab-7	19.572	16.0199357331963	0	0
Y57A10A.13	srab-8	22.664	5.17523460862282	0	0
Y57A10A.13	srab-9	20.092	2.2351026818784	0	0
Y57A10A.13	srb-1	21.98	1.33497732039319	0	0
Y57A10A.13	srb-11	22.23	1.18676616808573	0	0
Y57A10A.13	srb-12	21.93	2.66475154285216	0	0
Y57A10A.13	srb-13	23.816	2.89547712806907	0	0
Y57A10A.13	srb-15	26.502	5.33594537301054	0	0
Y57A10A.13	srb-16	25.836	2.60489527381034	0	0
Y57A10A.13	srb-17	19.036	7.35191546940344	0	0
Y57A10A.13	srb-18	24.17	3.02409628739837	0	0
Y57A10A.13	srb-19	9.618	3.60948123850131	0	0
Y57A10A.13	srb-2	25.056	6.69431765899048	0	0
Y57A10A.13	srb-3	23.554	7.00200112638161	0	0
Y57A10A.13	srb-5	23.938	3.84376120581887	0	0
Y57A10A.13	srb-6	22.874	1.33700598207416	0	0
Y57A10A.13	srb-7	24.508	2.59081398497026	0	0
Y57A10A.13	srbc-1	22.408	4.58946150661212	0	0
Y57A10A.13	srbc-10	13.53	8.48419176930681	0	0
Y57A10A.13	srbc-11	21.788	3.6379422001646	0	0
Y57A10A.13	srbc-12	17.812	2.25492146216553	0	0
Y57A10A.13	srbc-13	14.444	4.35083469275465	0	0
Y57A10A.13	srbc-14	22.588	2.70044009801846	0	0
Y57A10A.13	srbc-16	21.872	1.74859460243033	0	0
Y57A10A.13	srbc-17	22.658	3.10661267181788	0	0
Y57A10A.13	srbc-19	22.998	2.43001988994841	0	0
Y57A10A.13	srbc-2	22.478	2.64327280882561	0	0
Y57A10A.13	srbc-20	21.862	1.55062905987804	0	0
Y57A10A.13	srbc-21	18.4	0.782872841896079	0	0
Y57A10A.13	srbc-22	20.982	1.53380484549583	0	0
Y57A10A.13	srbc-23	23.048	3.25109779028317	0	0
Y57A10A.13	srbc-24	19.47	0.719971534097394	0	0
Y57A10A.13	srbc-25	18.66	7.26730389206204	0	0
Y57A10A.13	srbc-26	18.264	3.35972625839279	0	0
Y57A10A.13	srbc-27	20.366	2.85857286185585	0	0
Y57A10A.13	srbc-29	19.146	3.08260149936434	0	0
Y57A10A.13	srbc-3	17.958	2.88663603105212	0	0
Y57A10A.13	srbc-30	22.99	23.0207938879673	0	0
Y57A10A.13	srbc-31	23.566	0.829690802305374	0	0
Y57A10A.13	srbc-32	21.866	5.78705374029042	0	0
Y57A10A.13	srbc-33	22.99	2.85776755560925	0	0
Y57A10A.13	srbc-34	18.128	2.59014965997411	0	0
Y57A10A.13	srbc-36	15.748	7.43946740079419	0	0
Y57A10A.13	srbc-37	20.198	0.671036603052975	0	0
Y57A10A.13	srbc-38	20.152	3.44144505220928	0	0
Y57A10A.13	srbc-39	19.71	5.70838262599549	0	0
Y57A10A.13	srbc-40	22.67	3.4451917405852	0	0
Y57A10A.13	srbc-41	5.466	3.52527375092464	0	0
Y57A10A.13	srbc-42	20.278	4.40053073007526	0	0
Y57A10A.13	srbc-43	16.81	1.70192974430934	0	0
Y57A10A.13	srbc-44	17.67	3.50968460299121	0	0
Y57A10A.13	srbc-45	19.454	3.99817314029001	0	0
Y57A10A.13	srbc-48	20.464	4.08751352666134	0	0
Y57A10A.13	srbc-49	21.602	2.39701440312098	0	0
Y57A10A.13	srbc-5	19.002	3.64117432867103	0	0
Y57A10A.13	srbc-50	18.284	3.18125909833099	0	0
Y57A10A.13	srbc-51	19.164	1.16072324887491	0	0
Y57A10A.13	srbc-54	21.75	2.62733579522979	0	0
Y57A10A.13	srbc-55	3.952	3.39672554545544	1	1
Y57A10A.13	srbc-56	20.578	2.31592519189537	0	0
Y57A10A.13	srbc-57	20.184	3.89774595381691	0	0
Y57A10A.13	srbc-58	16.57	5.39938873435146	0	0
Y57A10A.13	srbc-59	18.318	4.0807358732822	0	0
Y57A10A.13	srbc-6	19.902	3.11595358064447	0	0
Y57A10A.13	srbc-60	16.096	9.06563906031563	0	0
Y57A10A.13	srbc-61	21.06	10.0721305952283	0	0
Y57A10A.13	srbc-62	19.856	2.12915345474773	0	0
Y57A10A.13	srbc-63	21.38	2.1853407644946	0	0
Y57A10A.13	srbc-64	22.55	2.05838544838584	0	0
Y57A10A.13	srbc-65	20.464	3.43832689210785	0	0
Y57A10A.13	srbc-66	23.13	0.887085366566506	0	0
Y57A10A.13	srbc-67	18.938	1.22101494548247	0	0
Y57A10A.13	srbc-68	19.46	4.47557944310075	0	0
Y57A10A.13	srbc-7	14.676	2.3185105132158	0	0
Y57A10A.13	srbc-70	20.942	1.5628493870176	0	0
Y57A10A.13	srbc-71	19.152	2.49246714976327	0	0
Y57A10A.13	srbc-75	22.79	2.48080728870455	0	0
Y57A10A.13	srbc-76	20.134	2.80314205138944	0	0
Y57A10A.13	srbc-77	17.936	4.36424353224212	0	0
Y57A10A.13	srbc-78	19.206	7.94236915501757	0	0
Y57A10A.13	srbc-79	21.394	3.13618091013771	0	0
Y57A10A.13	srbc-8	19.958	2.70786155911826	0	0
Y57A10A.13	srbc-81	18.198	4.55040181081127	0	0
Y57A10A.13	srbc-82	21.786	2.09305710550433	0	0
Y57A10A.13	srbc-83	18.968	2.60989799904397	0	0
Y57A10A.13	srbc-84	21.828	3.64353701586135	0	0
Y57A10A.13	srbc-9	21.492	2.60549606200019	0	0
Y57A10A.13	src-1	23.554	20.3204789683977	0	0
Y57A10A.13	src-2	17.966	44.1685849412102	0	0
Y57A10A.13	srd-1	24.228	3.47312594384866	0	0
Y57A10A.13	srd-10	9.898	12.1005707232307	0	0
Y57A10A.13	srd-11	20.77	6.87625500973451	0	0
Y57A10A.13	srd-12	3.536	5.6334387321216	1	1
Y57A10A.13	srd-13	3.244	5.91187192491919	1	1
Y57A10A.13	srd-15	24.282	5.49457474575339	0	0
Y57A10A.13	srd-16	23.428	3.96655570740785	0	0
Y57A10A.13	srd-17	21.572	7.61335051001583	0	0
Y57A10A.13	srd-18	21.566	10.645695098283	0	0
Y57A10A.13	srd-19	19.226	2.05684547888486	0	0
Y57A10A.13	srd-2	18.996	2.1505026627394	0	0
Y57A10A.13	srd-20	19.14	0.732384836409417	0	0
Y57A10A.13	srd-21	19.48	8.92699992735691	0	0
Y57A10A.13	srd-23	22.21	6.48458206555793	0	0
Y57A10A.13	srd-25	16.838	1.13183316304279	0	0
Y57A10A.13	srd-26	16.118	0.603759306400439	0	0
Y57A10A.13	srd-27	17.836	17.5333482364068	0	0
Y57A10A.13	srd-28	13.372	1.1159988333506	0	0
Y57A10A.13	srd-29	22.084	4.70772409222831	0	0
Y57A10A.13	srd-3	21.06	6.94086197478571	0	0
Y57A10A.13	srd-30	16.658	5.1662433601486	0	0
Y57A10A.13	srd-31	21.016	5.67200078151063	0	0
Y57A10A.13	srd-32	22.366	3.71752913711092	0	0
Y57A10A.13	srd-33	20.958	2.6449060144616	0	0
Y57A10A.13	srd-34	24.428	1.16342162009205	0	0
Y57A10A.13	srd-35	15.676	2.16873301201231	0	0
Y57A10A.13	srd-36	22.188	2.04492966470223	0	0
Y57A10A.13	srd-38	20.682	2.16730009961549	0	0
Y57A10A.13	srd-39	19.96	9.89133269565504	0	0
Y57A10A.13	srd-4	16.914	3.09098803842174	0	0
Y57A10A.13	srd-40	24.776	1.00887954794756	0	0
Y57A10A.13	srd-41	5.92	3.35294480427014	0	0
Y57A10A.13	srd-42	15.808	1.05606720698635	0	0
Y57A10A.13	srd-43	13.8	2.94928426448822	0	0
Y57A10A.13	srd-44	3.04	1.91807628119911	1	1
Y57A10A.13	srd-45	20.564	1.50576229321176	0	0
Y57A10A.13	srd-46	19.286	1.02699183699805	0	0
Y57A10A.13	srd-47	25.468	3.40694525243692	0	0
Y57A10A.13	srd-48	19.106	0.616630439653428	0	0
Y57A10A.13	srd-49	17.496	0.438278223883877	0	0
Y57A10A.13	srd-5	21.072	0.509354892368971	0	0
Y57A10A.13	srd-50	16.784	14.0076781588135	0	0
Y57A10A.13	srd-51	6.974	2.20419451720847	0	0
Y57A10A.13	srd-53	13.286	1.93482089574706	0	0
Y57A10A.13	srd-54	19.604	5.44071308704302	0	0
Y57A10A.13	srd-55	14.088	0.455616312773461	0	0
Y57A10A.13	srd-56	19.488	3.02389260254038	0	0
Y57A10A.13	srd-58	16.052	12.7718603269155	0	0
Y57A10A.13	srd-59	20.808	4.28588597674801	0	0
Y57A10A.13	srd-61	6.69	3.47030994506544	0	0
Y57A10A.13	srd-63	17.674	1.42779769565124	0	0
Y57A10A.13	srd-64	24.238	2.04285189778156	0	0
Y57A10A.13	srd-65	23.768	3.54409197499299	0	0
Y57A10A.13	srd-66	17.16	1.32054419506115	0	0
Y57A10A.13	srd-67	14.816	2.21429612889619	0	0
Y57A10A.13	srd-68	19.438	2.30600373805162	0	0
Y57A10A.13	srd-69	14.2	3.37624465503327	0	0
Y57A10A.13	srd-7	17.61	2.48596526290148	0	0
Y57A10A.13	srd-70	21.434	0.515952833850865	0	0
Y57A10A.13	srd-72	5.532	2.81032245674548	0	0
Y57A10A.13	srd-73	19.16	1.50409169634547	0	0
Y57A10A.13	srd-74	22.902	4.63545533947461	0	0
Y57A10A.13	srd-8	18.232	12.1975236567312	0	0
Y57A10A.13	srd-9	21.48	3.34094508715254	0	0
Y57A10A.13	srdf-2.1	22.458	13.9977192980892	0	0
Y57A10A.13	srdf-2.2	16.414	3.97840915946446	0	0
Y57A10A.13	srdh-1	26.724	2.40325572057193	0	0
Y57A10A.13	sre-1	22.292	10.326054239094	0	0
Y57A10A.13	sre-10	21.56	3.89209861267617	0	0
Y57A10A.13	sre-11	25.152	5.36629135873919	0	0
Y57A10A.13	sre-12	21.518	3.45111191176402	0	0
Y57A10A.13	sre-13	4.494	1.73507687491036	1	1
Y57A10A.13	sre-14	23.992	2.99366833386193	0	0
Y57A10A.13	sre-15	22.562	1.38658723988179	0	0
Y57A10A.13	sre-16	22.48	1.55725721211871	0	0
Y57A10A.13	sre-18	4.56	1.63373513440256	1	1
Y57A10A.13	sre-19	16.044	2.12767955244224	0	0
Y57A10A.13	sre-2	22.214	5.95400375930682	0	0
Y57A10A.13	sre-20	24.432	1.20809173637022	0	0
Y57A10A.13	sre-21	23.026	1.41980833782351	0	0
Y57A10A.13	sre-22	14.248	3.06790809492768	0	0
Y57A10A.13	sre-23	15.94	0.530474734168375	0	0
Y57A10A.13	sre-24	23.174	1.86118905701137	0	0
Y57A10A.13	sre-26	9.91	4.48048199279381	0	0
Y57A10A.13	sre-27	24.348	4.44085151132719	0	0
Y57A10A.13	sre-28	24.156	3.68410573652991	0	0
Y57A10A.13	sre-29	20.206	4.29306171810315	0	0
Y57A10A.13	sre-3	24.736	3.65227526452026	0	0
Y57A10A.13	sre-30	27.522	1.14306728329858	0	0
Y57A10A.13	sre-31	24.142	0.899144299641463	0	0
Y57A10A.13	sre-32	23.67	2.22613030041195	0	0
Y57A10A.13	sre-33	26.198	2.98482888916533	0	0
Y57A10A.13	sre-34	23.572	10.2310069578673	0	0
Y57A10A.13	sre-35	16.226	1.67740917896748	0	0
Y57A10A.13	sre-36	15.56	1.4240693962828	0	0
Y57A10A.13	sre-37	23.4	1.32098987316869	0	0
Y57A10A.13	sre-38	26.186	2.85910606718229	0	0
Y57A10A.13	sre-39	15.012	1.96560259345303	0	0
Y57A10A.13	sre-4	6.214	3.79562484779568	0	0
Y57A10A.13	sre-40	8.234	5.04307644520122	0	0
Y57A10A.13	sre-41	22.7	2.50811332666445	0	0
Y57A10A.13	sre-42	16.038	4.70300447020498	0	0
Y57A10A.13	sre-43	20.754	1.07017239780218	0	0
Y57A10A.13	sre-44	21.548	5.08823246332196	0	0
Y57A10A.13	sre-45	23.682	6.7548268415564	0	0
Y57A10A.13	sre-46	11.73	3.1983514888839	0	0
Y57A10A.13	sre-47	25.084	2.07410764275226	0	0
Y57A10A.13	sre-48	22.312	1.20153194316434	0	0
Y57A10A.13	sre-49	24.762	3.44659541276835	0	0
Y57A10A.13	sre-5	18.786	0.535760146495735	0	0
Y57A10A.13	sre-50	22.262	7.53902822781824	0	0
Y57A10A.13	sre-51	22.848	3.69885931695809	0	0
Y57A10A.13	sre-52	21.476	2.00077263836525	0	0
Y57A10A.13	sre-53	23.372	3.88700686014615	0	0
Y57A10A.13	sre-54	7.1	3.56869280544223	0	0
Y57A10A.13	sre-55	25.088	3.55315133178298	0	0
Y57A10A.13	sre-56	24.852	2.709648365119	0	0
Y57A10A.13	sre-6	22.866	7.08621227607292	0	0
Y57A10A.13	sre-7	14.526	0.803714656351166	0	0
Y57A10A.13	sre-8	12.95	2.72631713419455	0	0
Y57A10A.13	sre-9	17.654	9.505258875293	0	0
Y57A10A.13	srf-3	19.466	7.01251811042858	0	0
Y57A10A.13	srg-1	24.824	10.268706751816	0	0
Y57A10A.13	srg-10	18.008	1.34735344121991	0	0
Y57A10A.13	srg-11	15.136	2.6367533378399	0	0
Y57A10A.13	srg-13	25.224	4.57400123922732	0	0
Y57A10A.13	srg-14	17.18	2.52883399257607	0	0
Y57A10A.13	srg-15	24.102	12.8950325541982	0	0
Y57A10A.13	srg-16	19.506	3.00391511996672	0	0
Y57A10A.13	srg-17	21.916	8.31355586012424	0	0
Y57A10A.13	srg-2	16.756	1.79566744262041	0	0
Y57A10A.13	srg-20	19.382	4.63349801697823	0	0
Y57A10A.13	srg-21	21.824	3.47374216813112	0	0
Y57A10A.13	srg-22	17.574	5.46418574024749	0	0
Y57A10A.13	srg-23	18.614	14.096613285456	0	0
Y57A10A.13	srg-24	23.196	4.22515228611084	0	0
Y57A10A.13	srg-25	17.184	0.647494462090373	0	0
Y57A10A.13	srg-26	15.008	2.13864131165278	0	0
Y57A10A.13	srg-27	10.888	3.82253002118516	0	0
Y57A10A.13	srg-28	4.954	2.61091040040453	1	1
Y57A10A.13	srg-29	6.974	3.45119756395434	0	0
Y57A10A.13	srg-3	23.606	1.38427557329323	0	0
Y57A10A.13	srg-30	15.186	4.10141096040892	0	0
Y57A10A.13	srg-31	9.726	5.40871199150846	0	0
Y57A10A.13	srg-32	18.758	12.6021425352384	0	0
Y57A10A.13	srg-33	23.978	1.21389191173418	0	0
Y57A10A.13	srg-34	20.604	0.526770085467491	0	0
Y57A10A.13	srg-36	14.668	3.12769358418142	0	0
Y57A10A.13	srg-37	13.484	2.37353064051673	0	0
Y57A10A.13	srg-38	24.642	12.522133485842	0	0
Y57A10A.13	srg-39	19.768	14.0119245932723	0	0
Y57A10A.13	srg-4	15.946	12.1690986804748	0	0
Y57A10A.13	srg-40	24.944	1.88605365783542	0	0
Y57A10A.13	srg-41	19.376	0.286425204903215	0	0
Y57A10A.13	srg-42	27.348	2.74028486069118	0	0
Y57A10A.13	srg-44	25.688	1.33025637092742	0	0
Y57A10A.13	srg-45	21.902	1.9562172280172	0	0
Y57A10A.13	srg-46	12.43	36.5519494102897	0	0
Y57A10A.13	srg-47	21.752	1.29313523293484	0	0
Y57A10A.13	srg-48	11.8	4.76464162605783	0	0
Y57A10A.13	srg-5	20.192	8.69853539466191	0	0
Y57A10A.13	srg-50	20.34	3.12782524187168	0	0
Y57A10A.13	srg-51	20.74	3.0735577667612	0	0
Y57A10A.13	srg-53	22.584	2.87330310381294	0	0
Y57A10A.13	srg-54	24.426	0.715337593571717	0	0
Y57A10A.13	srg-55	4.86	4.15617487175395	1	1
Y57A10A.13	srg-56	23.098	6.35876597954692	0	0
Y57A10A.13	srg-57	21.772	4.41296775909664	0	0
Y57A10A.13	srg-58	26.186	6.32248388211069	0	0
Y57A10A.13	srg-59	22.01	3.28650710837924	0	0
Y57A10A.13	srg-6	20.86	5.64954363712299	0	0
Y57A10A.13	srg-60	13.792	2.98614767307291	0	0
Y57A10A.13	srg-61	23.066	6.08628513345343	0	0
Y57A10A.13	srg-62	22.072	0.439727638947115	0	0
Y57A10A.13	srg-64	21.658	4.01784046824295	0	0
Y57A10A.13	srg-65	24.482	1.94597535242868	0	0
Y57A10A.13	srg-66	6.886	4.32215979915159	0	0
Y57A10A.13	srg-67	22.426	4.75586602385301	0	0
Y57A10A.13	srg-68	15.868	1.53035917667645	0	0
Y57A10A.13	srg-69	19.526	2.03106333019693	0	0
Y57A10A.13	srg-7	21.542	9.17752768793395	0	0
Y57A10A.13	srg-8	24.118	5.96519985616412	0	0
Y57A10A.13	srg-9	23.186	2.4952926492221	0	0
Y57A10A.13	srgp-1	23.24	8.39280171533984	0	0
Y57A10A.13	srh-1	17.988	11.8586623794055	0	0
Y57A10A.13	srh-10	20.77	6.74092095747398	0	0
Y57A10A.13	srh-100	17.846	7.73623535508493	0	0
Y57A10A.13	srh-102	22.596	2.05981271083853	0	0
Y57A10A.13	srh-104	20.572	4.91612696017106	0	0
Y57A10A.13	srh-105	15.916	3.18194612425562	0	0
Y57A10A.13	srh-109	20.704	4.41244929213521	0	0
Y57A10A.13	srh-11	22.488	10.6498877779268	0	0
Y57A10A.13	srh-111	20.564	2.46825838794883	0	0
Y57A10A.13	srh-112	14.814	0.838514588192545	0	0
Y57A10A.13	srh-113	24.092	5.55460413965626	0	0
Y57A10A.13	srh-115	22.88	4.84164347140824	0	0
Y57A10A.13	srh-116	17.162	1.31032364854664	0	0
Y57A10A.13	srh-118	17.366	20.1399893080115	0	0
Y57A10A.13	srh-119	16.186	1.54676721347199	0	0
Y57A10A.13	srh-120	21.834	7.07442248507588	0	0
Y57A10A.13	srh-122	19.352	7.31746363660393	0	0
Y57A10A.13	srh-123	21.902	4.07270278158323	0	0
Y57A10A.13	srh-125	22.564	3.36886766853841	0	0
Y57A10A.13	srh-127	23.588	10.7982885879246	0	0
Y57A10A.13	srh-128	18.89	3.2491207534266	0	0
Y57A10A.13	srh-129	22.718	2.71405613648472	0	0
Y57A10A.13	srh-130	23.408	3.64608359798324	0	0
Y57A10A.13	srh-131	23.276	6.18883741719596	0	0
Y57A10A.13	srh-132	22.29	5.83074488921285	0	0
Y57A10A.13	srh-133	21.742	6.46246616366534	0	0
Y57A10A.13	srh-134	14.246	1.81736294876525	0	0
Y57A10A.13	srh-135	23.11	5.24369025460864	0	0
Y57A10A.13	srh-136	9.422	0.965182979782602	0	0
Y57A10A.13	srh-137	22.136	10.5313936097409	0	0
Y57A10A.13	srh-138	22.288	4.80732659729483	0	0
Y57A10A.13	srh-139	4.984	2.35102493329567	1	1
Y57A10A.13	srh-140	22.852	1.15959463447316	0	0
Y57A10A.13	srh-141	13.844	3.37439279980409	0	0
Y57A10A.13	srh-142	22.886	8.4275319734036	0	0
Y57A10A.13	srh-145	23.602	2.45292214280736	0	0
Y57A10A.13	srh-146	22.536	3.15482413376493	0	0
Y57A10A.13	srh-147	21.142	13.0801529545541	0	0
Y57A10A.13	srh-148	24.346	3.11606397585938	0	0
Y57A10A.13	srh-149	21.434	12.4799144314863	0	0
Y57A10A.13	srh-15	3.624	3.46079737198966	1	1
Y57A10A.13	srh-154	23.236	2.25328909676215	0	0
Y57A10A.13	srh-159	22.854	2.91833276733832	0	0
Y57A10A.13	srh-16	22.376	11.4156020044801	0	0
Y57A10A.13	srh-166	24.278	3.68852401521198	0	0
Y57A10A.13	srh-167	23.878	2.93402072806267	0	0
Y57A10A.13	srh-169	22.262	4.61289456091349	0	0
Y57A10A.13	srh-17	21.07	4.93775293920834	0	0
Y57A10A.13	srh-170	21.856	4.48676496257438	0	0
Y57A10A.13	srh-171	21.564	3.75792035615757	0	0
Y57A10A.13	srh-172	22.02	5.10055818190106	0	0
Y57A10A.13	srh-173	23.63	6.1262632415293	0	0
Y57A10A.13	srh-174	17.542	2.24773026161819	0	0
Y57A10A.13	srh-177	22.042	3.88358524445472	0	0
Y57A10A.13	srh-178	20.972	9.13613269715394	0	0
Y57A10A.13	srh-179	24.25	3.01693945747739	0	0
Y57A10A.13	srh-18	12.922	4.72075834408254	0	0
Y57A10A.13	srh-180	24.23	3.40330633563158	0	0
Y57A10A.13	srh-181	23.182	7.26926802393344	0	0
Y57A10A.13	srh-182	23.186	6.39412462841096	0	0
Y57A10A.13	srh-183	25.374	4.46953086281823	0	0
Y57A10A.13	srh-184	21.23	5.88120203731722	0	0
Y57A10A.13	srh-185	22.508	4.04756927815289	0	0
Y57A10A.13	srh-186	22.374	3.6475668663748	0	0
Y57A10A.13	srh-187	21.04	9.50403977837281	0	0
Y57A10A.13	srh-19	23.866	2.92414039652878	0	0
Y57A10A.13	srh-190	21.776	3.24500762686724	0	0
Y57A10A.13	srh-192	23.274	4.13757734195205	0	0
Y57A10A.13	srh-193	23.398	4.4829204368384	0	0
Y57A10A.13	srh-194	22.302	1.91536666432887	0	0
Y57A10A.13	srh-195	22.304	6.42937754741939	0	0
Y57A10A.13	srh-199	25.07	3.59880129832946	0	0
Y57A10A.13	srh-2	21.84	4.29622861016113	0	0
Y57A10A.13	srh-20	19.856	13.0810325518459	0	0
Y57A10A.13	srh-200	24.882	2.43295417122012	0	0
Y57A10A.13	srh-201	24.004	2.53073818812506	0	0
Y57A10A.13	srh-203	19	14.4803334009153	0	0
Y57A10A.13	srh-204	20.6	4.07998085232053	0	0
Y57A10A.13	srh-206	19.304	8.80102401333847	0	0
Y57A10A.13	srh-207	24.458	2.88986286642608	0	0
Y57A10A.13	srh-208	22.22	2.31740404733402	0	0
Y57A10A.13	srh-209	23.394	9.16872375108562	0	0
Y57A10A.13	srh-21	21.782	8.53029515197784	0	0
Y57A10A.13	srh-211	21.368	9.67767922934598	0	0
Y57A10A.13	srh-212	19.986	13.4878779966233	0	0
Y57A10A.13	srh-213	22.212	4.21964390624355	0	0
Y57A10A.13	srh-214	23.712	3.21031236931361	0	0
Y57A10A.13	srh-215	23.608	2.57646387954017	0	0
Y57A10A.13	srh-216	21.3	8.5285925467535	0	0
Y57A10A.13	srh-217	13.182	10.5730781476119	0	0
Y57A10A.13	srh-218	14.896	5.71739446108113	0	0
Y57A10A.13	srh-219	23.084	3.26090927874609	0	0
Y57A10A.13	srh-22	21.326	9.16709979918328	0	0
Y57A10A.13	srh-220	22.65	4.00636405371683	0	0
Y57A10A.13	srh-222	7.284	1.83061046686252	0	0
Y57A10A.13	srh-223	23.69	4.201515990644	0	0
Y57A10A.13	srh-227	18.772	22.4259876883158	0	0
Y57A10A.13	srh-229	21.888	4.19568614971052	0	0
Y57A10A.13	srh-23	22.13	6.26650175586123	0	0
Y57A10A.13	srh-231	21.284	10.3617643454156	0	0
Y57A10A.13	srh-233	23.562	2.59384952930418	0	0
Y57A10A.13	srh-234	22.746	2.8502972846964	0	0
Y57A10A.13	srh-235	16.308	3.23090859879438	0	0
Y57A10A.13	srh-236	20.266	17.0186726740086	0	0
Y57A10A.13	srh-237	17.91	4.35027434278745	0	0
Y57A10A.13	srh-239	11.03	2.90401040399764	0	0
Y57A10A.13	srh-24	22.846	7.49504133556068	0	0
Y57A10A.13	srh-240	21.486	5.30359585366164	0	0
Y57A10A.13	srh-241	22.936	4.6336325675917	0	0
Y57A10A.13	srh-243	18.084	16.9207460294822	0	0
Y57A10A.13	srh-244	22.01	3.63769187212873	0	0
Y57A10A.13	srh-245	19.888	8.50497674515931	0	0
Y57A10A.13	srh-246	18.738	12.5052791707058	0	0
Y57A10A.13	srh-247	2.28	1.11820603368263	1	1
Y57A10A.13	srh-248	2.636	0.508968431904351	1	1
Y57A10A.13	srh-25	24.642	6.39396750448117	0	0
Y57A10A.13	srh-250	16.082	1.94479474108684	0	0
Y57A10A.13	srh-251	12.89	10.2441691230355	0	0
Y57A10A.13	srh-252	7.546	3.42329055268429	0	0
Y57A10A.13	srh-255	23.592	2.65189757855236	0	0
Y57A10A.13	srh-257	15.484	0.86357606047258	0	0
Y57A10A.13	srh-258	17.928	3.29976920537139	0	0
Y57A10A.13	srh-264	13.418	2.82189828158688	0	0
Y57A10A.13	srh-265	14.338	2.02764148476396	0	0
Y57A10A.13	srh-266	18.538	8.97384539454434	0	0
Y57A10A.13	srh-268	21.106	4.67354063206562	0	0
Y57A10A.13	srh-269	11.72	3.39210774434884	0	0
Y57A10A.13	srh-27	23.328	7.65894411243138	0	0
Y57A10A.13	srh-270	25.724	7.69986983961121	0	0
Y57A10A.13	srh-271	24.624	1.43856222661555	0	0
Y57A10A.13	srh-272	24.59	2.02784942075063	0	0
Y57A10A.13	srh-274	24.38	4.74232588957074	0	0
Y57A10A.13	srh-275	24.814	2.120743892473	0	0
Y57A10A.13	srh-276	21.31	2.44535239805986	0	0
Y57A10A.13	srh-277	8.12	4.66031722374987	0	0
Y57A10A.13	srh-279	9.89	2.45912770617094	0	0
Y57A10A.13	srh-28	22.086	4.6895173320383	0	0
Y57A10A.13	srh-281	19.048	1.42687085462146	0	0
Y57A10A.13	srh-282	11.462	2.28707902674032	0	0
Y57A10A.13	srh-283	23.008	6.48441839872498	0	0
Y57A10A.13	srh-284	24.5	3.17017021236141	0	0
Y57A10A.13	srh-286	21.58	5.10415329975398	0	0
Y57A10A.13	srh-287	21.748	6.70438956689073	0	0
Y57A10A.13	srh-288	24.634	0.594259520830247	0	0
Y57A10A.13	srh-289	15.252	4.00253759721346	0	0
Y57A10A.13	srh-290	16.138	2.96121414214947	0	0
Y57A10A.13	srh-291	25.176	1.30974866396866	0	0
Y57A10A.13	srh-292	23.65	1.05114612216965	0	0
Y57A10A.13	srh-293	23.9	7.58078865596564	0	0
Y57A10A.13	srh-295	23.522	4.77073378571756	0	0
Y57A10A.13	srh-296	17.458	26.6728794763233	0	0
Y57A10A.13	srh-297	19.506	10.622676930606	0	0
Y57A10A.13	srh-298	20.3	22.2761975908481	0	0
Y57A10A.13	srh-299	19.326	6.21287279288184	0	0
Y57A10A.13	srh-3	22.474	2.04211284631985	0	0
Y57A10A.13	srh-30	14.694	3.15506625621738	0	0
Y57A10A.13	srh-300	13.504	7.27382704151754	0	0
Y57A10A.13	srh-301	17.206	1.7544894721732	0	0
Y57A10A.13	srh-303	23.13	4.87019804782009	0	0
Y57A10A.13	srh-304	21.666	3.44570006947997	0	0
Y57A10A.13	srh-308	22.926	3.54340380920948	0	0
Y57A10A.13	srh-31	22.826	5.88361047168058	0	0
Y57A10A.13	srh-32	16.224	10.2266115191741	0	0
Y57A10A.13	srh-33	16.946	21.757715782022	0	0
Y57A10A.13	srh-34	18.606	14.9873396924183	0	0
Y57A10A.13	srh-35	12.928	4.46647060524942	0	0
Y57A10A.13	srh-36	15.776	35.2590401855506	0	0
Y57A10A.13	srh-37	23.338	5.90249010005812	0	0
Y57A10A.13	srh-38	19.38	15.7443015855139	0	0
Y57A10A.13	srh-39	10.15	10.8836899301732	0	0
Y57A10A.13	srh-4	17.756	20.7581746022952	0	0
Y57A10A.13	srh-40	23.418	5.75017995660942	0	0
Y57A10A.13	srh-41	18.872	1.15266854015928	0	0
Y57A10A.13	srh-42	22.112	7.76156459433062	0	0
Y57A10A.13	srh-44	22.768	3.43800216246672	0	0
Y57A10A.13	srh-45	19.924	0.631486287394162	0	0
Y57A10A.13	srh-46	20.672	11.752562201741	0	0
Y57A10A.13	srh-47	22.748	2.70405255355429	0	0
Y57A10A.13	srh-48	7.6	2.480882583548	0	0
Y57A10A.13	srh-49	23.864	1.70565739924776	0	0
Y57A10A.13	srh-5	22.76	15.0715476484273	0	0
Y57A10A.13	srh-50	21.03	5.70444974347943	0	0
Y57A10A.13	srh-51	24.164	4.41418751282162	0	0
Y57A10A.13	srh-52	22.012	5.78453121712284	0	0
Y57A10A.13	srh-55	23.022	6.50879972152489	0	0
Y57A10A.13	srh-56	20.166	5.17642262935584	0	0
Y57A10A.13	srh-57	20.626	9.60813758071961	0	0
Y57A10A.13	srh-59	20.654	6.61722841381297	0	0
Y57A10A.13	srh-60	19.244	13.9832403960631	0	0
Y57A10A.13	srh-61	24.69	2.08871366192845	0	0
Y57A10A.13	srh-62	19.57	4.4224667717548	0	0
Y57A10A.13	srh-63	22.264	7.29290927415	0	0
Y57A10A.13	srh-67	22.048	7.09589584546627	0	0
Y57A10A.13	srh-68	21.568	2.72241832612704	0	0
Y57A10A.13	srh-69	20.834	5.14867153821877	0	0
Y57A10A.13	srh-7	20.852	2.68589342275401	0	0
Y57A10A.13	srh-70	8.638	11.7209702073571	0	0
Y57A10A.13	srh-71	22.442	1.64700752138969	0	0
Y57A10A.13	srh-72	21.89	4.14797757293819	0	0
Y57A10A.13	srh-73	9.602	7.02164200805863	0	0
Y57A10A.13	srh-74	21.824	5.86085907127157	0	0
Y57A10A.13	srh-75	22.73	7.45921374074203	0	0
Y57A10A.13	srh-76	23.162	1.41602045523808	0	0
Y57A10A.13	srh-78	23	5.59823763788959	0	0
Y57A10A.13	srh-79	24.18	0.415627610468193	0	0
Y57A10A.13	srh-8	22.64	2.68836589377517	0	0
Y57A10A.13	srh-80	18.846	2.36037911926539	0	0
Y57A10A.13	srh-82	22.944	1.91091534974236	0	0
Y57A10A.13	srh-83	21.414	6.9886025090147	0	0
Y57A10A.13	srh-85	21.284	2.66455706161477	0	0
Y57A10A.13	srh-87	22.132	9.94125121266968	0	0
Y57A10A.13	srh-88	21.988	5.27613413440484	0	0
Y57A10A.13	srh-89	22.742	3.0403045579511	0	0
Y57A10A.13	srh-92	21.532	2.82754384424496	0	0
Y57A10A.13	srh-95	20.494	13.5709385477777	0	0
Y57A10A.13	srh-97	18.016	2.22010989797237	0	0
Y57A10A.13	srh-98	23.642	2.97280261258969	0	0
Y57A10A.13	srh-99	16.376	1.75533918051388	0	0
Y57A10A.13	sri-1	18.332	10.7149978319813	0	0
Y57A10A.13	sri-10	22.108	9.57676715722052	0	0
Y57A10A.13	sri-11	18.932	2.68175864915434	0	0
Y57A10A.13	sri-12	20.77	17.282030225711	0	0
Y57A10A.13	sri-13	21.9	4.31561205534886	0	0
Y57A10A.13	sri-14	22.52	4.21426358230564	0	0
Y57A10A.13	sri-15	21.734	7.37140767729954	0	0
Y57A10A.13	sri-16	17.924	15.236522675839	0	0
Y57A10A.13	sri-17	6.772	3.33707509264402	0	0
Y57A10A.13	sri-18	23.242	1.88759155780293	0	0
Y57A10A.13	sri-19	10.194	1.60681437015058	0	0
Y57A10A.13	sri-2	20.788	17.6093143337574	0	0
Y57A10A.13	sri-20	16.972	1.63943257601299	0	0
Y57A10A.13	sri-21	21.84	4.26721748893601	0	0
Y57A10A.13	sri-24	23.386	4.84579971581738	0	0
Y57A10A.13	sri-25	25.512	3.19708706622911	0	0
Y57A10A.13	sri-26	24.458	2.30988357730383	0	0
Y57A10A.13	sri-27	23.36	1.92303745250139	0	0
Y57A10A.13	sri-28	15.934	2.88506607292798	0	0
Y57A10A.13	sri-29	18.734	1.06597509694601	0	0
Y57A10A.13	sri-30	20.308	1.89737074279417	0	0
Y57A10A.13	sri-31	24.74	4.82875438607252	0	0
Y57A10A.13	sri-32	25.028	1.45285552772905	0	0
Y57A10A.13	sri-33	22.492	1.59357602485182	0	0
Y57A10A.13	sri-34	14.774	4.01854786161202	0	0
Y57A10A.13	sri-36	25.294	2.93301178311281	0	0
Y57A10A.13	sri-37	21.824	2.15544392235587	0	0
Y57A10A.13	sri-38	24.176	3.4147431446268	0	0
Y57A10A.13	sri-39	24.744	1.957173355679	0	0
Y57A10A.13	sri-4	22.116	13.6131577516131	0	0
Y57A10A.13	sri-40	22.912	0.966818669980143	0	0
Y57A10A.13	sri-42	24.18	2.02499059922995	0	0
Y57A10A.13	sri-43	23.702	2.63452765713147	0	0
Y57A10A.13	sri-45	23.96	2.76705204940197	0	0
Y57A10A.13	sri-46	25.11	4.65277079384393	0	0
Y57A10A.13	sri-47	23.59	5.58144318461477	0	0
Y57A10A.13	sri-48	18.534	2.54149886400368	0	0
Y57A10A.13	sri-5	20.574	4.58907216631401	0	0
Y57A10A.13	sri-50	22.602	3.84939487193594	0	0
Y57A10A.13	sri-51	14.736	2.34420294635161	0	0
Y57A10A.13	sri-53	17.44	3.36890615173586	0	0
Y57A10A.13	sri-54	23.346	6.09345774254563	0	0
Y57A10A.13	sri-57	23.46	6.33082021654775	0	0
Y57A10A.13	sri-6	16.182	3.97076757495814	0	0
Y57A10A.13	sri-60	19.966	12.4461635081439	0	0
Y57A10A.13	sri-61	21.212	12.4007214202365	0	0
Y57A10A.13	sri-62	18.714	14.1241080370195	0	0
Y57A10A.13	sri-63	24.208	5.22006451277261	0	0
Y57A10A.13	sri-65	24.88	2.16911506681299	0	0
Y57A10A.13	sri-66	23.87	1.84426985362842	0	0
Y57A10A.13	sri-67	20.926	11.0852753636081	0	0
Y57A10A.13	sri-69	25.138	0.796304095411006	0	0
Y57A10A.13	sri-7	21.872	5.23569241547098	0	0
Y57A10A.13	sri-70	19.072	6.65333862028745	0	0
Y57A10A.13	sri-71	25.818	3.61475611989146	0	0
Y57A10A.13	sri-72	18.308	20.1394415795503	0	0
Y57A10A.13	sri-73	23.576	2.5323107723135	0	0
Y57A10A.13	sri-74	23.892	4.22967647472165	0	0
Y57A10A.13	sri-77	23.084	1.45254648478933	0	0
Y57A10A.13	sri-78	22.442	10.8712567676396	0	0
Y57A10A.13	sri-9	21.042	1.57526109078719	0	0
Y57A10A.13	srj-1	22.766	4.64679525700003	0	0
Y57A10A.13	srj-10	21.346	3.23018046389817	0	0
Y57A10A.13	srj-11	20.732	2.23300733749312	0	0
Y57A10A.13	srj-13	22.072	2.0125369648411	0	0
Y57A10A.13	srj-14	19.444	3.01985033903303	0	0
Y57A10A.13	srj-15	24.15	6.13207039194172	0	0
Y57A10A.13	srj-18	20.416	3.5807562406886	0	0
Y57A10A.13	srj-19	24.298	1.63859454265181	0	0
Y57A10A.13	srj-20	22.632	7.08049437847134	0	0
Y57A10A.13	srj-21	20.83	7.60599861344843	0	0
Y57A10A.13	srj-22	21.512	9.6168867022278	0	0
Y57A10A.13	srj-23	19.328	0.838577333651763	0	0
Y57A10A.13	srj-24	20.782	3.4017136364142	0	0
Y57A10A.13	srj-25	22.6	5.66967675907822	0	0
Y57A10A.13	srj-26	23.37	4.43634506744811	0	0
Y57A10A.13	srj-27	19.19	1.95709348183574	0	0
Y57A10A.13	srj-29	18.382	7.38286514228038	0	0
Y57A10A.13	srj-32	23.076	3.34615752291237	0	0
Y57A10A.13	srj-33	20.86	2.0182679228208	0	0
Y57A10A.13	srj-37	16.37	2.16580304230126	0	0
Y57A10A.13	srj-38	20.96	3.90420540425161	0	0
Y57A10A.13	srj-39	19.22	2.32594099347108	0	0
Y57A10A.13	srj-4	19.04	1.32192362906021	0	0
Y57A10A.13	srj-40	20.41	2.86215616010483	0	0
Y57A10A.13	srj-42	20.758	1.37882600019257	0	0
Y57A10A.13	srj-44	18.714	1.79929180189516	0	0
Y57A10A.13	srj-45	17.06	6.35970361803938	0	0
Y57A10A.13	srj-49	20.088	11.500824853736	0	0
Y57A10A.13	srj-5	16.6	4.08018589883857	0	0
Y57A10A.13	srj-50	14.79	4.69924263271667	0	0
Y57A10A.13	srj-52	20.268	4.62200050449251	0	0
Y57A10A.13	srj-53	20.794	7.14278647225142	0	0
Y57A10A.13	srj-54	20.68	1.04049491254111	0	0
Y57A10A.13	srj-55	20.074	4.61294291035516	0	0
Y57A10A.13	srj-57	17.654	4.65425936291707	0	0
Y57A10A.13	srj-6	18.866	7.9037264441516	0	0
Y57A10A.13	srj-7	14.51	1.61406456631707	0	0
Y57A10A.13	srj-8	21.024	2.07073075322959	0	0
Y57A10A.13	srj-9	22.338	9.34336120197877	0	0
Y57A10A.13	srlf-1	4.322	2.52081280887827	1	1
Y57A10A.13	srlf-10	23.788	1.36652607784223	0	0
Y57A10A.13	srlf-11	15.374	2.91492521748522	0	0
Y57A10A.13	srlf-12	17.698	6.60141996649041	0	0
Y57A10A.13	srlf-13	6.596	6.54338490309404	0	0
Y57A10A.13	srlf-14	5.69	6.78050675706869	0	0
Y57A10A.13	srlf-15	18.394	4.18554747458724	0	0
Y57A10A.13	srlf-16	24.28	4.25196005161598	0	0
Y57A10A.13	srlf-17	21.052	17.0099014898535	0	0
Y57A10A.13	srlf-18	21.52	27.299622314835	0	0
Y57A10A.13	srlf-19	23.732	4.21492061098547	0	0
Y57A10A.13	srlf-2	24.336	24.6889590954263	0	0
Y57A10A.13	srlf-20	24.73	6.8651375214535	0	0
Y57A10A.13	srlf-21	24.26	5.04361422329755	0	0
Y57A10A.13	srlf-22	23.926	11.0877815130408	0	0
Y57A10A.13	srlf-23	24.286	4.47906919132823	0	0
Y57A10A.13	srlf-24	7.87	6.38935099709002	0	0
Y57A10A.13	srlf-26	13.982	4.87663012072741	0	0
Y57A10A.13	srlf-27	22.406	5.43367261192944	0	0
Y57A10A.13	srlf-28	25.766	7.97001093903213	0	0
Y57A10A.13	srlf-29	26.058	4.54397595644841	0	0
Y57A10A.13	srlf-3	12.04	11.6115808500193	0	0
Y57A10A.13	srlf-30	23.05	10.6401730461533	0	0
Y57A10A.13	srlf-31	24.96	8.02318040213504	0	0
Y57A10A.13	srlf-32	22.454	6.16921903407692	0	0
Y57A10A.13	srlf-33	23.292	12.4789601047594	0	0
Y57A10A.13	srlf-34	27.486	4.44380920039755	0	0
Y57A10A.13	srlf-35	25.404	6.06527007406386	0	0
Y57A10A.13	srlf-4	10.812	3.48491551663668	0	0
Y57A10A.13	srlf-5	13.792	2.12900538919527	0	0
Y57A10A.13	srlf-6	24.626	7.54991383473523	0	0
Y57A10A.13	srlf-7	18.122	7.14248342419256	0	0
Y57A10A.13	srlf-9	23.758	3.49018607670119	0	0
Y57A10A.13	srm-1	21.36	4.75550358503014	0	0
Y57A10A.13	srm-2	9.658	1.45031487222142	0	0
Y57A10A.13	srm-3	16.608	0.959053638770708	0	0
Y57A10A.13	srm-4	13.162	33.7015208872108	0	0
Y57A10A.13	srm-5	15.846	30.1053627499859	0	0
Y57A10A.13	srm-6	11.582	7.99630236650707	0	0
Y57A10A.13	srn-1	3.742	3.06682577294383	1	1
Y57A10A.13	sro-1	7.446	3.12461117501213	0	0
Y57A10A.13	srp-1	26.628	2.11348512763349	0	0
Y57A10A.13	srp-2	23.176	11.9826898869118	0	0
Y57A10A.13	srp-3	28.26	2.14616556646935	0	0
Y57A10A.13	srp-6	24.508	3.04760468166857	0	0
Y57A10A.13	srp-7	24.394	15.8030158166768	0	0
Y57A10A.13	srp-8	26.198	7.17999726346241	0	0
Y57A10A.13	srpa-68	20.836	8.45711133950158	0	0
Y57A10A.13	srpa-72	19.714	25.8268025308224	0	0
Y57A10A.13	srr-1	23.232	4.25868884665604	0	0
Y57A10A.13	srr-10	21.466	14.3516215033314	0	0
Y57A10A.13	srr-2	24.63	2.35642631501422	0	0
Y57A10A.13	srr-3	15.678	7.26565442763573	0	0
Y57A10A.13	srr-4	23.718	4.23213535657425	0	0
Y57A10A.13	srr-6	12.926	3.33632976550232	0	0
Y57A10A.13	srr-7	13.214	7.22799548821216	0	0
Y57A10A.13	srr-8	16.26	1.31473298440541	0	0
Y57A10A.13	srr-9	16.162	4.55840402348759	0	0
Y57A10A.13	srsx-1	23.578	6.51375217810888	0	0
Y57A10A.13	srsx-10	15.626	2.47218091573434	0	0
Y57A10A.13	srsx-11	15.6	4.31062934062934	0	0
Y57A10A.13	srsx-12	12.822	4.5594367631009	0	0
Y57A10A.13	srsx-13	11.888	3.39269592315617	0	0
Y57A10A.13	srsx-14	18.902	3.12772280755472	0	0
Y57A10A.13	srsx-15	20.242	9.99442704084737	0	0
Y57A10A.13	srsx-16	15.094	1.27918573061053	0	0
Y57A10A.13	srsx-17	20.104	5.13356225284199	0	0
Y57A10A.13	srsx-18	22.302	1.81567614147793	0	0
Y57A10A.13	srsx-19	18.498	1.05617602501039	0	0
Y57A10A.13	srsx-2	17.444	2.12942325355212	0	0
Y57A10A.13	srsx-21	18.08	4.52239529301792	0	0
Y57A10A.13	srsx-22	21.624	1.52594198843066	0	0
Y57A10A.13	srsx-24	20.51	3.38622242182808	0	0
Y57A10A.13	srsx-25	11.8	3.01830573195053	0	0
Y57A10A.13	srsx-26	21.806	6.09497892411583	0	0
Y57A10A.13	srsx-27	16.736	2.76430308580354	0	0
Y57A10A.13	srsx-28	19.096	0.708987905156107	0	0
Y57A10A.13	srsx-29	14.588	3.84164714657664	0	0
Y57A10A.13	srsx-3	22.436	1.39016499836819	0	0
Y57A10A.13	srsx-30	24.94	11.1320670228746	0	0
Y57A10A.13	srsx-31	13.05	3.12301668541223	0	0
Y57A10A.13	srsx-32	19.024	1.77231207004933	0	0
Y57A10A.13	srsx-33	24.236	2.7270637123169	0	0
Y57A10A.13	srsx-34	23.306	4.53892621313439	0	0
Y57A10A.13	srsx-35	9.76	4.72201582860775	0	0
Y57A10A.13	srsx-36	24.578	5.80663402883442	0	0
Y57A10A.13	srsx-37	23.91	2.99483747155728	0	0
Y57A10A.13	srsx-38	22.118	2.98988039857808	0	0
Y57A10A.13	srsx-39	23.986	1.00690421502396	0	0
Y57A10A.13	srsx-40	22.644	3.02203617439601	0	0
Y57A10A.13	srsx-5	14.12	1.97095184845265	0	0
Y57A10A.13	srsx-6	14.614	2.19267278866789	0	0
Y57A10A.13	srsx-7	22.132	1.91973817382362	0	0
Y57A10A.13	srsx-8	20.258	9.91656485190751	0	0
Y57A10A.13	srsx-9	10.842	3.62034233105281	0	0
Y57A10A.13	srsy-1	21.284	5.22782575239346	0	0
Y57A10A.13	srsy-2	20.438	5.56230807670939	0	0
Y57A10A.13	srt-1	15.714	25.2054233560364	0	0
Y57A10A.13	srt-11	21.962	11.2641703876621	0	0
Y57A10A.13	srt-12	21.288	10.8758328025576	0	0
Y57A10A.13	srt-13	16.356	2.57571381974203	0	0
Y57A10A.13	srt-14	11.836	1.82834068050139	0	0
Y57A10A.13	srt-15	23.49	2.27109045012331	0	0
Y57A10A.13	srt-16	10.444	4.09688325759965	0	0
Y57A10A.13	srt-17	22.65	2.27769217040532	0	0
Y57A10A.13	srt-18	13.378	7.40085106042086	0	0
Y57A10A.13	srt-19	22.396	7.6402907509103	0	0
Y57A10A.13	srt-20	20.026	0.529170549954615	0	0
Y57A10A.13	srt-22	19.06	1.139247153757	0	0
Y57A10A.13	srt-23	21.522	3.3983005900832	0	0
Y57A10A.13	srt-24	20.876	3.35887609306412	0	0
Y57A10A.13	srt-27	20.556	4.34649330804661	0	0
Y57A10A.13	srt-28	23.312	2.46129444127871	0	0
Y57A10A.13	srt-29	22.632	1.75226589797489	0	0
Y57A10A.13	srt-3	9.288	4.14366507542716	0	0
Y57A10A.13	srt-30	18.026	5.93879899676074	0	0
Y57A10A.13	srt-31	22.35	2.19033825938242	0	0
Y57A10A.13	srt-32	21.822	1.31957808779587	0	0
Y57A10A.13	srt-33	21.192	4.07024320266325	0	0
Y57A10A.13	srt-34	21.78	0.768968513519018	0	0
Y57A10A.13	srt-35	21.842	7.62972403332391	0	0
Y57A10A.13	srt-36	22.988	4.08994600622924	0	0
Y57A10A.13	srt-37	21.472	3.93244927758083	0	0
Y57A10A.13	srt-38	22.876	2.03765093645144	0	0
Y57A10A.13	srt-39	21.414	1.05800527690554	0	0
Y57A10A.13	srt-4	6.208	3.28031318393628	0	0
Y57A10A.13	srt-40	23.22	5.36370252058064	0	0
Y57A10A.13	srt-41	22.686	2.40339369992259	0	0
Y57A10A.13	srt-42	22.438	4.7033128286098	0	0
Y57A10A.13	srt-43	21.422	1.52818735004938	0	0
Y57A10A.13	srt-44	22.344	5.90199527667029	0	0
Y57A10A.13	srt-45	15.23	2.19396381439312	0	0
Y57A10A.13	srt-47	20.886	0.781322461394673	0	0
Y57A10A.13	srt-48	23.506	3.88332480823203	0	0
Y57A10A.13	srt-49	21.58	6.98693153278724	0	0
Y57A10A.13	srt-5	19.676	13.5359352592446	0	0
Y57A10A.13	srt-50	21.234	4.092138187519	0	0
Y57A10A.13	srt-52	16.784	7.11614819582111	0	0
Y57A10A.13	srt-53	14.746	3.59150702132941	0	0
Y57A10A.13	srt-54	23.028	5.121932857429	0	0
Y57A10A.13	srt-55	24.24	11.71809616741	0	0
Y57A10A.13	srt-56	21.004	2.98856450957522	0	0
Y57A10A.13	srt-59	22.148	2.23904287684594	0	0
Y57A10A.13	srt-6	26.014	1.72611783203413	0	0
Y57A10A.13	srt-61	22.944	9.87258830428503	0	0
Y57A10A.13	srt-62	20.704	0.664539878916739	0	0
Y57A10A.13	srt-63	14.688	1.96109160778923	0	0
Y57A10A.13	srt-64	15.306	2.07047514961149	0	0
Y57A10A.13	srt-65	7.45	5.20729254799216	0	0
Y57A10A.13	srt-67	9.856	6.25143280823069	0	0
Y57A10A.13	srt-68	23.964	3.39146205748359	0	0
Y57A10A.13	srt-69	13.232	3.74280088358532	0	0
Y57A10A.13	srt-7	20.532	18.9769794632513	0	0
Y57A10A.13	srt-70	18.46	1.49339639784292	0	0
Y57A10A.13	srt-73	17.824	3.09961985992573	0	0
Y57A10A.13	srt-74	21.092	7.11844613446216	0	0
Y57A10A.13	srt-8	23.654	6.50033407378476	0	0
Y57A10A.13	srtx-1	23.364	11.0447280581084	0	0
Y57A10A.13	sru-1	20.482	1.7696025610353	0	0
Y57A10A.13	sru-11	10.282	7.75300255013781	0	0
Y57A10A.13	sru-12	16.768	1.53929212974434	0	0
Y57A10A.13	sru-13	19.368	7.23536648977604	0	0
Y57A10A.13	sru-15	21.78	4.56119562480839	0	0
Y57A10A.13	sru-16	14.622	2.34349622594462	0	0
Y57A10A.13	sru-17	18.31	1.2679614163019	0	0
Y57A10A.13	sru-18	20.524	2.45814491785308	0	0
Y57A10A.13	sru-19	24.232	3.15062410326576	0	0
Y57A10A.13	sru-2	22.248	2.24860628883199	0	0
Y57A10A.13	sru-20	18.192	1.54178610631136	0	0
Y57A10A.13	sru-21	21.342	12.8561104020445	0	0
Y57A10A.13	sru-22	20.276	1.30421587321202	0	0
Y57A10A.13	sru-23	19.29	1.12446925679025	0	0
Y57A10A.13	sru-24	22.242	1.16566945825018	0	0
Y57A10A.13	sru-25	23.484	2.16972835691955	0	0
Y57A10A.13	sru-26	17.54	5.94914341752402	0	0
Y57A10A.13	sru-27	18.436	4.86206584470321	0	0
Y57A10A.13	sru-28	17.486	8.90368040740554	0	0
Y57A10A.13	sru-29	20.036	2.8351432103997	0	0
Y57A10A.13	sru-3	21.388	2.22919801804536	0	0
Y57A10A.13	sru-30	22.84	1.96803731135355	0	0
Y57A10A.13	sru-31	21.558	2.94058898333796	0	0
Y57A10A.13	sru-35	21.498	1.85347257281836	0	0
Y57A10A.13	sru-36	20.686	2.83853669110308	0	0
Y57A10A.13	sru-37	20.786	3.74536418765026	0	0
Y57A10A.13	sru-38	22.444	6.23970422748776	0	0
Y57A10A.13	sru-39	23.336	3.75007342739455	0	0
Y57A10A.13	sru-4	17.618	6.35389048462683	0	0
Y57A10A.13	sru-40	19.888	8.67378332901001	0	0
Y57A10A.13	sru-42	18.616	3.99834505377028	0	0
Y57A10A.13	sru-44	15.212	3.83690130809605	0	0
Y57A10A.13	sru-45	21.454	2.46833419477188	0	0
Y57A10A.13	sru-47	24.44	2.65200988921421	0	0
Y57A10A.13	sru-48	15.922	3.89408446691665	0	0
Y57A10A.13	sru-6	20.46	3.7840140470862	0	0
Y57A10A.13	sru-7	16.012	6.56477485181831	0	0
Y57A10A.13	sru-8	19.616	2.32627576749916	0	0
Y57A10A.13	sru-9	14.218	5.69491946470383	0	0
Y57A10A.13	srv-1	7.076	4.04884218868739	0	0
Y57A10A.13	srv-10	20.47	1.2373155976467	0	0
Y57A10A.13	srv-11	19.832	1.89487946719238	0	0
Y57A10A.13	srv-12	16.872	0.691706707486731	0	0
Y57A10A.13	srv-13	20.37	6.07965842369557	0	0
Y57A10A.13	srv-14	24.24	1.070622052175	0	0
Y57A10A.13	srv-15	17.696	4.68531863091138	0	0
Y57A10A.13	srv-16	17.152	1.98330471557326	0	0
Y57A10A.13	srv-17	20.754	1.59610286517591	0	0
Y57A10A.13	srv-19	22.96	5.64465643387442	0	0
Y57A10A.13	srv-2	22.922	9.83378722449775	0	0
Y57A10A.13	srv-21	8.134	4.16604075645756	0	0
Y57A10A.13	srv-22	21.138	5.84475104449572	0	0
Y57A10A.13	srv-24	22.934	3.27353691188688	0	0
Y57A10A.13	srv-25	16.146	1.558618389034	0	0
Y57A10A.13	srv-26	18.28	0.493858590953716	0	0
Y57A10A.13	srv-27	21.132	5.05404853001799	0	0
Y57A10A.13	srv-28	20.358	1.40763274267273	0	0
Y57A10A.13	srv-29	21.098	2.42874133448428	0	0
Y57A10A.13	srv-3	20.162	4.01399746323682	0	0
Y57A10A.13	srv-30	22.956	2.81816930699904	0	0
Y57A10A.13	srv-31	22.714	6.72078110553535	0	0
Y57A10A.13	srv-32	21.844	1.50327222979929	0	0
Y57A10A.13	srv-34	18.65	0.84098590570285	0	0
Y57A10A.13	srv-4	5.328	5.76418193336474	0	0
Y57A10A.13	srv-5	19.432	1.26390131189862	0	0
Y57A10A.13	srv-6	20.404	0.885305621764999	0	0
Y57A10A.13	srv-7	23.196	4.28466640378453	0	0
Y57A10A.13	srv-8	10.53	2.7210918863997	0	0
Y57A10A.13	srv-9	22.066	8.23032253534381	0	0
Y57A10A.13	srw-1	21.602	4.08294478485042	0	0
Y57A10A.13	srw-10	11.474	8.14725021628062	0	0
Y57A10A.13	srw-100	22.416	7.79918296786559	0	0
Y57A10A.13	srw-101	12.45	7.29399531832498	0	0
Y57A10A.13	srw-102	19.612	7.69171555285472	0	0
Y57A10A.13	srw-103	20.904	10.22388749109	0	0
Y57A10A.13	srw-107	18.454	5.97093136213058	0	0
Y57A10A.13	srw-108	4.024	2.11305682599218	1	1
Y57A10A.13	srw-109	15.394	1.50014869874444	0	0
Y57A10A.13	srw-11	12.984	6.48543500302691	0	0
Y57A10A.13	srw-111	24.034	2.153295108393	0	0
Y57A10A.13	srw-112	23.558	4.06058626526793	0	0
Y57A10A.13	srw-113	23.78	12.9997592528474	0	0
Y57A10A.13	srw-115	14.916	5.62167117847339	0	0
Y57A10A.13	srw-117	20.132	12.5556354860937	0	0
Y57A10A.13	srw-118	25.312	3.43078709351538	0	0
Y57A10A.13	srw-119	25.4	5.52935901779061	0	0
Y57A10A.13	srw-12	23.8	3.36003125605458	0	0
Y57A10A.13	srw-120	23.038	2.58048172257939	0	0
Y57A10A.13	srw-121	17.486	4.06010924461806	0	0
Y57A10A.13	srw-122	8.91	3.50628492745529	0	0
Y57A10A.13	srw-123	16.78	5.06432713174713	0	0
Y57A10A.13	srw-124	22.176	6.44562132441471	0	0
Y57A10A.13	srw-127	20.326	3.71055886090945	0	0
Y57A10A.13	srw-129	25.624	3.46415162329918	0	0
Y57A10A.13	srw-13	14.702	2.20004183593238	0	0
Y57A10A.13	srw-130	22.236	1.49784833545685	0	0
Y57A10A.13	srw-133	3.14	2.49751387601244	1	1
Y57A10A.13	srw-134	18.782	2.4022325764931	0	0
Y57A10A.13	srw-135	23.066	10.7083405441727	0	0
Y57A10A.13	srw-136	25.106	3.63954847855578	0	0
Y57A10A.13	srw-137	17.726	2.66899894663718	0	0
Y57A10A.13	srw-138	3.724	1.66184193842812	1	1
Y57A10A.13	srw-139	24.854	4.82438960981044	0	0
Y57A10A.13	srw-14	10.706	12.8666973721528	0	0
Y57A10A.13	srw-140	20.708	3.59487132188457	0	0
Y57A10A.13	srw-141	20.978	7.2907373527157	0	0
Y57A10A.13	srw-142	22.946	8.67809628186837	0	0
Y57A10A.13	srw-143	21.878	4.24905130282547	0	0
Y57A10A.13	srw-144	15.12	5.70223198366009	0	0
Y57A10A.13	srw-145	17.096	2.37622160739778	0	0
Y57A10A.13	srw-15	10.024	4.87379161671723	0	0
Y57A10A.13	srw-16	7.528	5.09600721865266	0	0
Y57A10A.13	srw-17	8.396	4.04393860941611	0	0
Y57A10A.13	srw-19	12.012	6.03043284368578	0	0
Y57A10A.13	srw-2	19.34	5.24761714844479	0	0
Y57A10A.13	srw-20	23.536	3.917969901385	0	0
Y57A10A.13	srw-21	23.746	2.67630564623828	0	0
Y57A10A.13	srw-22	21.674	2.34230485099857	0	0
Y57A10A.13	srw-23	16.522	7.22618051272424	0	0
Y57A10A.13	srw-24	19.068	4.82004669080007	0	0
Y57A10A.13	srw-26	23.764	0.669066046603324	0	0
Y57A10A.13	srw-29	20.186	0.584689492670982	0	0
Y57A10A.13	srw-3	22.342	7.63700235390735	0	0
Y57A10A.13	srw-31	19.952	11.8959108868065	0	0
Y57A10A.13	srw-32	18.55	2.48329764016842	0	0
Y57A10A.13	srw-33	22.354	7.18689466503624	0	0
Y57A10A.13	srw-34	15.44	26.4543404069315	0	0
Y57A10A.13	srw-35	23.138	1.06366034931249	0	0
Y57A10A.13	srw-36	16.038	20.6955480741674	0	0
Y57A10A.13	srw-38	24.948	3.98375095469078	0	0
Y57A10A.13	srw-39	19.564	4.73967586977252	0	0
Y57A10A.13	srw-4	21.996	5.41108687144579	0	0
Y57A10A.13	srw-40	17.898	0.767505411621182	0	0
Y57A10A.13	srw-41	16.344	3.29022632689894	0	0
Y57A10A.13	srw-42	14.502	16.1519343352528	0	0
Y57A10A.13	srw-43	20.914	8.57184573421831	0	0
Y57A10A.13	srw-44	10.73	7.79042567441775	0	0
Y57A10A.13	srw-48	14.592	2.57487639780991	0	0
Y57A10A.13	srw-51	24.944	5.30804712292321	0	0
Y57A10A.13	srw-53	21.236	10.7474569121015	0	0
Y57A10A.13	srw-54	10.588	4.8904708288836	0	0
Y57A10A.13	srw-55	23.55	2.31957541974482	0	0
Y57A10A.13	srw-56	14.148	26.5020919477088	0	0
Y57A10A.13	srw-57	12.596	5.10035454698493	0	0
Y57A10A.13	srw-59	8.252	8.12349314721908	0	0
Y57A10A.13	srw-6	13.872	6.58062014257952	0	0
Y57A10A.13	srw-60	14.902	6.64109855097722	0	0
Y57A10A.13	srw-61	20.87	5.57955276053919	0	0
Y57A10A.13	srw-62	19.45	15.733109860984	0	0
Y57A10A.13	srw-63	21.292	4.29056936076498	0	0
Y57A10A.13	srw-66	25.2	6.12822279608436	0	0
Y57A10A.13	srw-67	24.376	1.81263698017678	0	0
Y57A10A.13	srw-68	13.228	1.60757444130754	0	0
Y57A10A.13	srw-69	23.846	2.32707543325671	0	0
Y57A10A.13	srw-7	12.53	5.34448599282775	0	0
Y57A10A.13	srw-71	22.55	9.00074261839311	0	0
Y57A10A.13	srw-72	22.684	5.47587433546239	0	0
Y57A10A.13	srw-73	24.348	4.34057975768886	0	0
Y57A10A.13	srw-76	23.368	7.34164715129267	0	0
Y57A10A.13	srw-77	24.516	7.41186912045405	0	0
Y57A10A.13	srw-79	22.038	11.7706078300069	0	0
Y57A10A.13	srw-8	5.606	6.53052227860489	0	0
Y57A10A.13	srw-82	26.538	2.05882070281612	0	0
Y57A10A.13	srw-83	18.462	2.65393449679779	0	0
Y57A10A.13	srw-84	22.856	5.00944397327745	0	0
Y57A10A.13	srw-85	25.844	3.00700097843025	0	0
Y57A10A.13	srw-86	24.616	11.0803956079639	0	0
Y57A10A.13	srw-87	23.444	2.29160109962726	0	0
Y57A10A.13	srw-88	21.186	2.60774211192846	0	0
Y57A10A.13	srw-89	20.458	9.78122117724103	0	0
Y57A10A.13	srw-9	15.882	0.795696167708049	0	0
Y57A10A.13	srw-90	26.054	3.67891319093668	0	0
Y57A10A.13	srw-91	14.824	15.9426663225397	0	0
Y57A10A.13	srw-94	24.438	7.71355455088831	0	0
Y57A10A.13	srw-95	25.164	4.20989181177074	0	0
Y57A10A.13	srw-97	20.274	6.76925795988644	0	0
Y57A10A.13	srw-98	13.728	5.01205733057463	0	0
Y57A10A.13	srw-99	19.8	1.84014512143805	0	0
Y57A10A.13	srx-1	22.4	5.141783587106	0	0
Y57A10A.13	srx-10	15.568	3.76754998429653	0	0
Y57A10A.13	srx-101	21.502	7.92116424738908	0	0
Y57A10A.13	srx-102	19.866	5.48047708972159	0	0
Y57A10A.13	srx-104	21.142	2.4489394012201	0	0
Y57A10A.13	srx-105	22.526	5.25328686342584	0	0
Y57A10A.13	srx-108	4.686	4.93507111209979	1	1
Y57A10A.13	srx-110	16.59	33.4706635683237	0	0
Y57A10A.13	srx-111	3.228	2.62316767410366	1	1
Y57A10A.13	srx-112	5.32	9.61406906206347	0	0
Y57A10A.13	srx-113	9.36	9.56211502533628	0	0
Y57A10A.13	srx-114	15.132	4.75707282618123	0	0
Y57A10A.13	srx-115	18.502	5.10768462449397	0	0
Y57A10A.13	srx-116	17.852	1.81443854312441	0	0
Y57A10A.13	srx-117	20.658	2.73178169659839	0	0
Y57A10A.13	srx-118	22.494	3.53428978682257	0	0
Y57A10A.13	srx-119	20.844	10.6718444405258	0	0
Y57A10A.13	srx-12	19.16	5.87838856866173	0	0
Y57A10A.13	srx-120	22.876	7.45066819200447	0	0
Y57A10A.13	srx-121	12.42	9.7215345672534	0	0
Y57A10A.13	srx-122	22.168	10.2500856365478	0	0
Y57A10A.13	srx-125	4.304	4.8056056269325	1	1
Y57A10A.13	srx-128	15.93	15.7305905704892	0	0
Y57A10A.13	srx-129	22.734	1.54161657211948	0	0
Y57A10A.13	srx-13	13.614	3.42864828578612	0	0
Y57A10A.13	srx-130	16.542	0.871224804754149	0	0
Y57A10A.13	srx-131	19.816	4.45896886908704	0	0
Y57A10A.13	srx-133	24.398	3.89110751232479	0	0
Y57A10A.13	srx-134	25.13	0.786857140202355	0	0
Y57A10A.13	srx-135	9.998	4.56073670536959	0	0
Y57A10A.13	srx-136	14.862	1.80195061136003	0	0
Y57A10A.13	srx-137	23.76	5.83812011781133	0	0
Y57A10A.13	srx-14	19.48	3.06893946152672	0	0
Y57A10A.13	srx-16	22.668	5.47998803159278	0	0
Y57A10A.13	srx-17	25.276	8.15408467836842	0	0
Y57A10A.13	srx-18	21.072	2.9781263988083	0	0
Y57A10A.13	srx-19	19.358	1.8815938246222	0	0
Y57A10A.13	srx-2	17.476	10.2933685578964	0	0
Y57A10A.13	srx-20	17.268	5.86162701936148	0	0
Y57A10A.13	srx-21	24.246	2.54421816906957	0	0
Y57A10A.13	srx-22	16.294	1.71216574224784	0	0
Y57A10A.13	srx-23	24.958	3.10727114999454	0	0
Y57A10A.13	srx-24	21.04	7.27186311787072	0	0
Y57A10A.13	srx-26	24.588	5.28505108530957	0	0
Y57A10A.13	srx-28	18.636	1.46048730081167	0	0
Y57A10A.13	srx-29	23.47	3.81153359323355	0	0
Y57A10A.13	srx-3	14.238	3.51643174392836	0	0
Y57A10A.13	srx-31	22.148	9.31690963996717	0	0
Y57A10A.13	srx-32	18.518	1.98061174262032	0	0
Y57A10A.13	srx-33	22.498	4.01224022570299	0	0
Y57A10A.13	srx-34	22.876	4.03763930211314	0	0
Y57A10A.13	srx-36	23.164	4.56348478764855	0	0
Y57A10A.13	srx-38	20.23	5.27819113607759	0	0
Y57A10A.13	srx-39	20.238	4.92082467816554	0	0
Y57A10A.13	srx-4	7.454	5.41931101539411	0	0
Y57A10A.13	srx-41	16.398	2.33629546000536	0	0
Y57A10A.13	srx-42	24.06	0.591448440181117	0	0
Y57A10A.13	srx-43	17.934	4.59243847678296	0	0
Y57A10A.13	srx-44	20.082	2.65589727680791	0	0
Y57A10A.13	srx-45	16.682	14.7691631288296	0	0
Y57A10A.13	srx-46	6.178	5.1293484704388	0	0
Y57A10A.13	srx-47	7.514	4.58863176779557	0	0
Y57A10A.13	srx-48	20.136	2.47953655568215	0	0
Y57A10A.13	srx-5	21.148	1.67394387021199	0	0
Y57A10A.13	srx-50	24.672	2.08835039385396	0	0
Y57A10A.13	srx-51	21.83	12.3608755983297	0	0
Y57A10A.13	srx-54	22.088	2.97591596184998	0	0
Y57A10A.13	srx-56	9.892	3.67521150438637	0	0
Y57A10A.13	srx-58	19.386	4.59001447724443	0	0
Y57A10A.13	srx-59	4.192	6.64821994035893	1	1
Y57A10A.13	srx-6	22.312	0.693897808300616	0	0
Y57A10A.13	srx-60	22.904	3.14985591355797	0	0
Y57A10A.13	srx-62	17.342	1.24971533272823	0	0
Y57A10A.13	srx-63	5.554	5.40990825112022	0	0
Y57A10A.13	srx-64	21.616	5.82163097145203	0	0
Y57A10A.13	srx-65	24.012	1.7711483325823	0	0
Y57A10A.13	srx-66	21.264	8.41644636247802	0	0
Y57A10A.13	srx-67	9.266	2.03138986012562	0	0
Y57A10A.13	srx-68	5.576	4.82987703006477	0	0
Y57A10A.13	srx-7	22.006	3.36434618513318	0	0
Y57A10A.13	srx-73	24.352	3.89553684876546	0	0
Y57A10A.13	srx-74	21.892	0.875318075425068	0	0
Y57A10A.13	srx-76	21.1	6.10620792735787	0	0
Y57A10A.13	srx-77	20.688	2.49309390532202	0	0
Y57A10A.13	srx-78	10.848	2.84604878582894	0	0
Y57A10A.13	srx-8	24.262	4.55704822987549	0	0
Y57A10A.13	srx-80	23.546	10.9832777551803	0	0
Y57A10A.13	srx-82	26.738	2.60586720204329	0	0
Y57A10A.13	srx-84	13.828	2.37404841004405	0	0
Y57A10A.13	srx-85	18.554	3.94783918126606	0	0
Y57A10A.13	srx-86	13.794	5.49880461613817	0	0
Y57A10A.13	srx-87	18.596	12.8371762218441	0	0
Y57A10A.13	srx-88	23.084	1.92898295215376	0	0
Y57A10A.13	srx-9	18.142	11.6506597827316	0	0
Y57A10A.13	srx-90	21.872	10.6836231851767	0	0
Y57A10A.13	srx-92	24.286	6.36123011397522	0	0
Y57A10A.13	srx-93	23.952	1.69754351289907	0	0
Y57A10A.13	srx-95	15.218	5.60928963115499	0	0
Y57A10A.13	srx-96	24.198	3.39982935521235	0	0
Y57A10A.13	srx-97	17.958	7.00480505133383	0	0
Y57A10A.13	srx-98	11.092	3.49657566955723	0	0
Y57A10A.13	srxa-1	10.526	8.22463547014923	0	0
Y57A10A.13	srxa-10	23.718	1.9020655609912	0	0
Y57A10A.13	srxa-11	13	2.97375104308888	0	0
Y57A10A.13	srxa-12	21.098	10.9417931210092	0	0
Y57A10A.13	srxa-13	23.68	11.1880892750773	0	0
Y57A10A.13	srxa-14	20.602	1.27010837897116	0	0
Y57A10A.13	srxa-15	18.832	1.68021158554364	0	0
Y57A10A.13	srxa-16	6.734	2.25113686505936	0	0
Y57A10A.13	srxa-18	14.888	1.77608746706485	0	0
Y57A10A.13	srxa-19	26.508	2.6138178637937	0	0
Y57A10A.13	srxa-2	21.236	2.69393440350963	0	0
Y57A10A.13	srxa-4	14.534	1.46812714720028	0	0
Y57A10A.13	srxa-5	19.664	1.1842623888334	0	0
Y57A10A.13	srxa-6	18.722	5.17561608769522	0	0
Y57A10A.13	srxa-7	19.924	9.54769543825162	0	0
Y57A10A.13	srxa-8	23.936	9.7587627184173	0	0
Y57A10A.13	srxa-9	20.752	6.15869895446285	0	0
Y57A10A.13	srz-1	22.864	1.59971782633905	0	0
Y57A10A.13	srz-10	19.626	3.56316518711781	0	0
Y57A10A.13	srz-100	20.258	1.7586056532524	0	0
Y57A10A.13	srz-101	19.622	1.47238686796505	0	0
Y57A10A.13	srz-102	22.438	6.26383174161272	0	0
Y57A10A.13	srz-103	8.974	5.05309161829035	0	0
Y57A10A.13	srz-104	18.238	1.7153296033673	0	0
Y57A10A.13	srz-105	23.24	4.80446303169401	0	0
Y57A10A.13	srz-11	19.084	2.08930497519245	0	0
Y57A10A.13	srz-12	21.658	0.531884227641858	0	0
Y57A10A.13	srz-13	19.314	6.81385583100958	0	0
Y57A10A.13	srz-14	22.31	1.77659535478318	0	0
Y57A10A.13	srz-15	21.632	6.79457612726014	0	0
Y57A10A.13	srz-16	20.856	2.10550502606975	0	0
Y57A10A.13	srz-18	21.77	2.52432368654738	0	0
Y57A10A.13	srz-19	20.532	1.33133446820728	0	0
Y57A10A.13	srz-20	23.912	5.21891231577366	0	0
Y57A10A.13	srz-23	23.95	5.40697721147088	0	0
Y57A10A.13	srz-24	19.984	1.26275502766914	0	0
Y57A10A.13	srz-25	24.53	2.12083297626898	0	0
Y57A10A.13	srz-29	21.556	1.14886317072528	0	0
Y57A10A.13	srz-3	19.748	2.97676737996791	0	0
Y57A10A.13	srz-31	14.01	2.03582593818011	0	0
Y57A10A.13	srz-32	17.058	3.53578077380866	0	0
Y57A10A.13	srz-37	22.532	3.14754029334165	0	0
Y57A10A.13	srz-38	18.574	1.93617316939692	0	0
Y57A10A.13	srz-4	22.478	3.06166274652926	0	0
Y57A10A.13	srz-42	24.034	2.00982957976004	0	0
Y57A10A.13	srz-44	22.248	2.28845974438362	0	0
Y57A10A.13	srz-47	20.614	0.881641480403273	0	0
Y57A10A.13	srz-48	14.162	5.26810974323944	0	0
Y57A10A.13	srz-5	16.126	1.03077478684324	0	0
Y57A10A.13	srz-54	21.092	1.33948575400644	0	0
Y57A10A.13	srz-56	23.864	2.10661493260648	0	0
Y57A10A.13	srz-58	16.132	3.12947254728457	0	0
Y57A10A.13	srz-59	20.822	16.9287632839025	0	0
Y57A10A.13	srz-6	17.356	2.12230733961214	0	0
Y57A10A.13	srz-60	24.148	5.16691193818367	0	0
Y57A10A.13	srz-61	19.348	1.95939739151236	0	0
Y57A10A.13	srz-62	21.554	1.60368744221812	0	0
Y57A10A.13	srz-63	23.258	1.2544213623741	0	0
Y57A10A.13	srz-64	21.57	10.5119213860044	0	0
Y57A10A.13	srz-66	16.394	3.06286130489744	0	0
Y57A10A.13	srz-67	21.524	1.52491398215289	0	0
Y57A10A.13	srz-69	12.64	4.04836083924074	0	0
Y57A10A.13	srz-70	16.91	1.75078312750887	0	0
Y57A10A.13	srz-71	24.378	2.11433201150994	0	0
Y57A10A.13	srz-72	21.968	7.45133226446104	0	0
Y57A10A.13	srz-74	18.028	0.889585986098494	0	0
Y57A10A.13	srz-75	19.602	3.25946824496658	0	0
Y57A10A.13	srz-78	13.118	1.89000946894902	0	0
Y57A10A.13	srz-79	15.172	7.70430342670559	0	0
Y57A10A.13	srz-82	23.296	2.22606718831455	0	0
Y57A10A.13	srz-83	23.296	0.926939416327373	0	0
Y57A10A.13	srz-85	15.904	1.16161383816946	0	0
Y57A10A.13	srz-9	11.866	2.7207712190546	0	0
Y57A10A.13	srz-90	11.302	2.90936168821482	0	0
Y57A10A.13	srz-91	10.174	9.39569890465786	0	0
Y57A10A.13	srz-94	7.298	3.31897655869543	0	0
Y57A10A.13	srz-95	18.208	8.08535838070826	0	0
Y57A10A.13	srz-96	16.222	5.89237374267562	0	0
Y57A10A.13	srz-97	17.354	1.91748977538316	0	0
Y57A10A.13	srz-99	17.284	2.87648693838083	0	0
Y57A10A.13	ssb-1	13.652	7.50178394833311	0	0
Y57A10A.13	sshk-1	19.102	3.51751216216926	0	0
Y57A10A.13	ssna-1	17.192	5.12731142029125	0	0
Y57A10A.13	ssp-10	27.122	4.56757608220766	0	0
Y57A10A.13	ssp-16	27.592	2.50654836445535	0	0
Y57A10A.13	ssp-19	27.682	3.61781626696715	0	0
Y57A10A.13	ssp-31	27.902	2.86206626261083	0	0
Y57A10A.13	ssp-32	26.612	4.32375978103888	0	0
Y57A10A.13	ssp-33	28.454	0.903082281439123	0	0
Y57A10A.13	ssp-34	26.95	5.00907029054278	0	0
Y57A10A.13	ssp-35	26.712	6.38201524885304	0	0
Y57A10A.13	ssp-36	26.726	1.77139751662776	0	0
Y57A10A.13	ssp-37	13.908	2.55091762276321	0	0
Y57A10A.13	ssp-9	27.766	4.1550916036753	0	0
Y57A10A.13	ssq-1	17.416	2.24688955429468	0	0
Y57A10A.13	ssq-2	23.294	4.17019918099652	0	0
Y57A10A.13	ssq-3	23.37	6.7092191455901	0	0
Y57A10A.13	ssq-4	20.396	5.4396589909666	0	0
Y57A10A.13	ssr-2	23.118	11.0403443193191	0	0
Y57A10A.13	sss-1	20.872	1.51257933607765	0	0
Y57A10A.13	sssh-1	24.604	10.622915711635	0	0
Y57A10A.13	sst-20	21.384	8.01019943850584	0	0
Y57A10A.13	ssu-1	19.93	6.8350348660041	0	0
Y57A10A.13	ssu-2	25.672	6.458111622536	0	0
Y57A10A.13	ssup-72	21.728	5.03178806263723	0	0
Y57A10A.13	sta-1	21.01	3.15431537853991	0	0
Y57A10A.13	sta-2	24.422	4.44638417594572	0	0
Y57A10A.13	stam-1	13.102	9.40421625764199	0	0
Y57A10A.13	stau-1	22.392	8.48266966317567	0	0
Y57A10A.13	stc-1	24.366	2.7087857132128	0	0
Y57A10A.13	stdh-1	24.136	3.28275476719263	0	0
Y57A10A.13	stdh-2	22.208	2.0782641274742	0	0
Y57A10A.13	stdh-3	21.832	2.32711210663429	0	0
Y57A10A.13	stdh-4	24.716	3.15229527402104	0	0
Y57A10A.13	stg-1	19.308	9.50057917487124	0	0
Y57A10A.13	stg-2	22.226	0.909691493285354	0	0
Y57A10A.13	sth-1	15.29	3.37027754988831	0	0
Y57A10A.13	sti-1	20.562	17.6365461328177	0	0
Y57A10A.13	stim-1	18.068	22.8271611311048	0	0
Y57A10A.13	stip-1	10.994	56.7014489172279	0	0
Y57A10A.13	stl-1	11.028	5.95908747927504	0	0
Y57A10A.13	stn-1	17.088	1.12368694033397	0	0
Y57A10A.13	stn-2	24.364	0.419173253379964	0	0
Y57A10A.13	sto-1	9.194	3.57823887589761	0	0
Y57A10A.13	sto-2	7.946	4.25065831011015	0	0
Y57A10A.13	sto-3	20.198	2.49285917451377	0	0
Y57A10A.13	sto-4	9.498	1.36951884956909	0	0
Y57A10A.13	sto-5	7.624	2.63409372272379	0	0
Y57A10A.13	sto-6	11.38	4.32146284918692	0	0
Y57A10A.13	str-1	20.368	1.19578247669842	0	0
Y57A10A.13	str-10	15.674	5.15963514597283	0	0
Y57A10A.13	str-101	16.122	1.37330732538232	0	0
Y57A10A.13	str-102	14.606	1.73515255751021	0	0
Y57A10A.13	str-103	12.54	2.79049891657459	0	0
Y57A10A.13	str-106	17.936	1.57823611114011	0	0
Y57A10A.13	str-108	15.728	0.581686826626789	0	0
Y57A10A.13	str-109	22.388	3.53466426040515	0	0
Y57A10A.13	str-111	22.694	3.7237248959794	0	0
Y57A10A.13	str-112	16.918	1.83017383868685	0	0
Y57A10A.13	str-113	17.614	0.681985551059172	0	0
Y57A10A.13	str-114	21.584	4.39684617827237	0	0
Y57A10A.13	str-115	21.03	7.75126971917413	0	0
Y57A10A.13	str-116	15.186	2.42557396195893	0	0
Y57A10A.13	str-118	13.036	10.3770255665462	0	0
Y57A10A.13	str-119	22.144	2.62303203212236	0	0
Y57A10A.13	str-12	24.18	1.58347309504356	0	0
Y57A10A.13	str-120	20.682	1.16515413085091	0	0
Y57A10A.13	str-121	16.746	2.75230676550027	0	0
Y57A10A.13	str-123	18.592	1.24838165209949	0	0
Y57A10A.13	str-124	19.912	2.38229575335406	0	0
Y57A10A.13	str-125	18.344	10.0014213452875	0	0
Y57A10A.13	str-129	23.08	3.28775938228603	0	0
Y57A10A.13	str-13	18.334	0.815055410167695	0	0
Y57A10A.13	str-130	23.578	10.2569415993913	0	0
Y57A10A.13	str-131	24.718	1.55596606574142	0	0
Y57A10A.13	str-134	15.826	6.479626866191	0	0
Y57A10A.13	str-135	20.078	21.32484562076	0	0
Y57A10A.13	str-136	18.086	0.675596478783854	0	0
Y57A10A.13	str-138	23.832	5.21638694535157	0	0
Y57A10A.13	str-139	23.054	2.30030029224363	0	0
Y57A10A.13	str-14	22.25	5.94695229812355	0	0
Y57A10A.13	str-140	15.53	13.4207242114699	0	0
Y57A10A.13	str-141	24.582	7.31651873517612	0	0
Y57A10A.13	str-143	18.782	3.5591702590652	0	0
Y57A10A.13	str-144	22.504	1.5890647528321	0	0
Y57A10A.13	str-145	13.646	7.31818169383064	0	0
Y57A10A.13	str-146	11.032	1.68293130312898	0	0
Y57A10A.13	str-148	9.19	2.58304188693563	0	0
Y57A10A.13	str-149	17.268	4.2969888992105	0	0
Y57A10A.13	str-15	7.228	3.57363238316833	0	0
Y57A10A.13	str-150	18.66	5.71424745569438	0	0
Y57A10A.13	str-151	17.604	2.99040775984595	0	0
Y57A10A.13	str-153	19.186	0.628272957585918	0	0
Y57A10A.13	str-155	17.784	1.67307643549796	0	0
Y57A10A.13	str-156	13.95	1.52824412941418	0	0
Y57A10A.13	str-158	12.17	3.31896720273142	0	0
Y57A10A.13	str-159	16.09	3.34401517770407	0	0
Y57A10A.13	str-16	23.874	3.33236566466387	0	0
Y57A10A.13	str-160	23.342	6.19714353780665	0	0
Y57A10A.13	str-161	20.44	6.07442199419521	0	0
Y57A10A.13	str-162	21.408	6.53004518670813	0	0
Y57A10A.13	str-163	16.496	2.71226234455578	0	0
Y57A10A.13	str-164	18.462	1.11032284971993	0	0
Y57A10A.13	str-165	24.17	3.93049234588333	0	0
Y57A10A.13	str-166	16.636	1.54754162106574	0	0
Y57A10A.13	str-168	19.802	2.26699217499483	0	0
Y57A10A.13	str-169	22.976	9.96172251588882	0	0
Y57A10A.13	str-170	7.2	4.56541108719267	0	0
Y57A10A.13	str-171	14.752	27.6699076052774	0	0
Y57A10A.13	str-172	17.148	2.1455949563759	0	0
Y57A10A.13	str-173	18.394	0.924693989385459	0	0
Y57A10A.13	str-174	23.124	7.4520754197171	0	0
Y57A10A.13	str-175	22.25	10.6631048633881	0	0
Y57A10A.13	str-176	24.216	4.95889302711329	0	0
Y57A10A.13	str-177	16.898	5.92279945365302	0	0
Y57A10A.13	str-178	20.794	4.07107827630164	0	0
Y57A10A.13	str-18	18.6	1.54937617752576	0	0
Y57A10A.13	str-180	22.148	7.87395582835768	0	0
Y57A10A.13	str-181	20.008	0.860904730995372	0	0
Y57A10A.13	str-182	18.358	4.14514920318578	0	0
Y57A10A.13	str-185	11.312	4.7496480517295	0	0
Y57A10A.13	str-187	17.962	8.11332828262297	0	0
Y57A10A.13	str-188	5.382	3.81555841698839	0	0
Y57A10A.13	str-19	21.184	7.12564484909469	0	0
Y57A10A.13	str-190	23.462	2.71101429307021	0	0
Y57A10A.13	str-193	9.118	1.40749613749994	0	0
Y57A10A.13	str-196	8.698	3.29160765924817	0	0
Y57A10A.13	str-198	17.108	1.06296228571543	0	0
Y57A10A.13	str-199	13.932	2.23052784885074	0	0
Y57A10A.13	str-2	12.458	2.74177159253089	0	0
Y57A10A.13	str-20	6.684	2.51818043894925	0	0
Y57A10A.13	str-200	17.876	2.48688721320475	0	0
Y57A10A.13	str-204	20.86	3.5323653390014	0	0
Y57A10A.13	str-205	15.936	1.43479042038432	0	0
Y57A10A.13	str-206	21.748	11.9983901736999	0	0
Y57A10A.13	str-207	21.814	3.07255076287456	0	0
Y57A10A.13	str-208	15.874	19.315397634458	0	0
Y57A10A.13	str-209	17.532	8.48201907487596	0	0
Y57A10A.13	str-211	21.632	4.59384434522349	0	0
Y57A10A.13	str-214	17.546	2.14296887673153	0	0
Y57A10A.13	str-217	23.384	4.59030310671322	0	0
Y57A10A.13	str-220	19.198	5.66588280680199	0	0
Y57A10A.13	str-221	19.848	2.0103980693947	0	0
Y57A10A.13	str-222	9.798	4.24470934650299	0	0
Y57A10A.13	str-225	22.388	2.55586142808401	0	0
Y57A10A.13	str-226	17.952	4.9189275020805	0	0
Y57A10A.13	str-227	17.332	2.02777591843885	0	0
Y57A10A.13	str-228	24.298	1.40545191247927	0	0
Y57A10A.13	str-229	21.342	9.66025233567673	0	0
Y57A10A.13	str-23	20.128	1.37879955121694	0	0
Y57A10A.13	str-230	19.024	2.63916995113949	0	0
Y57A10A.13	str-231	23.898	2.28989255182804	0	0
Y57A10A.13	str-232	23.11	2.00173665187717	0	0
Y57A10A.13	str-233	22.118	6.27685833301512	0	0
Y57A10A.13	str-236	17.894	1.15992634975922	0	0
Y57A10A.13	str-238	15.126	1.17205527670646	0	0
Y57A10A.13	str-240	6.664	4.3239685905456	0	0
Y57A10A.13	str-243	19.812	3.30432353935805	0	0
Y57A10A.13	str-244	18.146	17.9794423921578	0	0
Y57A10A.13	str-245	18.556	4.22461542756286	0	0
Y57A10A.13	str-246	22.254	13.2729639324498	0	0
Y57A10A.13	str-247	22.448	3.19554235103901	0	0
Y57A10A.13	str-248	21.456	1.54739483604405	0	0
Y57A10A.13	str-249	12.608	2.20760097823236	0	0
Y57A10A.13	str-25	19.034	17.9135991975704	0	0
Y57A10A.13	str-250	22.434	1.49861525197007	0	0
Y57A10A.13	str-252	23.52	3.48626493039255	0	0
Y57A10A.13	str-253	17.49	0.488507932836906	0	0
Y57A10A.13	str-254	19.082	1.79039455307277	0	0
Y57A10A.13	str-255	24.504	4.79010544660096	0	0
Y57A10A.13	str-256	23.844	6.10109026894376	0	0
Y57A10A.13	str-257	20.434	2.38006998144253	0	0
Y57A10A.13	str-258	22.858	7.08192572665243	0	0
Y57A10A.13	str-260	23.018	5.01836692400917	0	0
Y57A10A.13	str-261	24.352	4.37344417933237	0	0
Y57A10A.13	str-262	24.07	5.31660572378359	0	0
Y57A10A.13	str-263	15.368	1.00322244265795	0	0
Y57A10A.13	str-264	20.916	3.15287014665154	0	0
Y57A10A.13	str-265	19.26	20.1332983978962	0	0
Y57A10A.13	str-267	17.806	1.11447796667232	0	0
Y57A10A.13	str-268	17.248	14.2881541306441	0	0
Y57A10A.13	str-27	17.136	3.05624113615028	0	0
Y57A10A.13	str-28	14.724	2.12806899899863	0	0
Y57A10A.13	str-3	17.4	0.624297729379324	0	0
Y57A10A.13	str-30	23.03	2.13760557796745	0	0
Y57A10A.13	str-31	23.996	5.23328322601445	0	0
Y57A10A.13	str-32	19.116	16.2610432832008	0	0
Y57A10A.13	str-33	23.798	3.70093991373151	0	0
Y57A10A.13	str-37	22.938	6.78978205388447	0	0
Y57A10A.13	str-38	21.058	1.73425100256385	0	0
Y57A10A.13	str-39	24.306	3.59641774396097	0	0
Y57A10A.13	str-4	21.714	7.56595967762926	0	0
Y57A10A.13	str-40	15.07	2.96497751994013	0	0
Y57A10A.13	str-41	21.23	7.74685830976854	0	0
Y57A10A.13	str-43	21.248	11.484369175434	0	0
Y57A10A.13	str-44	26.068	6.41380603122032	0	0
Y57A10A.13	str-45	25.2	1.49377224005704	0	0
Y57A10A.13	str-46	23.64	4.97691007604912	0	0
Y57A10A.13	str-47	24.394	2.69338194499331	0	0
Y57A10A.13	str-48	21.862	11.0239028575671	0	0
Y57A10A.13	str-5	23.974	1.54885276850913	0	0
Y57A10A.13	str-52	12.294	22.0168140982668	0	0
Y57A10A.13	str-55	21.106	7.85146427182596	0	0
Y57A10A.13	str-56	16.95	1.27220405031551	0	0
Y57A10A.13	str-57	16.498	1.44483853273879	0	0
Y57A10A.13	str-6	22.952	1.65545714650292	0	0
Y57A10A.13	str-60	21.518	1.58974747442972	0	0
Y57A10A.13	str-61	18.722	1.57473549933048	0	0
Y57A10A.13	str-63	23.546	6.71481040705452	0	0
Y57A10A.13	str-64	25.856	5.88288430036877	0	0
Y57A10A.13	str-66	13.362	5.3543699054886	0	0
Y57A10A.13	str-67	19.884	10.6920184104484	0	0
Y57A10A.13	str-68	22.286	2.78971268491044	0	0
Y57A10A.13	str-69	11.09	2.65737818364137	0	0
Y57A10A.13	str-7	21.928	6.82172401132612	0	0
Y57A10A.13	str-71	21.622	11.9410896281319	0	0
Y57A10A.13	str-73	24.342	2.42508206410615	0	0
Y57A10A.13	str-74	17.982	1.84960433125368	0	0
Y57A10A.13	str-76	21.194	5.77686518122579	0	0
Y57A10A.13	str-77	15.926	1.18022580854924	0	0
Y57A10A.13	str-78	23.814	3.39326353821266	0	0
Y57A10A.13	str-79	24.25	5.16320937036568	0	0
Y57A10A.13	str-8	22.64	5.85951140265218	0	0
Y57A10A.13	str-81	16.698	2.79373331188288	0	0
Y57A10A.13	str-82	20.64	6.82193941194908	0	0
Y57A10A.13	str-83	24.056	4.46333227885551	0	0
Y57A10A.13	str-84	16.388	1.63586653135726	0	0
Y57A10A.13	str-85	22.518	6.62790259014094	0	0
Y57A10A.13	str-86	15.766	0.59601725032772	0	0
Y57A10A.13	str-87	21.196	5.47899050473311	0	0
Y57A10A.13	str-88	22.232	2.50346280973589	0	0
Y57A10A.13	str-89	19.992	1.1170264091593	0	0
Y57A10A.13	str-9	19.664	14.685007894018	0	0
Y57A10A.13	str-90	12.648	3.73964647503359	0	0
Y57A10A.13	str-92	16.8	0.985294366502793	0	0
Y57A10A.13	str-93	14.258	1.11712462005218	0	0
Y57A10A.13	str-94	23.54	0.929254156934044	0	0
Y57A10A.13	str-96	19.958	1.92999431635032	0	0
Y57A10A.13	str-97	10.156	2.93300327933898	0	0
Y57A10A.13	str-99	7.858	0.991476262702082	0	0
Y57A10A.13	strd-1	18.668	12.4124584407393	0	0
Y57A10A.13	strl-1	7.396	2.43111750159471	0	0
Y57A10A.13	strm-1	22.68	1.90795383804399	0	0
Y57A10A.13	stt-3	26.918	1.69844361184036	0	0
Y57A10A.13	subs-4	19.582	2.11987765321125	0	0
Y57A10A.13	suca-1	26.504	1.38490738779198	0	0
Y57A10A.13	sucg-1	25.318	3.68603739144109	0	0
Y57A10A.13	such-1	17.132	1.85292381655853	0	0
Y57A10A.13	sucl-1	27.398	2.11842116574673	0	0
Y57A10A.13	sucl-2	27.342	2.38016290834809	0	0
Y57A10A.13	suco-1	28.642	2.10677873750631	0	0
Y57A10A.13	suds-3	26.52	3.27457806209786	0	0
Y57A10A.13	sue-1	17.236	11.6581452760268	0	0
Y57A10A.13	suex-1	12.566	23.9850721550743	0	0
Y57A10A.13	suex-2	11.602	3.52935074968785	0	0
Y57A10A.13	suf-1	25.052	11.975637328572	0	0
Y57A10A.13	sul-1	24.08	4.36066286531508	0	0
Y57A10A.13	sul-2	20.298	4.86454671248011	0	0
Y57A10A.13	sul-3	23.648	11.8178158123897	0	0
Y57A10A.13	sulp-1	22.418	3.15315102789759	0	0
Y57A10A.13	sulp-2	27.934	1.71919354038559	0	0
Y57A10A.13	sulp-3	23.16	1.9191104132162	0	0
Y57A10A.13	sulp-4	23.536	3.92855305916741	0	0
Y57A10A.13	sulp-5	24.33	6.77184195567481	0	0
Y57A10A.13	sulp-6	22.738	4.62915730538875	0	0
Y57A10A.13	sulp-7	13.358	1.52173390594663	0	0
Y57A10A.13	sulp-8	26.56	3.82037677529091	0	0
Y57A10A.13	sumv-1	24.058	3.54866919920432	0	0
Y57A10A.13	sumv-2	19.362	12.8721317457743	0	0
Y57A10A.13	sun-1	19.646	26.3740985136866	0	0
Y57A10A.13	suox-1	24.206	3.60358736389976	0	0
Y57A10A.13	sup-1	24.336	18.1276972990255	0	0
Y57A10A.13	sup-10	27.504	1.82437770080555	0	0
Y57A10A.13	sup-12	21.346	16.0705850609632	0	0
Y57A10A.13	sup-17	20.38	19.0876874065017	0	0
Y57A10A.13	sup-18	20.702	8.79098318230716	0	0
Y57A10A.13	sup-26	13.446	27.6495517881204	0	0
Y57A10A.13	sup-35	17.134	2.07769098245574	0	0
Y57A10A.13	sup-36	22.418	8.95576174158885	0	0
Y57A10A.13	sup-37	17.922	3.98480552124677	0	0
Y57A10A.13	sup-46	26.022	4.8776405607239	0	0
Y57A10A.13	sup-9	20.798	12.6959593874255	0	0
Y57A10A.13	supr-1	22.09	6.97941262959141	0	0
Y57A10A.13	sups-1	21.456	9.74379703544112	0	0
Y57A10A.13	sur-2	27.34	2.61400056684088	0	0
Y57A10A.13	sur-5	23.084	8.6757306785552	0	0
Y57A10A.13	sur-6	18.492	39.3577220053117	0	0
Y57A10A.13	sur-7	22.45	6.93620014603892	0	0
Y57A10A.13	suro-1	21.858	12.7016337633696	0	0
Y57A10A.13	sut-1	22.526	7.72138343330774	0	0
Y57A10A.13	sut-2	16.154	16.4677664960552	0	0
Y57A10A.13	sut-6	18.87	2.39003122072702	0	0
Y57A10A.13	svct-1	17.012	4.2845209652795	0	0
Y57A10A.13	svh-1	21.604	8.20838112914216	0	0
Y57A10A.13	svh-11	19.858	4.15188667209557	0	0
Y57A10A.13	svh-2	23.128	5.70592625634942	0	0
Y57A10A.13	svh-5	18.632	49.0036779304	0	0
Y57A10A.13	svop-1	21.362	2.37116090786823	0	0
Y57A10A.13	swah-1	21.898	16.6774884383016	0	0
Y57A10A.13	swan-1	22.528	12.5550217718486	0	0
Y57A10A.13	swan-2	18.374	31.7557366602377	0	0
Y57A10A.13	swd-2.1	16.476	4.23723029324277	0	0
Y57A10A.13	swd-2.2	23.826	2.61344620557424	0	0
Y57A10A.13	swip-10	11.358	11.7460616830716	0	0
Y57A10A.13	swm-1	24.814	5.44626530590534	0	0
Y57A10A.13	swp-1	24.842	6.71666236839514	0	0
Y57A10A.13	sws-1	27.424	1.58747970230086	0	0
Y57A10A.13	swsn-1	18.082	2.68020065496544	0	0
Y57A10A.13	swsn-2.2	26.086	4.20902515468387	0	0
Y57A10A.13	swsn-3	21.726	13.632491318275	0	0
Y57A10A.13	swsn-4	27.978	4.56757549748978	0	0
Y57A10A.13	swsn-6	22.76	3.38441191725913	0	0
Y57A10A.13	swsn-9	28.51	1.81953172211055	0	0
Y57A10A.13	swt-1	14.632	3.95370898249756	0	0
Y57A10A.13	swt-2	24.68	1.76639888377126	0	0
Y57A10A.13	swt-3	20.386	14.8942164316639	0	0
Y57A10A.13	swt-4	20.268	2.2432638229142	0	0
Y57A10A.13	swt-5	23.136	1.99307661697519	0	0
Y57A10A.13	swt-6	11.496	4.05707302471712	0	0
Y57A10A.13	swt-7	4.286	6.36106597102097	1	1
Y57A10A.13	syd-1	21.226	12.346211250168	0	0
Y57A10A.13	syd-2	26.504	6.00049436271135	0	0
Y57A10A.13	syd-9	24.456	7.94617579473023	0	0
Y57A10A.13	sydn-1	7.596	8.49391316662784	0	0
Y57A10A.13	syf-1	18.956	1.54641376169483	0	0
Y57A10A.13	syf-2	15.996	20.5110148657143	0	0
Y57A10A.13	syf-3	25.612	4.77963820526332	0	0
Y57A10A.13	syg-1	23.41	3.97598993348968	0	0
Y57A10A.13	syg-2	26.3	2.52615745123545	0	0
Y57A10A.13	sygl-1	11.39	14.4386901866896	0	0
Y57A10A.13	sym-1	25.43	3.81570976681333	0	0
Y57A10A.13	sym-2	19.182	17.6596034249391	0	0
Y57A10A.13	sym-3	21.446	9.95840818571542	0	0
Y57A10A.13	sym-4	15.31	37.6045763117052	0	0
Y57A10A.13	symk-1	12.424	4.5665219929563	0	0
Y57A10A.13	syp-1	18.44	25.7174567273176	0	0
Y57A10A.13	syp-2	19.776	16.4068732033408	0	0
Y57A10A.13	syp-3	26.304	7.38365727398197	0	0
Y57A10A.13	syp-4	23.818	3.92177256825372	0	0
Y57A10A.13	syp-5	17.61	6.37445632418362	0	0
Y57A10A.13	syp-6	18.336	7.93109461630904	0	0
Y57A10A.13	sys-1	21.118	4.97582601183121	0	0
Y57A10A.13	sysm-1	11.976	2.86930281829186	0	0
Y57A10A.13	syx-16	19.77	6.71108659988861	0	0
Y57A10A.13	syx-17	21.332	8.72372958931352	0	0
Y57A10A.13	syx-18	24.298	3.1485283200236	0	0
Y57A10A.13	syx-2	7.792	4.09009864412769	0	0
Y57A10A.13	syx-3	24.658	4.71547752387115	0	0
Y57A10A.13	syx-4	25.314	3.35580343343855	0	0
Y57A10A.13	syx-5	18.002	14.8624137476633	0	0
Y57A10A.13	syx-6	16.892	10.8239347829881	0	0
Y57A10A.13	syx-7	20.506	4.87632887057394	0	0
Y57A10A.13	szy-2	17.34	5.39562520679515	0	0
Y57A10A.13	szy-20	7.226	3.05178671097781	0	0
Y57A10A.13	szy-4	15.464	3.37338857565177	0	0
Y57A10A.13	szy-5	23.226	6.91907862758366	0	0
Y57A10A.13	taap-1	17.602	5.20120581642859	0	0
Y57A10A.13	tab-1	19.684	4.82927530377157	0	0
Y57A10A.13	tac-1	23.256	5.07610893581295	0	0
Y57A10A.13	taco-1	25.042	12.1026177382022	0	0
Y57A10A.13	tads-1	14.066	2.80237948782754	0	0
Y57A10A.13	taf-1	25.814	9.08017377240485	0	0
Y57A10A.13	taf-10	19.426	18.8795290892284	0	0
Y57A10A.13	taf-11.1	21.238	17.8644129231256	0	0
Y57A10A.13	taf-11.2	9.452	2.53407060983024	0	0
Y57A10A.13	taf-11.3	20.838	7.52922128815243	0	0
Y57A10A.13	taf-12	6.088	79.4907636300214	0	0
Y57A10A.13	taf-13	23.392	10.6053363291087	0	0
Y57A10A.13	taf-2	22.598	13.905368258182	0	0
Y57A10A.13	taf-3	24.554	6.76285376450098	0	0
Y57A10A.13	taf-4	26.462	2.65115368346292	0	0
Y57A10A.13	taf-5	12.632	3.83574018984875	0	0
Y57A10A.13	taf-6.1	26.228	1.88496458438834	0	0
Y57A10A.13	taf-6.2	28.084	3.66485394495889	0	0
Y57A10A.13	taf-7.1	17.404	6.95771740396587	0	0
Y57A10A.13	taf-7.2	23.846	3.67166629295481	0	0
Y57A10A.13	taf-8	24.45	5.78244138041026	0	0
Y57A10A.13	taf-9	23.92	1.31073707412967	0	0
Y57A10A.13	tag-10	26.566	1.58691696180777	0	0
Y57A10A.13	tag-115	20.686	15.2215733660302	0	0
Y57A10A.13	tag-120	12.924	1.65283037315858	0	0
Y57A10A.13	tag-123	23.898	3.10431525951613	0	0
Y57A10A.13	tag-124	23.55	5.715079342166	0	0
Y57A10A.13	tag-131	23.584	4.31764352044155	0	0
Y57A10A.13	tag-138	16.182	28.9626338152387	0	0
Y57A10A.13	tag-151	22.892	2.40802047696536	0	0
Y57A10A.13	tag-153	22.38	6.63113725079147	0	0
Y57A10A.13	tag-164	15.27	72.4888617637606	0	0
Y57A10A.13	tag-175	20.28	4.36898655580164	0	0
Y57A10A.13	tag-18	24.944	5.20446842367856	0	0
Y57A10A.13	tag-180	23.502	2.76644204214502	0	0
Y57A10A.13	tag-191	19.29	9.41597967195051	0	0
Y57A10A.13	tag-196	7.424	4.99529059995015	0	0
Y57A10A.13	tag-209	13.714	23.5598308496431	0	0
Y57A10A.13	tag-225	26.384	6.81771415070498	0	0
Y57A10A.13	tag-229	24.214	2.85431559928668	0	0
Y57A10A.13	tag-234	17.772	2.38042122766743	0	0
Y57A10A.13	tag-243	19.728	6.4830304320732	0	0
Y57A10A.13	tag-244	23.996	5.96796101670273	0	0
Y57A10A.13	tag-250	23.958	3.55773197131432	0	0
Y57A10A.13	tag-266	20.888	12.4748998835745	0	0
Y57A10A.13	tag-267	20.65	9.50621485235531	0	0
Y57A10A.13	tag-272	15.192	3.99265464647713	0	0
Y57A10A.13	tag-273	26.594	4.69854821522743	0	0
Y57A10A.13	tag-275	12.596	6.8938473180046	0	0
Y57A10A.13	tag-276	27.834	1.12315146127041	0	0
Y57A10A.13	tag-278	24.74	20.621739301985	0	0
Y57A10A.13	tag-280	26.852	1.60318819854569	0	0
Y57A10A.13	tag-281	22.928	1.37728862877956	0	0
Y57A10A.13	tag-290	23.456	4.29141057482974	0	0
Y57A10A.13	tag-293	23.594	4.44246640167577	0	0
Y57A10A.13	tag-294	19.482	1.08121279221078	0	0
Y57A10A.13	tag-296	24.368	9.7293497602354	0	0
Y57A10A.13	tag-297	22.838	3.28799710084515	0	0
Y57A10A.13	tag-30	10.87	21.7877897598141	0	0
Y57A10A.13	tag-307	20.864	14.2600216492193	0	0
Y57A10A.13	tag-314	24.242	1.92720794471658	0	0
Y57A10A.13	tag-321	17.266	5.55592605674781	0	0
Y57A10A.13	tag-322	18.794	21.1909573746909	0	0
Y57A10A.13	tag-325	22.286	13.8940961880636	0	0
Y57A10A.13	tag-329	25.346	2.33822538599649	0	0
Y57A10A.13	tag-335	25.554	5.26540738615703	0	0
Y57A10A.13	tag-340	22.306	6.07808002447136	0	0
Y57A10A.13	tag-342	5.65	5.41199463767102	0	0
Y57A10A.13	tag-343	19.774	0.991381162296219	0	0
Y57A10A.13	tag-344	14.076	11.7983217279132	0	0
Y57A10A.13	tag-353	21.226	25.8315449864686	0	0
Y57A10A.13	tag-4	18.002	8.57688595891255	0	0
Y57A10A.13	tag-51	22.672	3.44762570478949	0	0
Y57A10A.13	tag-52	18.868	2.41437158829899	0	0
Y57A10A.13	tag-53	26.24	1.9441579177873	0	0
Y57A10A.13	tag-65	22.672	6.26900694945714	0	0
Y57A10A.13	tag-68	22.214	6.51090886342858	0	0
Y57A10A.13	tag-72	25.726	17.0178012251045	0	0
Y57A10A.13	tag-76	19.876	24.0583282875268	0	0
Y57A10A.13	tag-77	26.778	1.80557798644609	0	0
Y57A10A.13	tag-89	20.118	2.59938160654287	0	0
Y57A10A.13	tag-96	23.596	2.96866225584599	0	0
Y57A10A.13	tald-1	24.564	3.99265108026807	0	0
Y57A10A.13	talp-3	25.794	3.42621934142485	0	0
Y57A10A.13	tam-1	24.01	10.8318645004697	0	0
Y57A10A.13	tank-1	26.38	3.11937545236184	0	0
Y57A10A.13	tap-1	19.89	9.75656013204073	0	0
Y57A10A.13	tars-1	21.332	21.9379045512666	0	0
Y57A10A.13	tasp-1	23.104	1.67872690859359	0	0
Y57A10A.13	tat-1	26.726	2.46164098036408	0	0
Y57A10A.13	tat-2	25.076	14.0638288208791	0	0
Y57A10A.13	tat-3	19.98	2.48870067876913	0	0
Y57A10A.13	tat-4	27.482	4.39764619734154	0	0
Y57A10A.13	tat-5	23.408	18.3895580242895	0	0
Y57A10A.13	tat-6	21.834	21.1644072557783	0	0
Y57A10A.13	tatn-1	24.046	2.69395552585136	0	0
Y57A10A.13	tax-2	8.408	4.73083702491928	0	0
Y57A10A.13	tax-4	17.086	10.3467525878026	0	0
Y57A10A.13	tax-6	23.726	2.60390524090309	0	0
Y57A10A.13	tba-1	21.1	9.38663849724842	0	0
Y57A10A.13	tba-2	23.66	3.23295983216621	0	0
Y57A10A.13	tba-4	22.342	5.3190836394859	0	0
Y57A10A.13	tba-5	23.284	4.90383940334872	0	0
Y57A10A.13	tba-6	21.124	9.42095679249003	0	0
Y57A10A.13	tba-7	22.834	3.960979719639	0	0
Y57A10A.13	tba-8	22.514	10.6765200016151	0	0
Y57A10A.13	tba-9	22.15	2.66996231152459	0	0
Y57A10A.13	tbb-1	16.382	2.16696958659888	0	0
Y57A10A.13	tbb-2	18.568	10.3366111398183	0	0
Y57A10A.13	tbb-4	20.866	10.287257140243	0	0
Y57A10A.13	tbb-6	24.506	4.01280027420202	0	0
Y57A10A.13	tbc-1	7.494	4.08095474165525	0	0
Y57A10A.13	tbc-10	20.994	6.80202013123629	0	0
Y57A10A.13	tbc-11	23.962	6.80988356343787	0	0
Y57A10A.13	tbc-12	11.092	2.55188212242218	0	0
Y57A10A.13	tbc-13	23.712	6.83539321969648	0	0
Y57A10A.13	tbc-14	24.22	4.95656098694423	0	0
Y57A10A.13	tbc-16	23.034	3.39721791947423	0	0
Y57A10A.13	tbc-17	17.68	1.32828264319201	0	0
Y57A10A.13	tbc-18	26.68	7.32152055147348	0	0
Y57A10A.13	tbc-19	19.666	1.17207087206352	0	0
Y57A10A.13	tbc-2	26.444	8.16534156284334	0	0
Y57A10A.13	tbc-20	22.148	9.97155269371692	0	0
Y57A10A.13	tbc-3	15.604	2.56448645863619	0	0
Y57A10A.13	tbc-6	22.742	10.0991647811655	0	0
Y57A10A.13	tbc-7	19.996	29.6836345823769	0	0
Y57A10A.13	tbc-8	12.262	1.78057907025165	0	0
Y57A10A.13	tbc-9	26.284	6.6523118147615	0	0
Y57A10A.13	tbca-1	9.532	6.2733064543706	0	0
Y57A10A.13	tbcb-1	22.184	19.8493122773897	0	0
Y57A10A.13	tbcc-1	23.914	9.23130103010964	0	0
Y57A10A.13	tbcd-1	27.382	4.67527419686372	0	0
Y57A10A.13	tbce-1	25.46	11.3241633054005	0	0
Y57A10A.13	tbck-1	17.58	5.30979124431817	0	0
Y57A10A.13	tbg-1	21.002	1.93158880834128	0	0
Y57A10A.13	tbh-1	25.842	2.64929683317314	0	0
Y57A10A.13	tbp-1	14.214	60.4742018128108	0	0
Y57A10A.13	tbx-11	18.642	18.6088346218505	0	0
Y57A10A.13	tbx-2	19.19	11.3319015932235	0	0
Y57A10A.13	tbx-30	14.904	5.80111495278728	0	0
Y57A10A.13	tbx-31	21.904	2.44079032902968	0	0
Y57A10A.13	tbx-32	15.158	1.83087988962229	0	0
Y57A10A.13	tbx-33	20.874	12.5342815550828	0	0
Y57A10A.13	tbx-34	20.466	12.8863695970756	0	0
Y57A10A.13	tbx-35	13.158	8.81632256410396	0	0
Y57A10A.13	tbx-36	13.104	8.18531980526593	0	0
Y57A10A.13	tbx-37	5.024	5.70428585225732	0	0
Y57A10A.13	tbx-38	9.744	41.0295125920086	0	0
Y57A10A.13	tbx-39	19.204	10.8900984283377	0	0
Y57A10A.13	tbx-40	19.046	7.27992885741357	0	0
Y57A10A.13	tbx-41	20.832	0.855613524050287	0	0
Y57A10A.13	tbx-43	15.986	38.8495276383649	0	0
Y57A10A.13	tbx-7	14.298	1.65685132128533	0	0
Y57A10A.13	tbx-8	20.492	22.5060667154208	0	0
Y57A10A.13	tbx-9	19.812	21.6078563145206	0	0
Y57A10A.13	tc1a	26.43	4.03700992926444	0	0
Y57A10A.13	tc3a	25.238	7.81204298437405	0	0
Y57A10A.13	tcab-1	21.458	2.48208964862659	0	0
Y57A10A.13	tcc-1	27.614	5.20131223515805	0	0
Y57A10A.13	tceb-3	24.776	4.30079745528776	0	0
Y57A10A.13	tcer-1	8.518	4.57582956625829	0	0
Y57A10A.13	tcl-2	12.148	5.97313943738203	0	0
Y57A10A.13	tct-1	10.83	6.25777243762048	0	0
Y57A10A.13	tctn-1	21.238	16.3418403269423	0	0
Y57A10A.13	tdc-1	24.504	6.3392791645569	0	0
Y57A10A.13	tdo-2	23.632	2.98067601564136	0	0
Y57A10A.13	tdp-1	19.366	7.35246569272487	0	0
Y57A10A.13	tebp-1	23.182	8.69545442998605	0	0
Y57A10A.13	tebp-2	21.808	17.9036864397252	0	0
Y57A10A.13	teg-1	16.624	27.1726518494867	0	0
Y57A10A.13	teg-4	25.732	3.78406084728473	0	0
Y57A10A.13	tent-5	13.594	1.71463856280231	0	0
Y57A10A.13	tep-1	23.04	5.36590702497851	0	0
Y57A10A.13	tes-1	26.102	3.33124993358326	0	0
Y57A10A.13	test-1	20.066	5.7091176629531	0	0
Y57A10A.13	tex-2	11.882	1.94610175370703	0	0
Y57A10A.13	tfbm-1	23.496	1.40565464193288	0	0
Y57A10A.13	tfg-1	20.052	6.46176022039415	0	0
Y57A10A.13	tftc-1	25.954	6.01085648162494	0	0
Y57A10A.13	tftc-3	27.288	9.71303977397897	0	0
Y57A10A.13	tftc-5	26.406	1.56889537341096	0	0
Y57A10A.13	tgn-38	9.428	4.6653823495936	0	0
Y57A10A.13	tgs-1	21.716	13.0586298259834	0	0
Y57A10A.13	tgt-1	27.498	1.46583633455883	0	0
Y57A10A.13	tgt-2	25.456	1.08602986325732	0	0
Y57A10A.13	thk-1	22.256	12.1867504091354	0	0
Y57A10A.13	thn-1	22.666	1.71911096972901	0	0
Y57A10A.13	thn-2	24.72	7.48835469991153	0	0
Y57A10A.13	thn-4	20.83	8.38933370969817	0	0
Y57A10A.13	thn-5	21.004	5.84077624102451	0	0
Y57A10A.13	thn-6	20.316	14.7699100635531	0	0
Y57A10A.13	thoc-1	26.792	1.94112908083304	0	0
Y57A10A.13	thoc-2	22.678	8.35622658875247	0	0
Y57A10A.13	thoc-3	16.624	13.5599298697512	0	0
Y57A10A.13	thoc-5	25.79	5.50129775574185	0	0
Y57A10A.13	thoc-7	22.516	4.59642009824233	0	0
Y57A10A.13	tiam-1	25.87	2.5979370080474	0	0
Y57A10A.13	tiar-1	9.29	10.8187533598571	0	0
Y57A10A.13	tiar-2	1.798	0.913886358462458	1	1
Y57A10A.13	tif-1A	24.948	3.88864504278802	0	0
Y57A10A.13	tig-2	20.222	25.6694854836197	0	0
Y57A10A.13	tig-3	19.22	5.06302580469825	0	0
Y57A10A.13	tim-1	24.26	7.69332348974118	0	0
Y57A10A.13	timm-17B.1	15.072	9.72712968355137	0	0
Y57A10A.13	timm-17b.2	19.098	18.9861325475534	0	0
Y57A10A.13	timm-23	20.074	37.9448145701751	0	0
Y57A10A.13	timp-1	25.198	2.91931340414204	0	0
Y57A10A.13	tin-10	22.404	7.82038370537737	0	0
Y57A10A.13	tin-13	25.82	2.80876879664978	0	0
Y57A10A.13	tin-44	22.674	8.13456894213797	0	0
Y57A10A.13	tin-9.1	19.91	3.50827920343553	0	0
Y57A10A.13	tin-9.2	12.814	2.97708712826818	0	0
Y57A10A.13	tipn-1	19.866	9.24806567540841	0	0
Y57A10A.13	tir-1	12.042	4.4423567153405	0	0
Y57A10A.13	tkr-1	23.822	6.64515906097212	0	0
Y57A10A.13	tkr-2	24.318	4.63833155256681	0	0
Y57A10A.13	tkr-3	21.768	1.34107243573928	0	0
Y57A10A.13	tkt-1	17.52	5.86498641224452	0	0
Y57A10A.13	tlf-1	12.698	27.0722962589383	0	0
Y57A10A.13	tli-1	23.886	4.89232326584052	0	0
Y57A10A.13	tlk-1	16.484	34.2750062749738	0	0
Y57A10A.13	tlp-1	13.594	18.1803950153709	0	0
Y57A10A.13	tmbi-4	21.008	5.135540810412	0	0
Y57A10A.13	tmc-1	24.416	5.84266373166987	0	0
Y57A10A.13	tmc-2	18.844	2.46594506173343	0	0
Y57A10A.13	tmd-2	16.752	25.7220517593541	0	0
Y57A10A.13	tmed-1	21.622	5.35247220300324	0	0
Y57A10A.13	tmed-10	20.532	8.31174132497949	0	0
Y57A10A.13	tmed-12	6.742	5.30286606722077	0	0
Y57A10A.13	tmed-13	24.104	1.81658581013539	0	0
Y57A10A.13	tmed-3	3.826	4.78599026639553	1	1
Y57A10A.13	tmed-4	23.084	5.08255134623377	0	0
Y57A10A.13	tmem-107	16.264	2.93672874799629	0	0
Y57A10A.13	tmem-120	16.21	3.38735445115172	0	0
Y57A10A.13	tmem-131	26.308	1.91257417633253	0	0
Y57A10A.13	tmem-135	25.488	6.76953385806467	0	0
Y57A10A.13	tmem-138	22.442	1.50165530557107	0	0
Y57A10A.13	tmem-145	23.842	1.47290275461549	0	0
Y57A10A.13	tmem-17	24.48	5.21997449520747	0	0
Y57A10A.13	tmem-184	22.848	5.32665125218328	0	0
Y57A10A.13	tmem-189	13.276	11.4701001914859	0	0
Y57A10A.13	tmem-208	18.788	18.5194937410954	0	0
Y57A10A.13	tmem-218	18.866	2.17147566725555	0	0
Y57A10A.13	tmem-231	22.306	9.36235893347505	0	0
Y57A10A.13	tmem-24	24.138	8.14126552304117	0	0
Y57A10A.13	tmem-258	26.074	0.558155638942285	0	0
Y57A10A.13	tmem-39	22.114	5.91906629787799	0	0
Y57A10A.13	tmyb-1	21.746	5.76642007385278	0	0
Y57A10A.13	tnc-2	16.62	3.83924829538346	0	0
Y57A10A.13	tni-1	1.522	3.16467663043162	1	1
Y57A10A.13	tni-3	13.546	1.75443092012555	0	0
Y57A10A.13	tni-4	22.3	5.21251022296445	0	0
Y57A10A.13	tns-1	21.562	4.98949336690514	0	0
Y57A10A.13	tnsl-1	22.134	15.0842787507992	0	0
Y57A10A.13	tnt-2	15.936	6.36986056851482	0	0
Y57A10A.13	tnt-3	25.574	2.28716195269835	0	0
Y57A10A.13	tnt-4	10.762	45.6750492424545	0	0
Y57A10A.13	toc-1	23.356	5.35131011833089	0	0
Y57A10A.13	toca-1	21.994	7.12915326600428	0	0
Y57A10A.13	toca-2	13.816	3.24121135975395	0	0
Y57A10A.13	toe-1	27.98	2.87688854467881	0	0
Y57A10A.13	toe-2	21.404	17.5650889127804	0	0
Y57A10A.13	toe-4	22.326	6.27811787174197	0	0
Y57A10A.13	tofu-1	18.26	4.43913585777661	0	0
Y57A10A.13	tofu-2	25.654	2.90286615106608	0	0
Y57A10A.13	tofu-4	20.228	9.27703193273442	0	0
Y57A10A.13	tofu-5	16.85	28.0534256455874	0	0
Y57A10A.13	tofu-6	26.822	3.73111517194571	0	0
Y57A10A.13	tofu-7	24.284	2.40125561565174	0	0
Y57A10A.13	toh-1	22.444	7.30752364404836	0	0
Y57A10A.13	tol-1	25.58	8.08933179143128	0	0
Y57A10A.13	tom-1	23.098	14.3765182339927	0	0
Y57A10A.13	tomm-20	19.822	4.40604907524618	0	0
Y57A10A.13	tomm-22	24.806	10.1715662928417	0	0
Y57A10A.13	tomm-40	25.858	6.04974596915249	0	0
Y57A10A.13	tomm-7	21.404	7.86876188701961	0	0
Y57A10A.13	tomm-70	6.656	7.68696526093357	0	0
Y57A10A.13	top-1	18.92	24.848577535396	0	0
Y57A10A.13	top-2	17.494	2.25215722941138	0	0
Y57A10A.13	top-3A	22.574	6.72937247503715	0	0
Y57A10A.13	top-3b	24.784	8.05106987302863	0	0
Y57A10A.13	tor-1	23.556	3.06693509045166	0	0
Y57A10A.13	tor-2	19.28	7.76069506816103	0	0
Y57A10A.13	tos-1	18.95	19.7140889523514	0	0
Y57A10A.13	tost-1	24.644	21.6931589926385	0	0
Y57A10A.13	tpa-1	21.198	10.8383520791299	0	0
Y57A10A.13	tpan-1	19.936	3.53313082974389	0	0
Y57A10A.13	tph-1	22.57	5.50481666435699	0	0
Y57A10A.13	tpi-1	24.21	2.90079303859223	0	0
Y57A10A.13	tpk-1	24.222	2.50486720557085	0	0
Y57A10A.13	tpp-2	26.624	12.1597468548594	0	0
Y57A10A.13	tppp-1	16.662	3.74068908701079	0	0
Y57A10A.13	tpra-1	6.84	4.08441960371315	0	0
Y57A10A.13	tps-1	16.928	2.79444316159688	0	0
Y57A10A.13	tps-2	27.492	1.07854309927232	0	0
Y57A10A.13	tpst-1	25.81	6.8484976334453	0	0
Y57A10A.13	tpst-2	10.068	2.26973537738636	0	0
Y57A10A.13	tpxl-1	20.716	13.4727204972093	0	0
Y57A10A.13	tra-1	17.046	20.1646762854996	0	0
Y57A10A.13	tra-2	6.408	5.57708099673579	0	0
Y57A10A.13	tra-3	21.762	6.6813775182206	0	0
Y57A10A.13	tra-4	25.192	9.3515299727054	0	0
Y57A10A.13	trak-1	24.93	4.63631381036798	0	0
Y57A10A.13	tram-1	22.052	1.2470111959942	0	0
Y57A10A.13	trap-1	21.982	10.9387786836415	0	0
Y57A10A.13	trap-2	24.01	2.09802599746042	0	0
Y57A10A.13	trap-3	20.936	1.92859063985347	0	0
Y57A10A.13	trap-4	26.112	2.01109864078081	0	0
Y57A10A.13	trcs-1	23.288	5.9603460507853	0	0
Y57A10A.13	trcs-2	18.478	18.4509815794962	0	0
Y57A10A.13	trd-1	25.998	1.56063506018253	0	0
Y57A10A.13	tre-1	21.326	5.32349484003976	0	0
Y57A10A.13	tre-2	22.4	3.24191375319629	0	0
Y57A10A.13	tre-3	24.858	3.94694665409248	0	0
Y57A10A.13	tre-4	23.522	3.63711942739825	0	0
Y57A10A.13	tre-5	20.874	4.19607224638061	0	0
Y57A10A.13	tres-1	17.968	29.5519718617037	0	0
Y57A10A.13	trf-1	21.182	4.55610955815939	0	0
Y57A10A.13	trf-2	24.666	3.34911706429606	0	0
Y57A10A.13	trh-1	16.986	6.78442152147383	0	0
Y57A10A.13	trhr-1	18.188	1.58561740820923	0	0
Y57A10A.13	tric-1B.1	22.86	3.27178686812164	0	0
Y57A10A.13	tric-1B.2	17.74	7.46192045306997	0	0
Y57A10A.13	trim-21	27.826	3.72284870650432	0	0
Y57A10A.13	trip-4	24.872	9.35546248449822	0	0
Y57A10A.13	trk-1	24.874	5.79647354108752	0	0
Y57A10A.13	trm-1	27.244	1.91582834128316	0	0
Y57A10A.13	trm-2a	11.244	3.91400657863229	0	0
Y57A10A.13	trmt-10a	16.216	25.3417216543479	0	0
Y57A10A.13	trmt-10c.1	25.28	3.30389446484511	0	0
Y57A10A.13	trmt-6	26.688	1.75618129040535	0	0
Y57A10A.13	trp-1	28.46	2.53352394319893	0	0
Y57A10A.13	trp-2	26.406	1.22115920532209	0	0
Y57A10A.13	trp-4	30.418	1.19992488204572	0	0
Y57A10A.13	trpa-1	23.192	17.4851393207755	0	0
Y57A10A.13	trpa-2	25.202	1.91108896155041	0	0
Y57A10A.13	trpl-2	24.838	2.42375911462224	0	0
Y57A10A.13	trpl-4	27.308	1.42283792757098	0	0
Y57A10A.13	trpl-5	24.662	1.67317271815941	0	0
Y57A10A.13	trpp-1	23.364	2.38662461693947	0	0
Y57A10A.13	trpp-10	29.63	2.02862759732011	0	0
Y57A10A.13	trpp-11	28.37	1.44797997225546	0	0
Y57A10A.13	trpp-12	20.65	4.89774909800819	0	0
Y57A10A.13	trpp-3	21.756	4.11920944146059	0	0
Y57A10A.13	trpp-4	21.666	18.2545857961709	0	0
Y57A10A.13	trpp-5	12.416	1.51708565437772	0	0
Y57A10A.13	trpp-6	22.646	5.5000620764451	0	0
Y57A10A.13	trpp-8	27.08	7.08505290022824	0	0
Y57A10A.13	trpp-9	28.618	3.8169096800642	0	0
Y57A10A.13	trt-1	25.838	3.8619773406869	0	0
Y57A10A.13	trul-1	5.494	4.49658730367617	0	0
Y57A10A.13	trx-1	7.822	9.70920162440028	0	0
Y57A10A.13	trx-2	18.85	10.1506637399394	0	0
Y57A10A.13	trx-3	20.694	1.52528366918673	0	0
Y57A10A.13	trx-4	26.986	1.99202771908949	0	0
Y57A10A.13	trx-5	27.63	2.00566789757472	0	0
Y57A10A.13	trxr-1	26.18	3.15212850050081	0	0
Y57A10A.13	trxr-2	24.974	1.23241127035867	0	0
Y57A10A.13	try-1	25.34	3.09717766857965	0	0
Y57A10A.13	try-10	15.39	2.52952718126338	0	0
Y57A10A.13	try-11	20.548	18.3253390689019	0	0
Y57A10A.13	try-12	14.036	7.72061183678336	0	0
Y57A10A.13	try-13	19.566	3.52793267604791	0	0
Y57A10A.13	try-14	23.374	1.92202848789133	0	0
Y57A10A.13	try-15	20.804	6.06992213580365	0	0
Y57A10A.13	try-16	22.048	7.32337562815269	0	0
Y57A10A.13	try-3	26.126	2.2593569423886	0	0
Y57A10A.13	try-4	21.434	4.65714940765808	0	0
Y57A10A.13	try-5	22.356	3.82971780170629	0	0
Y57A10A.13	try-6	23.626	4.12768843727812	0	0
Y57A10A.13	try-7	19.94	5.69279419647581	0	0
Y57A10A.13	try-8	16.416	17.4225917144357	0	0
Y57A10A.13	try-9	15.898	2.38460314070833	0	0
Y57A10A.13	tsct-1	24.058	6.17229601307995	0	0
Y57A10A.13	tsen-2	18.184	2.82068438201404	0	0
Y57A10A.13	tsen-34	27.412	3.92112261116835	0	0
Y57A10A.13	tsen-54	23.488	9.07242728670937	0	0
Y57A10A.13	tsfm-1	19.454	2.10678334743704	0	0
Y57A10A.13	tsg-101	5.114	3.52137884341289	0	0
Y57A10A.13	tsn-1	28.298	1.86831758533037	0	0
Y57A10A.13	tsp-1	25.6	5.93884904493418	0	0
Y57A10A.13	tsp-10	17.174	6.60396466175685	0	0
Y57A10A.13	tsp-11	14.076	7.12018682014796	0	0
Y57A10A.13	tsp-12	16.514	2.38888024187412	0	0
Y57A10A.13	tsp-13	16.59	8.05418088873446	0	0
Y57A10A.13	tsp-14	22.388	3.1280147210194	0	0
Y57A10A.13	tsp-15	21.99	8.91175013024752	0	0
Y57A10A.13	tsp-16	23.464	4.39679383266334	0	0
Y57A10A.13	tsp-17	20.948	2.99670589182277	0	0
Y57A10A.13	tsp-18	24.322	22.3328366162767	0	0
Y57A10A.13	tsp-19	23.886	18.0551029126853	0	0
Y57A10A.13	tsp-2	20.05	2.7390583975553	0	0
Y57A10A.13	tsp-20	22.178	2.88810182894169	0	0
Y57A10A.13	tsp-21	20.676	6.73724695381096	0	0
Y57A10A.13	tsp-3	21.336	5.12189871062804	0	0
Y57A10A.13	tsp-4	22.652	2.22914330574829	0	0
Y57A10A.13	tsp-5	20.428	3.53838292054169	0	0
Y57A10A.13	tsp-6	19.97	2.1233264944531	0	0
Y57A10A.13	tsp-7	21.244	7.53143534574685	0	0
Y57A10A.13	tsp-8	20.878	2.33038986486496	0	0
Y57A10A.13	tsp-9	9.682	4.8836179923292	0	0
Y57A10A.13	tspo-1	12.468	2.15691194276184	0	0
Y57A10A.13	tsr-1	24.298	16.7000532929858	0	0
Y57A10A.13	tsr-2	12.456	2.72878165731498	0	0
Y57A10A.13	ttb-1	17.554	8.73730799610873	0	0
Y57A10A.13	ttbk-2.1	20.498	7.48534865129616	0	0
Y57A10A.13	ttbk-2.2	20.58	4.30420174385618	0	0
Y57A10A.13	ttbk-3	22.418	2.8703841176754	0	0
Y57A10A.13	ttbk-4	20.808	5.27893023178184	0	0
Y57A10A.13	ttbk-5	22.984	7.6947755686737	0	0
Y57A10A.13	ttbk-6	20.368	8.26730846437442	0	0
Y57A10A.13	ttbk-7	23.222	7.02761526976755	0	0
Y57A10A.13	ttbk-8.1	25.26	5.38640729381939	0	0
Y57A10A.13	ttbk-8.2	20.55	3.48467421702543	0	0
Y57A10A.13	ttc-1	22.918	15.5246120006095	0	0
Y57A10A.13	ttc-17	26.088	3.46700483668995	0	0
Y57A10A.13	ttc-36	24.362	9.58551743705563	0	0
Y57A10A.13	ttc-37	14.074	1.77959057536522	0	0
Y57A10A.13	ttc-4	25.916	6.47872551189291	0	0
Y57A10A.13	ttc-7	20.692	20.4888281703015	0	0
Y57A10A.13	tth-1	15.344	4.58771453209504	0	0
Y57A10A.13	ttll-11	10.78	3.92745141558749	0	0
Y57A10A.13	ttll-12	21.902	16.5400037154067	0	0
Y57A10A.13	ttll-15	22.046	3.43382235001596	0	0
Y57A10A.13	ttll-4	15.926	49.7861915010381	0	0
Y57A10A.13	ttll-5	22.776	7.48003143555381	0	0
Y57A10A.13	ttll-9	26.452	3.75914542093534	0	0
Y57A10A.13	ttm-1	19.766	4.43662630661882	0	0
Y57A10A.13	ttm-2	22.56	9.1092312882727	0	0
Y57A10A.13	ttm-5	22.704	12.4798359733889	0	0
Y57A10A.13	ttr-1	17.728	5.66182339135011	0	0
Y57A10A.13	ttr-10	27.064	3.48135622039712	0	0
Y57A10A.13	ttr-11	18.734	9.15510874205902	0	0
Y57A10A.13	ttr-12	24.908	3.5076355560308	0	0
Y57A10A.13	ttr-13	24.908	8.80217649945845	0	0
Y57A10A.13	ttr-14	20.782	7.10310525785796	0	0
Y57A10A.13	ttr-15	16.23	4.50606529167648	0	0
Y57A10A.13	ttr-16	16.312	5.72063865464304	0	0
Y57A10A.13	ttr-17	13.286	5.8868862145453	0	0
Y57A10A.13	ttr-18	14.38	1.56274026802811	0	0
Y57A10A.13	ttr-19	13.386	3.18027169947241	0	0
Y57A10A.13	ttr-2	27.39	3.96453718300442	0	0
Y57A10A.13	ttr-20	16.734	2.98780924823703	0	0
Y57A10A.13	ttr-21	25.874	5.18100593606252	0	0
Y57A10A.13	ttr-22	16.914	3.36755096422547	0	0
Y57A10A.13	ttr-23	18.776	6.56557848650296	0	0
Y57A10A.13	ttr-24	25.28	11.1029705428331	0	0
Y57A10A.13	ttr-25	16.2	4.85304543481505	0	0
Y57A10A.13	ttr-26	27.564	2.9729695997972	0	0
Y57A10A.13	ttr-27	27.026	3.63185340401404	0	0
Y57A10A.13	ttr-28	27.618	1.47176707692442	0	0
Y57A10A.13	ttr-29	22.88	20.7783553968475	0	0
Y57A10A.13	ttr-3	24.888	8.24969997655031	0	0
Y57A10A.13	ttr-30	15.894	1.93032671265472	0	0
Y57A10A.13	ttr-31	25.37	7.07646597526404	0	0
Y57A10A.13	ttr-32	25.256	8.60330480736732	0	0
Y57A10A.13	ttr-33	25.35	9.29682697249097	0	0
Y57A10A.13	ttr-34	14.354	6.64043751324521	0	0
Y57A10A.13	ttr-35	24.936	7.61388949242108	0	0
Y57A10A.13	ttr-36	24.656	1.8702068709579	0	0
Y57A10A.13	ttr-37	22.526	3.04353786486591	0	0
Y57A10A.13	ttr-38	21.456	2.20500910365821	0	0
Y57A10A.13	ttr-39	26.762	2.40214032449154	0	0
Y57A10A.13	ttr-40	21.596	11.0733818083121	0	0
Y57A10A.13	ttr-41	19.318	22.1857005963099	0	0
Y57A10A.13	ttr-42	21.47	14.7866276718328	0	0
Y57A10A.13	ttr-43	23.75	8.19501909394594	0	0
Y57A10A.13	ttr-44	13.096	6.77117060255752	0	0
Y57A10A.13	ttr-45	25.592	3.76137477554222	0	0
Y57A10A.13	ttr-46	14.624	5.67160460074405	0	0
Y57A10A.13	ttr-47	25.174	5.0943464637426	0	0
Y57A10A.13	ttr-48	25.844	1.43808406341909	0	0
Y57A10A.13	ttr-49	24.274	1.54626285740404	0	0
Y57A10A.13	ttr-5	18.188	5.44376019835397	0	0
Y57A10A.13	ttr-50	23.682	4.40736780807154	0	0
Y57A10A.13	ttr-51	17.308	3.05381692245082	0	0
Y57A10A.13	ttr-52	22.66	6.09450185406252	0	0
Y57A10A.13	ttr-53	17.88	7.39895049769806	0	0
Y57A10A.13	ttr-54	16.482	5.07283133423866	0	0
Y57A10A.13	ttr-55	5.716	12.1286710510139	0	0
Y57A10A.13	ttr-56	12.81	4.29813108509749	0	0
Y57A10A.13	ttr-57	23.786	9.00894323581711	0	0
Y57A10A.13	ttr-58	13.722	21.6447131671579	0	0
Y57A10A.13	ttr-59	20.488	3.10741638602868	0	0
Y57A10A.13	ttr-6	17.614	9.68663215420515	0	0
Y57A10A.13	ttr-7	24.19	9.17124549108517	0	0
Y57A10A.13	ttr-8	25.696	7.59793443424949	0	0
Y57A10A.13	ttr-9	28.494	1.81557409320453	0	0
Y57A10A.13	ttx-1	7.536	37.5241837024996	0	0
Y57A10A.13	ttx-3	20.228	15.5289560213051	0	0
Y57A10A.13	ttx-7	18.524	1.14873125271176	0	0
Y57A10A.13	ttyh-1	17.608	9.2373967900707	0	0
Y57A10A.13	tub-1	20.58	5.69674790988384	0	0
Y57A10A.13	tub-2	21.976	0.825747407652302	0	0
Y57A10A.13	tufm-1	24.754	7.49510480768599	0	0
Y57A10A.13	tufm-2	25.774	6.41205609219584	0	0
Y57A10A.13	tut-1	19.402	1.74419151494487	0	0
Y57A10A.13	tut-2	22.484	4.76948587612406	0	0
Y57A10A.13	twf-2	26.094	3.25075167493066	0	0
Y57A10A.13	twk-1	19.018	6.06327257043942	0	0
Y57A10A.13	twk-10	22.32	3.39808410219288	0	0
Y57A10A.13	twk-11	17.926	2.20212589191684	0	0
Y57A10A.13	twk-12	15.146	2.74123006067248	0	0
Y57A10A.13	twk-13	24.894	5.432997090519	0	0
Y57A10A.13	twk-14	23.882	11.7207365313937	0	0
Y57A10A.13	twk-16	25.184	8.32214214164296	0	0
Y57A10A.13	twk-17	27.752	4.5124887329906	0	0
Y57A10A.13	twk-18	24.064	5.66232591264021	0	0
Y57A10A.13	twk-2	27.908	0.822342895718228	0	0
Y57A10A.13	twk-20	21.44	12.1653289991932	0	0
Y57A10A.13	twk-21	22.448	2.22589937200671	0	0
Y57A10A.13	twk-22	23.432	5.6425609908706	0	0
Y57A10A.13	twk-23	25.81	2.89990351044777	0	0
Y57A10A.13	twk-24	25.524	1.59785202653533	0	0
Y57A10A.13	twk-25	22.436	11.1740780652282	0	0
Y57A10A.13	twk-26	22.396	7.96911631374775	0	0
Y57A10A.13	twk-28	23.868	2.40724275915015	0	0
Y57A10A.13	twk-29	23.084	12.0729174747818	0	0
Y57A10A.13	twk-3	24.438	2.32405459857388	0	0
Y57A10A.13	twk-30	27.092	5.31031125146911	0	0
Y57A10A.13	twk-31	15.87	1.80493832229395	0	0
Y57A10A.13	twk-32	27.924	1.31155145314918	0	0
Y57A10A.13	twk-33	18.408	9.41976107858589	0	0
Y57A10A.13	twk-34	24.672	4.30423807547402	0	0
Y57A10A.13	twk-35	25.584	8.8425312423844	0	0
Y57A10A.13	twk-36	25.992	1.49537259154963	0	0
Y57A10A.13	twk-37	24.46	5.16172088883696	0	0
Y57A10A.13	twk-39	22.524	2.84307800657541	0	0
Y57A10A.13	twk-4	19.928	11.6911977198105	0	0
Y57A10A.13	twk-40	24.17	2.28661692822844	0	0
Y57A10A.13	twk-42	25.604	3.29067242387575	0	0
Y57A10A.13	twk-43	21.78	4.78956956405241	0	0
Y57A10A.13	twk-44	25.546	3.99908626750104	0	0
Y57A10A.13	twk-45	25.842	1.22167618228515	0	0
Y57A10A.13	twk-46	21.61	2.03845935599415	0	0
Y57A10A.13	twk-47	25.626	1.74724861549435	0	0
Y57A10A.13	twk-48	25.68	3.04672956921425	0	0
Y57A10A.13	twk-49	26.37	1.44775192785901	0	0
Y57A10A.13	twk-5	23.67	2.316114941307	0	0
Y57A10A.13	twk-6	21.872	1.43689167853735	0	0
Y57A10A.13	twk-7	24.21	6.60089619727535	0	0
Y57A10A.13	twk-8	20.564	2.02338520133063	0	0
Y57A10A.13	twk-9	24.506	2.44405750275616	0	0
Y57A10A.13	twnk-1	26.164	4.98631217798054	0	0
Y57A10A.13	txbp-3	8.266	4.3134882817634	0	0
Y57A10A.13	txdc-12.1	25.282	11.4914742255667	0	0
Y57A10A.13	txdc-12.2	27.958	1.56715005367684	0	0
Y57A10A.13	txdc-15	22.44	5.51127254077199	0	0
Y57A10A.13	txdc-17	27.066	1.48583716057971	0	0
Y57A10A.13	txdc-9	18.13	2.27786539954818	0	0
Y57A10A.13	txl-1	25.2	2.27197701719042	0	0
Y57A10A.13	txt-1	15.2	21.2705111210756	0	0
Y57A10A.13	txt-10	17.338	7.98541206545851	0	0
Y57A10A.13	txt-11	16.162	33.2885171881179	0	0
Y57A10A.13	txt-12	18.836	20.221113333396	0	0
Y57A10A.13	txt-13	20.734	14.4743567417034	0	0
Y57A10A.13	txt-14	7.286	4.09983406469928	0	0
Y57A10A.13	txt-17	27.596	4.13521135589534	0	0
Y57A10A.13	txt-19	24.544	2.03951949148329	0	0
Y57A10A.13	txt-2	26.27	3.72135173138911	0	0
Y57A10A.13	txt-3	22.548	12.6805389936036	0	0
Y57A10A.13	txt-4	22.132	7.57132177203349	0	0
Y57A10A.13	txt-5	24.06	19.699805491792	0	0
Y57A10A.13	txt-6	24.504	1.53961183507442	0	0
Y57A10A.13	txt-7	2.49	7.41069963343211	1	1
Y57A10A.13	tyms-1	13.052	42.5306182050401	0	0
Y57A10A.13	tyr-1	22.424	2.52476672039444	0	0
Y57A10A.13	tyr-2	20.144	5.30695131386681	0	0
Y57A10A.13	tyr-3	21.28	18.4192543621264	0	0
Y57A10A.13	tyr-4	19.72	2.34475213421844	0	0
Y57A10A.13	tyr-5	24.11	2.31638357618303	0	0
Y57A10A.13	tyr-6	27.466	1.59567947130983	0	0
Y57A10A.13	tyra-2	18.59	9.56982590061612	0	0
Y57A10A.13	tyra-3	20.6	15.942112681036	0	0
Y57A10A.13	uad-2	23.246	3.85685997441631	0	0
Y57A10A.13	uaf-1	17.714	3.9711050009008	0	0
Y57A10A.13	uaf-2	13.838	6.28877977911975	0	0
Y57A10A.13	uba-1	21.914	10.5240357537939	0	0
Y57A10A.13	uba-2	21.048	2.229551682675	0	0
Y57A10A.13	uba-5	23.02	14.6863220134028	0	0
Y57A10A.13	ubc-1	17.128	8.18556479218564	0	0
Y57A10A.13	ubc-12	20.304	8.68743230620904	0	0
Y57A10A.13	ubc-13	23.374	17.1318348823609	0	0
Y57A10A.13	ubc-14	21.06	11.5998021687749	0	0
Y57A10A.13	ubc-15	21.304	2.93599236171698	0	0
Y57A10A.13	ubc-16	24.932	8.94380696039178	0	0
Y57A10A.13	ubc-17	21.838	2.328049497446	0	0
Y57A10A.13	ubc-18	26.168	4.98970767807389	0	0
Y57A10A.13	ubc-19	23.294	2.9746464157929	0	0
Y57A10A.13	ubc-20	25.68	4.69071111258661	0	0
Y57A10A.13	ubc-21	26.636	2.80729072761659	0	0
Y57A10A.13	ubc-22	16.988	14.6165920199403	0	0
Y57A10A.13	ubc-23	21.458	16.5438609846846	0	0
Y57A10A.13	ubc-24	25.008	7.39932931731052	0	0
Y57A10A.13	ubc-25	23.108	11.8144628666652	0	0
Y57A10A.13	ubc-26	28.028	3.19003461665194	0	0
Y57A10A.13	ubc-3	17.61	6.23857331983296	0	0
Y57A10A.13	ubc-6	26.022	3.64512994240779	0	0
Y57A10A.13	ubc-7	24.522	4.1025075379921	0	0
Y57A10A.13	ubc-8	19.726	21.9732975562416	0	0
Y57A10A.13	ubc-9	28.228	1.52071282695718	0	0
Y57A10A.13	ubh-1	25.126	3.85547228943659	0	0
Y57A10A.13	ubh-2	13.046	4.9274082627101	0	0
Y57A10A.13	ubh-3	20.582	2.55491055348382	0	0
Y57A10A.13	ubh-4	21.954	7.06914480747127	0	0
Y57A10A.13	ubl-5	26.588	3.75962811764829	0	0
Y57A10A.13	ubq-1	27.558	3.48709436379321	0	0
Y57A10A.13	ubq-2	21.85	2.92602101888889	0	0
Y57A10A.13	ubql-1	24.418	4.6417922793391	0	0
Y57A10A.13	ubr-1	23.046	1.61559705956741	0	0
Y57A10A.13	ubxn-1	25.676	2.50770708286343	0	0
Y57A10A.13	ubxn-2	23.246	13.0016133615077	0	0
Y57A10A.13	ubxn-3	19.826	20.1999310190044	0	0
Y57A10A.13	ubxn-4	22.632	11.6301772424449	0	0
Y57A10A.13	ubxn-5	25.838	8.81178653982302	0	0
Y57A10A.13	ubxn-6	22.332	2.70539517540196	0	0
Y57A10A.13	ucp-4	22.362	7.82113652458473	0	0
Y57A10A.13	ucr-1	25.076	3.53963104931516	0	0
Y57A10A.13	ucr-11	24.278	0.966595193332236	0	0
Y57A10A.13	ucr-2.1	27.938	2.01978366718617	0	0
Y57A10A.13	ucr-2.2	28.524	2.41794834182738	0	0
Y57A10A.13	ucr-2.3	27.196	5.84833246073441	0	0
Y57A10A.13	uda-1	19.45	15.7159210104896	0	0
Y57A10A.13	uev-1	27.176	2.60593107224202	0	0
Y57A10A.13	uev-2	15.466	13.6332192843989	0	0
Y57A10A.13	uev-3	17.328	4.39684798139934	0	0
Y57A10A.13	ufbp-1	20.804	7.54797264837494	0	0
Y57A10A.13	ufc-1	28.144	1.76134028463868	0	0
Y57A10A.13	ufd-1	20.068	6.61644226441192	0	0
Y57A10A.13	ufd-2	22.24	3.38576449586632	0	0
Y57A10A.13	ufd-3	23.772	3.29185905167451	0	0
Y57A10A.13	ufl-1	14.194	14.4502466850388	0	0
Y57A10A.13	ufm-1	22.938	12.6522209092664	0	0
Y57A10A.13	uggt-1	25.788	3.93315882574953	0	0
Y57A10A.13	uggt-2	24.242	4.57765935125281	0	0
Y57A10A.13	ugt-1	25.604	1.41915062602466	0	0
Y57A10A.13	ugt-10	24.438	4.52450639993407	0	0
Y57A10A.13	ugt-11	23.13	2.23920694553888	0	0
Y57A10A.13	ugt-12	23.668	3.33066576219704	0	0
Y57A10A.13	ugt-13	24.728	2.6179074799003	0	0
Y57A10A.13	ugt-14	25.484	3.0004854335257	0	0
Y57A10A.13	ugt-15	21.834	0.557747034107205	0	0
Y57A10A.13	ugt-16	26.788	1.93710737644052	0	0
Y57A10A.13	ugt-17	25.14	2.51368915268247	0	0
Y57A10A.13	ugt-18	26.382	3.25200977824447	0	0
Y57A10A.13	ugt-19	26.022	2.65666583118664	0	0
Y57A10A.13	ugt-2	25.766	1.57927200413784	0	0
Y57A10A.13	ugt-20	26.504	2.65691018351087	0	0
Y57A10A.13	ugt-21	25.264	2.65444552302084	0	0
Y57A10A.13	ugt-22	24.63	4.29122823853944	0	0
Y57A10A.13	ugt-23	26.164	2.46241792304775	0	0
Y57A10A.13	ugt-24	26.116	2.08721213724694	0	0
Y57A10A.13	ugt-25	26.55	0.528650427405584	0	0
Y57A10A.13	ugt-26	27.64	2.65629611130522	0	0
Y57A10A.13	ugt-27	25.636	2.46283165453337	0	0
Y57A10A.13	ugt-28	22.478	9.69415671503848	0	0
Y57A10A.13	ugt-29	25.726	2.86826121637	0	0
Y57A10A.13	ugt-3	23.554	3.43006315255422	0	0
Y57A10A.13	ugt-30	25.9	2.85896842439589	0	0
Y57A10A.13	ugt-31	26.572	4.26219411273928	0	0
Y57A10A.13	ugt-32	27.5	3.17146367126944	0	0
Y57A10A.13	ugt-33	26.434	1.72378130495805	0	0
Y57A10A.13	ugt-34	22.996	6.8439143633096	0	0
Y57A10A.13	ugt-35	27.216	1.42153511108207	0	0
Y57A10A.13	ugt-36	24.176	5.00039787700993	0	0
Y57A10A.13	ugt-37	13.254	6.24054258828933	0	0
Y57A10A.13	ugt-38	24.026	2.32571150773261	0	0
Y57A10A.13	ugt-39	25.796	1.03243474507085	0	0
Y57A10A.13	ugt-4	15.344	41.26524952598	0	0
Y57A10A.13	ugt-40	25.158	0.964020784078375	0	0
Y57A10A.13	ugt-41	26.476	2.95677063378762	0	0
Y57A10A.13	ugt-42	23.768	5.6722182665107	0	0
Y57A10A.13	ugt-43	26.242	4.24608490350559	0	0
Y57A10A.13	ugt-44	25.52	2.38722889430632	0	0
Y57A10A.13	ugt-45	25.484	4.79628294567386	0	0
Y57A10A.13	ugt-46	25.204	3.73595589112098	0	0
Y57A10A.13	ugt-47	24.802	2.64428411091698	0	0
Y57A10A.13	ugt-48	24.65	3.31231794992565	0	0
Y57A10A.13	ugt-49	25.218	4.17645679926211	0	0
Y57A10A.13	ugt-5	25.89	11.2290713132814	0	0
Y57A10A.13	ugt-50	23.244	3.73505528044736	0	0
Y57A10A.13	ugt-51	24.85	1.82777705419328	0	0
Y57A10A.13	ugt-52	22.08	7.36186559375264	0	0
Y57A10A.13	ugt-53	26.158	1.93528240878281	0	0
Y57A10A.13	ugt-54	23.068	5.98611294096081	0	0
Y57A10A.13	ugt-55	19.462	1.44894105288374	0	0
Y57A10A.13	ugt-56	25.806	5.12840008033733	0	0
Y57A10A.13	ugt-57	26.718	0.682688292138449	0	0
Y57A10A.13	ugt-58	24.344	2.45345376156207	0	0
Y57A10A.13	ugt-59	24.182	4.17833867773025	0	0
Y57A10A.13	ugt-6	25.744	3.48218662984577	0	0
Y57A10A.13	ugt-60	26.556	1.59997070565803	0	0
Y57A10A.13	ugt-61	26.08	0.920245398773007	0	0
Y57A10A.13	ugt-62	23.602	6.92179881271985	0	0
Y57A10A.13	ugt-63	24.35	2.5086655007741	0	0
Y57A10A.13	ugt-64	24.552	5.62908447779276	0	0
Y57A10A.13	ugt-65	15.124	4.58393835807956	0	0
Y57A10A.13	ugt-66	26.684	2.01996832832186	0	0
Y57A10A.13	ugt-67	25.132	2.51612585412213	0	0
Y57A10A.13	ugt-7	24.522	2.91673280340773	0	0
Y57A10A.13	ugt-8	22.85	0.901149246475884	0	0
Y57A10A.13	ugt-9	24.168	0.639940911260546	0	0
Y57A10A.13	ugtp-1	8.374	31.4738186611798	0	0
Y57A10A.13	uig-1	19.906	4.23454946140654	0	0
Y57A10A.13	ula-1	26.232	6.2356368249801	0	0
Y57A10A.13	ule-1	21.682	15.6008142730039	0	0
Y57A10A.13	ule-2	22.478	13.5984515607791	0	0
Y57A10A.13	ule-3	23.55	1.00754229449722	0	0
Y57A10A.13	ule-4	25.314	6.67594889544744	0	0
Y57A10A.13	ule-5	21.124	18.7663610092153	0	0
Y57A10A.13	ulp-1	20.106	13.9412194565504	0	0
Y57A10A.13	ulp-2	26.698	7.41928362909435	0	0
Y57A10A.13	ulp-3	22.668	2.67676962103543	0	0
Y57A10A.13	ulp-4	18.8	3.82627646412284	0	0
Y57A10A.13	ulp-5	27.012	8.3746909637075	0	0
Y57A10A.13	umps-1	23.302	4.10070793831286	0	0
Y57A10A.13	unc-1	11.068	2.72433533353588	0	0
Y57A10A.13	unc-10	25.842	3.40842987640047	0	0
Y57A10A.13	unc-101	22.874	23.7929174493949	0	0
Y57A10A.13	unc-103	18.566	18.9533276966834	0	0
Y57A10A.13	unc-104	18.616	2.97721430990794	0	0
Y57A10A.13	unc-105	25.696	8.02958190824691	0	0
Y57A10A.13	unc-108	26.904	4.44265949773172	0	0
Y57A10A.13	unc-11	24.366	6.01010172963488	0	0
Y57A10A.13	unc-112	21.974	3.72815711182161	0	0
Y57A10A.13	unc-115	26.636	3.87282913925025	0	0
Y57A10A.13	unc-116	19.854	16.6718403859205	0	0
Y57A10A.13	unc-119	23.754	9.60376421028561	0	0
Y57A10A.13	unc-120	24.052	16.2022139728967	0	0
Y57A10A.13	unc-122	21.294	5.0998854740046	0	0
Y57A10A.13	unc-129	21.728	3.60314835373195	0	0
Y57A10A.13	unc-13	23.61	6.18490820299042	0	0
Y57A10A.13	unc-130	22.288	16.775272903788	0	0
Y57A10A.13	unc-132	18.836	39.1195775752771	0	0
Y57A10A.13	unc-14	25.896	7.62378085263743	0	0
Y57A10A.13	unc-15	26.75	6.26237965149568	0	0
Y57A10A.13	unc-16	15.51	37.4789243254687	0	0
Y57A10A.13	unc-17	11.568	3.92656132469083	0	0
Y57A10A.13	unc-18	20.73	3.09465329778066	0	0
Y57A10A.13	unc-2	20.572	10.3150324836995	0	0
Y57A10A.13	unc-23	17.058	3.57925274556138	0	0
Y57A10A.13	unc-24	19.52	9.56380965776616	0	0
Y57A10A.13	unc-25	23.862	5.79670620512003	0	0
Y57A10A.13	unc-26	24.996	3.01532573162597	0	0
Y57A10A.13	unc-27	1.954	6.41859246473414	1	1
Y57A10A.13	unc-29	27.728	4.92433406485872	0	0
Y57A10A.13	unc-3	18.842	4.8499185098079	0	0
Y57A10A.13	unc-30	17.028	20.700985609594	0	0
Y57A10A.13	unc-31	13.492	57.7330043155676	0	0
Y57A10A.13	unc-32	28.334	0.438404570815426	0	0
Y57A10A.13	unc-33	23.192	3.99134498251162	0	0
Y57A10A.13	unc-34	19.95	9.1588151636368	0	0
Y57A10A.13	unc-36	26.904	2.48430952723061	0	0
Y57A10A.13	unc-37	20.91	8.64762005830555	0	0
Y57A10A.13	unc-38	24.286	2.50913499796851	0	0
Y57A10A.13	unc-39	15.722	16.3058445729078	0	0
Y57A10A.13	unc-4	21.462	6.65033381661948	0	0
Y57A10A.13	unc-40	22.778	6.61256684809854	0	0
Y57A10A.13	unc-41	22.59	2.53254267204742	0	0
Y57A10A.13	unc-42	6.52	8.930674867698	0	0
Y57A10A.13	unc-43	21.6	11.2965334674556	0	0
Y57A10A.13	unc-45	28.064	1.63922679425579	0	0
Y57A10A.13	unc-46	15.77	1.24825743088329	0	0
Y57A10A.13	unc-47	22.138	6.0665273208711	0	0
Y57A10A.13	unc-49	23.468	19.167242697227	0	0
Y57A10A.13	unc-5	24.774	9.6208531494414	0	0
Y57A10A.13	unc-50	20.462	17.8276441319371	0	0
Y57A10A.13	unc-51	26.32	3.47358786142992	0	0
Y57A10A.13	unc-53	23.948	2.56549971702607	0	0
Y57A10A.13	unc-54	23.168	5.62108999310947	0	0
Y57A10A.13	unc-55	20.838	3.53013049033357	0	0
Y57A10A.13	unc-57	23.904	5.11116675616771	0	0
Y57A10A.13	unc-58	22.762	3.18178336743831	0	0
Y57A10A.13	unc-59	7.33	3.54312930783644	0	0
Y57A10A.13	unc-6	22.436	9.25701526912477	0	0
Y57A10A.13	unc-60	24.128	13.0955840419557	0	0
Y57A10A.13	unc-61	4.44	1.80882639687038	1	1
Y57A10A.13	unc-62	16.256	4.92521832676811	0	0
Y57A10A.13	unc-63	26.18	2.19641611428381	0	0
Y57A10A.13	unc-64	21.816	9.89125536661655	0	0
Y57A10A.13	unc-69	18.394	7.70674634100899	0	0
Y57A10A.13	unc-7	22.454	1.58511329662582	0	0
Y57A10A.13	unc-70	22.582	13.4090457585084	0	0
Y57A10A.13	unc-71	20.998	15.0707912229884	0	0
Y57A10A.13	unc-75	16.546	3.23484990149203	0	0
Y57A10A.13	unc-76	21.006	12.802661398516	0	0
Y57A10A.13	unc-77	23.574	11.8605728552553	0	0
Y57A10A.13	unc-78	27.612	2.0509976223441	0	0
Y57A10A.13	unc-79	23.718	1.88611071532183	0	0
Y57A10A.13	unc-8	26.954	2.830045976405	0	0
Y57A10A.13	unc-82	20.778	6.30092341016785	0	0
Y57A10A.13	unc-83	16.97	1.97648907852073	0	0
Y57A10A.13	unc-84	25.846	3.1013684529965	0	0
Y57A10A.13	unc-85	18.63	4.33139377014904	0	0
Y57A10A.13	unc-86	18.66	24.5970491116447	0	0
Y57A10A.13	unc-87	11.112	5.1737642944736	0	0
Y57A10A.13	unc-9	24.438	8.40026412298998	0	0
Y57A10A.13	unc-93	25.512	1.40766672169759	0	0
Y57A10A.13	unc-94	4.316	3.20042569969082	1	1
Y57A10A.13	unc-95	19.004	17.1232883039115	0	0
Y57A10A.13	unc-96	22.412	4.10571968859843	0	0
Y57A10A.13	unc-97	25.188	4.17718826184913	0	0
Y57A10A.13	unc-98	21.878	16.56224815092	0	0
Y57A10A.13	uncp-18	23.132	11.3608738387348	0	0
Y57A10A.13	ung-1	22.252	14.4547391712813	0	0
Y57A10A.13	unk-1	17.446	29.5290807468857	0	0
Y57A10A.13	upb-1	22.078	1.14648303583565	0	0
Y57A10A.13	upp-1	26.306	2.03253049827037	0	0
Y57A10A.13	urb-1	27.188	0.476309529003373	0	0
Y57A10A.13	uri-1	25.532	5.88654926538082	0	0
Y57A10A.13	urm-1	13.534	9.44128296662713	0	0
Y57A10A.13	usip-1	17.844	2.62755167199833	0	0
Y57A10A.13	uso-1	23.19	9.19885096292879	0	0
Y57A10A.13	usp-14	18.83	8.47397948824569	0	0
Y57A10A.13	usp-3	20.922	5.20559372463665	0	0
Y57A10A.13	usp-33	19.468	29.0201982827442	0	0
Y57A10A.13	usp-39	22.442	14.7617597989984	0	0
Y57A10A.13	usp-4	21.18	2.60043524650186	0	0
Y57A10A.13	usp-46	21.49	0.768151420159104	0	0
Y57A10A.13	usp-48	27.126	7.85054010349684	0	0
Y57A10A.13	usp-5	24.932	3.70910485058712	0	0
Y57A10A.13	usp-50	20.378	9.87269285900458	0	0
Y57A10A.13	utx-1	26.896	11.775302687798	0	0
Y57A10A.13	uvs-1	21.242	21.405141931729	0	0
Y57A10A.13	vab-1	24.396	6.75847077720379	0	0
Y57A10A.13	vab-15	23.648	5.79348695416289	0	0
Y57A10A.13	vab-19	22.104	9.03521063757533	0	0
Y57A10A.13	vab-2	21.822	1.9949543965121	0	0
Y57A10A.13	vab-23	22.346	1.36052548753154	0	0
Y57A10A.13	vab-3	12.684	21.9449102067467	0	0
Y57A10A.13	vab-7	16.44	45.2297750002698	0	0
Y57A10A.13	vab-8	6.97	5.45099289569953	0	0
Y57A10A.13	vab-9	13.838	4.79470131945999	0	0
Y57A10A.13	vacl-14	23.678	2.14506069722246	0	0
Y57A10A.13	valv-1	21.112	11.3583367747597	0	0
Y57A10A.13	vamp-7	20.826	2.82721300497772	0	0
Y57A10A.13	vamp-8	17.812	4.1338532475753	0	0
Y57A10A.13	vang-1	25.586	1.29319792418196	0	0
Y57A10A.13	vap-1	24.028	3.64608867956264	0	0
Y57A10A.13	vap-2	19.006	4.42475890985486	0	0
Y57A10A.13	vars-1	23.282	3.43658724742407	0	0
Y57A10A.13	vav-1	14.508	50.5295000847298	0	0
Y57A10A.13	vbh-1	15.918	12.8602863949882	0	0
Y57A10A.13	vdac-1	26.698	0.330165568522569	0	0
Y57A10A.13	vem-1	24.076	14.1482059455802	0	0
Y57A10A.13	vep-1	27.416	5.20773810957773	0	0
Y57A10A.13	vep-2	14.612	2.62810175700795	0	0
Y57A10A.13	ver-1	24.43	6.89096885518687	0	0
Y57A10A.13	ver-3	28.952	1.74270967060866	0	0
Y57A10A.13	ver-4	27.894	2.07985642669405	0	0
Y57A10A.13	vet-1	27.978	1.54032609039284	0	0
Y57A10A.13	vet-2	25.194	10.4761517236312	0	0
Y57A10A.13	vet-6	27.026	3.75300794628497	0	0
Y57A10A.13	vgln-1	20.946	17.358715484555	0	0
Y57A10A.13	vglu-2	17.048	15.4402609494882	0	0
Y57A10A.13	vglu-3	22.216	7.59877543755831	0	0
Y57A10A.13	vha-1	28.22	0.40247401458542	0	0
Y57A10A.13	vha-10	5.104	4.04526522046506	0	0
Y57A10A.13	vha-11	19.812	2.05320027681018	0	0
Y57A10A.13	vha-12	27.124	3.93946711933271	0	0
Y57A10A.13	vha-13	13.71	4.88803236404566	0	0
Y57A10A.13	vha-14	23.81	18.8481496107217	0	0
Y57A10A.13	vha-15	24.546	7.56876631061228	0	0
Y57A10A.13	vha-16	22.476	5.74459210768604	0	0
Y57A10A.13	vha-17	24.42	1.42356619948965	0	0
Y57A10A.13	vha-18	24.046	4.85095424589017	0	0
Y57A10A.13	vha-19	23.024	3.80956648594945	0	0
Y57A10A.13	vha-2	26.828	2.58747788662729	0	0
Y57A10A.13	vha-20	17.384	1.07201948299692	0	0
Y57A10A.13	vha-3	26.828	2.58747788662729	0	0
Y57A10A.13	vha-4	26.944	1.33187093195569	0	0
Y57A10A.13	vha-5	27.352	5.6000935048083	0	0
Y57A10A.13	vha-6	28.328	2.64736890980738	0	0
Y57A10A.13	vha-7	26.352	5.81687664604062	0	0
Y57A10A.13	vha-8	19.988	11.1899268218129	0	0
Y57A10A.13	vha-9	25.578	10.212294499908	0	0
Y57A10A.13	vhl-1	26.924	1.39974995317586	0	0
Y57A10A.13	vhp-1	18.864	7.77769496567371	0	0
Y57A10A.13	vig-1	15.796	7.16037355715214	0	0
Y57A10A.13	viln-1	28.36	2.04528597266132	0	0
Y57A10A.13	viro-2	18.624	18.3046920879155	0	0
Y57A10A.13	vit-1	27.908	5.12394120127217	0	0
Y57A10A.13	vit-2	25.912	7.75017592211372	0	0
Y57A10A.13	vit-3	25.582	4.0548582547103	0	0
Y57A10A.13	vit-4	27	1.74899540046187	0	0
Y57A10A.13	vit-5	26.798	3.29149346999711	0	0
Y57A10A.13	vit-6	26.858	1.79885170799699	0	0
Y57A10A.13	vkmt-1	16.19	2.47336171095441	0	0
Y57A10A.13	vmo-1	16.052	2.73875429891929	0	0
Y57A10A.13	vms-1	25.832	2.7585158721367	0	0
Y57A10A.13	vnut-1	18.43	3.00662466321509	0	0
Y57A10A.13	vpat-1	17.172	7.15066889912638	0	0
Y57A10A.13	vpr-1	25.89	5.61518330852201	0	0
Y57A10A.13	vps-11	26.638	2.84743042573783	0	0
Y57A10A.13	vps-15	28.264	2.26513838320386	0	0
Y57A10A.13	vps-16	22.582	7.57158701421723	0	0
Y57A10A.13	vps-18	25.426	9.83357973587144	0	0
Y57A10A.13	vps-2	24.322	19.8774613800991	0	0
Y57A10A.13	vps-20	13.984	25.4035538408698	0	0
Y57A10A.13	vps-22	24.106	2.76178217152891	0	0
Y57A10A.13	vps-24	20.064	13.7457561450106	0	0
Y57A10A.13	vps-25	26.926	7.59044354179385	0	0
Y57A10A.13	vps-26	23.298	6.1115760774024	0	0
Y57A10A.13	vps-28	24.746	4.10476732005316	0	0
Y57A10A.13	vps-29	9.312	6.49162149073775	0	0
Y57A10A.13	vps-32.1	17.772	3.50005029390943	0	0
Y57A10A.13	vps-33.1	23.614	9.38285314847252	0	0
Y57A10A.13	vps-33.2	25.138	3.05758468718568	0	0
Y57A10A.13	vps-34	28.068	2.22956923810657	0	0
Y57A10A.13	vps-35	25.096	1.3925367741559	0	0
Y57A10A.13	vps-36	23.184	3.33336168681422	0	0
Y57A10A.13	vps-37	18.214	17.9548429434425	0	0
Y57A10A.13	vps-39	27.552	4.93881549217137	0	0
Y57A10A.13	vps-4	28.336	1.18147766847408	0	0
Y57A10A.13	vps-41	19.816	13.137614882955	0	0
Y57A10A.13	vps-45	6.65	5.7977677138818	0	0
Y57A10A.13	vps-50	17.27	5.77226463155092	0	0
Y57A10A.13	vps-51	27.4	1.31665357719324	0	0
Y57A10A.13	vps-52	20.806	1.3152076421407	0	0
Y57A10A.13	vps-53	24.476	4.55952096418404	0	0
Y57A10A.13	vps-54	21.892	6.28464412729645	0	0
Y57A10A.13	vps-60	20.306	9.98658394483342	0	0
Y57A10A.13	vps-72	25.434	7.08694156810527	0	0
Y57A10A.13	vps-8	26.264	10.352482143445	0	0
Y57A10A.13	vrk-1	25.49	6.99359176935846	0	0
Y57A10A.13	vrp-1	9.448	31.8457922803892	0	0
Y57A10A.13	vsra-1	17.466	3.72230875297275	0	0
Y57A10A.13	vti-1	15.46	3.56901603861173	0	0
Y57A10A.13	vwa-8	29.416	1.59733588211729	0	0
Y57A10A.13	wac-1.1	16.084	27.7508314955441	0	0
Y57A10A.13	wac-1.2	22.58	6.52846262273034	0	0
Y57A10A.13	wago-1	23.9	13.0653518535778	0	0
Y57A10A.13	wago-10	7.868	2.66661714981345	0	0
Y57A10A.13	wago-4	25.23	7.78544713282292	0	0
Y57A10A.13	wago-5	24.918	5.49579216628909	0	0
Y57A10A.13	wah-1	12.998	1.70944460123891	0	0
Y57A10A.13	wapl-1	21.308	5.27667142561307	0	0
Y57A10A.13	wars-1	25.864	4.19146402463532	0	0
Y57A10A.13	wars-2	25.524	8.86297126105496	0	0
Y57A10A.13	wbp-2	15.748	2.18379512565294	0	0
Y57A10A.13	wbp-4	18.812	1.75113618582901	0	0
Y57A10A.13	wdfy-2	26.302	4.04482660195381	0	0
Y57A10A.13	wdr-12	18.938	1.43855464208982	0	0
Y57A10A.13	wdr-20	21.082	5.295345013618	0	0
Y57A10A.13	wdr-23	23.014	3.78985996320293	0	0
Y57A10A.13	wdr-31	24.712	1.94519832478175	0	0
Y57A10A.13	wdr-37	24.806	4.67034154721917	0	0
Y57A10A.13	wdr-4	14.168	0.529126618125105	0	0
Y57A10A.13	wdr-46	18.618	33.3784521023197	0	0
Y57A10A.13	wdr-48	26.864	2.39868756041567	0	0
Y57A10A.13	wdr-5.1	15.196	78.5233260025981	0	0
Y57A10A.13	wdr-5.2	22.196	9.06714348188369	0	0
Y57A10A.13	wdr-5.3	22.742	16.3300253293676	0	0
Y57A10A.13	wdr-54	9.826	5.23284100522565	0	0
Y57A10A.13	wdr-60	24.274	1.17773993614435	0	0
Y57A10A.13	wdr-62	26.57	2.17169061831655	0	0
Y57A10A.13	wdr-83	25.842	1.85651403469142	0	0
Y57A10A.13	wee-1.1	22.124	7.87207134643115	0	0
Y57A10A.13	wee-1.3	20.91	7.9844612042104	0	0
Y57A10A.13	wht-1	18.09	20.5536286479497	0	0
Y57A10A.13	wht-2	26.86	0.557830382121064	0	0
Y57A10A.13	wht-3	26.698	7.47987758053238	0	0
Y57A10A.13	wht-4	25.598	14.6835141049749	0	0
Y57A10A.13	wht-5	20.938	7.70014415472973	0	0
Y57A10A.13	wht-6	24.53	15.6698194329343	0	0
Y57A10A.13	wht-7	24.83	2.16338502789896	0	0
Y57A10A.13	wht-8	24.564	6.74002902424306	0	0
Y57A10A.13	wip-1	11.542	4.97422822593506	0	0
Y57A10A.13	wnk-1	25.738	4.07025419096746	0	0
Y57A10A.13	wrb-1	26.248	2.43193297963347	0	0
Y57A10A.13	wrk-1	24.848	2.59326974737596	0	0
Y57A10A.13	wrm-1	23.558	5.65587633880311	0	0
Y57A10A.13	wrn-1	22.11	11.362370572893	0	0
Y57A10A.13	wrt-1	20.396	3.72438177798527	0	0
Y57A10A.13	wrt-10	24.946	5.35696907392742	0	0
Y57A10A.13	wrt-2	17.356	0.816454924356688	0	0
Y57A10A.13	wrt-3	18.392	16.6879395155841	0	0
Y57A10A.13	wrt-4	23.05	3.72635030438259	0	0
Y57A10A.13	wrt-5	20.574	10.1529043451378	0	0
Y57A10A.13	wrt-6	20.454	4.29560928962305	0	0
Y57A10A.13	wrt-7	23.134	4.53080108416781	0	0
Y57A10A.13	wrt-8	20.714	14.163406901214	0	0
Y57A10A.13	wrt-9	18.866	11.740344575304	0	0
Y57A10A.13	wshc-2	18.262	4.83465282184081	0	0
Y57A10A.13	wshc-4	26.262	4.98749821445613	0	0
Y57A10A.13	wshc-5	27.968	4.6404205125679	0	0
Y57A10A.13	wsp-1	17.282	16.5768769552702	0	0
Y57A10A.13	wts-1	23.216	3.17763378218938	0	0
Y57A10A.13	wve-1	20.78	22.9549155266469	0	0
Y57A10A.13	wwp-1	21.276	3.12525177473227	0	0
Y57A10A.13	xbp-1	17.816	15.1980232296255	0	0
Y57A10A.13	xbx-1	21.016	17.9185898240622	0	0
Y57A10A.13	xbx-3	14.744	3.24267775274206	0	0
Y57A10A.13	xbx-4	21.684	26.5411496105078	0	0
Y57A10A.13	xbx-5	18.012	4.69688187909666	0	0
Y57A10A.13	xbx-6	19.538	4.064629652435	0	0
Y57A10A.13	xbx-9	20.486	11.7222615205788	0	0
Y57A10A.13	xdh-1	29.762	0.411101241023662	0	0
Y57A10A.13	xnd-1	20.99	1.24644835178191	0	0
Y57A10A.13	xnp-1	25.418	2.3728597230163	0	0
Y57A10A.13	xol-1	18.13	25.8266769627296	0	0
Y57A10A.13	xpa-1	22.104	24.4018978902342	0	0
Y57A10A.13	xpb-1	24.73	2.14409946058931	0	0
Y57A10A.13	xpc-1	21.162	10.5150263658368	0	0
Y57A10A.13	xpd-1	25.136	3.47242494681891	0	0
Y57A10A.13	xpf-1	20.484	14.411269301849	0	0
Y57A10A.13	xpg-1	23.98	3.41404493223454	0	0
Y57A10A.13	xpo-1	26.97	5.71985107326966	0	0
Y57A10A.13	xpo-2	26.214	1.42316456224677	0	0
Y57A10A.13	xpo-3	26.612	0.958545844107079	0	0
Y57A10A.13	xpo-7	25.278	8.37223710185908	0	0
Y57A10A.13	xrep-4	27.038	1.93799199192945	0	0
Y57A10A.13	xrn-1	20.476	1.64627120678551	0	0
Y57A10A.13	xrn-2	23.296	2.98166124230892	0	0
Y57A10A.13	xtr-1	5.93	6.56482686671897	0	0
Y57A10A.13	xtr-2	16.602	29.3651336170227	0	0
Y57A10A.13	xxxp-1	14.562	4.49431129509442	0	0
Y57A10A.13	yap-1	20.14	9.93340324595966	0	0
Y57A10A.13	yars-1	27.56	2.66906747918766	0	0
Y57A10A.13	yars-2	21.776	7.40775119123979	0	0
Y57A10A.13	yif-1	16.442	13.9845591168901	0	0
Y57A10A.13	yju-2	21.412	12.3692478561146	0	0
Y57A10A.13	ykt-6	27.206	5.85691906169994	0	0
Y57A10A.13	ymel-1	24.814	4.87699553842961	0	0
Y57A10A.13	yop-1	22.67	2.51065750601083	0	0
Y57A10A.13	ythc-2	3.468	3.32792111793622	1	1
Y57A10A.13	zag-1	27.38	8.87888558283791	0	0
Y57A10A.13	zak-1	26.74	7.78665045171227	0	0
Y57A10A.13	zeel-1	21.346	0.834484993056942	0	0
Y57A10A.13	zen-4	27.576	2.69713052730106	0	0
Y57A10A.13	zer-1	24.294	6.36552677822537	0	0
Y57A10A.13	zfh-2	22.762	10.6990025576456	0	0
Y57A10A.13	zfp-1	26.574	5.44935863884058	0	0
Y57A10A.13	zfp-2	23.994	4.78693582119262	0	0
Y57A10A.13	zfp-3	20.562	15.0022180145506	0	0
Y57A10A.13	zfr-1	19.652	17.8612994229805	0	0
Y57A10A.13	zfyv-19	8.256	3.55886231332943	0	0
Y57A10A.13	zgpa-1	26.63	2.92914776801939	0	0
Y57A10A.13	zhit-1	15.55	12.2783277748781	0	0
Y57A10A.13	zhit-2	9.808	4.37551308435364	0	0
Y57A10A.13	zhit-3	21.266	11.2986225610195	0	0
Y57A10A.13	zhp-1	27.986	4.29073071319734	0	0
Y57A10A.13	zhp-2	21.088	29.0569696587485	0	0
Y57A10A.13	zhp-3	20.07	11.9521763040597	0	0
Y57A10A.13	zhp-4	18.876	13.2966544341236	0	0
Y57A10A.13	zif-1	22.482	4.57132659159962	0	0
Y57A10A.13	zig-1	26.348	0.99167027743489	0	0
Y57A10A.13	zig-10	22.348	5.04085408365435	0	0
Y57A10A.13	zig-11	26.59	3.23233014255368	0	0
Y57A10A.13	zig-12	25.208	3.31397230348231	0	0
Y57A10A.13	zig-13	16.878	4.48344941105701	0	0
Y57A10A.13	zig-2	26.106	4.63373085243331	0	0
Y57A10A.13	zig-3	17.07	3.93527499781617	0	0
Y57A10A.13	zig-4	20.342	1.71544383328231	0	0
Y57A10A.13	zig-5	22.89	8.1254668112291	0	0
Y57A10A.13	zig-6	16.966	1.54298215458194	0	0
Y57A10A.13	zig-7	19.44	10.4217776924148	0	0
Y57A10A.13	zig-8	23.706	5.51083958735352	0	0
Y57A10A.13	zig-9	20.934	2.76888228695837	0	0
Y57A10A.13	zim-1	24.058	10.0018108292786	0	0
Y57A10A.13	zim-2	20.56	1.32845333499491	0	0
Y57A10A.13	zim-3	12.568	9.15720819350165	0	0
Y57A10A.13	zip-1	17.252	12.2266469357622	0	0
Y57A10A.13	zip-10	14.03	4.52054040496838	0	0
Y57A10A.13	zip-11	17.56	15.2498421965297	0	0
Y57A10A.13	zip-12	14.874	18.744100371376	0	0
Y57A10A.13	zip-2	18.982	26.2332492102382	0	0
Y57A10A.13	zip-3	21.118	8.4816953581296	0	0
Y57A10A.13	zip-4	13.24	5.58912386706948	0	0
Y57A10A.13	zip-5	21.09	8.03359179590449	0	0
Y57A10A.13	zip-6	10.994	74.3467820208528	0	0
Y57A10A.13	zip-7	20.794	11.5519856549529	0	0
Y57A10A.13	zip-8	21.772	19.1442379774293	0	0
Y57A10A.13	zip-9	20.55	15.6057263721773	0	0
Y57A10A.13	zipt-1	21.94	9.73810053679026	0	0
Y57A10A.13	zipt-11	22.634	2.37894973677919	0	0
Y57A10A.13	zipt-13	19.528	7.00213565723952	0	0
Y57A10A.13	zipt-15	23.796	3.96937638359911	0	0
Y57A10A.13	zipt-16	17.856	1.37442882363915	0	0
Y57A10A.13	zipt-17	21.674	4.91524838284931	0	0
Y57A10A.13	zipt-2.1	19.256	7.18957243445769	0	0
Y57A10A.13	zipt-2.2	18.33	11.3916924165787	0	0
Y57A10A.13	zipt-2.3	22.436	8.56188750179211	0	0
Y57A10A.13	zipt-2.4	21.828	1.083836339854	0	0
Y57A10A.13	zipt-3	15.428	2.54088445026264	0	0
Y57A10A.13	zipt-7.1	23.394	3.9075318448746	0	0
Y57A10A.13	zipt-7.2	23.284	5.33191455152287	0	0
Y57A10A.13	zipt-9	22.19	1.90050769571514	0	0
Y57A10A.13	zmp-1	23.8	10.1680672268908	0	0
Y57A10A.13	zmp-2	18.732	31.8923937287033	0	0
Y57A10A.13	zmp-3	18.936	19.9878273063368	0	0
Y57A10A.13	zmp-4	22.06	3.698569384249	0	0
Y57A10A.13	zmp-5	23.662	12.2676416505181	0	0
Y57A10A.13	zmp-6	23.262	7.02020509730027	0	0
Y57A10A.13	znf-207	19.214	18.0547828581425	0	0
Y57A10A.13	znf-236	22.654	12.0479249395665	0	0
Y57A10A.13	znf-474	26.668	12.0744370389488	0	0
Y57A10A.13	znf-598	20.456	0.745081688142057	0	0
Y57A10A.13	znf-622	18.02	47.1765190765011	0	0
Y57A10A.13	znf-706	11.732	4.44476210600962	0	0
Y57A10A.13	znf-782	11.868	5.33687076891754	0	0
Y57A10A.13	zoo-1	15.328	23.3295747293133	0	0
Y57A10A.13	ztf-1	23.84	3.32951715492398	0	0
Y57A10A.13	ztf-11	20.95	4.90533298961993	0	0
Y57A10A.13	ztf-13	23.332	4.06120360227986	0	0
Y57A10A.13	ztf-14	17.448	13.4915833895611	0	0
Y57A10A.13	ztf-15	22.346	7.62015857088228	0	0
Y57A10A.13	ztf-16	13.838	2.70843529667422	0	0
Y57A10A.13	ztf-17	21.248	3.16819947864674	0	0
Y57A10A.13	ztf-18	23.344	15.5767876810181	0	0
Y57A10A.13	ztf-2	6.924	7.66515509734589	0	0
Y57A10A.13	ztf-20	22.238	16.1582305756402	0	0
Y57A10A.13	ztf-22	17.574	32.6961341847028	0	0
Y57A10A.13	ztf-23	21.76	5.89499517512335	0	0
Y57A10A.13	ztf-25	22.994	10.0560063384425	0	0
Y57A10A.13	ztf-26	20.61	25.3001454628901	0	0
Y57A10A.13	ztf-27	22.61	11.3402478152383	0	0
Y57A10A.13	ztf-28	18.258	31.9036325772142	0	0
Y57A10A.13	ztf-29	23.85	12.8717418119325	0	0
Y57A10A.13	ztf-3	20.28	10.9764687005732	0	0
Y57A10A.13	ztf-30	15.628	36.2017075074481	0	0
Y57A10A.13	ztf-31	18.146	24.1745321985477	0	0
Y57A10A.13	ztf-4	10.962	5.86905808880746	0	0
Y57A10A.13	ztf-6	26.032	2.01471712592049	0	0
Y57A10A.13	ztf-7	22.444	1.55037210627691	0	0
Y57A10A.13	ztf-8	12.102	37.33358308064	0	0
Y57A10A.13	ztf-9	15.37	39.5984629759612	0	0
Y57A10A.13	zwl-1	28.246	0.602167430459403	0	0
Y57A10A.13	zyg-1	24.256	6.49873992165012	0	0
Y57A10A.13	zyg-11	4.44	5.1654706942251	1	1
Y57A10A.13	zyg-12	13.662	4.01957176578514	0	0
Y57A10A.13	zyg-8	23.842	9.48766863199277	0	0
Y57A10A.13	zyg-9	25.02	10.2434002776307	0	0
Y57A10A.13	zyx-1	12.978	32.1244337919865	0	0
Y57A10A.13	zzz-1	15.392	16.2234429071922	0	0
